ARM GAS  /tmp/ccpTBGqq.s 			page 1


   1              		.cpu cortex-m7
   2              		.arch armv7e-m
   3              		.fpu softvfp
   4              		.eabi_attribute 20, 1
   5              		.eabi_attribute 21, 1
   6              		.eabi_attribute 23, 3
   7              		.eabi_attribute 24, 1
   8              		.eabi_attribute 25, 1
   9              		.eabi_attribute 26, 1
  10              		.eabi_attribute 30, 6
  11              		.eabi_attribute 34, 1
  12              		.eabi_attribute 18, 4
  13              		.file	"n32h7xx_lptim.c"
  14              		.text
  15              	.Ltext0:
  16              		.cfi_sections	.debug_frame
  17              		.file 1 "../../../firmware/n32h7xx_std_periph_driver/src/n32h7xx_lptim.c"
  18              		.section	.text.LPTIM_DeInit,"ax",%progbits
  19              		.align	1
  20              		.global	LPTIM_DeInit
  21              		.syntax unified
  22              		.thumb
  23              		.thumb_func
  25              	LPTIM_DeInit:
  26              	.LFB147:
   1:../../../firmware/n32h7xx_std_periph_driver/src/n32h7xx_lptim.c **** /**
   2:../../../firmware/n32h7xx_std_periph_driver/src/n32h7xx_lptim.c **** *     Copyright (c) 2025, Nations Technologies Inc.
   3:../../../firmware/n32h7xx_std_periph_driver/src/n32h7xx_lptim.c **** *
   4:../../../firmware/n32h7xx_std_periph_driver/src/n32h7xx_lptim.c **** *     All rights reserved.
   5:../../../firmware/n32h7xx_std_periph_driver/src/n32h7xx_lptim.c **** *
   6:../../../firmware/n32h7xx_std_periph_driver/src/n32h7xx_lptim.c **** *     This software is the exclusive property of Nations Technologies Inc. (Hereinafter
   7:../../../firmware/n32h7xx_std_periph_driver/src/n32h7xx_lptim.c **** * referred to as NATIONS). This software, and the product of NATIONS described herein
   8:../../../firmware/n32h7xx_std_periph_driver/src/n32h7xx_lptim.c **** * (Hereinafter referred to as the Product) are owned by NATIONS under the laws and treaties
   9:../../../firmware/n32h7xx_std_periph_driver/src/n32h7xx_lptim.c **** * of the People's Republic of China and other applicable jurisdictions worldwide.
  10:../../../firmware/n32h7xx_std_periph_driver/src/n32h7xx_lptim.c **** *
  11:../../../firmware/n32h7xx_std_periph_driver/src/n32h7xx_lptim.c **** *     NATIONS does not grant any license under its patents, copyrights, trademarks, or other
  12:../../../firmware/n32h7xx_std_periph_driver/src/n32h7xx_lptim.c **** * intellectual property rights. Names and brands of third party may be mentioned or referred
  13:../../../firmware/n32h7xx_std_periph_driver/src/n32h7xx_lptim.c **** * thereto (if any) for identification purposes only.
  14:../../../firmware/n32h7xx_std_periph_driver/src/n32h7xx_lptim.c **** *
  15:../../../firmware/n32h7xx_std_periph_driver/src/n32h7xx_lptim.c **** *     NATIONS reserves the right to make changes, corrections, enhancements, modifications, and
  16:../../../firmware/n32h7xx_std_periph_driver/src/n32h7xx_lptim.c **** * improvements to this software at any time without notice. Please contact NATIONS and obtain
  17:../../../firmware/n32h7xx_std_periph_driver/src/n32h7xx_lptim.c **** * the latest version of this software before placing orders.
  18:../../../firmware/n32h7xx_std_periph_driver/src/n32h7xx_lptim.c **** 
  19:../../../firmware/n32h7xx_std_periph_driver/src/n32h7xx_lptim.c **** *     Although NATIONS has attempted to provide accurate and reliable information, NATIONS assumes
  20:../../../firmware/n32h7xx_std_periph_driver/src/n32h7xx_lptim.c **** * no responsibility for the accuracy and reliability of this software.
  21:../../../firmware/n32h7xx_std_periph_driver/src/n32h7xx_lptim.c **** *
  22:../../../firmware/n32h7xx_std_periph_driver/src/n32h7xx_lptim.c **** *     It is the responsibility of the user of this software to properly design, program, and test
  23:../../../firmware/n32h7xx_std_periph_driver/src/n32h7xx_lptim.c **** * the functionality and safety of any application made of this information and any resulting produc
  24:../../../firmware/n32h7xx_std_periph_driver/src/n32h7xx_lptim.c **** * In no event shall NATIONS be liable for any direct, indirect, incidental, special,exemplary, or
  25:../../../firmware/n32h7xx_std_periph_driver/src/n32h7xx_lptim.c **** * consequential damages arising in any way out of the use of this software or the Product.
  26:../../../firmware/n32h7xx_std_periph_driver/src/n32h7xx_lptim.c **** *
  27:../../../firmware/n32h7xx_std_periph_driver/src/n32h7xx_lptim.c **** *     NATIONS Products are neither intended nor warranted for usage in systems or equipment, any
  28:../../../firmware/n32h7xx_std_periph_driver/src/n32h7xx_lptim.c **** * malfunction or failure of which may cause loss of human life, bodily injury or severe property
  29:../../../firmware/n32h7xx_std_periph_driver/src/n32h7xx_lptim.c **** * damage. Such applications are deemed, "Insecure Usage".
  30:../../../firmware/n32h7xx_std_periph_driver/src/n32h7xx_lptim.c **** *
  31:../../../firmware/n32h7xx_std_periph_driver/src/n32h7xx_lptim.c **** *     All Insecure Usage shall be made at user's risk. User shall indemnify NATIONS and hold NATION
  32:../../../firmware/n32h7xx_std_periph_driver/src/n32h7xx_lptim.c **** * harmless from and against all claims, costs, damages, and other liabilities, arising from or rela
ARM GAS  /tmp/ccpTBGqq.s 			page 2


  33:../../../firmware/n32h7xx_std_periph_driver/src/n32h7xx_lptim.c **** * to any customer's Insecure Usage.
  34:../../../firmware/n32h7xx_std_periph_driver/src/n32h7xx_lptim.c **** 
  35:../../../firmware/n32h7xx_std_periph_driver/src/n32h7xx_lptim.c **** *     Any express or implied warranty with regard to this software or the Product, including,but no
  36:../../../firmware/n32h7xx_std_periph_driver/src/n32h7xx_lptim.c **** * limited to, the warranties of merchantability, fitness for a particular purpose and non-infringem
  37:../../../firmware/n32h7xx_std_periph_driver/src/n32h7xx_lptim.c **** * are disclaimed to the fullest extent permitted by law.
  38:../../../firmware/n32h7xx_std_periph_driver/src/n32h7xx_lptim.c **** 
  39:../../../firmware/n32h7xx_std_periph_driver/src/n32h7xx_lptim.c **** *     Unless otherwise explicitly permitted by NATIONS, anyone may not duplicate, modify, transcrib
  40:../../../firmware/n32h7xx_std_periph_driver/src/n32h7xx_lptim.c **** * or otherwise distribute this software for any purposes, in whole or in part.
  41:../../../firmware/n32h7xx_std_periph_driver/src/n32h7xx_lptim.c **** *
  42:../../../firmware/n32h7xx_std_periph_driver/src/n32h7xx_lptim.c **** *     NATIONS products and technologies shall not be used for or incorporated into any products or 
  43:../../../firmware/n32h7xx_std_periph_driver/src/n32h7xx_lptim.c **** * whose manufacture, use, or sale is prohibited under any applicable domestic or foreign laws or re
  44:../../../firmware/n32h7xx_std_periph_driver/src/n32h7xx_lptim.c **** * User shall comply with any applicable export control laws and regulations promulgated and adminis
  45:../../../firmware/n32h7xx_std_periph_driver/src/n32h7xx_lptim.c **** * the governments of any countries asserting jurisdiction over the parties or transactions.
  46:../../../firmware/n32h7xx_std_periph_driver/src/n32h7xx_lptim.c **** **/
  47:../../../firmware/n32h7xx_std_periph_driver/src/n32h7xx_lptim.c **** 
  48:../../../firmware/n32h7xx_std_periph_driver/src/n32h7xx_lptim.c **** /**
  49:../../../firmware/n32h7xx_std_periph_driver/src/n32h7xx_lptim.c **** *\*\file n32h7xx_lptim.c
  50:../../../firmware/n32h7xx_std_periph_driver/src/n32h7xx_lptim.c **** *\*\author Nations
  51:../../../firmware/n32h7xx_std_periph_driver/src/n32h7xx_lptim.c **** *\*\version v1.0.0
  52:../../../firmware/n32h7xx_std_periph_driver/src/n32h7xx_lptim.c **** *\*\copyright Copyright (c) 2025, Nations Technologies Inc. All rights reserved.
  53:../../../firmware/n32h7xx_std_periph_driver/src/n32h7xx_lptim.c **** **/
  54:../../../firmware/n32h7xx_std_periph_driver/src/n32h7xx_lptim.c **** 
  55:../../../firmware/n32h7xx_std_periph_driver/src/n32h7xx_lptim.c **** #include "n32h7xx_lptim.h"
  56:../../../firmware/n32h7xx_std_periph_driver/src/n32h7xx_lptim.c **** 
  57:../../../firmware/n32h7xx_std_periph_driver/src/n32h7xx_lptim.c **** /**
  58:../../../firmware/n32h7xx_std_periph_driver/src/n32h7xx_lptim.c **** *\*\name    LPTIM_DeInit.
  59:../../../firmware/n32h7xx_std_periph_driver/src/n32h7xx_lptim.c **** *\*\fun     Set LPTIMx registers to their reset values.
  60:../../../firmware/n32h7xx_std_periph_driver/src/n32h7xx_lptim.c **** *\*\param   LPTIMx (The input parameters must be the following values):
  61:../../../firmware/n32h7xx_std_periph_driver/src/n32h7xx_lptim.c **** *\*\          - LPTIM1
  62:../../../firmware/n32h7xx_std_periph_driver/src/n32h7xx_lptim.c **** *\*\          - LPTIM2
  63:../../../firmware/n32h7xx_std_periph_driver/src/n32h7xx_lptim.c **** *\*\          - LPTIM3
  64:../../../firmware/n32h7xx_std_periph_driver/src/n32h7xx_lptim.c **** *\*\          - LPTIM4
  65:../../../firmware/n32h7xx_std_periph_driver/src/n32h7xx_lptim.c **** *\*\          - LPTIM5
  66:../../../firmware/n32h7xx_std_periph_driver/src/n32h7xx_lptim.c **** *\*\return  none
  67:../../../firmware/n32h7xx_std_periph_driver/src/n32h7xx_lptim.c **** **/
  68:../../../firmware/n32h7xx_std_periph_driver/src/n32h7xx_lptim.c **** void LPTIM_DeInit(LPTIM_Module* LPTIMx)
  69:../../../firmware/n32h7xx_std_periph_driver/src/n32h7xx_lptim.c **** {
  27              		.loc 1 69 1
  28              		.cfi_startproc
  29              		@ args = 0, pretend = 0, frame = 8
  30              		@ frame_needed = 1, uses_anonymous_args = 0
  31 0000 80B5     		push	{r7, lr}
  32              	.LCFI0:
  33              		.cfi_def_cfa_offset 8
  34              		.cfi_offset 7, -8
  35              		.cfi_offset 14, -4
  36 0002 82B0     		sub	sp, sp, #8
  37              	.LCFI1:
  38              		.cfi_def_cfa_offset 16
  39 0004 00AF     		add	r7, sp, #0
  40              	.LCFI2:
  41              		.cfi_def_cfa_register 7
  42 0006 7860     		str	r0, [r7, #4]
  70:../../../firmware/n32h7xx_std_periph_driver/src/n32h7xx_lptim.c ****     if (LPTIMx == LPTIM1)
  43              		.loc 1 70 8
  44 0008 7B68     		ldr	r3, [r7, #4]
  45 000a 174A     		ldr	r2, .L8
ARM GAS  /tmp/ccpTBGqq.s 			page 3


  46 000c 9342     		cmp	r3, r2
  47 000e 04D1     		bne	.L2
  71:../../../firmware/n32h7xx_std_periph_driver/src/n32h7xx_lptim.c ****     {
  72:../../../firmware/n32h7xx_std_periph_driver/src/n32h7xx_lptim.c ****         /* Reset LPTIM1 */
  73:../../../firmware/n32h7xx_std_periph_driver/src/n32h7xx_lptim.c ****         RCC_EnableRDPeriphReset1(RCC_RD_PERIPHRST_LPTIM1);
  48              		.loc 1 73 9
  49 0010 4FF08050 		mov	r0, #268435456
  50 0014 FFF7FEFF 		bl	RCC_EnableRDPeriphReset1
  74:../../../firmware/n32h7xx_std_periph_driver/src/n32h7xx_lptim.c ****     }
  75:../../../firmware/n32h7xx_std_periph_driver/src/n32h7xx_lptim.c ****     else if (LPTIMx == LPTIM2)
  76:../../../firmware/n32h7xx_std_periph_driver/src/n32h7xx_lptim.c ****     {
  77:../../../firmware/n32h7xx_std_periph_driver/src/n32h7xx_lptim.c ****         /* Reset LPTIM2 */
  78:../../../firmware/n32h7xx_std_periph_driver/src/n32h7xx_lptim.c ****         RCC_EnableRDPeriphReset1(RCC_RD_PERIPHRST_LPTIM2);
  79:../../../firmware/n32h7xx_std_periph_driver/src/n32h7xx_lptim.c ****     }
  80:../../../firmware/n32h7xx_std_periph_driver/src/n32h7xx_lptim.c ****     else if (LPTIMx == LPTIM3)
  81:../../../firmware/n32h7xx_std_periph_driver/src/n32h7xx_lptim.c ****     {
  82:../../../firmware/n32h7xx_std_periph_driver/src/n32h7xx_lptim.c ****         /* Reset LPTIM3 */
  83:../../../firmware/n32h7xx_std_periph_driver/src/n32h7xx_lptim.c ****         RCC_EnableRDPeriphReset1(RCC_RD_PERIPHRST_LPTIM3);
  84:../../../firmware/n32h7xx_std_periph_driver/src/n32h7xx_lptim.c ****     }
  85:../../../firmware/n32h7xx_std_periph_driver/src/n32h7xx_lptim.c ****     else if (LPTIMx == LPTIM4)
  86:../../../firmware/n32h7xx_std_periph_driver/src/n32h7xx_lptim.c ****     {
  87:../../../firmware/n32h7xx_std_periph_driver/src/n32h7xx_lptim.c ****         /* Reset LPTIM4 */
  88:../../../firmware/n32h7xx_std_periph_driver/src/n32h7xx_lptim.c ****         RCC_EnableRDPeriphReset1(RCC_RD_PERIPHRST_LPTIM4);
  89:../../../firmware/n32h7xx_std_periph_driver/src/n32h7xx_lptim.c ****     }
  90:../../../firmware/n32h7xx_std_periph_driver/src/n32h7xx_lptim.c ****     else if (LPTIMx == LPTIM5)
  91:../../../firmware/n32h7xx_std_periph_driver/src/n32h7xx_lptim.c ****     {
  92:../../../firmware/n32h7xx_std_periph_driver/src/n32h7xx_lptim.c ****         /* Reset LPTIM5 */
  93:../../../firmware/n32h7xx_std_periph_driver/src/n32h7xx_lptim.c ****         RCC_EnableRDPeriphReset1(RCC_RD_PERIPHRST_LPTIM5);
  94:../../../firmware/n32h7xx_std_periph_driver/src/n32h7xx_lptim.c ****     }
  95:../../../firmware/n32h7xx_std_periph_driver/src/n32h7xx_lptim.c ****     else
  96:../../../firmware/n32h7xx_std_periph_driver/src/n32h7xx_lptim.c ****     {
  97:../../../firmware/n32h7xx_std_periph_driver/src/n32h7xx_lptim.c **** 
  98:../../../firmware/n32h7xx_std_periph_driver/src/n32h7xx_lptim.c ****     }
  99:../../../firmware/n32h7xx_std_periph_driver/src/n32h7xx_lptim.c **** }
  51              		.loc 1 99 1
  52 0018 22E0     		b	.L7
  53              	.L2:
  75:../../../firmware/n32h7xx_std_periph_driver/src/n32h7xx_lptim.c ****     {
  54              		.loc 1 75 13
  55 001a 7B68     		ldr	r3, [r7, #4]
  56 001c 134A     		ldr	r2, .L8+4
  57 001e 9342     		cmp	r3, r2
  58 0020 04D1     		bne	.L4
  78:../../../firmware/n32h7xx_std_periph_driver/src/n32h7xx_lptim.c ****     }
  59              		.loc 1 78 9
  60 0022 4FF08070 		mov	r0, #16777216
  61 0026 FFF7FEFF 		bl	RCC_EnableRDPeriphReset1
  62              		.loc 1 99 1
  63 002a 19E0     		b	.L7
  64              	.L4:
  80:../../../firmware/n32h7xx_std_periph_driver/src/n32h7xx_lptim.c ****     {
  65              		.loc 1 80 13
  66 002c 7B68     		ldr	r3, [r7, #4]
  67 002e 104A     		ldr	r2, .L8+8
  68 0030 9342     		cmp	r3, r2
  69 0032 04D1     		bne	.L5
  83:../../../firmware/n32h7xx_std_periph_driver/src/n32h7xx_lptim.c ****     }
ARM GAS  /tmp/ccpTBGqq.s 			page 4


  70              		.loc 1 83 9
  71 0034 4FF48010 		mov	r0, #1048576
  72 0038 FFF7FEFF 		bl	RCC_EnableRDPeriphReset1
  73              		.loc 1 99 1
  74 003c 10E0     		b	.L7
  75              	.L5:
  85:../../../firmware/n32h7xx_std_periph_driver/src/n32h7xx_lptim.c ****     {
  76              		.loc 1 85 13
  77 003e 7B68     		ldr	r3, [r7, #4]
  78 0040 0C4A     		ldr	r2, .L8+12
  79 0042 9342     		cmp	r3, r2
  80 0044 04D1     		bne	.L6
  88:../../../firmware/n32h7xx_std_periph_driver/src/n32h7xx_lptim.c ****     }
  81              		.loc 1 88 9
  82 0046 4FF48030 		mov	r0, #65536
  83 004a FFF7FEFF 		bl	RCC_EnableRDPeriphReset1
  84              		.loc 1 99 1
  85 004e 07E0     		b	.L7
  86              	.L6:
  90:../../../firmware/n32h7xx_std_periph_driver/src/n32h7xx_lptim.c ****     {
  87              		.loc 1 90 13
  88 0050 7B68     		ldr	r3, [r7, #4]
  89 0052 B3F1582F 		cmp	r3, #1476417536
  90 0056 03D1     		bne	.L7
  93:../../../firmware/n32h7xx_std_periph_driver/src/n32h7xx_lptim.c ****     }
  91              		.loc 1 93 9
  92 0058 4FF48050 		mov	r0, #4096
  93 005c FFF7FEFF 		bl	RCC_EnableRDPeriphReset1
  94              	.L7:
  95              		.loc 1 99 1
  96 0060 00BF     		nop
  97 0062 0837     		adds	r7, r7, #8
  98              	.LCFI3:
  99              		.cfi_def_cfa_offset 8
 100 0064 BD46     		mov	sp, r7
 101              	.LCFI4:
 102              		.cfi_def_cfa_register 13
 103              		@ sp needed
 104 0066 80BD     		pop	{r7, pc}
 105              	.L9:
 106              		.align	2
 107              	.L8:
 108 0068 00100058 		.word	1476399104
 109 006c 00140058 		.word	1476400128
 110 0070 00180058 		.word	1476401152
 111 0074 001C0058 		.word	1476402176
 112              		.cfi_endproc
 113              	.LFE147:
 115              		.section	.text.LPTIM_StructInit,"ax",%progbits
 116              		.align	1
 117              		.global	LPTIM_StructInit
 118              		.syntax unified
 119              		.thumb
 120              		.thumb_func
 122              	LPTIM_StructInit:
 123              	.LFB148:
 100:../../../firmware/n32h7xx_std_periph_driver/src/n32h7xx_lptim.c **** 
ARM GAS  /tmp/ccpTBGqq.s 			page 5


 101:../../../firmware/n32h7xx_std_periph_driver/src/n32h7xx_lptim.c **** /**
 102:../../../firmware/n32h7xx_std_periph_driver/src/n32h7xx_lptim.c **** *\*\name    LPTIM_StructInit.
 103:../../../firmware/n32h7xx_std_periph_driver/src/n32h7xx_lptim.c **** *\*\fun     Set each fields of the LPTIM_InitStruct structure to its default value.
 104:../../../firmware/n32h7xx_std_periph_driver/src/n32h7xx_lptim.c **** *\*\param   LPTIM_InitStruct:
 105:../../../firmware/n32h7xx_std_periph_driver/src/n32h7xx_lptim.c **** *\*\          - Pointer to the LPTIM_InitType structure which will be initialized.
 106:../../../firmware/n32h7xx_std_periph_driver/src/n32h7xx_lptim.c **** *\*\return  none
 107:../../../firmware/n32h7xx_std_periph_driver/src/n32h7xx_lptim.c **** **/
 108:../../../firmware/n32h7xx_std_periph_driver/src/n32h7xx_lptim.c **** void LPTIM_StructInit(LPTIM_InitType* LPTIM_InitStruct)
 109:../../../firmware/n32h7xx_std_periph_driver/src/n32h7xx_lptim.c **** {
 124              		.loc 1 109 1
 125              		.cfi_startproc
 126              		@ args = 0, pretend = 0, frame = 8
 127              		@ frame_needed = 1, uses_anonymous_args = 0
 128              		@ link register save eliminated.
 129 0000 80B4     		push	{r7}
 130              	.LCFI5:
 131              		.cfi_def_cfa_offset 4
 132              		.cfi_offset 7, -4
 133 0002 83B0     		sub	sp, sp, #12
 134              	.LCFI6:
 135              		.cfi_def_cfa_offset 16
 136 0004 00AF     		add	r7, sp, #0
 137              	.LCFI7:
 138              		.cfi_def_cfa_register 7
 139 0006 7860     		str	r0, [r7, #4]
 110:../../../firmware/n32h7xx_std_periph_driver/src/n32h7xx_lptim.c ****     /* Set the default configuration */
 111:../../../firmware/n32h7xx_std_periph_driver/src/n32h7xx_lptim.c ****     LPTIM_InitStruct->ClockSource = LPTIM_CLK_SOURCE_INTERNAL;
 140              		.loc 1 111 35
 141 0008 7B68     		ldr	r3, [r7, #4]
 142 000a 0022     		movs	r2, #0
 143 000c 1A60     		str	r2, [r3]
 112:../../../firmware/n32h7xx_std_periph_driver/src/n32h7xx_lptim.c ****     LPTIM_InitStruct->Prescaler   = LPTIM_PRESCALER_DIV1;
 144              		.loc 1 112 35
 145 000e 7B68     		ldr	r3, [r7, #4]
 146 0010 0022     		movs	r2, #0
 147 0012 5A60     		str	r2, [r3, #4]
 113:../../../firmware/n32h7xx_std_periph_driver/src/n32h7xx_lptim.c ****     LPTIM_InitStruct->Waveform    = LPTIM_OUTPUT_WAVEFORM_PWM;
 148              		.loc 1 113 35
 149 0014 7B68     		ldr	r3, [r7, #4]
 150 0016 0022     		movs	r2, #0
 151 0018 9A60     		str	r2, [r3, #8]
 114:../../../firmware/n32h7xx_std_periph_driver/src/n32h7xx_lptim.c ****     LPTIM_InitStruct->Polarity    = LPTIM_OUTPUT_POLARITY_REGULAR;
 152              		.loc 1 114 35
 153 001a 7B68     		ldr	r3, [r7, #4]
 154 001c 0022     		movs	r2, #0
 155 001e DA60     		str	r2, [r3, #12]
 115:../../../firmware/n32h7xx_std_periph_driver/src/n32h7xx_lptim.c **** }
 156              		.loc 1 115 1
 157 0020 00BF     		nop
 158 0022 0C37     		adds	r7, r7, #12
 159              	.LCFI8:
 160              		.cfi_def_cfa_offset 4
 161 0024 BD46     		mov	sp, r7
 162              	.LCFI9:
 163              		.cfi_def_cfa_register 13
 164              		@ sp needed
 165 0026 80BC     		pop	{r7}
ARM GAS  /tmp/ccpTBGqq.s 			page 6


 166              	.LCFI10:
 167              		.cfi_restore 7
 168              		.cfi_def_cfa_offset 0
 169 0028 7047     		bx	lr
 170              		.cfi_endproc
 171              	.LFE148:
 173              		.section	.text.LPTIM_Init,"ax",%progbits
 174              		.align	1
 175              		.global	LPTIM_Init
 176              		.syntax unified
 177              		.thumb
 178              		.thumb_func
 180              	LPTIM_Init:
 181              	.LFB149:
 116:../../../firmware/n32h7xx_std_periph_driver/src/n32h7xx_lptim.c **** 
 117:../../../firmware/n32h7xx_std_periph_driver/src/n32h7xx_lptim.c **** /**
 118:../../../firmware/n32h7xx_std_periph_driver/src/n32h7xx_lptim.c **** *\*\name    LPTIM_Init.
 119:../../../firmware/n32h7xx_std_periph_driver/src/n32h7xx_lptim.c **** *\*\fun     Configure the LPTIMx peripheral according to the specified parameters.
 120:../../../firmware/n32h7xx_std_periph_driver/src/n32h7xx_lptim.c **** *\*\param   LPTIMx (The input parameters must be the following values):
 121:../../../firmware/n32h7xx_std_periph_driver/src/n32h7xx_lptim.c **** *\*\          - LPTIM1
 122:../../../firmware/n32h7xx_std_periph_driver/src/n32h7xx_lptim.c **** *\*\          - LPTIM2
 123:../../../firmware/n32h7xx_std_periph_driver/src/n32h7xx_lptim.c **** *\*\          - LPTIM3
 124:../../../firmware/n32h7xx_std_periph_driver/src/n32h7xx_lptim.c **** *\*\          - LPTIM4
 125:../../../firmware/n32h7xx_std_periph_driver/src/n32h7xx_lptim.c **** *\*\          - LPTIM5
 126:../../../firmware/n32h7xx_std_periph_driver/src/n32h7xx_lptim.c **** *\*\param   LPTIM_InitStruct:
 127:../../../firmware/n32h7xx_std_periph_driver/src/n32h7xx_lptim.c **** *\*\          - Pointer to a LPTIM_InitType structure.
 128:../../../firmware/n32h7xx_std_periph_driver/src/n32h7xx_lptim.c **** *\*\return  SUCCESS or ERROR.
 129:../../../firmware/n32h7xx_std_periph_driver/src/n32h7xx_lptim.c **** **/
 130:../../../firmware/n32h7xx_std_periph_driver/src/n32h7xx_lptim.c **** ErrorStatus LPTIM_Init(LPTIM_Module* LPTIMx, LPTIM_InitType* LPTIM_InitStruct)
 131:../../../firmware/n32h7xx_std_periph_driver/src/n32h7xx_lptim.c **** {
 182              		.loc 1 131 1
 183              		.cfi_startproc
 184              		@ args = 0, pretend = 0, frame = 16
 185              		@ frame_needed = 1, uses_anonymous_args = 0
 186 0000 80B5     		push	{r7, lr}
 187              	.LCFI11:
 188              		.cfi_def_cfa_offset 8
 189              		.cfi_offset 7, -8
 190              		.cfi_offset 14, -4
 191 0002 84B0     		sub	sp, sp, #16
 192              	.LCFI12:
 193              		.cfi_def_cfa_offset 24
 194 0004 00AF     		add	r7, sp, #0
 195              	.LCFI13:
 196              		.cfi_def_cfa_register 7
 197 0006 7860     		str	r0, [r7, #4]
 198 0008 3960     		str	r1, [r7]
 132:../../../firmware/n32h7xx_std_periph_driver/src/n32h7xx_lptim.c ****     ErrorStatus result = SUCCESS;
 199              		.loc 1 132 17
 200 000a 0123     		movs	r3, #1
 201 000c FB73     		strb	r3, [r7, #15]
 133:../../../firmware/n32h7xx_std_periph_driver/src/n32h7xx_lptim.c **** 
 134:../../../firmware/n32h7xx_std_periph_driver/src/n32h7xx_lptim.c ****     /* The LPTIMx_CFG register must only be modified when the LPTIM is disabled
 135:../../../firmware/n32h7xx_std_periph_driver/src/n32h7xx_lptim.c ****         (ENABLE bit is reset to 0).
 136:../../../firmware/n32h7xx_std_periph_driver/src/n32h7xx_lptim.c ****     */
 137:../../../firmware/n32h7xx_std_periph_driver/src/n32h7xx_lptim.c ****     if (LPTIM_IsEnabled(LPTIMx) == 1UL)
 202              		.loc 1 137 9
ARM GAS  /tmp/ccpTBGqq.s 			page 7


 203 000e 7868     		ldr	r0, [r7, #4]
 204 0010 FFF7FEFF 		bl	LPTIM_IsEnabled
 205 0014 0346     		mov	r3, r0
 206              		.loc 1 137 8 discriminator 1
 207 0016 012B     		cmp	r3, #1
 208 0018 02D1     		bne	.L12
 138:../../../firmware/n32h7xx_std_periph_driver/src/n32h7xx_lptim.c ****     {
 139:../../../firmware/n32h7xx_std_periph_driver/src/n32h7xx_lptim.c ****         result = ERROR;
 209              		.loc 1 139 16
 210 001a 0023     		movs	r3, #0
 211 001c FB73     		strb	r3, [r7, #15]
 212 001e 11E0     		b	.L13
 213              	.L12:
 140:../../../firmware/n32h7xx_std_periph_driver/src/n32h7xx_lptim.c ****     }
 141:../../../firmware/n32h7xx_std_periph_driver/src/n32h7xx_lptim.c ****     else
 142:../../../firmware/n32h7xx_std_periph_driver/src/n32h7xx_lptim.c ****     {
 143:../../../firmware/n32h7xx_std_periph_driver/src/n32h7xx_lptim.c ****         /* Set CLKSEL bitfield according to ClockSource value */
 144:../../../firmware/n32h7xx_std_periph_driver/src/n32h7xx_lptim.c ****         /* Set CLKPRE bitfield according to Prescaler value */
 145:../../../firmware/n32h7xx_std_periph_driver/src/n32h7xx_lptim.c ****         /* Set WAVE bitfield according to Waveform value */
 146:../../../firmware/n32h7xx_std_periph_driver/src/n32h7xx_lptim.c ****         /* Set WAVEPOL bitfield according to Polarity value */
 147:../../../firmware/n32h7xx_std_periph_driver/src/n32h7xx_lptim.c ****         MODIFY_REG(LPTIMx->CFG,
 214              		.loc 1 147 9
 215 0020 7B68     		ldr	r3, [r7, #4]
 216 0022 DA68     		ldr	r2, [r3, #12]
 217 0024 0A4B     		ldr	r3, .L15
 218 0026 1340     		ands	r3, r3, r2
 219 0028 3A68     		ldr	r2, [r7]
 220 002a 1168     		ldr	r1, [r2]
 221 002c 3A68     		ldr	r2, [r7]
 222 002e 5268     		ldr	r2, [r2, #4]
 223 0030 1143     		orrs	r1, r1, r2
 224 0032 3A68     		ldr	r2, [r7]
 225 0034 9268     		ldr	r2, [r2, #8]
 226 0036 1143     		orrs	r1, r1, r2
 227 0038 3A68     		ldr	r2, [r7]
 228 003a D268     		ldr	r2, [r2, #12]
 229 003c 0A43     		orrs	r2, r2, r1
 230 003e 1A43     		orrs	r2, r2, r3
 231 0040 7B68     		ldr	r3, [r7, #4]
 232 0042 DA60     		str	r2, [r3, #12]
 233              	.L13:
 148:../../../firmware/n32h7xx_std_periph_driver/src/n32h7xx_lptim.c ****                    (LPTIM_CFG_CLKSEL | LPTIM_CFG_CLKPRE | LPTIM_CFG_WAVE | LPTIM_CFG_WAVEPOL),
 149:../../../firmware/n32h7xx_std_periph_driver/src/n32h7xx_lptim.c ****                    LPTIM_InitStruct->ClockSource | \
 150:../../../firmware/n32h7xx_std_periph_driver/src/n32h7xx_lptim.c ****                    LPTIM_InitStruct->Prescaler | \
 151:../../../firmware/n32h7xx_std_periph_driver/src/n32h7xx_lptim.c ****                    LPTIM_InitStruct->Waveform | \
 152:../../../firmware/n32h7xx_std_periph_driver/src/n32h7xx_lptim.c ****                    LPTIM_InitStruct->Polarity);
 153:../../../firmware/n32h7xx_std_periph_driver/src/n32h7xx_lptim.c ****     }
 154:../../../firmware/n32h7xx_std_periph_driver/src/n32h7xx_lptim.c **** 
 155:../../../firmware/n32h7xx_std_periph_driver/src/n32h7xx_lptim.c ****     return result;
 234              		.loc 1 155 12
 235 0044 FB7B     		ldrb	r3, [r7, #15]	@ zero_extendqisi2
 156:../../../firmware/n32h7xx_std_periph_driver/src/n32h7xx_lptim.c **** }
 236              		.loc 1 156 1
 237 0046 1846     		mov	r0, r3
 238 0048 1037     		adds	r7, r7, #16
 239              	.LCFI14:
 240              		.cfi_def_cfa_offset 8
ARM GAS  /tmp/ccpTBGqq.s 			page 8


 241 004a BD46     		mov	sp, r7
 242              	.LCFI15:
 243              		.cfi_def_cfa_register 13
 244              		@ sp needed
 245 004c 80BD     		pop	{r7, pc}
 246              	.L16:
 247 004e 00BF     		.align	2
 248              	.L15:
 249 0050 FEF1CFFF 		.word	-3149314
 250              		.cfi_endproc
 251              	.LFE149:
 253              		.section	.text.LPTIM_Cmd,"ax",%progbits
 254              		.align	1
 255              		.global	LPTIM_Cmd
 256              		.syntax unified
 257              		.thumb
 258              		.thumb_func
 260              	LPTIM_Cmd:
 261              	.LFB150:
 157:../../../firmware/n32h7xx_std_periph_driver/src/n32h7xx_lptim.c **** 
 158:../../../firmware/n32h7xx_std_periph_driver/src/n32h7xx_lptim.c **** /**
 159:../../../firmware/n32h7xx_std_periph_driver/src/n32h7xx_lptim.c **** *\*\name    LPTIM_Cmd.
 160:../../../firmware/n32h7xx_std_periph_driver/src/n32h7xx_lptim.c **** *\*\fun     Enables or disables the specified LPTIM instance.
 161:../../../firmware/n32h7xx_std_periph_driver/src/n32h7xx_lptim.c **** *\*\param   LPTIMx (The input parameters must be the following values):
 162:../../../firmware/n32h7xx_std_periph_driver/src/n32h7xx_lptim.c **** *\*\          - LPTIM1
 163:../../../firmware/n32h7xx_std_periph_driver/src/n32h7xx_lptim.c **** *\*\          - LPTIM2
 164:../../../firmware/n32h7xx_std_periph_driver/src/n32h7xx_lptim.c **** *\*\          - LPTIM3
 165:../../../firmware/n32h7xx_std_periph_driver/src/n32h7xx_lptim.c **** *\*\          - LPTIM4
 166:../../../firmware/n32h7xx_std_periph_driver/src/n32h7xx_lptim.c **** *\*\          - LPTIM5
 167:../../../firmware/n32h7xx_std_periph_driver/src/n32h7xx_lptim.c **** *\*\param   Cmd (The input parameters must be the following values):
 168:../../../firmware/n32h7xx_std_periph_driver/src/n32h7xx_lptim.c **** *\*\          - ENABLE
 169:../../../firmware/n32h7xx_std_periph_driver/src/n32h7xx_lptim.c **** *\*\          - DISABLE
 170:../../../firmware/n32h7xx_std_periph_driver/src/n32h7xx_lptim.c **** *\*\return  none
 171:../../../firmware/n32h7xx_std_periph_driver/src/n32h7xx_lptim.c **** **/
 172:../../../firmware/n32h7xx_std_periph_driver/src/n32h7xx_lptim.c **** void LPTIM_Cmd(LPTIM_Module* LPTIMx, FunctionalStatus Cmd)
 173:../../../firmware/n32h7xx_std_periph_driver/src/n32h7xx_lptim.c **** {
 262              		.loc 1 173 1
 263              		.cfi_startproc
 264              		@ args = 0, pretend = 0, frame = 8
 265              		@ frame_needed = 1, uses_anonymous_args = 0
 266              		@ link register save eliminated.
 267 0000 80B4     		push	{r7}
 268              	.LCFI16:
 269              		.cfi_def_cfa_offset 4
 270              		.cfi_offset 7, -4
 271 0002 83B0     		sub	sp, sp, #12
 272              	.LCFI17:
 273              		.cfi_def_cfa_offset 16
 274 0004 00AF     		add	r7, sp, #0
 275              	.LCFI18:
 276              		.cfi_def_cfa_register 7
 277 0006 7860     		str	r0, [r7, #4]
 278 0008 0B46     		mov	r3, r1
 279 000a FB70     		strb	r3, [r7, #3]
 174:../../../firmware/n32h7xx_std_periph_driver/src/n32h7xx_lptim.c ****     if (Cmd != DISABLE)
 280              		.loc 1 174 8
 281 000c FB78     		ldrb	r3, [r7, #3]	@ zero_extendqisi2
ARM GAS  /tmp/ccpTBGqq.s 			page 9


 282 000e 002B     		cmp	r3, #0
 283 0010 06D0     		beq	.L18
 175:../../../firmware/n32h7xx_std_periph_driver/src/n32h7xx_lptim.c ****     {
 176:../../../firmware/n32h7xx_std_periph_driver/src/n32h7xx_lptim.c ****         /* Enable the selected LPTIM instance */
 177:../../../firmware/n32h7xx_std_periph_driver/src/n32h7xx_lptim.c ****         SET_BIT(LPTIMx->CTRL, LPTIM_CTRL_LPTIMEN);
 284              		.loc 1 177 9
 285 0012 7B68     		ldr	r3, [r7, #4]
 286 0014 1B69     		ldr	r3, [r3, #16]
 287 0016 43F00102 		orr	r2, r3, #1
 288 001a 7B68     		ldr	r3, [r7, #4]
 289 001c 1A61     		str	r2, [r3, #16]
 178:../../../firmware/n32h7xx_std_periph_driver/src/n32h7xx_lptim.c ****     }
 179:../../../firmware/n32h7xx_std_periph_driver/src/n32h7xx_lptim.c ****     else
 180:../../../firmware/n32h7xx_std_periph_driver/src/n32h7xx_lptim.c ****     {
 181:../../../firmware/n32h7xx_std_periph_driver/src/n32h7xx_lptim.c ****         /* Disable the selected LPTIM instance */
 182:../../../firmware/n32h7xx_std_periph_driver/src/n32h7xx_lptim.c ****         CLEAR_BIT(LPTIMx->CTRL, LPTIM_CTRL_LPTIMEN);
 183:../../../firmware/n32h7xx_std_periph_driver/src/n32h7xx_lptim.c ****     }
 184:../../../firmware/n32h7xx_std_periph_driver/src/n32h7xx_lptim.c **** }
 290              		.loc 1 184 1
 291 001e 05E0     		b	.L20
 292              	.L18:
 182:../../../firmware/n32h7xx_std_periph_driver/src/n32h7xx_lptim.c ****     }
 293              		.loc 1 182 9
 294 0020 7B68     		ldr	r3, [r7, #4]
 295 0022 1B69     		ldr	r3, [r3, #16]
 296 0024 23F00102 		bic	r2, r3, #1
 297 0028 7B68     		ldr	r3, [r7, #4]
 298 002a 1A61     		str	r2, [r3, #16]
 299              	.L20:
 300              		.loc 1 184 1
 301 002c 00BF     		nop
 302 002e 0C37     		adds	r7, r7, #12
 303              	.LCFI19:
 304              		.cfi_def_cfa_offset 4
 305 0030 BD46     		mov	sp, r7
 306              	.LCFI20:
 307              		.cfi_def_cfa_register 13
 308              		@ sp needed
 309 0032 80BC     		pop	{r7}
 310              	.LCFI21:
 311              		.cfi_restore 7
 312              		.cfi_def_cfa_offset 0
 313 0034 7047     		bx	lr
 314              		.cfi_endproc
 315              	.LFE150:
 317              		.section	.text.LPTIM_IsEnabled,"ax",%progbits
 318              		.align	1
 319              		.global	LPTIM_IsEnabled
 320              		.syntax unified
 321              		.thumb
 322              		.thumb_func
 324              	LPTIM_IsEnabled:
 325              	.LFB151:
 185:../../../firmware/n32h7xx_std_periph_driver/src/n32h7xx_lptim.c **** 
 186:../../../firmware/n32h7xx_std_periph_driver/src/n32h7xx_lptim.c **** /**
 187:../../../firmware/n32h7xx_std_periph_driver/src/n32h7xx_lptim.c **** *\*\name    LPTIM_IsEnabled.
 188:../../../firmware/n32h7xx_std_periph_driver/src/n32h7xx_lptim.c **** *\*\fun     Indicates whether the LPTIM instance is enabled.
ARM GAS  /tmp/ccpTBGqq.s 			page 10


 189:../../../firmware/n32h7xx_std_periph_driver/src/n32h7xx_lptim.c **** *\*\param   LPTIMx (The input parameters must be the following values):
 190:../../../firmware/n32h7xx_std_periph_driver/src/n32h7xx_lptim.c **** *\*\          - LPTIM1
 191:../../../firmware/n32h7xx_std_periph_driver/src/n32h7xx_lptim.c **** *\*\          - LPTIM2
 192:../../../firmware/n32h7xx_std_periph_driver/src/n32h7xx_lptim.c **** *\*\          - LPTIM3
 193:../../../firmware/n32h7xx_std_periph_driver/src/n32h7xx_lptim.c **** *\*\          - LPTIM4
 194:../../../firmware/n32h7xx_std_periph_driver/src/n32h7xx_lptim.c **** *\*\          - LPTIM5
 195:../../../firmware/n32h7xx_std_periph_driver/src/n32h7xx_lptim.c **** *\*\return  1 or 0
 196:../../../firmware/n32h7xx_std_periph_driver/src/n32h7xx_lptim.c **** **/
 197:../../../firmware/n32h7xx_std_periph_driver/src/n32h7xx_lptim.c **** uint32_t LPTIM_IsEnabled(LPTIM_Module* LPTIMx)
 198:../../../firmware/n32h7xx_std_periph_driver/src/n32h7xx_lptim.c **** {
 326              		.loc 1 198 1
 327              		.cfi_startproc
 328              		@ args = 0, pretend = 0, frame = 16
 329              		@ frame_needed = 1, uses_anonymous_args = 0
 330              		@ link register save eliminated.
 331 0000 80B4     		push	{r7}
 332              	.LCFI22:
 333              		.cfi_def_cfa_offset 4
 334              		.cfi_offset 7, -4
 335 0002 85B0     		sub	sp, sp, #20
 336              	.LCFI23:
 337              		.cfi_def_cfa_offset 24
 338 0004 00AF     		add	r7, sp, #0
 339              	.LCFI24:
 340              		.cfi_def_cfa_register 7
 341 0006 7860     		str	r0, [r7, #4]
 199:../../../firmware/n32h7xx_std_periph_driver/src/n32h7xx_lptim.c ****     uint32_t Temp;
 200:../../../firmware/n32h7xx_std_periph_driver/src/n32h7xx_lptim.c **** 
 201:../../../firmware/n32h7xx_std_periph_driver/src/n32h7xx_lptim.c ****     /* Read the corresponding bit, set 1 to return 1, otherwise, return 0 */
 202:../../../firmware/n32h7xx_std_periph_driver/src/n32h7xx_lptim.c ****     Temp = (((READ_BIT(LPTIMx->CTRL, LPTIM_CTRL_LPTIMEN) == LPTIM_CTRL_LPTIMEN) ? 1UL : 0UL));
 342              		.loc 1 202 15
 343 0008 7B68     		ldr	r3, [r7, #4]
 344 000a 1B69     		ldr	r3, [r3, #16]
 345 000c 03F00103 		and	r3, r3, #1
 346              		.loc 1 202 87
 347 0010 012B     		cmp	r3, #1
 348 0012 01D1     		bne	.L22
 349              		.loc 1 202 87 is_stmt 0 discriminator 1
 350 0014 0123     		movs	r3, #1
 351 0016 00E0     		b	.L23
 352              	.L22:
 353              		.loc 1 202 87 discriminator 2
 354 0018 0023     		movs	r3, #0
 355              	.L23:
 356              		.loc 1 202 10 is_stmt 1 discriminator 4
 357 001a FB60     		str	r3, [r7, #12]
 203:../../../firmware/n32h7xx_std_periph_driver/src/n32h7xx_lptim.c **** 
 204:../../../firmware/n32h7xx_std_periph_driver/src/n32h7xx_lptim.c ****     return Temp;
 358              		.loc 1 204 12
 359 001c FB68     		ldr	r3, [r7, #12]
 205:../../../firmware/n32h7xx_std_periph_driver/src/n32h7xx_lptim.c **** }
 360              		.loc 1 205 1
 361 001e 1846     		mov	r0, r3
 362 0020 1437     		adds	r7, r7, #20
 363              	.LCFI25:
 364              		.cfi_def_cfa_offset 4
 365 0022 BD46     		mov	sp, r7
ARM GAS  /tmp/ccpTBGqq.s 			page 11


 366              	.LCFI26:
 367              		.cfi_def_cfa_register 13
 368              		@ sp needed
 369 0024 80BC     		pop	{r7}
 370              	.LCFI27:
 371              		.cfi_restore 7
 372              		.cfi_def_cfa_offset 0
 373 0026 7047     		bx	lr
 374              		.cfi_endproc
 375              	.LFE151:
 377              		.section	.text.LPTIM_StartCounter,"ax",%progbits
 378              		.align	1
 379              		.global	LPTIM_StartCounter
 380              		.syntax unified
 381              		.thumb
 382              		.thumb_func
 384              	LPTIM_StartCounter:
 385              	.LFB152:
 206:../../../firmware/n32h7xx_std_periph_driver/src/n32h7xx_lptim.c **** 
 207:../../../firmware/n32h7xx_std_periph_driver/src/n32h7xx_lptim.c **** /**
 208:../../../firmware/n32h7xx_std_periph_driver/src/n32h7xx_lptim.c **** *\*\name    LPTIM_StartCounter.
 209:../../../firmware/n32h7xx_std_periph_driver/src/n32h7xx_lptim.c **** *\*\fun     Starts the LPTIM counter in the desired mode.
 210:../../../firmware/n32h7xx_std_periph_driver/src/n32h7xx_lptim.c **** *\*\param   LPTIMx (The input parameters must be the following values):
 211:../../../firmware/n32h7xx_std_periph_driver/src/n32h7xx_lptim.c **** *\*\          - LPTIM1
 212:../../../firmware/n32h7xx_std_periph_driver/src/n32h7xx_lptim.c **** *\*\          - LPTIM2
 213:../../../firmware/n32h7xx_std_periph_driver/src/n32h7xx_lptim.c **** *\*\          - LPTIM3
 214:../../../firmware/n32h7xx_std_periph_driver/src/n32h7xx_lptim.c **** *\*\          - LPTIM4
 215:../../../firmware/n32h7xx_std_periph_driver/src/n32h7xx_lptim.c **** *\*\          - LPTIM5
 216:../../../firmware/n32h7xx_std_periph_driver/src/n32h7xx_lptim.c **** *\*\param   OperatingMode (The input parameters must be the following values):
 217:../../../firmware/n32h7xx_std_periph_driver/src/n32h7xx_lptim.c **** *\*\          - LPTIM_OPERATING_MODE_CONTINUOUS
 218:../../../firmware/n32h7xx_std_periph_driver/src/n32h7xx_lptim.c **** *\*\          - LPTIM_OPERATING_MODE_ONESHOT
 219:../../../firmware/n32h7xx_std_periph_driver/src/n32h7xx_lptim.c **** *\*\return  none
 220:../../../firmware/n32h7xx_std_periph_driver/src/n32h7xx_lptim.c **** *\*\note    LPTIM instance must be enabled before starting the counter.
 221:../../../firmware/n32h7xx_std_periph_driver/src/n32h7xx_lptim.c **** **/
 222:../../../firmware/n32h7xx_std_periph_driver/src/n32h7xx_lptim.c **** void LPTIM_StartCounter(LPTIM_Module* LPTIMx, uint32_t OperatingMode)
 223:../../../firmware/n32h7xx_std_periph_driver/src/n32h7xx_lptim.c **** {
 386              		.loc 1 223 1
 387              		.cfi_startproc
 388              		@ args = 0, pretend = 0, frame = 8
 389              		@ frame_needed = 1, uses_anonymous_args = 0
 390              		@ link register save eliminated.
 391 0000 80B4     		push	{r7}
 392              	.LCFI28:
 393              		.cfi_def_cfa_offset 4
 394              		.cfi_offset 7, -4
 395 0002 83B0     		sub	sp, sp, #12
 396              	.LCFI29:
 397              		.cfi_def_cfa_offset 16
 398 0004 00AF     		add	r7, sp, #0
 399              	.LCFI30:
 400              		.cfi_def_cfa_register 7
 401 0006 7860     		str	r0, [r7, #4]
 402 0008 3960     		str	r1, [r7]
 224:../../../firmware/n32h7xx_std_periph_driver/src/n32h7xx_lptim.c ****     MODIFY_REG(LPTIMx->CTRL, LPTIM_CTRL_TSTCM | LPTIM_CTRL_SNGMST, OperatingMode);
 403              		.loc 1 224 5
 404 000a 7B68     		ldr	r3, [r7, #4]
 405 000c 1B69     		ldr	r3, [r3, #16]
ARM GAS  /tmp/ccpTBGqq.s 			page 12


 406 000e 23F00602 		bic	r2, r3, #6
 407 0012 3B68     		ldr	r3, [r7]
 408 0014 1A43     		orrs	r2, r2, r3
 409 0016 7B68     		ldr	r3, [r7, #4]
 410 0018 1A61     		str	r2, [r3, #16]
 225:../../../firmware/n32h7xx_std_periph_driver/src/n32h7xx_lptim.c **** }
 411              		.loc 1 225 1
 412 001a 00BF     		nop
 413 001c 0C37     		adds	r7, r7, #12
 414              	.LCFI31:
 415              		.cfi_def_cfa_offset 4
 416 001e BD46     		mov	sp, r7
 417              	.LCFI32:
 418              		.cfi_def_cfa_register 13
 419              		@ sp needed
 420 0020 80BC     		pop	{r7}
 421              	.LCFI33:
 422              		.cfi_restore 7
 423              		.cfi_def_cfa_offset 0
 424 0022 7047     		bx	lr
 425              		.cfi_endproc
 426              	.LFE152:
 428              		.section	.text.LPTIM_SetUpdateMode,"ax",%progbits
 429              		.align	1
 430              		.global	LPTIM_SetUpdateMode
 431              		.syntax unified
 432              		.thumb
 433              		.thumb_func
 435              	LPTIM_SetUpdateMode:
 436              	.LFB153:
 226:../../../firmware/n32h7xx_std_periph_driver/src/n32h7xx_lptim.c **** 
 227:../../../firmware/n32h7xx_std_periph_driver/src/n32h7xx_lptim.c **** /**
 228:../../../firmware/n32h7xx_std_periph_driver/src/n32h7xx_lptim.c **** *\*\name    LPTIM_SetUpdateMode.
 229:../../../firmware/n32h7xx_std_periph_driver/src/n32h7xx_lptim.c **** *\*\fun     Set the LPTIM registers update mode (enable/disable register preload).
 230:../../../firmware/n32h7xx_std_periph_driver/src/n32h7xx_lptim.c **** *\*\param   LPTIMx (The input parameters must be the following values):
 231:../../../firmware/n32h7xx_std_periph_driver/src/n32h7xx_lptim.c **** *\*\          - LPTIM1
 232:../../../firmware/n32h7xx_std_periph_driver/src/n32h7xx_lptim.c **** *\*\          - LPTIM2
 233:../../../firmware/n32h7xx_std_periph_driver/src/n32h7xx_lptim.c **** *\*\          - LPTIM3
 234:../../../firmware/n32h7xx_std_periph_driver/src/n32h7xx_lptim.c **** *\*\          - LPTIM4
 235:../../../firmware/n32h7xx_std_periph_driver/src/n32h7xx_lptim.c **** *\*\          - LPTIM5
 236:../../../firmware/n32h7xx_std_periph_driver/src/n32h7xx_lptim.c **** *\*\param   UpdateMode (The input parameters must be the following values):
 237:../../../firmware/n32h7xx_std_periph_driver/src/n32h7xx_lptim.c **** *\*\          - LPTIM_UPDATE_MODE_IMMEDIATE
 238:../../../firmware/n32h7xx_std_periph_driver/src/n32h7xx_lptim.c **** *\*\          - LPTIM_UPDATE_MODE_ENDOFPERIOD
 239:../../../firmware/n32h7xx_std_periph_driver/src/n32h7xx_lptim.c **** *\*\return  none
 240:../../../firmware/n32h7xx_std_periph_driver/src/n32h7xx_lptim.c **** *\*\note    This function must be called when the LPTIM instance is disabled.
 241:../../../firmware/n32h7xx_std_periph_driver/src/n32h7xx_lptim.c **** **/
 242:../../../firmware/n32h7xx_std_periph_driver/src/n32h7xx_lptim.c **** void LPTIM_SetUpdateMode(LPTIM_Module* LPTIMx, uint32_t UpdateMode)
 243:../../../firmware/n32h7xx_std_periph_driver/src/n32h7xx_lptim.c **** {
 437              		.loc 1 243 1
 438              		.cfi_startproc
 439              		@ args = 0, pretend = 0, frame = 8
 440              		@ frame_needed = 1, uses_anonymous_args = 0
 441              		@ link register save eliminated.
 442 0000 80B4     		push	{r7}
 443              	.LCFI34:
 444              		.cfi_def_cfa_offset 4
 445              		.cfi_offset 7, -4
ARM GAS  /tmp/ccpTBGqq.s 			page 13


 446 0002 83B0     		sub	sp, sp, #12
 447              	.LCFI35:
 448              		.cfi_def_cfa_offset 16
 449 0004 00AF     		add	r7, sp, #0
 450              	.LCFI36:
 451              		.cfi_def_cfa_register 7
 452 0006 7860     		str	r0, [r7, #4]
 453 0008 3960     		str	r1, [r7]
 244:../../../firmware/n32h7xx_std_periph_driver/src/n32h7xx_lptim.c ****     MODIFY_REG(LPTIMx->CFG, LPTIM_CFG_RELOAD, UpdateMode);
 454              		.loc 1 244 5
 455 000a 7B68     		ldr	r3, [r7, #4]
 456 000c DB68     		ldr	r3, [r3, #12]
 457 000e 23F48002 		bic	r2, r3, #4194304
 458 0012 3B68     		ldr	r3, [r7]
 459 0014 1A43     		orrs	r2, r2, r3
 460 0016 7B68     		ldr	r3, [r7, #4]
 461 0018 DA60     		str	r2, [r3, #12]
 245:../../../firmware/n32h7xx_std_periph_driver/src/n32h7xx_lptim.c **** }
 462              		.loc 1 245 1
 463 001a 00BF     		nop
 464 001c 0C37     		adds	r7, r7, #12
 465              	.LCFI37:
 466              		.cfi_def_cfa_offset 4
 467 001e BD46     		mov	sp, r7
 468              	.LCFI38:
 469              		.cfi_def_cfa_register 13
 470              		@ sp needed
 471 0020 80BC     		pop	{r7}
 472              	.LCFI39:
 473              		.cfi_restore 7
 474              		.cfi_def_cfa_offset 0
 475 0022 7047     		bx	lr
 476              		.cfi_endproc
 477              	.LFE153:
 479              		.section	.text.LPTIM_GetUpdateMode,"ax",%progbits
 480              		.align	1
 481              		.global	LPTIM_GetUpdateMode
 482              		.syntax unified
 483              		.thumb
 484              		.thumb_func
 486              	LPTIM_GetUpdateMode:
 487              	.LFB154:
 246:../../../firmware/n32h7xx_std_periph_driver/src/n32h7xx_lptim.c **** 
 247:../../../firmware/n32h7xx_std_periph_driver/src/n32h7xx_lptim.c **** /**
 248:../../../firmware/n32h7xx_std_periph_driver/src/n32h7xx_lptim.c **** *\*\name    LPTIM_GetUpdateMode.
 249:../../../firmware/n32h7xx_std_periph_driver/src/n32h7xx_lptim.c **** *\*\fun     Get the LPTIM registers update mode.
 250:../../../firmware/n32h7xx_std_periph_driver/src/n32h7xx_lptim.c **** *\*\param   LPTIMx (The input parameters must be the following values):
 251:../../../firmware/n32h7xx_std_periph_driver/src/n32h7xx_lptim.c **** *\*\          - LPTIM1
 252:../../../firmware/n32h7xx_std_periph_driver/src/n32h7xx_lptim.c **** *\*\          - LPTIM2
 253:../../../firmware/n32h7xx_std_periph_driver/src/n32h7xx_lptim.c **** *\*\          - LPTIM3
 254:../../../firmware/n32h7xx_std_periph_driver/src/n32h7xx_lptim.c **** *\*\          - LPTIM4
 255:../../../firmware/n32h7xx_std_periph_driver/src/n32h7xx_lptim.c **** *\*\          - LPTIM5
 256:../../../firmware/n32h7xx_std_periph_driver/src/n32h7xx_lptim.c **** *\*\return  LPTIM_UPDATE_MODE_IMMEDIATE or LPTIM_UPDATE_MODE_ENDOFPERIOD
 257:../../../firmware/n32h7xx_std_periph_driver/src/n32h7xx_lptim.c **** **/
 258:../../../firmware/n32h7xx_std_periph_driver/src/n32h7xx_lptim.c **** uint32_t LPTIM_GetUpdateMode(LPTIM_Module* LPTIMx)
 259:../../../firmware/n32h7xx_std_periph_driver/src/n32h7xx_lptim.c **** {
 488              		.loc 1 259 1
ARM GAS  /tmp/ccpTBGqq.s 			page 14


 489              		.cfi_startproc
 490              		@ args = 0, pretend = 0, frame = 16
 491              		@ frame_needed = 1, uses_anonymous_args = 0
 492              		@ link register save eliminated.
 493 0000 80B4     		push	{r7}
 494              	.LCFI40:
 495              		.cfi_def_cfa_offset 4
 496              		.cfi_offset 7, -4
 497 0002 85B0     		sub	sp, sp, #20
 498              	.LCFI41:
 499              		.cfi_def_cfa_offset 24
 500 0004 00AF     		add	r7, sp, #0
 501              	.LCFI42:
 502              		.cfi_def_cfa_register 7
 503 0006 7860     		str	r0, [r7, #4]
 260:../../../firmware/n32h7xx_std_periph_driver/src/n32h7xx_lptim.c ****     uint32_t Mode;
 261:../../../firmware/n32h7xx_std_periph_driver/src/n32h7xx_lptim.c **** 
 262:../../../firmware/n32h7xx_std_periph_driver/src/n32h7xx_lptim.c ****     /* Read the corresponding bit */
 263:../../../firmware/n32h7xx_std_periph_driver/src/n32h7xx_lptim.c ****     Mode = (uint32_t)(READ_BIT(LPTIMx->CFG, LPTIM_CFG_RELOAD));
 504              		.loc 1 263 23
 505 0008 7B68     		ldr	r3, [r7, #4]
 506 000a DB68     		ldr	r3, [r3, #12]
 507              		.loc 1 263 10
 508 000c 03F48003 		and	r3, r3, #4194304
 509 0010 FB60     		str	r3, [r7, #12]
 264:../../../firmware/n32h7xx_std_periph_driver/src/n32h7xx_lptim.c **** 
 265:../../../firmware/n32h7xx_std_periph_driver/src/n32h7xx_lptim.c ****     return Mode;
 510              		.loc 1 265 12
 511 0012 FB68     		ldr	r3, [r7, #12]
 266:../../../firmware/n32h7xx_std_periph_driver/src/n32h7xx_lptim.c **** }
 512              		.loc 1 266 1
 513 0014 1846     		mov	r0, r3
 514 0016 1437     		adds	r7, r7, #20
 515              	.LCFI43:
 516              		.cfi_def_cfa_offset 4
 517 0018 BD46     		mov	sp, r7
 518              	.LCFI44:
 519              		.cfi_def_cfa_register 13
 520              		@ sp needed
 521 001a 80BC     		pop	{r7}
 522              	.LCFI45:
 523              		.cfi_restore 7
 524              		.cfi_def_cfa_offset 0
 525 001c 7047     		bx	lr
 526              		.cfi_endproc
 527              	.LFE154:
 529              		.section	.text.LPTIM_SetAutoReloadValue,"ax",%progbits
 530              		.align	1
 531              		.global	LPTIM_SetAutoReloadValue
 532              		.syntax unified
 533              		.thumb
 534              		.thumb_func
 536              	LPTIM_SetAutoReloadValue:
 537              	.LFB155:
 267:../../../firmware/n32h7xx_std_periph_driver/src/n32h7xx_lptim.c **** 
 268:../../../firmware/n32h7xx_std_periph_driver/src/n32h7xx_lptim.c **** /**
 269:../../../firmware/n32h7xx_std_periph_driver/src/n32h7xx_lptim.c **** *\*\name    LPTIM_SetAutoReloadValue.
ARM GAS  /tmp/ccpTBGqq.s 			page 15


 270:../../../firmware/n32h7xx_std_periph_driver/src/n32h7xx_lptim.c **** *\*\fun     Set the auto reload value.
 271:../../../firmware/n32h7xx_std_periph_driver/src/n32h7xx_lptim.c **** *\*\param   LPTIMx (The input parameters must be the following values):
 272:../../../firmware/n32h7xx_std_periph_driver/src/n32h7xx_lptim.c **** *\*\          - LPTIM1
 273:../../../firmware/n32h7xx_std_periph_driver/src/n32h7xx_lptim.c **** *\*\          - LPTIM2
 274:../../../firmware/n32h7xx_std_periph_driver/src/n32h7xx_lptim.c **** *\*\          - LPTIM3
 275:../../../firmware/n32h7xx_std_periph_driver/src/n32h7xx_lptim.c **** *\*\          - LPTIM4
 276:../../../firmware/n32h7xx_std_periph_driver/src/n32h7xx_lptim.c **** *\*\          - LPTIM5
 277:../../../firmware/n32h7xx_std_periph_driver/src/n32h7xx_lptim.c **** *\*\param   AutoReload:
 278:../../../firmware/n32h7xx_std_periph_driver/src/n32h7xx_lptim.c **** *\*\          - Value between Min_Data=0x00 and Max_Data=0xFFFF
 279:../../../firmware/n32h7xx_std_periph_driver/src/n32h7xx_lptim.c **** *\*\return  none
 280:../../../firmware/n32h7xx_std_periph_driver/src/n32h7xx_lptim.c **** *\*\note    The LPTIMx_ARR register content must only be modified when the LPTIM
 281:../../../firmware/n32h7xx_std_periph_driver/src/n32h7xx_lptim.c **** *\*\        is enabled.
 282:../../../firmware/n32h7xx_std_periph_driver/src/n32h7xx_lptim.c **** *\*\note    After a write to the LPTIMx_ARR register a new write operation to the
 283:../../../firmware/n32h7xx_std_periph_driver/src/n32h7xx_lptim.c **** *\*\        same register can only be performed when the previous write operation
 284:../../../firmware/n32h7xx_std_periph_driver/src/n32h7xx_lptim.c **** *\*\        is completed. Any successive write before the ARRUPD flag be set, will
 285:../../../firmware/n32h7xx_std_periph_driver/src/n32h7xx_lptim.c **** *\*\        lead to unpredictable results.
 286:../../../firmware/n32h7xx_std_periph_driver/src/n32h7xx_lptim.c **** **/
 287:../../../firmware/n32h7xx_std_periph_driver/src/n32h7xx_lptim.c **** void LPTIM_SetAutoReloadValue(LPTIM_Module* LPTIMx, uint32_t AutoReload)
 288:../../../firmware/n32h7xx_std_periph_driver/src/n32h7xx_lptim.c **** {
 538              		.loc 1 288 1
 539              		.cfi_startproc
 540              		@ args = 0, pretend = 0, frame = 8
 541              		@ frame_needed = 1, uses_anonymous_args = 0
 542              		@ link register save eliminated.
 543 0000 80B4     		push	{r7}
 544              	.LCFI46:
 545              		.cfi_def_cfa_offset 4
 546              		.cfi_offset 7, -4
 547 0002 83B0     		sub	sp, sp, #12
 548              	.LCFI47:
 549              		.cfi_def_cfa_offset 16
 550 0004 00AF     		add	r7, sp, #0
 551              	.LCFI48:
 552              		.cfi_def_cfa_register 7
 553 0006 7860     		str	r0, [r7, #4]
 554 0008 3960     		str	r1, [r7]
 289:../../../firmware/n32h7xx_std_periph_driver/src/n32h7xx_lptim.c ****     MODIFY_REG(LPTIMx->ARR, LPTIM_ARR_ARRVAL, AutoReload);
 555              		.loc 1 289 5
 556 000a 7B68     		ldr	r3, [r7, #4]
 557 000c 9A69     		ldr	r2, [r3, #24]
 558 000e 054B     		ldr	r3, .L30
 559 0010 1340     		ands	r3, r3, r2
 560 0012 3A68     		ldr	r2, [r7]
 561 0014 1A43     		orrs	r2, r2, r3
 562 0016 7B68     		ldr	r3, [r7, #4]
 563 0018 9A61     		str	r2, [r3, #24]
 290:../../../firmware/n32h7xx_std_periph_driver/src/n32h7xx_lptim.c **** }
 564              		.loc 1 290 1
 565 001a 00BF     		nop
 566 001c 0C37     		adds	r7, r7, #12
 567              	.LCFI49:
 568              		.cfi_def_cfa_offset 4
 569 001e BD46     		mov	sp, r7
 570              	.LCFI50:
 571              		.cfi_def_cfa_register 13
 572              		@ sp needed
 573 0020 80BC     		pop	{r7}
ARM GAS  /tmp/ccpTBGqq.s 			page 16


 574              	.LCFI51:
 575              		.cfi_restore 7
 576              		.cfi_def_cfa_offset 0
 577 0022 7047     		bx	lr
 578              	.L31:
 579              		.align	2
 580              	.L30:
 581 0024 0000FFFF 		.word	-65536
 582              		.cfi_endproc
 583              	.LFE155:
 585              		.section	.text.LPTIM_GetAutoReloadValue,"ax",%progbits
 586              		.align	1
 587              		.global	LPTIM_GetAutoReloadValue
 588              		.syntax unified
 589              		.thumb
 590              		.thumb_func
 592              	LPTIM_GetAutoReloadValue:
 593              	.LFB156:
 291:../../../firmware/n32h7xx_std_periph_driver/src/n32h7xx_lptim.c **** 
 292:../../../firmware/n32h7xx_std_periph_driver/src/n32h7xx_lptim.c **** /**
 293:../../../firmware/n32h7xx_std_periph_driver/src/n32h7xx_lptim.c **** *\*\name    LPTIM_GetAutoReloadValue.
 294:../../../firmware/n32h7xx_std_periph_driver/src/n32h7xx_lptim.c **** *\*\fun     Get actual auto reload value.
 295:../../../firmware/n32h7xx_std_periph_driver/src/n32h7xx_lptim.c **** *\*\param   LPTIMx (The input parameters must be the following values):
 296:../../../firmware/n32h7xx_std_periph_driver/src/n32h7xx_lptim.c **** *\*\          - LPTIM1
 297:../../../firmware/n32h7xx_std_periph_driver/src/n32h7xx_lptim.c **** *\*\          - LPTIM2
 298:../../../firmware/n32h7xx_std_periph_driver/src/n32h7xx_lptim.c **** *\*\          - LPTIM3
 299:../../../firmware/n32h7xx_std_periph_driver/src/n32h7xx_lptim.c **** *\*\          - LPTIM4
 300:../../../firmware/n32h7xx_std_periph_driver/src/n32h7xx_lptim.c **** *\*\          - LPTIM5
 301:../../../firmware/n32h7xx_std_periph_driver/src/n32h7xx_lptim.c **** *\*\return  AutoReload Value between Min_Data=0x00 and Max_Data=0xFFFF
 302:../../../firmware/n32h7xx_std_periph_driver/src/n32h7xx_lptim.c **** **/
 303:../../../firmware/n32h7xx_std_periph_driver/src/n32h7xx_lptim.c **** uint32_t LPTIM_GetAutoReloadValue(LPTIM_Module* LPTIMx)
 304:../../../firmware/n32h7xx_std_periph_driver/src/n32h7xx_lptim.c **** {
 594              		.loc 1 304 1
 595              		.cfi_startproc
 596              		@ args = 0, pretend = 0, frame = 16
 597              		@ frame_needed = 1, uses_anonymous_args = 0
 598              		@ link register save eliminated.
 599 0000 80B4     		push	{r7}
 600              	.LCFI52:
 601              		.cfi_def_cfa_offset 4
 602              		.cfi_offset 7, -4
 603 0002 85B0     		sub	sp, sp, #20
 604              	.LCFI53:
 605              		.cfi_def_cfa_offset 24
 606 0004 00AF     		add	r7, sp, #0
 607              	.LCFI54:
 608              		.cfi_def_cfa_register 7
 609 0006 7860     		str	r0, [r7, #4]
 305:../../../firmware/n32h7xx_std_periph_driver/src/n32h7xx_lptim.c ****     uint32_t Value;
 306:../../../firmware/n32h7xx_std_periph_driver/src/n32h7xx_lptim.c **** 
 307:../../../firmware/n32h7xx_std_periph_driver/src/n32h7xx_lptim.c ****     /* Read the corresponding bit */
 308:../../../firmware/n32h7xx_std_periph_driver/src/n32h7xx_lptim.c ****     Value = (uint32_t)(READ_BIT(LPTIMx->ARR, LPTIM_ARR_ARRVAL));
 610              		.loc 1 308 24
 611 0008 7B68     		ldr	r3, [r7, #4]
 612 000a 9B69     		ldr	r3, [r3, #24]
 613              		.loc 1 308 11
 614 000c 9BB2     		uxth	r3, r3
ARM GAS  /tmp/ccpTBGqq.s 			page 17


 615 000e FB60     		str	r3, [r7, #12]
 309:../../../firmware/n32h7xx_std_periph_driver/src/n32h7xx_lptim.c **** 
 310:../../../firmware/n32h7xx_std_periph_driver/src/n32h7xx_lptim.c ****     return Value;
 616              		.loc 1 310 12
 617 0010 FB68     		ldr	r3, [r7, #12]
 311:../../../firmware/n32h7xx_std_periph_driver/src/n32h7xx_lptim.c **** }
 618              		.loc 1 311 1
 619 0012 1846     		mov	r0, r3
 620 0014 1437     		adds	r7, r7, #20
 621              	.LCFI55:
 622              		.cfi_def_cfa_offset 4
 623 0016 BD46     		mov	sp, r7
 624              	.LCFI56:
 625              		.cfi_def_cfa_register 13
 626              		@ sp needed
 627 0018 80BC     		pop	{r7}
 628              	.LCFI57:
 629              		.cfi_restore 7
 630              		.cfi_def_cfa_offset 0
 631 001a 7047     		bx	lr
 632              		.cfi_endproc
 633              	.LFE156:
 635              		.section	.text.LPTIM_SetCompareValue,"ax",%progbits
 636              		.align	1
 637              		.global	LPTIM_SetCompareValue
 638              		.syntax unified
 639              		.thumb
 640              		.thumb_func
 642              	LPTIM_SetCompareValue:
 643              	.LFB157:
 312:../../../firmware/n32h7xx_std_periph_driver/src/n32h7xx_lptim.c **** 
 313:../../../firmware/n32h7xx_std_periph_driver/src/n32h7xx_lptim.c **** /**
 314:../../../firmware/n32h7xx_std_periph_driver/src/n32h7xx_lptim.c **** *\*\name    LPTIM_SetCompareValue.
 315:../../../firmware/n32h7xx_std_periph_driver/src/n32h7xx_lptim.c **** *\*\fun     Set the compare value.
 316:../../../firmware/n32h7xx_std_periph_driver/src/n32h7xx_lptim.c **** *\*\param   LPTIMx (The input parameters must be the following values):
 317:../../../firmware/n32h7xx_std_periph_driver/src/n32h7xx_lptim.c **** *\*\          - LPTIM1
 318:../../../firmware/n32h7xx_std_periph_driver/src/n32h7xx_lptim.c **** *\*\          - LPTIM2
 319:../../../firmware/n32h7xx_std_periph_driver/src/n32h7xx_lptim.c **** *\*\          - LPTIM3
 320:../../../firmware/n32h7xx_std_periph_driver/src/n32h7xx_lptim.c **** *\*\          - LPTIM4
 321:../../../firmware/n32h7xx_std_periph_driver/src/n32h7xx_lptim.c **** *\*\          - LPTIM5
 322:../../../firmware/n32h7xx_std_periph_driver/src/n32h7xx_lptim.c **** *\*\param   CompareValue:
 323:../../../firmware/n32h7xx_std_periph_driver/src/n32h7xx_lptim.c **** *\*\          - Value between Min_Data=0x00 and Max_Data=0xFFFF
 324:../../../firmware/n32h7xx_std_periph_driver/src/n32h7xx_lptim.c **** *\*\return  none
 325:../../../firmware/n32h7xx_std_periph_driver/src/n32h7xx_lptim.c **** *\*\note    After a write to the LPTIMx_CMP register a new write operation to the
 326:../../../firmware/n32h7xx_std_periph_driver/src/n32h7xx_lptim.c **** *\*\        same register can only be performed when the previous write operation
 327:../../../firmware/n32h7xx_std_periph_driver/src/n32h7xx_lptim.c **** *\*\        is completed. Any successive write before the CMPUPD flag be set, will
 328:../../../firmware/n32h7xx_std_periph_driver/src/n32h7xx_lptim.c **** *\*\        lead to unpredictable results.
 329:../../../firmware/n32h7xx_std_periph_driver/src/n32h7xx_lptim.c **** **/
 330:../../../firmware/n32h7xx_std_periph_driver/src/n32h7xx_lptim.c **** void LPTIM_SetCompareValue(LPTIM_Module* LPTIMx, uint32_t CompareValue)
 331:../../../firmware/n32h7xx_std_periph_driver/src/n32h7xx_lptim.c **** {
 644              		.loc 1 331 1
 645              		.cfi_startproc
 646              		@ args = 0, pretend = 0, frame = 8
 647              		@ frame_needed = 1, uses_anonymous_args = 0
 648              		@ link register save eliminated.
 649 0000 80B4     		push	{r7}
 650              	.LCFI58:
ARM GAS  /tmp/ccpTBGqq.s 			page 18


 651              		.cfi_def_cfa_offset 4
 652              		.cfi_offset 7, -4
 653 0002 83B0     		sub	sp, sp, #12
 654              	.LCFI59:
 655              		.cfi_def_cfa_offset 16
 656 0004 00AF     		add	r7, sp, #0
 657              	.LCFI60:
 658              		.cfi_def_cfa_register 7
 659 0006 7860     		str	r0, [r7, #4]
 660 0008 3960     		str	r1, [r7]
 332:../../../firmware/n32h7xx_std_periph_driver/src/n32h7xx_lptim.c ****     MODIFY_REG(LPTIMx->CMP, LPTIM_CMP_CMPVAL, CompareValue);
 661              		.loc 1 332 5
 662 000a 7B68     		ldr	r3, [r7, #4]
 663 000c 5A69     		ldr	r2, [r3, #20]
 664 000e 054B     		ldr	r3, .L35
 665 0010 1340     		ands	r3, r3, r2
 666 0012 3A68     		ldr	r2, [r7]
 667 0014 1A43     		orrs	r2, r2, r3
 668 0016 7B68     		ldr	r3, [r7, #4]
 669 0018 5A61     		str	r2, [r3, #20]
 333:../../../firmware/n32h7xx_std_periph_driver/src/n32h7xx_lptim.c **** }
 670              		.loc 1 333 1
 671 001a 00BF     		nop
 672 001c 0C37     		adds	r7, r7, #12
 673              	.LCFI61:
 674              		.cfi_def_cfa_offset 4
 675 001e BD46     		mov	sp, r7
 676              	.LCFI62:
 677              		.cfi_def_cfa_register 13
 678              		@ sp needed
 679 0020 80BC     		pop	{r7}
 680              	.LCFI63:
 681              		.cfi_restore 7
 682              		.cfi_def_cfa_offset 0
 683 0022 7047     		bx	lr
 684              	.L36:
 685              		.align	2
 686              	.L35:
 687 0024 0000FFFF 		.word	-65536
 688              		.cfi_endproc
 689              	.LFE157:
 691              		.section	.text.LPTIM_GetCompareValue,"ax",%progbits
 692              		.align	1
 693              		.global	LPTIM_GetCompareValue
 694              		.syntax unified
 695              		.thumb
 696              		.thumb_func
 698              	LPTIM_GetCompareValue:
 699              	.LFB158:
 334:../../../firmware/n32h7xx_std_periph_driver/src/n32h7xx_lptim.c **** 
 335:../../../firmware/n32h7xx_std_periph_driver/src/n32h7xx_lptim.c **** /**
 336:../../../firmware/n32h7xx_std_periph_driver/src/n32h7xx_lptim.c **** *\*\name    LPTIM_GetCompareValue.
 337:../../../firmware/n32h7xx_std_periph_driver/src/n32h7xx_lptim.c **** *\*\fun     Get actual compare value.
 338:../../../firmware/n32h7xx_std_periph_driver/src/n32h7xx_lptim.c **** *\*\param   LPTIMx (The input parameters must be the following values):
 339:../../../firmware/n32h7xx_std_periph_driver/src/n32h7xx_lptim.c **** *\*\          - LPTIM1
 340:../../../firmware/n32h7xx_std_periph_driver/src/n32h7xx_lptim.c **** *\*\          - LPTIM2
 341:../../../firmware/n32h7xx_std_periph_driver/src/n32h7xx_lptim.c **** *\*\          - LPTIM3
ARM GAS  /tmp/ccpTBGqq.s 			page 19


 342:../../../firmware/n32h7xx_std_periph_driver/src/n32h7xx_lptim.c **** *\*\          - LPTIM4
 343:../../../firmware/n32h7xx_std_periph_driver/src/n32h7xx_lptim.c **** *\*\          - LPTIM5
 344:../../../firmware/n32h7xx_std_periph_driver/src/n32h7xx_lptim.c **** *\*\return  CompareValue Value between Min_Data=0x00 and Max_Data=0xFFFF
 345:../../../firmware/n32h7xx_std_periph_driver/src/n32h7xx_lptim.c **** **/
 346:../../../firmware/n32h7xx_std_periph_driver/src/n32h7xx_lptim.c **** uint32_t LPTIM_GetCompareValue(LPTIM_Module* LPTIMx)
 347:../../../firmware/n32h7xx_std_periph_driver/src/n32h7xx_lptim.c **** {
 700              		.loc 1 347 1
 701              		.cfi_startproc
 702              		@ args = 0, pretend = 0, frame = 16
 703              		@ frame_needed = 1, uses_anonymous_args = 0
 704              		@ link register save eliminated.
 705 0000 80B4     		push	{r7}
 706              	.LCFI64:
 707              		.cfi_def_cfa_offset 4
 708              		.cfi_offset 7, -4
 709 0002 85B0     		sub	sp, sp, #20
 710              	.LCFI65:
 711              		.cfi_def_cfa_offset 24
 712 0004 00AF     		add	r7, sp, #0
 713              	.LCFI66:
 714              		.cfi_def_cfa_register 7
 715 0006 7860     		str	r0, [r7, #4]
 348:../../../firmware/n32h7xx_std_periph_driver/src/n32h7xx_lptim.c ****     uint32_t Value;
 349:../../../firmware/n32h7xx_std_periph_driver/src/n32h7xx_lptim.c **** 
 350:../../../firmware/n32h7xx_std_periph_driver/src/n32h7xx_lptim.c ****     /* Read the corresponding bit */
 351:../../../firmware/n32h7xx_std_periph_driver/src/n32h7xx_lptim.c ****     Value = (uint32_t)(READ_BIT(LPTIMx->CMP, LPTIM_CMP_CMPVAL));
 716              		.loc 1 351 24
 717 0008 7B68     		ldr	r3, [r7, #4]
 718 000a 5B69     		ldr	r3, [r3, #20]
 719              		.loc 1 351 11
 720 000c 9BB2     		uxth	r3, r3
 721 000e FB60     		str	r3, [r7, #12]
 352:../../../firmware/n32h7xx_std_periph_driver/src/n32h7xx_lptim.c **** 
 353:../../../firmware/n32h7xx_std_periph_driver/src/n32h7xx_lptim.c ****     return Value;
 722              		.loc 1 353 12
 723 0010 FB68     		ldr	r3, [r7, #12]
 354:../../../firmware/n32h7xx_std_periph_driver/src/n32h7xx_lptim.c **** }
 724              		.loc 1 354 1
 725 0012 1846     		mov	r0, r3
 726 0014 1437     		adds	r7, r7, #20
 727              	.LCFI67:
 728              		.cfi_def_cfa_offset 4
 729 0016 BD46     		mov	sp, r7
 730              	.LCFI68:
 731              		.cfi_def_cfa_register 13
 732              		@ sp needed
 733 0018 80BC     		pop	{r7}
 734              	.LCFI69:
 735              		.cfi_restore 7
 736              		.cfi_def_cfa_offset 0
 737 001a 7047     		bx	lr
 738              		.cfi_endproc
 739              	.LFE158:
 741              		.section	.text.LPTIM_GetCounterValue,"ax",%progbits
 742              		.align	1
 743              		.global	LPTIM_GetCounterValue
 744              		.syntax unified
ARM GAS  /tmp/ccpTBGqq.s 			page 20


 745              		.thumb
 746              		.thumb_func
 748              	LPTIM_GetCounterValue:
 749              	.LFB159:
 355:../../../firmware/n32h7xx_std_periph_driver/src/n32h7xx_lptim.c **** 
 356:../../../firmware/n32h7xx_std_periph_driver/src/n32h7xx_lptim.c **** /**
 357:../../../firmware/n32h7xx_std_periph_driver/src/n32h7xx_lptim.c **** *\*\name    LPTIM_GetCounterValue.
 358:../../../firmware/n32h7xx_std_periph_driver/src/n32h7xx_lptim.c **** *\*\fun     Get actual counter value.
 359:../../../firmware/n32h7xx_std_periph_driver/src/n32h7xx_lptim.c **** *\*\param   LPTIMx (The input parameters must be the following values):
 360:../../../firmware/n32h7xx_std_periph_driver/src/n32h7xx_lptim.c **** *\*\          - LPTIM1
 361:../../../firmware/n32h7xx_std_periph_driver/src/n32h7xx_lptim.c **** *\*\          - LPTIM2
 362:../../../firmware/n32h7xx_std_periph_driver/src/n32h7xx_lptim.c **** *\*\          - LPTIM3
 363:../../../firmware/n32h7xx_std_periph_driver/src/n32h7xx_lptim.c **** *\*\          - LPTIM4
 364:../../../firmware/n32h7xx_std_periph_driver/src/n32h7xx_lptim.c **** *\*\          - LPTIM5
 365:../../../firmware/n32h7xx_std_periph_driver/src/n32h7xx_lptim.c **** *\*\return  Counter value
 366:../../../firmware/n32h7xx_std_periph_driver/src/n32h7xx_lptim.c **** *\*\note    When the LPTIM instance is running with an asynchronous clock, reading
 367:../../../firmware/n32h7xx_std_periph_driver/src/n32h7xx_lptim.c **** *\*\        the LPTIMx_CNT register may return unreliable values. So in this case it
 368:../../../firmware/n32h7xx_std_periph_driver/src/n32h7xx_lptim.c **** *\*\        is necessary to perform two consecutive read accesses and verify that the
 369:../../../firmware/n32h7xx_std_periph_driver/src/n32h7xx_lptim.c **** *\*\        two returned values are identical.
 370:../../../firmware/n32h7xx_std_periph_driver/src/n32h7xx_lptim.c **** **/
 371:../../../firmware/n32h7xx_std_periph_driver/src/n32h7xx_lptim.c **** uint32_t LPTIM_GetCounterValue(LPTIM_Module* LPTIMx)
 372:../../../firmware/n32h7xx_std_periph_driver/src/n32h7xx_lptim.c **** {
 750              		.loc 1 372 1
 751              		.cfi_startproc
 752              		@ args = 0, pretend = 0, frame = 16
 753              		@ frame_needed = 1, uses_anonymous_args = 0
 754              		@ link register save eliminated.
 755 0000 80B4     		push	{r7}
 756              	.LCFI70:
 757              		.cfi_def_cfa_offset 4
 758              		.cfi_offset 7, -4
 759 0002 85B0     		sub	sp, sp, #20
 760              	.LCFI71:
 761              		.cfi_def_cfa_offset 24
 762 0004 00AF     		add	r7, sp, #0
 763              	.LCFI72:
 764              		.cfi_def_cfa_register 7
 765 0006 7860     		str	r0, [r7, #4]
 373:../../../firmware/n32h7xx_std_periph_driver/src/n32h7xx_lptim.c ****     uint32_t Value;
 374:../../../firmware/n32h7xx_std_periph_driver/src/n32h7xx_lptim.c **** 
 375:../../../firmware/n32h7xx_std_periph_driver/src/n32h7xx_lptim.c ****     /* Read the corresponding bit */
 376:../../../firmware/n32h7xx_std_periph_driver/src/n32h7xx_lptim.c ****     Value = (uint32_t)(READ_BIT(LPTIMx->CNT, LPTIM_CNT_CNTVAL));
 766              		.loc 1 376 24
 767 0008 7B68     		ldr	r3, [r7, #4]
 768 000a DB69     		ldr	r3, [r3, #28]
 769              		.loc 1 376 11
 770 000c 9BB2     		uxth	r3, r3
 771 000e FB60     		str	r3, [r7, #12]
 377:../../../firmware/n32h7xx_std_periph_driver/src/n32h7xx_lptim.c **** 
 378:../../../firmware/n32h7xx_std_periph_driver/src/n32h7xx_lptim.c ****     return Value;
 772              		.loc 1 378 12
 773 0010 FB68     		ldr	r3, [r7, #12]
 379:../../../firmware/n32h7xx_std_periph_driver/src/n32h7xx_lptim.c **** }
 774              		.loc 1 379 1
 775 0012 1846     		mov	r0, r3
 776 0014 1437     		adds	r7, r7, #20
 777              	.LCFI73:
ARM GAS  /tmp/ccpTBGqq.s 			page 21


 778              		.cfi_def_cfa_offset 4
 779 0016 BD46     		mov	sp, r7
 780              	.LCFI74:
 781              		.cfi_def_cfa_register 13
 782              		@ sp needed
 783 0018 80BC     		pop	{r7}
 784              	.LCFI75:
 785              		.cfi_restore 7
 786              		.cfi_def_cfa_offset 0
 787 001a 7047     		bx	lr
 788              		.cfi_endproc
 789              	.LFE159:
 791              		.section	.text.LPTIM_SetCounterMode,"ax",%progbits
 792              		.align	1
 793              		.global	LPTIM_SetCounterMode
 794              		.syntax unified
 795              		.thumb
 796              		.thumb_func
 798              	LPTIM_SetCounterMode:
 799              	.LFB160:
 380:../../../firmware/n32h7xx_std_periph_driver/src/n32h7xx_lptim.c **** 
 381:../../../firmware/n32h7xx_std_periph_driver/src/n32h7xx_lptim.c **** /**
 382:../../../firmware/n32h7xx_std_periph_driver/src/n32h7xx_lptim.c **** *\*\name    LPTIM_SetCounterMode.
 383:../../../firmware/n32h7xx_std_periph_driver/src/n32h7xx_lptim.c **** *\*\fun     Set the counter mode (selection of the LPTIM counter clock source).
 384:../../../firmware/n32h7xx_std_periph_driver/src/n32h7xx_lptim.c **** *\*\param   LPTIMx (The input parameters must be the following values):
 385:../../../firmware/n32h7xx_std_periph_driver/src/n32h7xx_lptim.c **** *\*\          - LPTIM1
 386:../../../firmware/n32h7xx_std_periph_driver/src/n32h7xx_lptim.c **** *\*\          - LPTIM2
 387:../../../firmware/n32h7xx_std_periph_driver/src/n32h7xx_lptim.c **** *\*\          - LPTIM3
 388:../../../firmware/n32h7xx_std_periph_driver/src/n32h7xx_lptim.c **** *\*\          - LPTIM4
 389:../../../firmware/n32h7xx_std_periph_driver/src/n32h7xx_lptim.c **** *\*\          - LPTIM5
 390:../../../firmware/n32h7xx_std_periph_driver/src/n32h7xx_lptim.c **** *\*\param   CounterMode (The input parameters must be the following values):
 391:../../../firmware/n32h7xx_std_periph_driver/src/n32h7xx_lptim.c **** *\*\          - LPTIM_COUNTER_MODE_INTERNAL
 392:../../../firmware/n32h7xx_std_periph_driver/src/n32h7xx_lptim.c **** *\*\          - LPTIM_COUNTER_MODE_EXTERNAL
 393:../../../firmware/n32h7xx_std_periph_driver/src/n32h7xx_lptim.c **** *\*\return  none
 394:../../../firmware/n32h7xx_std_periph_driver/src/n32h7xx_lptim.c **** *\*\note    The counter mode can be set only when the LPTIM instance is disabled.
 395:../../../firmware/n32h7xx_std_periph_driver/src/n32h7xx_lptim.c **** **/
 396:../../../firmware/n32h7xx_std_periph_driver/src/n32h7xx_lptim.c **** void LPTIM_SetCounterMode(LPTIM_Module* LPTIMx, uint32_t CounterMode)
 397:../../../firmware/n32h7xx_std_periph_driver/src/n32h7xx_lptim.c **** {
 800              		.loc 1 397 1
 801              		.cfi_startproc
 802              		@ args = 0, pretend = 0, frame = 8
 803              		@ frame_needed = 1, uses_anonymous_args = 0
 804              		@ link register save eliminated.
 805 0000 80B4     		push	{r7}
 806              	.LCFI76:
 807              		.cfi_def_cfa_offset 4
 808              		.cfi_offset 7, -4
 809 0002 83B0     		sub	sp, sp, #12
 810              	.LCFI77:
 811              		.cfi_def_cfa_offset 16
 812 0004 00AF     		add	r7, sp, #0
 813              	.LCFI78:
 814              		.cfi_def_cfa_register 7
 815 0006 7860     		str	r0, [r7, #4]
 816 0008 3960     		str	r1, [r7]
 398:../../../firmware/n32h7xx_std_periph_driver/src/n32h7xx_lptim.c ****     MODIFY_REG(LPTIMx->CFG, LPTIM_CFG_CNTMEN, CounterMode);
 817              		.loc 1 398 5
ARM GAS  /tmp/ccpTBGqq.s 			page 22


 818 000a 7B68     		ldr	r3, [r7, #4]
 819 000c DB68     		ldr	r3, [r3, #12]
 820 000e 23F40002 		bic	r2, r3, #8388608
 821 0012 3B68     		ldr	r3, [r7]
 822 0014 1A43     		orrs	r2, r2, r3
 823 0016 7B68     		ldr	r3, [r7, #4]
 824 0018 DA60     		str	r2, [r3, #12]
 399:../../../firmware/n32h7xx_std_periph_driver/src/n32h7xx_lptim.c **** }
 825              		.loc 1 399 1
 826 001a 00BF     		nop
 827 001c 0C37     		adds	r7, r7, #12
 828              	.LCFI79:
 829              		.cfi_def_cfa_offset 4
 830 001e BD46     		mov	sp, r7
 831              	.LCFI80:
 832              		.cfi_def_cfa_register 13
 833              		@ sp needed
 834 0020 80BC     		pop	{r7}
 835              	.LCFI81:
 836              		.cfi_restore 7
 837              		.cfi_def_cfa_offset 0
 838 0022 7047     		bx	lr
 839              		.cfi_endproc
 840              	.LFE160:
 842              		.section	.text.LPTIM_GetCounterMode,"ax",%progbits
 843              		.align	1
 844              		.global	LPTIM_GetCounterMode
 845              		.syntax unified
 846              		.thumb
 847              		.thumb_func
 849              	LPTIM_GetCounterMode:
 850              	.LFB161:
 400:../../../firmware/n32h7xx_std_periph_driver/src/n32h7xx_lptim.c **** 
 401:../../../firmware/n32h7xx_std_periph_driver/src/n32h7xx_lptim.c **** /**
 402:../../../firmware/n32h7xx_std_periph_driver/src/n32h7xx_lptim.c **** *\*\name    LPTIM_GetCounterMode.
 403:../../../firmware/n32h7xx_std_periph_driver/src/n32h7xx_lptim.c **** *\*\fun     Get the counter mode.
 404:../../../firmware/n32h7xx_std_periph_driver/src/n32h7xx_lptim.c **** *\*\param   LPTIMx (The input parameters must be the following values):
 405:../../../firmware/n32h7xx_std_periph_driver/src/n32h7xx_lptim.c **** *\*\          - LPTIM1
 406:../../../firmware/n32h7xx_std_periph_driver/src/n32h7xx_lptim.c **** *\*\          - LPTIM2
 407:../../../firmware/n32h7xx_std_periph_driver/src/n32h7xx_lptim.c **** *\*\          - LPTIM3
 408:../../../firmware/n32h7xx_std_periph_driver/src/n32h7xx_lptim.c **** *\*\          - LPTIM4
 409:../../../firmware/n32h7xx_std_periph_driver/src/n32h7xx_lptim.c **** *\*\          - LPTIM5
 410:../../../firmware/n32h7xx_std_periph_driver/src/n32h7xx_lptim.c **** *\*\return  LPTIM_COUNTER_MODE_INTERNAL or LPTIM_COUNTER_MODE_EXTERNAL
 411:../../../firmware/n32h7xx_std_periph_driver/src/n32h7xx_lptim.c **** **/
 412:../../../firmware/n32h7xx_std_periph_driver/src/n32h7xx_lptim.c **** uint32_t LPTIM_GetCounterMode(LPTIM_Module* LPTIMx)
 413:../../../firmware/n32h7xx_std_periph_driver/src/n32h7xx_lptim.c **** {
 851              		.loc 1 413 1
 852              		.cfi_startproc
 853              		@ args = 0, pretend = 0, frame = 16
 854              		@ frame_needed = 1, uses_anonymous_args = 0
 855              		@ link register save eliminated.
 856 0000 80B4     		push	{r7}
 857              	.LCFI82:
 858              		.cfi_def_cfa_offset 4
 859              		.cfi_offset 7, -4
 860 0002 85B0     		sub	sp, sp, #20
 861              	.LCFI83:
ARM GAS  /tmp/ccpTBGqq.s 			page 23


 862              		.cfi_def_cfa_offset 24
 863 0004 00AF     		add	r7, sp, #0
 864              	.LCFI84:
 865              		.cfi_def_cfa_register 7
 866 0006 7860     		str	r0, [r7, #4]
 414:../../../firmware/n32h7xx_std_periph_driver/src/n32h7xx_lptim.c ****     uint32_t Mode;
 415:../../../firmware/n32h7xx_std_periph_driver/src/n32h7xx_lptim.c **** 
 416:../../../firmware/n32h7xx_std_periph_driver/src/n32h7xx_lptim.c ****     /* Read the corresponding bit */
 417:../../../firmware/n32h7xx_std_periph_driver/src/n32h7xx_lptim.c ****     Mode = (uint32_t)(READ_BIT(LPTIMx->CFG, LPTIM_CFG_CNTMEN));
 867              		.loc 1 417 23
 868 0008 7B68     		ldr	r3, [r7, #4]
 869 000a DB68     		ldr	r3, [r3, #12]
 870              		.loc 1 417 10
 871 000c 03F40003 		and	r3, r3, #8388608
 872 0010 FB60     		str	r3, [r7, #12]
 418:../../../firmware/n32h7xx_std_periph_driver/src/n32h7xx_lptim.c **** 
 419:../../../firmware/n32h7xx_std_periph_driver/src/n32h7xx_lptim.c ****     return Mode;
 873              		.loc 1 419 12
 874 0012 FB68     		ldr	r3, [r7, #12]
 420:../../../firmware/n32h7xx_std_periph_driver/src/n32h7xx_lptim.c **** }
 875              		.loc 1 420 1
 876 0014 1846     		mov	r0, r3
 877 0016 1437     		adds	r7, r7, #20
 878              	.LCFI85:
 879              		.cfi_def_cfa_offset 4
 880 0018 BD46     		mov	sp, r7
 881              	.LCFI86:
 882              		.cfi_def_cfa_register 13
 883              		@ sp needed
 884 001a 80BC     		pop	{r7}
 885              	.LCFI87:
 886              		.cfi_restore 7
 887              		.cfi_def_cfa_offset 0
 888 001c 7047     		bx	lr
 889              		.cfi_endproc
 890              	.LFE161:
 892              		.section	.text.LPTIM_ConfigOutput,"ax",%progbits
 893              		.align	1
 894              		.global	LPTIM_ConfigOutput
 895              		.syntax unified
 896              		.thumb
 897              		.thumb_func
 899              	LPTIM_ConfigOutput:
 900              	.LFB162:
 421:../../../firmware/n32h7xx_std_periph_driver/src/n32h7xx_lptim.c **** 
 422:../../../firmware/n32h7xx_std_periph_driver/src/n32h7xx_lptim.c **** /**
 423:../../../firmware/n32h7xx_std_periph_driver/src/n32h7xx_lptim.c **** *\*\name    LPTIM_ConfigOutput.
 424:../../../firmware/n32h7xx_std_periph_driver/src/n32h7xx_lptim.c **** *\*\fun     Configure the LPTIM instance output.
 425:../../../firmware/n32h7xx_std_periph_driver/src/n32h7xx_lptim.c **** *\*\param   LPTIMx (The input parameters must be the following values):
 426:../../../firmware/n32h7xx_std_periph_driver/src/n32h7xx_lptim.c **** *\*\          - LPTIM1
 427:../../../firmware/n32h7xx_std_periph_driver/src/n32h7xx_lptim.c **** *\*\          - LPTIM2
 428:../../../firmware/n32h7xx_std_periph_driver/src/n32h7xx_lptim.c **** *\*\          - LPTIM3
 429:../../../firmware/n32h7xx_std_periph_driver/src/n32h7xx_lptim.c **** *\*\          - LPTIM4
 430:../../../firmware/n32h7xx_std_periph_driver/src/n32h7xx_lptim.c **** *\*\          - LPTIM5
 431:../../../firmware/n32h7xx_std_periph_driver/src/n32h7xx_lptim.c **** *\*\param   Waveform (The input parameters must be the following values):
 432:../../../firmware/n32h7xx_std_periph_driver/src/n32h7xx_lptim.c **** *\*\          - LPTIM_OUTPUT_WAVEFORM_PWM
 433:../../../firmware/n32h7xx_std_periph_driver/src/n32h7xx_lptim.c **** *\*\          - LPTIM_OUTPUT_WAVEFORM_SETONCE
ARM GAS  /tmp/ccpTBGqq.s 			page 24


 434:../../../firmware/n32h7xx_std_periph_driver/src/n32h7xx_lptim.c **** *\*\param   Polarity (The input parameters must be the following values):
 435:../../../firmware/n32h7xx_std_periph_driver/src/n32h7xx_lptim.c **** *\*\          - LPTIM_OUTPUT_POLARITY_REGULAR
 436:../../../firmware/n32h7xx_std_periph_driver/src/n32h7xx_lptim.c **** *\*\          - LPTIM_OUTPUT_POLARITY_INVERSE
 437:../../../firmware/n32h7xx_std_periph_driver/src/n32h7xx_lptim.c **** *\*\return  none
 438:../../../firmware/n32h7xx_std_periph_driver/src/n32h7xx_lptim.c **** *\*\note    This function must be called when the LPTIM instance is disabled.
 439:../../../firmware/n32h7xx_std_periph_driver/src/n32h7xx_lptim.c **** *\*\note    Regarding the LPTIM output polarity the change takes effect immediately,
 440:../../../firmware/n32h7xx_std_periph_driver/src/n32h7xx_lptim.c **** *\*\        so the output default value will change immediately after the polarity
 441:../../../firmware/n32h7xx_std_periph_driver/src/n32h7xx_lptim.c **** *\*\        is re-configured, even before the timer is enabled.
 442:../../../firmware/n32h7xx_std_periph_driver/src/n32h7xx_lptim.c **** **/
 443:../../../firmware/n32h7xx_std_periph_driver/src/n32h7xx_lptim.c **** void LPTIM_ConfigOutput(LPTIM_Module* LPTIMx, uint32_t Waveform, uint32_t Polarity)
 444:../../../firmware/n32h7xx_std_periph_driver/src/n32h7xx_lptim.c **** {
 901              		.loc 1 444 1
 902              		.cfi_startproc
 903              		@ args = 0, pretend = 0, frame = 16
 904              		@ frame_needed = 1, uses_anonymous_args = 0
 905              		@ link register save eliminated.
 906 0000 80B4     		push	{r7}
 907              	.LCFI88:
 908              		.cfi_def_cfa_offset 4
 909              		.cfi_offset 7, -4
 910 0002 85B0     		sub	sp, sp, #20
 911              	.LCFI89:
 912              		.cfi_def_cfa_offset 24
 913 0004 00AF     		add	r7, sp, #0
 914              	.LCFI90:
 915              		.cfi_def_cfa_register 7
 916 0006 F860     		str	r0, [r7, #12]
 917 0008 B960     		str	r1, [r7, #8]
 918 000a 7A60     		str	r2, [r7, #4]
 445:../../../firmware/n32h7xx_std_periph_driver/src/n32h7xx_lptim.c ****     MODIFY_REG(LPTIMx->CFG, LPTIM_CFG_WAVE | LPTIM_CFG_WAVEPOL, Waveform | Polarity);
 919              		.loc 1 445 5
 920 000c FB68     		ldr	r3, [r7, #12]
 921 000e DB68     		ldr	r3, [r3, #12]
 922 0010 23F44012 		bic	r2, r3, #3145728
 923 0014 B968     		ldr	r1, [r7, #8]
 924 0016 7B68     		ldr	r3, [r7, #4]
 925 0018 0B43     		orrs	r3, r3, r1
 926 001a 1A43     		orrs	r2, r2, r3
 927 001c FB68     		ldr	r3, [r7, #12]
 928 001e DA60     		str	r2, [r3, #12]
 446:../../../firmware/n32h7xx_std_periph_driver/src/n32h7xx_lptim.c **** }
 929              		.loc 1 446 1
 930 0020 00BF     		nop
 931 0022 1437     		adds	r7, r7, #20
 932              	.LCFI91:
 933              		.cfi_def_cfa_offset 4
 934 0024 BD46     		mov	sp, r7
 935              	.LCFI92:
 936              		.cfi_def_cfa_register 13
 937              		@ sp needed
 938 0026 80BC     		pop	{r7}
 939              	.LCFI93:
 940              		.cfi_restore 7
 941              		.cfi_def_cfa_offset 0
 942 0028 7047     		bx	lr
 943              		.cfi_endproc
 944              	.LFE162:
ARM GAS  /tmp/ccpTBGqq.s 			page 25


 946              		.section	.text.LPTIM_SetWaveform,"ax",%progbits
 947              		.align	1
 948              		.global	LPTIM_SetWaveform
 949              		.syntax unified
 950              		.thumb
 951              		.thumb_func
 953              	LPTIM_SetWaveform:
 954              	.LFB163:
 447:../../../firmware/n32h7xx_std_periph_driver/src/n32h7xx_lptim.c **** 
 448:../../../firmware/n32h7xx_std_periph_driver/src/n32h7xx_lptim.c **** /**
 449:../../../firmware/n32h7xx_std_periph_driver/src/n32h7xx_lptim.c **** *\*\name    LPTIM_SetWaveform.
 450:../../../firmware/n32h7xx_std_periph_driver/src/n32h7xx_lptim.c **** *\*\fun     Set waveform shape.
 451:../../../firmware/n32h7xx_std_periph_driver/src/n32h7xx_lptim.c **** *\*\param   LPTIMx (The input parameters must be the following values):
 452:../../../firmware/n32h7xx_std_periph_driver/src/n32h7xx_lptim.c **** *\*\          - LPTIM1
 453:../../../firmware/n32h7xx_std_periph_driver/src/n32h7xx_lptim.c **** *\*\          - LPTIM2
 454:../../../firmware/n32h7xx_std_periph_driver/src/n32h7xx_lptim.c **** *\*\          - LPTIM3
 455:../../../firmware/n32h7xx_std_periph_driver/src/n32h7xx_lptim.c **** *\*\          - LPTIM4
 456:../../../firmware/n32h7xx_std_periph_driver/src/n32h7xx_lptim.c **** *\*\          - LPTIM5
 457:../../../firmware/n32h7xx_std_periph_driver/src/n32h7xx_lptim.c **** *\*\param   Waveform (The input parameters must be the following values):
 458:../../../firmware/n32h7xx_std_periph_driver/src/n32h7xx_lptim.c **** *\*\          - LPTIM_OUTPUT_WAVEFORM_PWM
 459:../../../firmware/n32h7xx_std_periph_driver/src/n32h7xx_lptim.c **** *\*\          - LPTIM_OUTPUT_WAVEFORM_SETONCE
 460:../../../firmware/n32h7xx_std_periph_driver/src/n32h7xx_lptim.c **** *\*\return  none
 461:../../../firmware/n32h7xx_std_periph_driver/src/n32h7xx_lptim.c **** **/
 462:../../../firmware/n32h7xx_std_periph_driver/src/n32h7xx_lptim.c **** void LPTIM_SetWaveform(LPTIM_Module* LPTIMx, uint32_t Waveform)
 463:../../../firmware/n32h7xx_std_periph_driver/src/n32h7xx_lptim.c **** {
 955              		.loc 1 463 1
 956              		.cfi_startproc
 957              		@ args = 0, pretend = 0, frame = 8
 958              		@ frame_needed = 1, uses_anonymous_args = 0
 959              		@ link register save eliminated.
 960 0000 80B4     		push	{r7}
 961              	.LCFI94:
 962              		.cfi_def_cfa_offset 4
 963              		.cfi_offset 7, -4
 964 0002 83B0     		sub	sp, sp, #12
 965              	.LCFI95:
 966              		.cfi_def_cfa_offset 16
 967 0004 00AF     		add	r7, sp, #0
 968              	.LCFI96:
 969              		.cfi_def_cfa_register 7
 970 0006 7860     		str	r0, [r7, #4]
 971 0008 3960     		str	r1, [r7]
 464:../../../firmware/n32h7xx_std_periph_driver/src/n32h7xx_lptim.c ****     MODIFY_REG(LPTIMx->CFG, LPTIM_CFG_WAVE, Waveform);
 972              		.loc 1 464 5
 973 000a 7B68     		ldr	r3, [r7, #4]
 974 000c DB68     		ldr	r3, [r3, #12]
 975 000e 23F48012 		bic	r2, r3, #1048576
 976 0012 3B68     		ldr	r3, [r7]
 977 0014 1A43     		orrs	r2, r2, r3
 978 0016 7B68     		ldr	r3, [r7, #4]
 979 0018 DA60     		str	r2, [r3, #12]
 465:../../../firmware/n32h7xx_std_periph_driver/src/n32h7xx_lptim.c **** }
 980              		.loc 1 465 1
 981 001a 00BF     		nop
 982 001c 0C37     		adds	r7, r7, #12
 983              	.LCFI97:
 984              		.cfi_def_cfa_offset 4
ARM GAS  /tmp/ccpTBGqq.s 			page 26


 985 001e BD46     		mov	sp, r7
 986              	.LCFI98:
 987              		.cfi_def_cfa_register 13
 988              		@ sp needed
 989 0020 80BC     		pop	{r7}
 990              	.LCFI99:
 991              		.cfi_restore 7
 992              		.cfi_def_cfa_offset 0
 993 0022 7047     		bx	lr
 994              		.cfi_endproc
 995              	.LFE163:
 997              		.section	.text.LPTIM_GetWaveform,"ax",%progbits
 998              		.align	1
 999              		.global	LPTIM_GetWaveform
 1000              		.syntax unified
 1001              		.thumb
 1002              		.thumb_func
 1004              	LPTIM_GetWaveform:
 1005              	.LFB164:
 466:../../../firmware/n32h7xx_std_periph_driver/src/n32h7xx_lptim.c **** 
 467:../../../firmware/n32h7xx_std_periph_driver/src/n32h7xx_lptim.c **** /**
 468:../../../firmware/n32h7xx_std_periph_driver/src/n32h7xx_lptim.c **** *\*\name    LPTIM_GetWaveform.
 469:../../../firmware/n32h7xx_std_periph_driver/src/n32h7xx_lptim.c **** *\*\fun     Get actual waveform shape.
 470:../../../firmware/n32h7xx_std_periph_driver/src/n32h7xx_lptim.c **** *\*\param   LPTIMx (The input parameters must be the following values):
 471:../../../firmware/n32h7xx_std_periph_driver/src/n32h7xx_lptim.c **** *\*\          - LPTIM1
 472:../../../firmware/n32h7xx_std_periph_driver/src/n32h7xx_lptim.c **** *\*\          - LPTIM2
 473:../../../firmware/n32h7xx_std_periph_driver/src/n32h7xx_lptim.c **** *\*\          - LPTIM3
 474:../../../firmware/n32h7xx_std_periph_driver/src/n32h7xx_lptim.c **** *\*\          - LPTIM4
 475:../../../firmware/n32h7xx_std_periph_driver/src/n32h7xx_lptim.c **** *\*\          - LPTIM5
 476:../../../firmware/n32h7xx_std_periph_driver/src/n32h7xx_lptim.c **** *\*\return  LPTIM_OUTPUT_WAVEFORM_PWM or LPTIM_OUTPUT_WAVEFORM_SETONCE
 477:../../../firmware/n32h7xx_std_periph_driver/src/n32h7xx_lptim.c **** **/
 478:../../../firmware/n32h7xx_std_periph_driver/src/n32h7xx_lptim.c **** uint32_t LPTIM_GetWaveform(LPTIM_Module* LPTIMx)
 479:../../../firmware/n32h7xx_std_periph_driver/src/n32h7xx_lptim.c **** {
 1006              		.loc 1 479 1
 1007              		.cfi_startproc
 1008              		@ args = 0, pretend = 0, frame = 16
 1009              		@ frame_needed = 1, uses_anonymous_args = 0
 1010              		@ link register save eliminated.
 1011 0000 80B4     		push	{r7}
 1012              	.LCFI100:
 1013              		.cfi_def_cfa_offset 4
 1014              		.cfi_offset 7, -4
 1015 0002 85B0     		sub	sp, sp, #20
 1016              	.LCFI101:
 1017              		.cfi_def_cfa_offset 24
 1018 0004 00AF     		add	r7, sp, #0
 1019              	.LCFI102:
 1020              		.cfi_def_cfa_register 7
 1021 0006 7860     		str	r0, [r7, #4]
 480:../../../firmware/n32h7xx_std_periph_driver/src/n32h7xx_lptim.c ****     uint32_t Waveform;
 481:../../../firmware/n32h7xx_std_periph_driver/src/n32h7xx_lptim.c **** 
 482:../../../firmware/n32h7xx_std_periph_driver/src/n32h7xx_lptim.c ****     /* Read the corresponding bit */
 483:../../../firmware/n32h7xx_std_periph_driver/src/n32h7xx_lptim.c ****     Waveform = (uint32_t)(READ_BIT(LPTIMx->CFG, LPTIM_CFG_WAVE));
 1022              		.loc 1 483 27
 1023 0008 7B68     		ldr	r3, [r7, #4]
 1024 000a DB68     		ldr	r3, [r3, #12]
 1025              		.loc 1 483 14
ARM GAS  /tmp/ccpTBGqq.s 			page 27


 1026 000c 03F48013 		and	r3, r3, #1048576
 1027 0010 FB60     		str	r3, [r7, #12]
 484:../../../firmware/n32h7xx_std_periph_driver/src/n32h7xx_lptim.c **** 
 485:../../../firmware/n32h7xx_std_periph_driver/src/n32h7xx_lptim.c ****     return Waveform;
 1028              		.loc 1 485 12
 1029 0012 FB68     		ldr	r3, [r7, #12]
 486:../../../firmware/n32h7xx_std_periph_driver/src/n32h7xx_lptim.c **** }
 1030              		.loc 1 486 1
 1031 0014 1846     		mov	r0, r3
 1032 0016 1437     		adds	r7, r7, #20
 1033              	.LCFI103:
 1034              		.cfi_def_cfa_offset 4
 1035 0018 BD46     		mov	sp, r7
 1036              	.LCFI104:
 1037              		.cfi_def_cfa_register 13
 1038              		@ sp needed
 1039 001a 80BC     		pop	{r7}
 1040              	.LCFI105:
 1041              		.cfi_restore 7
 1042              		.cfi_def_cfa_offset 0
 1043 001c 7047     		bx	lr
 1044              		.cfi_endproc
 1045              	.LFE164:
 1047              		.section	.text.LPTIM_SetPolarity,"ax",%progbits
 1048              		.align	1
 1049              		.global	LPTIM_SetPolarity
 1050              		.syntax unified
 1051              		.thumb
 1052              		.thumb_func
 1054              	LPTIM_SetPolarity:
 1055              	.LFB165:
 487:../../../firmware/n32h7xx_std_periph_driver/src/n32h7xx_lptim.c **** 
 488:../../../firmware/n32h7xx_std_periph_driver/src/n32h7xx_lptim.c **** /**
 489:../../../firmware/n32h7xx_std_periph_driver/src/n32h7xx_lptim.c **** *\*\name    LPTIM_SetPolarity.
 490:../../../firmware/n32h7xx_std_periph_driver/src/n32h7xx_lptim.c **** *\*\fun     Set output polarity.
 491:../../../firmware/n32h7xx_std_periph_driver/src/n32h7xx_lptim.c **** *\*\param   LPTIMx (The input parameters must be the following values):
 492:../../../firmware/n32h7xx_std_periph_driver/src/n32h7xx_lptim.c **** *\*\          - LPTIM1
 493:../../../firmware/n32h7xx_std_periph_driver/src/n32h7xx_lptim.c **** *\*\          - LPTIM2
 494:../../../firmware/n32h7xx_std_periph_driver/src/n32h7xx_lptim.c **** *\*\          - LPTIM3
 495:../../../firmware/n32h7xx_std_periph_driver/src/n32h7xx_lptim.c **** *\*\          - LPTIM4
 496:../../../firmware/n32h7xx_std_periph_driver/src/n32h7xx_lptim.c **** *\*\          - LPTIM5
 497:../../../firmware/n32h7xx_std_periph_driver/src/n32h7xx_lptim.c **** *\*\param   Polarity (The input parameters must be the following values):
 498:../../../firmware/n32h7xx_std_periph_driver/src/n32h7xx_lptim.c **** *\*\          - LPTIM_OUTPUT_POLARITY_REGULAR
 499:../../../firmware/n32h7xx_std_periph_driver/src/n32h7xx_lptim.c **** *\*\          - LPTIM_OUTPUT_POLARITY_INVERSE
 500:../../../firmware/n32h7xx_std_periph_driver/src/n32h7xx_lptim.c **** *\*\return  none
 501:../../../firmware/n32h7xx_std_periph_driver/src/n32h7xx_lptim.c **** **/
 502:../../../firmware/n32h7xx_std_periph_driver/src/n32h7xx_lptim.c **** void LPTIM_SetPolarity(LPTIM_Module* LPTIMx, uint32_t Polarity)
 503:../../../firmware/n32h7xx_std_periph_driver/src/n32h7xx_lptim.c **** {
 1056              		.loc 1 503 1
 1057              		.cfi_startproc
 1058              		@ args = 0, pretend = 0, frame = 8
 1059              		@ frame_needed = 1, uses_anonymous_args = 0
 1060              		@ link register save eliminated.
 1061 0000 80B4     		push	{r7}
 1062              	.LCFI106:
 1063              		.cfi_def_cfa_offset 4
 1064              		.cfi_offset 7, -4
ARM GAS  /tmp/ccpTBGqq.s 			page 28


 1065 0002 83B0     		sub	sp, sp, #12
 1066              	.LCFI107:
 1067              		.cfi_def_cfa_offset 16
 1068 0004 00AF     		add	r7, sp, #0
 1069              	.LCFI108:
 1070              		.cfi_def_cfa_register 7
 1071 0006 7860     		str	r0, [r7, #4]
 1072 0008 3960     		str	r1, [r7]
 504:../../../firmware/n32h7xx_std_periph_driver/src/n32h7xx_lptim.c ****     MODIFY_REG(LPTIMx->CFG, LPTIM_CFG_WAVEPOL, Polarity);
 1073              		.loc 1 504 5
 1074 000a 7B68     		ldr	r3, [r7, #4]
 1075 000c DB68     		ldr	r3, [r3, #12]
 1076 000e 23F40012 		bic	r2, r3, #2097152
 1077 0012 3B68     		ldr	r3, [r7]
 1078 0014 1A43     		orrs	r2, r2, r3
 1079 0016 7B68     		ldr	r3, [r7, #4]
 1080 0018 DA60     		str	r2, [r3, #12]
 505:../../../firmware/n32h7xx_std_periph_driver/src/n32h7xx_lptim.c **** }
 1081              		.loc 1 505 1
 1082 001a 00BF     		nop
 1083 001c 0C37     		adds	r7, r7, #12
 1084              	.LCFI109:
 1085              		.cfi_def_cfa_offset 4
 1086 001e BD46     		mov	sp, r7
 1087              	.LCFI110:
 1088              		.cfi_def_cfa_register 13
 1089              		@ sp needed
 1090 0020 80BC     		pop	{r7}
 1091              	.LCFI111:
 1092              		.cfi_restore 7
 1093              		.cfi_def_cfa_offset 0
 1094 0022 7047     		bx	lr
 1095              		.cfi_endproc
 1096              	.LFE165:
 1098              		.section	.text.LPTIM_GetPolarity,"ax",%progbits
 1099              		.align	1
 1100              		.global	LPTIM_GetPolarity
 1101              		.syntax unified
 1102              		.thumb
 1103              		.thumb_func
 1105              	LPTIM_GetPolarity:
 1106              	.LFB166:
 506:../../../firmware/n32h7xx_std_periph_driver/src/n32h7xx_lptim.c **** 
 507:../../../firmware/n32h7xx_std_periph_driver/src/n32h7xx_lptim.c **** /**
 508:../../../firmware/n32h7xx_std_periph_driver/src/n32h7xx_lptim.c **** *\*\name    LPTIM_GetPolarity.
 509:../../../firmware/n32h7xx_std_periph_driver/src/n32h7xx_lptim.c **** *\*\fun     Get actual output polarity.
 510:../../../firmware/n32h7xx_std_periph_driver/src/n32h7xx_lptim.c **** *\*\param   LPTIMx (The input parameters must be the following values):
 511:../../../firmware/n32h7xx_std_periph_driver/src/n32h7xx_lptim.c **** *\*\          - LPTIM1
 512:../../../firmware/n32h7xx_std_periph_driver/src/n32h7xx_lptim.c **** *\*\          - LPTIM2
 513:../../../firmware/n32h7xx_std_periph_driver/src/n32h7xx_lptim.c **** *\*\          - LPTIM3
 514:../../../firmware/n32h7xx_std_periph_driver/src/n32h7xx_lptim.c **** *\*\          - LPTIM4
 515:../../../firmware/n32h7xx_std_periph_driver/src/n32h7xx_lptim.c **** *\*\          - LPTIM5
 516:../../../firmware/n32h7xx_std_periph_driver/src/n32h7xx_lptim.c **** *\*\return  LPTIM_OUTPUT_POLARITY_REGULAR or LPTIM_OUTPUT_POLARITY_INVERSE
 517:../../../firmware/n32h7xx_std_periph_driver/src/n32h7xx_lptim.c **** **/
 518:../../../firmware/n32h7xx_std_periph_driver/src/n32h7xx_lptim.c **** uint32_t LPTIM_GetPolarity(LPTIM_Module* LPTIMx)
 519:../../../firmware/n32h7xx_std_periph_driver/src/n32h7xx_lptim.c **** {
 1107              		.loc 1 519 1
ARM GAS  /tmp/ccpTBGqq.s 			page 29


 1108              		.cfi_startproc
 1109              		@ args = 0, pretend = 0, frame = 16
 1110              		@ frame_needed = 1, uses_anonymous_args = 0
 1111              		@ link register save eliminated.
 1112 0000 80B4     		push	{r7}
 1113              	.LCFI112:
 1114              		.cfi_def_cfa_offset 4
 1115              		.cfi_offset 7, -4
 1116 0002 85B0     		sub	sp, sp, #20
 1117              	.LCFI113:
 1118              		.cfi_def_cfa_offset 24
 1119 0004 00AF     		add	r7, sp, #0
 1120              	.LCFI114:
 1121              		.cfi_def_cfa_register 7
 1122 0006 7860     		str	r0, [r7, #4]
 520:../../../firmware/n32h7xx_std_periph_driver/src/n32h7xx_lptim.c ****     uint32_t Polarity;
 521:../../../firmware/n32h7xx_std_periph_driver/src/n32h7xx_lptim.c **** 
 522:../../../firmware/n32h7xx_std_periph_driver/src/n32h7xx_lptim.c ****     /* Read the corresponding bit */
 523:../../../firmware/n32h7xx_std_periph_driver/src/n32h7xx_lptim.c ****     Polarity = (uint32_t)(READ_BIT(LPTIMx->CFG, LPTIM_CFG_WAVEPOL));
 1123              		.loc 1 523 27
 1124 0008 7B68     		ldr	r3, [r7, #4]
 1125 000a DB68     		ldr	r3, [r3, #12]
 1126              		.loc 1 523 14
 1127 000c 03F40013 		and	r3, r3, #2097152
 1128 0010 FB60     		str	r3, [r7, #12]
 524:../../../firmware/n32h7xx_std_periph_driver/src/n32h7xx_lptim.c **** 
 525:../../../firmware/n32h7xx_std_periph_driver/src/n32h7xx_lptim.c ****     return Polarity;
 1129              		.loc 1 525 12
 1130 0012 FB68     		ldr	r3, [r7, #12]
 526:../../../firmware/n32h7xx_std_periph_driver/src/n32h7xx_lptim.c **** }
 1131              		.loc 1 526 1
 1132 0014 1846     		mov	r0, r3
 1133 0016 1437     		adds	r7, r7, #20
 1134              	.LCFI115:
 1135              		.cfi_def_cfa_offset 4
 1136 0018 BD46     		mov	sp, r7
 1137              	.LCFI116:
 1138              		.cfi_def_cfa_register 13
 1139              		@ sp needed
 1140 001a 80BC     		pop	{r7}
 1141              	.LCFI117:
 1142              		.cfi_restore 7
 1143              		.cfi_def_cfa_offset 0
 1144 001c 7047     		bx	lr
 1145              		.cfi_endproc
 1146              	.LFE166:
 1148              		.section	.text.LPTIM_SetPrescaler,"ax",%progbits
 1149              		.align	1
 1150              		.global	LPTIM_SetPrescaler
 1151              		.syntax unified
 1152              		.thumb
 1153              		.thumb_func
 1155              	LPTIM_SetPrescaler:
 1156              	.LFB167:
 527:../../../firmware/n32h7xx_std_periph_driver/src/n32h7xx_lptim.c **** 
 528:../../../firmware/n32h7xx_std_periph_driver/src/n32h7xx_lptim.c **** /**
 529:../../../firmware/n32h7xx_std_periph_driver/src/n32h7xx_lptim.c **** *\*\name    LPTIM_SetPrescaler.
ARM GAS  /tmp/ccpTBGqq.s 			page 30


 530:../../../firmware/n32h7xx_std_periph_driver/src/n32h7xx_lptim.c **** *\*\fun     Set actual prescaler division ratio.
 531:../../../firmware/n32h7xx_std_periph_driver/src/n32h7xx_lptim.c **** *\*\param   LPTIMx (The input parameters must be the following values):
 532:../../../firmware/n32h7xx_std_periph_driver/src/n32h7xx_lptim.c **** *\*\          - LPTIM1
 533:../../../firmware/n32h7xx_std_periph_driver/src/n32h7xx_lptim.c **** *\*\          - LPTIM2
 534:../../../firmware/n32h7xx_std_periph_driver/src/n32h7xx_lptim.c **** *\*\          - LPTIM3
 535:../../../firmware/n32h7xx_std_periph_driver/src/n32h7xx_lptim.c **** *\*\          - LPTIM4
 536:../../../firmware/n32h7xx_std_periph_driver/src/n32h7xx_lptim.c **** *\*\          - LPTIM5
 537:../../../firmware/n32h7xx_std_periph_driver/src/n32h7xx_lptim.c **** *\*\param   Prescaler (The input parameters must be the following values):
 538:../../../firmware/n32h7xx_std_periph_driver/src/n32h7xx_lptim.c **** *\*\          - LPTIM_PRESCALER_DIV1
 539:../../../firmware/n32h7xx_std_periph_driver/src/n32h7xx_lptim.c **** *\*\          - LPTIM_PRESCALER_DIV2
 540:../../../firmware/n32h7xx_std_periph_driver/src/n32h7xx_lptim.c **** *\*\          - LPTIM_PRESCALER_DIV4
 541:../../../firmware/n32h7xx_std_periph_driver/src/n32h7xx_lptim.c **** *\*\          - LPTIM_PRESCALER_DIV8
 542:../../../firmware/n32h7xx_std_periph_driver/src/n32h7xx_lptim.c **** *\*\          - LPTIM_PRESCALER_DIV16
 543:../../../firmware/n32h7xx_std_periph_driver/src/n32h7xx_lptim.c **** *\*\          - LPTIM_PRESCALER_DIV32
 544:../../../firmware/n32h7xx_std_periph_driver/src/n32h7xx_lptim.c **** *\*\          - LPTIM_PRESCALER_DIV64
 545:../../../firmware/n32h7xx_std_periph_driver/src/n32h7xx_lptim.c **** *\*\          - LPTIM_PRESCALER_DIV128
 546:../../../firmware/n32h7xx_std_periph_driver/src/n32h7xx_lptim.c **** *\*\return  none
 547:../../../firmware/n32h7xx_std_periph_driver/src/n32h7xx_lptim.c **** *\*\note    This function must be called when the LPTIM instance is disabled.
 548:../../../firmware/n32h7xx_std_periph_driver/src/n32h7xx_lptim.c **** *\*\note    When the LPTIM is configured to be clocked by an internal clock
 549:../../../firmware/n32h7xx_std_periph_driver/src/n32h7xx_lptim.c **** *\*\        source and the LPTIM counter is configured to be updated by active
 550:../../../firmware/n32h7xx_std_periph_driver/src/n32h7xx_lptim.c **** *\*\        edges detected on the LPTIM external Input1, the internal clock
 551:../../../firmware/n32h7xx_std_periph_driver/src/n32h7xx_lptim.c **** *\*\        provided to the LPTIM must not be prescaled.
 552:../../../firmware/n32h7xx_std_periph_driver/src/n32h7xx_lptim.c **** **/
 553:../../../firmware/n32h7xx_std_periph_driver/src/n32h7xx_lptim.c **** void LPTIM_SetPrescaler(LPTIM_Module* LPTIMx, uint32_t Prescaler)
 554:../../../firmware/n32h7xx_std_periph_driver/src/n32h7xx_lptim.c **** {
 1157              		.loc 1 554 1
 1158              		.cfi_startproc
 1159              		@ args = 0, pretend = 0, frame = 8
 1160              		@ frame_needed = 1, uses_anonymous_args = 0
 1161              		@ link register save eliminated.
 1162 0000 80B4     		push	{r7}
 1163              	.LCFI118:
 1164              		.cfi_def_cfa_offset 4
 1165              		.cfi_offset 7, -4
 1166 0002 83B0     		sub	sp, sp, #12
 1167              	.LCFI119:
 1168              		.cfi_def_cfa_offset 16
 1169 0004 00AF     		add	r7, sp, #0
 1170              	.LCFI120:
 1171              		.cfi_def_cfa_register 7
 1172 0006 7860     		str	r0, [r7, #4]
 1173 0008 3960     		str	r1, [r7]
 555:../../../firmware/n32h7xx_std_periph_driver/src/n32h7xx_lptim.c ****     MODIFY_REG(LPTIMx->CFG, LPTIM_CFG_CLKPRE, Prescaler);
 1174              		.loc 1 555 5
 1175 000a 7B68     		ldr	r3, [r7, #4]
 1176 000c DB68     		ldr	r3, [r3, #12]
 1177 000e 23F46062 		bic	r2, r3, #3584
 1178 0012 3B68     		ldr	r3, [r7]
 1179 0014 1A43     		orrs	r2, r2, r3
 1180 0016 7B68     		ldr	r3, [r7, #4]
 1181 0018 DA60     		str	r2, [r3, #12]
 556:../../../firmware/n32h7xx_std_periph_driver/src/n32h7xx_lptim.c **** }
 1182              		.loc 1 556 1
 1183 001a 00BF     		nop
 1184 001c 0C37     		adds	r7, r7, #12
 1185              	.LCFI121:
 1186              		.cfi_def_cfa_offset 4
ARM GAS  /tmp/ccpTBGqq.s 			page 31


 1187 001e BD46     		mov	sp, r7
 1188              	.LCFI122:
 1189              		.cfi_def_cfa_register 13
 1190              		@ sp needed
 1191 0020 80BC     		pop	{r7}
 1192              	.LCFI123:
 1193              		.cfi_restore 7
 1194              		.cfi_def_cfa_offset 0
 1195 0022 7047     		bx	lr
 1196              		.cfi_endproc
 1197              	.LFE167:
 1199              		.section	.text.LPTIM_GetPrescaler,"ax",%progbits
 1200              		.align	1
 1201              		.global	LPTIM_GetPrescaler
 1202              		.syntax unified
 1203              		.thumb
 1204              		.thumb_func
 1206              	LPTIM_GetPrescaler:
 1207              	.LFB168:
 557:../../../firmware/n32h7xx_std_periph_driver/src/n32h7xx_lptim.c **** 
 558:../../../firmware/n32h7xx_std_periph_driver/src/n32h7xx_lptim.c **** /**
 559:../../../firmware/n32h7xx_std_periph_driver/src/n32h7xx_lptim.c **** *\*\name    LPTIM_GetPrescaler.
 560:../../../firmware/n32h7xx_std_periph_driver/src/n32h7xx_lptim.c **** *\*\fun     Get actual prescaler division ratio.
 561:../../../firmware/n32h7xx_std_periph_driver/src/n32h7xx_lptim.c **** *\*\param   LPTIMx (The input parameters must be the following values):
 562:../../../firmware/n32h7xx_std_periph_driver/src/n32h7xx_lptim.c **** *\*\          - LPTIM1
 563:../../../firmware/n32h7xx_std_periph_driver/src/n32h7xx_lptim.c **** *\*\          - LPTIM2
 564:../../../firmware/n32h7xx_std_periph_driver/src/n32h7xx_lptim.c **** *\*\          - LPTIM3
 565:../../../firmware/n32h7xx_std_periph_driver/src/n32h7xx_lptim.c **** *\*\          - LPTIM4
 566:../../../firmware/n32h7xx_std_periph_driver/src/n32h7xx_lptim.c **** *\*\          - LPTIM5
 567:../../../firmware/n32h7xx_std_periph_driver/src/n32h7xx_lptim.c **** *\*\return  Returned value can be one of the following values:
 568:../../../firmware/n32h7xx_std_periph_driver/src/n32h7xx_lptim.c **** *\*\          - LPTIM_PRESCALER_DIV1
 569:../../../firmware/n32h7xx_std_periph_driver/src/n32h7xx_lptim.c **** *\*\          - LPTIM_PRESCALER_DIV2
 570:../../../firmware/n32h7xx_std_periph_driver/src/n32h7xx_lptim.c **** *\*\          - LPTIM_PRESCALER_DIV4
 571:../../../firmware/n32h7xx_std_periph_driver/src/n32h7xx_lptim.c **** *\*\          - LPTIM_PRESCALER_DIV8
 572:../../../firmware/n32h7xx_std_periph_driver/src/n32h7xx_lptim.c **** *\*\          - LPTIM_PRESCALER_DIV16
 573:../../../firmware/n32h7xx_std_periph_driver/src/n32h7xx_lptim.c **** *\*\          - LPTIM_PRESCALER_DIV32
 574:../../../firmware/n32h7xx_std_periph_driver/src/n32h7xx_lptim.c **** *\*\          - LPTIM_PRESCALER_DIV64
 575:../../../firmware/n32h7xx_std_periph_driver/src/n32h7xx_lptim.c **** *\*\          - LPTIM_PRESCALER_DIV128
 576:../../../firmware/n32h7xx_std_periph_driver/src/n32h7xx_lptim.c **** **/
 577:../../../firmware/n32h7xx_std_periph_driver/src/n32h7xx_lptim.c **** uint32_t LPTIM_GetPrescaler(LPTIM_Module* LPTIMx)
 578:../../../firmware/n32h7xx_std_periph_driver/src/n32h7xx_lptim.c **** {
 1208              		.loc 1 578 1
 1209              		.cfi_startproc
 1210              		@ args = 0, pretend = 0, frame = 16
 1211              		@ frame_needed = 1, uses_anonymous_args = 0
 1212              		@ link register save eliminated.
 1213 0000 80B4     		push	{r7}
 1214              	.LCFI124:
 1215              		.cfi_def_cfa_offset 4
 1216              		.cfi_offset 7, -4
 1217 0002 85B0     		sub	sp, sp, #20
 1218              	.LCFI125:
 1219              		.cfi_def_cfa_offset 24
 1220 0004 00AF     		add	r7, sp, #0
 1221              	.LCFI126:
 1222              		.cfi_def_cfa_register 7
 1223 0006 7860     		str	r0, [r7, #4]
ARM GAS  /tmp/ccpTBGqq.s 			page 32


 579:../../../firmware/n32h7xx_std_periph_driver/src/n32h7xx_lptim.c ****     uint32_t Prescaler;
 580:../../../firmware/n32h7xx_std_periph_driver/src/n32h7xx_lptim.c **** 
 581:../../../firmware/n32h7xx_std_periph_driver/src/n32h7xx_lptim.c ****     /* Read the corresponding bit */
 582:../../../firmware/n32h7xx_std_periph_driver/src/n32h7xx_lptim.c ****     Prescaler = (uint32_t)(READ_BIT(LPTIMx->CFG, LPTIM_CFG_CLKPRE));
 1224              		.loc 1 582 28
 1225 0008 7B68     		ldr	r3, [r7, #4]
 1226 000a DB68     		ldr	r3, [r3, #12]
 1227              		.loc 1 582 15
 1228 000c 03F46063 		and	r3, r3, #3584
 1229 0010 FB60     		str	r3, [r7, #12]
 583:../../../firmware/n32h7xx_std_periph_driver/src/n32h7xx_lptim.c **** 
 584:../../../firmware/n32h7xx_std_periph_driver/src/n32h7xx_lptim.c ****     return Prescaler;
 1230              		.loc 1 584 12
 1231 0012 FB68     		ldr	r3, [r7, #12]
 585:../../../firmware/n32h7xx_std_periph_driver/src/n32h7xx_lptim.c **** }
 1232              		.loc 1 585 1
 1233 0014 1846     		mov	r0, r3
 1234 0016 1437     		adds	r7, r7, #20
 1235              	.LCFI127:
 1236              		.cfi_def_cfa_offset 4
 1237 0018 BD46     		mov	sp, r7
 1238              	.LCFI128:
 1239              		.cfi_def_cfa_register 13
 1240              		@ sp needed
 1241 001a 80BC     		pop	{r7}
 1242              	.LCFI129:
 1243              		.cfi_restore 7
 1244              		.cfi_def_cfa_offset 0
 1245 001c 7047     		bx	lr
 1246              		.cfi_endproc
 1247              	.LFE168:
 1249              		.section	.text.LPTIM_TimeoutCmd,"ax",%progbits
 1250              		.align	1
 1251              		.global	LPTIM_TimeoutCmd
 1252              		.syntax unified
 1253              		.thumb
 1254              		.thumb_func
 1256              	LPTIM_TimeoutCmd:
 1257              	.LFB169:
 586:../../../firmware/n32h7xx_std_periph_driver/src/n32h7xx_lptim.c **** 
 587:../../../firmware/n32h7xx_std_periph_driver/src/n32h7xx_lptim.c **** /**
 588:../../../firmware/n32h7xx_std_periph_driver/src/n32h7xx_lptim.c **** *\*\name    LPTIM_TimeoutCmd.
 589:../../../firmware/n32h7xx_std_periph_driver/src/n32h7xx_lptim.c **** *\*\fun     Enables or disables the LPTIM timeout function.
 590:../../../firmware/n32h7xx_std_periph_driver/src/n32h7xx_lptim.c **** *\*\param   LPTIMx (The input parameters must be the following values):
 591:../../../firmware/n32h7xx_std_periph_driver/src/n32h7xx_lptim.c **** *\*\          - LPTIM1
 592:../../../firmware/n32h7xx_std_periph_driver/src/n32h7xx_lptim.c **** *\*\          - LPTIM2
 593:../../../firmware/n32h7xx_std_periph_driver/src/n32h7xx_lptim.c **** *\*\          - LPTIM3
 594:../../../firmware/n32h7xx_std_periph_driver/src/n32h7xx_lptim.c **** *\*\          - LPTIM4
 595:../../../firmware/n32h7xx_std_periph_driver/src/n32h7xx_lptim.c **** *\*\          - LPTIM5
 596:../../../firmware/n32h7xx_std_periph_driver/src/n32h7xx_lptim.c **** *\*\param   Cmd (The input parameters must be the following values):
 597:../../../firmware/n32h7xx_std_periph_driver/src/n32h7xx_lptim.c **** *\*\          - ENABLE
 598:../../../firmware/n32h7xx_std_periph_driver/src/n32h7xx_lptim.c **** *\*\          - DISABLE
 599:../../../firmware/n32h7xx_std_periph_driver/src/n32h7xx_lptim.c **** *\*\return  none
 600:../../../firmware/n32h7xx_std_periph_driver/src/n32h7xx_lptim.c **** *\*\note    This function must be called when the LPTIM instance is disabled.
 601:../../../firmware/n32h7xx_std_periph_driver/src/n32h7xx_lptim.c **** *\*\note    The first trigger event will start the timer, any successive trigger
 602:../../../firmware/n32h7xx_std_periph_driver/src/n32h7xx_lptim.c **** *\*\        event will reset the counter and the timer will restart.
 603:../../../firmware/n32h7xx_std_periph_driver/src/n32h7xx_lptim.c **** *\*\note    The timeout value corresponds to the compare value; if no trigger
ARM GAS  /tmp/ccpTBGqq.s 			page 33


 604:../../../firmware/n32h7xx_std_periph_driver/src/n32h7xx_lptim.c **** *\*\        occurs within the expected time frame, the MCU is waked-up by the
 605:../../../firmware/n32h7xx_std_periph_driver/src/n32h7xx_lptim.c **** *\*\        compare match event.
 606:../../../firmware/n32h7xx_std_periph_driver/src/n32h7xx_lptim.c **** *\*\note    A trigger event arriving when the timer is already started will be
 607:../../../firmware/n32h7xx_std_periph_driver/src/n32h7xx_lptim.c **** *\*\        ignored.
 608:../../../firmware/n32h7xx_std_periph_driver/src/n32h7xx_lptim.c **** **/
 609:../../../firmware/n32h7xx_std_periph_driver/src/n32h7xx_lptim.c **** void LPTIM_TimeoutCmd(LPTIM_Module* LPTIMx, FunctionalStatus Cmd)
 610:../../../firmware/n32h7xx_std_periph_driver/src/n32h7xx_lptim.c **** {
 1258              		.loc 1 610 1
 1259              		.cfi_startproc
 1260              		@ args = 0, pretend = 0, frame = 8
 1261              		@ frame_needed = 1, uses_anonymous_args = 0
 1262              		@ link register save eliminated.
 1263 0000 80B4     		push	{r7}
 1264              	.LCFI130:
 1265              		.cfi_def_cfa_offset 4
 1266              		.cfi_offset 7, -4
 1267 0002 83B0     		sub	sp, sp, #12
 1268              	.LCFI131:
 1269              		.cfi_def_cfa_offset 16
 1270 0004 00AF     		add	r7, sp, #0
 1271              	.LCFI132:
 1272              		.cfi_def_cfa_register 7
 1273 0006 7860     		str	r0, [r7, #4]
 1274 0008 0B46     		mov	r3, r1
 1275 000a FB70     		strb	r3, [r7, #3]
 611:../../../firmware/n32h7xx_std_periph_driver/src/n32h7xx_lptim.c ****     if (Cmd != DISABLE)
 1276              		.loc 1 611 8
 1277 000c FB78     		ldrb	r3, [r7, #3]	@ zero_extendqisi2
 1278 000e 002B     		cmp	r3, #0
 1279 0010 06D0     		beq	.L55
 612:../../../firmware/n32h7xx_std_periph_driver/src/n32h7xx_lptim.c ****     {
 613:../../../firmware/n32h7xx_std_periph_driver/src/n32h7xx_lptim.c ****         /* Enable the LPTIM timeout function */
 614:../../../firmware/n32h7xx_std_periph_driver/src/n32h7xx_lptim.c ****         SET_BIT(LPTIMx->CFG, LPTIM_CFG_TIMOUTEN);
 1280              		.loc 1 614 9
 1281 0012 7B68     		ldr	r3, [r7, #4]
 1282 0014 DB68     		ldr	r3, [r3, #12]
 1283 0016 43F40022 		orr	r2, r3, #524288
 1284 001a 7B68     		ldr	r3, [r7, #4]
 1285 001c DA60     		str	r2, [r3, #12]
 615:../../../firmware/n32h7xx_std_periph_driver/src/n32h7xx_lptim.c ****     }
 616:../../../firmware/n32h7xx_std_periph_driver/src/n32h7xx_lptim.c ****     else
 617:../../../firmware/n32h7xx_std_periph_driver/src/n32h7xx_lptim.c ****     {
 618:../../../firmware/n32h7xx_std_periph_driver/src/n32h7xx_lptim.c ****         /* Disable the LPTIM timeout function */
 619:../../../firmware/n32h7xx_std_periph_driver/src/n32h7xx_lptim.c ****         CLEAR_BIT(LPTIMx->CFG, LPTIM_CFG_TIMOUTEN);
 620:../../../firmware/n32h7xx_std_periph_driver/src/n32h7xx_lptim.c ****     }
 621:../../../firmware/n32h7xx_std_periph_driver/src/n32h7xx_lptim.c **** }
 1286              		.loc 1 621 1
 1287 001e 05E0     		b	.L57
 1288              	.L55:
 619:../../../firmware/n32h7xx_std_periph_driver/src/n32h7xx_lptim.c ****     }
 1289              		.loc 1 619 9
 1290 0020 7B68     		ldr	r3, [r7, #4]
 1291 0022 DB68     		ldr	r3, [r3, #12]
 1292 0024 23F40022 		bic	r2, r3, #524288
 1293 0028 7B68     		ldr	r3, [r7, #4]
 1294 002a DA60     		str	r2, [r3, #12]
 1295              	.L57:
ARM GAS  /tmp/ccpTBGqq.s 			page 34


 1296              		.loc 1 621 1
 1297 002c 00BF     		nop
 1298 002e 0C37     		adds	r7, r7, #12
 1299              	.LCFI133:
 1300              		.cfi_def_cfa_offset 4
 1301 0030 BD46     		mov	sp, r7
 1302              	.LCFI134:
 1303              		.cfi_def_cfa_register 13
 1304              		@ sp needed
 1305 0032 80BC     		pop	{r7}
 1306              	.LCFI135:
 1307              		.cfi_restore 7
 1308              		.cfi_def_cfa_offset 0
 1309 0034 7047     		bx	lr
 1310              		.cfi_endproc
 1311              	.LFE169:
 1313              		.section	.text.LPTIM_IsEnabledTimeout,"ax",%progbits
 1314              		.align	1
 1315              		.global	LPTIM_IsEnabledTimeout
 1316              		.syntax unified
 1317              		.thumb
 1318              		.thumb_func
 1320              	LPTIM_IsEnabledTimeout:
 1321              	.LFB170:
 622:../../../firmware/n32h7xx_std_periph_driver/src/n32h7xx_lptim.c **** 
 623:../../../firmware/n32h7xx_std_periph_driver/src/n32h7xx_lptim.c **** /**
 624:../../../firmware/n32h7xx_std_periph_driver/src/n32h7xx_lptim.c **** *\*\name    LPTIM_IsEnabledTimeout.
 625:../../../firmware/n32h7xx_std_periph_driver/src/n32h7xx_lptim.c **** *\*\fun     Indicate whether the timeout function is enabled.
 626:../../../firmware/n32h7xx_std_periph_driver/src/n32h7xx_lptim.c **** *\*\param   LPTIMx (The input parameters must be the following values):
 627:../../../firmware/n32h7xx_std_periph_driver/src/n32h7xx_lptim.c **** *\*\          - LPTIM1
 628:../../../firmware/n32h7xx_std_periph_driver/src/n32h7xx_lptim.c **** *\*\          - LPTIM2
 629:../../../firmware/n32h7xx_std_periph_driver/src/n32h7xx_lptim.c **** *\*\          - LPTIM3
 630:../../../firmware/n32h7xx_std_periph_driver/src/n32h7xx_lptim.c **** *\*\          - LPTIM4
 631:../../../firmware/n32h7xx_std_periph_driver/src/n32h7xx_lptim.c **** *\*\          - LPTIM5
 632:../../../firmware/n32h7xx_std_periph_driver/src/n32h7xx_lptim.c **** *\*\return  1 or 0
 633:../../../firmware/n32h7xx_std_periph_driver/src/n32h7xx_lptim.c **** **/
 634:../../../firmware/n32h7xx_std_periph_driver/src/n32h7xx_lptim.c **** uint32_t LPTIM_IsEnabledTimeout(LPTIM_Module* LPTIMx)
 635:../../../firmware/n32h7xx_std_periph_driver/src/n32h7xx_lptim.c **** {
 1322              		.loc 1 635 1
 1323              		.cfi_startproc
 1324              		@ args = 0, pretend = 0, frame = 16
 1325              		@ frame_needed = 1, uses_anonymous_args = 0
 1326              		@ link register save eliminated.
 1327 0000 80B4     		push	{r7}
 1328              	.LCFI136:
 1329              		.cfi_def_cfa_offset 4
 1330              		.cfi_offset 7, -4
 1331 0002 85B0     		sub	sp, sp, #20
 1332              	.LCFI137:
 1333              		.cfi_def_cfa_offset 24
 1334 0004 00AF     		add	r7, sp, #0
 1335              	.LCFI138:
 1336              		.cfi_def_cfa_register 7
 1337 0006 7860     		str	r0, [r7, #4]
 636:../../../firmware/n32h7xx_std_periph_driver/src/n32h7xx_lptim.c ****     uint32_t Temp;
 637:../../../firmware/n32h7xx_std_periph_driver/src/n32h7xx_lptim.c **** 
 638:../../../firmware/n32h7xx_std_periph_driver/src/n32h7xx_lptim.c ****     /* Read the corresponding bit, set 1 to return 1, otherwise, return 0 */
ARM GAS  /tmp/ccpTBGqq.s 			page 35


 639:../../../firmware/n32h7xx_std_periph_driver/src/n32h7xx_lptim.c ****     Temp = (((READ_BIT(LPTIMx->CFG, LPTIM_CFG_TIMOUTEN) == LPTIM_CFG_TIMOUTEN) ? 1UL : 0UL));
 1338              		.loc 1 639 15
 1339 0008 7B68     		ldr	r3, [r7, #4]
 1340 000a DB68     		ldr	r3, [r3, #12]
 1341 000c 03F40023 		and	r3, r3, #524288
 1342              		.loc 1 639 86
 1343 0010 B3F5002F 		cmp	r3, #524288
 1344 0014 01D1     		bne	.L59
 1345              		.loc 1 639 86 is_stmt 0 discriminator 1
 1346 0016 0123     		movs	r3, #1
 1347 0018 00E0     		b	.L60
 1348              	.L59:
 1349              		.loc 1 639 86 discriminator 2
 1350 001a 0023     		movs	r3, #0
 1351              	.L60:
 1352              		.loc 1 639 10 is_stmt 1 discriminator 4
 1353 001c FB60     		str	r3, [r7, #12]
 640:../../../firmware/n32h7xx_std_periph_driver/src/n32h7xx_lptim.c **** 
 641:../../../firmware/n32h7xx_std_periph_driver/src/n32h7xx_lptim.c ****     return Temp;
 1354              		.loc 1 641 12
 1355 001e FB68     		ldr	r3, [r7, #12]
 642:../../../firmware/n32h7xx_std_periph_driver/src/n32h7xx_lptim.c **** }
 1356              		.loc 1 642 1
 1357 0020 1846     		mov	r0, r3
 1358 0022 1437     		adds	r7, r7, #20
 1359              	.LCFI139:
 1360              		.cfi_def_cfa_offset 4
 1361 0024 BD46     		mov	sp, r7
 1362              	.LCFI140:
 1363              		.cfi_def_cfa_register 13
 1364              		@ sp needed
 1365 0026 80BC     		pop	{r7}
 1366              	.LCFI141:
 1367              		.cfi_restore 7
 1368              		.cfi_def_cfa_offset 0
 1369 0028 7047     		bx	lr
 1370              		.cfi_endproc
 1371              	.LFE170:
 1373              		.section	.text.LPTIM_SoftwareTrigger,"ax",%progbits
 1374              		.align	1
 1375              		.global	LPTIM_SoftwareTrigger
 1376              		.syntax unified
 1377              		.thumb
 1378              		.thumb_func
 1380              	LPTIM_SoftwareTrigger:
 1381              	.LFB171:
 643:../../../firmware/n32h7xx_std_periph_driver/src/n32h7xx_lptim.c **** 
 644:../../../firmware/n32h7xx_std_periph_driver/src/n32h7xx_lptim.c **** /**
 645:../../../firmware/n32h7xx_std_periph_driver/src/n32h7xx_lptim.c **** *\*\name    LPTIM_SoftwareTrigger.
 646:../../../firmware/n32h7xx_std_periph_driver/src/n32h7xx_lptim.c **** *\*\fun     Configure the Software trigger.
 647:../../../firmware/n32h7xx_std_periph_driver/src/n32h7xx_lptim.c **** *\*\param   LPTIMx (The input parameters must be the following values):
 648:../../../firmware/n32h7xx_std_periph_driver/src/n32h7xx_lptim.c **** *\*\          - LPTIM1
 649:../../../firmware/n32h7xx_std_periph_driver/src/n32h7xx_lptim.c **** *\*\          - LPTIM2
 650:../../../firmware/n32h7xx_std_periph_driver/src/n32h7xx_lptim.c **** *\*\          - LPTIM3
 651:../../../firmware/n32h7xx_std_periph_driver/src/n32h7xx_lptim.c **** *\*\          - LPTIM4
 652:../../../firmware/n32h7xx_std_periph_driver/src/n32h7xx_lptim.c **** *\*\          - LPTIM5
 653:../../../firmware/n32h7xx_std_periph_driver/src/n32h7xx_lptim.c **** *\*\return  none
ARM GAS  /tmp/ccpTBGqq.s 			page 36


 654:../../../firmware/n32h7xx_std_periph_driver/src/n32h7xx_lptim.c **** **/
 655:../../../firmware/n32h7xx_std_periph_driver/src/n32h7xx_lptim.c **** void LPTIM_SoftwareTrigger(LPTIM_Module* LPTIMx)
 656:../../../firmware/n32h7xx_std_periph_driver/src/n32h7xx_lptim.c **** {
 1382              		.loc 1 656 1
 1383              		.cfi_startproc
 1384              		@ args = 0, pretend = 0, frame = 8
 1385              		@ frame_needed = 1, uses_anonymous_args = 0
 1386              		@ link register save eliminated.
 1387 0000 80B4     		push	{r7}
 1388              	.LCFI142:
 1389              		.cfi_def_cfa_offset 4
 1390              		.cfi_offset 7, -4
 1391 0002 83B0     		sub	sp, sp, #12
 1392              	.LCFI143:
 1393              		.cfi_def_cfa_offset 16
 1394 0004 00AF     		add	r7, sp, #0
 1395              	.LCFI144:
 1396              		.cfi_def_cfa_register 7
 1397 0006 7860     		str	r0, [r7, #4]
 657:../../../firmware/n32h7xx_std_periph_driver/src/n32h7xx_lptim.c ****     CLEAR_BIT(LPTIMx->CFG, LPTIM_CFG_TRGEN);
 1398              		.loc 1 657 5
 1399 0008 7B68     		ldr	r3, [r7, #4]
 1400 000a DB68     		ldr	r3, [r3, #12]
 1401 000c 23F4C022 		bic	r2, r3, #393216
 1402 0010 7B68     		ldr	r3, [r7, #4]
 1403 0012 DA60     		str	r2, [r3, #12]
 658:../../../firmware/n32h7xx_std_periph_driver/src/n32h7xx_lptim.c **** }
 1404              		.loc 1 658 1
 1405 0014 00BF     		nop
 1406 0016 0C37     		adds	r7, r7, #12
 1407              	.LCFI145:
 1408              		.cfi_def_cfa_offset 4
 1409 0018 BD46     		mov	sp, r7
 1410              	.LCFI146:
 1411              		.cfi_def_cfa_register 13
 1412              		@ sp needed
 1413 001a 80BC     		pop	{r7}
 1414              	.LCFI147:
 1415              		.cfi_restore 7
 1416              		.cfi_def_cfa_offset 0
 1417 001c 7047     		bx	lr
 1418              		.cfi_endproc
 1419              	.LFE171:
 1421              		.section	.text.LPTIM_ConfigTrigger,"ax",%progbits
 1422              		.align	1
 1423              		.global	LPTIM_ConfigTrigger
 1424              		.syntax unified
 1425              		.thumb
 1426              		.thumb_func
 1428              	LPTIM_ConfigTrigger:
 1429              	.LFB172:
 659:../../../firmware/n32h7xx_std_periph_driver/src/n32h7xx_lptim.c **** 
 660:../../../firmware/n32h7xx_std_periph_driver/src/n32h7xx_lptim.c **** /**
 661:../../../firmware/n32h7xx_std_periph_driver/src/n32h7xx_lptim.c **** *\*\name    LPTIM_ConfigTrigger.
 662:../../../firmware/n32h7xx_std_periph_driver/src/n32h7xx_lptim.c **** *\*\fun     Configure the external trigger used as a trigger event for the LPTIM.
 663:../../../firmware/n32h7xx_std_periph_driver/src/n32h7xx_lptim.c **** *\*\param   LPTIMx (The input parameters must be the following values):
 664:../../../firmware/n32h7xx_std_periph_driver/src/n32h7xx_lptim.c **** *\*\          - LPTIM1
ARM GAS  /tmp/ccpTBGqq.s 			page 37


 665:../../../firmware/n32h7xx_std_periph_driver/src/n32h7xx_lptim.c **** *\*\          - LPTIM2
 666:../../../firmware/n32h7xx_std_periph_driver/src/n32h7xx_lptim.c **** *\*\          - LPTIM3
 667:../../../firmware/n32h7xx_std_periph_driver/src/n32h7xx_lptim.c **** *\*\          - LPTIM4
 668:../../../firmware/n32h7xx_std_periph_driver/src/n32h7xx_lptim.c **** *\*\          - LPTIM5
 669:../../../firmware/n32h7xx_std_periph_driver/src/n32h7xx_lptim.c **** *\*\param   Source (The input parameters must be the following values):
 670:../../../firmware/n32h7xx_std_periph_driver/src/n32h7xx_lptim.c **** *\*\          - LPTIM_TRIG_SOURCE_GPIO
 671:../../../firmware/n32h7xx_std_periph_driver/src/n32h7xx_lptim.c **** *\*\          - LPTIM_TRIG_SOURCE_RTCALARMA
 672:../../../firmware/n32h7xx_std_periph_driver/src/n32h7xx_lptim.c **** *\*\          - LPTIM_TRIG_SOURCE_RTCALARMB
 673:../../../firmware/n32h7xx_std_periph_driver/src/n32h7xx_lptim.c **** *\*\          - LPTIM_TRIG_SOURCE_RTCTAMP1
 674:../../../firmware/n32h7xx_std_periph_driver/src/n32h7xx_lptim.c **** *\*\          - LPTIM_TRIG_SOURCE_RTCTAMP2
 675:../../../firmware/n32h7xx_std_periph_driver/src/n32h7xx_lptim.c **** *\*\          - LPTIM_TRIG_SOURCE_RTCTAMP3
 676:../../../firmware/n32h7xx_std_periph_driver/src/n32h7xx_lptim.c **** *\*\          - LPTIM_TRIG_SOURCE_COMP1
 677:../../../firmware/n32h7xx_std_periph_driver/src/n32h7xx_lptim.c **** *\*\          - LPTIM_TRIG_SOURCE_COMP2
 678:../../../firmware/n32h7xx_std_periph_driver/src/n32h7xx_lptim.c **** *\*\          - LPTIM_TRIG_SOURCE_COMP3
 679:../../../firmware/n32h7xx_std_periph_driver/src/n32h7xx_lptim.c **** *\*\          - LPTIM_TRIG_SOURCE_COMP4
 680:../../../firmware/n32h7xx_std_periph_driver/src/n32h7xx_lptim.c **** *\*\param   Filter (The input parameters must be the following values):
 681:../../../firmware/n32h7xx_std_periph_driver/src/n32h7xx_lptim.c **** *\*\          - LPTIM_TRIG_FILTER_NONE
 682:../../../firmware/n32h7xx_std_periph_driver/src/n32h7xx_lptim.c **** *\*\          - LPTIM_TRIG_FILTER_2
 683:../../../firmware/n32h7xx_std_periph_driver/src/n32h7xx_lptim.c **** *\*\          - LPTIM_TRIG_FILTER_4
 684:../../../firmware/n32h7xx_std_periph_driver/src/n32h7xx_lptim.c **** *\*\          - LPTIM_TRIG_FILTER_8
 685:../../../firmware/n32h7xx_std_periph_driver/src/n32h7xx_lptim.c **** *\*\param   Polarity (The input parameters must be the following values):
 686:../../../firmware/n32h7xx_std_periph_driver/src/n32h7xx_lptim.c **** *\*\          - LPTIM_TRIG_POLARITY_RISING
 687:../../../firmware/n32h7xx_std_periph_driver/src/n32h7xx_lptim.c **** *\*\          - LPTIM_TRIG_POLARITY_FALLING
 688:../../../firmware/n32h7xx_std_periph_driver/src/n32h7xx_lptim.c **** *\*\          - LPTIM_TRIG_POLARITY_RISING_FALLING
 689:../../../firmware/n32h7xx_std_periph_driver/src/n32h7xx_lptim.c **** *\*\return  none
 690:../../../firmware/n32h7xx_std_periph_driver/src/n32h7xx_lptim.c **** *\*\note    This function must be called when the LPTIM instance is disabled.
 691:../../../firmware/n32h7xx_std_periph_driver/src/n32h7xx_lptim.c **** *\*\note    An internal clock source must be present when a digital filter is
 692:../../../firmware/n32h7xx_std_periph_driver/src/n32h7xx_lptim.c **** *\*\        required for the trigger.
 693:../../../firmware/n32h7xx_std_periph_driver/src/n32h7xx_lptim.c **** **/
 694:../../../firmware/n32h7xx_std_periph_driver/src/n32h7xx_lptim.c **** void LPTIM_ConfigTrigger(LPTIM_Module* LPTIMx, uint32_t Source, uint32_t Filter, uint32_t Polarity)
 695:../../../firmware/n32h7xx_std_periph_driver/src/n32h7xx_lptim.c **** {
 1430              		.loc 1 695 1
 1431              		.cfi_startproc
 1432              		@ args = 0, pretend = 0, frame = 16
 1433              		@ frame_needed = 1, uses_anonymous_args = 0
 1434              		@ link register save eliminated.
 1435 0000 80B4     		push	{r7}
 1436              	.LCFI148:
 1437              		.cfi_def_cfa_offset 4
 1438              		.cfi_offset 7, -4
 1439 0002 85B0     		sub	sp, sp, #20
 1440              	.LCFI149:
 1441              		.cfi_def_cfa_offset 24
 1442 0004 00AF     		add	r7, sp, #0
 1443              	.LCFI150:
 1444              		.cfi_def_cfa_register 7
 1445 0006 F860     		str	r0, [r7, #12]
 1446 0008 B960     		str	r1, [r7, #8]
 1447 000a 7A60     		str	r2, [r7, #4]
 1448 000c 3B60     		str	r3, [r7]
 696:../../../firmware/n32h7xx_std_periph_driver/src/n32h7xx_lptim.c ****     MODIFY_REG(LPTIMx->CFG, LPTIM_CFG_TRGSEL | LPTIM_CFG_TRIGFLT | LPTIM_CFG_TRGEN, Source | Filter
 1449              		.loc 1 696 5
 1450 000e FB68     		ldr	r3, [r7, #12]
 1451 0010 DA68     		ldr	r2, [r3, #12]
 1452 0012 074B     		ldr	r3, .L64
 1453 0014 1340     		ands	r3, r3, r2
 1454 0016 B968     		ldr	r1, [r7, #8]
ARM GAS  /tmp/ccpTBGqq.s 			page 38


 1455 0018 7A68     		ldr	r2, [r7, #4]
 1456 001a 1143     		orrs	r1, r1, r2
 1457 001c 3A68     		ldr	r2, [r7]
 1458 001e 0A43     		orrs	r2, r2, r1
 1459 0020 1A43     		orrs	r2, r2, r3
 1460 0022 FB68     		ldr	r3, [r7, #12]
 1461 0024 DA60     		str	r2, [r3, #12]
 697:../../../firmware/n32h7xx_std_periph_driver/src/n32h7xx_lptim.c **** }
 1462              		.loc 1 697 1
 1463 0026 00BF     		nop
 1464 0028 1437     		adds	r7, r7, #20
 1465              	.LCFI151:
 1466              		.cfi_def_cfa_offset 4
 1467 002a BD46     		mov	sp, r7
 1468              	.LCFI152:
 1469              		.cfi_def_cfa_register 13
 1470              		@ sp needed
 1471 002c 80BC     		pop	{r7}
 1472              	.LCFI153:
 1473              		.cfi_restore 7
 1474              		.cfi_def_cfa_offset 0
 1475 002e 7047     		bx	lr
 1476              	.L65:
 1477              		.align	2
 1478              	.L64:
 1479 0030 3F1FF8FF 		.word	-516289
 1480              		.cfi_endproc
 1481              	.LFE172:
 1483              		.section	.text.LPTIM_GetTriggerSource,"ax",%progbits
 1484              		.align	1
 1485              		.global	LPTIM_GetTriggerSource
 1486              		.syntax unified
 1487              		.thumb
 1488              		.thumb_func
 1490              	LPTIM_GetTriggerSource:
 1491              	.LFB173:
 698:../../../firmware/n32h7xx_std_periph_driver/src/n32h7xx_lptim.c **** 
 699:../../../firmware/n32h7xx_std_periph_driver/src/n32h7xx_lptim.c **** /**
 700:../../../firmware/n32h7xx_std_periph_driver/src/n32h7xx_lptim.c **** *\*\name    LPTIM_GetTriggerSource.
 701:../../../firmware/n32h7xx_std_periph_driver/src/n32h7xx_lptim.c **** *\*\fun     Get actual external trigger source.
 702:../../../firmware/n32h7xx_std_periph_driver/src/n32h7xx_lptim.c **** *\*\param   LPTIMx (The input parameters must be the following values):
 703:../../../firmware/n32h7xx_std_periph_driver/src/n32h7xx_lptim.c **** *\*\          - LPTIM1
 704:../../../firmware/n32h7xx_std_periph_driver/src/n32h7xx_lptim.c **** *\*\          - LPTIM2
 705:../../../firmware/n32h7xx_std_periph_driver/src/n32h7xx_lptim.c **** *\*\          - LPTIM3
 706:../../../firmware/n32h7xx_std_periph_driver/src/n32h7xx_lptim.c **** *\*\          - LPTIM4
 707:../../../firmware/n32h7xx_std_periph_driver/src/n32h7xx_lptim.c **** *\*\          - LPTIM5
 708:../../../firmware/n32h7xx_std_periph_driver/src/n32h7xx_lptim.c **** *\*\return  Returned value can be one of the following values:
 709:../../../firmware/n32h7xx_std_periph_driver/src/n32h7xx_lptim.c **** *\*\          - LPTIM_TRIG_SOURCE_GPIO
 710:../../../firmware/n32h7xx_std_periph_driver/src/n32h7xx_lptim.c **** *\*\          - LPTIM_TRIG_SOURCE_RTCALARMA
 711:../../../firmware/n32h7xx_std_periph_driver/src/n32h7xx_lptim.c **** *\*\          - LPTIM_TRIG_SOURCE_RTCALARMB
 712:../../../firmware/n32h7xx_std_periph_driver/src/n32h7xx_lptim.c **** *\*\          - LPTIM_TRIG_SOURCE_RTCTAMP1
 713:../../../firmware/n32h7xx_std_periph_driver/src/n32h7xx_lptim.c **** *\*\          - LPTIM_TRIG_SOURCE_RTCTAMP2
 714:../../../firmware/n32h7xx_std_periph_driver/src/n32h7xx_lptim.c **** *\*\          - LPTIM_TRIG_SOURCE_RTCTAMP3
 715:../../../firmware/n32h7xx_std_periph_driver/src/n32h7xx_lptim.c **** *\*\          - LPTIM_TRIG_SOURCE_COMP1
 716:../../../firmware/n32h7xx_std_periph_driver/src/n32h7xx_lptim.c **** *\*\          - LPTIM_TRIG_SOURCE_COMP2
 717:../../../firmware/n32h7xx_std_periph_driver/src/n32h7xx_lptim.c **** *\*\          - LPTIM_TRIG_SOURCE_COMP3
 718:../../../firmware/n32h7xx_std_periph_driver/src/n32h7xx_lptim.c **** *\*\          - LPTIM_TRIG_SOURCE_COMP4
ARM GAS  /tmp/ccpTBGqq.s 			page 39


 719:../../../firmware/n32h7xx_std_periph_driver/src/n32h7xx_lptim.c **** **/
 720:../../../firmware/n32h7xx_std_periph_driver/src/n32h7xx_lptim.c **** uint32_t LPTIM_GetTriggerSource(LPTIM_Module* LPTIMx)
 721:../../../firmware/n32h7xx_std_periph_driver/src/n32h7xx_lptim.c **** {
 1492              		.loc 1 721 1
 1493              		.cfi_startproc
 1494              		@ args = 0, pretend = 0, frame = 16
 1495              		@ frame_needed = 1, uses_anonymous_args = 0
 1496              		@ link register save eliminated.
 1497 0000 80B4     		push	{r7}
 1498              	.LCFI154:
 1499              		.cfi_def_cfa_offset 4
 1500              		.cfi_offset 7, -4
 1501 0002 85B0     		sub	sp, sp, #20
 1502              	.LCFI155:
 1503              		.cfi_def_cfa_offset 24
 1504 0004 00AF     		add	r7, sp, #0
 1505              	.LCFI156:
 1506              		.cfi_def_cfa_register 7
 1507 0006 7860     		str	r0, [r7, #4]
 722:../../../firmware/n32h7xx_std_periph_driver/src/n32h7xx_lptim.c ****     uint32_t Source;
 723:../../../firmware/n32h7xx_std_periph_driver/src/n32h7xx_lptim.c **** 
 724:../../../firmware/n32h7xx_std_periph_driver/src/n32h7xx_lptim.c ****     /* Read the corresponding bit */
 725:../../../firmware/n32h7xx_std_periph_driver/src/n32h7xx_lptim.c ****     Source = (uint32_t)(READ_BIT(LPTIMx->CFG, LPTIM_CFG_TRGSEL));
 1508              		.loc 1 725 25
 1509 0008 7B68     		ldr	r3, [r7, #4]
 1510 000a DB68     		ldr	r3, [r3, #12]
 1511              		.loc 1 725 12
 1512 000c 03F4F033 		and	r3, r3, #122880
 1513 0010 FB60     		str	r3, [r7, #12]
 726:../../../firmware/n32h7xx_std_periph_driver/src/n32h7xx_lptim.c **** 
 727:../../../firmware/n32h7xx_std_periph_driver/src/n32h7xx_lptim.c ****     return Source;
 1514              		.loc 1 727 12
 1515 0012 FB68     		ldr	r3, [r7, #12]
 728:../../../firmware/n32h7xx_std_periph_driver/src/n32h7xx_lptim.c **** }
 1516              		.loc 1 728 1
 1517 0014 1846     		mov	r0, r3
 1518 0016 1437     		adds	r7, r7, #20
 1519              	.LCFI157:
 1520              		.cfi_def_cfa_offset 4
 1521 0018 BD46     		mov	sp, r7
 1522              	.LCFI158:
 1523              		.cfi_def_cfa_register 13
 1524              		@ sp needed
 1525 001a 80BC     		pop	{r7}
 1526              	.LCFI159:
 1527              		.cfi_restore 7
 1528              		.cfi_def_cfa_offset 0
 1529 001c 7047     		bx	lr
 1530              		.cfi_endproc
 1531              	.LFE173:
 1533              		.section	.text.LPTIM_GetTriggerFilter,"ax",%progbits
 1534              		.align	1
 1535              		.global	LPTIM_GetTriggerFilter
 1536              		.syntax unified
 1537              		.thumb
 1538              		.thumb_func
 1540              	LPTIM_GetTriggerFilter:
ARM GAS  /tmp/ccpTBGqq.s 			page 40


 1541              	.LFB174:
 729:../../../firmware/n32h7xx_std_periph_driver/src/n32h7xx_lptim.c **** 
 730:../../../firmware/n32h7xx_std_periph_driver/src/n32h7xx_lptim.c **** /**
 731:../../../firmware/n32h7xx_std_periph_driver/src/n32h7xx_lptim.c **** *\*\name    LPTIM_GetTriggerFilter.
 732:../../../firmware/n32h7xx_std_periph_driver/src/n32h7xx_lptim.c **** *\*\fun     Get actual external trigger filter.
 733:../../../firmware/n32h7xx_std_periph_driver/src/n32h7xx_lptim.c **** *\*\param   LPTIMx (The input parameters must be the following values):
 734:../../../firmware/n32h7xx_std_periph_driver/src/n32h7xx_lptim.c **** *\*\          - LPTIM1
 735:../../../firmware/n32h7xx_std_periph_driver/src/n32h7xx_lptim.c **** *\*\          - LPTIM2
 736:../../../firmware/n32h7xx_std_periph_driver/src/n32h7xx_lptim.c **** *\*\          - LPTIM3
 737:../../../firmware/n32h7xx_std_periph_driver/src/n32h7xx_lptim.c **** *\*\          - LPTIM4
 738:../../../firmware/n32h7xx_std_periph_driver/src/n32h7xx_lptim.c **** *\*\          - LPTIM5
 739:../../../firmware/n32h7xx_std_periph_driver/src/n32h7xx_lptim.c **** *\*\return  Returned value can be one of the following values:
 740:../../../firmware/n32h7xx_std_periph_driver/src/n32h7xx_lptim.c **** *\*\          - LPTIM_TRIG_FILTER_NONE
 741:../../../firmware/n32h7xx_std_periph_driver/src/n32h7xx_lptim.c **** *\*\          - LPTIM_TRIG_FILTER_2
 742:../../../firmware/n32h7xx_std_periph_driver/src/n32h7xx_lptim.c **** *\*\          - LPTIM_TRIG_FILTER_4
 743:../../../firmware/n32h7xx_std_periph_driver/src/n32h7xx_lptim.c **** *\*\          - LPTIM_TRIG_FILTER_8
 744:../../../firmware/n32h7xx_std_periph_driver/src/n32h7xx_lptim.c **** **/
 745:../../../firmware/n32h7xx_std_periph_driver/src/n32h7xx_lptim.c **** uint32_t LPTIM_GetTriggerFilter(LPTIM_Module* LPTIMx)
 746:../../../firmware/n32h7xx_std_periph_driver/src/n32h7xx_lptim.c **** {
 1542              		.loc 1 746 1
 1543              		.cfi_startproc
 1544              		@ args = 0, pretend = 0, frame = 16
 1545              		@ frame_needed = 1, uses_anonymous_args = 0
 1546              		@ link register save eliminated.
 1547 0000 80B4     		push	{r7}
 1548              	.LCFI160:
 1549              		.cfi_def_cfa_offset 4
 1550              		.cfi_offset 7, -4
 1551 0002 85B0     		sub	sp, sp, #20
 1552              	.LCFI161:
 1553              		.cfi_def_cfa_offset 24
 1554 0004 00AF     		add	r7, sp, #0
 1555              	.LCFI162:
 1556              		.cfi_def_cfa_register 7
 1557 0006 7860     		str	r0, [r7, #4]
 747:../../../firmware/n32h7xx_std_periph_driver/src/n32h7xx_lptim.c ****     uint32_t Filter;
 748:../../../firmware/n32h7xx_std_periph_driver/src/n32h7xx_lptim.c **** 
 749:../../../firmware/n32h7xx_std_periph_driver/src/n32h7xx_lptim.c ****     /* Read the corresponding bit */
 750:../../../firmware/n32h7xx_std_periph_driver/src/n32h7xx_lptim.c ****     Filter = (uint32_t)(READ_BIT(LPTIMx->CFG, LPTIM_CFG_TRIGFLT));
 1558              		.loc 1 750 25
 1559 0008 7B68     		ldr	r3, [r7, #4]
 1560 000a DB68     		ldr	r3, [r3, #12]
 1561              		.loc 1 750 12
 1562 000c 03F0C003 		and	r3, r3, #192
 1563 0010 FB60     		str	r3, [r7, #12]
 751:../../../firmware/n32h7xx_std_periph_driver/src/n32h7xx_lptim.c **** 
 752:../../../firmware/n32h7xx_std_periph_driver/src/n32h7xx_lptim.c ****     return Filter;
 1564              		.loc 1 752 12
 1565 0012 FB68     		ldr	r3, [r7, #12]
 753:../../../firmware/n32h7xx_std_periph_driver/src/n32h7xx_lptim.c **** }
 1566              		.loc 1 753 1
 1567 0014 1846     		mov	r0, r3
 1568 0016 1437     		adds	r7, r7, #20
 1569              	.LCFI163:
 1570              		.cfi_def_cfa_offset 4
 1571 0018 BD46     		mov	sp, r7
 1572              	.LCFI164:
ARM GAS  /tmp/ccpTBGqq.s 			page 41


 1573              		.cfi_def_cfa_register 13
 1574              		@ sp needed
 1575 001a 80BC     		pop	{r7}
 1576              	.LCFI165:
 1577              		.cfi_restore 7
 1578              		.cfi_def_cfa_offset 0
 1579 001c 7047     		bx	lr
 1580              		.cfi_endproc
 1581              	.LFE174:
 1583              		.section	.text.LPTIM_GetTriggerPolarity,"ax",%progbits
 1584              		.align	1
 1585              		.global	LPTIM_GetTriggerPolarity
 1586              		.syntax unified
 1587              		.thumb
 1588              		.thumb_func
 1590              	LPTIM_GetTriggerPolarity:
 1591              	.LFB175:
 754:../../../firmware/n32h7xx_std_periph_driver/src/n32h7xx_lptim.c **** 
 755:../../../firmware/n32h7xx_std_periph_driver/src/n32h7xx_lptim.c **** /**
 756:../../../firmware/n32h7xx_std_periph_driver/src/n32h7xx_lptim.c **** *\*\name    LPTIM_GetTriggerPolarity.
 757:../../../firmware/n32h7xx_std_periph_driver/src/n32h7xx_lptim.c **** *\*\fun     Get actual external trigger polarity.
 758:../../../firmware/n32h7xx_std_periph_driver/src/n32h7xx_lptim.c **** *\*\param   LPTIMx (The input parameters must be the following values):
 759:../../../firmware/n32h7xx_std_periph_driver/src/n32h7xx_lptim.c **** *\*\          - LPTIM1
 760:../../../firmware/n32h7xx_std_periph_driver/src/n32h7xx_lptim.c **** *\*\          - LPTIM2
 761:../../../firmware/n32h7xx_std_periph_driver/src/n32h7xx_lptim.c **** *\*\          - LPTIM3
 762:../../../firmware/n32h7xx_std_periph_driver/src/n32h7xx_lptim.c **** *\*\          - LPTIM4
 763:../../../firmware/n32h7xx_std_periph_driver/src/n32h7xx_lptim.c **** *\*\          - LPTIM5
 764:../../../firmware/n32h7xx_std_periph_driver/src/n32h7xx_lptim.c **** *\*\return  Returned value can be one of the following values:
 765:../../../firmware/n32h7xx_std_periph_driver/src/n32h7xx_lptim.c **** *\*\          - LPTIM_TRIG_POLARITY_RISING
 766:../../../firmware/n32h7xx_std_periph_driver/src/n32h7xx_lptim.c **** *\*\          - LPTIM_TRIG_POLARITY_FALLING
 767:../../../firmware/n32h7xx_std_periph_driver/src/n32h7xx_lptim.c **** *\*\          - LPTIM_TRIG_POLARITY_RISING_FALLING
 768:../../../firmware/n32h7xx_std_periph_driver/src/n32h7xx_lptim.c **** **/
 769:../../../firmware/n32h7xx_std_periph_driver/src/n32h7xx_lptim.c **** uint32_t LPTIM_GetTriggerPolarity(LPTIM_Module* LPTIMx)
 770:../../../firmware/n32h7xx_std_periph_driver/src/n32h7xx_lptim.c **** {
 1592              		.loc 1 770 1
 1593              		.cfi_startproc
 1594              		@ args = 0, pretend = 0, frame = 16
 1595              		@ frame_needed = 1, uses_anonymous_args = 0
 1596              		@ link register save eliminated.
 1597 0000 80B4     		push	{r7}
 1598              	.LCFI166:
 1599              		.cfi_def_cfa_offset 4
 1600              		.cfi_offset 7, -4
 1601 0002 85B0     		sub	sp, sp, #20
 1602              	.LCFI167:
 1603              		.cfi_def_cfa_offset 24
 1604 0004 00AF     		add	r7, sp, #0
 1605              	.LCFI168:
 1606              		.cfi_def_cfa_register 7
 1607 0006 7860     		str	r0, [r7, #4]
 771:../../../firmware/n32h7xx_std_periph_driver/src/n32h7xx_lptim.c ****     uint32_t Polarity;
 772:../../../firmware/n32h7xx_std_periph_driver/src/n32h7xx_lptim.c **** 
 773:../../../firmware/n32h7xx_std_periph_driver/src/n32h7xx_lptim.c ****     /* Read the corresponding bit */
 774:../../../firmware/n32h7xx_std_periph_driver/src/n32h7xx_lptim.c ****     Polarity = (uint32_t)(READ_BIT(LPTIMx->CFG, LPTIM_CFG_TRGEN));
 1608              		.loc 1 774 27
 1609 0008 7B68     		ldr	r3, [r7, #4]
 1610 000a DB68     		ldr	r3, [r3, #12]
ARM GAS  /tmp/ccpTBGqq.s 			page 42


 1611              		.loc 1 774 14
 1612 000c 03F4C023 		and	r3, r3, #393216
 1613 0010 FB60     		str	r3, [r7, #12]
 775:../../../firmware/n32h7xx_std_periph_driver/src/n32h7xx_lptim.c **** 
 776:../../../firmware/n32h7xx_std_periph_driver/src/n32h7xx_lptim.c ****     return Polarity;
 1614              		.loc 1 776 12
 1615 0012 FB68     		ldr	r3, [r7, #12]
 777:../../../firmware/n32h7xx_std_periph_driver/src/n32h7xx_lptim.c **** }
 1616              		.loc 1 777 1
 1617 0014 1846     		mov	r0, r3
 1618 0016 1437     		adds	r7, r7, #20
 1619              	.LCFI169:
 1620              		.cfi_def_cfa_offset 4
 1621 0018 BD46     		mov	sp, r7
 1622              	.LCFI170:
 1623              		.cfi_def_cfa_register 13
 1624              		@ sp needed
 1625 001a 80BC     		pop	{r7}
 1626              	.LCFI171:
 1627              		.cfi_restore 7
 1628              		.cfi_def_cfa_offset 0
 1629 001c 7047     		bx	lr
 1630              		.cfi_endproc
 1631              	.LFE175:
 1633              		.section	.text.LPTIM_SetClockSource,"ax",%progbits
 1634              		.align	1
 1635              		.global	LPTIM_SetClockSource
 1636              		.syntax unified
 1637              		.thumb
 1638              		.thumb_func
 1640              	LPTIM_SetClockSource:
 1641              	.LFB176:
 778:../../../firmware/n32h7xx_std_periph_driver/src/n32h7xx_lptim.c **** 
 779:../../../firmware/n32h7xx_std_periph_driver/src/n32h7xx_lptim.c **** /**
 780:../../../firmware/n32h7xx_std_periph_driver/src/n32h7xx_lptim.c **** *\*\name    LPTIM_SetClockSource.
 781:../../../firmware/n32h7xx_std_periph_driver/src/n32h7xx_lptim.c **** *\*\fun     Set the source of the clock used by the LPTIM instance.
 782:../../../firmware/n32h7xx_std_periph_driver/src/n32h7xx_lptim.c **** *\*\param   LPTIMx (The input parameters must be the following values):
 783:../../../firmware/n32h7xx_std_periph_driver/src/n32h7xx_lptim.c **** *\*\          - LPTIM1
 784:../../../firmware/n32h7xx_std_periph_driver/src/n32h7xx_lptim.c **** *\*\          - LPTIM2
 785:../../../firmware/n32h7xx_std_periph_driver/src/n32h7xx_lptim.c **** *\*\          - LPTIM3
 786:../../../firmware/n32h7xx_std_periph_driver/src/n32h7xx_lptim.c **** *\*\          - LPTIM4
 787:../../../firmware/n32h7xx_std_periph_driver/src/n32h7xx_lptim.c **** *\*\          - LPTIM5
 788:../../../firmware/n32h7xx_std_periph_driver/src/n32h7xx_lptim.c **** *\*\param   ClockSource (The input parameters must be the following values):
 789:../../../firmware/n32h7xx_std_periph_driver/src/n32h7xx_lptim.c **** *\*\          - LPTIM_CLK_SOURCE_INTERNAL
 790:../../../firmware/n32h7xx_std_periph_driver/src/n32h7xx_lptim.c **** *\*\          - LPTIM_CLK_SOURCE_EXTERNAL
 791:../../../firmware/n32h7xx_std_periph_driver/src/n32h7xx_lptim.c **** *\*\return  none
 792:../../../firmware/n32h7xx_std_periph_driver/src/n32h7xx_lptim.c **** *\*\note    This function must be called when the LPTIM instance is disabled.
 793:../../../firmware/n32h7xx_std_periph_driver/src/n32h7xx_lptim.c **** **/
 794:../../../firmware/n32h7xx_std_periph_driver/src/n32h7xx_lptim.c **** void LPTIM_SetClockSource(LPTIM_Module* LPTIMx, uint32_t ClockSource)
 795:../../../firmware/n32h7xx_std_periph_driver/src/n32h7xx_lptim.c **** {
 1642              		.loc 1 795 1
 1643              		.cfi_startproc
 1644              		@ args = 0, pretend = 0, frame = 8
 1645              		@ frame_needed = 1, uses_anonymous_args = 0
 1646              		@ link register save eliminated.
 1647 0000 80B4     		push	{r7}
 1648              	.LCFI172:
ARM GAS  /tmp/ccpTBGqq.s 			page 43


 1649              		.cfi_def_cfa_offset 4
 1650              		.cfi_offset 7, -4
 1651 0002 83B0     		sub	sp, sp, #12
 1652              	.LCFI173:
 1653              		.cfi_def_cfa_offset 16
 1654 0004 00AF     		add	r7, sp, #0
 1655              	.LCFI174:
 1656              		.cfi_def_cfa_register 7
 1657 0006 7860     		str	r0, [r7, #4]
 1658 0008 3960     		str	r1, [r7]
 796:../../../firmware/n32h7xx_std_periph_driver/src/n32h7xx_lptim.c ****     MODIFY_REG(LPTIMx->CFG, LPTIM_CFG_CLKSEL, ClockSource);
 1659              		.loc 1 796 5
 1660 000a 7B68     		ldr	r3, [r7, #4]
 1661 000c DB68     		ldr	r3, [r3, #12]
 1662 000e 23F00102 		bic	r2, r3, #1
 1663 0012 3B68     		ldr	r3, [r7]
 1664 0014 1A43     		orrs	r2, r2, r3
 1665 0016 7B68     		ldr	r3, [r7, #4]
 1666 0018 DA60     		str	r2, [r3, #12]
 797:../../../firmware/n32h7xx_std_periph_driver/src/n32h7xx_lptim.c **** }
 1667              		.loc 1 797 1
 1668 001a 00BF     		nop
 1669 001c 0C37     		adds	r7, r7, #12
 1670              	.LCFI175:
 1671              		.cfi_def_cfa_offset 4
 1672 001e BD46     		mov	sp, r7
 1673              	.LCFI176:
 1674              		.cfi_def_cfa_register 13
 1675              		@ sp needed
 1676 0020 80BC     		pop	{r7}
 1677              	.LCFI177:
 1678              		.cfi_restore 7
 1679              		.cfi_def_cfa_offset 0
 1680 0022 7047     		bx	lr
 1681              		.cfi_endproc
 1682              	.LFE176:
 1684              		.section	.text.LPTIM_GetClockSource,"ax",%progbits
 1685              		.align	1
 1686              		.global	LPTIM_GetClockSource
 1687              		.syntax unified
 1688              		.thumb
 1689              		.thumb_func
 1691              	LPTIM_GetClockSource:
 1692              	.LFB177:
 798:../../../firmware/n32h7xx_std_periph_driver/src/n32h7xx_lptim.c **** 
 799:../../../firmware/n32h7xx_std_periph_driver/src/n32h7xx_lptim.c **** /**
 800:../../../firmware/n32h7xx_std_periph_driver/src/n32h7xx_lptim.c **** *\*\name    LPTIM_GetClockSource.
 801:../../../firmware/n32h7xx_std_periph_driver/src/n32h7xx_lptim.c **** *\*\fun     Get actual LPTIM instance clock source.
 802:../../../firmware/n32h7xx_std_periph_driver/src/n32h7xx_lptim.c **** *\*\param   LPTIMx (The input parameters must be the following values):
 803:../../../firmware/n32h7xx_std_periph_driver/src/n32h7xx_lptim.c **** *\*\          - LPTIM1
 804:../../../firmware/n32h7xx_std_periph_driver/src/n32h7xx_lptim.c **** *\*\          - LPTIM2
 805:../../../firmware/n32h7xx_std_periph_driver/src/n32h7xx_lptim.c **** *\*\          - LPTIM3
 806:../../../firmware/n32h7xx_std_periph_driver/src/n32h7xx_lptim.c **** *\*\          - LPTIM4
 807:../../../firmware/n32h7xx_std_periph_driver/src/n32h7xx_lptim.c **** *\*\          - LPTIM5
 808:../../../firmware/n32h7xx_std_periph_driver/src/n32h7xx_lptim.c **** *\*\return  Returned value can be one of the following values:
 809:../../../firmware/n32h7xx_std_periph_driver/src/n32h7xx_lptim.c **** *\*\          - LPTIM_CLK_SOURCE_INTERNAL
 810:../../../firmware/n32h7xx_std_periph_driver/src/n32h7xx_lptim.c **** *\*\          - LPTIM_CLK_SOURCE_EXTERNAL
ARM GAS  /tmp/ccpTBGqq.s 			page 44


 811:../../../firmware/n32h7xx_std_periph_driver/src/n32h7xx_lptim.c **** **/
 812:../../../firmware/n32h7xx_std_periph_driver/src/n32h7xx_lptim.c **** uint32_t LPTIM_GetClockSource(LPTIM_Module* LPTIMx)
 813:../../../firmware/n32h7xx_std_periph_driver/src/n32h7xx_lptim.c **** {
 1693              		.loc 1 813 1
 1694              		.cfi_startproc
 1695              		@ args = 0, pretend = 0, frame = 16
 1696              		@ frame_needed = 1, uses_anonymous_args = 0
 1697              		@ link register save eliminated.
 1698 0000 80B4     		push	{r7}
 1699              	.LCFI178:
 1700              		.cfi_def_cfa_offset 4
 1701              		.cfi_offset 7, -4
 1702 0002 85B0     		sub	sp, sp, #20
 1703              	.LCFI179:
 1704              		.cfi_def_cfa_offset 24
 1705 0004 00AF     		add	r7, sp, #0
 1706              	.LCFI180:
 1707              		.cfi_def_cfa_register 7
 1708 0006 7860     		str	r0, [r7, #4]
 814:../../../firmware/n32h7xx_std_periph_driver/src/n32h7xx_lptim.c ****     uint32_t Source;
 815:../../../firmware/n32h7xx_std_periph_driver/src/n32h7xx_lptim.c **** 
 816:../../../firmware/n32h7xx_std_periph_driver/src/n32h7xx_lptim.c ****     /* Read the corresponding bit */
 817:../../../firmware/n32h7xx_std_periph_driver/src/n32h7xx_lptim.c ****     Source = (uint32_t)(READ_BIT(LPTIMx->CFG, LPTIM_CFG_CLKSEL));
 1709              		.loc 1 817 25
 1710 0008 7B68     		ldr	r3, [r7, #4]
 1711 000a DB68     		ldr	r3, [r3, #12]
 1712              		.loc 1 817 12
 1713 000c 03F00103 		and	r3, r3, #1
 1714 0010 FB60     		str	r3, [r7, #12]
 818:../../../firmware/n32h7xx_std_periph_driver/src/n32h7xx_lptim.c **** 
 819:../../../firmware/n32h7xx_std_periph_driver/src/n32h7xx_lptim.c ****     return Source;
 1715              		.loc 1 819 12
 1716 0012 FB68     		ldr	r3, [r7, #12]
 820:../../../firmware/n32h7xx_std_periph_driver/src/n32h7xx_lptim.c **** }
 1717              		.loc 1 820 1
 1718 0014 1846     		mov	r0, r3
 1719 0016 1437     		adds	r7, r7, #20
 1720              	.LCFI181:
 1721              		.cfi_def_cfa_offset 4
 1722 0018 BD46     		mov	sp, r7
 1723              	.LCFI182:
 1724              		.cfi_def_cfa_register 13
 1725              		@ sp needed
 1726 001a 80BC     		pop	{r7}
 1727              	.LCFI183:
 1728              		.cfi_restore 7
 1729              		.cfi_def_cfa_offset 0
 1730 001c 7047     		bx	lr
 1731              		.cfi_endproc
 1732              	.LFE177:
 1734              		.section	.text.LPTIM_ConfigClock,"ax",%progbits
 1735              		.align	1
 1736              		.global	LPTIM_ConfigClock
 1737              		.syntax unified
 1738              		.thumb
 1739              		.thumb_func
 1741              	LPTIM_ConfigClock:
ARM GAS  /tmp/ccpTBGqq.s 			page 45


 1742              	.LFB178:
 821:../../../firmware/n32h7xx_std_periph_driver/src/n32h7xx_lptim.c **** 
 822:../../../firmware/n32h7xx_std_periph_driver/src/n32h7xx_lptim.c **** /**
 823:../../../firmware/n32h7xx_std_periph_driver/src/n32h7xx_lptim.c **** *\*\name    LPTIM_ConfigClock.
 824:../../../firmware/n32h7xx_std_periph_driver/src/n32h7xx_lptim.c **** *\*\fun     Configure the active edge or edges used by the counter when the
 825:../../../firmware/n32h7xx_std_periph_driver/src/n32h7xx_lptim.c **** *\*\        LPTIM is clocked by an external clock source.
 826:../../../firmware/n32h7xx_std_periph_driver/src/n32h7xx_lptim.c **** *\*\param   LPTIMx (The input parameters must be the following values):
 827:../../../firmware/n32h7xx_std_periph_driver/src/n32h7xx_lptim.c **** *\*\          - LPTIM1
 828:../../../firmware/n32h7xx_std_periph_driver/src/n32h7xx_lptim.c **** *\*\          - LPTIM2
 829:../../../firmware/n32h7xx_std_periph_driver/src/n32h7xx_lptim.c **** *\*\          - LPTIM3
 830:../../../firmware/n32h7xx_std_periph_driver/src/n32h7xx_lptim.c **** *\*\          - LPTIM4
 831:../../../firmware/n32h7xx_std_periph_driver/src/n32h7xx_lptim.c **** *\*\          - LPTIM5
 832:../../../firmware/n32h7xx_std_periph_driver/src/n32h7xx_lptim.c **** *\*\param   ClockFilter (The input parameters must be the following values):
 833:../../../firmware/n32h7xx_std_periph_driver/src/n32h7xx_lptim.c **** *\*\          - LPTIM_CLK_FILTER_NONE
 834:../../../firmware/n32h7xx_std_periph_driver/src/n32h7xx_lptim.c **** *\*\          - LPTIM_CLK_FILTER_2
 835:../../../firmware/n32h7xx_std_periph_driver/src/n32h7xx_lptim.c **** *\*\          - LPTIM_CLK_FILTER_4
 836:../../../firmware/n32h7xx_std_periph_driver/src/n32h7xx_lptim.c **** *\*\          - LPTIM_CLK_FILTER_8
 837:../../../firmware/n32h7xx_std_periph_driver/src/n32h7xx_lptim.c **** *\*\param   ClockPolarity (The input parameters must be the following values):
 838:../../../firmware/n32h7xx_std_periph_driver/src/n32h7xx_lptim.c **** *\*\          - LPTIM_CLK_POLARITY_RISING
 839:../../../firmware/n32h7xx_std_periph_driver/src/n32h7xx_lptim.c **** *\*\          - LPTIM_CLK_POLARITY_FALLING
 840:../../../firmware/n32h7xx_std_periph_driver/src/n32h7xx_lptim.c **** *\*\          - LPTIM_CLK_POLARITY_RISING_FALLING
 841:../../../firmware/n32h7xx_std_periph_driver/src/n32h7xx_lptim.c **** *\*\          - LPTIM_CLK_POLARITY_RISING_FALLING_NO
 842:../../../firmware/n32h7xx_std_periph_driver/src/n32h7xx_lptim.c **** *\*\return  none
 843:../../../firmware/n32h7xx_std_periph_driver/src/n32h7xx_lptim.c **** *\*\note    This function must be called when the LPTIM instance is disabled.
 844:../../../firmware/n32h7xx_std_periph_driver/src/n32h7xx_lptim.c **** *\*\note    When both external clock signal edges are considered active ones,
 845:../../../firmware/n32h7xx_std_periph_driver/src/n32h7xx_lptim.c **** *\*\        the LPTIM must also be clocked by an internal clock source with a
 846:../../../firmware/n32h7xx_std_periph_driver/src/n32h7xx_lptim.c **** *\*\        frequency equal to at least four times the external clock frequency.
 847:../../../firmware/n32h7xx_std_periph_driver/src/n32h7xx_lptim.c **** *\*\note    An internal clock source must be present when a digital filter is
 848:../../../firmware/n32h7xx_std_periph_driver/src/n32h7xx_lptim.c **** *\*\        required for external clock.
 849:../../../firmware/n32h7xx_std_periph_driver/src/n32h7xx_lptim.c **** **/
 850:../../../firmware/n32h7xx_std_periph_driver/src/n32h7xx_lptim.c **** void LPTIM_ConfigClock(LPTIM_Module* LPTIMx, uint32_t ClockFilter, uint32_t ClockPolarity)
 851:../../../firmware/n32h7xx_std_periph_driver/src/n32h7xx_lptim.c **** {
 1743              		.loc 1 851 1
 1744              		.cfi_startproc
 1745              		@ args = 0, pretend = 0, frame = 16
 1746              		@ frame_needed = 1, uses_anonymous_args = 0
 1747              		@ link register save eliminated.
 1748 0000 80B4     		push	{r7}
 1749              	.LCFI184:
 1750              		.cfi_def_cfa_offset 4
 1751              		.cfi_offset 7, -4
 1752 0002 85B0     		sub	sp, sp, #20
 1753              	.LCFI185:
 1754              		.cfi_def_cfa_offset 24
 1755 0004 00AF     		add	r7, sp, #0
 1756              	.LCFI186:
 1757              		.cfi_def_cfa_register 7
 1758 0006 F860     		str	r0, [r7, #12]
 1759 0008 B960     		str	r1, [r7, #8]
 1760 000a 7A60     		str	r2, [r7, #4]
 852:../../../firmware/n32h7xx_std_periph_driver/src/n32h7xx_lptim.c ****     MODIFY_REG(LPTIMx->CFG, LPTIM_CFG_CLKFLT | LPTIM_CFG_CLKPOL, ClockFilter | ClockPolarity);
 1761              		.loc 1 852 5
 1762 000c FB68     		ldr	r3, [r7, #12]
 1763 000e DB68     		ldr	r3, [r3, #12]
 1764 0010 23F01E02 		bic	r2, r3, #30
 1765 0014 B968     		ldr	r1, [r7, #8]
 1766 0016 7B68     		ldr	r3, [r7, #4]
ARM GAS  /tmp/ccpTBGqq.s 			page 46


 1767 0018 0B43     		orrs	r3, r3, r1
 1768 001a 1A43     		orrs	r2, r2, r3
 1769 001c FB68     		ldr	r3, [r7, #12]
 1770 001e DA60     		str	r2, [r3, #12]
 853:../../../firmware/n32h7xx_std_periph_driver/src/n32h7xx_lptim.c **** }
 1771              		.loc 1 853 1
 1772 0020 00BF     		nop
 1773 0022 1437     		adds	r7, r7, #20
 1774              	.LCFI187:
 1775              		.cfi_def_cfa_offset 4
 1776 0024 BD46     		mov	sp, r7
 1777              	.LCFI188:
 1778              		.cfi_def_cfa_register 13
 1779              		@ sp needed
 1780 0026 80BC     		pop	{r7}
 1781              	.LCFI189:
 1782              		.cfi_restore 7
 1783              		.cfi_def_cfa_offset 0
 1784 0028 7047     		bx	lr
 1785              		.cfi_endproc
 1786              	.LFE178:
 1788              		.section	.text.LPTIM_GetClockPolarity,"ax",%progbits
 1789              		.align	1
 1790              		.global	LPTIM_GetClockPolarity
 1791              		.syntax unified
 1792              		.thumb
 1793              		.thumb_func
 1795              	LPTIM_GetClockPolarity:
 1796              	.LFB179:
 854:../../../firmware/n32h7xx_std_periph_driver/src/n32h7xx_lptim.c **** 
 855:../../../firmware/n32h7xx_std_periph_driver/src/n32h7xx_lptim.c **** /**
 856:../../../firmware/n32h7xx_std_periph_driver/src/n32h7xx_lptim.c **** *\*\name    LPTIM_GetClockPolarity.
 857:../../../firmware/n32h7xx_std_periph_driver/src/n32h7xx_lptim.c **** *\*\fun     Get actual clock polarity.
 858:../../../firmware/n32h7xx_std_periph_driver/src/n32h7xx_lptim.c **** *\*\param   LPTIMx (The input parameters must be the following values):
 859:../../../firmware/n32h7xx_std_periph_driver/src/n32h7xx_lptim.c **** *\*\          - LPTIM1
 860:../../../firmware/n32h7xx_std_periph_driver/src/n32h7xx_lptim.c **** *\*\          - LPTIM2
 861:../../../firmware/n32h7xx_std_periph_driver/src/n32h7xx_lptim.c **** *\*\          - LPTIM3
 862:../../../firmware/n32h7xx_std_periph_driver/src/n32h7xx_lptim.c **** *\*\          - LPTIM4
 863:../../../firmware/n32h7xx_std_periph_driver/src/n32h7xx_lptim.c **** *\*\          - LPTIM5
 864:../../../firmware/n32h7xx_std_periph_driver/src/n32h7xx_lptim.c **** *\*\return  Returned value can be one of the following values:
 865:../../../firmware/n32h7xx_std_periph_driver/src/n32h7xx_lptim.c **** *\*\          - LPTIM_CLK_POLARITY_RISING
 866:../../../firmware/n32h7xx_std_periph_driver/src/n32h7xx_lptim.c **** *\*\          - LPTIM_CLK_POLARITY_FALLING
 867:../../../firmware/n32h7xx_std_periph_driver/src/n32h7xx_lptim.c **** *\*\          - LPTIM_CLK_POLARITY_RISING_FALLING
 868:../../../firmware/n32h7xx_std_periph_driver/src/n32h7xx_lptim.c **** *\*\          - LPTIM_CLK_POLARITY_RISING_FALLING_NO
 869:../../../firmware/n32h7xx_std_periph_driver/src/n32h7xx_lptim.c **** **/
 870:../../../firmware/n32h7xx_std_periph_driver/src/n32h7xx_lptim.c **** uint32_t LPTIM_GetClockPolarity(LPTIM_Module* LPTIMx)
 871:../../../firmware/n32h7xx_std_periph_driver/src/n32h7xx_lptim.c **** {
 1797              		.loc 1 871 1
 1798              		.cfi_startproc
 1799              		@ args = 0, pretend = 0, frame = 16
 1800              		@ frame_needed = 1, uses_anonymous_args = 0
 1801              		@ link register save eliminated.
 1802 0000 80B4     		push	{r7}
 1803              	.LCFI190:
 1804              		.cfi_def_cfa_offset 4
 1805              		.cfi_offset 7, -4
 1806 0002 85B0     		sub	sp, sp, #20
ARM GAS  /tmp/ccpTBGqq.s 			page 47


 1807              	.LCFI191:
 1808              		.cfi_def_cfa_offset 24
 1809 0004 00AF     		add	r7, sp, #0
 1810              	.LCFI192:
 1811              		.cfi_def_cfa_register 7
 1812 0006 7860     		str	r0, [r7, #4]
 872:../../../firmware/n32h7xx_std_periph_driver/src/n32h7xx_lptim.c ****     uint32_t Polarity;
 873:../../../firmware/n32h7xx_std_periph_driver/src/n32h7xx_lptim.c **** 
 874:../../../firmware/n32h7xx_std_periph_driver/src/n32h7xx_lptim.c ****     /* Read the corresponding bit */
 875:../../../firmware/n32h7xx_std_periph_driver/src/n32h7xx_lptim.c ****     Polarity = (uint32_t)(READ_BIT(LPTIMx->CFG, LPTIM_CFG_CLKPOL));
 1813              		.loc 1 875 27
 1814 0008 7B68     		ldr	r3, [r7, #4]
 1815 000a DB68     		ldr	r3, [r3, #12]
 1816              		.loc 1 875 14
 1817 000c 03F00603 		and	r3, r3, #6
 1818 0010 FB60     		str	r3, [r7, #12]
 876:../../../firmware/n32h7xx_std_periph_driver/src/n32h7xx_lptim.c **** 
 877:../../../firmware/n32h7xx_std_periph_driver/src/n32h7xx_lptim.c ****     return Polarity;
 1819              		.loc 1 877 12
 1820 0012 FB68     		ldr	r3, [r7, #12]
 878:../../../firmware/n32h7xx_std_periph_driver/src/n32h7xx_lptim.c **** }
 1821              		.loc 1 878 1
 1822 0014 1846     		mov	r0, r3
 1823 0016 1437     		adds	r7, r7, #20
 1824              	.LCFI193:
 1825              		.cfi_def_cfa_offset 4
 1826 0018 BD46     		mov	sp, r7
 1827              	.LCFI194:
 1828              		.cfi_def_cfa_register 13
 1829              		@ sp needed
 1830 001a 80BC     		pop	{r7}
 1831              	.LCFI195:
 1832              		.cfi_restore 7
 1833              		.cfi_def_cfa_offset 0
 1834 001c 7047     		bx	lr
 1835              		.cfi_endproc
 1836              	.LFE179:
 1838              		.section	.text.LPTIM_GetClockFilter,"ax",%progbits
 1839              		.align	1
 1840              		.global	LPTIM_GetClockFilter
 1841              		.syntax unified
 1842              		.thumb
 1843              		.thumb_func
 1845              	LPTIM_GetClockFilter:
 1846              	.LFB180:
 879:../../../firmware/n32h7xx_std_periph_driver/src/n32h7xx_lptim.c **** 
 880:../../../firmware/n32h7xx_std_periph_driver/src/n32h7xx_lptim.c **** /**
 881:../../../firmware/n32h7xx_std_periph_driver/src/n32h7xx_lptim.c **** *\*\name    LPTIM_GetClockFilter.
 882:../../../firmware/n32h7xx_std_periph_driver/src/n32h7xx_lptim.c **** *\*\fun     Get actual clock digital filter.
 883:../../../firmware/n32h7xx_std_periph_driver/src/n32h7xx_lptim.c **** *\*\param   LPTIMx (The input parameters must be the following values):
 884:../../../firmware/n32h7xx_std_periph_driver/src/n32h7xx_lptim.c **** *\*\          - LPTIM1
 885:../../../firmware/n32h7xx_std_periph_driver/src/n32h7xx_lptim.c **** *\*\          - LPTIM2
 886:../../../firmware/n32h7xx_std_periph_driver/src/n32h7xx_lptim.c **** *\*\          - LPTIM3
 887:../../../firmware/n32h7xx_std_periph_driver/src/n32h7xx_lptim.c **** *\*\          - LPTIM4
 888:../../../firmware/n32h7xx_std_periph_driver/src/n32h7xx_lptim.c **** *\*\          - LPTIM5
 889:../../../firmware/n32h7xx_std_periph_driver/src/n32h7xx_lptim.c **** *\*\return  Returned value can be one of the following values:
 890:../../../firmware/n32h7xx_std_periph_driver/src/n32h7xx_lptim.c **** *\*\          - LPTIM_CLK_FILTER_NONE
ARM GAS  /tmp/ccpTBGqq.s 			page 48


 891:../../../firmware/n32h7xx_std_periph_driver/src/n32h7xx_lptim.c **** *\*\          - LPTIM_CLK_FILTER_2
 892:../../../firmware/n32h7xx_std_periph_driver/src/n32h7xx_lptim.c **** *\*\          - LPTIM_CLK_FILTER_4
 893:../../../firmware/n32h7xx_std_periph_driver/src/n32h7xx_lptim.c **** *\*\          - LPTIM_CLK_FILTER_8
 894:../../../firmware/n32h7xx_std_periph_driver/src/n32h7xx_lptim.c **** **/
 895:../../../firmware/n32h7xx_std_periph_driver/src/n32h7xx_lptim.c **** uint32_t LPTIM_GetClockFilter(LPTIM_Module* LPTIMx)
 896:../../../firmware/n32h7xx_std_periph_driver/src/n32h7xx_lptim.c **** {
 1847              		.loc 1 896 1
 1848              		.cfi_startproc
 1849              		@ args = 0, pretend = 0, frame = 16
 1850              		@ frame_needed = 1, uses_anonymous_args = 0
 1851              		@ link register save eliminated.
 1852 0000 80B4     		push	{r7}
 1853              	.LCFI196:
 1854              		.cfi_def_cfa_offset 4
 1855              		.cfi_offset 7, -4
 1856 0002 85B0     		sub	sp, sp, #20
 1857              	.LCFI197:
 1858              		.cfi_def_cfa_offset 24
 1859 0004 00AF     		add	r7, sp, #0
 1860              	.LCFI198:
 1861              		.cfi_def_cfa_register 7
 1862 0006 7860     		str	r0, [r7, #4]
 897:../../../firmware/n32h7xx_std_periph_driver/src/n32h7xx_lptim.c ****     uint32_t Filter;
 898:../../../firmware/n32h7xx_std_periph_driver/src/n32h7xx_lptim.c **** 
 899:../../../firmware/n32h7xx_std_periph_driver/src/n32h7xx_lptim.c ****     /* Read the corresponding bit */
 900:../../../firmware/n32h7xx_std_periph_driver/src/n32h7xx_lptim.c ****     Filter = (uint32_t)(READ_BIT(LPTIMx->CFG, LPTIM_CFG_CLKFLT));
 1863              		.loc 1 900 25
 1864 0008 7B68     		ldr	r3, [r7, #4]
 1865 000a DB68     		ldr	r3, [r3, #12]
 1866              		.loc 1 900 12
 1867 000c 03F01803 		and	r3, r3, #24
 1868 0010 FB60     		str	r3, [r7, #12]
 901:../../../firmware/n32h7xx_std_periph_driver/src/n32h7xx_lptim.c **** 
 902:../../../firmware/n32h7xx_std_periph_driver/src/n32h7xx_lptim.c ****     return Filter;
 1869              		.loc 1 902 12
 1870 0012 FB68     		ldr	r3, [r7, #12]
 903:../../../firmware/n32h7xx_std_periph_driver/src/n32h7xx_lptim.c **** }
 1871              		.loc 1 903 1
 1872 0014 1846     		mov	r0, r3
 1873 0016 1437     		adds	r7, r7, #20
 1874              	.LCFI199:
 1875              		.cfi_def_cfa_offset 4
 1876 0018 BD46     		mov	sp, r7
 1877              	.LCFI200:
 1878              		.cfi_def_cfa_register 13
 1879              		@ sp needed
 1880 001a 80BC     		pop	{r7}
 1881              	.LCFI201:
 1882              		.cfi_restore 7
 1883              		.cfi_def_cfa_offset 0
 1884 001c 7047     		bx	lr
 1885              		.cfi_endproc
 1886              	.LFE180:
 1888              		.section	.text.LPTIM_SetEncoderModeClockPolarity,"ax",%progbits
 1889              		.align	1
 1890              		.global	LPTIM_SetEncoderModeClockPolarity
 1891              		.syntax unified
ARM GAS  /tmp/ccpTBGqq.s 			page 49


 1892              		.thumb
 1893              		.thumb_func
 1895              	LPTIM_SetEncoderModeClockPolarity:
 1896              	.LFB181:
 904:../../../firmware/n32h7xx_std_periph_driver/src/n32h7xx_lptim.c **** 
 905:../../../firmware/n32h7xx_std_periph_driver/src/n32h7xx_lptim.c **** /**
 906:../../../firmware/n32h7xx_std_periph_driver/src/n32h7xx_lptim.c **** *\*\name    LPTIM_SetEncoderModeClockPolarity.
 907:../../../firmware/n32h7xx_std_periph_driver/src/n32h7xx_lptim.c **** *\*\fun     Configure clock polarity in encoder mode.
 908:../../../firmware/n32h7xx_std_periph_driver/src/n32h7xx_lptim.c **** *\*\param   LPTIMx (The input parameters must be the following values):
 909:../../../firmware/n32h7xx_std_periph_driver/src/n32h7xx_lptim.c **** *\*\          - LPTIM1
 910:../../../firmware/n32h7xx_std_periph_driver/src/n32h7xx_lptim.c **** *\*\          - LPTIM2
 911:../../../firmware/n32h7xx_std_periph_driver/src/n32h7xx_lptim.c **** *\*\          - LPTIM3
 912:../../../firmware/n32h7xx_std_periph_driver/src/n32h7xx_lptim.c **** *\*\          - LPTIM4
 913:../../../firmware/n32h7xx_std_periph_driver/src/n32h7xx_lptim.c **** *\*\          - LPTIM5
 914:../../../firmware/n32h7xx_std_periph_driver/src/n32h7xx_lptim.c **** *\*\param   ClockPolarity (The input parameters must be the following values):
 915:../../../firmware/n32h7xx_std_periph_driver/src/n32h7xx_lptim.c **** *\*\          - LPTIM_ENCODER_MODE_RISING
 916:../../../firmware/n32h7xx_std_periph_driver/src/n32h7xx_lptim.c **** *\*\          - LPTIM_ENCODER_MODE_FALLING
 917:../../../firmware/n32h7xx_std_periph_driver/src/n32h7xx_lptim.c **** *\*\          - LPTIM_ENCODER_MODE_RISING_FALLING
 918:../../../firmware/n32h7xx_std_periph_driver/src/n32h7xx_lptim.c **** *\*\return  none
 919:../../../firmware/n32h7xx_std_periph_driver/src/n32h7xx_lptim.c **** *\*\note    This function must be called when the LPTIM instance is disabled.
 920:../../../firmware/n32h7xx_std_periph_driver/src/n32h7xx_lptim.c **** **/
 921:../../../firmware/n32h7xx_std_periph_driver/src/n32h7xx_lptim.c **** void LPTIM_SetEncoderModeClockPolarity(LPTIM_Module* LPTIMx, uint32_t ClockPolarity)
 922:../../../firmware/n32h7xx_std_periph_driver/src/n32h7xx_lptim.c **** {
 1897              		.loc 1 922 1
 1898              		.cfi_startproc
 1899              		@ args = 0, pretend = 0, frame = 8
 1900              		@ frame_needed = 1, uses_anonymous_args = 0
 1901              		@ link register save eliminated.
 1902 0000 80B4     		push	{r7}
 1903              	.LCFI202:
 1904              		.cfi_def_cfa_offset 4
 1905              		.cfi_offset 7, -4
 1906 0002 83B0     		sub	sp, sp, #12
 1907              	.LCFI203:
 1908              		.cfi_def_cfa_offset 16
 1909 0004 00AF     		add	r7, sp, #0
 1910              	.LCFI204:
 1911              		.cfi_def_cfa_register 7
 1912 0006 7860     		str	r0, [r7, #4]
 1913 0008 3960     		str	r1, [r7]
 923:../../../firmware/n32h7xx_std_periph_driver/src/n32h7xx_lptim.c ****     MODIFY_REG(LPTIMx->CFG, LPTIM_CFG_CLKPOL, ClockPolarity);
 1914              		.loc 1 923 5
 1915 000a 7B68     		ldr	r3, [r7, #4]
 1916 000c DB68     		ldr	r3, [r3, #12]
 1917 000e 23F00602 		bic	r2, r3, #6
 1918 0012 3B68     		ldr	r3, [r7]
 1919 0014 1A43     		orrs	r2, r2, r3
 1920 0016 7B68     		ldr	r3, [r7, #4]
 1921 0018 DA60     		str	r2, [r3, #12]
 924:../../../firmware/n32h7xx_std_periph_driver/src/n32h7xx_lptim.c **** }
 1922              		.loc 1 924 1
 1923 001a 00BF     		nop
 1924 001c 0C37     		adds	r7, r7, #12
 1925              	.LCFI205:
 1926              		.cfi_def_cfa_offset 4
 1927 001e BD46     		mov	sp, r7
 1928              	.LCFI206:
ARM GAS  /tmp/ccpTBGqq.s 			page 50


 1929              		.cfi_def_cfa_register 13
 1930              		@ sp needed
 1931 0020 80BC     		pop	{r7}
 1932              	.LCFI207:
 1933              		.cfi_restore 7
 1934              		.cfi_def_cfa_offset 0
 1935 0022 7047     		bx	lr
 1936              		.cfi_endproc
 1937              	.LFE181:
 1939              		.section	.text.LPTIM_GetEncoderModeClockPolarity,"ax",%progbits
 1940              		.align	1
 1941              		.global	LPTIM_GetEncoderModeClockPolarity
 1942              		.syntax unified
 1943              		.thumb
 1944              		.thumb_func
 1946              	LPTIM_GetEncoderModeClockPolarity:
 1947              	.LFB182:
 925:../../../firmware/n32h7xx_std_periph_driver/src/n32h7xx_lptim.c **** 
 926:../../../firmware/n32h7xx_std_periph_driver/src/n32h7xx_lptim.c **** /**
 927:../../../firmware/n32h7xx_std_periph_driver/src/n32h7xx_lptim.c **** *\*\name    LPTIM_GetEncoderModeClockPolarity.
 928:../../../firmware/n32h7xx_std_periph_driver/src/n32h7xx_lptim.c **** *\*\fun     Get clock polarity in encoder mode.
 929:../../../firmware/n32h7xx_std_periph_driver/src/n32h7xx_lptim.c **** *\*\param   LPTIMx (The input parameters must be the following values):
 930:../../../firmware/n32h7xx_std_periph_driver/src/n32h7xx_lptim.c **** *\*\          - LPTIM1
 931:../../../firmware/n32h7xx_std_periph_driver/src/n32h7xx_lptim.c **** *\*\          - LPTIM2
 932:../../../firmware/n32h7xx_std_periph_driver/src/n32h7xx_lptim.c **** *\*\          - LPTIM3
 933:../../../firmware/n32h7xx_std_periph_driver/src/n32h7xx_lptim.c **** *\*\          - LPTIM4
 934:../../../firmware/n32h7xx_std_periph_driver/src/n32h7xx_lptim.c **** *\*\          - LPTIM5
 935:../../../firmware/n32h7xx_std_periph_driver/src/n32h7xx_lptim.c **** *\*\return  Returned value can be one of the following values:
 936:../../../firmware/n32h7xx_std_periph_driver/src/n32h7xx_lptim.c **** *\*\          - LPTIM_ENCODER_MODE_RISING
 937:../../../firmware/n32h7xx_std_periph_driver/src/n32h7xx_lptim.c **** *\*\          - LPTIM_ENCODER_MODE_FALLING
 938:../../../firmware/n32h7xx_std_periph_driver/src/n32h7xx_lptim.c **** *\*\          - LPTIM_ENCODER_MODE_RISING_FALLING
 939:../../../firmware/n32h7xx_std_periph_driver/src/n32h7xx_lptim.c **** **/
 940:../../../firmware/n32h7xx_std_periph_driver/src/n32h7xx_lptim.c **** uint32_t LPTIM_GetEncoderModeClockPolarity(LPTIM_Module* LPTIMx)
 941:../../../firmware/n32h7xx_std_periph_driver/src/n32h7xx_lptim.c **** {
 1948              		.loc 1 941 1
 1949              		.cfi_startproc
 1950              		@ args = 0, pretend = 0, frame = 16
 1951              		@ frame_needed = 1, uses_anonymous_args = 0
 1952              		@ link register save eliminated.
 1953 0000 80B4     		push	{r7}
 1954              	.LCFI208:
 1955              		.cfi_def_cfa_offset 4
 1956              		.cfi_offset 7, -4
 1957 0002 85B0     		sub	sp, sp, #20
 1958              	.LCFI209:
 1959              		.cfi_def_cfa_offset 24
 1960 0004 00AF     		add	r7, sp, #0
 1961              	.LCFI210:
 1962              		.cfi_def_cfa_register 7
 1963 0006 7860     		str	r0, [r7, #4]
 942:../../../firmware/n32h7xx_std_periph_driver/src/n32h7xx_lptim.c ****     uint32_t Mode;
 943:../../../firmware/n32h7xx_std_periph_driver/src/n32h7xx_lptim.c **** 
 944:../../../firmware/n32h7xx_std_periph_driver/src/n32h7xx_lptim.c ****     /* Read the corresponding bit */
 945:../../../firmware/n32h7xx_std_periph_driver/src/n32h7xx_lptim.c ****     Mode = (uint32_t)(READ_BIT(LPTIMx->CFG, LPTIM_CFG_CLKPOL));
 1964              		.loc 1 945 23
 1965 0008 7B68     		ldr	r3, [r7, #4]
 1966 000a DB68     		ldr	r3, [r3, #12]
ARM GAS  /tmp/ccpTBGqq.s 			page 51


 1967              		.loc 1 945 10
 1968 000c 03F00603 		and	r3, r3, #6
 1969 0010 FB60     		str	r3, [r7, #12]
 946:../../../firmware/n32h7xx_std_periph_driver/src/n32h7xx_lptim.c **** 
 947:../../../firmware/n32h7xx_std_periph_driver/src/n32h7xx_lptim.c ****     return Mode;
 1970              		.loc 1 947 12
 1971 0012 FB68     		ldr	r3, [r7, #12]
 948:../../../firmware/n32h7xx_std_periph_driver/src/n32h7xx_lptim.c **** }
 1972              		.loc 1 948 1
 1973 0014 1846     		mov	r0, r3
 1974 0016 1437     		adds	r7, r7, #20
 1975              	.LCFI211:
 1976              		.cfi_def_cfa_offset 4
 1977 0018 BD46     		mov	sp, r7
 1978              	.LCFI212:
 1979              		.cfi_def_cfa_register 13
 1980              		@ sp needed
 1981 001a 80BC     		pop	{r7}
 1982              	.LCFI213:
 1983              		.cfi_restore 7
 1984              		.cfi_def_cfa_offset 0
 1985 001c 7047     		bx	lr
 1986              		.cfi_endproc
 1987              	.LFE182:
 1989              		.section	.text.LPTIM_EncoderModeCmd,"ax",%progbits
 1990              		.align	1
 1991              		.global	LPTIM_EncoderModeCmd
 1992              		.syntax unified
 1993              		.thumb
 1994              		.thumb_func
 1996              	LPTIM_EncoderModeCmd:
 1997              	.LFB183:
 949:../../../firmware/n32h7xx_std_periph_driver/src/n32h7xx_lptim.c **** 
 950:../../../firmware/n32h7xx_std_periph_driver/src/n32h7xx_lptim.c **** /**
 951:../../../firmware/n32h7xx_std_periph_driver/src/n32h7xx_lptim.c **** *\*\name    LPTIM_EncoderModeCmd.
 952:../../../firmware/n32h7xx_std_periph_driver/src/n32h7xx_lptim.c **** *\*\fun     Enables or disables the encoder mode.
 953:../../../firmware/n32h7xx_std_periph_driver/src/n32h7xx_lptim.c **** *\*\param   LPTIMx (The input parameters must be the following values):
 954:../../../firmware/n32h7xx_std_periph_driver/src/n32h7xx_lptim.c **** *\*\          - LPTIM1
 955:../../../firmware/n32h7xx_std_periph_driver/src/n32h7xx_lptim.c **** *\*\          - LPTIM2
 956:../../../firmware/n32h7xx_std_periph_driver/src/n32h7xx_lptim.c **** *\*\          - LPTIM3
 957:../../../firmware/n32h7xx_std_periph_driver/src/n32h7xx_lptim.c **** *\*\          - LPTIM4
 958:../../../firmware/n32h7xx_std_periph_driver/src/n32h7xx_lptim.c **** *\*\          - LPTIM5
 959:../../../firmware/n32h7xx_std_periph_driver/src/n32h7xx_lptim.c **** *\*\param   Cmd (The input parameters must be the following values):
 960:../../../firmware/n32h7xx_std_periph_driver/src/n32h7xx_lptim.c **** *\*\          - ENABLE
 961:../../../firmware/n32h7xx_std_periph_driver/src/n32h7xx_lptim.c **** *\*\          - DISABLE
 962:../../../firmware/n32h7xx_std_periph_driver/src/n32h7xx_lptim.c **** *\*\return  none
 963:../../../firmware/n32h7xx_std_periph_driver/src/n32h7xx_lptim.c **** *\*\note    This function must be called when the LPTIM instance is disabled.
 964:../../../firmware/n32h7xx_std_periph_driver/src/n32h7xx_lptim.c **** *\*\note    In this mode the LPTIM instance must be clocked by an internal clock
 965:../../../firmware/n32h7xx_std_periph_driver/src/n32h7xx_lptim.c **** *\*\        source. Also, the prescaler division ratio must be equal to 1.
 966:../../../firmware/n32h7xx_std_periph_driver/src/n32h7xx_lptim.c **** *\*\note    LPTIM instance must be configured in continuous mode prior enabling
 967:../../../firmware/n32h7xx_std_periph_driver/src/n32h7xx_lptim.c **** *\*\        the encoder mode.
 968:../../../firmware/n32h7xx_std_periph_driver/src/n32h7xx_lptim.c **** **/
 969:../../../firmware/n32h7xx_std_periph_driver/src/n32h7xx_lptim.c **** void LPTIM_EncoderModeCmd(LPTIM_Module* LPTIMx, FunctionalStatus Cmd)
 970:../../../firmware/n32h7xx_std_periph_driver/src/n32h7xx_lptim.c **** {
 1998              		.loc 1 970 1
 1999              		.cfi_startproc
 2000              		@ args = 0, pretend = 0, frame = 8
ARM GAS  /tmp/ccpTBGqq.s 			page 52


 2001              		@ frame_needed = 1, uses_anonymous_args = 0
 2002              		@ link register save eliminated.
 2003 0000 80B4     		push	{r7}
 2004              	.LCFI214:
 2005              		.cfi_def_cfa_offset 4
 2006              		.cfi_offset 7, -4
 2007 0002 83B0     		sub	sp, sp, #12
 2008              	.LCFI215:
 2009              		.cfi_def_cfa_offset 16
 2010 0004 00AF     		add	r7, sp, #0
 2011              	.LCFI216:
 2012              		.cfi_def_cfa_register 7
 2013 0006 7860     		str	r0, [r7, #4]
 2014 0008 0B46     		mov	r3, r1
 2015 000a FB70     		strb	r3, [r7, #3]
 971:../../../firmware/n32h7xx_std_periph_driver/src/n32h7xx_lptim.c ****     if (Cmd != DISABLE)
 2016              		.loc 1 971 8
 2017 000c FB78     		ldrb	r3, [r7, #3]	@ zero_extendqisi2
 2018 000e 002B     		cmp	r3, #0
 2019 0010 06D0     		beq	.L84
 972:../../../firmware/n32h7xx_std_periph_driver/src/n32h7xx_lptim.c ****     {
 973:../../../firmware/n32h7xx_std_periph_driver/src/n32h7xx_lptim.c ****         /* Enable the encoder mode */
 974:../../../firmware/n32h7xx_std_periph_driver/src/n32h7xx_lptim.c ****         SET_BIT(LPTIMx->CFG, LPTIM_CFG_ENC);
 2020              		.loc 1 974 9
 2021 0012 7B68     		ldr	r3, [r7, #4]
 2022 0014 DB68     		ldr	r3, [r3, #12]
 2023 0016 43F08072 		orr	r2, r3, #16777216
 2024 001a 7B68     		ldr	r3, [r7, #4]
 2025 001c DA60     		str	r2, [r3, #12]
 975:../../../firmware/n32h7xx_std_periph_driver/src/n32h7xx_lptim.c ****     }
 976:../../../firmware/n32h7xx_std_periph_driver/src/n32h7xx_lptim.c ****     else
 977:../../../firmware/n32h7xx_std_periph_driver/src/n32h7xx_lptim.c ****     {
 978:../../../firmware/n32h7xx_std_periph_driver/src/n32h7xx_lptim.c ****         /* Disable the encoder mode */
 979:../../../firmware/n32h7xx_std_periph_driver/src/n32h7xx_lptim.c ****         CLEAR_BIT(LPTIMx->CFG, LPTIM_CFG_ENC);
 980:../../../firmware/n32h7xx_std_periph_driver/src/n32h7xx_lptim.c ****     }
 981:../../../firmware/n32h7xx_std_periph_driver/src/n32h7xx_lptim.c **** }
 2026              		.loc 1 981 1
 2027 001e 05E0     		b	.L86
 2028              	.L84:
 979:../../../firmware/n32h7xx_std_periph_driver/src/n32h7xx_lptim.c ****     }
 2029              		.loc 1 979 9
 2030 0020 7B68     		ldr	r3, [r7, #4]
 2031 0022 DB68     		ldr	r3, [r3, #12]
 2032 0024 23F08072 		bic	r2, r3, #16777216
 2033 0028 7B68     		ldr	r3, [r7, #4]
 2034 002a DA60     		str	r2, [r3, #12]
 2035              	.L86:
 2036              		.loc 1 981 1
 2037 002c 00BF     		nop
 2038 002e 0C37     		adds	r7, r7, #12
 2039              	.LCFI217:
 2040              		.cfi_def_cfa_offset 4
 2041 0030 BD46     		mov	sp, r7
 2042              	.LCFI218:
 2043              		.cfi_def_cfa_register 13
 2044              		@ sp needed
 2045 0032 80BC     		pop	{r7}
ARM GAS  /tmp/ccpTBGqq.s 			page 53


 2046              	.LCFI219:
 2047              		.cfi_restore 7
 2048              		.cfi_def_cfa_offset 0
 2049 0034 7047     		bx	lr
 2050              		.cfi_endproc
 2051              	.LFE183:
 2053              		.section	.text.LPTIM_NoEncoderModeCmd,"ax",%progbits
 2054              		.align	1
 2055              		.global	LPTIM_NoEncoderModeCmd
 2056              		.syntax unified
 2057              		.thumb
 2058              		.thumb_func
 2060              	LPTIM_NoEncoderModeCmd:
 2061              	.LFB184:
 982:../../../firmware/n32h7xx_std_periph_driver/src/n32h7xx_lptim.c **** 
 983:../../../firmware/n32h7xx_std_periph_driver/src/n32h7xx_lptim.c **** /**
 984:../../../firmware/n32h7xx_std_periph_driver/src/n32h7xx_lptim.c **** *\*\name    LPTIM_NoEncoderModeCmd.
 985:../../../firmware/n32h7xx_std_periph_driver/src/n32h7xx_lptim.c **** *\*\fun     Enables or disables the Non-encoder mode.
 986:../../../firmware/n32h7xx_std_periph_driver/src/n32h7xx_lptim.c **** *\*\param   LPTIMx (The input parameters must be the following values):
 987:../../../firmware/n32h7xx_std_periph_driver/src/n32h7xx_lptim.c **** *\*\          - LPTIM1
 988:../../../firmware/n32h7xx_std_periph_driver/src/n32h7xx_lptim.c **** *\*\          - LPTIM2
 989:../../../firmware/n32h7xx_std_periph_driver/src/n32h7xx_lptim.c **** *\*\          - LPTIM3
 990:../../../firmware/n32h7xx_std_periph_driver/src/n32h7xx_lptim.c **** *\*\          - LPTIM4
 991:../../../firmware/n32h7xx_std_periph_driver/src/n32h7xx_lptim.c **** *\*\          - LPTIM5
 992:../../../firmware/n32h7xx_std_periph_driver/src/n32h7xx_lptim.c **** *\*\param   Cmd (The input parameters must be the following values):
 993:../../../firmware/n32h7xx_std_periph_driver/src/n32h7xx_lptim.c **** *\*\          - ENABLE
 994:../../../firmware/n32h7xx_std_periph_driver/src/n32h7xx_lptim.c **** *\*\          - DISABLE
 995:../../../firmware/n32h7xx_std_periph_driver/src/n32h7xx_lptim.c **** *\*\return  none
 996:../../../firmware/n32h7xx_std_periph_driver/src/n32h7xx_lptim.c **** *\*\note    This function must be called when the LPTIM instance is disabled.
 997:../../../firmware/n32h7xx_std_periph_driver/src/n32h7xx_lptim.c **** *\*\note    In this mode the LPTIM instance must be clocked by an internal clock
 998:../../../firmware/n32h7xx_std_periph_driver/src/n32h7xx_lptim.c **** *\*\        source. Also, the prescaler division ratio must be equal to 1.
 999:../../../firmware/n32h7xx_std_periph_driver/src/n32h7xx_lptim.c **** *\*\note    LPTIM instance must be configured in continuous mode prior enabling
1000:../../../firmware/n32h7xx_std_periph_driver/src/n32h7xx_lptim.c **** *\*\        the encoder mode.
1001:../../../firmware/n32h7xx_std_periph_driver/src/n32h7xx_lptim.c **** **/
1002:../../../firmware/n32h7xx_std_periph_driver/src/n32h7xx_lptim.c **** void LPTIM_NoEncoderModeCmd(LPTIM_Module* LPTIMx, FunctionalStatus Cmd)
1003:../../../firmware/n32h7xx_std_periph_driver/src/n32h7xx_lptim.c **** {
 2062              		.loc 1 1003 1
 2063              		.cfi_startproc
 2064              		@ args = 0, pretend = 0, frame = 8
 2065              		@ frame_needed = 1, uses_anonymous_args = 0
 2066              		@ link register save eliminated.
 2067 0000 80B4     		push	{r7}
 2068              	.LCFI220:
 2069              		.cfi_def_cfa_offset 4
 2070              		.cfi_offset 7, -4
 2071 0002 83B0     		sub	sp, sp, #12
 2072              	.LCFI221:
 2073              		.cfi_def_cfa_offset 16
 2074 0004 00AF     		add	r7, sp, #0
 2075              	.LCFI222:
 2076              		.cfi_def_cfa_register 7
 2077 0006 7860     		str	r0, [r7, #4]
 2078 0008 0B46     		mov	r3, r1
 2079 000a FB70     		strb	r3, [r7, #3]
1004:../../../firmware/n32h7xx_std_periph_driver/src/n32h7xx_lptim.c ****     if (Cmd != DISABLE)
 2080              		.loc 1 1004 8
 2081 000c FB78     		ldrb	r3, [r7, #3]	@ zero_extendqisi2
ARM GAS  /tmp/ccpTBGqq.s 			page 54


 2082 000e 002B     		cmp	r3, #0
 2083 0010 06D0     		beq	.L88
1005:../../../firmware/n32h7xx_std_periph_driver/src/n32h7xx_lptim.c ****     {
1006:../../../firmware/n32h7xx_std_periph_driver/src/n32h7xx_lptim.c ****         /* Enable the Non-encoder mode */
1007:../../../firmware/n32h7xx_std_periph_driver/src/n32h7xx_lptim.c ****         SET_BIT(LPTIMx->CFG, LPTIM_CFG_NENC);
 2084              		.loc 1 1007 9
 2085 0012 7B68     		ldr	r3, [r7, #4]
 2086 0014 DB68     		ldr	r3, [r3, #12]
 2087 0016 43F00072 		orr	r2, r3, #33554432
 2088 001a 7B68     		ldr	r3, [r7, #4]
 2089 001c DA60     		str	r2, [r3, #12]
1008:../../../firmware/n32h7xx_std_periph_driver/src/n32h7xx_lptim.c ****     }
1009:../../../firmware/n32h7xx_std_periph_driver/src/n32h7xx_lptim.c ****     else
1010:../../../firmware/n32h7xx_std_periph_driver/src/n32h7xx_lptim.c ****     {
1011:../../../firmware/n32h7xx_std_periph_driver/src/n32h7xx_lptim.c ****         /* Disable the Non-encoder mode */
1012:../../../firmware/n32h7xx_std_periph_driver/src/n32h7xx_lptim.c ****         CLEAR_BIT(LPTIMx->CFG, LPTIM_CFG_NENC);
1013:../../../firmware/n32h7xx_std_periph_driver/src/n32h7xx_lptim.c ****     }
1014:../../../firmware/n32h7xx_std_periph_driver/src/n32h7xx_lptim.c **** }
 2090              		.loc 1 1014 1
 2091 001e 05E0     		b	.L90
 2092              	.L88:
1012:../../../firmware/n32h7xx_std_periph_driver/src/n32h7xx_lptim.c ****     }
 2093              		.loc 1 1012 9
 2094 0020 7B68     		ldr	r3, [r7, #4]
 2095 0022 DB68     		ldr	r3, [r3, #12]
 2096 0024 23F00072 		bic	r2, r3, #33554432
 2097 0028 7B68     		ldr	r3, [r7, #4]
 2098 002a DA60     		str	r2, [r3, #12]
 2099              	.L90:
 2100              		.loc 1 1014 1
 2101 002c 00BF     		nop
 2102 002e 0C37     		adds	r7, r7, #12
 2103              	.LCFI223:
 2104              		.cfi_def_cfa_offset 4
 2105 0030 BD46     		mov	sp, r7
 2106              	.LCFI224:
 2107              		.cfi_def_cfa_register 13
 2108              		@ sp needed
 2109 0032 80BC     		pop	{r7}
 2110              	.LCFI225:
 2111              		.cfi_restore 7
 2112              		.cfi_def_cfa_offset 0
 2113 0034 7047     		bx	lr
 2114              		.cfi_endproc
 2115              	.LFE184:
 2117              		.section	.text.LPTIM_IsEnabledEncoderMode,"ax",%progbits
 2118              		.align	1
 2119              		.global	LPTIM_IsEnabledEncoderMode
 2120              		.syntax unified
 2121              		.thumb
 2122              		.thumb_func
 2124              	LPTIM_IsEnabledEncoderMode:
 2125              	.LFB185:
1015:../../../firmware/n32h7xx_std_periph_driver/src/n32h7xx_lptim.c **** 
1016:../../../firmware/n32h7xx_std_periph_driver/src/n32h7xx_lptim.c **** /**
1017:../../../firmware/n32h7xx_std_periph_driver/src/n32h7xx_lptim.c **** *\*\name    LPTIM_IsEnabledEncoderMode.
1018:../../../firmware/n32h7xx_std_periph_driver/src/n32h7xx_lptim.c **** *\*\fun     Indicates whether the LPTIM operates in encoder mode.
ARM GAS  /tmp/ccpTBGqq.s 			page 55


1019:../../../firmware/n32h7xx_std_periph_driver/src/n32h7xx_lptim.c **** *\*\param   LPTIMx (The input parameters must be the following values):
1020:../../../firmware/n32h7xx_std_periph_driver/src/n32h7xx_lptim.c **** *\*\          - LPTIM1
1021:../../../firmware/n32h7xx_std_periph_driver/src/n32h7xx_lptim.c **** *\*\          - LPTIM2
1022:../../../firmware/n32h7xx_std_periph_driver/src/n32h7xx_lptim.c **** *\*\          - LPTIM3
1023:../../../firmware/n32h7xx_std_periph_driver/src/n32h7xx_lptim.c **** *\*\          - LPTIM4
1024:../../../firmware/n32h7xx_std_periph_driver/src/n32h7xx_lptim.c **** *\*\          - LPTIM5
1025:../../../firmware/n32h7xx_std_periph_driver/src/n32h7xx_lptim.c **** *\*\return  1 or 0
1026:../../../firmware/n32h7xx_std_periph_driver/src/n32h7xx_lptim.c **** **/
1027:../../../firmware/n32h7xx_std_periph_driver/src/n32h7xx_lptim.c **** uint32_t LPTIM_IsEnabledEncoderMode(LPTIM_Module* LPTIMx)
1028:../../../firmware/n32h7xx_std_periph_driver/src/n32h7xx_lptim.c **** {
 2126              		.loc 1 1028 1
 2127              		.cfi_startproc
 2128              		@ args = 0, pretend = 0, frame = 16
 2129              		@ frame_needed = 1, uses_anonymous_args = 0
 2130              		@ link register save eliminated.
 2131 0000 80B4     		push	{r7}
 2132              	.LCFI226:
 2133              		.cfi_def_cfa_offset 4
 2134              		.cfi_offset 7, -4
 2135 0002 85B0     		sub	sp, sp, #20
 2136              	.LCFI227:
 2137              		.cfi_def_cfa_offset 24
 2138 0004 00AF     		add	r7, sp, #0
 2139              	.LCFI228:
 2140              		.cfi_def_cfa_register 7
 2141 0006 7860     		str	r0, [r7, #4]
1029:../../../firmware/n32h7xx_std_periph_driver/src/n32h7xx_lptim.c ****     uint32_t Temp;
1030:../../../firmware/n32h7xx_std_periph_driver/src/n32h7xx_lptim.c **** 
1031:../../../firmware/n32h7xx_std_periph_driver/src/n32h7xx_lptim.c ****     /* Read the corresponding bit, set 1 to return 1, otherwise, return 0 */
1032:../../../firmware/n32h7xx_std_periph_driver/src/n32h7xx_lptim.c ****     Temp = (((READ_BIT(LPTIMx->CFG, LPTIM_CFG_ENC) == LPTIM_CFG_ENC) ? 1UL : 0UL));
 2142              		.loc 1 1032 15
 2143 0008 7B68     		ldr	r3, [r7, #4]
 2144 000a DB68     		ldr	r3, [r3, #12]
 2145 000c 03F08073 		and	r3, r3, #16777216
 2146              		.loc 1 1032 76
 2147 0010 B3F1807F 		cmp	r3, #16777216
 2148 0014 01D1     		bne	.L92
 2149              		.loc 1 1032 76 is_stmt 0 discriminator 1
 2150 0016 0123     		movs	r3, #1
 2151 0018 00E0     		b	.L93
 2152              	.L92:
 2153              		.loc 1 1032 76 discriminator 2
 2154 001a 0023     		movs	r3, #0
 2155              	.L93:
 2156              		.loc 1 1032 10 is_stmt 1 discriminator 4
 2157 001c FB60     		str	r3, [r7, #12]
1033:../../../firmware/n32h7xx_std_periph_driver/src/n32h7xx_lptim.c **** 
1034:../../../firmware/n32h7xx_std_periph_driver/src/n32h7xx_lptim.c ****     return Temp;
 2158              		.loc 1 1034 12
 2159 001e FB68     		ldr	r3, [r7, #12]
1035:../../../firmware/n32h7xx_std_periph_driver/src/n32h7xx_lptim.c **** }
 2160              		.loc 1 1035 1
 2161 0020 1846     		mov	r0, r3
 2162 0022 1437     		adds	r7, r7, #20
 2163              	.LCFI229:
 2164              		.cfi_def_cfa_offset 4
 2165 0024 BD46     		mov	sp, r7
ARM GAS  /tmp/ccpTBGqq.s 			page 56


 2166              	.LCFI230:
 2167              		.cfi_def_cfa_register 13
 2168              		@ sp needed
 2169 0026 80BC     		pop	{r7}
 2170              	.LCFI231:
 2171              		.cfi_restore 7
 2172              		.cfi_def_cfa_offset 0
 2173 0028 7047     		bx	lr
 2174              		.cfi_endproc
 2175              	.LFE185:
 2177              		.section	.text.LPTIM_IsEnabledNoEncoderMode,"ax",%progbits
 2178              		.align	1
 2179              		.global	LPTIM_IsEnabledNoEncoderMode
 2180              		.syntax unified
 2181              		.thumb
 2182              		.thumb_func
 2184              	LPTIM_IsEnabledNoEncoderMode:
 2185              	.LFB186:
1036:../../../firmware/n32h7xx_std_periph_driver/src/n32h7xx_lptim.c **** 
1037:../../../firmware/n32h7xx_std_periph_driver/src/n32h7xx_lptim.c **** /**
1038:../../../firmware/n32h7xx_std_periph_driver/src/n32h7xx_lptim.c **** *\*\name    LPTIM_IsEnabledNoEncoderMode.
1039:../../../firmware/n32h7xx_std_periph_driver/src/n32h7xx_lptim.c **** *\*\fun     Indicates whether the LPTIM operates in Non-encoder mode.
1040:../../../firmware/n32h7xx_std_periph_driver/src/n32h7xx_lptim.c **** *\*\param   LPTIMx (The input parameters must be the following values):
1041:../../../firmware/n32h7xx_std_periph_driver/src/n32h7xx_lptim.c **** *\*\          - LPTIM1
1042:../../../firmware/n32h7xx_std_periph_driver/src/n32h7xx_lptim.c **** *\*\          - LPTIM2
1043:../../../firmware/n32h7xx_std_periph_driver/src/n32h7xx_lptim.c **** *\*\          - LPTIM3
1044:../../../firmware/n32h7xx_std_periph_driver/src/n32h7xx_lptim.c **** *\*\          - LPTIM4
1045:../../../firmware/n32h7xx_std_periph_driver/src/n32h7xx_lptim.c **** *\*\          - LPTIM5
1046:../../../firmware/n32h7xx_std_periph_driver/src/n32h7xx_lptim.c **** *\*\return  1 or 0
1047:../../../firmware/n32h7xx_std_periph_driver/src/n32h7xx_lptim.c **** **/
1048:../../../firmware/n32h7xx_std_periph_driver/src/n32h7xx_lptim.c **** uint32_t LPTIM_IsEnabledNoEncoderMode(LPTIM_Module* LPTIMx)
1049:../../../firmware/n32h7xx_std_periph_driver/src/n32h7xx_lptim.c **** {
 2186              		.loc 1 1049 1
 2187              		.cfi_startproc
 2188              		@ args = 0, pretend = 0, frame = 16
 2189              		@ frame_needed = 1, uses_anonymous_args = 0
 2190              		@ link register save eliminated.
 2191 0000 80B4     		push	{r7}
 2192              	.LCFI232:
 2193              		.cfi_def_cfa_offset 4
 2194              		.cfi_offset 7, -4
 2195 0002 85B0     		sub	sp, sp, #20
 2196              	.LCFI233:
 2197              		.cfi_def_cfa_offset 24
 2198 0004 00AF     		add	r7, sp, #0
 2199              	.LCFI234:
 2200              		.cfi_def_cfa_register 7
 2201 0006 7860     		str	r0, [r7, #4]
1050:../../../firmware/n32h7xx_std_periph_driver/src/n32h7xx_lptim.c ****     uint32_t Temp;
1051:../../../firmware/n32h7xx_std_periph_driver/src/n32h7xx_lptim.c **** 
1052:../../../firmware/n32h7xx_std_periph_driver/src/n32h7xx_lptim.c ****     /* Read the corresponding bit, set 1 to return 1, otherwise, return 0 */
1053:../../../firmware/n32h7xx_std_periph_driver/src/n32h7xx_lptim.c ****     Temp = (((READ_BIT(LPTIMx->CFG, LPTIM_CFG_NENC) == LPTIM_CFG_NENC) ? 1UL : 0UL));
 2202              		.loc 1 1053 15
 2203 0008 7B68     		ldr	r3, [r7, #4]
 2204 000a DB68     		ldr	r3, [r3, #12]
 2205 000c 03F00073 		and	r3, r3, #33554432
 2206              		.loc 1 1053 78
ARM GAS  /tmp/ccpTBGqq.s 			page 57


 2207 0010 B3F1007F 		cmp	r3, #33554432
 2208 0014 01D1     		bne	.L96
 2209              		.loc 1 1053 78 is_stmt 0 discriminator 1
 2210 0016 0123     		movs	r3, #1
 2211 0018 00E0     		b	.L97
 2212              	.L96:
 2213              		.loc 1 1053 78 discriminator 2
 2214 001a 0023     		movs	r3, #0
 2215              	.L97:
 2216              		.loc 1 1053 10 is_stmt 1 discriminator 4
 2217 001c FB60     		str	r3, [r7, #12]
1054:../../../firmware/n32h7xx_std_periph_driver/src/n32h7xx_lptim.c **** 
1055:../../../firmware/n32h7xx_std_periph_driver/src/n32h7xx_lptim.c ****     return Temp;
 2218              		.loc 1 1055 12
 2219 001e FB68     		ldr	r3, [r7, #12]
1056:../../../firmware/n32h7xx_std_periph_driver/src/n32h7xx_lptim.c **** }
 2220              		.loc 1 1056 1
 2221 0020 1846     		mov	r0, r3
 2222 0022 1437     		adds	r7, r7, #20
 2223              	.LCFI235:
 2224              		.cfi_def_cfa_offset 4
 2225 0024 BD46     		mov	sp, r7
 2226              	.LCFI236:
 2227              		.cfi_def_cfa_register 13
 2228              		@ sp needed
 2229 0026 80BC     		pop	{r7}
 2230              	.LCFI237:
 2231              		.cfi_restore 7
 2232              		.cfi_def_cfa_offset 0
 2233 0028 7047     		bx	lr
 2234              		.cfi_endproc
 2235              	.LFE186:
 2237              		.section	.text.LPTIM_ClearIntFlag,"ax",%progbits
 2238              		.align	1
 2239              		.global	LPTIM_ClearIntFlag
 2240              		.syntax unified
 2241              		.thumb
 2242              		.thumb_func
 2244              	LPTIM_ClearIntFlag:
 2245              	.LFB187:
1057:../../../firmware/n32h7xx_std_periph_driver/src/n32h7xx_lptim.c **** 
1058:../../../firmware/n32h7xx_std_periph_driver/src/n32h7xx_lptim.c **** /**
1059:../../../firmware/n32h7xx_std_periph_driver/src/n32h7xx_lptim.c **** *\*\name    LPTIM_ClearIntFlag.
1060:../../../firmware/n32h7xx_std_periph_driver/src/n32h7xx_lptim.c **** *\*\fun     Clear the specified LPTIM Interrupt status flags.
1061:../../../firmware/n32h7xx_std_periph_driver/src/n32h7xx_lptim.c **** *\*\param   LPTIMx (The input parameters must be the following values):
1062:../../../firmware/n32h7xx_std_periph_driver/src/n32h7xx_lptim.c **** *\*\          - LPTIM1
1063:../../../firmware/n32h7xx_std_periph_driver/src/n32h7xx_lptim.c **** *\*\          - LPTIM2
1064:../../../firmware/n32h7xx_std_periph_driver/src/n32h7xx_lptim.c **** *\*\          - LPTIM3
1065:../../../firmware/n32h7xx_std_periph_driver/src/n32h7xx_lptim.c **** *\*\          - LPTIM4
1066:../../../firmware/n32h7xx_std_periph_driver/src/n32h7xx_lptim.c **** *\*\          - LPTIM5
1067:../../../firmware/n32h7xx_std_periph_driver/src/n32h7xx_lptim.c **** *\*\param   IntFlag (The input parameters must be the following values):
1068:../../../firmware/n32h7xx_std_periph_driver/src/n32h7xx_lptim.c **** *\*\          - LPTIM_COMP_MATCH_FLAG
1069:../../../firmware/n32h7xx_std_periph_driver/src/n32h7xx_lptim.c **** *\*\          - LPTIM_AUTO_RELOAD_FLAG
1070:../../../firmware/n32h7xx_std_periph_driver/src/n32h7xx_lptim.c **** *\*\          - LPTIM_EXT_TRIG_EDGE_EVENT_FLAG
1071:../../../firmware/n32h7xx_std_periph_driver/src/n32h7xx_lptim.c **** *\*\          - LPTIM_COMP_UPDATE_FLAG
1072:../../../firmware/n32h7xx_std_periph_driver/src/n32h7xx_lptim.c **** *\*\          - LPTIM_AUTO_RELOAD_UPDATE_FLAG
1073:../../../firmware/n32h7xx_std_periph_driver/src/n32h7xx_lptim.c **** *\*\          - LPTIM_COUNTER_DIR_UP_FLAG
ARM GAS  /tmp/ccpTBGqq.s 			page 58


1074:../../../firmware/n32h7xx_std_periph_driver/src/n32h7xx_lptim.c **** *\*\          - LPTIM_COUNTER_DIR_DOWN_FLAG
1075:../../../firmware/n32h7xx_std_periph_driver/src/n32h7xx_lptim.c **** *\*\return  none
1076:../../../firmware/n32h7xx_std_periph_driver/src/n32h7xx_lptim.c **** **/
1077:../../../firmware/n32h7xx_std_periph_driver/src/n32h7xx_lptim.c **** void LPTIM_ClearIntFlag(LPTIM_Module* LPTIMx, uint32_t IntFlag)
1078:../../../firmware/n32h7xx_std_periph_driver/src/n32h7xx_lptim.c **** {
 2246              		.loc 1 1078 1
 2247              		.cfi_startproc
 2248              		@ args = 0, pretend = 0, frame = 8
 2249              		@ frame_needed = 1, uses_anonymous_args = 0
 2250              		@ link register save eliminated.
 2251 0000 80B4     		push	{r7}
 2252              	.LCFI238:
 2253              		.cfi_def_cfa_offset 4
 2254              		.cfi_offset 7, -4
 2255 0002 83B0     		sub	sp, sp, #12
 2256              	.LCFI239:
 2257              		.cfi_def_cfa_offset 16
 2258 0004 00AF     		add	r7, sp, #0
 2259              	.LCFI240:
 2260              		.cfi_def_cfa_register 7
 2261 0006 7860     		str	r0, [r7, #4]
 2262 0008 3960     		str	r1, [r7]
1079:../../../firmware/n32h7xx_std_periph_driver/src/n32h7xx_lptim.c ****     SET_BIT(LPTIMx->INTCLR, IntFlag);
 2263              		.loc 1 1079 5
 2264 000a 7B68     		ldr	r3, [r7, #4]
 2265 000c 5A68     		ldr	r2, [r3, #4]
 2266 000e 3B68     		ldr	r3, [r7]
 2267 0010 1A43     		orrs	r2, r2, r3
 2268 0012 7B68     		ldr	r3, [r7, #4]
 2269 0014 5A60     		str	r2, [r3, #4]
1080:../../../firmware/n32h7xx_std_periph_driver/src/n32h7xx_lptim.c **** }
 2270              		.loc 1 1080 1
 2271 0016 00BF     		nop
 2272 0018 0C37     		adds	r7, r7, #12
 2273              	.LCFI241:
 2274              		.cfi_def_cfa_offset 4
 2275 001a BD46     		mov	sp, r7
 2276              	.LCFI242:
 2277              		.cfi_def_cfa_register 13
 2278              		@ sp needed
 2279 001c 80BC     		pop	{r7}
 2280              	.LCFI243:
 2281              		.cfi_restore 7
 2282              		.cfi_def_cfa_offset 0
 2283 001e 7047     		bx	lr
 2284              		.cfi_endproc
 2285              	.LFE187:
 2287              		.section	.text.LPTIM_IsActiveIntStatus,"ax",%progbits
 2288              		.align	1
 2289              		.global	LPTIM_IsActiveIntStatus
 2290              		.syntax unified
 2291              		.thumb
 2292              		.thumb_func
 2294              	LPTIM_IsActiveIntStatus:
 2295              	.LFB188:
1081:../../../firmware/n32h7xx_std_periph_driver/src/n32h7xx_lptim.c **** 
1082:../../../firmware/n32h7xx_std_periph_driver/src/n32h7xx_lptim.c **** /**
ARM GAS  /tmp/ccpTBGqq.s 			page 59


1083:../../../firmware/n32h7xx_std_periph_driver/src/n32h7xx_lptim.c **** *\*\name    LPTIM_IsActiveIntStatus.
1084:../../../firmware/n32h7xx_std_periph_driver/src/n32h7xx_lptim.c **** *\*\fun     Inform application whether the specified LPTIM interrupt has occurred.
1085:../../../firmware/n32h7xx_std_periph_driver/src/n32h7xx_lptim.c **** *\*\param   LPTIMx (The input parameters must be the following values):
1086:../../../firmware/n32h7xx_std_periph_driver/src/n32h7xx_lptim.c **** *\*\          - LPTIM1
1087:../../../firmware/n32h7xx_std_periph_driver/src/n32h7xx_lptim.c **** *\*\          - LPTIM2
1088:../../../firmware/n32h7xx_std_periph_driver/src/n32h7xx_lptim.c **** *\*\          - LPTIM3
1089:../../../firmware/n32h7xx_std_periph_driver/src/n32h7xx_lptim.c **** *\*\          - LPTIM4
1090:../../../firmware/n32h7xx_std_periph_driver/src/n32h7xx_lptim.c **** *\*\          - LPTIM5
1091:../../../firmware/n32h7xx_std_periph_driver/src/n32h7xx_lptim.c **** *\*\param   IntSts (The input parameters must be the following values):
1092:../../../firmware/n32h7xx_std_periph_driver/src/n32h7xx_lptim.c **** *\*\          - LPTIM_COMP_MATCH_STATUS
1093:../../../firmware/n32h7xx_std_periph_driver/src/n32h7xx_lptim.c **** *\*\          - LPTIM_AUTO_RELOAD_STATUS
1094:../../../firmware/n32h7xx_std_periph_driver/src/n32h7xx_lptim.c **** *\*\          - LPTIM_EXT_TRIG_EDGE_EVENT_STATUS
1095:../../../firmware/n32h7xx_std_periph_driver/src/n32h7xx_lptim.c **** *\*\          - LPTIM_COMP_UPDATE_STATUS
1096:../../../firmware/n32h7xx_std_periph_driver/src/n32h7xx_lptim.c **** *\*\          - LPTIM_AUTO_RELOAD_UPDATE_STATUS
1097:../../../firmware/n32h7xx_std_periph_driver/src/n32h7xx_lptim.c **** *\*\          - LPTIM_COUNTER_DIR_UP_STATUS
1098:../../../firmware/n32h7xx_std_periph_driver/src/n32h7xx_lptim.c **** *\*\          - LPTIM_COUNTER_DIR_DOWN_STATUS
1099:../../../firmware/n32h7xx_std_periph_driver/src/n32h7xx_lptim.c **** *\*\return  1 or 0
1100:../../../firmware/n32h7xx_std_periph_driver/src/n32h7xx_lptim.c **** **/
1101:../../../firmware/n32h7xx_std_periph_driver/src/n32h7xx_lptim.c **** uint32_t LPTIM_IsActiveIntStatus(LPTIM_Module* LPTIMx, uint32_t IntSts)
1102:../../../firmware/n32h7xx_std_periph_driver/src/n32h7xx_lptim.c **** {
 2296              		.loc 1 1102 1
 2297              		.cfi_startproc
 2298              		@ args = 0, pretend = 0, frame = 16
 2299              		@ frame_needed = 1, uses_anonymous_args = 0
 2300              		@ link register save eliminated.
 2301 0000 80B4     		push	{r7}
 2302              	.LCFI244:
 2303              		.cfi_def_cfa_offset 4
 2304              		.cfi_offset 7, -4
 2305 0002 85B0     		sub	sp, sp, #20
 2306              	.LCFI245:
 2307              		.cfi_def_cfa_offset 24
 2308 0004 00AF     		add	r7, sp, #0
 2309              	.LCFI246:
 2310              		.cfi_def_cfa_register 7
 2311 0006 7860     		str	r0, [r7, #4]
 2312 0008 3960     		str	r1, [r7]
1103:../../../firmware/n32h7xx_std_periph_driver/src/n32h7xx_lptim.c ****     uint32_t Temp;
1104:../../../firmware/n32h7xx_std_periph_driver/src/n32h7xx_lptim.c **** 
1105:../../../firmware/n32h7xx_std_periph_driver/src/n32h7xx_lptim.c ****     /* Read the corresponding bit, set 1 to return 1, otherwise, return 0 */
1106:../../../firmware/n32h7xx_std_periph_driver/src/n32h7xx_lptim.c ****     Temp = (((READ_BIT(LPTIMx->INTSTS, IntSts) == IntSts) ? 1UL : 0UL));
 2313              		.loc 1 1106 15
 2314 000a 7B68     		ldr	r3, [r7, #4]
 2315 000c 1A68     		ldr	r2, [r3]
 2316 000e 3B68     		ldr	r3, [r7]
 2317 0010 1340     		ands	r3, r3, r2
 2318              		.loc 1 1106 65
 2319 0012 3A68     		ldr	r2, [r7]
 2320 0014 9A42     		cmp	r2, r3
 2321 0016 01D1     		bne	.L101
 2322              		.loc 1 1106 65 is_stmt 0 discriminator 1
 2323 0018 0123     		movs	r3, #1
 2324 001a 00E0     		b	.L102
 2325              	.L101:
 2326              		.loc 1 1106 65 discriminator 2
 2327 001c 0023     		movs	r3, #0
 2328              	.L102:
ARM GAS  /tmp/ccpTBGqq.s 			page 60


 2329              		.loc 1 1106 10 is_stmt 1 discriminator 4
 2330 001e FB60     		str	r3, [r7, #12]
1107:../../../firmware/n32h7xx_std_periph_driver/src/n32h7xx_lptim.c **** 
1108:../../../firmware/n32h7xx_std_periph_driver/src/n32h7xx_lptim.c ****     return Temp;
 2331              		.loc 1 1108 12
 2332 0020 FB68     		ldr	r3, [r7, #12]
1109:../../../firmware/n32h7xx_std_periph_driver/src/n32h7xx_lptim.c **** }
 2333              		.loc 1 1109 1
 2334 0022 1846     		mov	r0, r3
 2335 0024 1437     		adds	r7, r7, #20
 2336              	.LCFI247:
 2337              		.cfi_def_cfa_offset 4
 2338 0026 BD46     		mov	sp, r7
 2339              	.LCFI248:
 2340              		.cfi_def_cfa_register 13
 2341              		@ sp needed
 2342 0028 80BC     		pop	{r7}
 2343              	.LCFI249:
 2344              		.cfi_restore 7
 2345              		.cfi_def_cfa_offset 0
 2346 002a 7047     		bx	lr
 2347              		.cfi_endproc
 2348              	.LFE188:
 2350              		.section	.text.LPTIM_ConfigInt,"ax",%progbits
 2351              		.align	1
 2352              		.global	LPTIM_ConfigInt
 2353              		.syntax unified
 2354              		.thumb
 2355              		.thumb_func
 2357              	LPTIM_ConfigInt:
 2358              	.LFB189:
1110:../../../firmware/n32h7xx_std_periph_driver/src/n32h7xx_lptim.c **** 
1111:../../../firmware/n32h7xx_std_periph_driver/src/n32h7xx_lptim.c **** /**
1112:../../../firmware/n32h7xx_std_periph_driver/src/n32h7xx_lptim.c **** *\*\name    LPTIM_ConfigInt.
1113:../../../firmware/n32h7xx_std_periph_driver/src/n32h7xx_lptim.c **** *\*\fun     Enables or disables the specified LPTIM interrupts.
1114:../../../firmware/n32h7xx_std_periph_driver/src/n32h7xx_lptim.c **** *\*\param   LPTIMx (The input parameters must be the following values):
1115:../../../firmware/n32h7xx_std_periph_driver/src/n32h7xx_lptim.c **** *\*\          - LPTIM1
1116:../../../firmware/n32h7xx_std_periph_driver/src/n32h7xx_lptim.c **** *\*\          - LPTIM2
1117:../../../firmware/n32h7xx_std_periph_driver/src/n32h7xx_lptim.c **** *\*\          - LPTIM3
1118:../../../firmware/n32h7xx_std_periph_driver/src/n32h7xx_lptim.c **** *\*\          - LPTIM4
1119:../../../firmware/n32h7xx_std_periph_driver/src/n32h7xx_lptim.c **** *\*\          - LPTIM5
1120:../../../firmware/n32h7xx_std_periph_driver/src/n32h7xx_lptim.c **** *\*\param   Interrupt (The input parameters must be the following values):
1121:../../../firmware/n32h7xx_std_periph_driver/src/n32h7xx_lptim.c **** *\*\          - LPTIM_COMP_MATCH_INT
1122:../../../firmware/n32h7xx_std_periph_driver/src/n32h7xx_lptim.c **** *\*\          - LPTIM_AUTO_RELOAD_INT
1123:../../../firmware/n32h7xx_std_periph_driver/src/n32h7xx_lptim.c **** *\*\          - LPTIM_EXT_TRIG_EDGE_EVENT_INT
1124:../../../firmware/n32h7xx_std_periph_driver/src/n32h7xx_lptim.c **** *\*\          - LPTIM_COMP_UPDATE_INT
1125:../../../firmware/n32h7xx_std_periph_driver/src/n32h7xx_lptim.c **** *\*\          - LPTIM_AUTO_RELOAD_UPDATE_INT
1126:../../../firmware/n32h7xx_std_periph_driver/src/n32h7xx_lptim.c **** *\*\          - LPTIM_COUNTER_DIR_UP_INT
1127:../../../firmware/n32h7xx_std_periph_driver/src/n32h7xx_lptim.c **** *\*\          - LPTIM_COUNTER_DIR_DOWN_INT
1128:../../../firmware/n32h7xx_std_periph_driver/src/n32h7xx_lptim.c **** *\*\param   Cmd (The input parameters must be the following values):
1129:../../../firmware/n32h7xx_std_periph_driver/src/n32h7xx_lptim.c **** *\*\          - ENABLE
1130:../../../firmware/n32h7xx_std_periph_driver/src/n32h7xx_lptim.c **** *\*\          - DISABLE
1131:../../../firmware/n32h7xx_std_periph_driver/src/n32h7xx_lptim.c **** *\*\return  none
1132:../../../firmware/n32h7xx_std_periph_driver/src/n32h7xx_lptim.c **** *\*\note    This function must be called when the LPTIM instance is disabled.
1133:../../../firmware/n32h7xx_std_periph_driver/src/n32h7xx_lptim.c **** **/
1134:../../../firmware/n32h7xx_std_periph_driver/src/n32h7xx_lptim.c **** void LPTIM_ConfigInt(LPTIM_Module* LPTIMx, uint32_t Interrupt, FunctionalStatus Cmd)
1135:../../../firmware/n32h7xx_std_periph_driver/src/n32h7xx_lptim.c **** {
ARM GAS  /tmp/ccpTBGqq.s 			page 61


 2359              		.loc 1 1135 1
 2360              		.cfi_startproc
 2361              		@ args = 0, pretend = 0, frame = 16
 2362              		@ frame_needed = 1, uses_anonymous_args = 0
 2363              		@ link register save eliminated.
 2364 0000 80B4     		push	{r7}
 2365              	.LCFI250:
 2366              		.cfi_def_cfa_offset 4
 2367              		.cfi_offset 7, -4
 2368 0002 85B0     		sub	sp, sp, #20
 2369              	.LCFI251:
 2370              		.cfi_def_cfa_offset 24
 2371 0004 00AF     		add	r7, sp, #0
 2372              	.LCFI252:
 2373              		.cfi_def_cfa_register 7
 2374 0006 F860     		str	r0, [r7, #12]
 2375 0008 B960     		str	r1, [r7, #8]
 2376 000a 1346     		mov	r3, r2
 2377 000c FB71     		strb	r3, [r7, #7]
1136:../../../firmware/n32h7xx_std_periph_driver/src/n32h7xx_lptim.c ****     if (Cmd != DISABLE)
 2378              		.loc 1 1136 8
 2379 000e FB79     		ldrb	r3, [r7, #7]	@ zero_extendqisi2
 2380 0010 002B     		cmp	r3, #0
 2381 0012 06D0     		beq	.L105
1137:../../../firmware/n32h7xx_std_periph_driver/src/n32h7xx_lptim.c ****     {
1138:../../../firmware/n32h7xx_std_periph_driver/src/n32h7xx_lptim.c ****         SET_BIT(LPTIMx->INTEN, Interrupt);
 2382              		.loc 1 1138 9
 2383 0014 FB68     		ldr	r3, [r7, #12]
 2384 0016 9A68     		ldr	r2, [r3, #8]
 2385 0018 BB68     		ldr	r3, [r7, #8]
 2386 001a 1A43     		orrs	r2, r2, r3
 2387 001c FB68     		ldr	r3, [r7, #12]
 2388 001e 9A60     		str	r2, [r3, #8]
1139:../../../firmware/n32h7xx_std_periph_driver/src/n32h7xx_lptim.c ****     }
1140:../../../firmware/n32h7xx_std_periph_driver/src/n32h7xx_lptim.c ****     else
1141:../../../firmware/n32h7xx_std_periph_driver/src/n32h7xx_lptim.c ****     {
1142:../../../firmware/n32h7xx_std_periph_driver/src/n32h7xx_lptim.c ****         CLEAR_BIT(LPTIMx->INTEN, Interrupt);
1143:../../../firmware/n32h7xx_std_periph_driver/src/n32h7xx_lptim.c ****     }
1144:../../../firmware/n32h7xx_std_periph_driver/src/n32h7xx_lptim.c **** }
 2389              		.loc 1 1144 1
 2390 0020 06E0     		b	.L107
 2391              	.L105:
1142:../../../firmware/n32h7xx_std_periph_driver/src/n32h7xx_lptim.c ****     }
 2392              		.loc 1 1142 9
 2393 0022 FB68     		ldr	r3, [r7, #12]
 2394 0024 9A68     		ldr	r2, [r3, #8]
 2395 0026 BB68     		ldr	r3, [r7, #8]
 2396 0028 DB43     		mvns	r3, r3
 2397 002a 1A40     		ands	r2, r2, r3
 2398 002c FB68     		ldr	r3, [r7, #12]
 2399 002e 9A60     		str	r2, [r3, #8]
 2400              	.L107:
 2401              		.loc 1 1144 1
 2402 0030 00BF     		nop
 2403 0032 1437     		adds	r7, r7, #20
 2404              	.LCFI253:
 2405              		.cfi_def_cfa_offset 4
ARM GAS  /tmp/ccpTBGqq.s 			page 62


 2406 0034 BD46     		mov	sp, r7
 2407              	.LCFI254:
 2408              		.cfi_def_cfa_register 13
 2409              		@ sp needed
 2410 0036 80BC     		pop	{r7}
 2411              	.LCFI255:
 2412              		.cfi_restore 7
 2413              		.cfi_def_cfa_offset 0
 2414 0038 7047     		bx	lr
 2415              		.cfi_endproc
 2416              	.LFE189:
 2418              		.section	.text.LPTIM_IsEnabledInt,"ax",%progbits
 2419              		.align	1
 2420              		.global	LPTIM_IsEnabledInt
 2421              		.syntax unified
 2422              		.thumb
 2423              		.thumb_func
 2425              	LPTIM_IsEnabledInt:
 2426              	.LFB190:
1145:../../../firmware/n32h7xx_std_periph_driver/src/n32h7xx_lptim.c **** 
1146:../../../firmware/n32h7xx_std_periph_driver/src/n32h7xx_lptim.c **** /**
1147:../../../firmware/n32h7xx_std_periph_driver/src/n32h7xx_lptim.c **** *\*\name    LPTIM_IsEnabledInt.
1148:../../../firmware/n32h7xx_std_periph_driver/src/n32h7xx_lptim.c **** *\*\fun     Indicates whether the specified LPTIM interrupts is enabled.
1149:../../../firmware/n32h7xx_std_periph_driver/src/n32h7xx_lptim.c **** *\*\param   LPTIMx (The input parameters must be the following values):
1150:../../../firmware/n32h7xx_std_periph_driver/src/n32h7xx_lptim.c **** *\*\          - LPTIM1
1151:../../../firmware/n32h7xx_std_periph_driver/src/n32h7xx_lptim.c **** *\*\          - LPTIM2
1152:../../../firmware/n32h7xx_std_periph_driver/src/n32h7xx_lptim.c **** *\*\          - LPTIM3
1153:../../../firmware/n32h7xx_std_periph_driver/src/n32h7xx_lptim.c **** *\*\          - LPTIM4
1154:../../../firmware/n32h7xx_std_periph_driver/src/n32h7xx_lptim.c **** *\*\          - LPTIM5
1155:../../../firmware/n32h7xx_std_periph_driver/src/n32h7xx_lptim.c **** *\*\param   Interrupt (The input parameters must be the following values):
1156:../../../firmware/n32h7xx_std_periph_driver/src/n32h7xx_lptim.c **** *\*\          - LPTIM_COMP_MATCH_INT
1157:../../../firmware/n32h7xx_std_periph_driver/src/n32h7xx_lptim.c **** *\*\          - LPTIM_AUTO_RELOAD_INT
1158:../../../firmware/n32h7xx_std_periph_driver/src/n32h7xx_lptim.c **** *\*\          - LPTIM_EXT_TRIG_EDGE_EVENT_INT
1159:../../../firmware/n32h7xx_std_periph_driver/src/n32h7xx_lptim.c **** *\*\          - LPTIM_COMP_UPDATE_INT
1160:../../../firmware/n32h7xx_std_periph_driver/src/n32h7xx_lptim.c **** *\*\          - LPTIM_AUTO_RELOAD_UPDATE_INT
1161:../../../firmware/n32h7xx_std_periph_driver/src/n32h7xx_lptim.c **** *\*\          - LPTIM_COUNTER_DIR_UP_INT
1162:../../../firmware/n32h7xx_std_periph_driver/src/n32h7xx_lptim.c **** *\*\          - LPTIM_COUNTER_DIR_DOWN_INT
1163:../../../firmware/n32h7xx_std_periph_driver/src/n32h7xx_lptim.c **** *\*\return  1 or 0
1164:../../../firmware/n32h7xx_std_periph_driver/src/n32h7xx_lptim.c **** **/
1165:../../../firmware/n32h7xx_std_periph_driver/src/n32h7xx_lptim.c **** uint32_t LPTIM_IsEnabledInt(LPTIM_Module* LPTIMx, uint32_t Interrupt)
1166:../../../firmware/n32h7xx_std_periph_driver/src/n32h7xx_lptim.c **** {
 2427              		.loc 1 1166 1
 2428              		.cfi_startproc
 2429              		@ args = 0, pretend = 0, frame = 16
 2430              		@ frame_needed = 1, uses_anonymous_args = 0
 2431              		@ link register save eliminated.
 2432 0000 80B4     		push	{r7}
 2433              	.LCFI256:
 2434              		.cfi_def_cfa_offset 4
 2435              		.cfi_offset 7, -4
 2436 0002 85B0     		sub	sp, sp, #20
 2437              	.LCFI257:
 2438              		.cfi_def_cfa_offset 24
 2439 0004 00AF     		add	r7, sp, #0
 2440              	.LCFI258:
 2441              		.cfi_def_cfa_register 7
 2442 0006 7860     		str	r0, [r7, #4]
ARM GAS  /tmp/ccpTBGqq.s 			page 63


 2443 0008 3960     		str	r1, [r7]
1167:../../../firmware/n32h7xx_std_periph_driver/src/n32h7xx_lptim.c ****     uint32_t Temp;
1168:../../../firmware/n32h7xx_std_periph_driver/src/n32h7xx_lptim.c **** 
1169:../../../firmware/n32h7xx_std_periph_driver/src/n32h7xx_lptim.c ****     /* Read the corresponding bit, set 1 to return 1, otherwise, return 0 */
1170:../../../firmware/n32h7xx_std_periph_driver/src/n32h7xx_lptim.c ****     Temp = (((READ_BIT(LPTIMx->INTEN, Interrupt) == Interrupt) ? 1UL : 0UL));
 2444              		.loc 1 1170 15
 2445 000a 7B68     		ldr	r3, [r7, #4]
 2446 000c 9A68     		ldr	r2, [r3, #8]
 2447 000e 3B68     		ldr	r3, [r7]
 2448 0010 1340     		ands	r3, r3, r2
 2449              		.loc 1 1170 70
 2450 0012 3A68     		ldr	r2, [r7]
 2451 0014 9A42     		cmp	r2, r3
 2452 0016 01D1     		bne	.L109
 2453              		.loc 1 1170 70 is_stmt 0 discriminator 1
 2454 0018 0123     		movs	r3, #1
 2455 001a 00E0     		b	.L110
 2456              	.L109:
 2457              		.loc 1 1170 70 discriminator 2
 2458 001c 0023     		movs	r3, #0
 2459              	.L110:
 2460              		.loc 1 1170 10 is_stmt 1 discriminator 4
 2461 001e FB60     		str	r3, [r7, #12]
1171:../../../firmware/n32h7xx_std_periph_driver/src/n32h7xx_lptim.c **** 
1172:../../../firmware/n32h7xx_std_periph_driver/src/n32h7xx_lptim.c ****     return Temp;
 2462              		.loc 1 1172 12
 2463 0020 FB68     		ldr	r3, [r7, #12]
1173:../../../firmware/n32h7xx_std_periph_driver/src/n32h7xx_lptim.c **** }
 2464              		.loc 1 1173 1
 2465 0022 1846     		mov	r0, r3
 2466 0024 1437     		adds	r7, r7, #20
 2467              	.LCFI259:
 2468              		.cfi_def_cfa_offset 4
 2469 0026 BD46     		mov	sp, r7
 2470              	.LCFI260:
 2471              		.cfi_def_cfa_register 13
 2472              		@ sp needed
 2473 0028 80BC     		pop	{r7}
 2474              	.LCFI261:
 2475              		.cfi_restore 7
 2476              		.cfi_def_cfa_offset 0
 2477 002a 7047     		bx	lr
 2478              		.cfi_endproc
 2479              	.LFE190:
 2481              		.section	.text.LPTIM_ConfigInput1,"ax",%progbits
 2482              		.align	1
 2483              		.global	LPTIM_ConfigInput1
 2484              		.syntax unified
 2485              		.thumb
 2486              		.thumb_func
 2488              	LPTIM_ConfigInput1:
 2489              	.LFB191:
1174:../../../firmware/n32h7xx_std_periph_driver/src/n32h7xx_lptim.c **** 
1175:../../../firmware/n32h7xx_std_periph_driver/src/n32h7xx_lptim.c **** /**
1176:../../../firmware/n32h7xx_std_periph_driver/src/n32h7xx_lptim.c **** *\*\name    LPTIM_ConfigInput1.
1177:../../../firmware/n32h7xx_std_periph_driver/src/n32h7xx_lptim.c **** *\*\fun     Select the connection for Input1 of LPTIM.
1178:../../../firmware/n32h7xx_std_periph_driver/src/n32h7xx_lptim.c **** *\*\param   LPTIMx (The input parameters must be the following values):
ARM GAS  /tmp/ccpTBGqq.s 			page 64


1179:../../../firmware/n32h7xx_std_periph_driver/src/n32h7xx_lptim.c **** *\*\          - LPTIM1
1180:../../../firmware/n32h7xx_std_periph_driver/src/n32h7xx_lptim.c **** *\*\          - LPTIM2
1181:../../../firmware/n32h7xx_std_periph_driver/src/n32h7xx_lptim.c **** *\*\          - LPTIM3
1182:../../../firmware/n32h7xx_std_periph_driver/src/n32h7xx_lptim.c **** *\*\          - LPTIM4
1183:../../../firmware/n32h7xx_std_periph_driver/src/n32h7xx_lptim.c **** *\*\          - LPTIM5
1184:../../../firmware/n32h7xx_std_periph_driver/src/n32h7xx_lptim.c **** *\*\param   ConnectSelect (The input parameters must be the following values):
1185:../../../firmware/n32h7xx_std_periph_driver/src/n32h7xx_lptim.c **** *\*\          - LPTIM_INPUT1_CONNECT_GPIO
1186:../../../firmware/n32h7xx_std_periph_driver/src/n32h7xx_lptim.c **** *\*\          - LPTIM_INPUT1_CONNECT_COMP1
1187:../../../firmware/n32h7xx_std_periph_driver/src/n32h7xx_lptim.c **** *\*\          - LPTIM_INPUT1_CONNECT_COMP2
1188:../../../firmware/n32h7xx_std_periph_driver/src/n32h7xx_lptim.c **** *\*\          - LPTIM_INPUT1_CONNECT_COMP3
1189:../../../firmware/n32h7xx_std_periph_driver/src/n32h7xx_lptim.c **** *\*\          - LPTIM_INPUT1_CONNECT_COMP4
1190:../../../firmware/n32h7xx_std_periph_driver/src/n32h7xx_lptim.c **** *\*\return  none
1191:../../../firmware/n32h7xx_std_periph_driver/src/n32h7xx_lptim.c **** **/
1192:../../../firmware/n32h7xx_std_periph_driver/src/n32h7xx_lptim.c **** void LPTIM_ConfigInput1(LPTIM_Module* LPTIMx, uint32_t ConnectSelect)
1193:../../../firmware/n32h7xx_std_periph_driver/src/n32h7xx_lptim.c **** {
 2490              		.loc 1 1193 1
 2491              		.cfi_startproc
 2492              		@ args = 0, pretend = 0, frame = 8
 2493              		@ frame_needed = 1, uses_anonymous_args = 0
 2494              		@ link register save eliminated.
 2495 0000 80B4     		push	{r7}
 2496              	.LCFI262:
 2497              		.cfi_def_cfa_offset 4
 2498              		.cfi_offset 7, -4
 2499 0002 83B0     		sub	sp, sp, #12
 2500              	.LCFI263:
 2501              		.cfi_def_cfa_offset 16
 2502 0004 00AF     		add	r7, sp, #0
 2503              	.LCFI264:
 2504              		.cfi_def_cfa_register 7
 2505 0006 7860     		str	r0, [r7, #4]
 2506 0008 3960     		str	r1, [r7]
1194:../../../firmware/n32h7xx_std_periph_driver/src/n32h7xx_lptim.c ****     MODIFY_REG(LPTIMx->OPT, LPTIM_OPT_OPT1, ConnectSelect);
 2507              		.loc 1 1194 5
 2508 000a 7B68     		ldr	r3, [r7, #4]
 2509 000c 1B6A     		ldr	r3, [r3, #32]
 2510 000e 23F00702 		bic	r2, r3, #7
 2511 0012 3B68     		ldr	r3, [r7]
 2512 0014 1A43     		orrs	r2, r2, r3
 2513 0016 7B68     		ldr	r3, [r7, #4]
 2514 0018 1A62     		str	r2, [r3, #32]
1195:../../../firmware/n32h7xx_std_periph_driver/src/n32h7xx_lptim.c **** }
 2515              		.loc 1 1195 1
 2516 001a 00BF     		nop
 2517 001c 0C37     		adds	r7, r7, #12
 2518              	.LCFI265:
 2519              		.cfi_def_cfa_offset 4
 2520 001e BD46     		mov	sp, r7
 2521              	.LCFI266:
 2522              		.cfi_def_cfa_register 13
 2523              		@ sp needed
 2524 0020 80BC     		pop	{r7}
 2525              	.LCFI267:
 2526              		.cfi_restore 7
 2527              		.cfi_def_cfa_offset 0
 2528 0022 7047     		bx	lr
 2529              		.cfi_endproc
ARM GAS  /tmp/ccpTBGqq.s 			page 65


 2530              	.LFE191:
 2532              		.section	.text.LPTIM_ConfigInput2,"ax",%progbits
 2533              		.align	1
 2534              		.global	LPTIM_ConfigInput2
 2535              		.syntax unified
 2536              		.thumb
 2537              		.thumb_func
 2539              	LPTIM_ConfigInput2:
 2540              	.LFB192:
1196:../../../firmware/n32h7xx_std_periph_driver/src/n32h7xx_lptim.c **** 
1197:../../../firmware/n32h7xx_std_periph_driver/src/n32h7xx_lptim.c **** /**
1198:../../../firmware/n32h7xx_std_periph_driver/src/n32h7xx_lptim.c **** *\*\name    LPTIM_ConfigInput2.
1199:../../../firmware/n32h7xx_std_periph_driver/src/n32h7xx_lptim.c **** *\*\fun     Select the connection for Input2 of LPTIM.
1200:../../../firmware/n32h7xx_std_periph_driver/src/n32h7xx_lptim.c **** *\*\param   LPTIMx (The input parameters must be the following values):
1201:../../../firmware/n32h7xx_std_periph_driver/src/n32h7xx_lptim.c **** *\*\          - LPTIM1
1202:../../../firmware/n32h7xx_std_periph_driver/src/n32h7xx_lptim.c **** *\*\          - LPTIM2
1203:../../../firmware/n32h7xx_std_periph_driver/src/n32h7xx_lptim.c **** *\*\          - LPTIM3
1204:../../../firmware/n32h7xx_std_periph_driver/src/n32h7xx_lptim.c **** *\*\          - LPTIM4
1205:../../../firmware/n32h7xx_std_periph_driver/src/n32h7xx_lptim.c **** *\*\          - LPTIM5
1206:../../../firmware/n32h7xx_std_periph_driver/src/n32h7xx_lptim.c **** *\*\param   ConnectSelect (The input parameters must be the following values):
1207:../../../firmware/n32h7xx_std_periph_driver/src/n32h7xx_lptim.c **** *\*\          - LPTIM_INPUT2_CONNECT_GPIO
1208:../../../firmware/n32h7xx_std_periph_driver/src/n32h7xx_lptim.c **** *\*\          - LPTIM_INPUT2_CONNECT_COMP1
1209:../../../firmware/n32h7xx_std_periph_driver/src/n32h7xx_lptim.c **** *\*\          - LPTIM_INPUT2_CONNECT_COMP2
1210:../../../firmware/n32h7xx_std_periph_driver/src/n32h7xx_lptim.c **** *\*\          - LPTIM_INPUT2_CONNECT_COMP3
1211:../../../firmware/n32h7xx_std_periph_driver/src/n32h7xx_lptim.c **** *\*\          - LPTIM_INPUT2_CONNECT_COMP4
1212:../../../firmware/n32h7xx_std_periph_driver/src/n32h7xx_lptim.c **** *\*\return  none
1213:../../../firmware/n32h7xx_std_periph_driver/src/n32h7xx_lptim.c **** **/
1214:../../../firmware/n32h7xx_std_periph_driver/src/n32h7xx_lptim.c **** void LPTIM_ConfigInput2(LPTIM_Module* LPTIMx, uint32_t ConnectSelect)
1215:../../../firmware/n32h7xx_std_periph_driver/src/n32h7xx_lptim.c **** {
 2541              		.loc 1 1215 1
 2542              		.cfi_startproc
 2543              		@ args = 0, pretend = 0, frame = 8
 2544              		@ frame_needed = 1, uses_anonymous_args = 0
 2545              		@ link register save eliminated.
 2546 0000 80B4     		push	{r7}
 2547              	.LCFI268:
 2548              		.cfi_def_cfa_offset 4
 2549              		.cfi_offset 7, -4
 2550 0002 83B0     		sub	sp, sp, #12
 2551              	.LCFI269:
 2552              		.cfi_def_cfa_offset 16
 2553 0004 00AF     		add	r7, sp, #0
 2554              	.LCFI270:
 2555              		.cfi_def_cfa_register 7
 2556 0006 7860     		str	r0, [r7, #4]
 2557 0008 3960     		str	r1, [r7]
1216:../../../firmware/n32h7xx_std_periph_driver/src/n32h7xx_lptim.c ****     MODIFY_REG(LPTIMx->OPT, LPTIM_OPT_OPT2, ConnectSelect);
 2558              		.loc 1 1216 5
 2559 000a 7B68     		ldr	r3, [r7, #4]
 2560 000c 1B6A     		ldr	r3, [r3, #32]
 2561 000e 23F03802 		bic	r2, r3, #56
 2562 0012 3B68     		ldr	r3, [r7]
 2563 0014 1A43     		orrs	r2, r2, r3
 2564 0016 7B68     		ldr	r3, [r7, #4]
 2565 0018 1A62     		str	r2, [r3, #32]
1217:../../../firmware/n32h7xx_std_periph_driver/src/n32h7xx_lptim.c **** }
 2566              		.loc 1 1217 1
ARM GAS  /tmp/ccpTBGqq.s 			page 66


 2567 001a 00BF     		nop
 2568 001c 0C37     		adds	r7, r7, #12
 2569              	.LCFI271:
 2570              		.cfi_def_cfa_offset 4
 2571 001e BD46     		mov	sp, r7
 2572              	.LCFI272:
 2573              		.cfi_def_cfa_register 13
 2574              		@ sp needed
 2575 0020 80BC     		pop	{r7}
 2576              	.LCFI273:
 2577              		.cfi_restore 7
 2578              		.cfi_def_cfa_offset 0
 2579 0022 7047     		bx	lr
 2580              		.cfi_endproc
 2581              	.LFE192:
 2583              		.text
 2584              	.Letext0:
 2585              		.file 2 "/usr/lib/gcc/arm-none-eabi/13.2.1/include/stdint.h"
 2586              		.file 3 "../../../firmware/CMSIS/device/n32h7xx.h"
 2587              		.file 4 "../../../firmware/n32h7xx_std_periph_driver/inc/n32h7xx_lptim.h"
 2588              		.file 5 "../../../firmware/n32h7xx_std_periph_driver/inc/n32h7xx_rcc.h"
ARM GAS  /tmp/ccpTBGqq.s 			page 67


DEFINED SYMBOLS
                            *ABS*:00000000 n32h7xx_lptim.c
     /tmp/ccpTBGqq.s:19     .text.LPTIM_DeInit:00000000 $t
     /tmp/ccpTBGqq.s:25     .text.LPTIM_DeInit:00000000 LPTIM_DeInit
     /tmp/ccpTBGqq.s:108    .text.LPTIM_DeInit:00000068 $d
     /tmp/ccpTBGqq.s:116    .text.LPTIM_StructInit:00000000 $t
     /tmp/ccpTBGqq.s:122    .text.LPTIM_StructInit:00000000 LPTIM_StructInit
     /tmp/ccpTBGqq.s:174    .text.LPTIM_Init:00000000 $t
     /tmp/ccpTBGqq.s:180    .text.LPTIM_Init:00000000 LPTIM_Init
     /tmp/ccpTBGqq.s:324    .text.LPTIM_IsEnabled:00000000 LPTIM_IsEnabled
     /tmp/ccpTBGqq.s:249    .text.LPTIM_Init:00000050 $d
     /tmp/ccpTBGqq.s:254    .text.LPTIM_Cmd:00000000 $t
     /tmp/ccpTBGqq.s:260    .text.LPTIM_Cmd:00000000 LPTIM_Cmd
     /tmp/ccpTBGqq.s:318    .text.LPTIM_IsEnabled:00000000 $t
     /tmp/ccpTBGqq.s:378    .text.LPTIM_StartCounter:00000000 $t
     /tmp/ccpTBGqq.s:384    .text.LPTIM_StartCounter:00000000 LPTIM_StartCounter
     /tmp/ccpTBGqq.s:429    .text.LPTIM_SetUpdateMode:00000000 $t
     /tmp/ccpTBGqq.s:435    .text.LPTIM_SetUpdateMode:00000000 LPTIM_SetUpdateMode
     /tmp/ccpTBGqq.s:480    .text.LPTIM_GetUpdateMode:00000000 $t
     /tmp/ccpTBGqq.s:486    .text.LPTIM_GetUpdateMode:00000000 LPTIM_GetUpdateMode
     /tmp/ccpTBGqq.s:530    .text.LPTIM_SetAutoReloadValue:00000000 $t
     /tmp/ccpTBGqq.s:536    .text.LPTIM_SetAutoReloadValue:00000000 LPTIM_SetAutoReloadValue
     /tmp/ccpTBGqq.s:581    .text.LPTIM_SetAutoReloadValue:00000024 $d
     /tmp/ccpTBGqq.s:586    .text.LPTIM_GetAutoReloadValue:00000000 $t
     /tmp/ccpTBGqq.s:592    .text.LPTIM_GetAutoReloadValue:00000000 LPTIM_GetAutoReloadValue
     /tmp/ccpTBGqq.s:636    .text.LPTIM_SetCompareValue:00000000 $t
     /tmp/ccpTBGqq.s:642    .text.LPTIM_SetCompareValue:00000000 LPTIM_SetCompareValue
     /tmp/ccpTBGqq.s:687    .text.LPTIM_SetCompareValue:00000024 $d
     /tmp/ccpTBGqq.s:692    .text.LPTIM_GetCompareValue:00000000 $t
     /tmp/ccpTBGqq.s:698    .text.LPTIM_GetCompareValue:00000000 LPTIM_GetCompareValue
     /tmp/ccpTBGqq.s:742    .text.LPTIM_GetCounterValue:00000000 $t
     /tmp/ccpTBGqq.s:748    .text.LPTIM_GetCounterValue:00000000 LPTIM_GetCounterValue
     /tmp/ccpTBGqq.s:792    .text.LPTIM_SetCounterMode:00000000 $t
     /tmp/ccpTBGqq.s:798    .text.LPTIM_SetCounterMode:00000000 LPTIM_SetCounterMode
     /tmp/ccpTBGqq.s:843    .text.LPTIM_GetCounterMode:00000000 $t
     /tmp/ccpTBGqq.s:849    .text.LPTIM_GetCounterMode:00000000 LPTIM_GetCounterMode
     /tmp/ccpTBGqq.s:893    .text.LPTIM_ConfigOutput:00000000 $t
     /tmp/ccpTBGqq.s:899    .text.LPTIM_ConfigOutput:00000000 LPTIM_ConfigOutput
     /tmp/ccpTBGqq.s:947    .text.LPTIM_SetWaveform:00000000 $t
     /tmp/ccpTBGqq.s:953    .text.LPTIM_SetWaveform:00000000 LPTIM_SetWaveform
     /tmp/ccpTBGqq.s:998    .text.LPTIM_GetWaveform:00000000 $t
     /tmp/ccpTBGqq.s:1004   .text.LPTIM_GetWaveform:00000000 LPTIM_GetWaveform
     /tmp/ccpTBGqq.s:1048   .text.LPTIM_SetPolarity:00000000 $t
     /tmp/ccpTBGqq.s:1054   .text.LPTIM_SetPolarity:00000000 LPTIM_SetPolarity
     /tmp/ccpTBGqq.s:1099   .text.LPTIM_GetPolarity:00000000 $t
     /tmp/ccpTBGqq.s:1105   .text.LPTIM_GetPolarity:00000000 LPTIM_GetPolarity
     /tmp/ccpTBGqq.s:1149   .text.LPTIM_SetPrescaler:00000000 $t
     /tmp/ccpTBGqq.s:1155   .text.LPTIM_SetPrescaler:00000000 LPTIM_SetPrescaler
     /tmp/ccpTBGqq.s:1200   .text.LPTIM_GetPrescaler:00000000 $t
     /tmp/ccpTBGqq.s:1206   .text.LPTIM_GetPrescaler:00000000 LPTIM_GetPrescaler
     /tmp/ccpTBGqq.s:1250   .text.LPTIM_TimeoutCmd:00000000 $t
     /tmp/ccpTBGqq.s:1256   .text.LPTIM_TimeoutCmd:00000000 LPTIM_TimeoutCmd
     /tmp/ccpTBGqq.s:1314   .text.LPTIM_IsEnabledTimeout:00000000 $t
     /tmp/ccpTBGqq.s:1320   .text.LPTIM_IsEnabledTimeout:00000000 LPTIM_IsEnabledTimeout
     /tmp/ccpTBGqq.s:1374   .text.LPTIM_SoftwareTrigger:00000000 $t
     /tmp/ccpTBGqq.s:1380   .text.LPTIM_SoftwareTrigger:00000000 LPTIM_SoftwareTrigger
     /tmp/ccpTBGqq.s:1422   .text.LPTIM_ConfigTrigger:00000000 $t
ARM GAS  /tmp/ccpTBGqq.s 			page 68


     /tmp/ccpTBGqq.s:1428   .text.LPTIM_ConfigTrigger:00000000 LPTIM_ConfigTrigger
     /tmp/ccpTBGqq.s:1479   .text.LPTIM_ConfigTrigger:00000030 $d
     /tmp/ccpTBGqq.s:1484   .text.LPTIM_GetTriggerSource:00000000 $t
     /tmp/ccpTBGqq.s:1490   .text.LPTIM_GetTriggerSource:00000000 LPTIM_GetTriggerSource
     /tmp/ccpTBGqq.s:1534   .text.LPTIM_GetTriggerFilter:00000000 $t
     /tmp/ccpTBGqq.s:1540   .text.LPTIM_GetTriggerFilter:00000000 LPTIM_GetTriggerFilter
     /tmp/ccpTBGqq.s:1584   .text.LPTIM_GetTriggerPolarity:00000000 $t
     /tmp/ccpTBGqq.s:1590   .text.LPTIM_GetTriggerPolarity:00000000 LPTIM_GetTriggerPolarity
     /tmp/ccpTBGqq.s:1634   .text.LPTIM_SetClockSource:00000000 $t
     /tmp/ccpTBGqq.s:1640   .text.LPTIM_SetClockSource:00000000 LPTIM_SetClockSource
     /tmp/ccpTBGqq.s:1685   .text.LPTIM_GetClockSource:00000000 $t
     /tmp/ccpTBGqq.s:1691   .text.LPTIM_GetClockSource:00000000 LPTIM_GetClockSource
     /tmp/ccpTBGqq.s:1735   .text.LPTIM_ConfigClock:00000000 $t
     /tmp/ccpTBGqq.s:1741   .text.LPTIM_ConfigClock:00000000 LPTIM_ConfigClock
     /tmp/ccpTBGqq.s:1789   .text.LPTIM_GetClockPolarity:00000000 $t
     /tmp/ccpTBGqq.s:1795   .text.LPTIM_GetClockPolarity:00000000 LPTIM_GetClockPolarity
     /tmp/ccpTBGqq.s:1839   .text.LPTIM_GetClockFilter:00000000 $t
     /tmp/ccpTBGqq.s:1845   .text.LPTIM_GetClockFilter:00000000 LPTIM_GetClockFilter
     /tmp/ccpTBGqq.s:1889   .text.LPTIM_SetEncoderModeClockPolarity:00000000 $t
     /tmp/ccpTBGqq.s:1895   .text.LPTIM_SetEncoderModeClockPolarity:00000000 LPTIM_SetEncoderModeClockPolarity
     /tmp/ccpTBGqq.s:1940   .text.LPTIM_GetEncoderModeClockPolarity:00000000 $t
     /tmp/ccpTBGqq.s:1946   .text.LPTIM_GetEncoderModeClockPolarity:00000000 LPTIM_GetEncoderModeClockPolarity
     /tmp/ccpTBGqq.s:1990   .text.LPTIM_EncoderModeCmd:00000000 $t
     /tmp/ccpTBGqq.s:1996   .text.LPTIM_EncoderModeCmd:00000000 LPTIM_EncoderModeCmd
     /tmp/ccpTBGqq.s:2054   .text.LPTIM_NoEncoderModeCmd:00000000 $t
     /tmp/ccpTBGqq.s:2060   .text.LPTIM_NoEncoderModeCmd:00000000 LPTIM_NoEncoderModeCmd
     /tmp/ccpTBGqq.s:2118   .text.LPTIM_IsEnabledEncoderMode:00000000 $t
     /tmp/ccpTBGqq.s:2124   .text.LPTIM_IsEnabledEncoderMode:00000000 LPTIM_IsEnabledEncoderMode
     /tmp/ccpTBGqq.s:2178   .text.LPTIM_IsEnabledNoEncoderMode:00000000 $t
     /tmp/ccpTBGqq.s:2184   .text.LPTIM_IsEnabledNoEncoderMode:00000000 LPTIM_IsEnabledNoEncoderMode
     /tmp/ccpTBGqq.s:2238   .text.LPTIM_ClearIntFlag:00000000 $t
     /tmp/ccpTBGqq.s:2244   .text.LPTIM_ClearIntFlag:00000000 LPTIM_ClearIntFlag
     /tmp/ccpTBGqq.s:2288   .text.LPTIM_IsActiveIntStatus:00000000 $t
     /tmp/ccpTBGqq.s:2294   .text.LPTIM_IsActiveIntStatus:00000000 LPTIM_IsActiveIntStatus
     /tmp/ccpTBGqq.s:2351   .text.LPTIM_ConfigInt:00000000 $t
     /tmp/ccpTBGqq.s:2357   .text.LPTIM_ConfigInt:00000000 LPTIM_ConfigInt
     /tmp/ccpTBGqq.s:2419   .text.LPTIM_IsEnabledInt:00000000 $t
     /tmp/ccpTBGqq.s:2425   .text.LPTIM_IsEnabledInt:00000000 LPTIM_IsEnabledInt
     /tmp/ccpTBGqq.s:2482   .text.LPTIM_ConfigInput1:00000000 $t
     /tmp/ccpTBGqq.s:2488   .text.LPTIM_ConfigInput1:00000000 LPTIM_ConfigInput1
     /tmp/ccpTBGqq.s:2533   .text.LPTIM_ConfigInput2:00000000 $t
     /tmp/ccpTBGqq.s:2539   .text.LPTIM_ConfigInput2:00000000 LPTIM_ConfigInput2

UNDEFINED SYMBOLS
RCC_EnableRDPeriphReset1
