ARM GAS  /tmp/cc0DTqI6.s 			page 1


   1              		.cpu cortex-m7
   2              		.arch armv7e-m
   3              		.fpu softvfp
   4              		.eabi_attribute 20, 1
   5              		.eabi_attribute 21, 1
   6              		.eabi_attribute 23, 3
   7              		.eabi_attribute 24, 1
   8              		.eabi_attribute 25, 1
   9              		.eabi_attribute 26, 1
  10              		.eabi_attribute 30, 6
  11              		.eabi_attribute 34, 1
  12              		.eabi_attribute 18, 4
  13              		.file	"n32h7xx_jpeg.c"
  14              		.text
  15              	.Ltext0:
  16              		.cfi_sections	.debug_frame
  17              		.file 1 "../../../firmware/n32h7xx_std_periph_driver/src/n32h7xx_jpeg.c"
  18              		.section	.text.JPEG_ConfigType,"ax",%progbits
  19              		.align	1
  20              		.global	JPEG_ConfigType
  21              		.syntax unified
  22              		.thumb
  23              		.thumb_func
  25              	JPEG_ConfigType:
  26              	.LFB147:
   1:../../../firmware/n32h7xx_std_periph_driver/src/n32h7xx_jpeg.c **** /**
   2:../../../firmware/n32h7xx_std_periph_driver/src/n32h7xx_jpeg.c **** *     Copyright (c) 2025, Nations Technologies Inc.
   3:../../../firmware/n32h7xx_std_periph_driver/src/n32h7xx_jpeg.c **** * 
   4:../../../firmware/n32h7xx_std_periph_driver/src/n32h7xx_jpeg.c **** *     All rights reserved.
   5:../../../firmware/n32h7xx_std_periph_driver/src/n32h7xx_jpeg.c **** *
   6:../../../firmware/n32h7xx_std_periph_driver/src/n32h7xx_jpeg.c **** *     This software is the exclusive property of Nations Technologies Inc. (Hereinafter 
   7:../../../firmware/n32h7xx_std_periph_driver/src/n32h7xx_jpeg.c **** * referred to as NATIONS). This software, and the product of NATIONS described herein 
   8:../../../firmware/n32h7xx_std_periph_driver/src/n32h7xx_jpeg.c **** * (Hereinafter referred to as the Product) are owned by NATIONS under the laws and treaties
   9:../../../firmware/n32h7xx_std_periph_driver/src/n32h7xx_jpeg.c **** * of the People's Republic of China and other applicable jurisdictions worldwide.
  10:../../../firmware/n32h7xx_std_periph_driver/src/n32h7xx_jpeg.c **** *
  11:../../../firmware/n32h7xx_std_periph_driver/src/n32h7xx_jpeg.c **** *     NATIONS does not grant any license under its patents, copyrights, trademarks, or other 
  12:../../../firmware/n32h7xx_std_periph_driver/src/n32h7xx_jpeg.c **** * intellectual property rights. Names and brands of third party may be mentioned or referred 
  13:../../../firmware/n32h7xx_std_periph_driver/src/n32h7xx_jpeg.c **** * thereto (if any) for identification purposes only.
  14:../../../firmware/n32h7xx_std_periph_driver/src/n32h7xx_jpeg.c **** *
  15:../../../firmware/n32h7xx_std_periph_driver/src/n32h7xx_jpeg.c **** *     NATIONS reserves the right to make changes, corrections, enhancements, modifications, and 
  16:../../../firmware/n32h7xx_std_periph_driver/src/n32h7xx_jpeg.c **** * improvements to this software at any time without notice. Please contact NATIONS and obtain 
  17:../../../firmware/n32h7xx_std_periph_driver/src/n32h7xx_jpeg.c **** * the latest version of this software before placing orders.
  18:../../../firmware/n32h7xx_std_periph_driver/src/n32h7xx_jpeg.c **** 
  19:../../../firmware/n32h7xx_std_periph_driver/src/n32h7xx_jpeg.c **** *     Although NATIONS has attempted to provide accurate and reliable information, NATIONS assumes 
  20:../../../firmware/n32h7xx_std_periph_driver/src/n32h7xx_jpeg.c **** * no responsibility for the accuracy and reliability of this software.
  21:../../../firmware/n32h7xx_std_periph_driver/src/n32h7xx_jpeg.c **** * 
  22:../../../firmware/n32h7xx_std_periph_driver/src/n32h7xx_jpeg.c **** *     It is the responsibility of the user of this software to properly design, program, and test 
  23:../../../firmware/n32h7xx_std_periph_driver/src/n32h7xx_jpeg.c **** * the functionality and safety of any application made of this information and any resulting produc
  24:../../../firmware/n32h7xx_std_periph_driver/src/n32h7xx_jpeg.c **** * In no event shall NATIONS be liable for any direct, indirect, incidental, special,exemplary, or 
  25:../../../firmware/n32h7xx_std_periph_driver/src/n32h7xx_jpeg.c **** * consequential damages arising in any way out of the use of this software or the Product.
  26:../../../firmware/n32h7xx_std_periph_driver/src/n32h7xx_jpeg.c **** *
  27:../../../firmware/n32h7xx_std_periph_driver/src/n32h7xx_jpeg.c **** *     NATIONS Products are neither intended nor warranted for usage in systems or equipment, any
  28:../../../firmware/n32h7xx_std_periph_driver/src/n32h7xx_jpeg.c **** * malfunction or failure of which may cause loss of human life, bodily injury or severe property 
  29:../../../firmware/n32h7xx_std_periph_driver/src/n32h7xx_jpeg.c **** * damage. Such applications are deemed, "Insecure Usage".
  30:../../../firmware/n32h7xx_std_periph_driver/src/n32h7xx_jpeg.c **** *
  31:../../../firmware/n32h7xx_std_periph_driver/src/n32h7xx_jpeg.c **** *     All Insecure Usage shall be made at user's risk. User shall indemnify NATIONS and hold NATION
  32:../../../firmware/n32h7xx_std_periph_driver/src/n32h7xx_jpeg.c **** * harmless from and against all claims, costs, damages, and other liabilities, arising from or rela
ARM GAS  /tmp/cc0DTqI6.s 			page 2


  33:../../../firmware/n32h7xx_std_periph_driver/src/n32h7xx_jpeg.c **** * to any customer's Insecure Usage.
  34:../../../firmware/n32h7xx_std_periph_driver/src/n32h7xx_jpeg.c **** 
  35:../../../firmware/n32h7xx_std_periph_driver/src/n32h7xx_jpeg.c **** *     Any express or implied warranty with regard to this software or the Product, including,but no
  36:../../../firmware/n32h7xx_std_periph_driver/src/n32h7xx_jpeg.c **** * limited to, the warranties of merchantability, fitness for a particular purpose and non-infringem
  37:../../../firmware/n32h7xx_std_periph_driver/src/n32h7xx_jpeg.c **** * are disclaimed to the fullest extent permitted by law.
  38:../../../firmware/n32h7xx_std_periph_driver/src/n32h7xx_jpeg.c **** 
  39:../../../firmware/n32h7xx_std_periph_driver/src/n32h7xx_jpeg.c **** *     Unless otherwise explicitly permitted by NATIONS, anyone may not duplicate, modify, transcrib
  40:../../../firmware/n32h7xx_std_periph_driver/src/n32h7xx_jpeg.c **** * or otherwise distribute this software for any purposes, in whole or in part.
  41:../../../firmware/n32h7xx_std_periph_driver/src/n32h7xx_jpeg.c **** *
  42:../../../firmware/n32h7xx_std_periph_driver/src/n32h7xx_jpeg.c **** *     NATIONS products and technologies shall not be used for or incorporated into any products or 
  43:../../../firmware/n32h7xx_std_periph_driver/src/n32h7xx_jpeg.c **** * whose manufacture, use, or sale is prohibited under any applicable domestic or foreign laws or re
  44:../../../firmware/n32h7xx_std_periph_driver/src/n32h7xx_jpeg.c **** * User shall comply with any applicable export control laws and regulations promulgated and adminis
  45:../../../firmware/n32h7xx_std_periph_driver/src/n32h7xx_jpeg.c **** * the governments of any countries asserting jurisdiction over the parties or transactions.
  46:../../../firmware/n32h7xx_std_periph_driver/src/n32h7xx_jpeg.c **** **/
  47:../../../firmware/n32h7xx_std_periph_driver/src/n32h7xx_jpeg.c **** 
  48:../../../firmware/n32h7xx_std_periph_driver/src/n32h7xx_jpeg.c **** /**
  49:../../../firmware/n32h7xx_std_periph_driver/src/n32h7xx_jpeg.c **** *\*\file n32h7xx_jpeg.c
  50:../../../firmware/n32h7xx_std_periph_driver/src/n32h7xx_jpeg.c **** *\*\author Nations
  51:../../../firmware/n32h7xx_std_periph_driver/src/n32h7xx_jpeg.c **** *\*\version v1.0.0
  52:../../../firmware/n32h7xx_std_periph_driver/src/n32h7xx_jpeg.c **** *\*\copyright Copyright (c) 2025, Nations Technologies Inc. All rights reserved.
  53:../../../firmware/n32h7xx_std_periph_driver/src/n32h7xx_jpeg.c **** **/
  54:../../../firmware/n32h7xx_std_periph_driver/src/n32h7xx_jpeg.c **** 
  55:../../../firmware/n32h7xx_std_periph_driver/src/n32h7xx_jpeg.c **** 
  56:../../../firmware/n32h7xx_std_periph_driver/src/n32h7xx_jpeg.c **** #include "n32h7xx_jpeg.h"
  57:../../../firmware/n32h7xx_std_periph_driver/src/n32h7xx_jpeg.c **** 
  58:../../../firmware/n32h7xx_std_periph_driver/src/n32h7xx_jpeg.c **** /***** JPEG CTRL module ****/
  59:../../../firmware/n32h7xx_std_periph_driver/src/n32h7xx_jpeg.c **** 
  60:../../../firmware/n32h7xx_std_periph_driver/src/n32h7xx_jpeg.c **** /**
  61:../../../firmware/n32h7xx_std_periph_driver/src/n32h7xx_jpeg.c **** *\*\name    JPEG_ConfigType.
  62:../../../firmware/n32h7xx_std_periph_driver/src/n32h7xx_jpeg.c **** *\*\fun     Choose JPEG operation type.
  63:../../../firmware/n32h7xx_std_periph_driver/src/n32h7xx_jpeg.c **** *\*\param   Type
  64:../../../firmware/n32h7xx_std_periph_driver/src/n32h7xx_jpeg.c **** *\*\            - JPEG_ENCODE
  65:../../../firmware/n32h7xx_std_periph_driver/src/n32h7xx_jpeg.c **** *\*\            - JPEG_DECODE
  66:../../../firmware/n32h7xx_std_periph_driver/src/n32h7xx_jpeg.c **** *\*\return  none.
  67:../../../firmware/n32h7xx_std_periph_driver/src/n32h7xx_jpeg.c **** **/
  68:../../../firmware/n32h7xx_std_periph_driver/src/n32h7xx_jpeg.c **** void JPEG_ConfigType(uint32_t Type)
  69:../../../firmware/n32h7xx_std_periph_driver/src/n32h7xx_jpeg.c **** {
  27              		.loc 1 69 1
  28              		.cfi_startproc
  29              		@ args = 0, pretend = 0, frame = 8
  30              		@ frame_needed = 1, uses_anonymous_args = 0
  31              		@ link register save eliminated.
  32 0000 80B4     		push	{r7}
  33              	.LCFI0:
  34              		.cfi_def_cfa_offset 4
  35              		.cfi_offset 7, -4
  36 0002 83B0     		sub	sp, sp, #12
  37              	.LCFI1:
  38              		.cfi_def_cfa_offset 16
  39 0004 00AF     		add	r7, sp, #0
  40              	.LCFI2:
  41              		.cfi_def_cfa_register 7
  42 0006 7860     		str	r0, [r7, #4]
  70:../../../firmware/n32h7xx_std_periph_driver/src/n32h7xx_jpeg.c ****     if(Type == JPEG_DECODE)
  43              		.loc 1 70 7
  44 0008 7B68     		ldr	r3, [r7, #4]
  45 000a 002B     		cmp	r3, #0
ARM GAS  /tmp/cc0DTqI6.s 			page 3


  46 000c 06D1     		bne	.L2
  71:../../../firmware/n32h7xx_std_periph_driver/src/n32h7xx_jpeg.c ****     {
  72:../../../firmware/n32h7xx_std_periph_driver/src/n32h7xx_jpeg.c ****         JPEG_CTRL->CTRL &= (~(JPEG_ENCODE));
  47              		.loc 1 72 18
  48 000e 094B     		ldr	r3, .L5
  49 0010 1B68     		ldr	r3, [r3]
  50 0012 084A     		ldr	r2, .L5
  51              		.loc 1 72 25
  52 0014 23F00103 		bic	r3, r3, #1
  53 0018 1360     		str	r3, [r2]
  73:../../../firmware/n32h7xx_std_periph_driver/src/n32h7xx_jpeg.c ****     }
  74:../../../firmware/n32h7xx_std_periph_driver/src/n32h7xx_jpeg.c ****     else
  75:../../../firmware/n32h7xx_std_periph_driver/src/n32h7xx_jpeg.c ****     {
  76:../../../firmware/n32h7xx_std_periph_driver/src/n32h7xx_jpeg.c ****         JPEG_CTRL->CTRL |= JPEG_ENCODE;
  77:../../../firmware/n32h7xx_std_periph_driver/src/n32h7xx_jpeg.c ****     }
  78:../../../firmware/n32h7xx_std_periph_driver/src/n32h7xx_jpeg.c **** }
  54              		.loc 1 78 1
  55 001a 05E0     		b	.L4
  56              	.L2:
  76:../../../firmware/n32h7xx_std_periph_driver/src/n32h7xx_jpeg.c ****     }
  57              		.loc 1 76 18
  58 001c 054B     		ldr	r3, .L5
  59 001e 1B68     		ldr	r3, [r3]
  60 0020 044A     		ldr	r2, .L5
  76:../../../firmware/n32h7xx_std_periph_driver/src/n32h7xx_jpeg.c ****     }
  61              		.loc 1 76 25
  62 0022 43F00103 		orr	r3, r3, #1
  63 0026 1360     		str	r3, [r2]
  64              	.L4:
  65              		.loc 1 78 1
  66 0028 00BF     		nop
  67 002a 0C37     		adds	r7, r7, #12
  68              	.LCFI3:
  69              		.cfi_def_cfa_offset 4
  70 002c BD46     		mov	sp, r7
  71              	.LCFI4:
  72              		.cfi_def_cfa_register 13
  73              		@ sp needed
  74 002e 80BC     		pop	{r7}
  75              	.LCFI5:
  76              		.cfi_restore 7
  77              		.cfi_def_cfa_offset 0
  78 0030 7047     		bx	lr
  79              	.L6:
  80 0032 00BF     		.align	2
  81              	.L5:
  82 0034 00080950 		.word	1342769152
  83              		.cfi_endproc
  84              	.LFE147:
  86              		.section	.text.JPEG_ConfigSwap,"ax",%progbits
  87              		.align	1
  88              		.global	JPEG_ConfigSwap
  89              		.syntax unified
  90              		.thumb
  91              		.thumb_func
  93              	JPEG_ConfigSwap:
  94              	.LFB148:
ARM GAS  /tmp/cc0DTqI6.s 			page 4


  79:../../../firmware/n32h7xx_std_periph_driver/src/n32h7xx_jpeg.c **** 
  80:../../../firmware/n32h7xx_std_periph_driver/src/n32h7xx_jpeg.c **** /**
  81:../../../firmware/n32h7xx_std_periph_driver/src/n32h7xx_jpeg.c **** *\*\name    JPEG_ConfigSwap.
  82:../../../firmware/n32h7xx_std_periph_driver/src/n32h7xx_jpeg.c **** *\*\fun     Swap Data for YCbCr 4:2:2 Format in BRC.
  83:../../../firmware/n32h7xx_std_periph_driver/src/n32h7xx_jpeg.c **** *\*\param   Type
  84:../../../firmware/n32h7xx_std_periph_driver/src/n32h7xx_jpeg.c **** *\*\            - JPEG_SWAP
  85:../../../firmware/n32h7xx_std_periph_driver/src/n32h7xx_jpeg.c **** *\*\            - JPEG_NOSWAP
  86:../../../firmware/n32h7xx_std_periph_driver/src/n32h7xx_jpeg.c **** *\*\return  none.
  87:../../../firmware/n32h7xx_std_periph_driver/src/n32h7xx_jpeg.c **** **/
  88:../../../firmware/n32h7xx_std_periph_driver/src/n32h7xx_jpeg.c **** void JPEG_ConfigSwap(uint32_t Type)
  89:../../../firmware/n32h7xx_std_periph_driver/src/n32h7xx_jpeg.c **** {
  95              		.loc 1 89 1
  96              		.cfi_startproc
  97              		@ args = 0, pretend = 0, frame = 8
  98              		@ frame_needed = 1, uses_anonymous_args = 0
  99              		@ link register save eliminated.
 100 0000 80B4     		push	{r7}
 101              	.LCFI6:
 102              		.cfi_def_cfa_offset 4
 103              		.cfi_offset 7, -4
 104 0002 83B0     		sub	sp, sp, #12
 105              	.LCFI7:
 106              		.cfi_def_cfa_offset 16
 107 0004 00AF     		add	r7, sp, #0
 108              	.LCFI8:
 109              		.cfi_def_cfa_register 7
 110 0006 7860     		str	r0, [r7, #4]
  90:../../../firmware/n32h7xx_std_periph_driver/src/n32h7xx_jpeg.c ****     if(Type == JPEG_NOSWAP)
 111              		.loc 1 90 7
 112 0008 7B68     		ldr	r3, [r7, #4]
 113 000a 002B     		cmp	r3, #0
 114 000c 06D1     		bne	.L8
  91:../../../firmware/n32h7xx_std_periph_driver/src/n32h7xx_jpeg.c ****     {
  92:../../../firmware/n32h7xx_std_periph_driver/src/n32h7xx_jpeg.c ****         JPEG_CTRL->CTRL &= (~(JPEG_SWAP));
 115              		.loc 1 92 18
 116 000e 094B     		ldr	r3, .L11
 117 0010 1B68     		ldr	r3, [r3]
 118 0012 084A     		ldr	r2, .L11
 119              		.loc 1 92 25
 120 0014 23F00203 		bic	r3, r3, #2
 121 0018 1360     		str	r3, [r2]
  93:../../../firmware/n32h7xx_std_periph_driver/src/n32h7xx_jpeg.c ****     }
  94:../../../firmware/n32h7xx_std_periph_driver/src/n32h7xx_jpeg.c ****     else
  95:../../../firmware/n32h7xx_std_periph_driver/src/n32h7xx_jpeg.c ****     {
  96:../../../firmware/n32h7xx_std_periph_driver/src/n32h7xx_jpeg.c ****         JPEG_CTRL->CTRL |= JPEG_SWAP;
  97:../../../firmware/n32h7xx_std_periph_driver/src/n32h7xx_jpeg.c ****     }
  98:../../../firmware/n32h7xx_std_periph_driver/src/n32h7xx_jpeg.c **** }
 122              		.loc 1 98 1
 123 001a 05E0     		b	.L10
 124              	.L8:
  96:../../../firmware/n32h7xx_std_periph_driver/src/n32h7xx_jpeg.c ****     }
 125              		.loc 1 96 18
 126 001c 054B     		ldr	r3, .L11
 127 001e 1B68     		ldr	r3, [r3]
 128 0020 044A     		ldr	r2, .L11
  96:../../../firmware/n32h7xx_std_periph_driver/src/n32h7xx_jpeg.c ****     }
 129              		.loc 1 96 25
ARM GAS  /tmp/cc0DTqI6.s 			page 5


 130 0022 43F00203 		orr	r3, r3, #2
 131 0026 1360     		str	r3, [r2]
 132              	.L10:
 133              		.loc 1 98 1
 134 0028 00BF     		nop
 135 002a 0C37     		adds	r7, r7, #12
 136              	.LCFI9:
 137              		.cfi_def_cfa_offset 4
 138 002c BD46     		mov	sp, r7
 139              	.LCFI10:
 140              		.cfi_def_cfa_register 13
 141              		@ sp needed
 142 002e 80BC     		pop	{r7}
 143              	.LCFI11:
 144              		.cfi_restore 7
 145              		.cfi_def_cfa_offset 0
 146 0030 7047     		bx	lr
 147              	.L12:
 148 0032 00BF     		.align	2
 149              	.L11:
 150 0034 00080950 		.word	1342769152
 151              		.cfi_endproc
 152              	.LFE148:
 154              		.section	.text.SGDMA_Reset,"ax",%progbits
 155              		.align	1
 156              		.global	SGDMA_Reset
 157              		.syntax unified
 158              		.thumb
 159              		.thumb_func
 161              	SGDMA_Reset:
 162              	.LFB149:
  99:../../../firmware/n32h7xx_std_periph_driver/src/n32h7xx_jpeg.c **** 
 100:../../../firmware/n32h7xx_std_periph_driver/src/n32h7xx_jpeg.c **** 
 101:../../../firmware/n32h7xx_std_periph_driver/src/n32h7xx_jpeg.c **** /***** JPEG SGDMA module ****/
 102:../../../firmware/n32h7xx_std_periph_driver/src/n32h7xx_jpeg.c **** 
 103:../../../firmware/n32h7xx_std_periph_driver/src/n32h7xx_jpeg.c **** /**
 104:../../../firmware/n32h7xx_std_periph_driver/src/n32h7xx_jpeg.c **** *\*\name   SGDMA_Reset.
 105:../../../firmware/n32h7xx_std_periph_driver/src/n32h7xx_jpeg.c **** *\*\fun    Reset the SGDMA P2H/H2P module.
 106:../../../firmware/n32h7xx_std_periph_driver/src/n32h7xx_jpeg.c **** *\*\param  SGDMAx :
 107:../../../firmware/n32h7xx_std_periph_driver/src/n32h7xx_jpeg.c **** *\*\          - JPEG_SGDMA_P2H
 108:../../../firmware/n32h7xx_std_periph_driver/src/n32h7xx_jpeg.c **** *\*\          - JPEG_SGDMA_H2P
 109:../../../firmware/n32h7xx_std_periph_driver/src/n32h7xx_jpeg.c **** *\*\return none
 110:../../../firmware/n32h7xx_std_periph_driver/src/n32h7xx_jpeg.c **** **/
 111:../../../firmware/n32h7xx_std_periph_driver/src/n32h7xx_jpeg.c **** void SGDMA_Reset(JPEG_SGDMA_Module *SGDMAx)
 112:../../../firmware/n32h7xx_std_periph_driver/src/n32h7xx_jpeg.c **** {
 163              		.loc 1 112 1
 164              		.cfi_startproc
 165              		@ args = 0, pretend = 0, frame = 8
 166              		@ frame_needed = 1, uses_anonymous_args = 0
 167              		@ link register save eliminated.
 168 0000 80B4     		push	{r7}
 169              	.LCFI12:
 170              		.cfi_def_cfa_offset 4
 171              		.cfi_offset 7, -4
 172 0002 83B0     		sub	sp, sp, #12
 173              	.LCFI13:
 174              		.cfi_def_cfa_offset 16
ARM GAS  /tmp/cc0DTqI6.s 			page 6


 175 0004 00AF     		add	r7, sp, #0
 176              	.LCFI14:
 177              		.cfi_def_cfa_register 7
 178 0006 7860     		str	r0, [r7, #4]
 113:../../../firmware/n32h7xx_std_periph_driver/src/n32h7xx_jpeg.c ****     /* Module soft reset */
 114:../../../firmware/n32h7xx_std_periph_driver/src/n32h7xx_jpeg.c ****     if((SGDMAx->STS & JPEGDMA_STS_BUSY) == JPEGDMA_STS_BUSY)
 179              		.loc 1 114 15
 180 0008 7B68     		ldr	r3, [r7, #4]
 181 000a 5B68     		ldr	r3, [r3, #4]
 182              		.loc 1 114 21
 183 000c 03F00103 		and	r3, r3, #1
 184              		.loc 1 114 7
 185 0010 012B     		cmp	r3, #1
 186 0012 06D1     		bne	.L14
 115:../../../firmware/n32h7xx_std_periph_driver/src/n32h7xx_jpeg.c ****     {
 116:../../../firmware/n32h7xx_std_periph_driver/src/n32h7xx_jpeg.c ****         SGDMAx->CTRL |= JPEGDMA_CTRL_HARDRST;
 187              		.loc 1 116 15
 188 0014 7B68     		ldr	r3, [r7, #4]
 189 0016 1B68     		ldr	r3, [r3]
 190              		.loc 1 116 22
 191 0018 43F00042 		orr	r2, r3, #-2147483648
 192 001c 7B68     		ldr	r3, [r7, #4]
 193 001e 1A60     		str	r2, [r3]
 117:../../../firmware/n32h7xx_std_periph_driver/src/n32h7xx_jpeg.c ****     }
 118:../../../firmware/n32h7xx_std_periph_driver/src/n32h7xx_jpeg.c ****     else
 119:../../../firmware/n32h7xx_std_periph_driver/src/n32h7xx_jpeg.c ****     {
 120:../../../firmware/n32h7xx_std_periph_driver/src/n32h7xx_jpeg.c ****         SGDMAx->CTRL |= JPEGDMA_CTRL_CLR;
 121:../../../firmware/n32h7xx_std_periph_driver/src/n32h7xx_jpeg.c ****     }
 122:../../../firmware/n32h7xx_std_periph_driver/src/n32h7xx_jpeg.c **** }
 194              		.loc 1 122 1
 195 0020 05E0     		b	.L16
 196              	.L14:
 120:../../../firmware/n32h7xx_std_periph_driver/src/n32h7xx_jpeg.c ****     }
 197              		.loc 1 120 15
 198 0022 7B68     		ldr	r3, [r7, #4]
 199 0024 1B68     		ldr	r3, [r3]
 120:../../../firmware/n32h7xx_std_periph_driver/src/n32h7xx_jpeg.c ****     }
 200              		.loc 1 120 22
 201 0026 43F00102 		orr	r2, r3, #1
 202 002a 7B68     		ldr	r3, [r7, #4]
 203 002c 1A60     		str	r2, [r3]
 204              	.L16:
 205              		.loc 1 122 1
 206 002e 00BF     		nop
 207 0030 0C37     		adds	r7, r7, #12
 208              	.LCFI15:
 209              		.cfi_def_cfa_offset 4
 210 0032 BD46     		mov	sp, r7
 211              	.LCFI16:
 212              		.cfi_def_cfa_register 13
 213              		@ sp needed
 214 0034 80BC     		pop	{r7}
 215              	.LCFI17:
 216              		.cfi_restore 7
 217              		.cfi_def_cfa_offset 0
 218 0036 7047     		bx	lr
 219              		.cfi_endproc
ARM GAS  /tmp/cc0DTqI6.s 			page 7


 220              	.LFE149:
 222              		.section	.text.SGDMA_H2P_Init,"ax",%progbits
 223              		.align	1
 224              		.global	SGDMA_H2P_Init
 225              		.syntax unified
 226              		.thumb
 227              		.thumb_func
 229              	SGDMA_H2P_Init:
 230              	.LFB150:
 123:../../../firmware/n32h7xx_std_periph_driver/src/n32h7xx_jpeg.c **** 
 124:../../../firmware/n32h7xx_std_periph_driver/src/n32h7xx_jpeg.c **** /**
 125:../../../firmware/n32h7xx_std_periph_driver/src/n32h7xx_jpeg.c **** *\*\name    SGDMA_H2P_Init.
 126:../../../firmware/n32h7xx_std_periph_driver/src/n32h7xx_jpeg.c **** *\*\fun     Initializes the SGDMA_H2P peripheral according to SGDMA_H2P_InitStruct.
 127:../../../firmware/n32h7xx_std_periph_driver/src/n32h7xx_jpeg.c **** *\*\param   SGDMA_H2P_InitStruct
 128:../../../firmware/n32h7xx_std_periph_driver/src/n32h7xx_jpeg.c **** *\*\            - h2p_desc
 129:../../../firmware/n32h7xx_std_periph_driver/src/n32h7xx_jpeg.c **** *\*\                - desc_flags : Descriptor flag bits
 130:../../../firmware/n32h7xx_std_periph_driver/src/n32h7xx_jpeg.c **** *\*\                    - linkenable: Link Enable 
 131:../../../firmware/n32h7xx_std_periph_driver/src/n32h7xx_jpeg.c **** *\*\                        - BITEQ0 : 0
 132:../../../firmware/n32h7xx_std_periph_driver/src/n32h7xx_jpeg.c **** *\*\                        - BITEQ1 : 1
 133:../../../firmware/n32h7xx_std_periph_driver/src/n32h7xx_jpeg.c **** *\*\                    - startframe: Start of Frame 
 134:../../../firmware/n32h7xx_std_periph_driver/src/n32h7xx_jpeg.c **** *\*\                        - BITEQ0 : 0
 135:../../../firmware/n32h7xx_std_periph_driver/src/n32h7xx_jpeg.c **** *\*\                        - BITEQ1 : 1
 136:../../../firmware/n32h7xx_std_periph_driver/src/n32h7xx_jpeg.c **** *\*\                    - endframe: End of Frame
 137:../../../firmware/n32h7xx_std_periph_driver/src/n32h7xx_jpeg.c **** *\*\                        - BITEQ0 : 0
 138:../../../firmware/n32h7xx_std_periph_driver/src/n32h7xx_jpeg.c **** *\*\                        - BITEQ1 : 1
 139:../../../firmware/n32h7xx_std_periph_driver/src/n32h7xx_jpeg.c **** *\*\                    - desccons: Descriptor Consumed 
 140:../../../firmware/n32h7xx_std_periph_driver/src/n32h7xx_jpeg.c **** *\*\                        - BITEQ0 : 0
 141:../../../firmware/n32h7xx_std_periph_driver/src/n32h7xx_jpeg.c **** *\*\                        - BITEQ1 : 1
 142:../../../firmware/n32h7xx_std_periph_driver/src/n32h7xx_jpeg.c **** *\*\                - blk_size : Block_Size
 143:../../../firmware/n32h7xx_std_periph_driver/src/n32h7xx_jpeg.c **** *\*\                    - 0x00000000 ~ 0xFFFFFFFF
 144:../../../firmware/n32h7xx_std_periph_driver/src/n32h7xx_jpeg.c **** *\*\                - blk_used : Block_Used
 145:../../../firmware/n32h7xx_std_periph_driver/src/n32h7xx_jpeg.c **** *\*\                    - 0x00000000 ~ 0xFFFFFFFF
 146:../../../firmware/n32h7xx_std_periph_driver/src/n32h7xx_jpeg.c **** *\*\                - blk_addr_low : The starting address of the data block [31:0]
 147:../../../firmware/n32h7xx_std_periph_driver/src/n32h7xx_jpeg.c **** *\*\                    - 0x00000000 ~ 0xFFFFFFFF
 148:../../../firmware/n32h7xx_std_periph_driver/src/n32h7xx_jpeg.c **** *\*\                - blk_addr_high : The starting address of the data block [63:32]
 149:../../../firmware/n32h7xx_std_periph_driver/src/n32h7xx_jpeg.c **** *\*\                    - 0x00000000
 150:../../../firmware/n32h7xx_std_periph_driver/src/n32h7xx_jpeg.c **** *\*\                - link_addr_low : Link to the next descriptor. Used when Link Enable = 1
 151:../../../firmware/n32h7xx_std_periph_driver/src/n32h7xx_jpeg.c **** *\*\                    - 0x00000000 ~ 0xFFFFFFFF
 152:../../../firmware/n32h7xx_std_periph_driver/src/n32h7xx_jpeg.c **** *\*\                - link_addr_high : Link to the next descriptor. Used when Link Enable = 1
 153:../../../firmware/n32h7xx_std_periph_driver/src/n32h7xx_jpeg.c **** *\*\                    - 0x00000000
 154:../../../firmware/n32h7xx_std_periph_driver/src/n32h7xx_jpeg.c **** *\*\            - max_burstsize : Maximum allowed size for an AXI4 MM burst
 155:../../../firmware/n32h7xx_std_periph_driver/src/n32h7xx_jpeg.c **** *\*\                - 0x00000000 ~ 0x00000100
 156:../../../firmware/n32h7xx_std_periph_driver/src/n32h7xx_jpeg.c **** *\*\            - SGlist_size : Scatter-Gather List Size
 157:../../../firmware/n32h7xx_std_periph_driver/src/n32h7xx_jpeg.c **** *\*\                - 0x00000000 ~ 0xFFFFFFFF
 158:../../../firmware/n32h7xx_std_periph_driver/src/n32h7xx_jpeg.c **** *\*\            - SGlist_Head : Scatter-Gather List Head index pointer
 159:../../../firmware/n32h7xx_std_periph_driver/src/n32h7xx_jpeg.c **** *\*\                - 0x00000000 ~ 0xFFFFFFFF
 160:../../../firmware/n32h7xx_std_periph_driver/src/n32h7xx_jpeg.c **** *\*\            - SGlist_Tail : Scatter-Gather List Tail index pointer
 161:../../../firmware/n32h7xx_std_periph_driver/src/n32h7xx_jpeg.c **** *\*\                - 0x00000000 ~ 0xFFFFFFFF
 162:../../../firmware/n32h7xx_std_periph_driver/src/n32h7xx_jpeg.c **** *\*\            - SGlist_Threshold : Almost Out Of Descriptors Threshold
 163:../../../firmware/n32h7xx_std_periph_driver/src/n32h7xx_jpeg.c **** *\*\                - 0x00000000 ~ 0xFFFFFFFF
 164:../../../firmware/n32h7xx_std_periph_driver/src/n32h7xx_jpeg.c **** *\*\            - desclist_type : The descriptor list structure type
 165:../../../firmware/n32h7xx_std_periph_driver/src/n32h7xx_jpeg.c **** *\*\                - SGDMA_DESCLIST_LIST
 166:../../../firmware/n32h7xx_std_periph_driver/src/n32h7xx_jpeg.c **** *\*\                - SGDMA_DESCLIST_RING
 167:../../../firmware/n32h7xx_std_periph_driver/src/n32h7xx_jpeg.c **** *\*\            - descstored_type : The descriptor storage location
 168:../../../firmware/n32h7xx_std_periph_driver/src/n32h7xx_jpeg.c **** *\*\                - SGDMA_DESC_CSR
 169:../../../firmware/n32h7xx_std_periph_driver/src/n32h7xx_jpeg.c **** *\*\                - SGDMA_DESC_MEMORY
 170:../../../firmware/n32h7xx_std_periph_driver/src/n32h7xx_jpeg.c **** *\*\            - DMA_EOF_type : DMA operation mode on EOF
ARM GAS  /tmp/cc0DTqI6.s 			page 8


 171:../../../firmware/n32h7xx_std_periph_driver/src/n32h7xx_jpeg.c **** *\*\                - SGDMA_EOF_PAUSEDMA
 172:../../../firmware/n32h7xx_std_periph_driver/src/n32h7xx_jpeg.c **** *\*\                - SGDMA_EOF_RESUMEDMA
 173:../../../firmware/n32h7xx_std_periph_driver/src/n32h7xx_jpeg.c **** *\*\            - DMA_burst_type : DMA burst type
 174:../../../firmware/n32h7xx_std_periph_driver/src/n32h7xx_jpeg.c **** *\*\                - SGDMA_BURST_FIXED
 175:../../../firmware/n32h7xx_std_periph_driver/src/n32h7xx_jpeg.c **** *\*\                - SGDMA_BURST_INCR
 176:../../../firmware/n32h7xx_std_periph_driver/src/n32h7xx_jpeg.c **** *\*\return  none.
 177:../../../firmware/n32h7xx_std_periph_driver/src/n32h7xx_jpeg.c **** **/
 178:../../../firmware/n32h7xx_std_periph_driver/src/n32h7xx_jpeg.c **** void SGDMA_H2P_Init(SGDMA_H2P_InitType* SGDMA_H2P_InitStruct)
 179:../../../firmware/n32h7xx_std_periph_driver/src/n32h7xx_jpeg.c **** {
 231              		.loc 1 179 1
 232              		.cfi_startproc
 233              		@ args = 0, pretend = 0, frame = 16
 234              		@ frame_needed = 1, uses_anonymous_args = 0
 235 0000 80B5     		push	{r7, lr}
 236              	.LCFI18:
 237              		.cfi_def_cfa_offset 8
 238              		.cfi_offset 7, -8
 239              		.cfi_offset 14, -4
 240 0002 84B0     		sub	sp, sp, #16
 241              	.LCFI19:
 242              		.cfi_def_cfa_offset 24
 243 0004 00AF     		add	r7, sp, #0
 244              	.LCFI20:
 245              		.cfi_def_cfa_register 7
 246 0006 7860     		str	r0, [r7, #4]
 180:../../../firmware/n32h7xx_std_periph_driver/src/n32h7xx_jpeg.c ****     uint32_t resg_temp;
 181:../../../firmware/n32h7xx_std_periph_driver/src/n32h7xx_jpeg.c ****     
 182:../../../firmware/n32h7xx_std_periph_driver/src/n32h7xx_jpeg.c ****     SGDMA_Reset(JPEG_SGDMA_H2P);
 247              		.loc 1 182 5
 248 0008 3448     		ldr	r0, .L20
 249 000a FFF7FEFF 		bl	SGDMA_Reset
 183:../../../firmware/n32h7xx_std_periph_driver/src/n32h7xx_jpeg.c ****     /* Module enable */
 184:../../../firmware/n32h7xx_std_periph_driver/src/n32h7xx_jpeg.c ****     JPEG_SGDMA_H2P->CTRL |= JPEGDMA_CTRL_EN;
 250              		.loc 1 184 19
 251 000e 334B     		ldr	r3, .L20
 252 0010 1B68     		ldr	r3, [r3]
 253 0012 324A     		ldr	r2, .L20
 254              		.loc 1 184 26
 255 0014 43F00203 		orr	r3, r3, #2
 256 0018 1360     		str	r3, [r2]
 185:../../../firmware/n32h7xx_std_periph_driver/src/n32h7xx_jpeg.c ****     
 186:../../../firmware/n32h7xx_std_periph_driver/src/n32h7xx_jpeg.c ****     /* Maximum allowed size for an AXI4 MM burst */
 187:../../../firmware/n32h7xx_std_periph_driver/src/n32h7xx_jpeg.c ****     JPEG_SGDMA_H2P->MBSIZE = SGDMA_H2P_InitStruct->max_burstsize;
 257              		.loc 1 187 19
 258 001a 304A     		ldr	r2, .L20
 259              		.loc 1 187 50
 260 001c 7B68     		ldr	r3, [r7, #4]
 261 001e 1B6A     		ldr	r3, [r3, #32]
 262              		.loc 1 187 28
 263 0020 5361     		str	r3, [r2, #20]
 188:../../../firmware/n32h7xx_std_periph_driver/src/n32h7xx_jpeg.c ****     
 189:../../../firmware/n32h7xx_std_periph_driver/src/n32h7xx_jpeg.c ****     /* H2P DMA initial configuration */
 190:../../../firmware/n32h7xx_std_periph_driver/src/n32h7xx_jpeg.c ****     resg_temp = JPEG_SGDMA_H2P->CTRL;
 264              		.loc 1 190 31
 265 0022 2E4B     		ldr	r3, .L20
 266              		.loc 1 190 15
 267 0024 1B68     		ldr	r3, [r3]
ARM GAS  /tmp/cc0DTqI6.s 			page 9


 268 0026 FB60     		str	r3, [r7, #12]
 191:../../../firmware/n32h7xx_std_periph_driver/src/n32h7xx_jpeg.c ****     resg_temp &= (~(JPEGDMA_CTRL_MMODE | JPEGDMA_CTRL_OPMODE));
 269              		.loc 1 191 15
 270 0028 FB68     		ldr	r3, [r7, #12]
 271 002a 23F4FC73 		bic	r3, r3, #504
 272 002e FB60     		str	r3, [r7, #12]
 192:../../../firmware/n32h7xx_std_periph_driver/src/n32h7xx_jpeg.c ****     resg_temp |= SGDMA_H2P_InitStruct->desclist_type;
 273              		.loc 1 192 38
 274 0030 7B68     		ldr	r3, [r7, #4]
 275 0032 5B6B     		ldr	r3, [r3, #52]
 276              		.loc 1 192 15
 277 0034 FA68     		ldr	r2, [r7, #12]
 278 0036 1343     		orrs	r3, r3, r2
 279 0038 FB60     		str	r3, [r7, #12]
 193:../../../firmware/n32h7xx_std_periph_driver/src/n32h7xx_jpeg.c ****     resg_temp |= SGDMA_H2P_InitStruct->descstored_type;
 280              		.loc 1 193 38
 281 003a 7B68     		ldr	r3, [r7, #4]
 282 003c 9B6B     		ldr	r3, [r3, #56]
 283              		.loc 1 193 15
 284 003e FA68     		ldr	r2, [r7, #12]
 285 0040 1343     		orrs	r3, r3, r2
 286 0042 FB60     		str	r3, [r7, #12]
 194:../../../firmware/n32h7xx_std_periph_driver/src/n32h7xx_jpeg.c ****     resg_temp |= SGDMA_H2P_InitStruct->DMA_burst_type;
 287              		.loc 1 194 38
 288 0044 7B68     		ldr	r3, [r7, #4]
 289 0046 1B6C     		ldr	r3, [r3, #64]
 290              		.loc 1 194 15
 291 0048 FA68     		ldr	r2, [r7, #12]
 292 004a 1343     		orrs	r3, r3, r2
 293 004c FB60     		str	r3, [r7, #12]
 195:../../../firmware/n32h7xx_std_periph_driver/src/n32h7xx_jpeg.c ****     resg_temp |= SGDMA_H2P_InitStruct->DMA_EOF_type;
 294              		.loc 1 195 38
 295 004e 7B68     		ldr	r3, [r7, #4]
 296 0050 DB6B     		ldr	r3, [r3, #60]
 297              		.loc 1 195 15
 298 0052 FA68     		ldr	r2, [r7, #12]
 299 0054 1343     		orrs	r3, r3, r2
 300 0056 FB60     		str	r3, [r7, #12]
 196:../../../firmware/n32h7xx_std_periph_driver/src/n32h7xx_jpeg.c ****     JPEG_SGDMA_H2P->CTRL = resg_temp;
 301              		.loc 1 196 19
 302 0058 204A     		ldr	r2, .L20
 303              		.loc 1 196 26
 304 005a FB68     		ldr	r3, [r7, #12]
 305 005c 1360     		str	r3, [r2]
 197:../../../firmware/n32h7xx_std_periph_driver/src/n32h7xx_jpeg.c ****     
 198:../../../firmware/n32h7xx_std_periph_driver/src/n32h7xx_jpeg.c ****     /* Determine descriptor location */
 199:../../../firmware/n32h7xx_std_periph_driver/src/n32h7xx_jpeg.c ****     if(SGDMA_H2P_InitStruct->descstored_type == SGDMA_DESC_MEMORY)
 306              		.loc 1 199 28
 307 005e 7B68     		ldr	r3, [r7, #4]
 308 0060 9B6B     		ldr	r3, [r3, #56]
 309              		.loc 1 199 7
 310 0062 002B     		cmp	r3, #0
 311 0064 03D1     		bne	.L18
 200:../../../firmware/n32h7xx_std_periph_driver/src/n32h7xx_jpeg.c ****     {
 201:../../../firmware/n32h7xx_std_periph_driver/src/n32h7xx_jpeg.c ****         /* Set base address of the SG List */
 202:../../../firmware/n32h7xx_std_periph_driver/src/n32h7xx_jpeg.c ****         JPEG_SGDMA_H2P->SGLPL = (uint32_t)&SGDMA_H2P_InitStruct->h2p_desc;
 312              		.loc 1 202 43
ARM GAS  /tmp/cc0DTqI6.s 			page 10


 313 0066 7A68     		ldr	r2, [r7, #4]
 314              		.loc 1 202 23
 315 0068 1C4B     		ldr	r3, .L20
 316              		.loc 1 202 31
 317 006a 9A61     		str	r2, [r3, #24]
 318 006c 22E0     		b	.L19
 319              	.L18:
 203:../../../firmware/n32h7xx_std_periph_driver/src/n32h7xx_jpeg.c ****     }
 204:../../../firmware/n32h7xx_std_periph_driver/src/n32h7xx_jpeg.c ****     else
 205:../../../firmware/n32h7xx_std_periph_driver/src/n32h7xx_jpeg.c ****     {
 206:../../../firmware/n32h7xx_std_periph_driver/src/n32h7xx_jpeg.c ****         JPEG_SGDMA_H2P->DESCF = *(uint32_t*)(&SGDMA_H2P_InitStruct->h2p_desc);
 320              		.loc 1 206 46
 321 006e 7B68     		ldr	r3, [r7, #4]
 322              		.loc 1 206 23
 323 0070 1A4A     		ldr	r2, .L20
 324              		.loc 1 206 33
 325 0072 1B68     		ldr	r3, [r3]
 326              		.loc 1 206 31
 327 0074 D363     		str	r3, [r2, #60]
 207:../../../firmware/n32h7xx_std_periph_driver/src/n32h7xx_jpeg.c ****         JPEG_SGDMA_H2P->DESC_MBADDL = SGDMA_H2P_InitStruct->h2p_desc.blk_addr_low;
 328              		.loc 1 207 23
 329 0076 194A     		ldr	r2, .L20
 330              		.loc 1 207 69
 331 0078 7B68     		ldr	r3, [r7, #4]
 332 007a DB68     		ldr	r3, [r3, #12]
 333              		.loc 1 207 37
 334 007c 9364     		str	r3, [r2, #72]
 208:../../../firmware/n32h7xx_std_periph_driver/src/n32h7xx_jpeg.c ****         JPEG_SGDMA_H2P->DESC_MBADDH = SGDMA_H2P_InitStruct->h2p_desc.blk_addr_high;
 335              		.loc 1 208 23
 336 007e 174A     		ldr	r2, .L20
 337              		.loc 1 208 69
 338 0080 7B68     		ldr	r3, [r7, #4]
 339 0082 1B69     		ldr	r3, [r3, #16]
 340              		.loc 1 208 37
 341 0084 D364     		str	r3, [r2, #76]
 209:../../../firmware/n32h7xx_std_periph_driver/src/n32h7xx_jpeg.c ****         JPEG_SGDMA_H2P->DESC_MBSIZE = SGDMA_H2P_InitStruct->h2p_desc.blk_size;
 342              		.loc 1 209 23
 343 0086 154A     		ldr	r2, .L20
 344              		.loc 1 209 69
 345 0088 7B68     		ldr	r3, [r7, #4]
 346 008a 5B68     		ldr	r3, [r3, #4]
 347              		.loc 1 209 37
 348 008c 1364     		str	r3, [r2, #64]
 210:../../../firmware/n32h7xx_std_periph_driver/src/n32h7xx_jpeg.c ****         JPEG_SGDMA_H2P->DESC_MUS = SGDMA_H2P_InitStruct->h2p_desc.blk_used;
 349              		.loc 1 210 23
 350 008e 134A     		ldr	r2, .L20
 351              		.loc 1 210 66
 352 0090 7B68     		ldr	r3, [r7, #4]
 353 0092 9B68     		ldr	r3, [r3, #8]
 354              		.loc 1 210 34
 355 0094 5364     		str	r3, [r2, #68]
 211:../../../firmware/n32h7xx_std_periph_driver/src/n32h7xx_jpeg.c ****         /* Determine if linkenable is enabled */
 212:../../../firmware/n32h7xx_std_periph_driver/src/n32h7xx_jpeg.c ****         if(SGDMA_H2P_InitStruct->h2p_desc.desc_flags.bits.linkenable != DISABLE)
 356              		.loc 1 212 70
 357 0096 7B68     		ldr	r3, [r7, #4]
 358 0098 1B78     		ldrb	r3, [r3]	@ zero_extendqisi2
 359 009a 03F00103 		and	r3, r3, #1
ARM GAS  /tmp/cc0DTqI6.s 			page 11


 360 009e DBB2     		uxtb	r3, r3
 361              		.loc 1 212 11
 362 00a0 002B     		cmp	r3, #0
 363 00a2 07D0     		beq	.L19
 213:../../../firmware/n32h7xx_std_periph_driver/src/n32h7xx_jpeg.c ****         {
 214:../../../firmware/n32h7xx_std_periph_driver/src/n32h7xx_jpeg.c ****             JPEG_SGDMA_H2P->DESC_LINKL = SGDMA_H2P_InitStruct->h2p_desc.link_addr_low;
 364              		.loc 1 214 27
 365 00a4 0D4A     		ldr	r2, .L20
 366              		.loc 1 214 72
 367 00a6 7B68     		ldr	r3, [r7, #4]
 368 00a8 9B69     		ldr	r3, [r3, #24]
 369              		.loc 1 214 40
 370 00aa 5365     		str	r3, [r2, #84]
 215:../../../firmware/n32h7xx_std_periph_driver/src/n32h7xx_jpeg.c ****             JPEG_SGDMA_H2P->DESC_LINKH = SGDMA_H2P_InitStruct->h2p_desc.link_addr_high;
 371              		.loc 1 215 27
 372 00ac 0B4A     		ldr	r2, .L20
 373              		.loc 1 215 72
 374 00ae 7B68     		ldr	r3, [r7, #4]
 375 00b0 DB69     		ldr	r3, [r3, #28]
 376              		.loc 1 215 40
 377 00b2 9365     		str	r3, [r2, #88]
 378              	.L19:
 216:../../../firmware/n32h7xx_std_periph_driver/src/n32h7xx_jpeg.c ****         }
 217:../../../firmware/n32h7xx_std_periph_driver/src/n32h7xx_jpeg.c ****         else
 218:../../../firmware/n32h7xx_std_periph_driver/src/n32h7xx_jpeg.c ****         {
 219:../../../firmware/n32h7xx_std_periph_driver/src/n32h7xx_jpeg.c ****             /* no process */
 220:../../../firmware/n32h7xx_std_periph_driver/src/n32h7xx_jpeg.c ****         }
 221:../../../firmware/n32h7xx_std_periph_driver/src/n32h7xx_jpeg.c ****     }
 222:../../../firmware/n32h7xx_std_periph_driver/src/n32h7xx_jpeg.c ****     
 223:../../../firmware/n32h7xx_std_periph_driver/src/n32h7xx_jpeg.c ****     /* Set size of the SG List */
 224:../../../firmware/n32h7xx_std_periph_driver/src/n32h7xx_jpeg.c ****     JPEG_SGDMA_H2P->SGL_SIZE = SGDMA_H2P_InitStruct->SGlist_size;
 379              		.loc 1 224 19
 380 00b4 094A     		ldr	r2, .L20
 381              		.loc 1 224 52
 382 00b6 7B68     		ldr	r3, [r7, #4]
 383 00b8 5B6A     		ldr	r3, [r3, #36]
 384              		.loc 1 224 30
 385 00ba 1362     		str	r3, [r2, #32]
 225:../../../firmware/n32h7xx_std_periph_driver/src/n32h7xx_jpeg.c ****     JPEG_SGDMA_H2P->SGL_HEAD = SGDMA_H2P_InitStruct->SGlist_Head;
 386              		.loc 1 225 19
 387 00bc 074A     		ldr	r2, .L20
 388              		.loc 1 225 52
 389 00be 7B68     		ldr	r3, [r7, #4]
 390 00c0 9B6A     		ldr	r3, [r3, #40]
 391              		.loc 1 225 30
 392 00c2 5362     		str	r3, [r2, #36]
 226:../../../firmware/n32h7xx_std_periph_driver/src/n32h7xx_jpeg.c ****     JPEG_SGDMA_H2P->SGL_TAIL = SGDMA_H2P_InitStruct->SGlist_Tail;
 393              		.loc 1 226 19
 394 00c4 054A     		ldr	r2, .L20
 395              		.loc 1 226 52
 396 00c6 7B68     		ldr	r3, [r7, #4]
 397 00c8 DB6A     		ldr	r3, [r3, #44]
 398              		.loc 1 226 30
 399 00ca 9362     		str	r3, [r2, #40]
 227:../../../firmware/n32h7xx_std_periph_driver/src/n32h7xx_jpeg.c ****     JPEG_SGDMA_H2P->AOODT    = SGDMA_H2P_InitStruct->SGlist_Threshold;
 400              		.loc 1 227 19
 401 00cc 034A     		ldr	r2, .L20
ARM GAS  /tmp/cc0DTqI6.s 			page 12


 402              		.loc 1 227 52
 403 00ce 7B68     		ldr	r3, [r7, #4]
 404 00d0 1B6B     		ldr	r3, [r3, #48]
 405              		.loc 1 227 30
 406 00d2 1361     		str	r3, [r2, #16]
 228:../../../firmware/n32h7xx_std_periph_driver/src/n32h7xx_jpeg.c **** }
 407              		.loc 1 228 1
 408 00d4 00BF     		nop
 409 00d6 1037     		adds	r7, r7, #16
 410              	.LCFI21:
 411              		.cfi_def_cfa_offset 8
 412 00d8 BD46     		mov	sp, r7
 413              	.LCFI22:
 414              		.cfi_def_cfa_register 13
 415              		@ sp needed
 416 00da 80BD     		pop	{r7, pc}
 417              	.L21:
 418              		.align	2
 419              	.L20:
 420 00dc 00040750 		.word	1342637056
 421              		.cfi_endproc
 422              	.LFE150:
 424              		.section	.text.SGDMA_P2H_Init,"ax",%progbits
 425              		.align	1
 426              		.global	SGDMA_P2H_Init
 427              		.syntax unified
 428              		.thumb
 429              		.thumb_func
 431              	SGDMA_P2H_Init:
 432              	.LFB151:
 229:../../../firmware/n32h7xx_std_periph_driver/src/n32h7xx_jpeg.c **** 
 230:../../../firmware/n32h7xx_std_periph_driver/src/n32h7xx_jpeg.c **** 
 231:../../../firmware/n32h7xx_std_periph_driver/src/n32h7xx_jpeg.c **** /**
 232:../../../firmware/n32h7xx_std_periph_driver/src/n32h7xx_jpeg.c **** *\*\name    SGDMA_P2H_Init.
 233:../../../firmware/n32h7xx_std_periph_driver/src/n32h7xx_jpeg.c **** *\*\fun     Initializes the SGDMA_H2P peripheral according to SGDMA_H2P_InitStruct.
 234:../../../firmware/n32h7xx_std_periph_driver/src/n32h7xx_jpeg.c **** *\*\param   SGDMA_P2H_InitStruct
 235:../../../firmware/n32h7xx_std_periph_driver/src/n32h7xx_jpeg.c **** *\*\            - p2h_desc
 236:../../../firmware/n32h7xx_std_periph_driver/src/n32h7xx_jpeg.c **** *\*\                - desc_flags : Descriptor flag bits
 237:../../../firmware/n32h7xx_std_periph_driver/src/n32h7xx_jpeg.c **** *\*\                    - linkenable: Link Enable 
 238:../../../firmware/n32h7xx_std_periph_driver/src/n32h7xx_jpeg.c **** *\*\                        - 0 : DISABLE
 239:../../../firmware/n32h7xx_std_periph_driver/src/n32h7xx_jpeg.c **** *\*\                        - 1 : ENABLE
 240:../../../firmware/n32h7xx_std_periph_driver/src/n32h7xx_jpeg.c **** *\*\                    - startframe: Start of Frame 
 241:../../../firmware/n32h7xx_std_periph_driver/src/n32h7xx_jpeg.c **** *\*\                        - 0 : DISABLE
 242:../../../firmware/n32h7xx_std_periph_driver/src/n32h7xx_jpeg.c **** *\*\                        - 1 : ENABLE
 243:../../../firmware/n32h7xx_std_periph_driver/src/n32h7xx_jpeg.c **** *\*\                    - endframe: End of Frame 
 244:../../../firmware/n32h7xx_std_periph_driver/src/n32h7xx_jpeg.c **** *\*\                        - 0 : DISABLE
 245:../../../firmware/n32h7xx_std_periph_driver/src/n32h7xx_jpeg.c **** *\*\                        - 1 : ENABLE
 246:../../../firmware/n32h7xx_std_periph_driver/src/n32h7xx_jpeg.c **** *\*\                    - desccons: Descriptor Consumed 
 247:../../../firmware/n32h7xx_std_periph_driver/src/n32h7xx_jpeg.c **** *\*\                        - 0 : DISABLE
 248:../../../firmware/n32h7xx_std_periph_driver/src/n32h7xx_jpeg.c **** *\*\                        - 1 : ENABLE
 249:../../../firmware/n32h7xx_std_periph_driver/src/n32h7xx_jpeg.c **** *\*\                - blk_size : Block_Size
 250:../../../firmware/n32h7xx_std_periph_driver/src/n32h7xx_jpeg.c **** *\*\                    - 0x00000000 ~ 0xFFFFFFFF
 251:../../../firmware/n32h7xx_std_periph_driver/src/n32h7xx_jpeg.c **** *\*\                - blk_used : Block_Used
 252:../../../firmware/n32h7xx_std_periph_driver/src/n32h7xx_jpeg.c **** *\*\                    - 0x00000000 ~ 0xFFFFFFFF
 253:../../../firmware/n32h7xx_std_periph_driver/src/n32h7xx_jpeg.c **** *\*\                - blk_addr_low : The starting address of the data block [31:0]
 254:../../../firmware/n32h7xx_std_periph_driver/src/n32h7xx_jpeg.c **** *\*\                    - 0x00000000 ~ 0xFFFFFFFF
 255:../../../firmware/n32h7xx_std_periph_driver/src/n32h7xx_jpeg.c **** *\*\                - blk_addr_high : The starting address of the data block [63:32]
ARM GAS  /tmp/cc0DTqI6.s 			page 13


 256:../../../firmware/n32h7xx_std_periph_driver/src/n32h7xx_jpeg.c **** *\*\                    - 0x00000000
 257:../../../firmware/n32h7xx_std_periph_driver/src/n32h7xx_jpeg.c **** *\*\                - link_addr_low : Link to the next descriptor. Used when Link Enable = 1
 258:../../../firmware/n32h7xx_std_periph_driver/src/n32h7xx_jpeg.c **** *\*\                    - 0x00000000 ~ 0xFFFFFFFF
 259:../../../firmware/n32h7xx_std_periph_driver/src/n32h7xx_jpeg.c **** *\*\                - link_addr_high : Link to the next descriptor. Used when Link Enable = 1
 260:../../../firmware/n32h7xx_std_periph_driver/src/n32h7xx_jpeg.c **** *\*\                    - 0x00000000
 261:../../../firmware/n32h7xx_std_periph_driver/src/n32h7xx_jpeg.c **** *\*\            - max_burstsize : Maximum allowed size for an AXI4 MM burst
 262:../../../firmware/n32h7xx_std_periph_driver/src/n32h7xx_jpeg.c **** *\*\                - 0x00000000 ~ 0x00000100
 263:../../../firmware/n32h7xx_std_periph_driver/src/n32h7xx_jpeg.c **** *\*\            - SGlist_size : Scatter-Gather List Size
 264:../../../firmware/n32h7xx_std_periph_driver/src/n32h7xx_jpeg.c **** *\*\                - 0x00000000 ~ 0x0000FFFF
 265:../../../firmware/n32h7xx_std_periph_driver/src/n32h7xx_jpeg.c **** *\*\            - desclist_type : The descriptor list structure type
 266:../../../firmware/n32h7xx_std_periph_driver/src/n32h7xx_jpeg.c **** *\*\                - SGDMA_DESCLIST_LIST
 267:../../../firmware/n32h7xx_std_periph_driver/src/n32h7xx_jpeg.c **** *\*\                - SGDMA_DESCLIST_RING
 268:../../../firmware/n32h7xx_std_periph_driver/src/n32h7xx_jpeg.c **** *\*\            - descstored_type : The descriptor storage location
 269:../../../firmware/n32h7xx_std_periph_driver/src/n32h7xx_jpeg.c **** *\*\                - SGDMA_DESC_CSR
 270:../../../firmware/n32h7xx_std_periph_driver/src/n32h7xx_jpeg.c **** *\*\                - SGDMA_DESC_MEMORY
 271:../../../firmware/n32h7xx_std_periph_driver/src/n32h7xx_jpeg.c **** *\*\            - DMA_EOF_type : DMA operation mode on EOF
 272:../../../firmware/n32h7xx_std_periph_driver/src/n32h7xx_jpeg.c **** *\*\                - SGDMA_EOF_PAUSEDMA
 273:../../../firmware/n32h7xx_std_periph_driver/src/n32h7xx_jpeg.c **** *\*\                - SGDMA_EOF_RESUMEDMA
 274:../../../firmware/n32h7xx_std_periph_driver/src/n32h7xx_jpeg.c **** *\*\            - DMA_burst_type : DMA burst type
 275:../../../firmware/n32h7xx_std_periph_driver/src/n32h7xx_jpeg.c **** *\*\                - SGDMA_BURST_FIXED
 276:../../../firmware/n32h7xx_std_periph_driver/src/n32h7xx_jpeg.c **** *\*\                - SGDMA_BURST_INCR
 277:../../../firmware/n32h7xx_std_periph_driver/src/n32h7xx_jpeg.c **** *\*\return  none.
 278:../../../firmware/n32h7xx_std_periph_driver/src/n32h7xx_jpeg.c **** **/
 279:../../../firmware/n32h7xx_std_periph_driver/src/n32h7xx_jpeg.c **** void SGDMA_P2H_Init(SGDMA_P2H_InitType* SGDMA_P2H_InitStruct)
 280:../../../firmware/n32h7xx_std_periph_driver/src/n32h7xx_jpeg.c **** {
 433              		.loc 1 280 1
 434              		.cfi_startproc
 435              		@ args = 0, pretend = 0, frame = 16
 436              		@ frame_needed = 1, uses_anonymous_args = 0
 437 0000 80B5     		push	{r7, lr}
 438              	.LCFI23:
 439              		.cfi_def_cfa_offset 8
 440              		.cfi_offset 7, -8
 441              		.cfi_offset 14, -4
 442 0002 84B0     		sub	sp, sp, #16
 443              	.LCFI24:
 444              		.cfi_def_cfa_offset 24
 445 0004 00AF     		add	r7, sp, #0
 446              	.LCFI25:
 447              		.cfi_def_cfa_register 7
 448 0006 7860     		str	r0, [r7, #4]
 281:../../../firmware/n32h7xx_std_periph_driver/src/n32h7xx_jpeg.c ****     uint32_t resg_temp;
 282:../../../firmware/n32h7xx_std_periph_driver/src/n32h7xx_jpeg.c ****     
 283:../../../firmware/n32h7xx_std_periph_driver/src/n32h7xx_jpeg.c ****     SGDMA_Reset(JPEG_SGDMA_P2H);
 449              		.loc 1 283 5
 450 0008 3448     		ldr	r0, .L25
 451 000a FFF7FEFF 		bl	SGDMA_Reset
 284:../../../firmware/n32h7xx_std_periph_driver/src/n32h7xx_jpeg.c ****     /* Module enable */
 285:../../../firmware/n32h7xx_std_periph_driver/src/n32h7xx_jpeg.c ****     JPEG_SGDMA_P2H->CTRL |= JPEGDMA_CTRL_EN;
 452              		.loc 1 285 19
 453 000e 334B     		ldr	r3, .L25
 454 0010 1B68     		ldr	r3, [r3]
 455 0012 324A     		ldr	r2, .L25
 456              		.loc 1 285 26
 457 0014 43F00203 		orr	r3, r3, #2
 458 0018 1360     		str	r3, [r2]
 286:../../../firmware/n32h7xx_std_periph_driver/src/n32h7xx_jpeg.c ****     
ARM GAS  /tmp/cc0DTqI6.s 			page 14


 287:../../../firmware/n32h7xx_std_periph_driver/src/n32h7xx_jpeg.c ****     /* Maximum allowed size for an AXI4 MM burst */
 288:../../../firmware/n32h7xx_std_periph_driver/src/n32h7xx_jpeg.c ****     JPEG_SGDMA_P2H->MBSIZE = SGDMA_P2H_InitStruct->max_burstsize;
 459              		.loc 1 288 19
 460 001a 304A     		ldr	r2, .L25
 461              		.loc 1 288 50
 462 001c 7B68     		ldr	r3, [r7, #4]
 463 001e 1B6A     		ldr	r3, [r3, #32]
 464              		.loc 1 288 28
 465 0020 5361     		str	r3, [r2, #20]
 289:../../../firmware/n32h7xx_std_periph_driver/src/n32h7xx_jpeg.c ****     
 290:../../../firmware/n32h7xx_std_periph_driver/src/n32h7xx_jpeg.c ****     /* H2P DMA initial configuration */
 291:../../../firmware/n32h7xx_std_periph_driver/src/n32h7xx_jpeg.c ****     resg_temp = JPEG_SGDMA_P2H->CTRL;
 466              		.loc 1 291 31
 467 0022 2E4B     		ldr	r3, .L25
 468              		.loc 1 291 15
 469 0024 1B68     		ldr	r3, [r3]
 470 0026 FB60     		str	r3, [r7, #12]
 292:../../../firmware/n32h7xx_std_periph_driver/src/n32h7xx_jpeg.c ****     resg_temp &= (~(JPEGDMA_CTRL_MMODE | JPEGDMA_CTRL_OPMODE));
 471              		.loc 1 292 15
 472 0028 FB68     		ldr	r3, [r7, #12]
 473 002a 23F4FC73 		bic	r3, r3, #504
 474 002e FB60     		str	r3, [r7, #12]
 293:../../../firmware/n32h7xx_std_periph_driver/src/n32h7xx_jpeg.c ****     resg_temp |= SGDMA_P2H_InitStruct->desclist_type;
 475              		.loc 1 293 38
 476 0030 7B68     		ldr	r3, [r7, #4]
 477 0032 5B6B     		ldr	r3, [r3, #52]
 478              		.loc 1 293 15
 479 0034 FA68     		ldr	r2, [r7, #12]
 480 0036 1343     		orrs	r3, r3, r2
 481 0038 FB60     		str	r3, [r7, #12]
 294:../../../firmware/n32h7xx_std_periph_driver/src/n32h7xx_jpeg.c ****     resg_temp |= SGDMA_P2H_InitStruct->descstored_type;
 482              		.loc 1 294 38
 483 003a 7B68     		ldr	r3, [r7, #4]
 484 003c 9B6B     		ldr	r3, [r3, #56]
 485              		.loc 1 294 15
 486 003e FA68     		ldr	r2, [r7, #12]
 487 0040 1343     		orrs	r3, r3, r2
 488 0042 FB60     		str	r3, [r7, #12]
 295:../../../firmware/n32h7xx_std_periph_driver/src/n32h7xx_jpeg.c ****     resg_temp |= SGDMA_P2H_InitStruct->DMA_burst_type;
 489              		.loc 1 295 38
 490 0044 7B68     		ldr	r3, [r7, #4]
 491 0046 1B6C     		ldr	r3, [r3, #64]
 492              		.loc 1 295 15
 493 0048 FA68     		ldr	r2, [r7, #12]
 494 004a 1343     		orrs	r3, r3, r2
 495 004c FB60     		str	r3, [r7, #12]
 296:../../../firmware/n32h7xx_std_periph_driver/src/n32h7xx_jpeg.c ****     resg_temp |= SGDMA_P2H_InitStruct->DMA_EOF_type;
 496              		.loc 1 296 38
 497 004e 7B68     		ldr	r3, [r7, #4]
 498 0050 DB6B     		ldr	r3, [r3, #60]
 499              		.loc 1 296 15
 500 0052 FA68     		ldr	r2, [r7, #12]
 501 0054 1343     		orrs	r3, r3, r2
 502 0056 FB60     		str	r3, [r7, #12]
 297:../../../firmware/n32h7xx_std_periph_driver/src/n32h7xx_jpeg.c ****     JPEG_SGDMA_P2H->CTRL = resg_temp;
 503              		.loc 1 297 19
 504 0058 204A     		ldr	r2, .L25
ARM GAS  /tmp/cc0DTqI6.s 			page 15


 505              		.loc 1 297 26
 506 005a FB68     		ldr	r3, [r7, #12]
 507 005c 1360     		str	r3, [r2]
 298:../../../firmware/n32h7xx_std_periph_driver/src/n32h7xx_jpeg.c ****     
 299:../../../firmware/n32h7xx_std_periph_driver/src/n32h7xx_jpeg.c ****     /* Determine descriptor location */
 300:../../../firmware/n32h7xx_std_periph_driver/src/n32h7xx_jpeg.c ****     if(SGDMA_P2H_InitStruct->descstored_type == SGDMA_DESC_MEMORY)
 508              		.loc 1 300 28
 509 005e 7B68     		ldr	r3, [r7, #4]
 510 0060 9B6B     		ldr	r3, [r3, #56]
 511              		.loc 1 300 7
 512 0062 002B     		cmp	r3, #0
 513 0064 03D1     		bne	.L23
 301:../../../firmware/n32h7xx_std_periph_driver/src/n32h7xx_jpeg.c ****     {
 302:../../../firmware/n32h7xx_std_periph_driver/src/n32h7xx_jpeg.c ****         /* Set base address of the SG List */
 303:../../../firmware/n32h7xx_std_periph_driver/src/n32h7xx_jpeg.c ****         JPEG_SGDMA_P2H->SGLPL = (uint32_t)&SGDMA_P2H_InitStruct->p2h_desc;
 514              		.loc 1 303 43
 515 0066 7A68     		ldr	r2, [r7, #4]
 516              		.loc 1 303 23
 517 0068 1C4B     		ldr	r3, .L25
 518              		.loc 1 303 31
 519 006a 9A61     		str	r2, [r3, #24]
 520 006c 22E0     		b	.L24
 521              	.L23:
 304:../../../firmware/n32h7xx_std_periph_driver/src/n32h7xx_jpeg.c ****     }
 305:../../../firmware/n32h7xx_std_periph_driver/src/n32h7xx_jpeg.c ****     else
 306:../../../firmware/n32h7xx_std_periph_driver/src/n32h7xx_jpeg.c ****     {
 307:../../../firmware/n32h7xx_std_periph_driver/src/n32h7xx_jpeg.c ****         JPEG_SGDMA_P2H->DESCF = *(uint32_t*)(&SGDMA_P2H_InitStruct->p2h_desc);
 522              		.loc 1 307 46
 523 006e 7B68     		ldr	r3, [r7, #4]
 524              		.loc 1 307 23
 525 0070 1A4A     		ldr	r2, .L25
 526              		.loc 1 307 33
 527 0072 1B68     		ldr	r3, [r3]
 528              		.loc 1 307 31
 529 0074 D363     		str	r3, [r2, #60]
 308:../../../firmware/n32h7xx_std_periph_driver/src/n32h7xx_jpeg.c ****         JPEG_SGDMA_P2H->DESC_MBADDL = SGDMA_P2H_InitStruct->p2h_desc.blk_addr_low;
 530              		.loc 1 308 23
 531 0076 194A     		ldr	r2, .L25
 532              		.loc 1 308 69
 533 0078 7B68     		ldr	r3, [r7, #4]
 534 007a DB68     		ldr	r3, [r3, #12]
 535              		.loc 1 308 37
 536 007c 9364     		str	r3, [r2, #72]
 309:../../../firmware/n32h7xx_std_periph_driver/src/n32h7xx_jpeg.c ****         JPEG_SGDMA_P2H->DESC_MBADDH = SGDMA_P2H_InitStruct->p2h_desc.blk_addr_high;
 537              		.loc 1 309 23
 538 007e 174A     		ldr	r2, .L25
 539              		.loc 1 309 69
 540 0080 7B68     		ldr	r3, [r7, #4]
 541 0082 1B69     		ldr	r3, [r3, #16]
 542              		.loc 1 309 37
 543 0084 D364     		str	r3, [r2, #76]
 310:../../../firmware/n32h7xx_std_periph_driver/src/n32h7xx_jpeg.c ****         JPEG_SGDMA_P2H->DESC_MBSIZE = SGDMA_P2H_InitStruct->p2h_desc.blk_size;
 544              		.loc 1 310 23
 545 0086 154A     		ldr	r2, .L25
 546              		.loc 1 310 69
 547 0088 7B68     		ldr	r3, [r7, #4]
 548 008a 5B68     		ldr	r3, [r3, #4]
ARM GAS  /tmp/cc0DTqI6.s 			page 16


 549              		.loc 1 310 37
 550 008c 1364     		str	r3, [r2, #64]
 311:../../../firmware/n32h7xx_std_periph_driver/src/n32h7xx_jpeg.c ****         JPEG_SGDMA_P2H->DESC_MUS = SGDMA_P2H_InitStruct->p2h_desc.blk_used;
 551              		.loc 1 311 23
 552 008e 134A     		ldr	r2, .L25
 553              		.loc 1 311 66
 554 0090 7B68     		ldr	r3, [r7, #4]
 555 0092 9B68     		ldr	r3, [r3, #8]
 556              		.loc 1 311 34
 557 0094 5364     		str	r3, [r2, #68]
 312:../../../firmware/n32h7xx_std_periph_driver/src/n32h7xx_jpeg.c ****         /* Determine if linkenable is enabled */
 313:../../../firmware/n32h7xx_std_periph_driver/src/n32h7xx_jpeg.c ****         if(SGDMA_P2H_InitStruct->p2h_desc.desc_flags.bits.linkenable != DISABLE)
 558              		.loc 1 313 70
 559 0096 7B68     		ldr	r3, [r7, #4]
 560 0098 1B78     		ldrb	r3, [r3]	@ zero_extendqisi2
 561 009a 03F00103 		and	r3, r3, #1
 562 009e DBB2     		uxtb	r3, r3
 563              		.loc 1 313 11
 564 00a0 002B     		cmp	r3, #0
 565 00a2 07D0     		beq	.L24
 314:../../../firmware/n32h7xx_std_periph_driver/src/n32h7xx_jpeg.c ****         {
 315:../../../firmware/n32h7xx_std_periph_driver/src/n32h7xx_jpeg.c ****             JPEG_SGDMA_P2H->DESC_LINKL = SGDMA_P2H_InitStruct->p2h_desc.link_addr_low;
 566              		.loc 1 315 27
 567 00a4 0D4A     		ldr	r2, .L25
 568              		.loc 1 315 72
 569 00a6 7B68     		ldr	r3, [r7, #4]
 570 00a8 9B69     		ldr	r3, [r3, #24]
 571              		.loc 1 315 40
 572 00aa 5365     		str	r3, [r2, #84]
 316:../../../firmware/n32h7xx_std_periph_driver/src/n32h7xx_jpeg.c ****             JPEG_SGDMA_P2H->DESC_LINKH = SGDMA_P2H_InitStruct->p2h_desc.link_addr_high;
 573              		.loc 1 316 27
 574 00ac 0B4A     		ldr	r2, .L25
 575              		.loc 1 316 72
 576 00ae 7B68     		ldr	r3, [r7, #4]
 577 00b0 DB69     		ldr	r3, [r3, #28]
 578              		.loc 1 316 40
 579 00b2 9365     		str	r3, [r2, #88]
 580              	.L24:
 317:../../../firmware/n32h7xx_std_periph_driver/src/n32h7xx_jpeg.c ****         }
 318:../../../firmware/n32h7xx_std_periph_driver/src/n32h7xx_jpeg.c ****         else
 319:../../../firmware/n32h7xx_std_periph_driver/src/n32h7xx_jpeg.c ****         {
 320:../../../firmware/n32h7xx_std_periph_driver/src/n32h7xx_jpeg.c ****             /* no process */
 321:../../../firmware/n32h7xx_std_periph_driver/src/n32h7xx_jpeg.c ****         }
 322:../../../firmware/n32h7xx_std_periph_driver/src/n32h7xx_jpeg.c ****     }
 323:../../../firmware/n32h7xx_std_periph_driver/src/n32h7xx_jpeg.c ****     
 324:../../../firmware/n32h7xx_std_periph_driver/src/n32h7xx_jpeg.c ****     /* Set size of the SG List */
 325:../../../firmware/n32h7xx_std_periph_driver/src/n32h7xx_jpeg.c ****     JPEG_SGDMA_P2H->SGL_SIZE = SGDMA_P2H_InitStruct->SGlist_size;
 581              		.loc 1 325 19
 582 00b4 094A     		ldr	r2, .L25
 583              		.loc 1 325 52
 584 00b6 7B68     		ldr	r3, [r7, #4]
 585 00b8 5B6A     		ldr	r3, [r3, #36]
 586              		.loc 1 325 30
 587 00ba 1362     		str	r3, [r2, #32]
 326:../../../firmware/n32h7xx_std_periph_driver/src/n32h7xx_jpeg.c ****     JPEG_SGDMA_P2H->SGL_HEAD = SGDMA_P2H_InitStruct->SGlist_Head;
 588              		.loc 1 326 19
 589 00bc 074A     		ldr	r2, .L25
ARM GAS  /tmp/cc0DTqI6.s 			page 17


 590              		.loc 1 326 52
 591 00be 7B68     		ldr	r3, [r7, #4]
 592 00c0 9B6A     		ldr	r3, [r3, #40]
 593              		.loc 1 326 30
 594 00c2 5362     		str	r3, [r2, #36]
 327:../../../firmware/n32h7xx_std_periph_driver/src/n32h7xx_jpeg.c ****     JPEG_SGDMA_P2H->SGL_TAIL = SGDMA_P2H_InitStruct->SGlist_Tail;
 595              		.loc 1 327 19
 596 00c4 054A     		ldr	r2, .L25
 597              		.loc 1 327 52
 598 00c6 7B68     		ldr	r3, [r7, #4]
 599 00c8 DB6A     		ldr	r3, [r3, #44]
 600              		.loc 1 327 30
 601 00ca 9362     		str	r3, [r2, #40]
 328:../../../firmware/n32h7xx_std_periph_driver/src/n32h7xx_jpeg.c ****     JPEG_SGDMA_P2H->AOODT    = SGDMA_P2H_InitStruct->SGlist_Threshold;
 602              		.loc 1 328 19
 603 00cc 034A     		ldr	r2, .L25
 604              		.loc 1 328 52
 605 00ce 7B68     		ldr	r3, [r7, #4]
 606 00d0 1B6B     		ldr	r3, [r3, #48]
 607              		.loc 1 328 30
 608 00d2 1361     		str	r3, [r2, #16]
 329:../../../firmware/n32h7xx_std_periph_driver/src/n32h7xx_jpeg.c **** }
 609              		.loc 1 329 1
 610 00d4 00BF     		nop
 611 00d6 1037     		adds	r7, r7, #16
 612              	.LCFI26:
 613              		.cfi_def_cfa_offset 8
 614 00d8 BD46     		mov	sp, r7
 615              	.LCFI27:
 616              		.cfi_def_cfa_register 13
 617              		@ sp needed
 618 00da 80BD     		pop	{r7, pc}
 619              	.L26:
 620              		.align	2
 621              	.L25:
 622 00dc 00040950 		.word	1342768128
 623              		.cfi_endproc
 624              	.LFE151:
 626              		.section	.text.SGDMA_Start,"ax",%progbits
 627              		.align	1
 628              		.global	SGDMA_Start
 629              		.syntax unified
 630              		.thumb
 631              		.thumb_func
 633              	SGDMA_Start:
 634              	.LFB152:
 330:../../../firmware/n32h7xx_std_periph_driver/src/n32h7xx_jpeg.c **** 
 331:../../../firmware/n32h7xx_std_periph_driver/src/n32h7xx_jpeg.c **** /**
 332:../../../firmware/n32h7xx_std_periph_driver/src/n32h7xx_jpeg.c **** *\*\name   SGDMA_Start.
 333:../../../firmware/n32h7xx_std_periph_driver/src/n32h7xx_jpeg.c **** *\*\fun    Start the SGDMA P2H/H2P module.
 334:../../../firmware/n32h7xx_std_periph_driver/src/n32h7xx_jpeg.c **** *\*\param  SGDMAx :
 335:../../../firmware/n32h7xx_std_periph_driver/src/n32h7xx_jpeg.c **** *\*\          - JPEG_SGDMA_P2H
 336:../../../firmware/n32h7xx_std_periph_driver/src/n32h7xx_jpeg.c **** *\*\          - JPEG_SGDMA_H2P
 337:../../../firmware/n32h7xx_std_periph_driver/src/n32h7xx_jpeg.c **** *\*\return none
 338:../../../firmware/n32h7xx_std_periph_driver/src/n32h7xx_jpeg.c **** **/
 339:../../../firmware/n32h7xx_std_periph_driver/src/n32h7xx_jpeg.c **** void SGDMA_Start(JPEG_SGDMA_Module *SGDMAx)
 340:../../../firmware/n32h7xx_std_periph_driver/src/n32h7xx_jpeg.c **** {
ARM GAS  /tmp/cc0DTqI6.s 			page 18


 635              		.loc 1 340 1
 636              		.cfi_startproc
 637              		@ args = 0, pretend = 0, frame = 8
 638              		@ frame_needed = 1, uses_anonymous_args = 0
 639              		@ link register save eliminated.
 640 0000 80B4     		push	{r7}
 641              	.LCFI28:
 642              		.cfi_def_cfa_offset 4
 643              		.cfi_offset 7, -4
 644 0002 83B0     		sub	sp, sp, #12
 645              	.LCFI29:
 646              		.cfi_def_cfa_offset 16
 647 0004 00AF     		add	r7, sp, #0
 648              	.LCFI30:
 649              		.cfi_def_cfa_register 7
 650 0006 7860     		str	r0, [r7, #4]
 341:../../../firmware/n32h7xx_std_periph_driver/src/n32h7xx_jpeg.c ****     /* DMA start */
 342:../../../firmware/n32h7xx_std_periph_driver/src/n32h7xx_jpeg.c ****     SGDMAx->CTRL |= JPEGDMA_CTRL_START;
 651              		.loc 1 342 11
 652 0008 7B68     		ldr	r3, [r7, #4]
 653 000a 1B68     		ldr	r3, [r3]
 654              		.loc 1 342 18
 655 000c 43F00402 		orr	r2, r3, #4
 656 0010 7B68     		ldr	r3, [r7, #4]
 657 0012 1A60     		str	r2, [r3]
 343:../../../firmware/n32h7xx_std_periph_driver/src/n32h7xx_jpeg.c **** }
 658              		.loc 1 343 1
 659 0014 00BF     		nop
 660 0016 0C37     		adds	r7, r7, #12
 661              	.LCFI31:
 662              		.cfi_def_cfa_offset 4
 663 0018 BD46     		mov	sp, r7
 664              	.LCFI32:
 665              		.cfi_def_cfa_register 13
 666              		@ sp needed
 667 001a 80BC     		pop	{r7}
 668              	.LCFI33:
 669              		.cfi_restore 7
 670              		.cfi_def_cfa_offset 0
 671 001c 7047     		bx	lr
 672              		.cfi_endproc
 673              	.LFE152:
 675              		.section	.text.SGDMA_ConfigInt,"ax",%progbits
 676              		.align	1
 677              		.global	SGDMA_ConfigInt
 678              		.syntax unified
 679              		.thumb
 680              		.thumb_func
 682              	SGDMA_ConfigInt:
 683              	.LFB153:
 344:../../../firmware/n32h7xx_std_periph_driver/src/n32h7xx_jpeg.c **** 
 345:../../../firmware/n32h7xx_std_periph_driver/src/n32h7xx_jpeg.c **** /**
 346:../../../firmware/n32h7xx_std_periph_driver/src/n32h7xx_jpeg.c **** *\*\name    SGDMA_ConfigInt
 347:../../../firmware/n32h7xx_std_periph_driver/src/n32h7xx_jpeg.c **** *\*\fun     Enables or disables the specified SGDMA interrupts.
 348:../../../firmware/n32h7xx_std_periph_driver/src/n32h7xx_jpeg.c **** *\*\param   SGDMAx (The input parameters must be the following values):
 349:../../../firmware/n32h7xx_std_periph_driver/src/n32h7xx_jpeg.c **** *\*\          - JPEG_SGDMA_P2H
 350:../../../firmware/n32h7xx_std_periph_driver/src/n32h7xx_jpeg.c **** *\*\          - JPEG_SGDMA_H2P
ARM GAS  /tmp/cc0DTqI6.s 			page 19


 351:../../../firmware/n32h7xx_std_periph_driver/src/n32h7xx_jpeg.c **** *\*\param   SGDMA_INT (The input parameters must be the following values):
 352:../../../firmware/n32h7xx_std_periph_driver/src/n32h7xx_jpeg.c **** *\*\            - SGDMA_INTSTS_WDATAERREN    AXI MM Write Error when writing data
 353:../../../firmware/n32h7xx_std_periph_driver/src/n32h7xx_jpeg.c **** *\*\            - SGDMA_INTSTS_RDATAERR      AXI MM Read Error when reading data
 354:../../../firmware/n32h7xx_std_periph_driver/src/n32h7xx_jpeg.c **** *\*\            - SGDMA_INTSTS_WDESCERR      AXI MM Write Error when writing a descriptor
 355:../../../firmware/n32h7xx_std_periph_driver/src/n32h7xx_jpeg.c **** *\*\            - SGDMA_INTSTS_RDESCERR      AXI MM Read Error when reading a descriptor
 356:../../../firmware/n32h7xx_std_periph_driver/src/n32h7xx_jpeg.c **** *\*\            - SGDMA_INTSTS_EOD           End-Of-Descriptor
 357:../../../firmware/n32h7xx_std_periph_driver/src/n32h7xx_jpeg.c **** *\*\            - SGDMA_INTSTS_AOOD          Channel is Almost Out of Descriptors
 358:../../../firmware/n32h7xx_std_periph_driver/src/n32h7xx_jpeg.c **** *\*\            - SGDMA_INTSTS_OOD           Out Of Descriptors
 359:../../../firmware/n32h7xx_std_periph_driver/src/n32h7xx_jpeg.c **** *\*\            - SGDMA_INTSTS_EOFIN         End-Of-Frame sampled at the input of the channel
 360:../../../firmware/n32h7xx_std_periph_driver/src/n32h7xx_jpeg.c **** *\*\            - SGDMA_INTSTS_EOFOUT        End-Of-Frame sampled at the output of the channel
 361:../../../firmware/n32h7xx_std_periph_driver/src/n32h7xx_jpeg.c **** *\*\            - SGDMA_INTSTS_GINT          Global interrupt status bit for the Channel
 362:../../../firmware/n32h7xx_std_periph_driver/src/n32h7xx_jpeg.c **** *\*\param   Cmd (The input parameters must be the following values):
 363:../../../firmware/n32h7xx_std_periph_driver/src/n32h7xx_jpeg.c **** *\*\          - ENABLE
 364:../../../firmware/n32h7xx_std_periph_driver/src/n32h7xx_jpeg.c **** *\*\          - DISABLE
 365:../../../firmware/n32h7xx_std_periph_driver/src/n32h7xx_jpeg.c **** *\*\return  none
 366:../../../firmware/n32h7xx_std_periph_driver/src/n32h7xx_jpeg.c **** **/
 367:../../../firmware/n32h7xx_std_periph_driver/src/n32h7xx_jpeg.c **** void SGDMA_ConfigInt(JPEG_SGDMA_Module* SGDMAx, uint32_t SGDMA_INT, FunctionalState Cmd)
 368:../../../firmware/n32h7xx_std_periph_driver/src/n32h7xx_jpeg.c **** {
 684              		.loc 1 368 1
 685              		.cfi_startproc
 686              		@ args = 0, pretend = 0, frame = 16
 687              		@ frame_needed = 1, uses_anonymous_args = 0
 688              		@ link register save eliminated.
 689 0000 80B4     		push	{r7}
 690              	.LCFI34:
 691              		.cfi_def_cfa_offset 4
 692              		.cfi_offset 7, -4
 693 0002 85B0     		sub	sp, sp, #20
 694              	.LCFI35:
 695              		.cfi_def_cfa_offset 24
 696 0004 00AF     		add	r7, sp, #0
 697              	.LCFI36:
 698              		.cfi_def_cfa_register 7
 699 0006 F860     		str	r0, [r7, #12]
 700 0008 B960     		str	r1, [r7, #8]
 701 000a 1346     		mov	r3, r2
 702 000c FB71     		strb	r3, [r7, #7]
 369:../../../firmware/n32h7xx_std_periph_driver/src/n32h7xx_jpeg.c ****     if (Cmd != DISABLE)
 703              		.loc 1 369 8
 704 000e FB79     		ldrb	r3, [r7, #7]	@ zero_extendqisi2
 705 0010 002B     		cmp	r3, #0
 706 0012 06D0     		beq	.L29
 370:../../../firmware/n32h7xx_std_periph_driver/src/n32h7xx_jpeg.c ****     {
 371:../../../firmware/n32h7xx_std_periph_driver/src/n32h7xx_jpeg.c ****         SGDMAx->IE |= SGDMA_INT;
 707              		.loc 1 371 15
 708 0014 FB68     		ldr	r3, [r7, #12]
 709 0016 9A68     		ldr	r2, [r3, #8]
 710              		.loc 1 371 20
 711 0018 BB68     		ldr	r3, [r7, #8]
 712 001a 1A43     		orrs	r2, r2, r3
 713 001c FB68     		ldr	r3, [r7, #12]
 714 001e 9A60     		str	r2, [r3, #8]
 372:../../../firmware/n32h7xx_std_periph_driver/src/n32h7xx_jpeg.c ****     }
 373:../../../firmware/n32h7xx_std_periph_driver/src/n32h7xx_jpeg.c ****     else
 374:../../../firmware/n32h7xx_std_periph_driver/src/n32h7xx_jpeg.c ****     {
 375:../../../firmware/n32h7xx_std_periph_driver/src/n32h7xx_jpeg.c ****         SGDMAx->IE &= (~SGDMA_INT);
 376:../../../firmware/n32h7xx_std_periph_driver/src/n32h7xx_jpeg.c ****     }
ARM GAS  /tmp/cc0DTqI6.s 			page 20


 377:../../../firmware/n32h7xx_std_periph_driver/src/n32h7xx_jpeg.c **** }
 715              		.loc 1 377 1
 716 0020 06E0     		b	.L31
 717              	.L29:
 375:../../../firmware/n32h7xx_std_periph_driver/src/n32h7xx_jpeg.c ****     }
 718              		.loc 1 375 15
 719 0022 FB68     		ldr	r3, [r7, #12]
 720 0024 9A68     		ldr	r2, [r3, #8]
 375:../../../firmware/n32h7xx_std_periph_driver/src/n32h7xx_jpeg.c ****     }
 721              		.loc 1 375 24
 722 0026 BB68     		ldr	r3, [r7, #8]
 723 0028 DB43     		mvns	r3, r3
 375:../../../firmware/n32h7xx_std_periph_driver/src/n32h7xx_jpeg.c ****     }
 724              		.loc 1 375 20
 725 002a 1A40     		ands	r2, r2, r3
 726 002c FB68     		ldr	r3, [r7, #12]
 727 002e 9A60     		str	r2, [r3, #8]
 728              	.L31:
 729              		.loc 1 377 1
 730 0030 00BF     		nop
 731 0032 1437     		adds	r7, r7, #20
 732              	.LCFI37:
 733              		.cfi_def_cfa_offset 4
 734 0034 BD46     		mov	sp, r7
 735              	.LCFI38:
 736              		.cfi_def_cfa_register 13
 737              		@ sp needed
 738 0036 80BC     		pop	{r7}
 739              	.LCFI39:
 740              		.cfi_restore 7
 741              		.cfi_def_cfa_offset 0
 742 0038 7047     		bx	lr
 743              		.cfi_endproc
 744              	.LFE153:
 746              		.section	.text.SGDMAx_GetFlagStatus,"ax",%progbits
 747              		.align	1
 748              		.global	SGDMAx_GetFlagStatus
 749              		.syntax unified
 750              		.thumb
 751              		.thumb_func
 753              	SGDMAx_GetFlagStatus:
 754              	.LFB154:
 378:../../../firmware/n32h7xx_std_periph_driver/src/n32h7xx_jpeg.c **** 
 379:../../../firmware/n32h7xx_std_periph_driver/src/n32h7xx_jpeg.c **** 
 380:../../../firmware/n32h7xx_std_periph_driver/src/n32h7xx_jpeg.c **** /**
 381:../../../firmware/n32h7xx_std_periph_driver/src/n32h7xx_jpeg.c **** *\*\name   SGDMAx_GetFlagStatus.
 382:../../../firmware/n32h7xx_std_periph_driver/src/n32h7xx_jpeg.c **** *\*\fun    Check whether the specified SGDMA flag is set or not.
 383:../../../firmware/n32h7xx_std_periph_driver/src/n32h7xx_jpeg.c **** *\*\param  SGDMAx :
 384:../../../firmware/n32h7xx_std_periph_driver/src/n32h7xx_jpeg.c **** *\*\          - JPEG_SGDMA_P2H
 385:../../../firmware/n32h7xx_std_periph_driver/src/n32h7xx_jpeg.c **** *\*\          - JPEG_SGDMA_H2P
 386:../../../firmware/n32h7xx_std_periph_driver/src/n32h7xx_jpeg.c **** *\*\param  Flag :
 387:../../../firmware/n32h7xx_std_periph_driver/src/n32h7xx_jpeg.c **** *\*\          - SGDMA_INTSTS_WDATAERREN    AXI MM Write Error when writing data
 388:../../../firmware/n32h7xx_std_periph_driver/src/n32h7xx_jpeg.c **** *\*\          - SGDMA_INTSTS_RDATAERR      AXI MM Read Error when reading data
 389:../../../firmware/n32h7xx_std_periph_driver/src/n32h7xx_jpeg.c **** *\*\          - SGDMA_INTSTS_WDESCERR      AXI MM Write Error when writing a descriptor
 390:../../../firmware/n32h7xx_std_periph_driver/src/n32h7xx_jpeg.c **** *\*\          - SGDMA_INTSTS_RDESCERR      AXI MM Read Error when reading a descriptor
 391:../../../firmware/n32h7xx_std_periph_driver/src/n32h7xx_jpeg.c **** *\*\          - SGDMA_INTSTS_EOD           End-Of-Descriptor
 392:../../../firmware/n32h7xx_std_periph_driver/src/n32h7xx_jpeg.c **** *\*\          - SGDMA_INTSTS_AOOD          Channel is Almost Out of Descriptors
ARM GAS  /tmp/cc0DTqI6.s 			page 21


 393:../../../firmware/n32h7xx_std_periph_driver/src/n32h7xx_jpeg.c **** *\*\          - SGDMA_INTSTS_OOD           Out Of Descriptors
 394:../../../firmware/n32h7xx_std_periph_driver/src/n32h7xx_jpeg.c **** *\*\          - SGDMA_INTSTS_EOFIN         End-Of-Frame sampled at the input of the channel
 395:../../../firmware/n32h7xx_std_periph_driver/src/n32h7xx_jpeg.c **** *\*\          - SGDMA_INTSTS_EOFOUT        End-Of-Frame sampled at the output of the channel
 396:../../../firmware/n32h7xx_std_periph_driver/src/n32h7xx_jpeg.c **** *\*\          - SGDMA_INTSTS_GINT          Global interrupt status bit for the Channel
 397:../../../firmware/n32h7xx_std_periph_driver/src/n32h7xx_jpeg.c **** *\*\          - SGDMA_INTSTS_BUSY          H2P/P2H is processing a transfer
 398:../../../firmware/n32h7xx_std_periph_driver/src/n32h7xx_jpeg.c **** *\*\return FlagStatus
 399:../../../firmware/n32h7xx_std_periph_driver/src/n32h7xx_jpeg.c **** *\*\          - RESET
 400:../../../firmware/n32h7xx_std_periph_driver/src/n32h7xx_jpeg.c **** *\*\          - SET
 401:../../../firmware/n32h7xx_std_periph_driver/src/n32h7xx_jpeg.c **** **/
 402:../../../firmware/n32h7xx_std_periph_driver/src/n32h7xx_jpeg.c **** FlagStatus SGDMAx_GetFlagStatus(JPEG_SGDMA_Module* SGDMAx, uint32_t Flag)
 403:../../../firmware/n32h7xx_std_periph_driver/src/n32h7xx_jpeg.c **** {
 755              		.loc 1 403 1
 756              		.cfi_startproc
 757              		@ args = 0, pretend = 0, frame = 16
 758              		@ frame_needed = 1, uses_anonymous_args = 0
 759              		@ link register save eliminated.
 760 0000 80B4     		push	{r7}
 761              	.LCFI40:
 762              		.cfi_def_cfa_offset 4
 763              		.cfi_offset 7, -4
 764 0002 85B0     		sub	sp, sp, #20
 765              	.LCFI41:
 766              		.cfi_def_cfa_offset 24
 767 0004 00AF     		add	r7, sp, #0
 768              	.LCFI42:
 769              		.cfi_def_cfa_register 7
 770 0006 7860     		str	r0, [r7, #4]
 771 0008 3960     		str	r1, [r7]
 404:../../../firmware/n32h7xx_std_periph_driver/src/n32h7xx_jpeg.c ****     FlagStatus status_value;
 405:../../../firmware/n32h7xx_std_periph_driver/src/n32h7xx_jpeg.c ****     if((SGDMAx->STS & Flag) == Flag )
 772              		.loc 1 405 15
 773 000a 7B68     		ldr	r3, [r7, #4]
 774 000c 5A68     		ldr	r2, [r3, #4]
 775              		.loc 1 405 21
 776 000e 3B68     		ldr	r3, [r7]
 777 0010 1340     		ands	r3, r3, r2
 778              		.loc 1 405 7
 779 0012 3A68     		ldr	r2, [r7]
 780 0014 9A42     		cmp	r2, r3
 781 0016 02D1     		bne	.L33
 406:../../../firmware/n32h7xx_std_periph_driver/src/n32h7xx_jpeg.c ****     {
 407:../../../firmware/n32h7xx_std_periph_driver/src/n32h7xx_jpeg.c ****         status_value = SET;
 782              		.loc 1 407 22
 783 0018 0123     		movs	r3, #1
 784 001a FB73     		strb	r3, [r7, #15]
 785 001c 01E0     		b	.L34
 786              	.L33:
 408:../../../firmware/n32h7xx_std_periph_driver/src/n32h7xx_jpeg.c ****     }
 409:../../../firmware/n32h7xx_std_periph_driver/src/n32h7xx_jpeg.c ****     else
 410:../../../firmware/n32h7xx_std_periph_driver/src/n32h7xx_jpeg.c ****     {
 411:../../../firmware/n32h7xx_std_periph_driver/src/n32h7xx_jpeg.c ****         status_value = RESET;
 787              		.loc 1 411 22
 788 001e 0023     		movs	r3, #0
 789 0020 FB73     		strb	r3, [r7, #15]
 790              	.L34:
 412:../../../firmware/n32h7xx_std_periph_driver/src/n32h7xx_jpeg.c ****     }
 413:../../../firmware/n32h7xx_std_periph_driver/src/n32h7xx_jpeg.c ****     return status_value;
ARM GAS  /tmp/cc0DTqI6.s 			page 22


 791              		.loc 1 413 12
 792 0022 FB7B     		ldrb	r3, [r7, #15]	@ zero_extendqisi2
 414:../../../firmware/n32h7xx_std_periph_driver/src/n32h7xx_jpeg.c **** }
 793              		.loc 1 414 1
 794 0024 1846     		mov	r0, r3
 795 0026 1437     		adds	r7, r7, #20
 796              	.LCFI43:
 797              		.cfi_def_cfa_offset 4
 798 0028 BD46     		mov	sp, r7
 799              	.LCFI44:
 800              		.cfi_def_cfa_register 13
 801              		@ sp needed
 802 002a 80BC     		pop	{r7}
 803              	.LCFI45:
 804              		.cfi_restore 7
 805              		.cfi_def_cfa_offset 0
 806 002c 7047     		bx	lr
 807              		.cfi_endproc
 808              	.LFE154:
 810              		.section	.text.SGDMAx_GetIntStatus,"ax",%progbits
 811              		.align	1
 812              		.global	SGDMAx_GetIntStatus
 813              		.syntax unified
 814              		.thumb
 815              		.thumb_func
 817              	SGDMAx_GetIntStatus:
 818              	.LFB155:
 415:../../../firmware/n32h7xx_std_periph_driver/src/n32h7xx_jpeg.c **** 
 416:../../../firmware/n32h7xx_std_periph_driver/src/n32h7xx_jpeg.c **** 
 417:../../../firmware/n32h7xx_std_periph_driver/src/n32h7xx_jpeg.c **** /**
 418:../../../firmware/n32h7xx_std_periph_driver/src/n32h7xx_jpeg.c **** *\*\name   SGDMAx_GetIntStatus.
 419:../../../firmware/n32h7xx_std_periph_driver/src/n32h7xx_jpeg.c **** *\*\fun    Check whether the specified SGDMA interrupt is set or not.
 420:../../../firmware/n32h7xx_std_periph_driver/src/n32h7xx_jpeg.c **** *\*\param  SGDMAx :
 421:../../../firmware/n32h7xx_std_periph_driver/src/n32h7xx_jpeg.c **** *\*\          - JPEG_SGDMA_P2H
 422:../../../firmware/n32h7xx_std_periph_driver/src/n32h7xx_jpeg.c **** *\*\          - JPEG_SGDMA_H2P
 423:../../../firmware/n32h7xx_std_periph_driver/src/n32h7xx_jpeg.c **** *\*\param  Flag :
 424:../../../firmware/n32h7xx_std_periph_driver/src/n32h7xx_jpeg.c **** *\*\          - SGDMA_INTSTS_WDATAERREN    AXI MM Write Error when writing data
 425:../../../firmware/n32h7xx_std_periph_driver/src/n32h7xx_jpeg.c **** *\*\          - SGDMA_INTSTS_RDATAERR      AXI MM Read Error when reading data
 426:../../../firmware/n32h7xx_std_periph_driver/src/n32h7xx_jpeg.c **** *\*\          - SGDMA_INTSTS_WDESCERR      AXI MM Write Error when writing a descriptor
 427:../../../firmware/n32h7xx_std_periph_driver/src/n32h7xx_jpeg.c **** *\*\          - SGDMA_INTSTS_RDESCERR      AXI MM Read Error when reading a descriptor
 428:../../../firmware/n32h7xx_std_periph_driver/src/n32h7xx_jpeg.c **** *\*\          - SGDMA_INTSTS_EOD           End-Of-Descriptor
 429:../../../firmware/n32h7xx_std_periph_driver/src/n32h7xx_jpeg.c **** *\*\          - SGDMA_INTSTS_AOOD          Channel is Almost Out of Descriptors
 430:../../../firmware/n32h7xx_std_periph_driver/src/n32h7xx_jpeg.c **** *\*\          - SGDMA_INTSTS_OOD           Out Of Descriptors
 431:../../../firmware/n32h7xx_std_periph_driver/src/n32h7xx_jpeg.c **** *\*\          - SGDMA_INTSTS_EOFIN         End-Of-Frame sampled at the input of the channel
 432:../../../firmware/n32h7xx_std_periph_driver/src/n32h7xx_jpeg.c **** *\*\          - SGDMA_INTSTS_EOFOUT        End-Of-Frame sampled at the output of the channel
 433:../../../firmware/n32h7xx_std_periph_driver/src/n32h7xx_jpeg.c **** *\*\          - SGDMA_INTSTS_GINT          Global interrupt status bit for the Channel 
 434:../../../firmware/n32h7xx_std_periph_driver/src/n32h7xx_jpeg.c **** *\*\return FlagStatus
 435:../../../firmware/n32h7xx_std_periph_driver/src/n32h7xx_jpeg.c **** *\*\          - RESET
 436:../../../firmware/n32h7xx_std_periph_driver/src/n32h7xx_jpeg.c **** *\*\          - SET
 437:../../../firmware/n32h7xx_std_periph_driver/src/n32h7xx_jpeg.c **** **/
 438:../../../firmware/n32h7xx_std_periph_driver/src/n32h7xx_jpeg.c **** FlagStatus SGDMAx_GetIntStatus(JPEG_SGDMA_Module* SGDMAx, uint32_t Flag)
 439:../../../firmware/n32h7xx_std_periph_driver/src/n32h7xx_jpeg.c **** {
 819              		.loc 1 439 1
 820              		.cfi_startproc
 821              		@ args = 0, pretend = 0, frame = 16
 822              		@ frame_needed = 1, uses_anonymous_args = 0
 823              		@ link register save eliminated.
ARM GAS  /tmp/cc0DTqI6.s 			page 23


 824 0000 80B4     		push	{r7}
 825              	.LCFI46:
 826              		.cfi_def_cfa_offset 4
 827              		.cfi_offset 7, -4
 828 0002 85B0     		sub	sp, sp, #20
 829              	.LCFI47:
 830              		.cfi_def_cfa_offset 24
 831 0004 00AF     		add	r7, sp, #0
 832              	.LCFI48:
 833              		.cfi_def_cfa_register 7
 834 0006 7860     		str	r0, [r7, #4]
 835 0008 3960     		str	r1, [r7]
 440:../../../firmware/n32h7xx_std_periph_driver/src/n32h7xx_jpeg.c ****     FlagStatus status_value;
 441:../../../firmware/n32h7xx_std_periph_driver/src/n32h7xx_jpeg.c ****     if((SGDMAx->INTSTS & Flag) == Flag )
 836              		.loc 1 441 15
 837 000a 7B68     		ldr	r3, [r7, #4]
 838 000c DA68     		ldr	r2, [r3, #12]
 839              		.loc 1 441 24
 840 000e 3B68     		ldr	r3, [r7]
 841 0010 1340     		ands	r3, r3, r2
 842              		.loc 1 441 7
 843 0012 3A68     		ldr	r2, [r7]
 844 0014 9A42     		cmp	r2, r3
 845 0016 02D1     		bne	.L37
 442:../../../firmware/n32h7xx_std_periph_driver/src/n32h7xx_jpeg.c ****     {
 443:../../../firmware/n32h7xx_std_periph_driver/src/n32h7xx_jpeg.c ****         status_value = SET;
 846              		.loc 1 443 22
 847 0018 0123     		movs	r3, #1
 848 001a FB73     		strb	r3, [r7, #15]
 849 001c 01E0     		b	.L38
 850              	.L37:
 444:../../../firmware/n32h7xx_std_periph_driver/src/n32h7xx_jpeg.c ****     }
 445:../../../firmware/n32h7xx_std_periph_driver/src/n32h7xx_jpeg.c ****     else
 446:../../../firmware/n32h7xx_std_periph_driver/src/n32h7xx_jpeg.c ****     {
 447:../../../firmware/n32h7xx_std_periph_driver/src/n32h7xx_jpeg.c ****         status_value = RESET;
 851              		.loc 1 447 22
 852 001e 0023     		movs	r3, #0
 853 0020 FB73     		strb	r3, [r7, #15]
 854              	.L38:
 448:../../../firmware/n32h7xx_std_periph_driver/src/n32h7xx_jpeg.c ****     }
 449:../../../firmware/n32h7xx_std_periph_driver/src/n32h7xx_jpeg.c ****     return status_value;
 855              		.loc 1 449 12
 856 0022 FB7B     		ldrb	r3, [r7, #15]	@ zero_extendqisi2
 450:../../../firmware/n32h7xx_std_periph_driver/src/n32h7xx_jpeg.c **** }
 857              		.loc 1 450 1
 858 0024 1846     		mov	r0, r3
 859 0026 1437     		adds	r7, r7, #20
 860              	.LCFI49:
 861              		.cfi_def_cfa_offset 4
 862 0028 BD46     		mov	sp, r7
 863              	.LCFI50:
 864              		.cfi_def_cfa_register 13
 865              		@ sp needed
 866 002a 80BC     		pop	{r7}
 867              	.LCFI51:
 868              		.cfi_restore 7
 869              		.cfi_def_cfa_offset 0
ARM GAS  /tmp/cc0DTqI6.s 			page 24


 870 002c 7047     		bx	lr
 871              		.cfi_endproc
 872              	.LFE155:
 874              		.section	.text.SGDMAx_ClrFlag,"ax",%progbits
 875              		.align	1
 876              		.global	SGDMAx_ClrFlag
 877              		.syntax unified
 878              		.thumb
 879              		.thumb_func
 881              	SGDMAx_ClrFlag:
 882              	.LFB156:
 451:../../../firmware/n32h7xx_std_periph_driver/src/n32h7xx_jpeg.c **** 
 452:../../../firmware/n32h7xx_std_periph_driver/src/n32h7xx_jpeg.c **** /**
 453:../../../firmware/n32h7xx_std_periph_driver/src/n32h7xx_jpeg.c **** *\*\name   SGDMAx_GetFlagStatus.
 454:../../../firmware/n32h7xx_std_periph_driver/src/n32h7xx_jpeg.c **** *\*\fun    Clears the SGDMAx's pending flags..
 455:../../../firmware/n32h7xx_std_periph_driver/src/n32h7xx_jpeg.c **** *\*\param  SGDMAx :
 456:../../../firmware/n32h7xx_std_periph_driver/src/n32h7xx_jpeg.c **** *\*\          - JPEG_SGDMA_P2H
 457:../../../firmware/n32h7xx_std_periph_driver/src/n32h7xx_jpeg.c **** *\*\          - JPEG_SGDMA_H2P
 458:../../../firmware/n32h7xx_std_periph_driver/src/n32h7xx_jpeg.c **** *\*\param  Flag :
 459:../../../firmware/n32h7xx_std_periph_driver/src/n32h7xx_jpeg.c **** *\*\          - SGDMA_INTSTS_EOD           End-Of-Descriptor
 460:../../../firmware/n32h7xx_std_periph_driver/src/n32h7xx_jpeg.c **** *\*\          - SGDMA_INTSTS_AOOD          Channel is Almost Out of Descriptors
 461:../../../firmware/n32h7xx_std_periph_driver/src/n32h7xx_jpeg.c **** *\*\          - SGDMA_INTSTS_OOD           Out Of Descriptors
 462:../../../firmware/n32h7xx_std_periph_driver/src/n32h7xx_jpeg.c **** *\*\          - SGDMA_INTSTS_EOFIN         End-Of-Frame sampled at the input of the channel
 463:../../../firmware/n32h7xx_std_periph_driver/src/n32h7xx_jpeg.c **** *\*\          - SGDMA_INTSTS_EOFOUT        End-Of-Frame sampled at the output of the channel
 464:../../../firmware/n32h7xx_std_periph_driver/src/n32h7xx_jpeg.c **** *\*\return none
 465:../../../firmware/n32h7xx_std_periph_driver/src/n32h7xx_jpeg.c **** **/
 466:../../../firmware/n32h7xx_std_periph_driver/src/n32h7xx_jpeg.c **** void SGDMAx_ClrFlag(JPEG_SGDMA_Module* SGDMAx, uint32_t Flag)
 467:../../../firmware/n32h7xx_std_periph_driver/src/n32h7xx_jpeg.c **** {
 883              		.loc 1 467 1
 884              		.cfi_startproc
 885              		@ args = 0, pretend = 0, frame = 8
 886              		@ frame_needed = 1, uses_anonymous_args = 0
 887              		@ link register save eliminated.
 888 0000 80B4     		push	{r7}
 889              	.LCFI52:
 890              		.cfi_def_cfa_offset 4
 891              		.cfi_offset 7, -4
 892 0002 83B0     		sub	sp, sp, #12
 893              	.LCFI53:
 894              		.cfi_def_cfa_offset 16
 895 0004 00AF     		add	r7, sp, #0
 896              	.LCFI54:
 897              		.cfi_def_cfa_register 7
 898 0006 7860     		str	r0, [r7, #4]
 899 0008 3960     		str	r1, [r7]
 468:../../../firmware/n32h7xx_std_periph_driver/src/n32h7xx_jpeg.c ****     SGDMAx->STS = Flag;
 900              		.loc 1 468 17
 901 000a 7B68     		ldr	r3, [r7, #4]
 902 000c 3A68     		ldr	r2, [r7]
 903 000e 5A60     		str	r2, [r3, #4]
 469:../../../firmware/n32h7xx_std_periph_driver/src/n32h7xx_jpeg.c **** }
 904              		.loc 1 469 1
 905 0010 00BF     		nop
 906 0012 0C37     		adds	r7, r7, #12
 907              	.LCFI55:
 908              		.cfi_def_cfa_offset 4
 909 0014 BD46     		mov	sp, r7
ARM GAS  /tmp/cc0DTqI6.s 			page 25


 910              	.LCFI56:
 911              		.cfi_def_cfa_register 13
 912              		@ sp needed
 913 0016 80BC     		pop	{r7}
 914              	.LCFI57:
 915              		.cfi_restore 7
 916              		.cfi_def_cfa_offset 0
 917 0018 7047     		bx	lr
 918              		.cfi_endproc
 919              	.LFE156:
 921              		.section	.text.JPEGBRC_Init,"ax",%progbits
 922              		.align	1
 923              		.global	JPEGBRC_Init
 924              		.syntax unified
 925              		.thumb
 926              		.thumb_func
 928              	JPEGBRC_Init:
 929              	.LFB157:
 470:../../../firmware/n32h7xx_std_periph_driver/src/n32h7xx_jpeg.c **** 
 471:../../../firmware/n32h7xx_std_periph_driver/src/n32h7xx_jpeg.c **** 
 472:../../../firmware/n32h7xx_std_periph_driver/src/n32h7xx_jpeg.c **** /***** JPEG BRC module ****/
 473:../../../firmware/n32h7xx_std_periph_driver/src/n32h7xx_jpeg.c **** /**
 474:../../../firmware/n32h7xx_std_periph_driver/src/n32h7xx_jpeg.c **** *\*\name    JPEGBRC_Init.
 475:../../../firmware/n32h7xx_std_periph_driver/src/n32h7xx_jpeg.c **** *\*\fun     Initializes the JPEG BRC peripheral according to JPEGBRC_InitStruct.
 476:../../../firmware/n32h7xx_std_periph_driver/src/n32h7xx_jpeg.c **** *\*\param   JPEGBRC_InitStruct
 477:../../../firmware/n32h7xx_std_periph_driver/src/n32h7xx_jpeg.c **** *\*\            - buffer_addr
 478:../../../firmware/n32h7xx_std_periph_driver/src/n32h7xx_jpeg.c **** *\*\                - 0x00000000 ~ 0xFFFFFFFF
 479:../../../firmware/n32h7xx_std_periph_driver/src/n32h7xx_jpeg.c **** *\*\            - buffer_size
 480:../../../firmware/n32h7xx_std_periph_driver/src/n32h7xx_jpeg.c **** *\*\                - 0x0000 ~ 0xFFFF
 481:../../../firmware/n32h7xx_std_periph_driver/src/n32h7xx_jpeg.c **** *\*\            - upsample_mode
 482:../../../firmware/n32h7xx_std_periph_driver/src/n32h7xx_jpeg.c **** *\*\                - 0x00 ~ 0x03
 483:../../../firmware/n32h7xx_std_periph_driver/src/n32h7xx_jpeg.c **** *\*\return FlagStatus
 484:../../../firmware/n32h7xx_std_periph_driver/src/n32h7xx_jpeg.c **** *\*\            - ERROR
 485:../../../firmware/n32h7xx_std_periph_driver/src/n32h7xx_jpeg.c **** *\*\            - SUCCESS
 486:../../../firmware/n32h7xx_std_periph_driver/src/n32h7xx_jpeg.c **** **/
 487:../../../firmware/n32h7xx_std_periph_driver/src/n32h7xx_jpeg.c **** ErrorStatus JPEGBRC_Init(JPEGBRC_InitType* JPEGBRC_InitStruct)
 488:../../../firmware/n32h7xx_std_periph_driver/src/n32h7xx_jpeg.c **** {
 930              		.loc 1 488 1
 931              		.cfi_startproc
 932              		@ args = 0, pretend = 0, frame = 16
 933              		@ frame_needed = 1, uses_anonymous_args = 0
 934              		@ link register save eliminated.
 935 0000 80B4     		push	{r7}
 936              	.LCFI58:
 937              		.cfi_def_cfa_offset 4
 938              		.cfi_offset 7, -4
 939 0002 85B0     		sub	sp, sp, #20
 940              	.LCFI59:
 941              		.cfi_def_cfa_offset 24
 942 0004 00AF     		add	r7, sp, #0
 943              	.LCFI60:
 944              		.cfi_def_cfa_register 7
 945 0006 7860     		str	r0, [r7, #4]
 489:../../../firmware/n32h7xx_std_periph_driver/src/n32h7xx_jpeg.c ****     ErrorStatus status_value;
 490:../../../firmware/n32h7xx_std_periph_driver/src/n32h7xx_jpeg.c ****     uint32_t timeout_value = 0x10000;
 946              		.loc 1 490 14
 947 0008 4FF48033 		mov	r3, #65536
ARM GAS  /tmp/cc0DTqI6.s 			page 26


 948 000c BB60     		str	r3, [r7, #8]
 491:../../../firmware/n32h7xx_std_periph_driver/src/n32h7xx_jpeg.c ****     
 492:../../../firmware/n32h7xx_std_periph_driver/src/n32h7xx_jpeg.c ****     /* BRC module init*/
 493:../../../firmware/n32h7xx_std_periph_driver/src/n32h7xx_jpeg.c ****     JPEG_BRC->INIT |= JPEGBRC_INIT_INIT;
 949              		.loc 1 493 13
 950 000e 1B4B     		ldr	r3, .L49
 951 0010 1B68     		ldr	r3, [r3]
 952 0012 1A4A     		ldr	r2, .L49
 953              		.loc 1 493 20
 954 0014 43F00103 		orr	r3, r3, #1
 955 0018 1360     		str	r3, [r2]
 494:../../../firmware/n32h7xx_std_periph_driver/src/n32h7xx_jpeg.c ****     while(timeout_value--)
 956              		.loc 1 494 10
 957 001a 0CE0     		b	.L42
 958              	.L44:
 495:../../../firmware/n32h7xx_std_periph_driver/src/n32h7xx_jpeg.c ****     {
 496:../../../firmware/n32h7xx_std_periph_driver/src/n32h7xx_jpeg.c ****         if((JPEG_BRC->INIT & JPEGBRC_INIT_INITF) == JPEGBRC_INIT_INITF)
 959              		.loc 1 496 21
 960 001c 174B     		ldr	r3, .L49
 961 001e 1B68     		ldr	r3, [r3]
 962              		.loc 1 496 28
 963 0020 03F01003 		and	r3, r3, #16
 964              		.loc 1 496 11
 965 0024 102B     		cmp	r3, #16
 966 0026 06D1     		bne	.L42
 497:../../../firmware/n32h7xx_std_periph_driver/src/n32h7xx_jpeg.c ****         {
 498:../../../firmware/n32h7xx_std_periph_driver/src/n32h7xx_jpeg.c ****             JPEG_BRC->INIT &= (~JPEGBRC_INIT_INIT);
 967              		.loc 1 498 21
 968 0028 144B     		ldr	r3, .L49
 969 002a 1B68     		ldr	r3, [r3]
 970 002c 134A     		ldr	r2, .L49
 971              		.loc 1 498 28
 972 002e 23F00103 		bic	r3, r3, #1
 973 0032 1360     		str	r3, [r2]
 499:../../../firmware/n32h7xx_std_periph_driver/src/n32h7xx_jpeg.c ****             break;
 974              		.loc 1 499 13
 975 0034 04E0     		b	.L43
 976              	.L42:
 494:../../../firmware/n32h7xx_std_periph_driver/src/n32h7xx_jpeg.c ****     {
 977              		.loc 1 494 24
 978 0036 BB68     		ldr	r3, [r7, #8]
 979 0038 5A1E     		subs	r2, r3, #1
 980 003a BA60     		str	r2, [r7, #8]
 494:../../../firmware/n32h7xx_std_periph_driver/src/n32h7xx_jpeg.c ****     {
 981              		.loc 1 494 11
 982 003c 002B     		cmp	r3, #0
 983 003e EDD1     		bne	.L44
 984              	.L43:
 500:../../../firmware/n32h7xx_std_periph_driver/src/n32h7xx_jpeg.c ****         }
 501:../../../firmware/n32h7xx_std_periph_driver/src/n32h7xx_jpeg.c ****     }
 502:../../../firmware/n32h7xx_std_periph_driver/src/n32h7xx_jpeg.c ****     
 503:../../../firmware/n32h7xx_std_periph_driver/src/n32h7xx_jpeg.c ****     if(timeout_value == 0)
 985              		.loc 1 503 7
 986 0040 BB68     		ldr	r3, [r7, #8]
 987 0042 002B     		cmp	r3, #0
 988 0044 02D1     		bne	.L45
 504:../../../firmware/n32h7xx_std_periph_driver/src/n32h7xx_jpeg.c ****     {
ARM GAS  /tmp/cc0DTqI6.s 			page 27


 505:../../../firmware/n32h7xx_std_periph_driver/src/n32h7xx_jpeg.c ****         status_value = ERROR;
 989              		.loc 1 505 22
 990 0046 0023     		movs	r3, #0
 991 0048 FB73     		strb	r3, [r7, #15]
 992 004a 01E0     		b	.L46
 993              	.L45:
 506:../../../firmware/n32h7xx_std_periph_driver/src/n32h7xx_jpeg.c ****     }
 507:../../../firmware/n32h7xx_std_periph_driver/src/n32h7xx_jpeg.c ****     else
 508:../../../firmware/n32h7xx_std_periph_driver/src/n32h7xx_jpeg.c ****     {
 509:../../../firmware/n32h7xx_std_periph_driver/src/n32h7xx_jpeg.c ****         status_value = SUCCESS;
 994              		.loc 1 509 22
 995 004c 0123     		movs	r3, #1
 996 004e FB73     		strb	r3, [r7, #15]
 997              	.L46:
 510:../../../firmware/n32h7xx_std_periph_driver/src/n32h7xx_jpeg.c ****     }
 511:../../../firmware/n32h7xx_std_periph_driver/src/n32h7xx_jpeg.c ****     
 512:../../../firmware/n32h7xx_std_periph_driver/src/n32h7xx_jpeg.c ****     if(status_value == SUCCESS)
 998              		.loc 1 512 7
 999 0050 FB7B     		ldrb	r3, [r7, #15]	@ zero_extendqisi2
 1000 0052 012B     		cmp	r3, #1
 1001 0054 0BD1     		bne	.L47
 513:../../../firmware/n32h7xx_std_periph_driver/src/n32h7xx_jpeg.c ****     {
 514:../../../firmware/n32h7xx_std_periph_driver/src/n32h7xx_jpeg.c ****         JPEG_BRC->BUFBADDR = JPEGBRC_InitStruct->buffer_addr;
 1002              		.loc 1 514 17
 1003 0056 094A     		ldr	r2, .L49
 1004              		.loc 1 514 48
 1005 0058 7B68     		ldr	r3, [r7, #4]
 1006 005a 1B68     		ldr	r3, [r3]
 1007              		.loc 1 514 28
 1008 005c 9360     		str	r3, [r2, #8]
 515:../../../firmware/n32h7xx_std_periph_driver/src/n32h7xx_jpeg.c ****         JPEG_BRC->BUFSIZE  = JPEGBRC_InitStruct->buffer_size;
 1009              		.loc 1 515 17
 1010 005e 074A     		ldr	r2, .L49
 1011              		.loc 1 515 48
 1012 0060 7B68     		ldr	r3, [r7, #4]
 1013 0062 5B68     		ldr	r3, [r3, #4]
 1014              		.loc 1 515 28
 1015 0064 D360     		str	r3, [r2, #12]
 516:../../../firmware/n32h7xx_std_periph_driver/src/n32h7xx_jpeg.c ****         JPEG_BRC->USMODE   = JPEGBRC_InitStruct->upsample_mode;
 1016              		.loc 1 516 17
 1017 0066 054A     		ldr	r2, .L49
 1018              		.loc 1 516 48
 1019 0068 7B68     		ldr	r3, [r7, #4]
 1020 006a 9B68     		ldr	r3, [r3, #8]
 1021              		.loc 1 516 28
 1022 006c 5364     		str	r3, [r2, #68]
 1023              	.L47:
 517:../../../firmware/n32h7xx_std_periph_driver/src/n32h7xx_jpeg.c ****     }
 518:../../../firmware/n32h7xx_std_periph_driver/src/n32h7xx_jpeg.c ****     return status_value;
 1024              		.loc 1 518 12
 1025 006e FB7B     		ldrb	r3, [r7, #15]	@ zero_extendqisi2
 519:../../../firmware/n32h7xx_std_periph_driver/src/n32h7xx_jpeg.c **** }
 1026              		.loc 1 519 1
 1027 0070 1846     		mov	r0, r3
 1028 0072 1437     		adds	r7, r7, #20
 1029              	.LCFI61:
 1030              		.cfi_def_cfa_offset 4
ARM GAS  /tmp/cc0DTqI6.s 			page 28


 1031 0074 BD46     		mov	sp, r7
 1032              	.LCFI62:
 1033              		.cfi_def_cfa_register 13
 1034              		@ sp needed
 1035 0076 80BC     		pop	{r7}
 1036              	.LCFI63:
 1037              		.cfi_restore 7
 1038              		.cfi_def_cfa_offset 0
 1039 0078 7047     		bx	lr
 1040              	.L50:
 1041 007a 00BF     		.align	2
 1042              	.L49:
 1043 007c 00000950 		.word	1342767104
 1044              		.cfi_endproc
 1045              	.LFE157:
 1047              		.section	.text.JPEGBRC_Enable,"ax",%progbits
 1048              		.align	1
 1049              		.global	JPEGBRC_Enable
 1050              		.syntax unified
 1051              		.thumb
 1052              		.thumb_func
 1054              	JPEGBRC_Enable:
 1055              	.LFB158:
 520:../../../firmware/n32h7xx_std_periph_driver/src/n32h7xx_jpeg.c **** 
 521:../../../firmware/n32h7xx_std_periph_driver/src/n32h7xx_jpeg.c **** /**
 522:../../../firmware/n32h7xx_std_periph_driver/src/n32h7xx_jpeg.c **** *\*\name    JPEGBRC_Enable
 523:../../../firmware/n32h7xx_std_periph_driver/src/n32h7xx_jpeg.c **** *\*\fun     Enables or disables the specified JPEGBRC peripheral.
 524:../../../firmware/n32h7xx_std_periph_driver/src/n32h7xx_jpeg.c **** *\*\param   Cmd (The input parameters must be the following values):
 525:../../../firmware/n32h7xx_std_periph_driver/src/n32h7xx_jpeg.c **** *\*\          - ENABLE
 526:../../../firmware/n32h7xx_std_periph_driver/src/n32h7xx_jpeg.c **** *\*\          - DISABLE
 527:../../../firmware/n32h7xx_std_periph_driver/src/n32h7xx_jpeg.c **** *\*\return  none
 528:../../../firmware/n32h7xx_std_periph_driver/src/n32h7xx_jpeg.c **** **/
 529:../../../firmware/n32h7xx_std_periph_driver/src/n32h7xx_jpeg.c **** void JPEGBRC_Enable(FunctionalState Cmd)
 530:../../../firmware/n32h7xx_std_periph_driver/src/n32h7xx_jpeg.c **** {
 1056              		.loc 1 530 1
 1057              		.cfi_startproc
 1058              		@ args = 0, pretend = 0, frame = 8
 1059              		@ frame_needed = 1, uses_anonymous_args = 0
 1060              		@ link register save eliminated.
 1061 0000 80B4     		push	{r7}
 1062              	.LCFI64:
 1063              		.cfi_def_cfa_offset 4
 1064              		.cfi_offset 7, -4
 1065 0002 83B0     		sub	sp, sp, #12
 1066              	.LCFI65:
 1067              		.cfi_def_cfa_offset 16
 1068 0004 00AF     		add	r7, sp, #0
 1069              	.LCFI66:
 1070              		.cfi_def_cfa_register 7
 1071 0006 0346     		mov	r3, r0
 1072 0008 FB71     		strb	r3, [r7, #7]
 531:../../../firmware/n32h7xx_std_periph_driver/src/n32h7xx_jpeg.c ****    if (Cmd != DISABLE)
 1073              		.loc 1 531 7
 1074 000a FB79     		ldrb	r3, [r7, #7]	@ zero_extendqisi2
 1075 000c 002B     		cmp	r3, #0
 1076 000e 06D0     		beq	.L52
 532:../../../firmware/n32h7xx_std_periph_driver/src/n32h7xx_jpeg.c ****     {
ARM GAS  /tmp/cc0DTqI6.s 			page 29


 533:../../../firmware/n32h7xx_std_periph_driver/src/n32h7xx_jpeg.c ****         /* Enable JPEGBRC modelu */
 534:../../../firmware/n32h7xx_std_periph_driver/src/n32h7xx_jpeg.c ****         JPEG_BRC->EN |= JPEGBRC_EN_EN;
 1077              		.loc 1 534 17
 1078 0010 084B     		ldr	r3, .L55
 1079 0012 5B68     		ldr	r3, [r3, #4]
 1080 0014 074A     		ldr	r2, .L55
 1081              		.loc 1 534 22
 1082 0016 43F00103 		orr	r3, r3, #1
 1083 001a 5360     		str	r3, [r2, #4]
 535:../../../firmware/n32h7xx_std_periph_driver/src/n32h7xx_jpeg.c ****     }
 536:../../../firmware/n32h7xx_std_periph_driver/src/n32h7xx_jpeg.c ****     else
 537:../../../firmware/n32h7xx_std_periph_driver/src/n32h7xx_jpeg.c ****     {
 538:../../../firmware/n32h7xx_std_periph_driver/src/n32h7xx_jpeg.c ****         /* Disable JPEGBRC modelu */
 539:../../../firmware/n32h7xx_std_periph_driver/src/n32h7xx_jpeg.c ****         JPEG_BRC->EN &= (~JPEGBRC_EN_EN);
 540:../../../firmware/n32h7xx_std_periph_driver/src/n32h7xx_jpeg.c ****     }
 541:../../../firmware/n32h7xx_std_periph_driver/src/n32h7xx_jpeg.c **** }
 1084              		.loc 1 541 1
 1085 001c 05E0     		b	.L54
 1086              	.L52:
 539:../../../firmware/n32h7xx_std_periph_driver/src/n32h7xx_jpeg.c ****     }
 1087              		.loc 1 539 17
 1088 001e 054B     		ldr	r3, .L55
 1089 0020 5B68     		ldr	r3, [r3, #4]
 1090 0022 044A     		ldr	r2, .L55
 539:../../../firmware/n32h7xx_std_periph_driver/src/n32h7xx_jpeg.c ****     }
 1091              		.loc 1 539 22
 1092 0024 23F00103 		bic	r3, r3, #1
 1093 0028 5360     		str	r3, [r2, #4]
 1094              	.L54:
 1095              		.loc 1 541 1
 1096 002a 00BF     		nop
 1097 002c 0C37     		adds	r7, r7, #12
 1098              	.LCFI67:
 1099              		.cfi_def_cfa_offset 4
 1100 002e BD46     		mov	sp, r7
 1101              	.LCFI68:
 1102              		.cfi_def_cfa_register 13
 1103              		@ sp needed
 1104 0030 80BC     		pop	{r7}
 1105              	.LCFI69:
 1106              		.cfi_restore 7
 1107              		.cfi_def_cfa_offset 0
 1108 0032 7047     		bx	lr
 1109              	.L56:
 1110              		.align	2
 1111              	.L55:
 1112 0034 00000950 		.word	1342767104
 1113              		.cfi_endproc
 1114              	.LFE158:
 1116              		.section	.text.JPEGRBC_Init,"ax",%progbits
 1117              		.align	1
 1118              		.global	JPEGRBC_Init
 1119              		.syntax unified
 1120              		.thumb
 1121              		.thumb_func
 1123              	JPEGRBC_Init:
 1124              	.LFB159:
ARM GAS  /tmp/cc0DTqI6.s 			page 30


 542:../../../firmware/n32h7xx_std_periph_driver/src/n32h7xx_jpeg.c **** 
 543:../../../firmware/n32h7xx_std_periph_driver/src/n32h7xx_jpeg.c **** 
 544:../../../firmware/n32h7xx_std_periph_driver/src/n32h7xx_jpeg.c **** /***** JPEG RBC module ****/
 545:../../../firmware/n32h7xx_std_periph_driver/src/n32h7xx_jpeg.c **** /**
 546:../../../firmware/n32h7xx_std_periph_driver/src/n32h7xx_jpeg.c **** *\*\name    JPEGRBC_Init.
 547:../../../firmware/n32h7xx_std_periph_driver/src/n32h7xx_jpeg.c **** *\*\fun     Initializes the JPEG BRC peripheral according to JPEGRBC_InitStruct.
 548:../../../firmware/n32h7xx_std_periph_driver/src/n32h7xx_jpeg.c **** *\*\param   JPEGRBC_InitStruct
 549:../../../firmware/n32h7xx_std_periph_driver/src/n32h7xx_jpeg.c **** *\*\            - pixel_format
 550:../../../firmware/n32h7xx_std_periph_driver/src/n32h7xx_jpeg.c **** *\*\                - JPEGRBC_4_4_4_NONINTERLEAVED
 551:../../../firmware/n32h7xx_std_periph_driver/src/n32h7xx_jpeg.c **** *\*\                - JPEGRBC_4_2_2_NONINTERLEAVED
 552:../../../firmware/n32h7xx_std_periph_driver/src/n32h7xx_jpeg.c **** *\*\                - JPEGRBC_4_2_0_NONINTERLEAVED
 553:../../../firmware/n32h7xx_std_periph_driver/src/n32h7xx_jpeg.c **** *\*\                - JPEGRBC_MONOCHROME
 554:../../../firmware/n32h7xx_std_periph_driver/src/n32h7xx_jpeg.c **** *\*\                - JPEGRBC_4_4_4_INTERLEAVED
 555:../../../firmware/n32h7xx_std_periph_driver/src/n32h7xx_jpeg.c **** *\*\                - JPEGRBC_4_2_2_INTERLEAVED
 556:../../../firmware/n32h7xx_std_periph_driver/src/n32h7xx_jpeg.c **** *\*\                - JPEGRBC_4_2_0_INTERLEAVED
 557:../../../firmware/n32h7xx_std_periph_driver/src/n32h7xx_jpeg.c **** *\*\            - sample_order
 558:../../../firmware/n32h7xx_std_periph_driver/src/n32h7xx_jpeg.c **** *\*\                - JPEGRBC_MSBSAMPLE
 559:../../../firmware/n32h7xx_std_periph_driver/src/n32h7xx_jpeg.c **** *\*\                - JPEGRBC_LSBSAMPLE
 560:../../../firmware/n32h7xx_std_periph_driver/src/n32h7xx_jpeg.c **** *\*\            - frame_width
 561:../../../firmware/n32h7xx_std_periph_driver/src/n32h7xx_jpeg.c **** *\*\                - 0x0000 ~ 0xFFFF
 562:../../../firmware/n32h7xx_std_periph_driver/src/n32h7xx_jpeg.c **** *\*\            - frame_height
 563:../../../firmware/n32h7xx_std_periph_driver/src/n32h7xx_jpeg.c **** *\*\                - 0x0001 ~ 0x10000
 564:../../../firmware/n32h7xx_std_periph_driver/src/n32h7xx_jpeg.c **** *\*\            - component0names
 565:../../../firmware/n32h7xx_std_periph_driver/src/n32h7xx_jpeg.c **** *\*\                - 0x00 ~ 0xFF
 566:../../../firmware/n32h7xx_std_periph_driver/src/n32h7xx_jpeg.c **** *\*\            - component1names
 567:../../../firmware/n32h7xx_std_periph_driver/src/n32h7xx_jpeg.c **** *\*\                - 0x00 ~ 0xFF
 568:../../../firmware/n32h7xx_std_periph_driver/src/n32h7xx_jpeg.c **** *\*\            - component2names
 569:../../../firmware/n32h7xx_std_periph_driver/src/n32h7xx_jpeg.c **** *\*\                - 0x00 ~ 0xFF
 570:../../../firmware/n32h7xx_std_periph_driver/src/n32h7xx_jpeg.c **** *\*\            - C0startaddress
 571:../../../firmware/n32h7xx_std_periph_driver/src/n32h7xx_jpeg.c **** *\*\                - 0x00000000 ~ 0xFFFFFFFF
 572:../../../firmware/n32h7xx_std_periph_driver/src/n32h7xx_jpeg.c **** *\*\            - C0buffersize
 573:../../../firmware/n32h7xx_std_periph_driver/src/n32h7xx_jpeg.c **** *\*\                - 0x001 ~ 0x400
 574:../../../firmware/n32h7xx_std_periph_driver/src/n32h7xx_jpeg.c **** *\*\return FlagStatus
 575:../../../firmware/n32h7xx_std_periph_driver/src/n32h7xx_jpeg.c **** *\*\            - ERROR
 576:../../../firmware/n32h7xx_std_periph_driver/src/n32h7xx_jpeg.c **** *\*\            - SUCCESS
 577:../../../firmware/n32h7xx_std_periph_driver/src/n32h7xx_jpeg.c **** **/
 578:../../../firmware/n32h7xx_std_periph_driver/src/n32h7xx_jpeg.c **** ErrorStatus JPEGRBC_Init(JPEGRBC_InitType* JPEGRBC_InitStruct)
 579:../../../firmware/n32h7xx_std_periph_driver/src/n32h7xx_jpeg.c **** {
 1125              		.loc 1 579 1
 1126              		.cfi_startproc
 1127              		@ args = 0, pretend = 0, frame = 24
 1128              		@ frame_needed = 1, uses_anonymous_args = 0
 1129              		@ link register save eliminated.
 1130 0000 80B4     		push	{r7}
 1131              	.LCFI70:
 1132              		.cfi_def_cfa_offset 4
 1133              		.cfi_offset 7, -4
 1134 0002 87B0     		sub	sp, sp, #28
 1135              	.LCFI71:
 1136              		.cfi_def_cfa_offset 32
 1137 0004 00AF     		add	r7, sp, #0
 1138              	.LCFI72:
 1139              		.cfi_def_cfa_register 7
 1140 0006 7860     		str	r0, [r7, #4]
 580:../../../firmware/n32h7xx_std_periph_driver/src/n32h7xx_jpeg.c ****     ErrorStatus status_value = SUCCESS;
 1141              		.loc 1 580 17
 1142 0008 0123     		movs	r3, #1
ARM GAS  /tmp/cc0DTqI6.s 			page 31


 1143 000a FB75     		strb	r3, [r7, #23]
 581:../../../firmware/n32h7xx_std_periph_driver/src/n32h7xx_jpeg.c ****     uint32_t timeout_value = 0x10000;
 1144              		.loc 1 581 14
 1145 000c 4FF48033 		mov	r3, #65536
 1146 0010 3B61     		str	r3, [r7, #16]
 582:../../../firmware/n32h7xx_std_periph_driver/src/n32h7xx_jpeg.c ****     uint32_t width_mcus;
 583:../../../firmware/n32h7xx_std_periph_driver/src/n32h7xx_jpeg.c ****     uint32_t height_mcus;
 584:../../../firmware/n32h7xx_std_periph_driver/src/n32h7xx_jpeg.c ****     
 585:../../../firmware/n32h7xx_std_periph_driver/src/n32h7xx_jpeg.c ****     JPEG_RBC->PFORM = JPEGRBC_InitStruct->pixel_format;
 1147              		.loc 1 585 13
 1148 0012 8D4A     		ldr	r2, .L69
 1149              		.loc 1 585 41
 1150 0014 7B68     		ldr	r3, [r7, #4]
 1151 0016 1B68     		ldr	r3, [r3]
 1152              		.loc 1 585 21
 1153 0018 9361     		str	r3, [r2, #24]
 586:../../../firmware/n32h7xx_std_periph_driver/src/n32h7xx_jpeg.c ****     JPEG_RBC->CNAME = (JPEGRBC_InitStruct->component0names | \
 1154              		.loc 1 586 42
 1155 001a 7B68     		ldr	r3, [r7, #4]
 1156 001c 1A69     		ldr	r2, [r3, #16]
 587:../../../firmware/n32h7xx_std_periph_driver/src/n32h7xx_jpeg.c ****                       (JPEGRBC_InitStruct->component1names << REG_BIT8_OFFSET) | \
 1157              		.loc 1 587 42
 1158 001e 7B68     		ldr	r3, [r7, #4]
 1159 0020 5B69     		ldr	r3, [r3, #20]
 1160              		.loc 1 587 60
 1161 0022 1B02     		lsls	r3, r3, #8
 586:../../../firmware/n32h7xx_std_periph_driver/src/n32h7xx_jpeg.c ****     JPEG_RBC->CNAME = (JPEGRBC_InitStruct->component0names | \
 1162              		.loc 1 586 60
 1163 0024 1A43     		orrs	r2, r2, r3
 588:../../../firmware/n32h7xx_std_periph_driver/src/n32h7xx_jpeg.c ****                       (JPEGRBC_InitStruct->component2names << REG_BIT16_OFFSET));
 1164              		.loc 1 588 42
 1165 0026 7B68     		ldr	r3, [r7, #4]
 1166 0028 9B69     		ldr	r3, [r3, #24]
 1167              		.loc 1 588 60
 1168 002a 1B04     		lsls	r3, r3, #16
 586:../../../firmware/n32h7xx_std_periph_driver/src/n32h7xx_jpeg.c ****     JPEG_RBC->CNAME = (JPEGRBC_InitStruct->component0names | \
 1169              		.loc 1 586 13
 1170 002c 8649     		ldr	r1, .L69
 587:../../../firmware/n32h7xx_std_periph_driver/src/n32h7xx_jpeg.c ****                       (JPEGRBC_InitStruct->component1names << REG_BIT8_OFFSET) | \
 1171              		.loc 1 587 80
 1172 002e 1343     		orrs	r3, r3, r2
 586:../../../firmware/n32h7xx_std_periph_driver/src/n32h7xx_jpeg.c ****     JPEG_RBC->CNAME = (JPEGRBC_InitStruct->component0names | \
 1173              		.loc 1 586 21
 1174 0030 CB61     		str	r3, [r1, #28]
 589:../../../firmware/n32h7xx_std_periph_driver/src/n32h7xx_jpeg.c ****     JPEG_RBC->C0SADD = JPEGRBC_InitStruct->C0startaddress;
 1175              		.loc 1 589 13
 1176 0032 854A     		ldr	r2, .L69
 1177              		.loc 1 589 42
 1178 0034 7B68     		ldr	r3, [r7, #4]
 1179 0036 DB69     		ldr	r3, [r3, #28]
 1180              		.loc 1 589 22
 1181 0038 1362     		str	r3, [r2, #32]
 590:../../../firmware/n32h7xx_std_periph_driver/src/n32h7xx_jpeg.c ****     JPEG_RBC->C0EADD = JPEGRBC_InitStruct->C0buffersize;
 1182              		.loc 1 590 13
 1183 003a 834A     		ldr	r2, .L69
 1184              		.loc 1 590 42
 1185 003c 7B68     		ldr	r3, [r7, #4]
ARM GAS  /tmp/cc0DTqI6.s 			page 32


 1186 003e 1B6A     		ldr	r3, [r3, #32]
 1187              		.loc 1 590 22
 1188 0040 5362     		str	r3, [r2, #36]
 591:../../../firmware/n32h7xx_std_periph_driver/src/n32h7xx_jpeg.c ****     JPEG_RBC->FRMH   = JPEGRBC_InitStruct->frame_height - 1;
 1189              		.loc 1 591 42
 1190 0042 7B68     		ldr	r3, [r7, #4]
 1191 0044 DB68     		ldr	r3, [r3, #12]
 1192              		.loc 1 591 13
 1193 0046 804A     		ldr	r2, .L69
 1194              		.loc 1 591 57
 1195 0048 013B     		subs	r3, r3, #1
 1196              		.loc 1 591 22
 1197 004a 1361     		str	r3, [r2, #16]
 592:../../../firmware/n32h7xx_std_periph_driver/src/n32h7xx_jpeg.c ****     JPEG_RBC->HHALF  = ((JPEGRBC_InitStruct->frame_height + 1U) >> REG_BIT1_OFFSET) - 1;
 1198              		.loc 1 592 44
 1199 004c 7B68     		ldr	r3, [r7, #4]
 1200 004e DB68     		ldr	r3, [r3, #12]
 1201              		.loc 1 592 59
 1202 0050 0133     		adds	r3, r3, #1
 1203              		.loc 1 592 65
 1204 0052 5B08     		lsrs	r3, r3, #1
 1205              		.loc 1 592 13
 1206 0054 7C4A     		ldr	r2, .L69
 1207              		.loc 1 592 85
 1208 0056 013B     		subs	r3, r3, #1
 1209              		.loc 1 592 22
 1210 0058 1367     		str	r3, [r2, #112]
 593:../../../firmware/n32h7xx_std_periph_driver/src/n32h7xx_jpeg.c ****     
 594:../../../firmware/n32h7xx_std_periph_driver/src/n32h7xx_jpeg.c ****     if(JPEGRBC_InitStruct->pixel_format == JPEGRBC_4_4_4_NONINTERLEAVED)
 1211              		.loc 1 594 26
 1212 005a 7B68     		ldr	r3, [r7, #4]
 1213 005c 1B68     		ldr	r3, [r3]
 1214              		.loc 1 594 7
 1215 005e 002B     		cmp	r3, #0
 1216 0060 35D1     		bne	.L58
 595:../../../firmware/n32h7xx_std_periph_driver/src/n32h7xx_jpeg.c ****     {
 596:../../../firmware/n32h7xx_std_periph_driver/src/n32h7xx_jpeg.c ****         JPEG_RBC->FRMW   = JPEGRBC_InitStruct->frame_width;
 1217              		.loc 1 596 17
 1218 0062 794A     		ldr	r2, .L69
 1219              		.loc 1 596 46
 1220 0064 7B68     		ldr	r3, [r7, #4]
 1221 0066 9B68     		ldr	r3, [r3, #8]
 1222              		.loc 1 596 26
 1223 0068 D360     		str	r3, [r2, #12]
 597:../../../firmware/n32h7xx_std_periph_driver/src/n32h7xx_jpeg.c ****         /* Round up by multiples of 8 */
 598:../../../firmware/n32h7xx_std_periph_driver/src/n32h7xx_jpeg.c ****         width_mcus = (JPEGRBC_InitStruct->frame_width + 7U) >> (REG_BIT3_OFFSET);
 1224              		.loc 1 598 41
 1225 006a 7B68     		ldr	r3, [r7, #4]
 1226 006c 9B68     		ldr	r3, [r3, #8]
 1227              		.loc 1 598 55
 1228 006e 0733     		adds	r3, r3, #7
 1229              		.loc 1 598 20
 1230 0070 DB08     		lsrs	r3, r3, #3
 1231 0072 FB60     		str	r3, [r7, #12]
 599:../../../firmware/n32h7xx_std_periph_driver/src/n32h7xx_jpeg.c ****         /* Round up by multiples of 8 */
 600:../../../firmware/n32h7xx_std_periph_driver/src/n32h7xx_jpeg.c ****         height_mcus = (JPEGRBC_InitStruct->frame_height + 7U) >> (REG_BIT3_OFFSET);
 1232              		.loc 1 600 42
ARM GAS  /tmp/cc0DTqI6.s 			page 33


 1233 0074 7B68     		ldr	r3, [r7, #4]
 1234 0076 DB68     		ldr	r3, [r3, #12]
 1235              		.loc 1 600 57
 1236 0078 0733     		adds	r3, r3, #7
 1237              		.loc 1 600 21
 1238 007a DB08     		lsrs	r3, r3, #3
 1239 007c BB60     		str	r3, [r7, #8]
 601:../../../firmware/n32h7xx_std_periph_driver/src/n32h7xx_jpeg.c ****         JPEG_RBC->BPS0 = (width_mcus * height_mcus - 1U);
 1240              		.loc 1 601 38
 1241 007e FB68     		ldr	r3, [r7, #12]
 1242 0080 BA68     		ldr	r2, [r7, #8]
 1243 0082 02FB03F3 		mul	r3, r2, r3
 1244              		.loc 1 601 17
 1245 0086 704A     		ldr	r2, .L69
 1246              		.loc 1 601 52
 1247 0088 013B     		subs	r3, r3, #1
 1248              		.loc 1 601 24
 1249 008a 1366     		str	r3, [r2, #96]
 602:../../../firmware/n32h7xx_std_periph_driver/src/n32h7xx_jpeg.c ****         JPEG_RBC->BPS12 = (width_mcus * height_mcus - 1U);
 1250              		.loc 1 602 39
 1251 008c FB68     		ldr	r3, [r7, #12]
 1252 008e BA68     		ldr	r2, [r7, #8]
 1253 0090 02FB03F3 		mul	r3, r2, r3
 1254              		.loc 1 602 17
 1255 0094 6C4A     		ldr	r2, .L69
 1256              		.loc 1 602 53
 1257 0096 013B     		subs	r3, r3, #1
 1258              		.loc 1 602 25
 1259 0098 5366     		str	r3, [r2, #100]
 603:../../../firmware/n32h7xx_std_periph_driver/src/n32h7xx_jpeg.c ****         
 604:../../../firmware/n32h7xx_std_periph_driver/src/n32h7xx_jpeg.c ****         JPEG_RBC->ROWS0 = height_mcus - 1U;
 1260              		.loc 1 604 17
 1261 009a 6B4A     		ldr	r2, .L69
 1262              		.loc 1 604 39
 1263 009c BB68     		ldr	r3, [r7, #8]
 1264 009e 013B     		subs	r3, r3, #1
 1265              		.loc 1 604 25
 1266 00a0 9366     		str	r3, [r2, #104]
 605:../../../firmware/n32h7xx_std_periph_driver/src/n32h7xx_jpeg.c ****         JPEG_RBC->ROWS12 = height_mcus - 1U;
 1267              		.loc 1 605 17
 1268 00a2 694A     		ldr	r2, .L69
 1269              		.loc 1 605 40
 1270 00a4 BB68     		ldr	r3, [r7, #8]
 1271 00a6 013B     		subs	r3, r3, #1
 1272              		.loc 1 605 26
 1273 00a8 D366     		str	r3, [r2, #108]
 606:../../../firmware/n32h7xx_std_periph_driver/src/n32h7xx_jpeg.c ****         
 607:../../../firmware/n32h7xx_std_periph_driver/src/n32h7xx_jpeg.c ****         JPEG_RBC->BLSS0  = width_mcus * 8U;
 1274              		.loc 1 607 17
 1275 00aa 674A     		ldr	r2, .L69
 1276              		.loc 1 607 39
 1277 00ac FB68     		ldr	r3, [r7, #12]
 1278 00ae DB00     		lsls	r3, r3, #3
 1279              		.loc 1 607 26
 1280 00b0 5367     		str	r3, [r2, #116]
 608:../../../firmware/n32h7xx_std_periph_driver/src/n32h7xx_jpeg.c ****         JPEG_RBC->BLSS12  = width_mcus * 8U;
 1281              		.loc 1 608 17
ARM GAS  /tmp/cc0DTqI6.s 			page 34


 1282 00b2 654A     		ldr	r2, .L69
 1283              		.loc 1 608 40
 1284 00b4 FB68     		ldr	r3, [r7, #12]
 1285 00b6 DB00     		lsls	r3, r3, #3
 1286              		.loc 1 608 27
 1287 00b8 9367     		str	r3, [r2, #120]
 609:../../../firmware/n32h7xx_std_periph_driver/src/n32h7xx_jpeg.c ****         
 610:../../../firmware/n32h7xx_std_periph_driver/src/n32h7xx_jpeg.c ****         JPEG_RBC->BPRS0 = (width_mcus - 1U);
 1288              		.loc 1 610 17
 1289 00ba 634A     		ldr	r2, .L69
 1290              		.loc 1 610 39
 1291 00bc FB68     		ldr	r3, [r7, #12]
 1292 00be 013B     		subs	r3, r3, #1
 1293              		.loc 1 610 25
 1294 00c0 D367     		str	r3, [r2, #124]
 611:../../../firmware/n32h7xx_std_periph_driver/src/n32h7xx_jpeg.c ****         JPEG_RBC->BPRS12 = (width_mcus - 1U);
 1295              		.loc 1 611 17
 1296 00c2 614A     		ldr	r2, .L69
 1297              		.loc 1 611 40
 1298 00c4 FB68     		ldr	r3, [r7, #12]
 1299 00c6 013B     		subs	r3, r3, #1
 1300              		.loc 1 611 26
 1301 00c8 C2F88030 		str	r3, [r2, #128]
 1302 00cc 9EE1     		b	.L59
 1303              	.L58:
 612:../../../firmware/n32h7xx_std_periph_driver/src/n32h7xx_jpeg.c ****         
 613:../../../firmware/n32h7xx_std_periph_driver/src/n32h7xx_jpeg.c ****     }
 614:../../../firmware/n32h7xx_std_periph_driver/src/n32h7xx_jpeg.c ****     else if(JPEGRBC_InitStruct->pixel_format == JPEGRBC_4_2_2_NONINTERLEAVED)
 1304              		.loc 1 614 31
 1305 00ce 7B68     		ldr	r3, [r7, #4]
 1306 00d0 1B68     		ldr	r3, [r3]
 1307              		.loc 1 614 12
 1308 00d2 012B     		cmp	r3, #1
 1309 00d4 3AD1     		bne	.L60
 615:../../../firmware/n32h7xx_std_periph_driver/src/n32h7xx_jpeg.c ****     {
 616:../../../firmware/n32h7xx_std_periph_driver/src/n32h7xx_jpeg.c ****         JPEG_RBC->FRMW   = JPEGRBC_InitStruct->frame_width;
 1310              		.loc 1 616 17
 1311 00d6 5C4A     		ldr	r2, .L69
 1312              		.loc 1 616 46
 1313 00d8 7B68     		ldr	r3, [r7, #4]
 1314 00da 9B68     		ldr	r3, [r3, #8]
 1315              		.loc 1 616 26
 1316 00dc D360     		str	r3, [r2, #12]
 617:../../../firmware/n32h7xx_std_periph_driver/src/n32h7xx_jpeg.c ****         /* Round up by multiples of 8 */
 618:../../../firmware/n32h7xx_std_periph_driver/src/n32h7xx_jpeg.c ****         width_mcus = (JPEGRBC_InitStruct->frame_width + 7U) >> (REG_BIT3_OFFSET);
 1317              		.loc 1 618 41
 1318 00de 7B68     		ldr	r3, [r7, #4]
 1319 00e0 9B68     		ldr	r3, [r3, #8]
 1320              		.loc 1 618 55
 1321 00e2 0733     		adds	r3, r3, #7
 1322              		.loc 1 618 20
 1323 00e4 DB08     		lsrs	r3, r3, #3
 1324 00e6 FB60     		str	r3, [r7, #12]
 619:../../../firmware/n32h7xx_std_periph_driver/src/n32h7xx_jpeg.c ****         /* Round up by multiples of 8 */
 620:../../../firmware/n32h7xx_std_periph_driver/src/n32h7xx_jpeg.c ****         height_mcus = (JPEGRBC_InitStruct->frame_height + 7U) >> (REG_BIT3_OFFSET);
 1325              		.loc 1 620 42
 1326 00e8 7B68     		ldr	r3, [r7, #4]
ARM GAS  /tmp/cc0DTqI6.s 			page 35


 1327 00ea DB68     		ldr	r3, [r3, #12]
 1328              		.loc 1 620 57
 1329 00ec 0733     		adds	r3, r3, #7
 1330              		.loc 1 620 21
 1331 00ee DB08     		lsrs	r3, r3, #3
 1332 00f0 BB60     		str	r3, [r7, #8]
 621:../../../firmware/n32h7xx_std_periph_driver/src/n32h7xx_jpeg.c ****         JPEG_RBC->BPS0 = (width_mcus * height_mcus - 1U);
 1333              		.loc 1 621 38
 1334 00f2 FB68     		ldr	r3, [r7, #12]
 1335 00f4 BA68     		ldr	r2, [r7, #8]
 1336 00f6 02FB03F3 		mul	r3, r2, r3
 1337              		.loc 1 621 17
 1338 00fa 534A     		ldr	r2, .L69
 1339              		.loc 1 621 52
 1340 00fc 013B     		subs	r3, r3, #1
 1341              		.loc 1 621 24
 1342 00fe 1366     		str	r3, [r2, #96]
 622:../../../firmware/n32h7xx_std_periph_driver/src/n32h7xx_jpeg.c ****         
 623:../../../firmware/n32h7xx_std_periph_driver/src/n32h7xx_jpeg.c ****         JPEG_RBC->BLSS0  = width_mcus * 8U;
 1343              		.loc 1 623 17
 1344 0100 514A     		ldr	r2, .L69
 1345              		.loc 1 623 39
 1346 0102 FB68     		ldr	r3, [r7, #12]
 1347 0104 DB00     		lsls	r3, r3, #3
 1348              		.loc 1 623 26
 1349 0106 5367     		str	r3, [r2, #116]
 624:../../../firmware/n32h7xx_std_periph_driver/src/n32h7xx_jpeg.c ****         
 625:../../../firmware/n32h7xx_std_periph_driver/src/n32h7xx_jpeg.c ****         JPEG_RBC->BPRS0 = (width_mcus - 1U);
 1350              		.loc 1 625 17
 1351 0108 4F4A     		ldr	r2, .L69
 1352              		.loc 1 625 39
 1353 010a FB68     		ldr	r3, [r7, #12]
 1354 010c 013B     		subs	r3, r3, #1
 1355              		.loc 1 625 25
 1356 010e D367     		str	r3, [r2, #124]
 626:../../../firmware/n32h7xx_std_periph_driver/src/n32h7xx_jpeg.c ****         /* Round up by multiples of 16 */
 627:../../../firmware/n32h7xx_std_periph_driver/src/n32h7xx_jpeg.c ****         width_mcus = (JPEGRBC_InitStruct->frame_width + 15U) >> (REG_BIT4_OFFSET);
 1357              		.loc 1 627 41
 1358 0110 7B68     		ldr	r3, [r7, #4]
 1359 0112 9B68     		ldr	r3, [r3, #8]
 1360              		.loc 1 627 55
 1361 0114 0F33     		adds	r3, r3, #15
 1362              		.loc 1 627 20
 1363 0116 1B09     		lsrs	r3, r3, #4
 1364 0118 FB60     		str	r3, [r7, #12]
 628:../../../firmware/n32h7xx_std_periph_driver/src/n32h7xx_jpeg.c ****         JPEG_RBC->BPS12 = (width_mcus * height_mcus - 1U);
 1365              		.loc 1 628 39
 1366 011a FB68     		ldr	r3, [r7, #12]
 1367 011c BA68     		ldr	r2, [r7, #8]
 1368 011e 02FB03F3 		mul	r3, r2, r3
 1369              		.loc 1 628 17
 1370 0122 494A     		ldr	r2, .L69
 1371              		.loc 1 628 53
 1372 0124 013B     		subs	r3, r3, #1
 1373              		.loc 1 628 25
 1374 0126 5366     		str	r3, [r2, #100]
 629:../../../firmware/n32h7xx_std_periph_driver/src/n32h7xx_jpeg.c ****         
ARM GAS  /tmp/cc0DTqI6.s 			page 36


 630:../../../firmware/n32h7xx_std_periph_driver/src/n32h7xx_jpeg.c ****         JPEG_RBC->ROWS0 = height_mcus - 1U;
 1375              		.loc 1 630 17
 1376 0128 474A     		ldr	r2, .L69
 1377              		.loc 1 630 39
 1378 012a BB68     		ldr	r3, [r7, #8]
 1379 012c 013B     		subs	r3, r3, #1
 1380              		.loc 1 630 25
 1381 012e 9366     		str	r3, [r2, #104]
 631:../../../firmware/n32h7xx_std_periph_driver/src/n32h7xx_jpeg.c ****         JPEG_RBC->ROWS12 = height_mcus - 1U;
 1382              		.loc 1 631 17
 1383 0130 454A     		ldr	r2, .L69
 1384              		.loc 1 631 40
 1385 0132 BB68     		ldr	r3, [r7, #8]
 1386 0134 013B     		subs	r3, r3, #1
 1387              		.loc 1 631 26
 1388 0136 D366     		str	r3, [r2, #108]
 632:../../../firmware/n32h7xx_std_periph_driver/src/n32h7xx_jpeg.c ****         
 633:../../../firmware/n32h7xx_std_periph_driver/src/n32h7xx_jpeg.c ****         JPEG_RBC->BLSS12  = width_mcus * 8U;
 1389              		.loc 1 633 17
 1390 0138 434A     		ldr	r2, .L69
 1391              		.loc 1 633 40
 1392 013a FB68     		ldr	r3, [r7, #12]
 1393 013c DB00     		lsls	r3, r3, #3
 1394              		.loc 1 633 27
 1395 013e 9367     		str	r3, [r2, #120]
 634:../../../firmware/n32h7xx_std_periph_driver/src/n32h7xx_jpeg.c ****         
 635:../../../firmware/n32h7xx_std_periph_driver/src/n32h7xx_jpeg.c ****         JPEG_RBC->BPRS12 = (width_mcus - 1U);
 1396              		.loc 1 635 17
 1397 0140 414A     		ldr	r2, .L69
 1398              		.loc 1 635 40
 1399 0142 FB68     		ldr	r3, [r7, #12]
 1400 0144 013B     		subs	r3, r3, #1
 1401              		.loc 1 635 26
 1402 0146 C2F88030 		str	r3, [r2, #128]
 1403 014a 5FE1     		b	.L59
 1404              	.L60:
 636:../../../firmware/n32h7xx_std_periph_driver/src/n32h7xx_jpeg.c ****     }
 637:../../../firmware/n32h7xx_std_periph_driver/src/n32h7xx_jpeg.c ****     else if(JPEGRBC_InitStruct->pixel_format == JPEGRBC_4_2_0_NONINTERLEAVED)
 1405              		.loc 1 637 31
 1406 014c 7B68     		ldr	r3, [r7, #4]
 1407 014e 1B68     		ldr	r3, [r3]
 1408              		.loc 1 637 12
 1409 0150 022B     		cmp	r3, #2
 1410 0152 3FD1     		bne	.L61
 638:../../../firmware/n32h7xx_std_periph_driver/src/n32h7xx_jpeg.c ****     {
 639:../../../firmware/n32h7xx_std_periph_driver/src/n32h7xx_jpeg.c ****         JPEG_RBC->FRMW   = JPEGRBC_InitStruct->frame_width;
 1411              		.loc 1 639 17
 1412 0154 3C4A     		ldr	r2, .L69
 1413              		.loc 1 639 46
 1414 0156 7B68     		ldr	r3, [r7, #4]
 1415 0158 9B68     		ldr	r3, [r3, #8]
 1416              		.loc 1 639 26
 1417 015a D360     		str	r3, [r2, #12]
 640:../../../firmware/n32h7xx_std_periph_driver/src/n32h7xx_jpeg.c ****         /* Round up by multiples of 8 */
 641:../../../firmware/n32h7xx_std_periph_driver/src/n32h7xx_jpeg.c ****         width_mcus = (JPEGRBC_InitStruct->frame_width + 7U) >> (REG_BIT3_OFFSET);
 1418              		.loc 1 641 41
 1419 015c 7B68     		ldr	r3, [r7, #4]
ARM GAS  /tmp/cc0DTqI6.s 			page 37


 1420 015e 9B68     		ldr	r3, [r3, #8]
 1421              		.loc 1 641 55
 1422 0160 0733     		adds	r3, r3, #7
 1423              		.loc 1 641 20
 1424 0162 DB08     		lsrs	r3, r3, #3
 1425 0164 FB60     		str	r3, [r7, #12]
 642:../../../firmware/n32h7xx_std_periph_driver/src/n32h7xx_jpeg.c ****         /* Round up by multiples of 8 */
 643:../../../firmware/n32h7xx_std_periph_driver/src/n32h7xx_jpeg.c ****         height_mcus = (JPEGRBC_InitStruct->frame_height + 7U) >> (REG_BIT3_OFFSET);
 1426              		.loc 1 643 42
 1427 0166 7B68     		ldr	r3, [r7, #4]
 1428 0168 DB68     		ldr	r3, [r3, #12]
 1429              		.loc 1 643 57
 1430 016a 0733     		adds	r3, r3, #7
 1431              		.loc 1 643 21
 1432 016c DB08     		lsrs	r3, r3, #3
 1433 016e BB60     		str	r3, [r7, #8]
 644:../../../firmware/n32h7xx_std_periph_driver/src/n32h7xx_jpeg.c ****         JPEG_RBC->BPS0 = (width_mcus * height_mcus - 1U);
 1434              		.loc 1 644 38
 1435 0170 FB68     		ldr	r3, [r7, #12]
 1436 0172 BA68     		ldr	r2, [r7, #8]
 1437 0174 02FB03F3 		mul	r3, r2, r3
 1438              		.loc 1 644 17
 1439 0178 334A     		ldr	r2, .L69
 1440              		.loc 1 644 52
 1441 017a 013B     		subs	r3, r3, #1
 1442              		.loc 1 644 24
 1443 017c 1366     		str	r3, [r2, #96]
 645:../../../firmware/n32h7xx_std_periph_driver/src/n32h7xx_jpeg.c ****         
 646:../../../firmware/n32h7xx_std_periph_driver/src/n32h7xx_jpeg.c ****         JPEG_RBC->ROWS0 = height_mcus - 1U;
 1444              		.loc 1 646 17
 1445 017e 324A     		ldr	r2, .L69
 1446              		.loc 1 646 39
 1447 0180 BB68     		ldr	r3, [r7, #8]
 1448 0182 013B     		subs	r3, r3, #1
 1449              		.loc 1 646 25
 1450 0184 9366     		str	r3, [r2, #104]
 647:../../../firmware/n32h7xx_std_periph_driver/src/n32h7xx_jpeg.c ****         
 648:../../../firmware/n32h7xx_std_periph_driver/src/n32h7xx_jpeg.c ****         JPEG_RBC->BLSS0  = width_mcus * 8U;
 1451              		.loc 1 648 17
 1452 0186 304A     		ldr	r2, .L69
 1453              		.loc 1 648 39
 1454 0188 FB68     		ldr	r3, [r7, #12]
 1455 018a DB00     		lsls	r3, r3, #3
 1456              		.loc 1 648 26
 1457 018c 5367     		str	r3, [r2, #116]
 649:../../../firmware/n32h7xx_std_periph_driver/src/n32h7xx_jpeg.c ****         
 650:../../../firmware/n32h7xx_std_periph_driver/src/n32h7xx_jpeg.c ****         JPEG_RBC->BPRS0 = (width_mcus - 1U);
 1458              		.loc 1 650 17
 1459 018e 2E4A     		ldr	r2, .L69
 1460              		.loc 1 650 39
 1461 0190 FB68     		ldr	r3, [r7, #12]
 1462 0192 013B     		subs	r3, r3, #1
 1463              		.loc 1 650 25
 1464 0194 D367     		str	r3, [r2, #124]
 651:../../../firmware/n32h7xx_std_periph_driver/src/n32h7xx_jpeg.c **** 
 652:../../../firmware/n32h7xx_std_periph_driver/src/n32h7xx_jpeg.c ****         /* Round up by multiples of 16 */
 653:../../../firmware/n32h7xx_std_periph_driver/src/n32h7xx_jpeg.c ****         width_mcus = (JPEGRBC_InitStruct->frame_width + 15U) >> (REG_BIT4_OFFSET);
ARM GAS  /tmp/cc0DTqI6.s 			page 38


 1465              		.loc 1 653 41
 1466 0196 7B68     		ldr	r3, [r7, #4]
 1467 0198 9B68     		ldr	r3, [r3, #8]
 1468              		.loc 1 653 55
 1469 019a 0F33     		adds	r3, r3, #15
 1470              		.loc 1 653 20
 1471 019c 1B09     		lsrs	r3, r3, #4
 1472 019e FB60     		str	r3, [r7, #12]
 654:../../../firmware/n32h7xx_std_periph_driver/src/n32h7xx_jpeg.c ****         /* Round up by multiples of 16 */
 655:../../../firmware/n32h7xx_std_periph_driver/src/n32h7xx_jpeg.c ****         height_mcus = (JPEGRBC_InitStruct->frame_height + 15U) >> (REG_BIT4_OFFSET);
 1473              		.loc 1 655 42
 1474 01a0 7B68     		ldr	r3, [r7, #4]
 1475 01a2 DB68     		ldr	r3, [r3, #12]
 1476              		.loc 1 655 57
 1477 01a4 0F33     		adds	r3, r3, #15
 1478              		.loc 1 655 21
 1479 01a6 1B09     		lsrs	r3, r3, #4
 1480 01a8 BB60     		str	r3, [r7, #8]
 656:../../../firmware/n32h7xx_std_periph_driver/src/n32h7xx_jpeg.c ****         JPEG_RBC->BPS12 = (width_mcus * height_mcus - 1U);
 1481              		.loc 1 656 39
 1482 01aa FB68     		ldr	r3, [r7, #12]
 1483 01ac BA68     		ldr	r2, [r7, #8]
 1484 01ae 02FB03F3 		mul	r3, r2, r3
 1485              		.loc 1 656 17
 1486 01b2 254A     		ldr	r2, .L69
 1487              		.loc 1 656 53
 1488 01b4 013B     		subs	r3, r3, #1
 1489              		.loc 1 656 25
 1490 01b6 5366     		str	r3, [r2, #100]
 657:../../../firmware/n32h7xx_std_periph_driver/src/n32h7xx_jpeg.c ****         
 658:../../../firmware/n32h7xx_std_periph_driver/src/n32h7xx_jpeg.c ****         JPEG_RBC->ROWS12 = height_mcus - 1U;
 1491              		.loc 1 658 17
 1492 01b8 234A     		ldr	r2, .L69
 1493              		.loc 1 658 40
 1494 01ba BB68     		ldr	r3, [r7, #8]
 1495 01bc 013B     		subs	r3, r3, #1
 1496              		.loc 1 658 26
 1497 01be D366     		str	r3, [r2, #108]
 659:../../../firmware/n32h7xx_std_periph_driver/src/n32h7xx_jpeg.c ****         
 660:../../../firmware/n32h7xx_std_periph_driver/src/n32h7xx_jpeg.c ****         JPEG_RBC->BLSS12  = width_mcus * 8U;
 1498              		.loc 1 660 17
 1499 01c0 214A     		ldr	r2, .L69
 1500              		.loc 1 660 40
 1501 01c2 FB68     		ldr	r3, [r7, #12]
 1502 01c4 DB00     		lsls	r3, r3, #3
 1503              		.loc 1 660 27
 1504 01c6 9367     		str	r3, [r2, #120]
 661:../../../firmware/n32h7xx_std_periph_driver/src/n32h7xx_jpeg.c ****         
 662:../../../firmware/n32h7xx_std_periph_driver/src/n32h7xx_jpeg.c ****         JPEG_RBC->BPRS12 = (width_mcus - 1U);
 1505              		.loc 1 662 17
 1506 01c8 1F4A     		ldr	r2, .L69
 1507              		.loc 1 662 40
 1508 01ca FB68     		ldr	r3, [r7, #12]
 1509 01cc 013B     		subs	r3, r3, #1
 1510              		.loc 1 662 26
 1511 01ce C2F88030 		str	r3, [r2, #128]
 1512 01d2 1BE1     		b	.L59
ARM GAS  /tmp/cc0DTqI6.s 			page 39


 1513              	.L61:
 663:../../../firmware/n32h7xx_std_periph_driver/src/n32h7xx_jpeg.c ****     }
 664:../../../firmware/n32h7xx_std_periph_driver/src/n32h7xx_jpeg.c ****     else if(JPEGRBC_InitStruct->pixel_format == JPEGRBC_MONOCHROME)
 1514              		.loc 1 664 31
 1515 01d4 7B68     		ldr	r3, [r7, #4]
 1516 01d6 1B68     		ldr	r3, [r3]
 1517              		.loc 1 664 12
 1518 01d8 032B     		cmp	r3, #3
 1519 01da 37D1     		bne	.L62
 665:../../../firmware/n32h7xx_std_periph_driver/src/n32h7xx_jpeg.c ****     {
 666:../../../firmware/n32h7xx_std_periph_driver/src/n32h7xx_jpeg.c ****         JPEG_RBC->FRMW   = JPEGRBC_InitStruct->frame_width;
 1520              		.loc 1 666 17
 1521 01dc 1A4A     		ldr	r2, .L69
 1522              		.loc 1 666 46
 1523 01de 7B68     		ldr	r3, [r7, #4]
 1524 01e0 9B68     		ldr	r3, [r3, #8]
 1525              		.loc 1 666 26
 1526 01e2 D360     		str	r3, [r2, #12]
 667:../../../firmware/n32h7xx_std_periph_driver/src/n32h7xx_jpeg.c ****         /* Round up by multiples of 8 */
 668:../../../firmware/n32h7xx_std_periph_driver/src/n32h7xx_jpeg.c ****         width_mcus = (JPEGRBC_InitStruct->frame_width + 7U) >> (REG_BIT3_OFFSET);
 1527              		.loc 1 668 41
 1528 01e4 7B68     		ldr	r3, [r7, #4]
 1529 01e6 9B68     		ldr	r3, [r3, #8]
 1530              		.loc 1 668 55
 1531 01e8 0733     		adds	r3, r3, #7
 1532              		.loc 1 668 20
 1533 01ea DB08     		lsrs	r3, r3, #3
 1534 01ec FB60     		str	r3, [r7, #12]
 669:../../../firmware/n32h7xx_std_periph_driver/src/n32h7xx_jpeg.c ****         /* Round up by multiples of 8 */
 670:../../../firmware/n32h7xx_std_periph_driver/src/n32h7xx_jpeg.c ****         height_mcus = (JPEGRBC_InitStruct->frame_height + 7U) >> (REG_BIT3_OFFSET);
 1535              		.loc 1 670 42
 1536 01ee 7B68     		ldr	r3, [r7, #4]
 1537 01f0 DB68     		ldr	r3, [r3, #12]
 1538              		.loc 1 670 57
 1539 01f2 0733     		adds	r3, r3, #7
 1540              		.loc 1 670 21
 1541 01f4 DB08     		lsrs	r3, r3, #3
 1542 01f6 BB60     		str	r3, [r7, #8]
 671:../../../firmware/n32h7xx_std_periph_driver/src/n32h7xx_jpeg.c ****         JPEG_RBC->BPS0 = (width_mcus * height_mcus - 1U);
 1543              		.loc 1 671 38
 1544 01f8 FB68     		ldr	r3, [r7, #12]
 1545 01fa BA68     		ldr	r2, [r7, #8]
 1546 01fc 02FB03F3 		mul	r3, r2, r3
 1547              		.loc 1 671 17
 1548 0200 114A     		ldr	r2, .L69
 1549              		.loc 1 671 52
 1550 0202 013B     		subs	r3, r3, #1
 1551              		.loc 1 671 24
 1552 0204 1366     		str	r3, [r2, #96]
 672:../../../firmware/n32h7xx_std_periph_driver/src/n32h7xx_jpeg.c ****         JPEG_RBC->BPS12 = (width_mcus * height_mcus - 1U);
 1553              		.loc 1 672 39
 1554 0206 FB68     		ldr	r3, [r7, #12]
 1555 0208 BA68     		ldr	r2, [r7, #8]
 1556 020a 02FB03F3 		mul	r3, r2, r3
 1557              		.loc 1 672 17
 1558 020e 0E4A     		ldr	r2, .L69
 1559              		.loc 1 672 53
ARM GAS  /tmp/cc0DTqI6.s 			page 40


 1560 0210 013B     		subs	r3, r3, #1
 1561              		.loc 1 672 25
 1562 0212 5366     		str	r3, [r2, #100]
 673:../../../firmware/n32h7xx_std_periph_driver/src/n32h7xx_jpeg.c ****         
 674:../../../firmware/n32h7xx_std_periph_driver/src/n32h7xx_jpeg.c ****         JPEG_RBC->ROWS0 = height_mcus - 1U;
 1563              		.loc 1 674 17
 1564 0214 0C4A     		ldr	r2, .L69
 1565              		.loc 1 674 39
 1566 0216 BB68     		ldr	r3, [r7, #8]
 1567 0218 013B     		subs	r3, r3, #1
 1568              		.loc 1 674 25
 1569 021a 9366     		str	r3, [r2, #104]
 675:../../../firmware/n32h7xx_std_periph_driver/src/n32h7xx_jpeg.c ****         JPEG_RBC->ROWS12 = height_mcus - 1U;
 1570              		.loc 1 675 17
 1571 021c 0A4A     		ldr	r2, .L69
 1572              		.loc 1 675 40
 1573 021e BB68     		ldr	r3, [r7, #8]
 1574 0220 013B     		subs	r3, r3, #1
 1575              		.loc 1 675 26
 1576 0222 D366     		str	r3, [r2, #108]
 676:../../../firmware/n32h7xx_std_periph_driver/src/n32h7xx_jpeg.c ****         
 677:../../../firmware/n32h7xx_std_periph_driver/src/n32h7xx_jpeg.c ****         JPEG_RBC->BPRS0 = (width_mcus - 1U);
 1577              		.loc 1 677 17
 1578 0224 084A     		ldr	r2, .L69
 1579              		.loc 1 677 39
 1580 0226 FB68     		ldr	r3, [r7, #12]
 1581 0228 013B     		subs	r3, r3, #1
 1582              		.loc 1 677 25
 1583 022a D367     		str	r3, [r2, #124]
 678:../../../firmware/n32h7xx_std_periph_driver/src/n32h7xx_jpeg.c ****         JPEG_RBC->BPRS12 = (width_mcus - 1U);
 1584              		.loc 1 678 17
 1585 022c 064A     		ldr	r2, .L69
 1586              		.loc 1 678 40
 1587 022e FB68     		ldr	r3, [r7, #12]
 1588 0230 013B     		subs	r3, r3, #1
 1589              		.loc 1 678 26
 1590 0232 C2F88030 		str	r3, [r2, #128]
 679:../../../firmware/n32h7xx_std_periph_driver/src/n32h7xx_jpeg.c ****         
 680:../../../firmware/n32h7xx_std_periph_driver/src/n32h7xx_jpeg.c ****         JPEG_RBC->BLSS0  = width_mcus * 8U;
 1591              		.loc 1 680 17
 1592 0236 044A     		ldr	r2, .L69
 1593              		.loc 1 680 39
 1594 0238 FB68     		ldr	r3, [r7, #12]
 1595 023a DB00     		lsls	r3, r3, #3
 1596              		.loc 1 680 26
 1597 023c 5367     		str	r3, [r2, #116]
 681:../../../firmware/n32h7xx_std_periph_driver/src/n32h7xx_jpeg.c ****         JPEG_RBC->BLSS12  = width_mcus * 8U;
 1598              		.loc 1 681 17
 1599 023e 024A     		ldr	r2, .L69
 1600              		.loc 1 681 40
 1601 0240 FB68     		ldr	r3, [r7, #12]
 1602 0242 DB00     		lsls	r3, r3, #3
 1603              		.loc 1 681 27
 1604 0244 9367     		str	r3, [r2, #120]
 1605 0246 E1E0     		b	.L59
 1606              	.L70:
 1607              		.align	2
ARM GAS  /tmp/cc0DTqI6.s 			page 41


 1608              	.L69:
 1609 0248 00000750 		.word	1342636032
 1610              	.L62:
 682:../../../firmware/n32h7xx_std_periph_driver/src/n32h7xx_jpeg.c ****     }
 683:../../../firmware/n32h7xx_std_periph_driver/src/n32h7xx_jpeg.c ****     else if(JPEGRBC_InitStruct->pixel_format == JPEGRBC_4_4_4_INTERLEAVED)
 1611              		.loc 1 683 31
 1612 024c 7B68     		ldr	r3, [r7, #4]
 1613 024e 1B68     		ldr	r3, [r3]
 1614              		.loc 1 683 12
 1615 0250 042B     		cmp	r3, #4
 1616 0252 4AD1     		bne	.L63
 684:../../../firmware/n32h7xx_std_periph_driver/src/n32h7xx_jpeg.c ****     {
 685:../../../firmware/n32h7xx_std_periph_driver/src/n32h7xx_jpeg.c ****         JPEG_RBC->FRMW   = JPEGRBC_InitStruct->frame_width * 3U;
 1617              		.loc 1 685 46
 1618 0254 7B68     		ldr	r3, [r7, #4]
 1619 0256 9A68     		ldr	r2, [r3, #8]
 1620              		.loc 1 685 17
 1621 0258 7D49     		ldr	r1, .L71
 1622              		.loc 1 685 60
 1623 025a 1346     		mov	r3, r2
 1624 025c 5B00     		lsls	r3, r3, #1
 1625 025e 1344     		add	r3, r3, r2
 1626              		.loc 1 685 26
 1627 0260 CB60     		str	r3, [r1, #12]
 686:../../../firmware/n32h7xx_std_periph_driver/src/n32h7xx_jpeg.c ****         /* Round up by multiples of 8 */
 687:../../../firmware/n32h7xx_std_periph_driver/src/n32h7xx_jpeg.c ****         width_mcus = (JPEGRBC_InitStruct->frame_width + 7U) >> (REG_BIT3_OFFSET);
 1628              		.loc 1 687 41
 1629 0262 7B68     		ldr	r3, [r7, #4]
 1630 0264 9B68     		ldr	r3, [r3, #8]
 1631              		.loc 1 687 55
 1632 0266 0733     		adds	r3, r3, #7
 1633              		.loc 1 687 20
 1634 0268 DB08     		lsrs	r3, r3, #3
 1635 026a FB60     		str	r3, [r7, #12]
 688:../../../firmware/n32h7xx_std_periph_driver/src/n32h7xx_jpeg.c ****         /* Round up by multiples of 8 */
 689:../../../firmware/n32h7xx_std_periph_driver/src/n32h7xx_jpeg.c ****         height_mcus = (JPEGRBC_InitStruct->frame_height + 7U) >> (REG_BIT3_OFFSET);
 1636              		.loc 1 689 42
 1637 026c 7B68     		ldr	r3, [r7, #4]
 1638 026e DB68     		ldr	r3, [r3, #12]
 1639              		.loc 1 689 57
 1640 0270 0733     		adds	r3, r3, #7
 1641              		.loc 1 689 21
 1642 0272 DB08     		lsrs	r3, r3, #3
 1643 0274 BB60     		str	r3, [r7, #8]
 690:../../../firmware/n32h7xx_std_periph_driver/src/n32h7xx_jpeg.c ****         JPEG_RBC->BPS0 = (width_mcus * height_mcus *3U - 1U);
 1644              		.loc 1 690 38
 1645 0276 FB68     		ldr	r3, [r7, #12]
 1646 0278 BA68     		ldr	r2, [r7, #8]
 1647 027a 03FB02F2 		mul	r2, r3, r2
 1648              		.loc 1 690 52
 1649 027e 1346     		mov	r3, r2
 1650 0280 5B00     		lsls	r3, r3, #1
 1651 0282 1344     		add	r3, r3, r2
 1652              		.loc 1 690 17
 1653 0284 724A     		ldr	r2, .L71
 1654              		.loc 1 690 56
 1655 0286 013B     		subs	r3, r3, #1
ARM GAS  /tmp/cc0DTqI6.s 			page 42


 1656              		.loc 1 690 24
 1657 0288 1366     		str	r3, [r2, #96]
 691:../../../firmware/n32h7xx_std_periph_driver/src/n32h7xx_jpeg.c ****         JPEG_RBC->BPS12 = (width_mcus * height_mcus *3U - 1U);
 1658              		.loc 1 691 39
 1659 028a FB68     		ldr	r3, [r7, #12]
 1660 028c BA68     		ldr	r2, [r7, #8]
 1661 028e 03FB02F2 		mul	r2, r3, r2
 1662              		.loc 1 691 53
 1663 0292 1346     		mov	r3, r2
 1664 0294 5B00     		lsls	r3, r3, #1
 1665 0296 1344     		add	r3, r3, r2
 1666              		.loc 1 691 17
 1667 0298 6D4A     		ldr	r2, .L71
 1668              		.loc 1 691 57
 1669 029a 013B     		subs	r3, r3, #1
 1670              		.loc 1 691 25
 1671 029c 5366     		str	r3, [r2, #100]
 692:../../../firmware/n32h7xx_std_periph_driver/src/n32h7xx_jpeg.c ****         
 693:../../../firmware/n32h7xx_std_periph_driver/src/n32h7xx_jpeg.c ****         JPEG_RBC->ROWS0 = height_mcus - 1U;
 1672              		.loc 1 693 17
 1673 029e 6C4A     		ldr	r2, .L71
 1674              		.loc 1 693 39
 1675 02a0 BB68     		ldr	r3, [r7, #8]
 1676 02a2 013B     		subs	r3, r3, #1
 1677              		.loc 1 693 25
 1678 02a4 9366     		str	r3, [r2, #104]
 694:../../../firmware/n32h7xx_std_periph_driver/src/n32h7xx_jpeg.c ****         JPEG_RBC->ROWS12 = height_mcus - 1U;
 1679              		.loc 1 694 17
 1680 02a6 6A4A     		ldr	r2, .L71
 1681              		.loc 1 694 40
 1682 02a8 BB68     		ldr	r3, [r7, #8]
 1683 02aa 013B     		subs	r3, r3, #1
 1684              		.loc 1 694 26
 1685 02ac D366     		str	r3, [r2, #108]
 695:../../../firmware/n32h7xx_std_periph_driver/src/n32h7xx_jpeg.c ****         
 696:../../../firmware/n32h7xx_std_periph_driver/src/n32h7xx_jpeg.c ****         JPEG_RBC->BLSS0  = width_mcus * 8U * 3U;
 1686              		.loc 1 696 17
 1687 02ae 6849     		ldr	r1, .L71
 1688              		.loc 1 696 44
 1689 02b0 FA68     		ldr	r2, [r7, #12]
 1690 02b2 1346     		mov	r3, r2
 1691 02b4 5B00     		lsls	r3, r3, #1
 1692 02b6 1344     		add	r3, r3, r2
 1693 02b8 DB00     		lsls	r3, r3, #3
 1694              		.loc 1 696 26
 1695 02ba 4B67     		str	r3, [r1, #116]
 697:../../../firmware/n32h7xx_std_periph_driver/src/n32h7xx_jpeg.c ****         JPEG_RBC->BLSS12  = width_mcus * 8U * 3U;
 1696              		.loc 1 697 17
 1697 02bc 6449     		ldr	r1, .L71
 1698              		.loc 1 697 45
 1699 02be FA68     		ldr	r2, [r7, #12]
 1700 02c0 1346     		mov	r3, r2
 1701 02c2 5B00     		lsls	r3, r3, #1
 1702 02c4 1344     		add	r3, r3, r2
 1703 02c6 DB00     		lsls	r3, r3, #3
 1704              		.loc 1 697 27
 1705 02c8 8B67     		str	r3, [r1, #120]
ARM GAS  /tmp/cc0DTqI6.s 			page 43


 698:../../../firmware/n32h7xx_std_periph_driver/src/n32h7xx_jpeg.c ****         
 699:../../../firmware/n32h7xx_std_periph_driver/src/n32h7xx_jpeg.c ****         JPEG_RBC->BPRS0 = (width_mcus * 3U - 1U);
 1706              		.loc 1 699 39
 1707 02ca FA68     		ldr	r2, [r7, #12]
 1708 02cc 1346     		mov	r3, r2
 1709 02ce 5B00     		lsls	r3, r3, #1
 1710 02d0 1344     		add	r3, r3, r2
 1711              		.loc 1 699 17
 1712 02d2 5F4A     		ldr	r2, .L71
 1713              		.loc 1 699 44
 1714 02d4 013B     		subs	r3, r3, #1
 1715              		.loc 1 699 25
 1716 02d6 D367     		str	r3, [r2, #124]
 700:../../../firmware/n32h7xx_std_periph_driver/src/n32h7xx_jpeg.c ****         JPEG_RBC->BPRS12 = (width_mcus * 3U - 1U);
 1717              		.loc 1 700 40
 1718 02d8 FA68     		ldr	r2, [r7, #12]
 1719 02da 1346     		mov	r3, r2
 1720 02dc 5B00     		lsls	r3, r3, #1
 1721 02de 1344     		add	r3, r3, r2
 1722              		.loc 1 700 17
 1723 02e0 5B4A     		ldr	r2, .L71
 1724              		.loc 1 700 45
 1725 02e2 013B     		subs	r3, r3, #1
 1726              		.loc 1 700 26
 1727 02e4 C2F88030 		str	r3, [r2, #128]
 1728 02e8 90E0     		b	.L59
 1729              	.L63:
 701:../../../firmware/n32h7xx_std_periph_driver/src/n32h7xx_jpeg.c ****     }
 702:../../../firmware/n32h7xx_std_periph_driver/src/n32h7xx_jpeg.c ****     else if(JPEGRBC_InitStruct->pixel_format == JPEGRBC_4_2_2_INTERLEAVED)
 1730              		.loc 1 702 31
 1731 02ea 7B68     		ldr	r3, [r7, #4]
 1732 02ec 1B68     		ldr	r3, [r3]
 1733              		.loc 1 702 12
 1734 02ee 052B     		cmp	r3, #5
 1735 02f0 3AD1     		bne	.L64
 703:../../../firmware/n32h7xx_std_periph_driver/src/n32h7xx_jpeg.c ****     {
 704:../../../firmware/n32h7xx_std_periph_driver/src/n32h7xx_jpeg.c ****         JPEG_RBC->FRMW   = JPEGRBC_InitStruct->frame_width * 2U;
 1736              		.loc 1 704 46
 1737 02f2 7B68     		ldr	r3, [r7, #4]
 1738 02f4 9B68     		ldr	r3, [r3, #8]
 1739              		.loc 1 704 17
 1740 02f6 564A     		ldr	r2, .L71
 1741              		.loc 1 704 60
 1742 02f8 5B00     		lsls	r3, r3, #1
 1743              		.loc 1 704 26
 1744 02fa D360     		str	r3, [r2, #12]
 705:../../../firmware/n32h7xx_std_periph_driver/src/n32h7xx_jpeg.c ****         /* Round up by multiples of 16 */
 706:../../../firmware/n32h7xx_std_periph_driver/src/n32h7xx_jpeg.c ****         width_mcus = (JPEGRBC_InitStruct->frame_width + 15U) >> (REG_BIT4_OFFSET);
 1745              		.loc 1 706 41
 1746 02fc 7B68     		ldr	r3, [r7, #4]
 1747 02fe 9B68     		ldr	r3, [r3, #8]
 1748              		.loc 1 706 55
 1749 0300 0F33     		adds	r3, r3, #15
 1750              		.loc 1 706 20
 1751 0302 1B09     		lsrs	r3, r3, #4
 1752 0304 FB60     		str	r3, [r7, #12]
 707:../../../firmware/n32h7xx_std_periph_driver/src/n32h7xx_jpeg.c ****         /* Round up by multiples of 8 */
ARM GAS  /tmp/cc0DTqI6.s 			page 44


 708:../../../firmware/n32h7xx_std_periph_driver/src/n32h7xx_jpeg.c ****         height_mcus = (JPEGRBC_InitStruct->frame_height + 7U) >> (REG_BIT3_OFFSET);
 1753              		.loc 1 708 42
 1754 0306 7B68     		ldr	r3, [r7, #4]
 1755 0308 DB68     		ldr	r3, [r3, #12]
 1756              		.loc 1 708 57
 1757 030a 0733     		adds	r3, r3, #7
 1758              		.loc 1 708 21
 1759 030c DB08     		lsrs	r3, r3, #3
 1760 030e BB60     		str	r3, [r7, #8]
 709:../../../firmware/n32h7xx_std_periph_driver/src/n32h7xx_jpeg.c ****         JPEG_RBC->BPS0 = (width_mcus * height_mcus *4U - 1U);
 1761              		.loc 1 709 38
 1762 0310 FB68     		ldr	r3, [r7, #12]
 1763 0312 BA68     		ldr	r2, [r7, #8]
 1764 0314 02FB03F3 		mul	r3, r2, r3
 1765              		.loc 1 709 52
 1766 0318 9B00     		lsls	r3, r3, #2
 1767              		.loc 1 709 17
 1768 031a 4D4A     		ldr	r2, .L71
 1769              		.loc 1 709 56
 1770 031c 013B     		subs	r3, r3, #1
 1771              		.loc 1 709 24
 1772 031e 1366     		str	r3, [r2, #96]
 710:../../../firmware/n32h7xx_std_periph_driver/src/n32h7xx_jpeg.c ****         JPEG_RBC->BPS12 = (width_mcus * height_mcus *4U - 1U);
 1773              		.loc 1 710 39
 1774 0320 FB68     		ldr	r3, [r7, #12]
 1775 0322 BA68     		ldr	r2, [r7, #8]
 1776 0324 02FB03F3 		mul	r3, r2, r3
 1777              		.loc 1 710 53
 1778 0328 9B00     		lsls	r3, r3, #2
 1779              		.loc 1 710 17
 1780 032a 494A     		ldr	r2, .L71
 1781              		.loc 1 710 57
 1782 032c 013B     		subs	r3, r3, #1
 1783              		.loc 1 710 25
 1784 032e 5366     		str	r3, [r2, #100]
 711:../../../firmware/n32h7xx_std_periph_driver/src/n32h7xx_jpeg.c ****         
 712:../../../firmware/n32h7xx_std_periph_driver/src/n32h7xx_jpeg.c ****         JPEG_RBC->ROWS0 = height_mcus - 1U;
 1785              		.loc 1 712 17
 1786 0330 474A     		ldr	r2, .L71
 1787              		.loc 1 712 39
 1788 0332 BB68     		ldr	r3, [r7, #8]
 1789 0334 013B     		subs	r3, r3, #1
 1790              		.loc 1 712 25
 1791 0336 9366     		str	r3, [r2, #104]
 713:../../../firmware/n32h7xx_std_periph_driver/src/n32h7xx_jpeg.c ****         JPEG_RBC->ROWS12 = height_mcus - 1U;
 1792              		.loc 1 713 17
 1793 0338 454A     		ldr	r2, .L71
 1794              		.loc 1 713 40
 1795 033a BB68     		ldr	r3, [r7, #8]
 1796 033c 013B     		subs	r3, r3, #1
 1797              		.loc 1 713 26
 1798 033e D366     		str	r3, [r2, #108]
 714:../../../firmware/n32h7xx_std_periph_driver/src/n32h7xx_jpeg.c ****         
 715:../../../firmware/n32h7xx_std_periph_driver/src/n32h7xx_jpeg.c ****         JPEG_RBC->BLSS0  = width_mcus * 8 * 4U;
 1799              		.loc 1 715 17
 1800 0340 434A     		ldr	r2, .L71
 1801              		.loc 1 715 43
ARM GAS  /tmp/cc0DTqI6.s 			page 45


 1802 0342 FB68     		ldr	r3, [r7, #12]
 1803 0344 5B01     		lsls	r3, r3, #5
 1804              		.loc 1 715 26
 1805 0346 5367     		str	r3, [r2, #116]
 716:../../../firmware/n32h7xx_std_periph_driver/src/n32h7xx_jpeg.c ****         JPEG_RBC->BLSS12  = width_mcus * 8 * 4U;
 1806              		.loc 1 716 17
 1807 0348 414A     		ldr	r2, .L71
 1808              		.loc 1 716 44
 1809 034a FB68     		ldr	r3, [r7, #12]
 1810 034c 5B01     		lsls	r3, r3, #5
 1811              		.loc 1 716 27
 1812 034e 9367     		str	r3, [r2, #120]
 717:../../../firmware/n32h7xx_std_periph_driver/src/n32h7xx_jpeg.c ****         
 718:../../../firmware/n32h7xx_std_periph_driver/src/n32h7xx_jpeg.c ****         JPEG_RBC->BPRS0 = (width_mcus * 4U - 1U);
 1813              		.loc 1 718 39
 1814 0350 FB68     		ldr	r3, [r7, #12]
 1815 0352 9B00     		lsls	r3, r3, #2
 1816              		.loc 1 718 17
 1817 0354 3E4A     		ldr	r2, .L71
 1818              		.loc 1 718 44
 1819 0356 013B     		subs	r3, r3, #1
 1820              		.loc 1 718 25
 1821 0358 D367     		str	r3, [r2, #124]
 719:../../../firmware/n32h7xx_std_periph_driver/src/n32h7xx_jpeg.c ****         JPEG_RBC->BPRS12 = (width_mcus * 4U - 1U);
 1822              		.loc 1 719 40
 1823 035a FB68     		ldr	r3, [r7, #12]
 1824 035c 9B00     		lsls	r3, r3, #2
 1825              		.loc 1 719 17
 1826 035e 3C4A     		ldr	r2, .L71
 1827              		.loc 1 719 45
 1828 0360 013B     		subs	r3, r3, #1
 1829              		.loc 1 719 26
 1830 0362 C2F88030 		str	r3, [r2, #128]
 1831 0366 51E0     		b	.L59
 1832              	.L64:
 720:../../../firmware/n32h7xx_std_periph_driver/src/n32h7xx_jpeg.c ****     }
 721:../../../firmware/n32h7xx_std_periph_driver/src/n32h7xx_jpeg.c ****     else if(JPEGRBC_InitStruct->pixel_format == JPEGRBC_4_2_0_INTERLEAVED)
 1833              		.loc 1 721 31
 1834 0368 7B68     		ldr	r3, [r7, #4]
 1835 036a 1B68     		ldr	r3, [r3]
 1836              		.loc 1 721 12
 1837 036c 062B     		cmp	r3, #6
 1838 036e 4DD1     		bne	.L59
 722:../../../firmware/n32h7xx_std_periph_driver/src/n32h7xx_jpeg.c ****     {
 723:../../../firmware/n32h7xx_std_periph_driver/src/n32h7xx_jpeg.c ****         JPEG_RBC->FRMW   = JPEGRBC_InitStruct->frame_width * 3U;
 1839              		.loc 1 723 46
 1840 0370 7B68     		ldr	r3, [r7, #4]
 1841 0372 9A68     		ldr	r2, [r3, #8]
 1842              		.loc 1 723 17
 1843 0374 3649     		ldr	r1, .L71
 1844              		.loc 1 723 60
 1845 0376 1346     		mov	r3, r2
 1846 0378 5B00     		lsls	r3, r3, #1
 1847 037a 1344     		add	r3, r3, r2
 1848              		.loc 1 723 26
 1849 037c CB60     		str	r3, [r1, #12]
 724:../../../firmware/n32h7xx_std_periph_driver/src/n32h7xx_jpeg.c ****         /* Round up by multiples of 16 */
ARM GAS  /tmp/cc0DTqI6.s 			page 46


 725:../../../firmware/n32h7xx_std_periph_driver/src/n32h7xx_jpeg.c ****         width_mcus = (JPEGRBC_InitStruct->frame_width + 15U) >> (REG_BIT4_OFFSET);
 1850              		.loc 1 725 41
 1851 037e 7B68     		ldr	r3, [r7, #4]
 1852 0380 9B68     		ldr	r3, [r3, #8]
 1853              		.loc 1 725 55
 1854 0382 0F33     		adds	r3, r3, #15
 1855              		.loc 1 725 20
 1856 0384 1B09     		lsrs	r3, r3, #4
 1857 0386 FB60     		str	r3, [r7, #12]
 726:../../../firmware/n32h7xx_std_periph_driver/src/n32h7xx_jpeg.c ****         /* Round up by multiples of 16 */
 727:../../../firmware/n32h7xx_std_periph_driver/src/n32h7xx_jpeg.c ****         height_mcus = (JPEGRBC_InitStruct->frame_height + 15U) >> (REG_BIT4_OFFSET);
 1858              		.loc 1 727 42
 1859 0388 7B68     		ldr	r3, [r7, #4]
 1860 038a DB68     		ldr	r3, [r3, #12]
 1861              		.loc 1 727 57
 1862 038c 0F33     		adds	r3, r3, #15
 1863              		.loc 1 727 21
 1864 038e 1B09     		lsrs	r3, r3, #4
 1865 0390 BB60     		str	r3, [r7, #8]
 728:../../../firmware/n32h7xx_std_periph_driver/src/n32h7xx_jpeg.c ****         JPEG_RBC->BPS0 = (width_mcus * height_mcus *6U - 1U);
 1866              		.loc 1 728 38
 1867 0392 FB68     		ldr	r3, [r7, #12]
 1868 0394 BA68     		ldr	r2, [r7, #8]
 1869 0396 03FB02F2 		mul	r2, r3, r2
 1870              		.loc 1 728 52
 1871 039a 1346     		mov	r3, r2
 1872 039c 5B00     		lsls	r3, r3, #1
 1873 039e 1344     		add	r3, r3, r2
 1874 03a0 5B00     		lsls	r3, r3, #1
 1875              		.loc 1 728 17
 1876 03a2 2B4A     		ldr	r2, .L71
 1877              		.loc 1 728 56
 1878 03a4 013B     		subs	r3, r3, #1
 1879              		.loc 1 728 24
 1880 03a6 1366     		str	r3, [r2, #96]
 729:../../../firmware/n32h7xx_std_periph_driver/src/n32h7xx_jpeg.c ****         JPEG_RBC->BPS12 = (width_mcus * height_mcus *6U - 1U);
 1881              		.loc 1 729 39
 1882 03a8 FB68     		ldr	r3, [r7, #12]
 1883 03aa BA68     		ldr	r2, [r7, #8]
 1884 03ac 03FB02F2 		mul	r2, r3, r2
 1885              		.loc 1 729 53
 1886 03b0 1346     		mov	r3, r2
 1887 03b2 5B00     		lsls	r3, r3, #1
 1888 03b4 1344     		add	r3, r3, r2
 1889 03b6 5B00     		lsls	r3, r3, #1
 1890              		.loc 1 729 17
 1891 03b8 254A     		ldr	r2, .L71
 1892              		.loc 1 729 57
 1893 03ba 013B     		subs	r3, r3, #1
 1894              		.loc 1 729 25
 1895 03bc 5366     		str	r3, [r2, #100]
 730:../../../firmware/n32h7xx_std_periph_driver/src/n32h7xx_jpeg.c ****         
 731:../../../firmware/n32h7xx_std_periph_driver/src/n32h7xx_jpeg.c ****         JPEG_RBC->ROWS0 = height_mcus - 1U;
 1896              		.loc 1 731 17
 1897 03be 244A     		ldr	r2, .L71
 1898              		.loc 1 731 39
 1899 03c0 BB68     		ldr	r3, [r7, #8]
ARM GAS  /tmp/cc0DTqI6.s 			page 47


 1900 03c2 013B     		subs	r3, r3, #1
 1901              		.loc 1 731 25
 1902 03c4 9366     		str	r3, [r2, #104]
 732:../../../firmware/n32h7xx_std_periph_driver/src/n32h7xx_jpeg.c ****         JPEG_RBC->ROWS12 = height_mcus - 1U;
 1903              		.loc 1 732 17
 1904 03c6 224A     		ldr	r2, .L71
 1905              		.loc 1 732 40
 1906 03c8 BB68     		ldr	r3, [r7, #8]
 1907 03ca 013B     		subs	r3, r3, #1
 1908              		.loc 1 732 26
 1909 03cc D366     		str	r3, [r2, #108]
 733:../../../firmware/n32h7xx_std_periph_driver/src/n32h7xx_jpeg.c ****         
 734:../../../firmware/n32h7xx_std_periph_driver/src/n32h7xx_jpeg.c ****         JPEG_RBC->BLSS0  = width_mcus * 8U * 6U;
 1910              		.loc 1 734 17
 1911 03ce 2049     		ldr	r1, .L71
 1912              		.loc 1 734 44
 1913 03d0 FA68     		ldr	r2, [r7, #12]
 1914 03d2 1346     		mov	r3, r2
 1915 03d4 5B00     		lsls	r3, r3, #1
 1916 03d6 1344     		add	r3, r3, r2
 1917 03d8 1B01     		lsls	r3, r3, #4
 1918              		.loc 1 734 26
 1919 03da 4B67     		str	r3, [r1, #116]
 735:../../../firmware/n32h7xx_std_periph_driver/src/n32h7xx_jpeg.c ****         JPEG_RBC->BLSS12  = width_mcus * 8U * 6U;
 1920              		.loc 1 735 17
 1921 03dc 1C49     		ldr	r1, .L71
 1922              		.loc 1 735 45
 1923 03de FA68     		ldr	r2, [r7, #12]
 1924 03e0 1346     		mov	r3, r2
 1925 03e2 5B00     		lsls	r3, r3, #1
 1926 03e4 1344     		add	r3, r3, r2
 1927 03e6 1B01     		lsls	r3, r3, #4
 1928              		.loc 1 735 27
 1929 03e8 8B67     		str	r3, [r1, #120]
 736:../../../firmware/n32h7xx_std_periph_driver/src/n32h7xx_jpeg.c ****         
 737:../../../firmware/n32h7xx_std_periph_driver/src/n32h7xx_jpeg.c ****         JPEG_RBC->BPRS0 = (width_mcus * 6U - 1U);
 1930              		.loc 1 737 39
 1931 03ea FA68     		ldr	r2, [r7, #12]
 1932 03ec 1346     		mov	r3, r2
 1933 03ee 5B00     		lsls	r3, r3, #1
 1934 03f0 1344     		add	r3, r3, r2
 1935 03f2 5B00     		lsls	r3, r3, #1
 1936              		.loc 1 737 17
 1937 03f4 164A     		ldr	r2, .L71
 1938              		.loc 1 737 44
 1939 03f6 013B     		subs	r3, r3, #1
 1940              		.loc 1 737 25
 1941 03f8 D367     		str	r3, [r2, #124]
 738:../../../firmware/n32h7xx_std_periph_driver/src/n32h7xx_jpeg.c ****         JPEG_RBC->BPRS12 = (width_mcus * 6U - 1U);
 1942              		.loc 1 738 40
 1943 03fa FA68     		ldr	r2, [r7, #12]
 1944 03fc 1346     		mov	r3, r2
 1945 03fe 5B00     		lsls	r3, r3, #1
 1946 0400 1344     		add	r3, r3, r2
 1947 0402 5B00     		lsls	r3, r3, #1
 1948              		.loc 1 738 17
 1949 0404 124A     		ldr	r2, .L71
ARM GAS  /tmp/cc0DTqI6.s 			page 48


 1950              		.loc 1 738 45
 1951 0406 013B     		subs	r3, r3, #1
 1952              		.loc 1 738 26
 1953 0408 C2F88030 		str	r3, [r2, #128]
 1954              	.L59:
 739:../../../firmware/n32h7xx_std_periph_driver/src/n32h7xx_jpeg.c ****     }
 740:../../../firmware/n32h7xx_std_periph_driver/src/n32h7xx_jpeg.c ****     else
 741:../../../firmware/n32h7xx_std_periph_driver/src/n32h7xx_jpeg.c ****     {
 742:../../../firmware/n32h7xx_std_periph_driver/src/n32h7xx_jpeg.c ****         /* no process */
 743:../../../firmware/n32h7xx_std_periph_driver/src/n32h7xx_jpeg.c ****     }
 744:../../../firmware/n32h7xx_std_periph_driver/src/n32h7xx_jpeg.c ****     
 745:../../../firmware/n32h7xx_std_periph_driver/src/n32h7xx_jpeg.c ****     /* RBC module init*/
 746:../../../firmware/n32h7xx_std_periph_driver/src/n32h7xx_jpeg.c ****     JPEG_RBC->INIT |= JPEGRBC_INIT_INIT;
 1955              		.loc 1 746 13
 1956 040c 104B     		ldr	r3, .L71
 1957 040e 1B68     		ldr	r3, [r3]
 1958 0410 0F4A     		ldr	r2, .L71
 1959              		.loc 1 746 20
 1960 0412 43F00103 		orr	r3, r3, #1
 1961 0416 1360     		str	r3, [r2]
 747:../../../firmware/n32h7xx_std_periph_driver/src/n32h7xx_jpeg.c ****     while((JPEG_RBC->INIT & JPEGRBC_INIT_INITF) != JPEGRBC_INIT_INITF)
 1962              		.loc 1 747 10
 1963 0418 08E0     		b	.L65
 1964              	.L67:
 748:../../../firmware/n32h7xx_std_periph_driver/src/n32h7xx_jpeg.c ****     {
 749:../../../firmware/n32h7xx_std_periph_driver/src/n32h7xx_jpeg.c ****         timeout_value--;
 1965              		.loc 1 749 22
 1966 041a 3B69     		ldr	r3, [r7, #16]
 1967 041c 013B     		subs	r3, r3, #1
 1968 041e 3B61     		str	r3, [r7, #16]
 750:../../../firmware/n32h7xx_std_periph_driver/src/n32h7xx_jpeg.c ****         if(timeout_value == 0U)
 1969              		.loc 1 750 11
 1970 0420 3B69     		ldr	r3, [r7, #16]
 1971 0422 002B     		cmp	r3, #0
 1972 0424 02D1     		bne	.L65
 751:../../../firmware/n32h7xx_std_periph_driver/src/n32h7xx_jpeg.c ****         {
 752:../../../firmware/n32h7xx_std_periph_driver/src/n32h7xx_jpeg.c ****             status_value = ERROR;
 1973              		.loc 1 752 26
 1974 0426 0023     		movs	r3, #0
 1975 0428 FB75     		strb	r3, [r7, #23]
 753:../../../firmware/n32h7xx_std_periph_driver/src/n32h7xx_jpeg.c ****             break;
 1976              		.loc 1 753 13
 1977 042a 05E0     		b	.L66
 1978              	.L65:
 747:../../../firmware/n32h7xx_std_periph_driver/src/n32h7xx_jpeg.c ****     {
 1979              		.loc 1 747 20
 1980 042c 084B     		ldr	r3, .L71
 1981 042e 1B68     		ldr	r3, [r3]
 747:../../../firmware/n32h7xx_std_periph_driver/src/n32h7xx_jpeg.c ****     {
 1982              		.loc 1 747 27
 1983 0430 03F01003 		and	r3, r3, #16
 747:../../../firmware/n32h7xx_std_periph_driver/src/n32h7xx_jpeg.c ****     {
 1984              		.loc 1 747 49
 1985 0434 102B     		cmp	r3, #16
 1986 0436 F0D1     		bne	.L67
 1987              	.L66:
 754:../../../firmware/n32h7xx_std_periph_driver/src/n32h7xx_jpeg.c ****         }
ARM GAS  /tmp/cc0DTqI6.s 			page 49


 755:../../../firmware/n32h7xx_std_periph_driver/src/n32h7xx_jpeg.c ****     }
 756:../../../firmware/n32h7xx_std_periph_driver/src/n32h7xx_jpeg.c ****     JPEG_RBC->INIT &= (~JPEGRBC_INIT_INIT);
 1988              		.loc 1 756 13
 1989 0438 054B     		ldr	r3, .L71
 1990 043a 1B68     		ldr	r3, [r3]
 1991 043c 044A     		ldr	r2, .L71
 1992              		.loc 1 756 20
 1993 043e 23F00103 		bic	r3, r3, #1
 1994 0442 1360     		str	r3, [r2]
 757:../../../firmware/n32h7xx_std_periph_driver/src/n32h7xx_jpeg.c ****     
 758:../../../firmware/n32h7xx_std_periph_driver/src/n32h7xx_jpeg.c ****     return status_value;
 1995              		.loc 1 758 12
 1996 0444 FB7D     		ldrb	r3, [r7, #23]	@ zero_extendqisi2
 759:../../../firmware/n32h7xx_std_periph_driver/src/n32h7xx_jpeg.c **** }
 1997              		.loc 1 759 1
 1998 0446 1846     		mov	r0, r3
 1999 0448 1C37     		adds	r7, r7, #28
 2000              	.LCFI73:
 2001              		.cfi_def_cfa_offset 4
 2002 044a BD46     		mov	sp, r7
 2003              	.LCFI74:
 2004              		.cfi_def_cfa_register 13
 2005              		@ sp needed
 2006 044c 80BC     		pop	{r7}
 2007              	.LCFI75:
 2008              		.cfi_restore 7
 2009              		.cfi_def_cfa_offset 0
 2010 044e 7047     		bx	lr
 2011              	.L72:
 2012              		.align	2
 2013              	.L71:
 2014 0450 00000750 		.word	1342636032
 2015              		.cfi_endproc
 2016              	.LFE159:
 2018              		.section	.text.JPEGRBC_Enable,"ax",%progbits
 2019              		.align	1
 2020              		.global	JPEGRBC_Enable
 2021              		.syntax unified
 2022              		.thumb
 2023              		.thumb_func
 2025              	JPEGRBC_Enable:
 2026              	.LFB160:
 760:../../../firmware/n32h7xx_std_periph_driver/src/n32h7xx_jpeg.c **** 
 761:../../../firmware/n32h7xx_std_periph_driver/src/n32h7xx_jpeg.c **** 
 762:../../../firmware/n32h7xx_std_periph_driver/src/n32h7xx_jpeg.c **** /**
 763:../../../firmware/n32h7xx_std_periph_driver/src/n32h7xx_jpeg.c **** *\*\name    JPEGRBC_Enable
 764:../../../firmware/n32h7xx_std_periph_driver/src/n32h7xx_jpeg.c **** *\*\fun     Enables or disables the specified JPEGRBC peripheral.
 765:../../../firmware/n32h7xx_std_periph_driver/src/n32h7xx_jpeg.c **** *\*\param   Cmd (The input parameters must be the following values):
 766:../../../firmware/n32h7xx_std_periph_driver/src/n32h7xx_jpeg.c **** *\*\          - ENABLE
 767:../../../firmware/n32h7xx_std_periph_driver/src/n32h7xx_jpeg.c **** *\*\          - DISABLE
 768:../../../firmware/n32h7xx_std_periph_driver/src/n32h7xx_jpeg.c **** *\*\return  none
 769:../../../firmware/n32h7xx_std_periph_driver/src/n32h7xx_jpeg.c **** **/
 770:../../../firmware/n32h7xx_std_periph_driver/src/n32h7xx_jpeg.c **** void JPEGRBC_Enable(FunctionalState Cmd)
 771:../../../firmware/n32h7xx_std_periph_driver/src/n32h7xx_jpeg.c **** {
 2027              		.loc 1 771 1
 2028              		.cfi_startproc
 2029              		@ args = 0, pretend = 0, frame = 8
ARM GAS  /tmp/cc0DTqI6.s 			page 50


 2030              		@ frame_needed = 1, uses_anonymous_args = 0
 2031              		@ link register save eliminated.
 2032 0000 80B4     		push	{r7}
 2033              	.LCFI76:
 2034              		.cfi_def_cfa_offset 4
 2035              		.cfi_offset 7, -4
 2036 0002 83B0     		sub	sp, sp, #12
 2037              	.LCFI77:
 2038              		.cfi_def_cfa_offset 16
 2039 0004 00AF     		add	r7, sp, #0
 2040              	.LCFI78:
 2041              		.cfi_def_cfa_register 7
 2042 0006 0346     		mov	r3, r0
 2043 0008 FB71     		strb	r3, [r7, #7]
 772:../../../firmware/n32h7xx_std_periph_driver/src/n32h7xx_jpeg.c ****    if (Cmd != DISABLE)
 2044              		.loc 1 772 7
 2045 000a FB79     		ldrb	r3, [r7, #7]	@ zero_extendqisi2
 2046 000c 002B     		cmp	r3, #0
 2047 000e 06D0     		beq	.L74
 773:../../../firmware/n32h7xx_std_periph_driver/src/n32h7xx_jpeg.c ****     {
 774:../../../firmware/n32h7xx_std_periph_driver/src/n32h7xx_jpeg.c ****         /* Enable JPEGRBC module */
 775:../../../firmware/n32h7xx_std_periph_driver/src/n32h7xx_jpeg.c ****         JPEG_RBC->EN |= JPEGRBC_EN_EN;
 2048              		.loc 1 775 17
 2049 0010 084B     		ldr	r3, .L77
 2050 0012 5B68     		ldr	r3, [r3, #4]
 2051 0014 074A     		ldr	r2, .L77
 2052              		.loc 1 775 22
 2053 0016 43F00103 		orr	r3, r3, #1
 2054 001a 5360     		str	r3, [r2, #4]
 776:../../../firmware/n32h7xx_std_periph_driver/src/n32h7xx_jpeg.c ****     }
 777:../../../firmware/n32h7xx_std_periph_driver/src/n32h7xx_jpeg.c ****     else
 778:../../../firmware/n32h7xx_std_periph_driver/src/n32h7xx_jpeg.c ****     {
 779:../../../firmware/n32h7xx_std_periph_driver/src/n32h7xx_jpeg.c ****         /* Disable JPEGRBC module */
 780:../../../firmware/n32h7xx_std_periph_driver/src/n32h7xx_jpeg.c ****         JPEG_RBC->EN &= (~JPEGRBC_EN_EN);
 781:../../../firmware/n32h7xx_std_periph_driver/src/n32h7xx_jpeg.c ****     }
 782:../../../firmware/n32h7xx_std_periph_driver/src/n32h7xx_jpeg.c **** }
 2055              		.loc 1 782 1
 2056 001c 05E0     		b	.L76
 2057              	.L74:
 780:../../../firmware/n32h7xx_std_periph_driver/src/n32h7xx_jpeg.c ****     }
 2058              		.loc 1 780 17
 2059 001e 054B     		ldr	r3, .L77
 2060 0020 5B68     		ldr	r3, [r3, #4]
 2061 0022 044A     		ldr	r2, .L77
 780:../../../firmware/n32h7xx_std_periph_driver/src/n32h7xx_jpeg.c ****     }
 2062              		.loc 1 780 22
 2063 0024 23F00103 		bic	r3, r3, #1
 2064 0028 5360     		str	r3, [r2, #4]
 2065              	.L76:
 2066              		.loc 1 782 1
 2067 002a 00BF     		nop
 2068 002c 0C37     		adds	r7, r7, #12
 2069              	.LCFI79:
 2070              		.cfi_def_cfa_offset 4
 2071 002e BD46     		mov	sp, r7
 2072              	.LCFI80:
 2073              		.cfi_def_cfa_register 13
ARM GAS  /tmp/cc0DTqI6.s 			page 51


 2074              		@ sp needed
 2075 0030 80BC     		pop	{r7}
 2076              	.LCFI81:
 2077              		.cfi_restore 7
 2078              		.cfi_def_cfa_offset 0
 2079 0032 7047     		bx	lr
 2080              	.L78:
 2081              		.align	2
 2082              	.L77:
 2083 0034 00000750 		.word	1342636032
 2084              		.cfi_endproc
 2085              	.LFE160:
 2087              		.section	.text.JPEGDEC_Enable,"ax",%progbits
 2088              		.align	1
 2089              		.global	JPEGDEC_Enable
 2090              		.syntax unified
 2091              		.thumb
 2092              		.thumb_func
 2094              	JPEGDEC_Enable:
 2095              	.LFB161:
 783:../../../firmware/n32h7xx_std_periph_driver/src/n32h7xx_jpeg.c **** 
 784:../../../firmware/n32h7xx_std_periph_driver/src/n32h7xx_jpeg.c **** /***** JPEG DEC module ****/
 785:../../../firmware/n32h7xx_std_periph_driver/src/n32h7xx_jpeg.c **** 
 786:../../../firmware/n32h7xx_std_periph_driver/src/n32h7xx_jpeg.c **** /**
 787:../../../firmware/n32h7xx_std_periph_driver/src/n32h7xx_jpeg.c **** *\*\name    JPEGDEC_Enable
 788:../../../firmware/n32h7xx_std_periph_driver/src/n32h7xx_jpeg.c **** *\*\fun     Enables or disables the specified JPEGDEC peripheral.
 789:../../../firmware/n32h7xx_std_periph_driver/src/n32h7xx_jpeg.c **** *\*\param   Cmd (The input parameters must be the following values):
 790:../../../firmware/n32h7xx_std_periph_driver/src/n32h7xx_jpeg.c **** *\*\          - ENABLE
 791:../../../firmware/n32h7xx_std_periph_driver/src/n32h7xx_jpeg.c **** *\*\          - DISABLE
 792:../../../firmware/n32h7xx_std_periph_driver/src/n32h7xx_jpeg.c **** *\*\return  none
 793:../../../firmware/n32h7xx_std_periph_driver/src/n32h7xx_jpeg.c **** **/
 794:../../../firmware/n32h7xx_std_periph_driver/src/n32h7xx_jpeg.c **** void JPEGDEC_Enable(FunctionalState Cmd)
 795:../../../firmware/n32h7xx_std_periph_driver/src/n32h7xx_jpeg.c **** {
 2096              		.loc 1 795 1
 2097              		.cfi_startproc
 2098              		@ args = 0, pretend = 0, frame = 8
 2099              		@ frame_needed = 1, uses_anonymous_args = 0
 2100              		@ link register save eliminated.
 2101 0000 80B4     		push	{r7}
 2102              	.LCFI82:
 2103              		.cfi_def_cfa_offset 4
 2104              		.cfi_offset 7, -4
 2105 0002 83B0     		sub	sp, sp, #12
 2106              	.LCFI83:
 2107              		.cfi_def_cfa_offset 16
 2108 0004 00AF     		add	r7, sp, #0
 2109              	.LCFI84:
 2110              		.cfi_def_cfa_register 7
 2111 0006 0346     		mov	r3, r0
 2112 0008 FB71     		strb	r3, [r7, #7]
 796:../../../firmware/n32h7xx_std_periph_driver/src/n32h7xx_jpeg.c ****     if (Cmd != DISABLE)
 2113              		.loc 1 796 8
 2114 000a FB79     		ldrb	r3, [r7, #7]	@ zero_extendqisi2
 2115 000c 002B     		cmp	r3, #0
 2116 000e 06D0     		beq	.L80
 797:../../../firmware/n32h7xx_std_periph_driver/src/n32h7xx_jpeg.c ****     {
 798:../../../firmware/n32h7xx_std_periph_driver/src/n32h7xx_jpeg.c ****         /* Enable JPEGDEC modelu */
ARM GAS  /tmp/cc0DTqI6.s 			page 52


 799:../../../firmware/n32h7xx_std_periph_driver/src/n32h7xx_jpeg.c ****         JPEG_DEC->MODE |= JPEGDEC_MODE_EN;
 2117              		.loc 1 799 17
 2118 0010 084B     		ldr	r3, .L83
 2119 0012 1B68     		ldr	r3, [r3]
 2120 0014 074A     		ldr	r2, .L83
 2121              		.loc 1 799 24
 2122 0016 43F00103 		orr	r3, r3, #1
 2123 001a 1360     		str	r3, [r2]
 800:../../../firmware/n32h7xx_std_periph_driver/src/n32h7xx_jpeg.c ****     }
 801:../../../firmware/n32h7xx_std_periph_driver/src/n32h7xx_jpeg.c ****     else
 802:../../../firmware/n32h7xx_std_periph_driver/src/n32h7xx_jpeg.c ****     {
 803:../../../firmware/n32h7xx_std_periph_driver/src/n32h7xx_jpeg.c ****         /* Disable JPEGDEC modelu */
 804:../../../firmware/n32h7xx_std_periph_driver/src/n32h7xx_jpeg.c ****         JPEG_DEC->MODE &= (~JPEGDEC_MODE_EN);
 805:../../../firmware/n32h7xx_std_periph_driver/src/n32h7xx_jpeg.c ****     }
 806:../../../firmware/n32h7xx_std_periph_driver/src/n32h7xx_jpeg.c **** }
 2124              		.loc 1 806 1
 2125 001c 05E0     		b	.L82
 2126              	.L80:
 804:../../../firmware/n32h7xx_std_periph_driver/src/n32h7xx_jpeg.c ****     }
 2127              		.loc 1 804 17
 2128 001e 054B     		ldr	r3, .L83
 2129 0020 1B68     		ldr	r3, [r3]
 2130 0022 044A     		ldr	r2, .L83
 804:../../../firmware/n32h7xx_std_periph_driver/src/n32h7xx_jpeg.c ****     }
 2131              		.loc 1 804 24
 2132 0024 23F00103 		bic	r3, r3, #1
 2133 0028 1360     		str	r3, [r2]
 2134              	.L82:
 2135              		.loc 1 806 1
 2136 002a 00BF     		nop
 2137 002c 0C37     		adds	r7, r7, #12
 2138              	.LCFI85:
 2139              		.cfi_def_cfa_offset 4
 2140 002e BD46     		mov	sp, r7
 2141              	.LCFI86:
 2142              		.cfi_def_cfa_register 13
 2143              		@ sp needed
 2144 0030 80BC     		pop	{r7}
 2145              	.LCFI87:
 2146              		.cfi_restore 7
 2147              		.cfi_def_cfa_offset 0
 2148 0032 7047     		bx	lr
 2149              	.L84:
 2150              		.align	2
 2151              	.L83:
 2152 0034 00000850 		.word	1342701568
 2153              		.cfi_endproc
 2154              	.LFE161:
 2156              		.section	.text.JPEGDEC_GetFlagStatus,"ax",%progbits
 2157              		.align	1
 2158              		.global	JPEGDEC_GetFlagStatus
 2159              		.syntax unified
 2160              		.thumb
 2161              		.thumb_func
 2163              	JPEGDEC_GetFlagStatus:
 2164              	.LFB162:
 807:../../../firmware/n32h7xx_std_periph_driver/src/n32h7xx_jpeg.c **** 
ARM GAS  /tmp/cc0DTqI6.s 			page 53


 808:../../../firmware/n32h7xx_std_periph_driver/src/n32h7xx_jpeg.c **** 
 809:../../../firmware/n32h7xx_std_periph_driver/src/n32h7xx_jpeg.c **** /**
 810:../../../firmware/n32h7xx_std_periph_driver/src/n32h7xx_jpeg.c **** *\*\name   JPEGDEC_GetFlagStatus.
 811:../../../firmware/n32h7xx_std_periph_driver/src/n32h7xx_jpeg.c **** *\*\fun    Check whether the specified JPEGDEC flag is set or not.
 812:../../../firmware/n32h7xx_std_periph_driver/src/n32h7xx_jpeg.c **** *\*\param  Flag :
 813:../../../firmware/n32h7xx_std_periph_driver/src/n32h7xx_jpeg.c **** *\*\          - JPEGDEC_ERROR_HTERR    A Huffman table referenced in a scan (SOS header) is invalid
 814:../../../firmware/n32h7xx_std_periph_driver/src/n32h7xx_jpeg.c **** *\*\          - JPEGDEC_ERROR_QTERR    A Quantisation table referenced in a component referenced in
 815:../../../firmware/n32h7xx_std_periph_driver/src/n32h7xx_jpeg.c **** *\*\          - JPEGDEC_ERROR_CERR     A component referenced in the scan header (SOS) was not defi
 816:../../../firmware/n32h7xx_std_periph_driver/src/n32h7xx_jpeg.c **** *\*\          - JPEGDEC_ERROR_HUF      Huffman decode error detected
 817:../../../firmware/n32h7xx_std_periph_driver/src/n32h7xx_jpeg.c **** *\*\          - JPEGDEC_ERROR_UNEXP    Unexpected marker detected
 818:../../../firmware/n32h7xx_std_periph_driver/src/n32h7xx_jpeg.c **** *\*\          - JPEGDEC_ERROR_UNK      Unknown marker detected 
 819:../../../firmware/n32h7xx_std_periph_driver/src/n32h7xx_jpeg.c **** *\*\return FlagStatus
 820:../../../firmware/n32h7xx_std_periph_driver/src/n32h7xx_jpeg.c **** *\*\          - RESET
 821:../../../firmware/n32h7xx_std_periph_driver/src/n32h7xx_jpeg.c **** *\*\          - SET
 822:../../../firmware/n32h7xx_std_periph_driver/src/n32h7xx_jpeg.c **** **/
 823:../../../firmware/n32h7xx_std_periph_driver/src/n32h7xx_jpeg.c **** FlagStatus JPEGDEC_GetFlagStatus(uint32_t Flag)
 824:../../../firmware/n32h7xx_std_periph_driver/src/n32h7xx_jpeg.c **** {
 2165              		.loc 1 824 1
 2166              		.cfi_startproc
 2167              		@ args = 0, pretend = 0, frame = 16
 2168              		@ frame_needed = 1, uses_anonymous_args = 0
 2169              		@ link register save eliminated.
 2170 0000 80B4     		push	{r7}
 2171              	.LCFI88:
 2172              		.cfi_def_cfa_offset 4
 2173              		.cfi_offset 7, -4
 2174 0002 85B0     		sub	sp, sp, #20
 2175              	.LCFI89:
 2176              		.cfi_def_cfa_offset 24
 2177 0004 00AF     		add	r7, sp, #0
 2178              	.LCFI90:
 2179              		.cfi_def_cfa_register 7
 2180 0006 7860     		str	r0, [r7, #4]
 825:../../../firmware/n32h7xx_std_periph_driver/src/n32h7xx_jpeg.c ****     FlagStatus status_value;
 826:../../../firmware/n32h7xx_std_periph_driver/src/n32h7xx_jpeg.c ****     if((JPEG_DEC->ERROR & Flag) == Flag )
 2181              		.loc 1 826 17
 2182 0008 084B     		ldr	r3, .L89
 2183 000a 5A68     		ldr	r2, [r3, #4]
 2184              		.loc 1 826 25
 2185 000c 7B68     		ldr	r3, [r7, #4]
 2186 000e 1340     		ands	r3, r3, r2
 2187              		.loc 1 826 7
 2188 0010 7A68     		ldr	r2, [r7, #4]
 2189 0012 9A42     		cmp	r2, r3
 2190 0014 02D1     		bne	.L86
 827:../../../firmware/n32h7xx_std_periph_driver/src/n32h7xx_jpeg.c ****     {
 828:../../../firmware/n32h7xx_std_periph_driver/src/n32h7xx_jpeg.c ****         status_value = SET;
 2191              		.loc 1 828 22
 2192 0016 0123     		movs	r3, #1
 2193 0018 FB73     		strb	r3, [r7, #15]
 2194 001a 01E0     		b	.L87
 2195              	.L86:
 829:../../../firmware/n32h7xx_std_periph_driver/src/n32h7xx_jpeg.c ****     }
 830:../../../firmware/n32h7xx_std_periph_driver/src/n32h7xx_jpeg.c ****     else
 831:../../../firmware/n32h7xx_std_periph_driver/src/n32h7xx_jpeg.c ****     {
 832:../../../firmware/n32h7xx_std_periph_driver/src/n32h7xx_jpeg.c ****         status_value = RESET;
 2196              		.loc 1 832 22
ARM GAS  /tmp/cc0DTqI6.s 			page 54


 2197 001c 0023     		movs	r3, #0
 2198 001e FB73     		strb	r3, [r7, #15]
 2199              	.L87:
 833:../../../firmware/n32h7xx_std_periph_driver/src/n32h7xx_jpeg.c ****     }
 834:../../../firmware/n32h7xx_std_periph_driver/src/n32h7xx_jpeg.c ****     return status_value;
 2200              		.loc 1 834 12
 2201 0020 FB7B     		ldrb	r3, [r7, #15]	@ zero_extendqisi2
 835:../../../firmware/n32h7xx_std_periph_driver/src/n32h7xx_jpeg.c **** }
 2202              		.loc 1 835 1
 2203 0022 1846     		mov	r0, r3
 2204 0024 1437     		adds	r7, r7, #20
 2205              	.LCFI91:
 2206              		.cfi_def_cfa_offset 4
 2207 0026 BD46     		mov	sp, r7
 2208              	.LCFI92:
 2209              		.cfi_def_cfa_register 13
 2210              		@ sp needed
 2211 0028 80BC     		pop	{r7}
 2212              	.LCFI93:
 2213              		.cfi_restore 7
 2214              		.cfi_def_cfa_offset 0
 2215 002a 7047     		bx	lr
 2216              	.L90:
 2217              		.align	2
 2218              	.L89:
 2219 002c 00000850 		.word	1342701568
 2220              		.cfi_endproc
 2221              	.LFE162:
 2223              		.section	.text.JPEGDEC_GetUNKErrorAddress,"ax",%progbits
 2224              		.align	1
 2225              		.global	JPEGDEC_GetUNKErrorAddress
 2226              		.syntax unified
 2227              		.thumb
 2228              		.thumb_func
 2230              	JPEGDEC_GetUNKErrorAddress:
 2231              	.LFB163:
 836:../../../firmware/n32h7xx_std_periph_driver/src/n32h7xx_jpeg.c **** 
 837:../../../firmware/n32h7xx_std_periph_driver/src/n32h7xx_jpeg.c **** 
 838:../../../firmware/n32h7xx_std_periph_driver/src/n32h7xx_jpeg.c **** /**
 839:../../../firmware/n32h7xx_std_periph_driver/src/n32h7xx_jpeg.c **** *\*\name   JPEGDEC_GetUNKErrorAddress.
 840:../../../firmware/n32h7xx_std_periph_driver/src/n32h7xx_jpeg.c **** *\*\fun    Get Unknown marker error address.
 841:../../../firmware/n32h7xx_std_periph_driver/src/n32h7xx_jpeg.c **** *\*\param  none
 842:../../../firmware/n32h7xx_std_periph_driver/src/n32h7xx_jpeg.c **** *\*\return address
 843:../../../firmware/n32h7xx_std_periph_driver/src/n32h7xx_jpeg.c **** *\*\          - 0x00000000~0xFFFFFFFF
 844:../../../firmware/n32h7xx_std_periph_driver/src/n32h7xx_jpeg.c **** **/
 845:../../../firmware/n32h7xx_std_periph_driver/src/n32h7xx_jpeg.c **** uint32_t JPEGDEC_GetUNKErrorAddress(void)
 846:../../../firmware/n32h7xx_std_periph_driver/src/n32h7xx_jpeg.c **** {
 2232              		.loc 1 846 1
 2233              		.cfi_startproc
 2234              		@ args = 0, pretend = 0, frame = 0
 2235              		@ frame_needed = 1, uses_anonymous_args = 0
 2236              		@ link register save eliminated.
 2237 0000 80B4     		push	{r7}
 2238              	.LCFI94:
 2239              		.cfi_def_cfa_offset 4
 2240              		.cfi_offset 7, -4
 2241 0002 00AF     		add	r7, sp, #0
ARM GAS  /tmp/cc0DTqI6.s 			page 55


 2242              	.LCFI95:
 2243              		.cfi_def_cfa_register 7
 847:../../../firmware/n32h7xx_std_periph_driver/src/n32h7xx_jpeg.c ****     return JPEG_DEC->UNLOC;
 2244              		.loc 1 847 20
 2245 0004 024B     		ldr	r3, .L93
 2246 0006 9B68     		ldr	r3, [r3, #8]
 848:../../../firmware/n32h7xx_std_periph_driver/src/n32h7xx_jpeg.c **** }
 2247              		.loc 1 848 1
 2248 0008 1846     		mov	r0, r3
 2249 000a BD46     		mov	sp, r7
 2250              	.LCFI96:
 2251              		.cfi_def_cfa_register 13
 2252              		@ sp needed
 2253 000c 80BC     		pop	{r7}
 2254              	.LCFI97:
 2255              		.cfi_restore 7
 2256              		.cfi_def_cfa_offset 0
 2257 000e 7047     		bx	lr
 2258              	.L94:
 2259              		.align	2
 2260              	.L93:
 2261 0010 00000850 		.word	1342701568
 2262              		.cfi_endproc
 2263              	.LFE163:
 2265              		.section	.text.JPEGDEC_GetUNEXPErrorAddress,"ax",%progbits
 2266              		.align	1
 2267              		.global	JPEGDEC_GetUNEXPErrorAddress
 2268              		.syntax unified
 2269              		.thumb
 2270              		.thumb_func
 2272              	JPEGDEC_GetUNEXPErrorAddress:
 2273              	.LFB164:
 849:../../../firmware/n32h7xx_std_periph_driver/src/n32h7xx_jpeg.c **** 
 850:../../../firmware/n32h7xx_std_periph_driver/src/n32h7xx_jpeg.c **** /**
 851:../../../firmware/n32h7xx_std_periph_driver/src/n32h7xx_jpeg.c **** *\*\name   JPEGDEC_GetUNEXPErrorAddress.
 852:../../../firmware/n32h7xx_std_periph_driver/src/n32h7xx_jpeg.c **** *\*\fun    Get Unexpected marker error address.
 853:../../../firmware/n32h7xx_std_periph_driver/src/n32h7xx_jpeg.c **** *\*\param  none
 854:../../../firmware/n32h7xx_std_periph_driver/src/n32h7xx_jpeg.c **** *\*\return address
 855:../../../firmware/n32h7xx_std_periph_driver/src/n32h7xx_jpeg.c **** *\*\          - 0x00000000~0xFFFFFFFF
 856:../../../firmware/n32h7xx_std_periph_driver/src/n32h7xx_jpeg.c **** **/
 857:../../../firmware/n32h7xx_std_periph_driver/src/n32h7xx_jpeg.c **** uint32_t JPEGDEC_GetUNEXPErrorAddress(void)
 858:../../../firmware/n32h7xx_std_periph_driver/src/n32h7xx_jpeg.c **** {
 2274              		.loc 1 858 1
 2275              		.cfi_startproc
 2276              		@ args = 0, pretend = 0, frame = 0
 2277              		@ frame_needed = 1, uses_anonymous_args = 0
 2278              		@ link register save eliminated.
 2279 0000 80B4     		push	{r7}
 2280              	.LCFI98:
 2281              		.cfi_def_cfa_offset 4
 2282              		.cfi_offset 7, -4
 2283 0002 00AF     		add	r7, sp, #0
 2284              	.LCFI99:
 2285              		.cfi_def_cfa_register 7
 859:../../../firmware/n32h7xx_std_periph_driver/src/n32h7xx_jpeg.c ****     return JPEG_DEC->UELOC;
 2286              		.loc 1 859 20
 2287 0004 024B     		ldr	r3, .L97
ARM GAS  /tmp/cc0DTqI6.s 			page 56


 2288 0006 DB68     		ldr	r3, [r3, #12]
 860:../../../firmware/n32h7xx_std_periph_driver/src/n32h7xx_jpeg.c **** }
 2289              		.loc 1 860 1
 2290 0008 1846     		mov	r0, r3
 2291 000a BD46     		mov	sp, r7
 2292              	.LCFI100:
 2293              		.cfi_def_cfa_register 13
 2294              		@ sp needed
 2295 000c 80BC     		pop	{r7}
 2296              	.LCFI101:
 2297              		.cfi_restore 7
 2298              		.cfi_def_cfa_offset 0
 2299 000e 7047     		bx	lr
 2300              	.L98:
 2301              		.align	2
 2302              	.L97:
 2303 0010 00000850 		.word	1342701568
 2304              		.cfi_endproc
 2305              	.LFE164:
 2307              		.section	.text.JPEGDEC_GetHESYMErrorAddress,"ax",%progbits
 2308              		.align	1
 2309              		.global	JPEGDEC_GetHESYMErrorAddress
 2310              		.syntax unified
 2311              		.thumb
 2312              		.thumb_func
 2314              	JPEGDEC_GetHESYMErrorAddress:
 2315              	.LFB165:
 861:../../../firmware/n32h7xx_std_periph_driver/src/n32h7xx_jpeg.c **** 
 862:../../../firmware/n32h7xx_std_periph_driver/src/n32h7xx_jpeg.c **** /**
 863:../../../firmware/n32h7xx_std_periph_driver/src/n32h7xx_jpeg.c **** *\*\name   JPEGDEC_GetHESYMErrorAddress.
 864:../../../firmware/n32h7xx_std_periph_driver/src/n32h7xx_jpeg.c **** *\*\fun    Get the Huffman symbol that is in error.
 865:../../../firmware/n32h7xx_std_periph_driver/src/n32h7xx_jpeg.c **** *\*\param  none
 866:../../../firmware/n32h7xx_std_periph_driver/src/n32h7xx_jpeg.c **** *\*\return address
 867:../../../firmware/n32h7xx_std_periph_driver/src/n32h7xx_jpeg.c **** *\*\          - 0x0000~0xFFFF
 868:../../../firmware/n32h7xx_std_periph_driver/src/n32h7xx_jpeg.c **** **/
 869:../../../firmware/n32h7xx_std_periph_driver/src/n32h7xx_jpeg.c **** uint16_t JPEGDEC_GetHESYMErrorAddress(void)
 870:../../../firmware/n32h7xx_std_periph_driver/src/n32h7xx_jpeg.c **** {
 2316              		.loc 1 870 1
 2317              		.cfi_startproc
 2318              		@ args = 0, pretend = 0, frame = 0
 2319              		@ frame_needed = 1, uses_anonymous_args = 0
 2320              		@ link register save eliminated.
 2321 0000 80B4     		push	{r7}
 2322              	.LCFI102:
 2323              		.cfi_def_cfa_offset 4
 2324              		.cfi_offset 7, -4
 2325 0002 00AF     		add	r7, sp, #0
 2326              	.LCFI103:
 2327              		.cfi_def_cfa_register 7
 871:../../../firmware/n32h7xx_std_periph_driver/src/n32h7xx_jpeg.c ****     return ((uint16_t)JPEG_DEC->HESYM & JPEGDEC_HESYM_HESYM);
 2328              		.loc 1 871 31
 2329 0004 034B     		ldr	r3, .L101
 2330 0006 1B69     		ldr	r3, [r3, #16]
 2331              		.loc 1 871 39
 2332 0008 9BB2     		uxth	r3, r3
 872:../../../firmware/n32h7xx_std_periph_driver/src/n32h7xx_jpeg.c **** }
 2333              		.loc 1 872 1
ARM GAS  /tmp/cc0DTqI6.s 			page 57


 2334 000a 1846     		mov	r0, r3
 2335 000c BD46     		mov	sp, r7
 2336              	.LCFI104:
 2337              		.cfi_def_cfa_register 13
 2338              		@ sp needed
 2339 000e 80BC     		pop	{r7}
 2340              	.LCFI105:
 2341              		.cfi_restore 7
 2342              		.cfi_def_cfa_offset 0
 2343 0010 7047     		bx	lr
 2344              	.L102:
 2345 0012 00BF     		.align	2
 2346              	.L101:
 2347 0014 00000850 		.word	1342701568
 2348              		.cfi_endproc
 2349              	.LFE165:
 2351              		.section	.text.JPEGDEC_GetHESYMECSErrorAddress,"ax",%progbits
 2352              		.align	1
 2353              		.global	JPEGDEC_GetHESYMECSErrorAddress
 2354              		.syntax unified
 2355              		.thumb
 2356              		.thumb_func
 2358              	JPEGDEC_GetHESYMECSErrorAddress:
 2359              	.LFB166:
 873:../../../firmware/n32h7xx_std_periph_driver/src/n32h7xx_jpeg.c **** 
 874:../../../firmware/n32h7xx_std_periph_driver/src/n32h7xx_jpeg.c **** /**
 875:../../../firmware/n32h7xx_std_periph_driver/src/n32h7xx_jpeg.c **** *\*\name   JPEGDEC_GetHESYMECSErrorAddress.
 876:../../../firmware/n32h7xx_std_periph_driver/src/n32h7xx_jpeg.c **** *\*\fun    Get Huffman ECS Number Symbol.
 877:../../../firmware/n32h7xx_std_periph_driver/src/n32h7xx_jpeg.c **** *\*\param  none
 878:../../../firmware/n32h7xx_std_periph_driver/src/n32h7xx_jpeg.c **** *\*\return address
 879:../../../firmware/n32h7xx_std_periph_driver/src/n32h7xx_jpeg.c **** *\*\          - 0x00000000~0xFFFFFFFF
 880:../../../firmware/n32h7xx_std_periph_driver/src/n32h7xx_jpeg.c **** **/
 881:../../../firmware/n32h7xx_std_periph_driver/src/n32h7xx_jpeg.c **** uint32_t JPEGDEC_GetHESYMECSErrorAddress(void)
 882:../../../firmware/n32h7xx_std_periph_driver/src/n32h7xx_jpeg.c **** {
 2360              		.loc 1 882 1
 2361              		.cfi_startproc
 2362              		@ args = 0, pretend = 0, frame = 0
 2363              		@ frame_needed = 1, uses_anonymous_args = 0
 2364              		@ link register save eliminated.
 2365 0000 80B4     		push	{r7}
 2366              	.LCFI106:
 2367              		.cfi_def_cfa_offset 4
 2368              		.cfi_offset 7, -4
 2369 0002 00AF     		add	r7, sp, #0
 2370              	.LCFI107:
 2371              		.cfi_def_cfa_register 7
 883:../../../firmware/n32h7xx_std_periph_driver/src/n32h7xx_jpeg.c ****     return JPEG_DEC->HESYMECS;
 2372              		.loc 1 883 20
 2373 0004 024B     		ldr	r3, .L105
 2374 0006 5B69     		ldr	r3, [r3, #20]
 884:../../../firmware/n32h7xx_std_periph_driver/src/n32h7xx_jpeg.c **** }
 2375              		.loc 1 884 1
 2376 0008 1846     		mov	r0, r3
 2377 000a BD46     		mov	sp, r7
 2378              	.LCFI108:
 2379              		.cfi_def_cfa_register 13
 2380              		@ sp needed
ARM GAS  /tmp/cc0DTqI6.s 			page 58


 2381 000c 80BC     		pop	{r7}
 2382              	.LCFI109:
 2383              		.cfi_restore 7
 2384              		.cfi_def_cfa_offset 0
 2385 000e 7047     		bx	lr
 2386              	.L106:
 2387              		.align	2
 2388              	.L105:
 2389 0010 00000850 		.word	1342701568
 2390              		.cfi_endproc
 2391              	.LFE166:
 2393              		.section	.text.JPEGDEC_GetHUFSErrorAddress,"ax",%progbits
 2394              		.align	1
 2395              		.global	JPEGDEC_GetHUFSErrorAddress
 2396              		.syntax unified
 2397              		.thumb
 2398              		.thumb_func
 2400              	JPEGDEC_GetHUFSErrorAddress:
 2401              	.LFB167:
 885:../../../firmware/n32h7xx_std_periph_driver/src/n32h7xx_jpeg.c **** 
 886:../../../firmware/n32h7xx_std_periph_driver/src/n32h7xx_jpeg.c **** /**
 887:../../../firmware/n32h7xx_std_periph_driver/src/n32h7xx_jpeg.c **** *\*\name   JPEGDEC_GetHUFSErrorAddress.
 888:../../../firmware/n32h7xx_std_periph_driver/src/n32h7xx_jpeg.c **** *\*\fun    Get Unexpected marker error address.
 889:../../../firmware/n32h7xx_std_periph_driver/src/n32h7xx_jpeg.c **** *\*\param  none
 890:../../../firmware/n32h7xx_std_periph_driver/src/n32h7xx_jpeg.c **** *\*\return address
 891:../../../firmware/n32h7xx_std_periph_driver/src/n32h7xx_jpeg.c **** *\*\          - 0x00000000~0xFFFFFFFF
 892:../../../firmware/n32h7xx_std_periph_driver/src/n32h7xx_jpeg.c **** **/
 893:../../../firmware/n32h7xx_std_periph_driver/src/n32h7xx_jpeg.c **** uint32_t JPEGDEC_GetHUFSErrorAddress(void)
 894:../../../firmware/n32h7xx_std_periph_driver/src/n32h7xx_jpeg.c **** {
 2402              		.loc 1 894 1
 2403              		.cfi_startproc
 2404              		@ args = 0, pretend = 0, frame = 0
 2405              		@ frame_needed = 1, uses_anonymous_args = 0
 2406              		@ link register save eliminated.
 2407 0000 80B4     		push	{r7}
 2408              	.LCFI110:
 2409              		.cfi_def_cfa_offset 4
 2410              		.cfi_offset 7, -4
 2411 0002 00AF     		add	r7, sp, #0
 2412              	.LCFI111:
 2413              		.cfi_def_cfa_register 7
 895:../../../firmware/n32h7xx_std_periph_driver/src/n32h7xx_jpeg.c ****     return JPEG_DEC->HUF_SELOC;
 2414              		.loc 1 895 20
 2415 0004 024B     		ldr	r3, .L109
 2416 0006 9B69     		ldr	r3, [r3, #24]
 896:../../../firmware/n32h7xx_std_periph_driver/src/n32h7xx_jpeg.c **** }
 2417              		.loc 1 896 1
 2418 0008 1846     		mov	r0, r3
 2419 000a BD46     		mov	sp, r7
 2420              	.LCFI112:
 2421              		.cfi_def_cfa_register 13
 2422              		@ sp needed
 2423 000c 80BC     		pop	{r7}
 2424              	.LCFI113:
 2425              		.cfi_restore 7
 2426              		.cfi_def_cfa_offset 0
 2427 000e 7047     		bx	lr
ARM GAS  /tmp/cc0DTqI6.s 			page 59


 2428              	.L110:
 2429              		.align	2
 2430              	.L109:
 2431 0010 00000850 		.word	1342701568
 2432              		.cfi_endproc
 2433              	.LFE167:
 2435              		.section	.text.JPEGDEC_TableAccessRequest,"ax",%progbits
 2436              		.align	1
 2437              		.global	JPEGDEC_TableAccessRequest
 2438              		.syntax unified
 2439              		.thumb
 2440              		.thumb_func
 2442              	JPEGDEC_TableAccessRequest:
 2443              	.LFB168:
 897:../../../firmware/n32h7xx_std_periph_driver/src/n32h7xx_jpeg.c **** 
 898:../../../firmware/n32h7xx_std_periph_driver/src/n32h7xx_jpeg.c **** 
 899:../../../firmware/n32h7xx_std_periph_driver/src/n32h7xx_jpeg.c **** /**
 900:../../../firmware/n32h7xx_std_periph_driver/src/n32h7xx_jpeg.c **** *\*\name   JPEGDEC_TableAccessRequest.
 901:../../../firmware/n32h7xx_std_periph_driver/src/n32h7xx_jpeg.c **** *\*\fun    JPEG DEC Table Access Request.
 902:../../../firmware/n32h7xx_std_periph_driver/src/n32h7xx_jpeg.c **** *\*\param  Cmd (The input parameters must be the following values):
 903:../../../firmware/n32h7xx_std_periph_driver/src/n32h7xx_jpeg.c **** *\*\          - ENABLE
 904:../../../firmware/n32h7xx_std_periph_driver/src/n32h7xx_jpeg.c **** *\*\          - DISABLE
 905:../../../firmware/n32h7xx_std_periph_driver/src/n32h7xx_jpeg.c **** *\*\return status
 906:../../../firmware/n32h7xx_std_periph_driver/src/n32h7xx_jpeg.c **** *\*\          - ERROR
 907:../../../firmware/n32h7xx_std_periph_driver/src/n32h7xx_jpeg.c **** *\*\          - SUCCESS
 908:../../../firmware/n32h7xx_std_periph_driver/src/n32h7xx_jpeg.c **** **/
 909:../../../firmware/n32h7xx_std_periph_driver/src/n32h7xx_jpeg.c **** ErrorStatus JPEGDEC_TableAccessRequest(FunctionalState Cmd)
 910:../../../firmware/n32h7xx_std_periph_driver/src/n32h7xx_jpeg.c **** {
 2444              		.loc 1 910 1
 2445              		.cfi_startproc
 2446              		@ args = 0, pretend = 0, frame = 16
 2447              		@ frame_needed = 1, uses_anonymous_args = 0
 2448              		@ link register save eliminated.
 2449 0000 80B4     		push	{r7}
 2450              	.LCFI114:
 2451              		.cfi_def_cfa_offset 4
 2452              		.cfi_offset 7, -4
 2453 0002 85B0     		sub	sp, sp, #20
 2454              	.LCFI115:
 2455              		.cfi_def_cfa_offset 24
 2456 0004 00AF     		add	r7, sp, #0
 2457              	.LCFI116:
 2458              		.cfi_def_cfa_register 7
 2459 0006 0346     		mov	r3, r0
 2460 0008 FB71     		strb	r3, [r7, #7]
 911:../../../firmware/n32h7xx_std_periph_driver/src/n32h7xx_jpeg.c ****     ErrorStatus status = SUCCESS;
 2461              		.loc 1 911 17
 2462 000a 0123     		movs	r3, #1
 2463 000c FB73     		strb	r3, [r7, #15]
 912:../../../firmware/n32h7xx_std_periph_driver/src/n32h7xx_jpeg.c ****     uint32_t count_value = 0;
 2464              		.loc 1 912 14
 2465 000e 0023     		movs	r3, #0
 2466 0010 BB60     		str	r3, [r7, #8]
 913:../../../firmware/n32h7xx_std_periph_driver/src/n32h7xx_jpeg.c ****     
 914:../../../firmware/n32h7xx_std_periph_driver/src/n32h7xx_jpeg.c ****     if(Cmd == DISABLE)
 2467              		.loc 1 914 7
 2468 0012 FB79     		ldrb	r3, [r7, #7]	@ zero_extendqisi2
ARM GAS  /tmp/cc0DTqI6.s 			page 60


 2469 0014 002B     		cmp	r3, #0
 2470 0016 06D1     		bne	.L112
 915:../../../firmware/n32h7xx_std_periph_driver/src/n32h7xx_jpeg.c ****     {
 916:../../../firmware/n32h7xx_std_periph_driver/src/n32h7xx_jpeg.c ****         JPEG_DEC->TAB_ACCREQ &= (~JPEGDEC_TAB_ACCREQ_AQEQ);
 2471              		.loc 1 916 17
 2472 0018 114B     		ldr	r3, .L117
 2473 001a DB69     		ldr	r3, [r3, #28]
 2474 001c 104A     		ldr	r2, .L117
 2475              		.loc 1 916 30
 2476 001e 23F00103 		bic	r3, r3, #1
 2477 0022 D361     		str	r3, [r2, #28]
 2478 0024 16E0     		b	.L113
 2479              	.L112:
 917:../../../firmware/n32h7xx_std_periph_driver/src/n32h7xx_jpeg.c ****     }
 918:../../../firmware/n32h7xx_std_periph_driver/src/n32h7xx_jpeg.c ****     else
 919:../../../firmware/n32h7xx_std_periph_driver/src/n32h7xx_jpeg.c ****     {
 920:../../../firmware/n32h7xx_std_periph_driver/src/n32h7xx_jpeg.c ****         JPEG_DEC->TAB_ACCREQ |= JPEGDEC_TAB_ACCREQ_AQEQ;
 2480              		.loc 1 920 17
 2481 0026 0E4B     		ldr	r3, .L117
 2482 0028 DB69     		ldr	r3, [r3, #28]
 2483 002a 0D4A     		ldr	r2, .L117
 2484              		.loc 1 920 30
 2485 002c 43F00103 		orr	r3, r3, #1
 2486 0030 D361     		str	r3, [r2, #28]
 921:../../../firmware/n32h7xx_std_periph_driver/src/n32h7xx_jpeg.c ****     
 922:../../../firmware/n32h7xx_std_periph_driver/src/n32h7xx_jpeg.c ****         while((JPEG_DEC->TAB_ACCREQ & JPEGDEC_TAB_ACCREQ_AOK) != JPEGDEC_TAB_ACCREQ_AOK)
 2487              		.loc 1 922 14
 2488 0032 09E0     		b	.L114
 2489              	.L115:
 923:../../../firmware/n32h7xx_std_periph_driver/src/n32h7xx_jpeg.c ****         {
 924:../../../firmware/n32h7xx_std_periph_driver/src/n32h7xx_jpeg.c ****             count_value++;
 2490              		.loc 1 924 24
 2491 0034 BB68     		ldr	r3, [r7, #8]
 2492 0036 0133     		adds	r3, r3, #1
 2493 0038 BB60     		str	r3, [r7, #8]
 925:../../../firmware/n32h7xx_std_periph_driver/src/n32h7xx_jpeg.c ****             if(count_value > 0x1000)
 2494              		.loc 1 925 15
 2495 003a BB68     		ldr	r3, [r7, #8]
 2496 003c B3F5805F 		cmp	r3, #4096
 2497 0040 02D9     		bls	.L114
 926:../../../firmware/n32h7xx_std_periph_driver/src/n32h7xx_jpeg.c ****             {
 927:../../../firmware/n32h7xx_std_periph_driver/src/n32h7xx_jpeg.c ****                 status = ERROR;
 2498              		.loc 1 927 24
 2499 0042 0023     		movs	r3, #0
 2500 0044 FB73     		strb	r3, [r7, #15]
 928:../../../firmware/n32h7xx_std_periph_driver/src/n32h7xx_jpeg.c ****                 break;
 2501              		.loc 1 928 17
 2502 0046 05E0     		b	.L113
 2503              	.L114:
 922:../../../firmware/n32h7xx_std_periph_driver/src/n32h7xx_jpeg.c ****         {
 2504              		.loc 1 922 24
 2505 0048 054B     		ldr	r3, .L117
 2506 004a DB69     		ldr	r3, [r3, #28]
 922:../../../firmware/n32h7xx_std_periph_driver/src/n32h7xx_jpeg.c ****         {
 2507              		.loc 1 922 37
 2508 004c 03F00203 		and	r3, r3, #2
 922:../../../firmware/n32h7xx_std_periph_driver/src/n32h7xx_jpeg.c ****         {
ARM GAS  /tmp/cc0DTqI6.s 			page 61


 2509              		.loc 1 922 63
 2510 0050 022B     		cmp	r3, #2
 2511 0052 EFD1     		bne	.L115
 2512              	.L113:
 929:../../../firmware/n32h7xx_std_periph_driver/src/n32h7xx_jpeg.c ****             }
 930:../../../firmware/n32h7xx_std_periph_driver/src/n32h7xx_jpeg.c ****         }
 931:../../../firmware/n32h7xx_std_periph_driver/src/n32h7xx_jpeg.c ****     }
 932:../../../firmware/n32h7xx_std_periph_driver/src/n32h7xx_jpeg.c ****     
 933:../../../firmware/n32h7xx_std_periph_driver/src/n32h7xx_jpeg.c ****     return status;
 2513              		.loc 1 933 12
 2514 0054 FB7B     		ldrb	r3, [r7, #15]	@ zero_extendqisi2
 934:../../../firmware/n32h7xx_std_periph_driver/src/n32h7xx_jpeg.c **** }
 2515              		.loc 1 934 1
 2516 0056 1846     		mov	r0, r3
 2517 0058 1437     		adds	r7, r7, #20
 2518              	.LCFI117:
 2519              		.cfi_def_cfa_offset 4
 2520 005a BD46     		mov	sp, r7
 2521              	.LCFI118:
 2522              		.cfi_def_cfa_register 13
 2523              		@ sp needed
 2524 005c 80BC     		pop	{r7}
 2525              	.LCFI119:
 2526              		.cfi_restore 7
 2527              		.cfi_def_cfa_offset 0
 2528 005e 7047     		bx	lr
 2529              	.L118:
 2530              		.align	2
 2531              	.L117:
 2532 0060 00000850 		.word	1342701568
 2533              		.cfi_endproc
 2534              	.LFE168:
 2536              		.section	.text.JPEGDEC_SetHUFTable_EOB,"ax",%progbits
 2537              		.align	1
 2538              		.global	JPEGDEC_SetHUFTable_EOB
 2539              		.syntax unified
 2540              		.thumb
 2541              		.thumb_func
 2543              	JPEGDEC_SetHUFTable_EOB:
 2544              	.LFB169:
 935:../../../firmware/n32h7xx_std_periph_driver/src/n32h7xx_jpeg.c **** 
 936:../../../firmware/n32h7xx_std_periph_driver/src/n32h7xx_jpeg.c **** /**
 937:../../../firmware/n32h7xx_std_periph_driver/src/n32h7xx_jpeg.c **** *\*\name   JPEGDEC_GetHUFSErrorAddress.
 938:../../../firmware/n32h7xx_std_periph_driver/src/n32h7xx_jpeg.c **** *\*\fun    Get Unexpected marker error address.
 939:../../../firmware/n32h7xx_std_periph_driver/src/n32h7xx_jpeg.c **** *\*\param  TableAddress
 940:../../../firmware/n32h7xx_std_periph_driver/src/n32h7xx_jpeg.c **** *\*\          - JPEGDEC_EOB0_ADDRESS
 941:../../../firmware/n32h7xx_std_periph_driver/src/n32h7xx_jpeg.c **** *\*\          - JPEGDEC_EOB1_ADDRESS
 942:../../../firmware/n32h7xx_std_periph_driver/src/n32h7xx_jpeg.c **** *\*\          - JPEGDEC_EOB2_ADDRESS
 943:../../../firmware/n32h7xx_std_periph_driver/src/n32h7xx_jpeg.c **** *\*\          - JPEGDEC_EOB3_ADDRESS
 944:../../../firmware/n32h7xx_std_periph_driver/src/n32h7xx_jpeg.c **** *\*\param  EOBSymbol
 945:../../../firmware/n32h7xx_std_periph_driver/src/n32h7xx_jpeg.c **** *\*\          - 0x0000~0xFFFF
 946:../../../firmware/n32h7xx_std_periph_driver/src/n32h7xx_jpeg.c **** *\*\param  EOBSymbolMask
 947:../../../firmware/n32h7xx_std_periph_driver/src/n32h7xx_jpeg.c **** *\*\          - 0x0000~0xFFFF
 948:../../../firmware/n32h7xx_std_periph_driver/src/n32h7xx_jpeg.c **** *\*\return none
 949:../../../firmware/n32h7xx_std_periph_driver/src/n32h7xx_jpeg.c **** **/
 950:../../../firmware/n32h7xx_std_periph_driver/src/n32h7xx_jpeg.c **** void JPEGDEC_SetHUFTable_EOB(uint32_t TableAddress,uint32_t EOBSymbol,uint32_t EOBSymbolMask)
 951:../../../firmware/n32h7xx_std_periph_driver/src/n32h7xx_jpeg.c **** {
ARM GAS  /tmp/cc0DTqI6.s 			page 62


 2545              		.loc 1 951 1
 2546              		.cfi_startproc
 2547              		@ args = 0, pretend = 0, frame = 16
 2548              		@ frame_needed = 1, uses_anonymous_args = 0
 2549              		@ link register save eliminated.
 2550 0000 80B4     		push	{r7}
 2551              	.LCFI120:
 2552              		.cfi_def_cfa_offset 4
 2553              		.cfi_offset 7, -4
 2554 0002 85B0     		sub	sp, sp, #20
 2555              	.LCFI121:
 2556              		.cfi_def_cfa_offset 24
 2557 0004 00AF     		add	r7, sp, #0
 2558              	.LCFI122:
 2559              		.cfi_def_cfa_register 7
 2560 0006 F860     		str	r0, [r7, #12]
 2561 0008 B960     		str	r1, [r7, #8]
 2562 000a 7A60     		str	r2, [r7, #4]
 952:../../../firmware/n32h7xx_std_periph_driver/src/n32h7xx_jpeg.c ****     *(uint32_t*)(JPEG_DEC_BASE + TableAddress) = (EOBSymbol | (EOBSymbolMask << REG_BIT16_OFFSET));
 2563              		.loc 1 952 78
 2564 000c 7B68     		ldr	r3, [r7, #4]
 2565 000e 1A04     		lsls	r2, r3, #16
 2566              		.loc 1 952 32
 2567 0010 F968     		ldr	r1, [r7, #12]
 2568 0012 054B     		ldr	r3, .L120
 2569 0014 0B44     		add	r3, r3, r1
 2570              		.loc 1 952 6
 2571 0016 1946     		mov	r1, r3
 2572              		.loc 1 952 61
 2573 0018 BB68     		ldr	r3, [r7, #8]
 2574 001a 1343     		orrs	r3, r3, r2
 2575              		.loc 1 952 48
 2576 001c 0B60     		str	r3, [r1]
 953:../../../firmware/n32h7xx_std_periph_driver/src/n32h7xx_jpeg.c **** }
 2577              		.loc 1 953 1
 2578 001e 00BF     		nop
 2579 0020 1437     		adds	r7, r7, #20
 2580              	.LCFI123:
 2581              		.cfi_def_cfa_offset 4
 2582 0022 BD46     		mov	sp, r7
 2583              	.LCFI124:
 2584              		.cfi_def_cfa_register 13
 2585              		@ sp needed
 2586 0024 80BC     		pop	{r7}
 2587              	.LCFI125:
 2588              		.cfi_restore 7
 2589              		.cfi_def_cfa_offset 0
 2590 0026 7047     		bx	lr
 2591              	.L121:
 2592              		.align	2
 2593              	.L120:
 2594 0028 00000850 		.word	1342701568
 2595              		.cfi_endproc
 2596              	.LFE169:
 2598              		.section	.text.JPEGDEC_SetHuffTable,"ax",%progbits
 2599              		.align	1
 2600              		.global	JPEGDEC_SetHuffTable
ARM GAS  /tmp/cc0DTqI6.s 			page 63


 2601              		.syntax unified
 2602              		.thumb
 2603              		.thumb_func
 2605              	JPEGDEC_SetHuffTable:
 2606              	.LFB170:
 954:../../../firmware/n32h7xx_std_periph_driver/src/n32h7xx_jpeg.c **** 
 955:../../../firmware/n32h7xx_std_periph_driver/src/n32h7xx_jpeg.c **** 
 956:../../../firmware/n32h7xx_std_periph_driver/src/n32h7xx_jpeg.c **** /**
 957:../../../firmware/n32h7xx_std_periph_driver/src/n32h7xx_jpeg.c **** *\*\name   JPEGDEC_SetHuffTable.
 958:../../../firmware/n32h7xx_std_periph_driver/src/n32h7xx_jpeg.c **** *\*\fun    Set Huffman table parameters.
 959:../../../firmware/n32h7xx_std_periph_driver/src/n32h7xx_jpeg.c **** *\*\param  TableType
 960:../../../firmware/n32h7xx_std_periph_driver/src/n32h7xx_jpeg.c **** *\*\          - JPEGDEC_HUFFTABLE
 961:../../../firmware/n32h7xx_std_periph_driver/src/n32h7xx_jpeg.c **** *\*\          - JPEGDEC_DVECTORTABLE
 962:../../../firmware/n32h7xx_std_periph_driver/src/n32h7xx_jpeg.c **** *\*\          - JPEGDEC_IVECTORTABLE
 963:../../../firmware/n32h7xx_std_periph_driver/src/n32h7xx_jpeg.c **** *\*\          - JPEGDEC_HUFFACCTABLE
 964:../../../firmware/n32h7xx_std_periph_driver/src/n32h7xx_jpeg.c **** *\*\param  Tableselector
 965:../../../firmware/n32h7xx_std_periph_driver/src/n32h7xx_jpeg.c **** *\*\          - JPEGDEC_DCTABLE
 966:../../../firmware/n32h7xx_std_periph_driver/src/n32h7xx_jpeg.c **** *\*\          - JPEGDEC_ACTABLE
 967:../../../firmware/n32h7xx_std_periph_driver/src/n32h7xx_jpeg.c **** *\*\param  TableNum
 968:../../../firmware/n32h7xx_std_periph_driver/src/n32h7xx_jpeg.c **** *\*\          - JPEGDEC_HUFFTABLE_0
 969:../../../firmware/n32h7xx_std_periph_driver/src/n32h7xx_jpeg.c **** *\*\          - JPEGDEC_HUFFTABLE_1
 970:../../../firmware/n32h7xx_std_periph_driver/src/n32h7xx_jpeg.c **** *\*\          - JPEGDEC_HUFFTABLE_2
 971:../../../firmware/n32h7xx_std_periph_driver/src/n32h7xx_jpeg.c **** *\*\          - JPEGDEC_HUFFTABLE_3
 972:../../../firmware/n32h7xx_std_periph_driver/src/n32h7xx_jpeg.c **** *\*\param  &Value
 973:../../../firmware/n32h7xx_std_periph_driver/src/n32h7xx_jpeg.c **** *\*\          - 0x00000000~0xFFFFFFFF
 974:../../../firmware/n32h7xx_std_periph_driver/src/n32h7xx_jpeg.c **** *\*\param  Count
 975:../../../firmware/n32h7xx_std_periph_driver/src/n32h7xx_jpeg.c **** *\*\          - 0x00000000~0xFFFFFFFF
 976:../../../firmware/n32h7xx_std_periph_driver/src/n32h7xx_jpeg.c **** *\*\return status
 977:../../../firmware/n32h7xx_std_periph_driver/src/n32h7xx_jpeg.c **** *\*\          - ERROR
 978:../../../firmware/n32h7xx_std_periph_driver/src/n32h7xx_jpeg.c **** *\*\          - SUCCESS
 979:../../../firmware/n32h7xx_std_periph_driver/src/n32h7xx_jpeg.c **** **/
 980:../../../firmware/n32h7xx_std_periph_driver/src/n32h7xx_jpeg.c **** ErrorStatus JPEGDEC_SetHuffTable(uint32_t TableType,uint32_t Tableselector,uint32_t TableNum,uint32
 981:../../../firmware/n32h7xx_std_periph_driver/src/n32h7xx_jpeg.c **** {
 2607              		.loc 1 981 1
 2608              		.cfi_startproc
 2609              		@ args = 4, pretend = 0, frame = 24
 2610              		@ frame_needed = 1, uses_anonymous_args = 0
 2611              		@ link register save eliminated.
 2612 0000 80B4     		push	{r7}
 2613              	.LCFI126:
 2614              		.cfi_def_cfa_offset 4
 2615              		.cfi_offset 7, -4
 2616 0002 87B0     		sub	sp, sp, #28
 2617              	.LCFI127:
 2618              		.cfi_def_cfa_offset 32
 2619 0004 00AF     		add	r7, sp, #0
 2620              	.LCFI128:
 2621              		.cfi_def_cfa_register 7
 2622 0006 F860     		str	r0, [r7, #12]
 2623 0008 B960     		str	r1, [r7, #8]
 2624 000a 7A60     		str	r2, [r7, #4]
 2625 000c 3B60     		str	r3, [r7]
 982:../../../firmware/n32h7xx_std_periph_driver/src/n32h7xx_jpeg.c ****     ErrorStatus status = SUCCESS;
 2626              		.loc 1 982 17
 2627 000e 0123     		movs	r3, #1
 2628 0010 FB75     		strb	r3, [r7, #23]
 983:../../../firmware/n32h7xx_std_periph_driver/src/n32h7xx_jpeg.c ****     uint32_t regtemp = 0U;
ARM GAS  /tmp/cc0DTqI6.s 			page 64


 2629              		.loc 1 983 14
 2630 0012 0023     		movs	r3, #0
 2631 0014 3B61     		str	r3, [r7, #16]
 984:../../../firmware/n32h7xx_std_periph_driver/src/n32h7xx_jpeg.c ****     
 985:../../../firmware/n32h7xx_std_periph_driver/src/n32h7xx_jpeg.c ****     regtemp = (TableType | Tableselector | TableNum);
 2632              		.loc 1 985 26
 2633 0016 FA68     		ldr	r2, [r7, #12]
 2634 0018 BB68     		ldr	r3, [r7, #8]
 2635 001a 1343     		orrs	r3, r3, r2
 2636              		.loc 1 985 13
 2637 001c 7A68     		ldr	r2, [r7, #4]
 2638 001e 1343     		orrs	r3, r3, r2
 2639 0020 3B61     		str	r3, [r7, #16]
 986:../../../firmware/n32h7xx_std_periph_driver/src/n32h7xx_jpeg.c ****     JPEG_DEC->HUF_ADDR = regtemp;
 2640              		.loc 1 986 13
 2641 0022 124A     		ldr	r2, .L127
 2642              		.loc 1 986 24
 2643 0024 3B69     		ldr	r3, [r7, #16]
 2644 0026 C2F88030 		str	r3, [r2, #128]
 987:../../../firmware/n32h7xx_std_periph_driver/src/n32h7xx_jpeg.c ****     
 988:../../../firmware/n32h7xx_std_periph_driver/src/n32h7xx_jpeg.c ****     if(Count > JPEG_DEC->HUF_REM)
 2645              		.loc 1 988 24
 2646 002a 104B     		ldr	r3, .L127
 2647 002c D3F88830 		ldr	r3, [r3, #136]
 2648              		.loc 1 988 7
 2649 0030 3A6A     		ldr	r2, [r7, #32]
 2650 0032 9A42     		cmp	r2, r3
 2651 0034 01D9     		bls	.L123
 989:../../../firmware/n32h7xx_std_periph_driver/src/n32h7xx_jpeg.c ****     {
 990:../../../firmware/n32h7xx_std_periph_driver/src/n32h7xx_jpeg.c ****         status = ERROR;
 2652              		.loc 1 990 16
 2653 0036 0023     		movs	r3, #0
 2654 0038 FB75     		strb	r3, [r7, #23]
 2655              	.L123:
 991:../../../firmware/n32h7xx_std_periph_driver/src/n32h7xx_jpeg.c ****     }
 992:../../../firmware/n32h7xx_std_periph_driver/src/n32h7xx_jpeg.c ****     else
 993:../../../firmware/n32h7xx_std_periph_driver/src/n32h7xx_jpeg.c ****     {
 994:../../../firmware/n32h7xx_std_periph_driver/src/n32h7xx_jpeg.c ****         /* no process */
 995:../../../firmware/n32h7xx_std_periph_driver/src/n32h7xx_jpeg.c ****     }
 996:../../../firmware/n32h7xx_std_periph_driver/src/n32h7xx_jpeg.c ****     
 997:../../../firmware/n32h7xx_std_periph_driver/src/n32h7xx_jpeg.c ****     for(regtemp = 0;regtemp<Count;regtemp++)
 2656              		.loc 1 997 17
 2657 003a 0023     		movs	r3, #0
 2658 003c 3B61     		str	r3, [r7, #16]
 2659              		.loc 1 997 5
 2660 003e 0AE0     		b	.L124
 2661              	.L125:
 998:../../../firmware/n32h7xx_std_periph_driver/src/n32h7xx_jpeg.c ****     {
 999:../../../firmware/n32h7xx_std_periph_driver/src/n32h7xx_jpeg.c ****         JPEG_DEC->HUF_DATA = Value[regtemp];
 2662              		.loc 1 999 35
 2663 0040 3B69     		ldr	r3, [r7, #16]
 2664 0042 9B00     		lsls	r3, r3, #2
 2665 0044 3A68     		ldr	r2, [r7]
 2666 0046 1344     		add	r3, r3, r2
 2667              		.loc 1 999 17
 2668 0048 084A     		ldr	r2, .L127
 2669              		.loc 1 999 35
ARM GAS  /tmp/cc0DTqI6.s 			page 65


 2670 004a 1B68     		ldr	r3, [r3]
 2671              		.loc 1 999 28
 2672 004c C2F88430 		str	r3, [r2, #132]
 997:../../../firmware/n32h7xx_std_periph_driver/src/n32h7xx_jpeg.c ****     {
 2673              		.loc 1 997 42 discriminator 3
 2674 0050 3B69     		ldr	r3, [r7, #16]
 2675 0052 0133     		adds	r3, r3, #1
 2676 0054 3B61     		str	r3, [r7, #16]
 2677              	.L124:
 997:../../../firmware/n32h7xx_std_periph_driver/src/n32h7xx_jpeg.c ****     {
 2678              		.loc 1 997 28 discriminator 1
 2679 0056 3A69     		ldr	r2, [r7, #16]
 2680 0058 3B6A     		ldr	r3, [r7, #32]
 2681 005a 9A42     		cmp	r2, r3
 2682 005c F0D3     		bcc	.L125
1000:../../../firmware/n32h7xx_std_periph_driver/src/n32h7xx_jpeg.c ****     }
1001:../../../firmware/n32h7xx_std_periph_driver/src/n32h7xx_jpeg.c ****     
1002:../../../firmware/n32h7xx_std_periph_driver/src/n32h7xx_jpeg.c ****     return status;
 2683              		.loc 1 1002 12
 2684 005e FB7D     		ldrb	r3, [r7, #23]	@ zero_extendqisi2
1003:../../../firmware/n32h7xx_std_periph_driver/src/n32h7xx_jpeg.c **** }
 2685              		.loc 1 1003 1
 2686 0060 1846     		mov	r0, r3
 2687 0062 1C37     		adds	r7, r7, #28
 2688              	.LCFI129:
 2689              		.cfi_def_cfa_offset 4
 2690 0064 BD46     		mov	sp, r7
 2691              	.LCFI130:
 2692              		.cfi_def_cfa_register 13
 2693              		@ sp needed
 2694 0066 80BC     		pop	{r7}
 2695              	.LCFI131:
 2696              		.cfi_restore 7
 2697              		.cfi_def_cfa_offset 0
 2698 0068 7047     		bx	lr
 2699              	.L128:
 2700 006a 00BF     		.align	2
 2701              	.L127:
 2702 006c 00000850 		.word	1342701568
 2703              		.cfi_endproc
 2704              	.LFE170:
 2706              		.section	.text.JPEGDEC_SetQuantiTable,"ax",%progbits
 2707              		.align	1
 2708              		.global	JPEGDEC_SetQuantiTable
 2709              		.syntax unified
 2710              		.thumb
 2711              		.thumb_func
 2713              	JPEGDEC_SetQuantiTable:
 2714              	.LFB171:
1004:../../../firmware/n32h7xx_std_periph_driver/src/n32h7xx_jpeg.c **** 
1005:../../../firmware/n32h7xx_std_periph_driver/src/n32h7xx_jpeg.c **** 
1006:../../../firmware/n32h7xx_std_periph_driver/src/n32h7xx_jpeg.c **** /**
1007:../../../firmware/n32h7xx_std_periph_driver/src/n32h7xx_jpeg.c **** *\*\name   JPEGDEC_SetQuantiTable.
1008:../../../firmware/n32h7xx_std_periph_driver/src/n32h7xx_jpeg.c **** *\*\fun    Set Quantisation table parameters.
1009:../../../firmware/n32h7xx_std_periph_driver/src/n32h7xx_jpeg.c **** *\*\param  TableAddress
1010:../../../firmware/n32h7xx_std_periph_driver/src/n32h7xx_jpeg.c **** *\*\          - JPEGDEC_QT0_ADDRESS
1011:../../../firmware/n32h7xx_std_periph_driver/src/n32h7xx_jpeg.c **** *\*\          - JPEGDEC_QT1_ADDRESS
ARM GAS  /tmp/cc0DTqI6.s 			page 66


1012:../../../firmware/n32h7xx_std_periph_driver/src/n32h7xx_jpeg.c **** *\*\          - JPEGDEC_QT2_ADDRESS
1013:../../../firmware/n32h7xx_std_periph_driver/src/n32h7xx_jpeg.c **** *\*\          - JPEGDEC_QT3_ADDRESS
1014:../../../firmware/n32h7xx_std_periph_driver/src/n32h7xx_jpeg.c **** *\*\param  &Value
1015:../../../firmware/n32h7xx_std_periph_driver/src/n32h7xx_jpeg.c **** *\*\          - 0x00000000~0xFFFFFFFF
1016:../../../firmware/n32h7xx_std_periph_driver/src/n32h7xx_jpeg.c **** *\*\param  Count
1017:../../../firmware/n32h7xx_std_periph_driver/src/n32h7xx_jpeg.c **** *\*\          - 0x00~0x40
1018:../../../firmware/n32h7xx_std_periph_driver/src/n32h7xx_jpeg.c **** *\*\return none
1019:../../../firmware/n32h7xx_std_periph_driver/src/n32h7xx_jpeg.c **** **/
1020:../../../firmware/n32h7xx_std_periph_driver/src/n32h7xx_jpeg.c **** void JPEGDEC_SetQuantiTable(uint32_t TableAddress,uint8_t* Value,uint32_t Count)
1021:../../../firmware/n32h7xx_std_periph_driver/src/n32h7xx_jpeg.c **** {
 2715              		.loc 1 1021 1
 2716              		.cfi_startproc
 2717              		@ args = 0, pretend = 0, frame = 24
 2718              		@ frame_needed = 1, uses_anonymous_args = 0
 2719              		@ link register save eliminated.
 2720 0000 80B4     		push	{r7}
 2721              	.LCFI132:
 2722              		.cfi_def_cfa_offset 4
 2723              		.cfi_offset 7, -4
 2724 0002 87B0     		sub	sp, sp, #28
 2725              	.LCFI133:
 2726              		.cfi_def_cfa_offset 32
 2727 0004 00AF     		add	r7, sp, #0
 2728              	.LCFI134:
 2729              		.cfi_def_cfa_register 7
 2730 0006 F860     		str	r0, [r7, #12]
 2731 0008 B960     		str	r1, [r7, #8]
 2732 000a 7A60     		str	r2, [r7, #4]
1022:../../../firmware/n32h7xx_std_periph_driver/src/n32h7xx_jpeg.c ****     uint32_t num;
1023:../../../firmware/n32h7xx_std_periph_driver/src/n32h7xx_jpeg.c ****     
1024:../../../firmware/n32h7xx_std_periph_driver/src/n32h7xx_jpeg.c ****     for(num = 0;num<Count;num++)
 2733              		.loc 1 1024 13
 2734 000c 0023     		movs	r3, #0
 2735 000e 7B61     		str	r3, [r7, #20]
 2736              		.loc 1 1024 5
 2737 0010 0EE0     		b	.L130
 2738              	.L131:
1025:../../../firmware/n32h7xx_std_periph_driver/src/n32h7xx_jpeg.c ****     {
1026:../../../firmware/n32h7xx_std_periph_driver/src/n32h7xx_jpeg.c ****         *(uint32_t*)(JPEG_DEC_BASE + TableAddress + num*4U) = Value[num];
 2739              		.loc 1 1026 68
 2740 0012 BA68     		ldr	r2, [r7, #8]
 2741 0014 7B69     		ldr	r3, [r7, #20]
 2742 0016 1344     		add	r3, r3, r2
 2743 0018 1978     		ldrb	r1, [r3]	@ zero_extendqisi2
 2744              		.loc 1 1026 56
 2745 001a 7B69     		ldr	r3, [r7, #20]
 2746 001c 9A00     		lsls	r2, r3, #2
 2747              		.loc 1 1026 51
 2748 001e FB68     		ldr	r3, [r7, #12]
 2749 0020 1A44     		add	r2, r2, r3
 2750 0022 084B     		ldr	r3, .L132
 2751 0024 1344     		add	r3, r3, r2
 2752              		.loc 1 1026 68
 2753 0026 0A46     		mov	r2, r1
 2754              		.loc 1 1026 61
 2755 0028 1A60     		str	r2, [r3]
1024:../../../firmware/n32h7xx_std_periph_driver/src/n32h7xx_jpeg.c ****     {
ARM GAS  /tmp/cc0DTqI6.s 			page 67


 2756              		.loc 1 1024 30 discriminator 3
 2757 002a 7B69     		ldr	r3, [r7, #20]
 2758 002c 0133     		adds	r3, r3, #1
 2759 002e 7B61     		str	r3, [r7, #20]
 2760              	.L130:
1024:../../../firmware/n32h7xx_std_periph_driver/src/n32h7xx_jpeg.c ****     {
 2761              		.loc 1 1024 20 discriminator 1
 2762 0030 7A69     		ldr	r2, [r7, #20]
 2763 0032 7B68     		ldr	r3, [r7, #4]
 2764 0034 9A42     		cmp	r2, r3
 2765 0036 ECD3     		bcc	.L131
1027:../../../firmware/n32h7xx_std_periph_driver/src/n32h7xx_jpeg.c ****     }
1028:../../../firmware/n32h7xx_std_periph_driver/src/n32h7xx_jpeg.c **** }
 2766              		.loc 1 1028 1
 2767 0038 00BF     		nop
 2768 003a 00BF     		nop
 2769 003c 1C37     		adds	r7, r7, #28
 2770              	.LCFI135:
 2771              		.cfi_def_cfa_offset 4
 2772 003e BD46     		mov	sp, r7
 2773              	.LCFI136:
 2774              		.cfi_def_cfa_register 13
 2775              		@ sp needed
 2776 0040 80BC     		pop	{r7}
 2777              	.LCFI137:
 2778              		.cfi_restore 7
 2779              		.cfi_def_cfa_offset 0
 2780 0042 7047     		bx	lr
 2781              	.L133:
 2782              		.align	2
 2783              	.L132:
 2784 0044 00000850 		.word	1342701568
 2785              		.cfi_endproc
 2786              	.LFE171:
 2788              		.section	.text.JPEGENC_Init,"ax",%progbits
 2789              		.align	1
 2790              		.global	JPEGENC_Init
 2791              		.syntax unified
 2792              		.thumb
 2793              		.thumb_func
 2795              	JPEGENC_Init:
 2796              	.LFB172:
1029:../../../firmware/n32h7xx_std_periph_driver/src/n32h7xx_jpeg.c **** 
1030:../../../firmware/n32h7xx_std_periph_driver/src/n32h7xx_jpeg.c **** 
1031:../../../firmware/n32h7xx_std_periph_driver/src/n32h7xx_jpeg.c **** /***** JPEG ENC module ****/
1032:../../../firmware/n32h7xx_std_periph_driver/src/n32h7xx_jpeg.c **** /**
1033:../../../firmware/n32h7xx_std_periph_driver/src/n32h7xx_jpeg.c **** *\*\name    JPEGENC_Init.
1034:../../../firmware/n32h7xx_std_periph_driver/src/n32h7xx_jpeg.c **** *\*\fun     Initializes the JPEG_ENC peripheral according to JPEGENC_InitStruct.
1035:../../../firmware/n32h7xx_std_periph_driver/src/n32h7xx_jpeg.c **** *\*\param   JPEGENC_InitStruct
1036:../../../firmware/n32h7xx_std_periph_driver/src/n32h7xx_jpeg.c **** *\*\            - header_address
1037:../../../firmware/n32h7xx_std_periph_driver/src/n32h7xx_jpeg.c **** *\*\                - NULL
1038:../../../firmware/n32h7xx_std_periph_driver/src/n32h7xx_jpeg.c **** *\*\                - 0x00000000~0xFFFFFFFF
1039:../../../firmware/n32h7xx_std_periph_driver/src/n32h7xx_jpeg.c **** *\*\            - header_size
1040:../../../firmware/n32h7xx_std_periph_driver/src/n32h7xx_jpeg.c **** *\*\                - 0x000~0x800
1041:../../../firmware/n32h7xx_std_periph_driver/src/n32h7xx_jpeg.c **** *\*\            - hufftab0_header_address
1042:../../../firmware/n32h7xx_std_periph_driver/src/n32h7xx_jpeg.c **** *\*\                - NULL
1043:../../../firmware/n32h7xx_std_periph_driver/src/n32h7xx_jpeg.c **** *\*\                - 0x00000000~0xFFFFFFFF
ARM GAS  /tmp/cc0DTqI6.s 			page 68


1044:../../../firmware/n32h7xx_std_periph_driver/src/n32h7xx_jpeg.c **** *\*\            - hufftab0_header_size
1045:../../../firmware/n32h7xx_std_periph_driver/src/n32h7xx_jpeg.c **** *\*\                - 0x000~0x800
1046:../../../firmware/n32h7xx_std_periph_driver/src/n32h7xx_jpeg.c **** *\*\            - hufftab1_header_address
1047:../../../firmware/n32h7xx_std_periph_driver/src/n32h7xx_jpeg.c **** *\*\                - NULL
1048:../../../firmware/n32h7xx_std_periph_driver/src/n32h7xx_jpeg.c **** *\*\                - 0x00000000~0xFFFFFFFF
1049:../../../firmware/n32h7xx_std_periph_driver/src/n32h7xx_jpeg.c **** *\*\            - hufftab1_header_size
1050:../../../firmware/n32h7xx_std_periph_driver/src/n32h7xx_jpeg.c **** *\*\                - 0x000~0x800
1051:../../../firmware/n32h7xx_std_periph_driver/src/n32h7xx_jpeg.c **** *\*\            - hufftab2_header_address
1052:../../../firmware/n32h7xx_std_periph_driver/src/n32h7xx_jpeg.c **** *\*\                - NULL
1053:../../../firmware/n32h7xx_std_periph_driver/src/n32h7xx_jpeg.c **** *\*\                - 0x00000000~0xFFFFFFFF
1054:../../../firmware/n32h7xx_std_periph_driver/src/n32h7xx_jpeg.c **** *\*\            - hufftab2_header_size
1055:../../../firmware/n32h7xx_std_periph_driver/src/n32h7xx_jpeg.c **** *\*\                - 0x000~0x800
1056:../../../firmware/n32h7xx_std_periph_driver/src/n32h7xx_jpeg.c **** *\*\            - hufftab3_header_address
1057:../../../firmware/n32h7xx_std_periph_driver/src/n32h7xx_jpeg.c **** *\*\                - NULL
1058:../../../firmware/n32h7xx_std_periph_driver/src/n32h7xx_jpeg.c **** *\*\                - 0x00000000~0xFFFFFFFF
1059:../../../firmware/n32h7xx_std_periph_driver/src/n32h7xx_jpeg.c **** *\*\            - hufftab3_header_size
1060:../../../firmware/n32h7xx_std_periph_driver/src/n32h7xx_jpeg.c **** *\*\                - 0x000~0x800
1061:../../../firmware/n32h7xx_std_periph_driver/src/n32h7xx_jpeg.c **** *\*\            - footer_address
1062:../../../firmware/n32h7xx_std_periph_driver/src/n32h7xx_jpeg.c **** *\*\                - NULL
1063:../../../firmware/n32h7xx_std_periph_driver/src/n32h7xx_jpeg.c **** *\*\                - 0x00000000~0xFFFFFFFF
1064:../../../firmware/n32h7xx_std_periph_driver/src/n32h7xx_jpeg.c **** *\*\            - footer_size
1065:../../../firmware/n32h7xx_std_periph_driver/src/n32h7xx_jpeg.c **** *\*\                - 0x000~0x800
1066:../../../firmware/n32h7xx_std_periph_driver/src/n32h7xx_jpeg.c **** *\*\            - output_select(The following parameters can be input simultaneously in the form of
1067:../../../firmware/n32h7xx_std_periph_driver/src/n32h7xx_jpeg.c **** *\*\                - JPEGENC_OUTPUT_NOTHING
1068:../../../firmware/n32h7xx_std_periph_driver/src/n32h7xx_jpeg.c **** *\*\                - JPEGENC_OUTPUT_QT0
1069:../../../firmware/n32h7xx_std_periph_driver/src/n32h7xx_jpeg.c **** *\*\                - JPEGENC_OUTPUT_QT1
1070:../../../firmware/n32h7xx_std_periph_driver/src/n32h7xx_jpeg.c **** *\*\                - JPEGENC_OUTPUT_QT2
1071:../../../firmware/n32h7xx_std_periph_driver/src/n32h7xx_jpeg.c **** *\*\                - JPEGENC_OUTPUT_QT3
1072:../../../firmware/n32h7xx_std_periph_driver/src/n32h7xx_jpeg.c **** *\*\                - JPEGENC_OUTPUT_HT0
1073:../../../firmware/n32h7xx_std_periph_driver/src/n32h7xx_jpeg.c **** *\*\                - JPEGENC_OUTPUT_HT1
1074:../../../firmware/n32h7xx_std_periph_driver/src/n32h7xx_jpeg.c **** *\*\                - JPEGENC_OUTPUT_HT2
1075:../../../firmware/n32h7xx_std_periph_driver/src/n32h7xx_jpeg.c **** *\*\                - JPEGENC_OUTPUT_HT3
1076:../../../firmware/n32h7xx_std_periph_driver/src/n32h7xx_jpeg.c **** *\*\                - JPEGENC_OUTPUT_ONLY
1077:../../../firmware/n32h7xx_std_periph_driver/src/n32h7xx_jpeg.c **** *\*\                - JPEGENC_OUTPUT_NOECS
1078:../../../firmware/n32h7xx_std_periph_driver/src/n32h7xx_jpeg.c **** *\*\            - QT0_address
1079:../../../firmware/n32h7xx_std_periph_driver/src/n32h7xx_jpeg.c **** *\*\                - NULL
1080:../../../firmware/n32h7xx_std_periph_driver/src/n32h7xx_jpeg.c **** *\*\                - 0x00000000~0xFFFFFFFF
1081:../../../firmware/n32h7xx_std_periph_driver/src/n32h7xx_jpeg.c **** *\*\            - QT1_address
1082:../../../firmware/n32h7xx_std_periph_driver/src/n32h7xx_jpeg.c **** *\*\                - NULL
1083:../../../firmware/n32h7xx_std_periph_driver/src/n32h7xx_jpeg.c **** *\*\                - 0x00000000~0xFFFFFFFF
1084:../../../firmware/n32h7xx_std_periph_driver/src/n32h7xx_jpeg.c **** *\*\            - QT2_address
1085:../../../firmware/n32h7xx_std_periph_driver/src/n32h7xx_jpeg.c **** *\*\                - NULL
1086:../../../firmware/n32h7xx_std_periph_driver/src/n32h7xx_jpeg.c **** *\*\                - 0x00000000~0xFFFFFFFF
1087:../../../firmware/n32h7xx_std_periph_driver/src/n32h7xx_jpeg.c **** *\*\            - QT3_address
1088:../../../firmware/n32h7xx_std_periph_driver/src/n32h7xx_jpeg.c **** *\*\                - NULL
1089:../../../firmware/n32h7xx_std_periph_driver/src/n32h7xx_jpeg.c **** *\*\                - 0x00000000~0xFFFFFFFF
1090:../../../firmware/n32h7xx_std_periph_driver/src/n32h7xx_jpeg.c **** *\*\            - restart_interval
1091:../../../firmware/n32h7xx_std_periph_driver/src/n32h7xx_jpeg.c **** *\*\                - JPEGENC_RESSART_ENABLE
1092:../../../firmware/n32h7xx_std_periph_driver/src/n32h7xx_jpeg.c **** *\*\                - JPEGENC_RESSART_DISABLE
1093:../../../firmware/n32h7xx_std_periph_driver/src/n32h7xx_jpeg.c **** *\*\            - interval_num
1094:../../../firmware/n32h7xx_std_periph_driver/src/n32h7xx_jpeg.c **** *\*\                - 0x00000001~0x10000000
1095:../../../firmware/n32h7xx_std_periph_driver/src/n32h7xx_jpeg.c **** *\*\            - C0QT_select
1096:../../../firmware/n32h7xx_std_periph_driver/src/n32h7xx_jpeg.c **** *\*\                - 0x00~0x03
1097:../../../firmware/n32h7xx_std_periph_driver/src/n32h7xx_jpeg.c **** *\*\            - C1QT_select
1098:../../../firmware/n32h7xx_std_periph_driver/src/n32h7xx_jpeg.c **** *\*\                - 0x00~0x03
1099:../../../firmware/n32h7xx_std_periph_driver/src/n32h7xx_jpeg.c **** *\*\            - C2QT_select
1100:../../../firmware/n32h7xx_std_periph_driver/src/n32h7xx_jpeg.c **** *\*\                - 0x00~0x03
ARM GAS  /tmp/cc0DTqI6.s 			page 69


1101:../../../firmware/n32h7xx_std_periph_driver/src/n32h7xx_jpeg.c **** *\*\            - C3QT_select
1102:../../../firmware/n32h7xx_std_periph_driver/src/n32h7xx_jpeg.c **** *\*\                - 0x00~0x03
1103:../../../firmware/n32h7xx_std_periph_driver/src/n32h7xx_jpeg.c **** *\*\            - C0HT_select
1104:../../../firmware/n32h7xx_std_periph_driver/src/n32h7xx_jpeg.c **** *\*\                - 0x00~0x03
1105:../../../firmware/n32h7xx_std_periph_driver/src/n32h7xx_jpeg.c **** *\*\            - C1HT_select
1106:../../../firmware/n32h7xx_std_periph_driver/src/n32h7xx_jpeg.c **** *\*\                - 0x00~0x03
1107:../../../firmware/n32h7xx_std_periph_driver/src/n32h7xx_jpeg.c **** *\*\            - C2HT_select
1108:../../../firmware/n32h7xx_std_periph_driver/src/n32h7xx_jpeg.c **** *\*\                - 0x00~0x03
1109:../../../firmware/n32h7xx_std_periph_driver/src/n32h7xx_jpeg.c **** *\*\            - C3HT_select
1110:../../../firmware/n32h7xx_std_periph_driver/src/n32h7xx_jpeg.c **** *\*\                - 0x00~0x03
1111:../../../firmware/n32h7xx_std_periph_driver/src/n32h7xx_jpeg.c **** *\*\            - Corereset
1112:../../../firmware/n32h7xx_std_periph_driver/src/n32h7xx_jpeg.c **** *\*\                - JPEGENC_CORERST_ENABLE
1113:../../../firmware/n32h7xx_std_periph_driver/src/n32h7xx_jpeg.c **** *\*\                - JPEGENC_CORERST_DISABLE
1114:../../../firmware/n32h7xx_std_periph_driver/src/n32h7xx_jpeg.c **** *\*\return status
1115:../../../firmware/n32h7xx_std_periph_driver/src/n32h7xx_jpeg.c **** *\*\          - ERROR
1116:../../../firmware/n32h7xx_std_periph_driver/src/n32h7xx_jpeg.c **** *\*\          - SUCCESS
1117:../../../firmware/n32h7xx_std_periph_driver/src/n32h7xx_jpeg.c **** **/
1118:../../../firmware/n32h7xx_std_periph_driver/src/n32h7xx_jpeg.c **** ErrorStatus JPEGENC_Init(JPEGENC_InitType* JPEGENC_InitStruct)
1119:../../../firmware/n32h7xx_std_periph_driver/src/n32h7xx_jpeg.c **** {
 2797              		.loc 1 1119 1
 2798              		.cfi_startproc
 2799              		@ args = 0, pretend = 0, frame = 32
 2800              		@ frame_needed = 1, uses_anonymous_args = 0
 2801              		@ link register save eliminated.
 2802 0000 80B4     		push	{r7}
 2803              	.LCFI138:
 2804              		.cfi_def_cfa_offset 4
 2805              		.cfi_offset 7, -4
 2806 0002 89B0     		sub	sp, sp, #36
 2807              	.LCFI139:
 2808              		.cfi_def_cfa_offset 40
 2809 0004 00AF     		add	r7, sp, #0
 2810              	.LCFI140:
 2811              		.cfi_def_cfa_register 7
 2812 0006 7860     		str	r0, [r7, #4]
1120:../../../firmware/n32h7xx_std_periph_driver/src/n32h7xx_jpeg.c ****     ErrorStatus status = SUCCESS;
 2813              		.loc 1 1120 17
 2814 0008 0123     		movs	r3, #1
 2815 000a FB75     		strb	r3, [r7, #23]
1121:../../../firmware/n32h7xx_std_periph_driver/src/n32h7xx_jpeg.c ****     uint32_t position_temp = 0U;
 2816              		.loc 1 1121 14
 2817 000c 0023     		movs	r3, #0
 2818 000e FB61     		str	r3, [r7, #28]
1122:../../../firmware/n32h7xx_std_periph_driver/src/n32h7xx_jpeg.c ****     uint32_t size_word;
1123:../../../firmware/n32h7xx_std_periph_driver/src/n32h7xx_jpeg.c ****     uint32_t cnt_value;
1124:../../../firmware/n32h7xx_std_periph_driver/src/n32h7xx_jpeg.c ****     uint32_t* pbuffer;
1125:../../../firmware/n32h7xx_std_periph_driver/src/n32h7xx_jpeg.c ****     
1126:../../../firmware/n32h7xx_std_periph_driver/src/n32h7xx_jpeg.c ****     /* Calculate the combined size of all tables */
1127:../../../firmware/n32h7xx_std_periph_driver/src/n32h7xx_jpeg.c ****     size_word = ((JPEGENC_InitStruct->header_size + 3U)/4U) + \
 2819              		.loc 1 1127 37
 2820 0010 7B68     		ldr	r3, [r7, #4]
 2821 0012 5B6E     		ldr	r3, [r3, #100]
 2822              		.loc 1 1127 51
 2823 0014 0333     		adds	r3, r3, #3
 2824              		.loc 1 1127 56
 2825 0016 9A08     		lsrs	r2, r3, #2
1128:../../../firmware/n32h7xx_std_periph_driver/src/n32h7xx_jpeg.c ****                  ((JPEGENC_InitStruct->hufftab0_header_size + 3U)/4U) + \
ARM GAS  /tmp/cc0DTqI6.s 			page 70


 2826              		.loc 1 1128 38
 2827 0018 7B68     		ldr	r3, [r7, #4]
 2828 001a DB6E     		ldr	r3, [r3, #108]
 2829              		.loc 1 1128 61
 2830 001c 0333     		adds	r3, r3, #3
 2831              		.loc 1 1128 66
 2832 001e 9B08     		lsrs	r3, r3, #2
1127:../../../firmware/n32h7xx_std_periph_driver/src/n32h7xx_jpeg.c ****                  ((JPEGENC_InitStruct->hufftab0_header_size + 3U)/4U) + \
 2833              		.loc 1 1127 61
 2834 0020 1A44     		add	r2, r2, r3
1129:../../../firmware/n32h7xx_std_periph_driver/src/n32h7xx_jpeg.c ****                  ((JPEGENC_InitStruct->hufftab1_header_size + 3U)/4U) + \
 2835              		.loc 1 1129 38
 2836 0022 7B68     		ldr	r3, [r7, #4]
 2837 0024 5B6F     		ldr	r3, [r3, #116]
 2838              		.loc 1 1129 61
 2839 0026 0333     		adds	r3, r3, #3
 2840              		.loc 1 1129 66
 2841 0028 9B08     		lsrs	r3, r3, #2
1128:../../../firmware/n32h7xx_std_periph_driver/src/n32h7xx_jpeg.c ****                  ((JPEGENC_InitStruct->hufftab0_header_size + 3U)/4U) + \
 2842              		.loc 1 1128 71
 2843 002a 1A44     		add	r2, r2, r3
1130:../../../firmware/n32h7xx_std_periph_driver/src/n32h7xx_jpeg.c ****                  ((JPEGENC_InitStruct->hufftab2_header_size + 3U)/4U) + \
 2844              		.loc 1 1130 38
 2845 002c 7B68     		ldr	r3, [r7, #4]
 2846 002e DB6F     		ldr	r3, [r3, #124]
 2847              		.loc 1 1130 61
 2848 0030 0333     		adds	r3, r3, #3
 2849              		.loc 1 1130 66
 2850 0032 9B08     		lsrs	r3, r3, #2
1129:../../../firmware/n32h7xx_std_periph_driver/src/n32h7xx_jpeg.c ****                  ((JPEGENC_InitStruct->hufftab1_header_size + 3U)/4U) + \
 2851              		.loc 1 1129 71
 2852 0034 1A44     		add	r2, r2, r3
1131:../../../firmware/n32h7xx_std_periph_driver/src/n32h7xx_jpeg.c ****                  ((JPEGENC_InitStruct->hufftab3_header_size + 3U)/4U) + \
 2853              		.loc 1 1131 38
 2854 0036 7B68     		ldr	r3, [r7, #4]
 2855 0038 D3F88430 		ldr	r3, [r3, #132]
 2856              		.loc 1 1131 61
 2857 003c 0333     		adds	r3, r3, #3
 2858              		.loc 1 1131 66
 2859 003e 9B08     		lsrs	r3, r3, #2
1130:../../../firmware/n32h7xx_std_periph_driver/src/n32h7xx_jpeg.c ****                  ((JPEGENC_InitStruct->hufftab2_header_size + 3U)/4U) + \
 2860              		.loc 1 1130 71
 2861 0040 1A44     		add	r2, r2, r3
1132:../../../firmware/n32h7xx_std_periph_driver/src/n32h7xx_jpeg.c ****                  ((JPEGENC_InitStruct->footer_size + 3U)/4U);
 2862              		.loc 1 1132 38
 2863 0042 7B68     		ldr	r3, [r7, #4]
 2864 0044 D3F88C30 		ldr	r3, [r3, #140]
 2865              		.loc 1 1132 52
 2866 0048 0333     		adds	r3, r3, #3
 2867              		.loc 1 1132 57
 2868 004a 9B08     		lsrs	r3, r3, #2
1127:../../../firmware/n32h7xx_std_periph_driver/src/n32h7xx_jpeg.c ****                  ((JPEGENC_InitStruct->hufftab0_header_size + 3U)/4U) + \
 2869              		.loc 1 1127 15
 2870 004c 1344     		add	r3, r3, r2
 2871 004e 3B61     		str	r3, [r7, #16]
1133:../../../firmware/n32h7xx_std_periph_driver/src/n32h7xx_jpeg.c ****     
1134:../../../firmware/n32h7xx_std_periph_driver/src/n32h7xx_jpeg.c ****     /* Total size exceeds limit, error returned */
ARM GAS  /tmp/cc0DTqI6.s 			page 71


1135:../../../firmware/n32h7xx_std_periph_driver/src/n32h7xx_jpeg.c ****     if(size_word > 0x200U)
 2872              		.loc 1 1135 7
 2873 0050 3B69     		ldr	r3, [r7, #16]
 2874 0052 B3F5007F 		cmp	r3, #512
 2875 0056 01D9     		bls	.L135
1136:../../../firmware/n32h7xx_std_periph_driver/src/n32h7xx_jpeg.c ****     {
1137:../../../firmware/n32h7xx_std_periph_driver/src/n32h7xx_jpeg.c ****         return ERROR;
 2876              		.loc 1 1137 16
 2877 0058 0023     		movs	r3, #0
 2878 005a DDE3     		b	.L136
 2879              	.L135:
1138:../../../firmware/n32h7xx_std_periph_driver/src/n32h7xx_jpeg.c ****     }
1139:../../../firmware/n32h7xx_std_periph_driver/src/n32h7xx_jpeg.c ****     
1140:../../../firmware/n32h7xx_std_periph_driver/src/n32h7xx_jpeg.c ****     /* Huffman tables0 */
1141:../../../firmware/n32h7xx_std_periph_driver/src/n32h7xx_jpeg.c ****     if(JPEGENC_InitStruct->HuffmanTable0.DCcode_offset != NULL)
 2880              		.loc 1 1141 41
 2881 005c 7B68     		ldr	r3, [r7, #4]
 2882 005e 1B68     		ldr	r3, [r3]
 2883              		.loc 1 1141 7
 2884 0060 002B     		cmp	r3, #0
 2885 0062 13D0     		beq	.L137
1142:../../../firmware/n32h7xx_std_periph_driver/src/n32h7xx_jpeg.c ****     {
1143:../../../firmware/n32h7xx_std_periph_driver/src/n32h7xx_jpeg.c ****         for(cnt_value = 0U;cnt_value < 12U;cnt_value++)
 2886              		.loc 1 1143 23
 2887 0064 0023     		movs	r3, #0
 2888 0066 BB61     		str	r3, [r7, #24]
 2889              		.loc 1 1143 9
 2890 0068 0DE0     		b	.L138
 2891              	.L139:
1144:../../../firmware/n32h7xx_std_periph_driver/src/n32h7xx_jpeg.c ****         {
1145:../../../firmware/n32h7xx_std_periph_driver/src/n32h7xx_jpeg.c ****             JPEG_ENC->HT0.DCOL[cnt_value] = (uint32_t)JPEGENC_InitStruct->HuffmanTable0.DCcode_offs
 2892              		.loc 1 1145 88
 2893 006a 7B68     		ldr	r3, [r7, #4]
 2894 006c 1A68     		ldr	r2, [r3]
 2895              		.loc 1 1145 102
 2896 006e BB69     		ldr	r3, [r7, #24]
 2897 0070 5B00     		lsls	r3, r3, #1
 2898 0072 1344     		add	r3, r3, r2
 2899 0074 1B88     		ldrh	r3, [r3]
 2900              		.loc 1 1145 21
 2901 0076 944A     		ldr	r2, .L221
 2902              		.loc 1 1145 45
 2903 0078 1946     		mov	r1, r3
 2904              		.loc 1 1145 43
 2905 007a BB69     		ldr	r3, [r7, #24]
 2906 007c 42F82310 		str	r1, [r2, r3, lsl #2]
1143:../../../firmware/n32h7xx_std_periph_driver/src/n32h7xx_jpeg.c ****         {
 2907              		.loc 1 1143 53 discriminator 3
 2908 0080 BB69     		ldr	r3, [r7, #24]
 2909 0082 0133     		adds	r3, r3, #1
 2910 0084 BB61     		str	r3, [r7, #24]
 2911              	.L138:
1143:../../../firmware/n32h7xx_std_periph_driver/src/n32h7xx_jpeg.c ****         {
 2912              		.loc 1 1143 38 discriminator 1
 2913 0086 BB69     		ldr	r3, [r7, #24]
 2914 0088 0B2B     		cmp	r3, #11
 2915 008a EED9     		bls	.L139
ARM GAS  /tmp/cc0DTqI6.s 			page 72


 2916              	.L137:
1146:../../../firmware/n32h7xx_std_periph_driver/src/n32h7xx_jpeg.c ****         }
1147:../../../firmware/n32h7xx_std_periph_driver/src/n32h7xx_jpeg.c ****     }
1148:../../../firmware/n32h7xx_std_periph_driver/src/n32h7xx_jpeg.c ****     else
1149:../../../firmware/n32h7xx_std_periph_driver/src/n32h7xx_jpeg.c ****     {
1150:../../../firmware/n32h7xx_std_periph_driver/src/n32h7xx_jpeg.c ****         /* no process */
1151:../../../firmware/n32h7xx_std_periph_driver/src/n32h7xx_jpeg.c ****     }
1152:../../../firmware/n32h7xx_std_periph_driver/src/n32h7xx_jpeg.c ****     
1153:../../../firmware/n32h7xx_std_periph_driver/src/n32h7xx_jpeg.c ****     if(JPEGENC_InitStruct->HuffmanTable0.ACcode_offset != NULL)
 2917              		.loc 1 1153 41
 2918 008c 7B68     		ldr	r3, [r7, #4]
 2919 008e 5B68     		ldr	r3, [r3, #4]
 2920              		.loc 1 1153 7
 2921 0090 002B     		cmp	r3, #0
 2922 0092 14D0     		beq	.L140
1154:../../../firmware/n32h7xx_std_periph_driver/src/n32h7xx_jpeg.c ****     {
1155:../../../firmware/n32h7xx_std_periph_driver/src/n32h7xx_jpeg.c ****         for(cnt_value = 0U;cnt_value < 160U;cnt_value++)
 2923              		.loc 1 1155 23
 2924 0094 0023     		movs	r3, #0
 2925 0096 BB61     		str	r3, [r7, #24]
 2926              		.loc 1 1155 9
 2927 0098 0EE0     		b	.L141
 2928              	.L142:
1156:../../../firmware/n32h7xx_std_periph_driver/src/n32h7xx_jpeg.c ****         {
1157:../../../firmware/n32h7xx_std_periph_driver/src/n32h7xx_jpeg.c ****             JPEG_ENC->HT0.ACOL[cnt_value] = (uint32_t)JPEGENC_InitStruct->HuffmanTable0.ACcode_offs
 2929              		.loc 1 1157 88
 2930 009a 7B68     		ldr	r3, [r7, #4]
 2931 009c 5A68     		ldr	r2, [r3, #4]
 2932              		.loc 1 1157 102
 2933 009e BB69     		ldr	r3, [r7, #24]
 2934 00a0 5B00     		lsls	r3, r3, #1
 2935 00a2 1344     		add	r3, r3, r2
 2936 00a4 1B88     		ldrh	r3, [r3]
 2937              		.loc 1 1157 21
 2938 00a6 884A     		ldr	r2, .L221
 2939              		.loc 1 1157 45
 2940 00a8 1946     		mov	r1, r3
 2941              		.loc 1 1157 43
 2942 00aa BB69     		ldr	r3, [r7, #24]
 2943 00ac 1033     		adds	r3, r3, #16
 2944 00ae 42F82310 		str	r1, [r2, r3, lsl #2]
1155:../../../firmware/n32h7xx_std_periph_driver/src/n32h7xx_jpeg.c ****         {
 2945              		.loc 1 1155 54 discriminator 3
 2946 00b2 BB69     		ldr	r3, [r7, #24]
 2947 00b4 0133     		adds	r3, r3, #1
 2948 00b6 BB61     		str	r3, [r7, #24]
 2949              	.L141:
1155:../../../firmware/n32h7xx_std_periph_driver/src/n32h7xx_jpeg.c ****         {
 2950              		.loc 1 1155 38 discriminator 1
 2951 00b8 BB69     		ldr	r3, [r7, #24]
 2952 00ba 9F2B     		cmp	r3, #159
 2953 00bc EDD9     		bls	.L142
 2954              	.L140:
1158:../../../firmware/n32h7xx_std_periph_driver/src/n32h7xx_jpeg.c ****         }
1159:../../../firmware/n32h7xx_std_periph_driver/src/n32h7xx_jpeg.c ****     }
1160:../../../firmware/n32h7xx_std_periph_driver/src/n32h7xx_jpeg.c ****     else
1161:../../../firmware/n32h7xx_std_periph_driver/src/n32h7xx_jpeg.c ****     {
ARM GAS  /tmp/cc0DTqI6.s 			page 73


1162:../../../firmware/n32h7xx_std_periph_driver/src/n32h7xx_jpeg.c ****         /* no process */
1163:../../../firmware/n32h7xx_std_periph_driver/src/n32h7xx_jpeg.c ****     }
1164:../../../firmware/n32h7xx_std_periph_driver/src/n32h7xx_jpeg.c ****     
1165:../../../firmware/n32h7xx_std_periph_driver/src/n32h7xx_jpeg.c ****     if(JPEGENC_InitStruct->HuffmanTable0.DCcode_start != NULL)
 2955              		.loc 1 1165 41
 2956 00be 7B68     		ldr	r3, [r7, #4]
 2957 00c0 9B68     		ldr	r3, [r3, #8]
 2958              		.loc 1 1165 7
 2959 00c2 002B     		cmp	r3, #0
 2960 00c4 15D0     		beq	.L143
1166:../../../firmware/n32h7xx_std_periph_driver/src/n32h7xx_jpeg.c ****     {
1167:../../../firmware/n32h7xx_std_periph_driver/src/n32h7xx_jpeg.c ****         for(cnt_value = 0U;cnt_value < 16U;cnt_value++)
 2961              		.loc 1 1167 23
 2962 00c6 0023     		movs	r3, #0
 2963 00c8 BB61     		str	r3, [r7, #24]
 2964              		.loc 1 1167 9
 2965 00ca 0FE0     		b	.L144
 2966              	.L145:
1168:../../../firmware/n32h7xx_std_periph_driver/src/n32h7xx_jpeg.c ****         {
1169:../../../firmware/n32h7xx_std_periph_driver/src/n32h7xx_jpeg.c ****             JPEG_ENC->HT0.DCCODE[cnt_value] = (uint32_t)JPEGENC_InitStruct->HuffmanTable0.DCcode_st
 2967              		.loc 1 1169 90
 2968 00cc 7B68     		ldr	r3, [r7, #4]
 2969 00ce 9A68     		ldr	r2, [r3, #8]
 2970              		.loc 1 1169 103
 2971 00d0 BB69     		ldr	r3, [r7, #24]
 2972 00d2 5B00     		lsls	r3, r3, #1
 2973 00d4 1344     		add	r3, r3, r2
 2974 00d6 1B88     		ldrh	r3, [r3]
 2975              		.loc 1 1169 21
 2976 00d8 7B4A     		ldr	r2, .L221
 2977              		.loc 1 1169 47
 2978 00da 1946     		mov	r1, r3
 2979              		.loc 1 1169 45
 2980 00dc BB69     		ldr	r3, [r7, #24]
 2981 00de 03F58073 		add	r3, r3, #256
 2982 00e2 42F82310 		str	r1, [r2, r3, lsl #2]
1167:../../../firmware/n32h7xx_std_periph_driver/src/n32h7xx_jpeg.c ****         {
 2983              		.loc 1 1167 53 discriminator 3
 2984 00e6 BB69     		ldr	r3, [r7, #24]
 2985 00e8 0133     		adds	r3, r3, #1
 2986 00ea BB61     		str	r3, [r7, #24]
 2987              	.L144:
1167:../../../firmware/n32h7xx_std_periph_driver/src/n32h7xx_jpeg.c ****         {
 2988              		.loc 1 1167 38 discriminator 1
 2989 00ec BB69     		ldr	r3, [r7, #24]
 2990 00ee 0F2B     		cmp	r3, #15
 2991 00f0 ECD9     		bls	.L145
 2992              	.L143:
1170:../../../firmware/n32h7xx_std_periph_driver/src/n32h7xx_jpeg.c ****         }
1171:../../../firmware/n32h7xx_std_periph_driver/src/n32h7xx_jpeg.c ****     }
1172:../../../firmware/n32h7xx_std_periph_driver/src/n32h7xx_jpeg.c ****     else
1173:../../../firmware/n32h7xx_std_periph_driver/src/n32h7xx_jpeg.c ****     {
1174:../../../firmware/n32h7xx_std_periph_driver/src/n32h7xx_jpeg.c ****         /* no process */
1175:../../../firmware/n32h7xx_std_periph_driver/src/n32h7xx_jpeg.c ****     }
1176:../../../firmware/n32h7xx_std_periph_driver/src/n32h7xx_jpeg.c ****     
1177:../../../firmware/n32h7xx_std_periph_driver/src/n32h7xx_jpeg.c ****     if(JPEGENC_InitStruct->HuffmanTable0.ACcode_start != NULL)
 2993              		.loc 1 1177 41
ARM GAS  /tmp/cc0DTqI6.s 			page 74


 2994 00f2 7B68     		ldr	r3, [r7, #4]
 2995 00f4 DB68     		ldr	r3, [r3, #12]
 2996              		.loc 1 1177 7
 2997 00f6 002B     		cmp	r3, #0
 2998 00f8 15D0     		beq	.L146
1178:../../../firmware/n32h7xx_std_periph_driver/src/n32h7xx_jpeg.c ****     {
1179:../../../firmware/n32h7xx_std_periph_driver/src/n32h7xx_jpeg.c ****         for(cnt_value = 0U;cnt_value < 16U;cnt_value++)
 2999              		.loc 1 1179 23
 3000 00fa 0023     		movs	r3, #0
 3001 00fc BB61     		str	r3, [r7, #24]
 3002              		.loc 1 1179 9
 3003 00fe 0FE0     		b	.L147
 3004              	.L148:
1180:../../../firmware/n32h7xx_std_periph_driver/src/n32h7xx_jpeg.c ****         {
1181:../../../firmware/n32h7xx_std_periph_driver/src/n32h7xx_jpeg.c ****             JPEG_ENC->HT0.ACCODE[cnt_value] = (uint32_t)JPEGENC_InitStruct->HuffmanTable0.ACcode_st
 3005              		.loc 1 1181 90
 3006 0100 7B68     		ldr	r3, [r7, #4]
 3007 0102 DA68     		ldr	r2, [r3, #12]
 3008              		.loc 1 1181 103
 3009 0104 BB69     		ldr	r3, [r7, #24]
 3010 0106 5B00     		lsls	r3, r3, #1
 3011 0108 1344     		add	r3, r3, r2
 3012 010a 1B88     		ldrh	r3, [r3]
 3013              		.loc 1 1181 21
 3014 010c 6E4A     		ldr	r2, .L221
 3015              		.loc 1 1181 47
 3016 010e 1946     		mov	r1, r3
 3017              		.loc 1 1181 45
 3018 0110 BB69     		ldr	r3, [r7, #24]
 3019 0112 03F58873 		add	r3, r3, #272
 3020 0116 42F82310 		str	r1, [r2, r3, lsl #2]
1179:../../../firmware/n32h7xx_std_periph_driver/src/n32h7xx_jpeg.c ****         {
 3021              		.loc 1 1179 53 discriminator 3
 3022 011a BB69     		ldr	r3, [r7, #24]
 3023 011c 0133     		adds	r3, r3, #1
 3024 011e BB61     		str	r3, [r7, #24]
 3025              	.L147:
1179:../../../firmware/n32h7xx_std_periph_driver/src/n32h7xx_jpeg.c ****         {
 3026              		.loc 1 1179 38 discriminator 1
 3027 0120 BB69     		ldr	r3, [r7, #24]
 3028 0122 0F2B     		cmp	r3, #15
 3029 0124 ECD9     		bls	.L148
 3030              	.L146:
1182:../../../firmware/n32h7xx_std_periph_driver/src/n32h7xx_jpeg.c ****         }
1183:../../../firmware/n32h7xx_std_periph_driver/src/n32h7xx_jpeg.c ****     }
1184:../../../firmware/n32h7xx_std_periph_driver/src/n32h7xx_jpeg.c ****     else
1185:../../../firmware/n32h7xx_std_periph_driver/src/n32h7xx_jpeg.c ****     {
1186:../../../firmware/n32h7xx_std_periph_driver/src/n32h7xx_jpeg.c ****         /* no process */
1187:../../../firmware/n32h7xx_std_periph_driver/src/n32h7xx_jpeg.c ****     }
1188:../../../firmware/n32h7xx_std_periph_driver/src/n32h7xx_jpeg.c ****     
1189:../../../firmware/n32h7xx_std_periph_driver/src/n32h7xx_jpeg.c ****     JPEG_ENC->HT0.EOBS = JPEGENC_InitStruct->HuffmanTable0.EOBS;
 3031              		.loc 1 1189 13
 3032 0126 684A     		ldr	r2, .L221
 3033              		.loc 1 1189 59
 3034 0128 7B68     		ldr	r3, [r7, #4]
 3035 012a 1B69     		ldr	r3, [r3, #16]
 3036              		.loc 1 1189 24
ARM GAS  /tmp/cc0DTqI6.s 			page 75


 3037 012c C2F88034 		str	r3, [r2, #1152]
1190:../../../firmware/n32h7xx_std_periph_driver/src/n32h7xx_jpeg.c ****     JPEG_ENC->HT0.ZRLS = JPEGENC_InitStruct->HuffmanTable0.ZRLS;
 3038              		.loc 1 1190 13
 3039 0130 654A     		ldr	r2, .L221
 3040              		.loc 1 1190 59
 3041 0132 7B68     		ldr	r3, [r7, #4]
 3042 0134 5B69     		ldr	r3, [r3, #20]
 3043              		.loc 1 1190 24
 3044 0136 C2F88434 		str	r3, [r2, #1156]
1191:../../../firmware/n32h7xx_std_periph_driver/src/n32h7xx_jpeg.c ****     
1192:../../../firmware/n32h7xx_std_periph_driver/src/n32h7xx_jpeg.c ****     /* Huffman tables1 */
1193:../../../firmware/n32h7xx_std_periph_driver/src/n32h7xx_jpeg.c ****     if(JPEGENC_InitStruct->HuffmanTable1.DCcode_offset != NULL)
 3045              		.loc 1 1193 41
 3046 013a 7B68     		ldr	r3, [r7, #4]
 3047 013c 9B69     		ldr	r3, [r3, #24]
 3048              		.loc 1 1193 7
 3049 013e 002B     		cmp	r3, #0
 3050 0140 15D0     		beq	.L149
1194:../../../firmware/n32h7xx_std_periph_driver/src/n32h7xx_jpeg.c ****     {
1195:../../../firmware/n32h7xx_std_periph_driver/src/n32h7xx_jpeg.c ****         for(cnt_value = 0U;cnt_value < 12U;cnt_value++)
 3051              		.loc 1 1195 23
 3052 0142 0023     		movs	r3, #0
 3053 0144 BB61     		str	r3, [r7, #24]
 3054              		.loc 1 1195 9
 3055 0146 0FE0     		b	.L150
 3056              	.L151:
1196:../../../firmware/n32h7xx_std_periph_driver/src/n32h7xx_jpeg.c ****         {
1197:../../../firmware/n32h7xx_std_periph_driver/src/n32h7xx_jpeg.c ****             JPEG_ENC->HT1.DCOL[cnt_value] = (uint32_t)JPEGENC_InitStruct->HuffmanTable1.DCcode_offs
 3057              		.loc 1 1197 88
 3058 0148 7B68     		ldr	r3, [r7, #4]
 3059 014a 9A69     		ldr	r2, [r3, #24]
 3060              		.loc 1 1197 102
 3061 014c BB69     		ldr	r3, [r7, #24]
 3062 014e 5B00     		lsls	r3, r3, #1
 3063 0150 1344     		add	r3, r3, r2
 3064 0152 1B88     		ldrh	r3, [r3]
 3065              		.loc 1 1197 21
 3066 0154 5C4A     		ldr	r2, .L221
 3067              		.loc 1 1197 45
 3068 0156 1946     		mov	r1, r3
 3069              		.loc 1 1197 43
 3070 0158 BB69     		ldr	r3, [r7, #24]
 3071 015a 03F50073 		add	r3, r3, #512
 3072 015e 42F82310 		str	r1, [r2, r3, lsl #2]
1195:../../../firmware/n32h7xx_std_periph_driver/src/n32h7xx_jpeg.c ****         {
 3073              		.loc 1 1195 53 discriminator 3
 3074 0162 BB69     		ldr	r3, [r7, #24]
 3075 0164 0133     		adds	r3, r3, #1
 3076 0166 BB61     		str	r3, [r7, #24]
 3077              	.L150:
1195:../../../firmware/n32h7xx_std_periph_driver/src/n32h7xx_jpeg.c ****         {
 3078              		.loc 1 1195 38 discriminator 1
 3079 0168 BB69     		ldr	r3, [r7, #24]
 3080 016a 0B2B     		cmp	r3, #11
 3081 016c ECD9     		bls	.L151
 3082              	.L149:
1198:../../../firmware/n32h7xx_std_periph_driver/src/n32h7xx_jpeg.c ****         }
ARM GAS  /tmp/cc0DTqI6.s 			page 76


1199:../../../firmware/n32h7xx_std_periph_driver/src/n32h7xx_jpeg.c ****     }
1200:../../../firmware/n32h7xx_std_periph_driver/src/n32h7xx_jpeg.c ****     else
1201:../../../firmware/n32h7xx_std_periph_driver/src/n32h7xx_jpeg.c ****     {
1202:../../../firmware/n32h7xx_std_periph_driver/src/n32h7xx_jpeg.c ****         /* no process */
1203:../../../firmware/n32h7xx_std_periph_driver/src/n32h7xx_jpeg.c ****     }
1204:../../../firmware/n32h7xx_std_periph_driver/src/n32h7xx_jpeg.c ****     
1205:../../../firmware/n32h7xx_std_periph_driver/src/n32h7xx_jpeg.c ****     if(JPEGENC_InitStruct->HuffmanTable1.ACcode_offset != NULL)
 3083              		.loc 1 1205 41
 3084 016e 7B68     		ldr	r3, [r7, #4]
 3085 0170 DB69     		ldr	r3, [r3, #28]
 3086              		.loc 1 1205 7
 3087 0172 002B     		cmp	r3, #0
 3088 0174 15D0     		beq	.L152
1206:../../../firmware/n32h7xx_std_periph_driver/src/n32h7xx_jpeg.c ****     {
1207:../../../firmware/n32h7xx_std_periph_driver/src/n32h7xx_jpeg.c ****         for(cnt_value = 0U;cnt_value < 160U;cnt_value++)
 3089              		.loc 1 1207 23
 3090 0176 0023     		movs	r3, #0
 3091 0178 BB61     		str	r3, [r7, #24]
 3092              		.loc 1 1207 9
 3093 017a 0FE0     		b	.L153
 3094              	.L154:
1208:../../../firmware/n32h7xx_std_periph_driver/src/n32h7xx_jpeg.c ****         {
1209:../../../firmware/n32h7xx_std_periph_driver/src/n32h7xx_jpeg.c ****             JPEG_ENC->HT1.ACOL[cnt_value] = (uint32_t)JPEGENC_InitStruct->HuffmanTable1.ACcode_offs
 3095              		.loc 1 1209 88
 3096 017c 7B68     		ldr	r3, [r7, #4]
 3097 017e DA69     		ldr	r2, [r3, #28]
 3098              		.loc 1 1209 102
 3099 0180 BB69     		ldr	r3, [r7, #24]
 3100 0182 5B00     		lsls	r3, r3, #1
 3101 0184 1344     		add	r3, r3, r2
 3102 0186 1B88     		ldrh	r3, [r3]
 3103              		.loc 1 1209 21
 3104 0188 4F4A     		ldr	r2, .L221
 3105              		.loc 1 1209 45
 3106 018a 1946     		mov	r1, r3
 3107              		.loc 1 1209 43
 3108 018c BB69     		ldr	r3, [r7, #24]
 3109 018e 03F50473 		add	r3, r3, #528
 3110 0192 42F82310 		str	r1, [r2, r3, lsl #2]
1207:../../../firmware/n32h7xx_std_periph_driver/src/n32h7xx_jpeg.c ****         {
 3111              		.loc 1 1207 54 discriminator 3
 3112 0196 BB69     		ldr	r3, [r7, #24]
 3113 0198 0133     		adds	r3, r3, #1
 3114 019a BB61     		str	r3, [r7, #24]
 3115              	.L153:
1207:../../../firmware/n32h7xx_std_periph_driver/src/n32h7xx_jpeg.c ****         {
 3116              		.loc 1 1207 38 discriminator 1
 3117 019c BB69     		ldr	r3, [r7, #24]
 3118 019e 9F2B     		cmp	r3, #159
 3119 01a0 ECD9     		bls	.L154
 3120              	.L152:
1210:../../../firmware/n32h7xx_std_periph_driver/src/n32h7xx_jpeg.c ****         }
1211:../../../firmware/n32h7xx_std_periph_driver/src/n32h7xx_jpeg.c ****     }
1212:../../../firmware/n32h7xx_std_periph_driver/src/n32h7xx_jpeg.c ****     else
1213:../../../firmware/n32h7xx_std_periph_driver/src/n32h7xx_jpeg.c ****     {
1214:../../../firmware/n32h7xx_std_periph_driver/src/n32h7xx_jpeg.c ****         /* no process */
1215:../../../firmware/n32h7xx_std_periph_driver/src/n32h7xx_jpeg.c ****     }
ARM GAS  /tmp/cc0DTqI6.s 			page 77


1216:../../../firmware/n32h7xx_std_periph_driver/src/n32h7xx_jpeg.c ****     
1217:../../../firmware/n32h7xx_std_periph_driver/src/n32h7xx_jpeg.c ****     if(JPEGENC_InitStruct->HuffmanTable1.DCcode_start != NULL)
 3121              		.loc 1 1217 41
 3122 01a2 7B68     		ldr	r3, [r7, #4]
 3123 01a4 1B6A     		ldr	r3, [r3, #32]
 3124              		.loc 1 1217 7
 3125 01a6 002B     		cmp	r3, #0
 3126 01a8 15D0     		beq	.L155
1218:../../../firmware/n32h7xx_std_periph_driver/src/n32h7xx_jpeg.c ****     {
1219:../../../firmware/n32h7xx_std_periph_driver/src/n32h7xx_jpeg.c ****         for(cnt_value = 0U;cnt_value < 16U;cnt_value++)
 3127              		.loc 1 1219 23
 3128 01aa 0023     		movs	r3, #0
 3129 01ac BB61     		str	r3, [r7, #24]
 3130              		.loc 1 1219 9
 3131 01ae 0FE0     		b	.L156
 3132              	.L157:
1220:../../../firmware/n32h7xx_std_periph_driver/src/n32h7xx_jpeg.c ****         {
1221:../../../firmware/n32h7xx_std_periph_driver/src/n32h7xx_jpeg.c ****             JPEG_ENC->HT1.DCCODE[cnt_value] = (uint32_t)JPEGENC_InitStruct->HuffmanTable1.DCcode_st
 3133              		.loc 1 1221 90
 3134 01b0 7B68     		ldr	r3, [r7, #4]
 3135 01b2 1A6A     		ldr	r2, [r3, #32]
 3136              		.loc 1 1221 103
 3137 01b4 BB69     		ldr	r3, [r7, #24]
 3138 01b6 5B00     		lsls	r3, r3, #1
 3139 01b8 1344     		add	r3, r3, r2
 3140 01ba 1B88     		ldrh	r3, [r3]
 3141              		.loc 1 1221 21
 3142 01bc 424A     		ldr	r2, .L221
 3143              		.loc 1 1221 47
 3144 01be 1946     		mov	r1, r3
 3145              		.loc 1 1221 45
 3146 01c0 BB69     		ldr	r3, [r7, #24]
 3147 01c2 03F54073 		add	r3, r3, #768
 3148 01c6 42F82310 		str	r1, [r2, r3, lsl #2]
1219:../../../firmware/n32h7xx_std_periph_driver/src/n32h7xx_jpeg.c ****         {
 3149              		.loc 1 1219 53 discriminator 3
 3150 01ca BB69     		ldr	r3, [r7, #24]
 3151 01cc 0133     		adds	r3, r3, #1
 3152 01ce BB61     		str	r3, [r7, #24]
 3153              	.L156:
1219:../../../firmware/n32h7xx_std_periph_driver/src/n32h7xx_jpeg.c ****         {
 3154              		.loc 1 1219 38 discriminator 1
 3155 01d0 BB69     		ldr	r3, [r7, #24]
 3156 01d2 0F2B     		cmp	r3, #15
 3157 01d4 ECD9     		bls	.L157
 3158              	.L155:
1222:../../../firmware/n32h7xx_std_periph_driver/src/n32h7xx_jpeg.c ****         }
1223:../../../firmware/n32h7xx_std_periph_driver/src/n32h7xx_jpeg.c ****     }
1224:../../../firmware/n32h7xx_std_periph_driver/src/n32h7xx_jpeg.c ****     else
1225:../../../firmware/n32h7xx_std_periph_driver/src/n32h7xx_jpeg.c ****     {
1226:../../../firmware/n32h7xx_std_periph_driver/src/n32h7xx_jpeg.c ****         /* no process */
1227:../../../firmware/n32h7xx_std_periph_driver/src/n32h7xx_jpeg.c ****     }
1228:../../../firmware/n32h7xx_std_periph_driver/src/n32h7xx_jpeg.c ****     
1229:../../../firmware/n32h7xx_std_periph_driver/src/n32h7xx_jpeg.c ****     if(JPEGENC_InitStruct->HuffmanTable1.ACcode_start != NULL)
 3159              		.loc 1 1229 41
 3160 01d6 7B68     		ldr	r3, [r7, #4]
 3161 01d8 5B6A     		ldr	r3, [r3, #36]
ARM GAS  /tmp/cc0DTqI6.s 			page 78


 3162              		.loc 1 1229 7
 3163 01da 002B     		cmp	r3, #0
 3164 01dc 15D0     		beq	.L158
1230:../../../firmware/n32h7xx_std_periph_driver/src/n32h7xx_jpeg.c ****     {
1231:../../../firmware/n32h7xx_std_periph_driver/src/n32h7xx_jpeg.c ****         for(cnt_value = 0U;cnt_value < 16U;cnt_value++)
 3165              		.loc 1 1231 23
 3166 01de 0023     		movs	r3, #0
 3167 01e0 BB61     		str	r3, [r7, #24]
 3168              		.loc 1 1231 9
 3169 01e2 0FE0     		b	.L159
 3170              	.L160:
1232:../../../firmware/n32h7xx_std_periph_driver/src/n32h7xx_jpeg.c ****         {
1233:../../../firmware/n32h7xx_std_periph_driver/src/n32h7xx_jpeg.c ****             JPEG_ENC->HT1.ACCODE[cnt_value] = (uint32_t)JPEGENC_InitStruct->HuffmanTable1.ACcode_st
 3171              		.loc 1 1233 90
 3172 01e4 7B68     		ldr	r3, [r7, #4]
 3173 01e6 5A6A     		ldr	r2, [r3, #36]
 3174              		.loc 1 1233 103
 3175 01e8 BB69     		ldr	r3, [r7, #24]
 3176 01ea 5B00     		lsls	r3, r3, #1
 3177 01ec 1344     		add	r3, r3, r2
 3178 01ee 1B88     		ldrh	r3, [r3]
 3179              		.loc 1 1233 21
 3180 01f0 354A     		ldr	r2, .L221
 3181              		.loc 1 1233 47
 3182 01f2 1946     		mov	r1, r3
 3183              		.loc 1 1233 45
 3184 01f4 BB69     		ldr	r3, [r7, #24]
 3185 01f6 03F54473 		add	r3, r3, #784
 3186 01fa 42F82310 		str	r1, [r2, r3, lsl #2]
1231:../../../firmware/n32h7xx_std_periph_driver/src/n32h7xx_jpeg.c ****         {
 3187              		.loc 1 1231 53 discriminator 3
 3188 01fe BB69     		ldr	r3, [r7, #24]
 3189 0200 0133     		adds	r3, r3, #1
 3190 0202 BB61     		str	r3, [r7, #24]
 3191              	.L159:
1231:../../../firmware/n32h7xx_std_periph_driver/src/n32h7xx_jpeg.c ****         {
 3192              		.loc 1 1231 38 discriminator 1
 3193 0204 BB69     		ldr	r3, [r7, #24]
 3194 0206 0F2B     		cmp	r3, #15
 3195 0208 ECD9     		bls	.L160
 3196              	.L158:
1234:../../../firmware/n32h7xx_std_periph_driver/src/n32h7xx_jpeg.c ****         }
1235:../../../firmware/n32h7xx_std_periph_driver/src/n32h7xx_jpeg.c ****     }
1236:../../../firmware/n32h7xx_std_periph_driver/src/n32h7xx_jpeg.c ****     else
1237:../../../firmware/n32h7xx_std_periph_driver/src/n32h7xx_jpeg.c ****     {
1238:../../../firmware/n32h7xx_std_periph_driver/src/n32h7xx_jpeg.c ****         /* no process */
1239:../../../firmware/n32h7xx_std_periph_driver/src/n32h7xx_jpeg.c ****     }
1240:../../../firmware/n32h7xx_std_periph_driver/src/n32h7xx_jpeg.c ****     
1241:../../../firmware/n32h7xx_std_periph_driver/src/n32h7xx_jpeg.c ****     JPEG_ENC->HT1.EOBS = JPEGENC_InitStruct->HuffmanTable1.EOBS;
 3197              		.loc 1 1241 13
 3198 020a 2F4A     		ldr	r2, .L221
 3199              		.loc 1 1241 59
 3200 020c 7B68     		ldr	r3, [r7, #4]
 3201 020e 9B6A     		ldr	r3, [r3, #40]
 3202              		.loc 1 1241 24
 3203 0210 C2F8803C 		str	r3, [r2, #3200]
1242:../../../firmware/n32h7xx_std_periph_driver/src/n32h7xx_jpeg.c ****     JPEG_ENC->HT1.ZRLS = JPEGENC_InitStruct->HuffmanTable1.ZRLS;
ARM GAS  /tmp/cc0DTqI6.s 			page 79


 3204              		.loc 1 1242 13
 3205 0214 2C4A     		ldr	r2, .L221
 3206              		.loc 1 1242 59
 3207 0216 7B68     		ldr	r3, [r7, #4]
 3208 0218 DB6A     		ldr	r3, [r3, #44]
 3209              		.loc 1 1242 24
 3210 021a C2F8843C 		str	r3, [r2, #3204]
1243:../../../firmware/n32h7xx_std_periph_driver/src/n32h7xx_jpeg.c ****     
1244:../../../firmware/n32h7xx_std_periph_driver/src/n32h7xx_jpeg.c ****     /* Huffman tables2 */
1245:../../../firmware/n32h7xx_std_periph_driver/src/n32h7xx_jpeg.c ****     if(JPEGENC_InitStruct->HuffmanTable2.DCcode_offset != NULL)
 3211              		.loc 1 1245 41
 3212 021e 7B68     		ldr	r3, [r7, #4]
 3213 0220 1B6B     		ldr	r3, [r3, #48]
 3214              		.loc 1 1245 7
 3215 0222 002B     		cmp	r3, #0
 3216 0224 15D0     		beq	.L161
1246:../../../firmware/n32h7xx_std_periph_driver/src/n32h7xx_jpeg.c ****     {
1247:../../../firmware/n32h7xx_std_periph_driver/src/n32h7xx_jpeg.c ****         for(cnt_value = 0U;cnt_value < 12U;cnt_value++)
 3217              		.loc 1 1247 23
 3218 0226 0023     		movs	r3, #0
 3219 0228 BB61     		str	r3, [r7, #24]
 3220              		.loc 1 1247 9
 3221 022a 0FE0     		b	.L162
 3222              	.L163:
1248:../../../firmware/n32h7xx_std_periph_driver/src/n32h7xx_jpeg.c ****         {
1249:../../../firmware/n32h7xx_std_periph_driver/src/n32h7xx_jpeg.c ****             JPEG_ENC->HT2.DCOL[cnt_value] = (uint32_t)JPEGENC_InitStruct->HuffmanTable2.DCcode_offs
 3223              		.loc 1 1249 88
 3224 022c 7B68     		ldr	r3, [r7, #4]
 3225 022e 1A6B     		ldr	r2, [r3, #48]
 3226              		.loc 1 1249 102
 3227 0230 BB69     		ldr	r3, [r7, #24]
 3228 0232 5B00     		lsls	r3, r3, #1
 3229 0234 1344     		add	r3, r3, r2
 3230 0236 1B88     		ldrh	r3, [r3]
 3231              		.loc 1 1249 21
 3232 0238 234A     		ldr	r2, .L221
 3233              		.loc 1 1249 45
 3234 023a 1946     		mov	r1, r3
 3235              		.loc 1 1249 43
 3236 023c BB69     		ldr	r3, [r7, #24]
 3237 023e 03F58063 		add	r3, r3, #1024
 3238 0242 42F82310 		str	r1, [r2, r3, lsl #2]
1247:../../../firmware/n32h7xx_std_periph_driver/src/n32h7xx_jpeg.c ****         {
 3239              		.loc 1 1247 53 discriminator 3
 3240 0246 BB69     		ldr	r3, [r7, #24]
 3241 0248 0133     		adds	r3, r3, #1
 3242 024a BB61     		str	r3, [r7, #24]
 3243              	.L162:
1247:../../../firmware/n32h7xx_std_periph_driver/src/n32h7xx_jpeg.c ****         {
 3244              		.loc 1 1247 38 discriminator 1
 3245 024c BB69     		ldr	r3, [r7, #24]
 3246 024e 0B2B     		cmp	r3, #11
 3247 0250 ECD9     		bls	.L163
 3248              	.L161:
1250:../../../firmware/n32h7xx_std_periph_driver/src/n32h7xx_jpeg.c ****         }
1251:../../../firmware/n32h7xx_std_periph_driver/src/n32h7xx_jpeg.c ****     }
1252:../../../firmware/n32h7xx_std_periph_driver/src/n32h7xx_jpeg.c ****     else
ARM GAS  /tmp/cc0DTqI6.s 			page 80


1253:../../../firmware/n32h7xx_std_periph_driver/src/n32h7xx_jpeg.c ****     {
1254:../../../firmware/n32h7xx_std_periph_driver/src/n32h7xx_jpeg.c ****         /* no process */
1255:../../../firmware/n32h7xx_std_periph_driver/src/n32h7xx_jpeg.c ****     }
1256:../../../firmware/n32h7xx_std_periph_driver/src/n32h7xx_jpeg.c ****     
1257:../../../firmware/n32h7xx_std_periph_driver/src/n32h7xx_jpeg.c ****     if(JPEGENC_InitStruct->HuffmanTable2.ACcode_offset != NULL)
 3249              		.loc 1 1257 41
 3250 0252 7B68     		ldr	r3, [r7, #4]
 3251 0254 5B6B     		ldr	r3, [r3, #52]
 3252              		.loc 1 1257 7
 3253 0256 002B     		cmp	r3, #0
 3254 0258 15D0     		beq	.L164
1258:../../../firmware/n32h7xx_std_periph_driver/src/n32h7xx_jpeg.c ****     {
1259:../../../firmware/n32h7xx_std_periph_driver/src/n32h7xx_jpeg.c ****         for(cnt_value = 0U;cnt_value < 160U;cnt_value++)
 3255              		.loc 1 1259 23
 3256 025a 0023     		movs	r3, #0
 3257 025c BB61     		str	r3, [r7, #24]
 3258              		.loc 1 1259 9
 3259 025e 0FE0     		b	.L165
 3260              	.L166:
1260:../../../firmware/n32h7xx_std_periph_driver/src/n32h7xx_jpeg.c ****         {
1261:../../../firmware/n32h7xx_std_periph_driver/src/n32h7xx_jpeg.c ****             JPEG_ENC->HT2.ACOL[cnt_value] = (uint32_t)JPEGENC_InitStruct->HuffmanTable2.ACcode_offs
 3261              		.loc 1 1261 88
 3262 0260 7B68     		ldr	r3, [r7, #4]
 3263 0262 5A6B     		ldr	r2, [r3, #52]
 3264              		.loc 1 1261 102
 3265 0264 BB69     		ldr	r3, [r7, #24]
 3266 0266 5B00     		lsls	r3, r3, #1
 3267 0268 1344     		add	r3, r3, r2
 3268 026a 1B88     		ldrh	r3, [r3]
 3269              		.loc 1 1261 21
 3270 026c 164A     		ldr	r2, .L221
 3271              		.loc 1 1261 45
 3272 026e 1946     		mov	r1, r3
 3273              		.loc 1 1261 43
 3274 0270 BB69     		ldr	r3, [r7, #24]
 3275 0272 03F58263 		add	r3, r3, #1040
 3276 0276 42F82310 		str	r1, [r2, r3, lsl #2]
1259:../../../firmware/n32h7xx_std_periph_driver/src/n32h7xx_jpeg.c ****         {
 3277              		.loc 1 1259 54 discriminator 3
 3278 027a BB69     		ldr	r3, [r7, #24]
 3279 027c 0133     		adds	r3, r3, #1
 3280 027e BB61     		str	r3, [r7, #24]
 3281              	.L165:
1259:../../../firmware/n32h7xx_std_periph_driver/src/n32h7xx_jpeg.c ****         {
 3282              		.loc 1 1259 38 discriminator 1
 3283 0280 BB69     		ldr	r3, [r7, #24]
 3284 0282 9F2B     		cmp	r3, #159
 3285 0284 ECD9     		bls	.L166
 3286              	.L164:
1262:../../../firmware/n32h7xx_std_periph_driver/src/n32h7xx_jpeg.c ****         }
1263:../../../firmware/n32h7xx_std_periph_driver/src/n32h7xx_jpeg.c ****     }
1264:../../../firmware/n32h7xx_std_periph_driver/src/n32h7xx_jpeg.c ****     else
1265:../../../firmware/n32h7xx_std_periph_driver/src/n32h7xx_jpeg.c ****     {
1266:../../../firmware/n32h7xx_std_periph_driver/src/n32h7xx_jpeg.c ****         /* no process */
1267:../../../firmware/n32h7xx_std_periph_driver/src/n32h7xx_jpeg.c ****     }
1268:../../../firmware/n32h7xx_std_periph_driver/src/n32h7xx_jpeg.c ****     
1269:../../../firmware/n32h7xx_std_periph_driver/src/n32h7xx_jpeg.c ****     if(JPEGENC_InitStruct->HuffmanTable2.DCcode_start != NULL)
ARM GAS  /tmp/cc0DTqI6.s 			page 81


 3287              		.loc 1 1269 41
 3288 0286 7B68     		ldr	r3, [r7, #4]
 3289 0288 9B6B     		ldr	r3, [r3, #56]
 3290              		.loc 1 1269 7
 3291 028a 002B     		cmp	r3, #0
 3292 028c 15D0     		beq	.L167
1270:../../../firmware/n32h7xx_std_periph_driver/src/n32h7xx_jpeg.c ****     {
1271:../../../firmware/n32h7xx_std_periph_driver/src/n32h7xx_jpeg.c ****         for(cnt_value = 0U;cnt_value < 16U;cnt_value++)
 3293              		.loc 1 1271 23
 3294 028e 0023     		movs	r3, #0
 3295 0290 BB61     		str	r3, [r7, #24]
 3296              		.loc 1 1271 9
 3297 0292 0FE0     		b	.L168
 3298              	.L169:
1272:../../../firmware/n32h7xx_std_periph_driver/src/n32h7xx_jpeg.c ****         {
1273:../../../firmware/n32h7xx_std_periph_driver/src/n32h7xx_jpeg.c ****             JPEG_ENC->HT2.DCCODE[cnt_value] = (uint32_t)JPEGENC_InitStruct->HuffmanTable2.DCcode_st
 3299              		.loc 1 1273 90
 3300 0294 7B68     		ldr	r3, [r7, #4]
 3301 0296 9A6B     		ldr	r2, [r3, #56]
 3302              		.loc 1 1273 103
 3303 0298 BB69     		ldr	r3, [r7, #24]
 3304 029a 5B00     		lsls	r3, r3, #1
 3305 029c 1344     		add	r3, r3, r2
 3306 029e 1B88     		ldrh	r3, [r3]
 3307              		.loc 1 1273 21
 3308 02a0 094A     		ldr	r2, .L221
 3309              		.loc 1 1273 47
 3310 02a2 1946     		mov	r1, r3
 3311              		.loc 1 1273 45
 3312 02a4 BB69     		ldr	r3, [r7, #24]
 3313 02a6 03F5A063 		add	r3, r3, #1280
 3314 02aa 42F82310 		str	r1, [r2, r3, lsl #2]
1271:../../../firmware/n32h7xx_std_periph_driver/src/n32h7xx_jpeg.c ****         {
 3315              		.loc 1 1271 53 discriminator 3
 3316 02ae BB69     		ldr	r3, [r7, #24]
 3317 02b0 0133     		adds	r3, r3, #1
 3318 02b2 BB61     		str	r3, [r7, #24]
 3319              	.L168:
1271:../../../firmware/n32h7xx_std_periph_driver/src/n32h7xx_jpeg.c ****         {
 3320              		.loc 1 1271 38 discriminator 1
 3321 02b4 BB69     		ldr	r3, [r7, #24]
 3322 02b6 0F2B     		cmp	r3, #15
 3323 02b8 ECD9     		bls	.L169
 3324              	.L167:
1274:../../../firmware/n32h7xx_std_periph_driver/src/n32h7xx_jpeg.c ****         }
1275:../../../firmware/n32h7xx_std_periph_driver/src/n32h7xx_jpeg.c ****     }
1276:../../../firmware/n32h7xx_std_periph_driver/src/n32h7xx_jpeg.c ****     else
1277:../../../firmware/n32h7xx_std_periph_driver/src/n32h7xx_jpeg.c ****     {
1278:../../../firmware/n32h7xx_std_periph_driver/src/n32h7xx_jpeg.c ****         /* no process */
1279:../../../firmware/n32h7xx_std_periph_driver/src/n32h7xx_jpeg.c ****     }
1280:../../../firmware/n32h7xx_std_periph_driver/src/n32h7xx_jpeg.c ****     
1281:../../../firmware/n32h7xx_std_periph_driver/src/n32h7xx_jpeg.c ****     if(JPEGENC_InitStruct->HuffmanTable2.ACcode_start != NULL)
 3325              		.loc 1 1281 41
 3326 02ba 7B68     		ldr	r3, [r7, #4]
 3327 02bc DB6B     		ldr	r3, [r3, #60]
 3328              		.loc 1 1281 7
 3329 02be 002B     		cmp	r3, #0
ARM GAS  /tmp/cc0DTqI6.s 			page 82


 3330 02c0 17D0     		beq	.L170
1282:../../../firmware/n32h7xx_std_periph_driver/src/n32h7xx_jpeg.c ****     {
1283:../../../firmware/n32h7xx_std_periph_driver/src/n32h7xx_jpeg.c ****         for(cnt_value = 0U;cnt_value < 16U;cnt_value++)
 3331              		.loc 1 1283 23
 3332 02c2 0023     		movs	r3, #0
 3333 02c4 BB61     		str	r3, [r7, #24]
 3334              		.loc 1 1283 9
 3335 02c6 11E0     		b	.L171
 3336              	.L222:
 3337              		.align	2
 3338              	.L221:
 3339 02c8 00000650 		.word	1342570496
 3340              	.L172:
1284:../../../firmware/n32h7xx_std_periph_driver/src/n32h7xx_jpeg.c ****         {
1285:../../../firmware/n32h7xx_std_periph_driver/src/n32h7xx_jpeg.c ****             JPEG_ENC->HT2.ACCODE[cnt_value] = (uint32_t)JPEGENC_InitStruct->HuffmanTable2.ACcode_st
 3341              		.loc 1 1285 90
 3342 02cc 7B68     		ldr	r3, [r7, #4]
 3343 02ce DA6B     		ldr	r2, [r3, #60]
 3344              		.loc 1 1285 103
 3345 02d0 BB69     		ldr	r3, [r7, #24]
 3346 02d2 5B00     		lsls	r3, r3, #1
 3347 02d4 1344     		add	r3, r3, r2
 3348 02d6 1B88     		ldrh	r3, [r3]
 3349              		.loc 1 1285 21
 3350 02d8 984A     		ldr	r2, .L223
 3351              		.loc 1 1285 47
 3352 02da 1946     		mov	r1, r3
 3353              		.loc 1 1285 45
 3354 02dc BB69     		ldr	r3, [r7, #24]
 3355 02de 03F5A263 		add	r3, r3, #1296
 3356 02e2 42F82310 		str	r1, [r2, r3, lsl #2]
1283:../../../firmware/n32h7xx_std_periph_driver/src/n32h7xx_jpeg.c ****         {
 3357              		.loc 1 1283 53 discriminator 3
 3358 02e6 BB69     		ldr	r3, [r7, #24]
 3359 02e8 0133     		adds	r3, r3, #1
 3360 02ea BB61     		str	r3, [r7, #24]
 3361              	.L171:
1283:../../../firmware/n32h7xx_std_periph_driver/src/n32h7xx_jpeg.c ****         {
 3362              		.loc 1 1283 38 discriminator 1
 3363 02ec BB69     		ldr	r3, [r7, #24]
 3364 02ee 0F2B     		cmp	r3, #15
 3365 02f0 ECD9     		bls	.L172
 3366              	.L170:
1286:../../../firmware/n32h7xx_std_periph_driver/src/n32h7xx_jpeg.c ****         }
1287:../../../firmware/n32h7xx_std_periph_driver/src/n32h7xx_jpeg.c ****     }
1288:../../../firmware/n32h7xx_std_periph_driver/src/n32h7xx_jpeg.c ****     else
1289:../../../firmware/n32h7xx_std_periph_driver/src/n32h7xx_jpeg.c ****     {
1290:../../../firmware/n32h7xx_std_periph_driver/src/n32h7xx_jpeg.c ****         /* no process */
1291:../../../firmware/n32h7xx_std_periph_driver/src/n32h7xx_jpeg.c ****     }
1292:../../../firmware/n32h7xx_std_periph_driver/src/n32h7xx_jpeg.c ****     
1293:../../../firmware/n32h7xx_std_periph_driver/src/n32h7xx_jpeg.c ****     JPEG_ENC->HT2.EOBS = JPEGENC_InitStruct->HuffmanTable2.EOBS;
 3367              		.loc 1 1293 13
 3368 02f2 924A     		ldr	r2, .L223
 3369              		.loc 1 1293 59
 3370 02f4 7B68     		ldr	r3, [r7, #4]
 3371 02f6 1B6C     		ldr	r3, [r3, #64]
 3372              		.loc 1 1293 24
ARM GAS  /tmp/cc0DTqI6.s 			page 83


 3373 02f8 02F58052 		add	r2, r2, #4096
 3374 02fc C2F88034 		str	r3, [r2, #1152]
1294:../../../firmware/n32h7xx_std_periph_driver/src/n32h7xx_jpeg.c ****     JPEG_ENC->HT2.ZRLS = JPEGENC_InitStruct->HuffmanTable2.ZRLS;
 3375              		.loc 1 1294 13
 3376 0300 8E4A     		ldr	r2, .L223
 3377              		.loc 1 1294 59
 3378 0302 7B68     		ldr	r3, [r7, #4]
 3379 0304 5B6C     		ldr	r3, [r3, #68]
 3380              		.loc 1 1294 24
 3381 0306 02F58052 		add	r2, r2, #4096
 3382 030a C2F88434 		str	r3, [r2, #1156]
1295:../../../firmware/n32h7xx_std_periph_driver/src/n32h7xx_jpeg.c ****     
1296:../../../firmware/n32h7xx_std_periph_driver/src/n32h7xx_jpeg.c ****     /* Huffman tables3 */
1297:../../../firmware/n32h7xx_std_periph_driver/src/n32h7xx_jpeg.c ****     if(JPEGENC_InitStruct->HuffmanTable3.DCcode_offset != NULL)
 3383              		.loc 1 1297 41
 3384 030e 7B68     		ldr	r3, [r7, #4]
 3385 0310 9B6C     		ldr	r3, [r3, #72]
 3386              		.loc 1 1297 7
 3387 0312 002B     		cmp	r3, #0
 3388 0314 15D0     		beq	.L173
1298:../../../firmware/n32h7xx_std_periph_driver/src/n32h7xx_jpeg.c ****     {
1299:../../../firmware/n32h7xx_std_periph_driver/src/n32h7xx_jpeg.c ****         for(cnt_value = 0U;cnt_value < 12U;cnt_value++)
 3389              		.loc 1 1299 23
 3390 0316 0023     		movs	r3, #0
 3391 0318 BB61     		str	r3, [r7, #24]
 3392              		.loc 1 1299 9
 3393 031a 0FE0     		b	.L174
 3394              	.L175:
1300:../../../firmware/n32h7xx_std_periph_driver/src/n32h7xx_jpeg.c ****         {
1301:../../../firmware/n32h7xx_std_periph_driver/src/n32h7xx_jpeg.c ****             JPEG_ENC->HT3.DCOL[cnt_value] = (uint32_t)JPEGENC_InitStruct->HuffmanTable3.DCcode_offs
 3395              		.loc 1 1301 88
 3396 031c 7B68     		ldr	r3, [r7, #4]
 3397 031e 9A6C     		ldr	r2, [r3, #72]
 3398              		.loc 1 1301 102
 3399 0320 BB69     		ldr	r3, [r7, #24]
 3400 0322 5B00     		lsls	r3, r3, #1
 3401 0324 1344     		add	r3, r3, r2
 3402 0326 1B88     		ldrh	r3, [r3]
 3403              		.loc 1 1301 21
 3404 0328 844A     		ldr	r2, .L223
 3405              		.loc 1 1301 45
 3406 032a 1946     		mov	r1, r3
 3407              		.loc 1 1301 43
 3408 032c BB69     		ldr	r3, [r7, #24]
 3409 032e 03F5C063 		add	r3, r3, #1536
 3410 0332 42F82310 		str	r1, [r2, r3, lsl #2]
1299:../../../firmware/n32h7xx_std_periph_driver/src/n32h7xx_jpeg.c ****         {
 3411              		.loc 1 1299 53 discriminator 3
 3412 0336 BB69     		ldr	r3, [r7, #24]
 3413 0338 0133     		adds	r3, r3, #1
 3414 033a BB61     		str	r3, [r7, #24]
 3415              	.L174:
1299:../../../firmware/n32h7xx_std_periph_driver/src/n32h7xx_jpeg.c ****         {
 3416              		.loc 1 1299 38 discriminator 1
 3417 033c BB69     		ldr	r3, [r7, #24]
 3418 033e 0B2B     		cmp	r3, #11
 3419 0340 ECD9     		bls	.L175
ARM GAS  /tmp/cc0DTqI6.s 			page 84


 3420              	.L173:
1302:../../../firmware/n32h7xx_std_periph_driver/src/n32h7xx_jpeg.c ****         }
1303:../../../firmware/n32h7xx_std_periph_driver/src/n32h7xx_jpeg.c ****     }
1304:../../../firmware/n32h7xx_std_periph_driver/src/n32h7xx_jpeg.c ****     else
1305:../../../firmware/n32h7xx_std_periph_driver/src/n32h7xx_jpeg.c ****     {
1306:../../../firmware/n32h7xx_std_periph_driver/src/n32h7xx_jpeg.c ****         /* no process */
1307:../../../firmware/n32h7xx_std_periph_driver/src/n32h7xx_jpeg.c ****     }
1308:../../../firmware/n32h7xx_std_periph_driver/src/n32h7xx_jpeg.c ****     
1309:../../../firmware/n32h7xx_std_periph_driver/src/n32h7xx_jpeg.c ****     if(JPEGENC_InitStruct->HuffmanTable3.ACcode_offset != NULL)
 3421              		.loc 1 1309 41
 3422 0342 7B68     		ldr	r3, [r7, #4]
 3423 0344 DB6C     		ldr	r3, [r3, #76]
 3424              		.loc 1 1309 7
 3425 0346 002B     		cmp	r3, #0
 3426 0348 15D0     		beq	.L176
1310:../../../firmware/n32h7xx_std_periph_driver/src/n32h7xx_jpeg.c ****     {
1311:../../../firmware/n32h7xx_std_periph_driver/src/n32h7xx_jpeg.c ****         for(cnt_value = 0U;cnt_value < 160U;cnt_value++)
 3427              		.loc 1 1311 23
 3428 034a 0023     		movs	r3, #0
 3429 034c BB61     		str	r3, [r7, #24]
 3430              		.loc 1 1311 9
 3431 034e 0FE0     		b	.L177
 3432              	.L178:
1312:../../../firmware/n32h7xx_std_periph_driver/src/n32h7xx_jpeg.c ****         {
1313:../../../firmware/n32h7xx_std_periph_driver/src/n32h7xx_jpeg.c ****             JPEG_ENC->HT3.ACOL[cnt_value] = (uint32_t)JPEGENC_InitStruct->HuffmanTable3.ACcode_offs
 3433              		.loc 1 1313 88
 3434 0350 7B68     		ldr	r3, [r7, #4]
 3435 0352 DA6C     		ldr	r2, [r3, #76]
 3436              		.loc 1 1313 102
 3437 0354 BB69     		ldr	r3, [r7, #24]
 3438 0356 5B00     		lsls	r3, r3, #1
 3439 0358 1344     		add	r3, r3, r2
 3440 035a 1B88     		ldrh	r3, [r3]
 3441              		.loc 1 1313 21
 3442 035c 774A     		ldr	r2, .L223
 3443              		.loc 1 1313 45
 3444 035e 1946     		mov	r1, r3
 3445              		.loc 1 1313 43
 3446 0360 BB69     		ldr	r3, [r7, #24]
 3447 0362 03F5C263 		add	r3, r3, #1552
 3448 0366 42F82310 		str	r1, [r2, r3, lsl #2]
1311:../../../firmware/n32h7xx_std_periph_driver/src/n32h7xx_jpeg.c ****         {
 3449              		.loc 1 1311 54 discriminator 3
 3450 036a BB69     		ldr	r3, [r7, #24]
 3451 036c 0133     		adds	r3, r3, #1
 3452 036e BB61     		str	r3, [r7, #24]
 3453              	.L177:
1311:../../../firmware/n32h7xx_std_periph_driver/src/n32h7xx_jpeg.c ****         {
 3454              		.loc 1 1311 38 discriminator 1
 3455 0370 BB69     		ldr	r3, [r7, #24]
 3456 0372 9F2B     		cmp	r3, #159
 3457 0374 ECD9     		bls	.L178
 3458              	.L176:
1314:../../../firmware/n32h7xx_std_periph_driver/src/n32h7xx_jpeg.c ****         }
1315:../../../firmware/n32h7xx_std_periph_driver/src/n32h7xx_jpeg.c ****     }
1316:../../../firmware/n32h7xx_std_periph_driver/src/n32h7xx_jpeg.c ****     else
1317:../../../firmware/n32h7xx_std_periph_driver/src/n32h7xx_jpeg.c ****     {
ARM GAS  /tmp/cc0DTqI6.s 			page 85


1318:../../../firmware/n32h7xx_std_periph_driver/src/n32h7xx_jpeg.c ****         /* no process */
1319:../../../firmware/n32h7xx_std_periph_driver/src/n32h7xx_jpeg.c ****     }
1320:../../../firmware/n32h7xx_std_periph_driver/src/n32h7xx_jpeg.c ****     
1321:../../../firmware/n32h7xx_std_periph_driver/src/n32h7xx_jpeg.c ****     if(JPEGENC_InitStruct->HuffmanTable3.DCcode_start != NULL)
 3459              		.loc 1 1321 41
 3460 0376 7B68     		ldr	r3, [r7, #4]
 3461 0378 1B6D     		ldr	r3, [r3, #80]
 3462              		.loc 1 1321 7
 3463 037a 002B     		cmp	r3, #0
 3464 037c 15D0     		beq	.L179
1322:../../../firmware/n32h7xx_std_periph_driver/src/n32h7xx_jpeg.c ****     {
1323:../../../firmware/n32h7xx_std_periph_driver/src/n32h7xx_jpeg.c ****         for(cnt_value = 0U;cnt_value < 16U;cnt_value++)
 3465              		.loc 1 1323 23
 3466 037e 0023     		movs	r3, #0
 3467 0380 BB61     		str	r3, [r7, #24]
 3468              		.loc 1 1323 9
 3469 0382 0FE0     		b	.L180
 3470              	.L181:
1324:../../../firmware/n32h7xx_std_periph_driver/src/n32h7xx_jpeg.c ****         {
1325:../../../firmware/n32h7xx_std_periph_driver/src/n32h7xx_jpeg.c ****             JPEG_ENC->HT3.DCCODE[cnt_value] = (uint32_t)JPEGENC_InitStruct->HuffmanTable3.DCcode_st
 3471              		.loc 1 1325 90
 3472 0384 7B68     		ldr	r3, [r7, #4]
 3473 0386 1A6D     		ldr	r2, [r3, #80]
 3474              		.loc 1 1325 103
 3475 0388 BB69     		ldr	r3, [r7, #24]
 3476 038a 5B00     		lsls	r3, r3, #1
 3477 038c 1344     		add	r3, r3, r2
 3478 038e 1B88     		ldrh	r3, [r3]
 3479              		.loc 1 1325 21
 3480 0390 6A4A     		ldr	r2, .L223
 3481              		.loc 1 1325 47
 3482 0392 1946     		mov	r1, r3
 3483              		.loc 1 1325 45
 3484 0394 BB69     		ldr	r3, [r7, #24]
 3485 0396 03F5E063 		add	r3, r3, #1792
 3486 039a 42F82310 		str	r1, [r2, r3, lsl #2]
1323:../../../firmware/n32h7xx_std_periph_driver/src/n32h7xx_jpeg.c ****         {
 3487              		.loc 1 1323 53 discriminator 3
 3488 039e BB69     		ldr	r3, [r7, #24]
 3489 03a0 0133     		adds	r3, r3, #1
 3490 03a2 BB61     		str	r3, [r7, #24]
 3491              	.L180:
1323:../../../firmware/n32h7xx_std_periph_driver/src/n32h7xx_jpeg.c ****         {
 3492              		.loc 1 1323 38 discriminator 1
 3493 03a4 BB69     		ldr	r3, [r7, #24]
 3494 03a6 0F2B     		cmp	r3, #15
 3495 03a8 ECD9     		bls	.L181
 3496              	.L179:
1326:../../../firmware/n32h7xx_std_periph_driver/src/n32h7xx_jpeg.c ****         }
1327:../../../firmware/n32h7xx_std_periph_driver/src/n32h7xx_jpeg.c ****     }
1328:../../../firmware/n32h7xx_std_periph_driver/src/n32h7xx_jpeg.c ****     else
1329:../../../firmware/n32h7xx_std_periph_driver/src/n32h7xx_jpeg.c ****     {
1330:../../../firmware/n32h7xx_std_periph_driver/src/n32h7xx_jpeg.c ****         /* no process */
1331:../../../firmware/n32h7xx_std_periph_driver/src/n32h7xx_jpeg.c ****     }
1332:../../../firmware/n32h7xx_std_periph_driver/src/n32h7xx_jpeg.c ****     
1333:../../../firmware/n32h7xx_std_periph_driver/src/n32h7xx_jpeg.c ****     if(JPEGENC_InitStruct->HuffmanTable3.ACcode_start != NULL)
 3497              		.loc 1 1333 41
ARM GAS  /tmp/cc0DTqI6.s 			page 86


 3498 03aa 7B68     		ldr	r3, [r7, #4]
 3499 03ac 5B6D     		ldr	r3, [r3, #84]
 3500              		.loc 1 1333 7
 3501 03ae 002B     		cmp	r3, #0
 3502 03b0 15D0     		beq	.L182
1334:../../../firmware/n32h7xx_std_periph_driver/src/n32h7xx_jpeg.c ****     {
1335:../../../firmware/n32h7xx_std_periph_driver/src/n32h7xx_jpeg.c ****         for(cnt_value = 0U;cnt_value < 16U;cnt_value++)
 3503              		.loc 1 1335 23
 3504 03b2 0023     		movs	r3, #0
 3505 03b4 BB61     		str	r3, [r7, #24]
 3506              		.loc 1 1335 9
 3507 03b6 0FE0     		b	.L183
 3508              	.L184:
1336:../../../firmware/n32h7xx_std_periph_driver/src/n32h7xx_jpeg.c ****         {
1337:../../../firmware/n32h7xx_std_periph_driver/src/n32h7xx_jpeg.c ****             JPEG_ENC->HT3.ACCODE[cnt_value] = (uint32_t)JPEGENC_InitStruct->HuffmanTable3.ACcode_st
 3509              		.loc 1 1337 90
 3510 03b8 7B68     		ldr	r3, [r7, #4]
 3511 03ba 5A6D     		ldr	r2, [r3, #84]
 3512              		.loc 1 1337 103
 3513 03bc BB69     		ldr	r3, [r7, #24]
 3514 03be 5B00     		lsls	r3, r3, #1
 3515 03c0 1344     		add	r3, r3, r2
 3516 03c2 1B88     		ldrh	r3, [r3]
 3517              		.loc 1 1337 21
 3518 03c4 5D4A     		ldr	r2, .L223
 3519              		.loc 1 1337 47
 3520 03c6 1946     		mov	r1, r3
 3521              		.loc 1 1337 45
 3522 03c8 BB69     		ldr	r3, [r7, #24]
 3523 03ca 03F5E263 		add	r3, r3, #1808
 3524 03ce 42F82310 		str	r1, [r2, r3, lsl #2]
1335:../../../firmware/n32h7xx_std_periph_driver/src/n32h7xx_jpeg.c ****         {
 3525              		.loc 1 1335 53 discriminator 3
 3526 03d2 BB69     		ldr	r3, [r7, #24]
 3527 03d4 0133     		adds	r3, r3, #1
 3528 03d6 BB61     		str	r3, [r7, #24]
 3529              	.L183:
1335:../../../firmware/n32h7xx_std_periph_driver/src/n32h7xx_jpeg.c ****         {
 3530              		.loc 1 1335 38 discriminator 1
 3531 03d8 BB69     		ldr	r3, [r7, #24]
 3532 03da 0F2B     		cmp	r3, #15
 3533 03dc ECD9     		bls	.L184
 3534              	.L182:
1338:../../../firmware/n32h7xx_std_periph_driver/src/n32h7xx_jpeg.c ****         }
1339:../../../firmware/n32h7xx_std_periph_driver/src/n32h7xx_jpeg.c ****     }
1340:../../../firmware/n32h7xx_std_periph_driver/src/n32h7xx_jpeg.c ****     else
1341:../../../firmware/n32h7xx_std_periph_driver/src/n32h7xx_jpeg.c ****     {
1342:../../../firmware/n32h7xx_std_periph_driver/src/n32h7xx_jpeg.c ****         /* no process */
1343:../../../firmware/n32h7xx_std_periph_driver/src/n32h7xx_jpeg.c ****     }
1344:../../../firmware/n32h7xx_std_periph_driver/src/n32h7xx_jpeg.c ****     
1345:../../../firmware/n32h7xx_std_periph_driver/src/n32h7xx_jpeg.c ****     JPEG_ENC->HT3.EOBS = JPEGENC_InitStruct->HuffmanTable3.EOBS;
 3535              		.loc 1 1345 13
 3536 03de 574A     		ldr	r2, .L223
 3537              		.loc 1 1345 59
 3538 03e0 7B68     		ldr	r3, [r7, #4]
 3539 03e2 9B6D     		ldr	r3, [r3, #88]
 3540              		.loc 1 1345 24
ARM GAS  /tmp/cc0DTqI6.s 			page 87


 3541 03e4 02F58052 		add	r2, r2, #4096
 3542 03e8 C2F8803C 		str	r3, [r2, #3200]
1346:../../../firmware/n32h7xx_std_periph_driver/src/n32h7xx_jpeg.c ****     JPEG_ENC->HT3.ZRLS = JPEGENC_InitStruct->HuffmanTable3.ZRLS;
 3543              		.loc 1 1346 13
 3544 03ec 534A     		ldr	r2, .L223
 3545              		.loc 1 1346 59
 3546 03ee 7B68     		ldr	r3, [r7, #4]
 3547 03f0 DB6D     		ldr	r3, [r3, #92]
 3548              		.loc 1 1346 24
 3549 03f2 02F58052 		add	r2, r2, #4096
 3550 03f6 C2F8843C 		str	r3, [r2, #3204]
1347:../../../firmware/n32h7xx_std_periph_driver/src/n32h7xx_jpeg.c ****     
1348:../../../firmware/n32h7xx_std_periph_driver/src/n32h7xx_jpeg.c ****     /* File frame header */
1349:../../../firmware/n32h7xx_std_periph_driver/src/n32h7xx_jpeg.c ****     if(JPEGENC_InitStruct->header_address != NULL)
 3551              		.loc 1 1349 26
 3552 03fa 7B68     		ldr	r3, [r7, #4]
 3553 03fc 1B6E     		ldr	r3, [r3, #96]
 3554              		.loc 1 1349 7
 3555 03fe 002B     		cmp	r3, #0
 3556 0400 27D0     		beq	.L185
1350:../../../firmware/n32h7xx_std_periph_driver/src/n32h7xx_jpeg.c ****     {
1351:../../../firmware/n32h7xx_std_periph_driver/src/n32h7xx_jpeg.c ****         size_word = ((JPEGENC_InitStruct->header_size + 3U)/4U);
 3557              		.loc 1 1351 41
 3558 0402 7B68     		ldr	r3, [r7, #4]
 3559 0404 5B6E     		ldr	r3, [r3, #100]
 3560              		.loc 1 1351 55
 3561 0406 0333     		adds	r3, r3, #3
 3562              		.loc 1 1351 19
 3563 0408 9B08     		lsrs	r3, r3, #2
 3564 040a 3B61     		str	r3, [r7, #16]
1352:../../../firmware/n32h7xx_std_periph_driver/src/n32h7xx_jpeg.c ****     
1353:../../../firmware/n32h7xx_std_periph_driver/src/n32h7xx_jpeg.c ****         pbuffer = (uint32_t*)JPEGENC_InitStruct->header_address;
 3565              		.loc 1 1353 17
 3566 040c 7B68     		ldr	r3, [r7, #4]
 3567 040e 1B6E     		ldr	r3, [r3, #96]
 3568 0410 FB60     		str	r3, [r7, #12]
1354:../../../firmware/n32h7xx_std_periph_driver/src/n32h7xx_jpeg.c ****         
1355:../../../firmware/n32h7xx_std_periph_driver/src/n32h7xx_jpeg.c ****         for(cnt_value = 0; cnt_value< size_word;cnt_value++)
 3569              		.loc 1 1355 23
 3570 0412 0023     		movs	r3, #0
 3571 0414 BB61     		str	r3, [r7, #24]
 3572              		.loc 1 1355 9
 3573 0416 0DE0     		b	.L186
 3574              	.L187:
1356:../../../firmware/n32h7xx_std_periph_driver/src/n32h7xx_jpeg.c ****         {
1357:../../../firmware/n32h7xx_std_periph_driver/src/n32h7xx_jpeg.c ****             JPEG_ENC->HFBUFFER[cnt_value] = pbuffer[cnt_value];
 3575              		.loc 1 1357 52
 3576 0418 BB69     		ldr	r3, [r7, #24]
 3577 041a 9B00     		lsls	r3, r3, #2
 3578 041c FA68     		ldr	r2, [r7, #12]
 3579 041e 1344     		add	r3, r3, r2
 3580              		.loc 1 1357 21
 3581 0420 4649     		ldr	r1, .L223
 3582              		.loc 1 1357 52
 3583 0422 1A68     		ldr	r2, [r3]
 3584              		.loc 1 1357 43
 3585 0424 BB69     		ldr	r3, [r7, #24]
ARM GAS  /tmp/cc0DTqI6.s 			page 88


 3586 0426 03F58053 		add	r3, r3, #4096
 3587 042a 41F82320 		str	r2, [r1, r3, lsl #2]
1355:../../../firmware/n32h7xx_std_periph_driver/src/n32h7xx_jpeg.c ****         {
 3588              		.loc 1 1355 58 discriminator 3
 3589 042e BB69     		ldr	r3, [r7, #24]
 3590 0430 0133     		adds	r3, r3, #1
 3591 0432 BB61     		str	r3, [r7, #24]
 3592              	.L186:
1355:../../../firmware/n32h7xx_std_periph_driver/src/n32h7xx_jpeg.c ****         {
 3593              		.loc 1 1355 37 discriminator 1
 3594 0434 BA69     		ldr	r2, [r7, #24]
 3595 0436 3B69     		ldr	r3, [r7, #16]
 3596 0438 9A42     		cmp	r2, r3
 3597 043a EDD3     		bcc	.L187
1358:../../../firmware/n32h7xx_std_periph_driver/src/n32h7xx_jpeg.c ****         }
1359:../../../firmware/n32h7xx_std_periph_driver/src/n32h7xx_jpeg.c ****         
1360:../../../firmware/n32h7xx_std_periph_driver/src/n32h7xx_jpeg.c ****         JPEG_ENC->HEADD = JPEGENC_InitStruct->header_size - 1;
 3598              		.loc 1 1360 45
 3599 043c 7B68     		ldr	r3, [r7, #4]
 3600 043e 5B6E     		ldr	r3, [r3, #100]
 3601              		.loc 1 1360 17
 3602 0440 3E4A     		ldr	r2, .L223
 3603              		.loc 1 1360 59
 3604 0442 013B     		subs	r3, r3, #1
 3605              		.loc 1 1360 25
 3606 0444 02F58042 		add	r2, r2, #16384
 3607 0448 C2F80038 		str	r3, [r2, #2048]
1361:../../../firmware/n32h7xx_std_periph_driver/src/n32h7xx_jpeg.c ****         position_temp = size_word;
 3608              		.loc 1 1361 23
 3609 044c 3B69     		ldr	r3, [r7, #16]
 3610 044e FB61     		str	r3, [r7, #28]
 3611 0450 06E0     		b	.L188
 3612              	.L185:
1362:../../../firmware/n32h7xx_std_periph_driver/src/n32h7xx_jpeg.c ****     }
1363:../../../firmware/n32h7xx_std_periph_driver/src/n32h7xx_jpeg.c ****     else
1364:../../../firmware/n32h7xx_std_periph_driver/src/n32h7xx_jpeg.c ****     {
1365:../../../firmware/n32h7xx_std_periph_driver/src/n32h7xx_jpeg.c ****         JPEG_ENC->HEADD = 0x00U;
 3613              		.loc 1 1365 17
 3614 0452 3A4B     		ldr	r3, .L223
 3615              		.loc 1 1365 25
 3616 0454 03F58043 		add	r3, r3, #16384
 3617 0458 1A46     		mov	r2, r3
 3618 045a 0023     		movs	r3, #0
 3619 045c C2F80038 		str	r3, [r2, #2048]
 3620              	.L188:
1366:../../../firmware/n32h7xx_std_periph_driver/src/n32h7xx_jpeg.c ****     }
1367:../../../firmware/n32h7xx_std_periph_driver/src/n32h7xx_jpeg.c ****     
1368:../../../firmware/n32h7xx_std_periph_driver/src/n32h7xx_jpeg.c ****     /* Huffman table0 frame header */
1369:../../../firmware/n32h7xx_std_periph_driver/src/n32h7xx_jpeg.c ****     if(JPEGENC_InitStruct->hufftab0_header_address != NULL)
 3621              		.loc 1 1369 26
 3622 0460 7B68     		ldr	r3, [r7, #4]
 3623 0462 9B6E     		ldr	r3, [r3, #104]
 3624              		.loc 1 1369 7
 3625 0464 002B     		cmp	r3, #0
 3626 0466 2ED0     		beq	.L189
1370:../../../firmware/n32h7xx_std_periph_driver/src/n32h7xx_jpeg.c ****     {
1371:../../../firmware/n32h7xx_std_periph_driver/src/n32h7xx_jpeg.c ****         size_word = ((JPEGENC_InitStruct->hufftab0_header_size + 3U)/4U);
ARM GAS  /tmp/cc0DTqI6.s 			page 89


 3627              		.loc 1 1371 41
 3628 0468 7B68     		ldr	r3, [r7, #4]
 3629 046a DB6E     		ldr	r3, [r3, #108]
 3630              		.loc 1 1371 64
 3631 046c 0333     		adds	r3, r3, #3
 3632              		.loc 1 1371 19
 3633 046e 9B08     		lsrs	r3, r3, #2
 3634 0470 3B61     		str	r3, [r7, #16]
1372:../../../firmware/n32h7xx_std_periph_driver/src/n32h7xx_jpeg.c ****     
1373:../../../firmware/n32h7xx_std_periph_driver/src/n32h7xx_jpeg.c ****         pbuffer = (uint32_t*)JPEGENC_InitStruct->hufftab0_header_address;
 3635              		.loc 1 1373 17
 3636 0472 7B68     		ldr	r3, [r7, #4]
 3637 0474 9B6E     		ldr	r3, [r3, #104]
 3638 0476 FB60     		str	r3, [r7, #12]
1374:../../../firmware/n32h7xx_std_periph_driver/src/n32h7xx_jpeg.c ****         
1375:../../../firmware/n32h7xx_std_periph_driver/src/n32h7xx_jpeg.c ****         for(cnt_value = 0; cnt_value< size_word;cnt_value++)
 3639              		.loc 1 1375 23
 3640 0478 0023     		movs	r3, #0
 3641 047a BB61     		str	r3, [r7, #24]
 3642              		.loc 1 1375 9
 3643 047c 0FE0     		b	.L190
 3644              	.L191:
1376:../../../firmware/n32h7xx_std_periph_driver/src/n32h7xx_jpeg.c ****         {
1377:../../../firmware/n32h7xx_std_periph_driver/src/n32h7xx_jpeg.c ****             JPEG_ENC->HFBUFFER[cnt_value + position_temp] = pbuffer[cnt_value];
 3645              		.loc 1 1377 68
 3646 047e BB69     		ldr	r3, [r7, #24]
 3647 0480 9B00     		lsls	r3, r3, #2
 3648 0482 FA68     		ldr	r2, [r7, #12]
 3649 0484 1A44     		add	r2, r2, r3
 3650              		.loc 1 1377 21
 3651 0486 2D48     		ldr	r0, .L223
 3652              		.loc 1 1377 42
 3653 0488 B969     		ldr	r1, [r7, #24]
 3654 048a FB69     		ldr	r3, [r7, #28]
 3655 048c 0B44     		add	r3, r3, r1
 3656              		.loc 1 1377 68
 3657 048e 1268     		ldr	r2, [r2]
 3658              		.loc 1 1377 59
 3659 0490 03F58053 		add	r3, r3, #4096
 3660 0494 40F82320 		str	r2, [r0, r3, lsl #2]
1375:../../../firmware/n32h7xx_std_periph_driver/src/n32h7xx_jpeg.c ****         {
 3661              		.loc 1 1375 58 discriminator 3
 3662 0498 BB69     		ldr	r3, [r7, #24]
 3663 049a 0133     		adds	r3, r3, #1
 3664 049c BB61     		str	r3, [r7, #24]
 3665              	.L190:
1375:../../../firmware/n32h7xx_std_periph_driver/src/n32h7xx_jpeg.c ****         {
 3666              		.loc 1 1375 37 discriminator 1
 3667 049e BA69     		ldr	r2, [r7, #24]
 3668 04a0 3B69     		ldr	r3, [r7, #16]
 3669 04a2 9A42     		cmp	r2, r3
 3670 04a4 EBD3     		bcc	.L191
1378:../../../firmware/n32h7xx_std_periph_driver/src/n32h7xx_jpeg.c ****         }
1379:../../../firmware/n32h7xx_std_periph_driver/src/n32h7xx_jpeg.c ****         
1380:../../../firmware/n32h7xx_std_periph_driver/src/n32h7xx_jpeg.c ****         JPEG_ENC->HUFTAB0E = position_temp * 4U + JPEGENC_InitStruct->hufftab0_header_size - 1;
 3671              		.loc 1 1380 44
 3672 04a6 FB69     		ldr	r3, [r7, #28]
ARM GAS  /tmp/cc0DTqI6.s 			page 90


 3673 04a8 9A00     		lsls	r2, r3, #2
 3674              		.loc 1 1380 69
 3675 04aa 7B68     		ldr	r3, [r7, #4]
 3676 04ac DB6E     		ldr	r3, [r3, #108]
 3677              		.loc 1 1380 49
 3678 04ae 1344     		add	r3, r3, r2
 3679              		.loc 1 1380 17
 3680 04b0 224A     		ldr	r2, .L223
 3681              		.loc 1 1380 92
 3682 04b2 013B     		subs	r3, r3, #1
 3683              		.loc 1 1380 28
 3684 04b4 02F58042 		add	r2, r2, #16384
 3685 04b8 C2F81438 		str	r3, [r2, #2068]
1381:../../../firmware/n32h7xx_std_periph_driver/src/n32h7xx_jpeg.c ****         position_temp = position_temp + size_word;
 3686              		.loc 1 1381 23
 3687 04bc FA69     		ldr	r2, [r7, #28]
 3688 04be 3B69     		ldr	r3, [r7, #16]
 3689 04c0 1344     		add	r3, r3, r2
 3690 04c2 FB61     		str	r3, [r7, #28]
 3691 04c4 06E0     		b	.L192
 3692              	.L189:
1382:../../../firmware/n32h7xx_std_periph_driver/src/n32h7xx_jpeg.c ****     }
1383:../../../firmware/n32h7xx_std_periph_driver/src/n32h7xx_jpeg.c ****     else
1384:../../../firmware/n32h7xx_std_periph_driver/src/n32h7xx_jpeg.c ****     {
1385:../../../firmware/n32h7xx_std_periph_driver/src/n32h7xx_jpeg.c ****         JPEG_ENC->HUFTAB0E = 0x00U;
 3693              		.loc 1 1385 17
 3694 04c6 1D4B     		ldr	r3, .L223
 3695              		.loc 1 1385 28
 3696 04c8 03F58043 		add	r3, r3, #16384
 3697 04cc 1A46     		mov	r2, r3
 3698 04ce 0023     		movs	r3, #0
 3699 04d0 C2F81438 		str	r3, [r2, #2068]
 3700              	.L192:
1386:../../../firmware/n32h7xx_std_periph_driver/src/n32h7xx_jpeg.c ****     }
1387:../../../firmware/n32h7xx_std_periph_driver/src/n32h7xx_jpeg.c ****     
1388:../../../firmware/n32h7xx_std_periph_driver/src/n32h7xx_jpeg.c ****     /* Huffman table1 frame header */
1389:../../../firmware/n32h7xx_std_periph_driver/src/n32h7xx_jpeg.c ****     if(JPEGENC_InitStruct->hufftab1_header_address != NULL)
 3701              		.loc 1 1389 26
 3702 04d4 7B68     		ldr	r3, [r7, #4]
 3703 04d6 1B6F     		ldr	r3, [r3, #112]
 3704              		.loc 1 1389 7
 3705 04d8 002B     		cmp	r3, #0
 3706 04da 31D0     		beq	.L193
1390:../../../firmware/n32h7xx_std_periph_driver/src/n32h7xx_jpeg.c ****     {
1391:../../../firmware/n32h7xx_std_periph_driver/src/n32h7xx_jpeg.c ****         size_word = ((JPEGENC_InitStruct->hufftab1_header_size + 3U)/4U);
 3707              		.loc 1 1391 41
 3708 04dc 7B68     		ldr	r3, [r7, #4]
 3709 04de 5B6F     		ldr	r3, [r3, #116]
 3710              		.loc 1 1391 64
 3711 04e0 0333     		adds	r3, r3, #3
 3712              		.loc 1 1391 19
 3713 04e2 9B08     		lsrs	r3, r3, #2
 3714 04e4 3B61     		str	r3, [r7, #16]
1392:../../../firmware/n32h7xx_std_periph_driver/src/n32h7xx_jpeg.c ****     
1393:../../../firmware/n32h7xx_std_periph_driver/src/n32h7xx_jpeg.c ****         pbuffer = (uint32_t*)JPEGENC_InitStruct->hufftab1_header_address;
 3715              		.loc 1 1393 17
 3716 04e6 7B68     		ldr	r3, [r7, #4]
ARM GAS  /tmp/cc0DTqI6.s 			page 91


 3717 04e8 1B6F     		ldr	r3, [r3, #112]
 3718 04ea FB60     		str	r3, [r7, #12]
1394:../../../firmware/n32h7xx_std_periph_driver/src/n32h7xx_jpeg.c ****         
1395:../../../firmware/n32h7xx_std_periph_driver/src/n32h7xx_jpeg.c ****         for(cnt_value = 0; cnt_value< size_word;cnt_value++)
 3719              		.loc 1 1395 23
 3720 04ec 0023     		movs	r3, #0
 3721 04ee BB61     		str	r3, [r7, #24]
 3722              		.loc 1 1395 9
 3723 04f0 0FE0     		b	.L194
 3724              	.L195:
1396:../../../firmware/n32h7xx_std_periph_driver/src/n32h7xx_jpeg.c ****         {
1397:../../../firmware/n32h7xx_std_periph_driver/src/n32h7xx_jpeg.c ****             JPEG_ENC->HFBUFFER[cnt_value + position_temp] = pbuffer[cnt_value];
 3725              		.loc 1 1397 68
 3726 04f2 BB69     		ldr	r3, [r7, #24]
 3727 04f4 9B00     		lsls	r3, r3, #2
 3728 04f6 FA68     		ldr	r2, [r7, #12]
 3729 04f8 1A44     		add	r2, r2, r3
 3730              		.loc 1 1397 21
 3731 04fa 1048     		ldr	r0, .L223
 3732              		.loc 1 1397 42
 3733 04fc B969     		ldr	r1, [r7, #24]
 3734 04fe FB69     		ldr	r3, [r7, #28]
 3735 0500 0B44     		add	r3, r3, r1
 3736              		.loc 1 1397 68
 3737 0502 1268     		ldr	r2, [r2]
 3738              		.loc 1 1397 59
 3739 0504 03F58053 		add	r3, r3, #4096
 3740 0508 40F82320 		str	r2, [r0, r3, lsl #2]
1395:../../../firmware/n32h7xx_std_periph_driver/src/n32h7xx_jpeg.c ****         {
 3741              		.loc 1 1395 58 discriminator 3
 3742 050c BB69     		ldr	r3, [r7, #24]
 3743 050e 0133     		adds	r3, r3, #1
 3744 0510 BB61     		str	r3, [r7, #24]
 3745              	.L194:
1395:../../../firmware/n32h7xx_std_periph_driver/src/n32h7xx_jpeg.c ****         {
 3746              		.loc 1 1395 37 discriminator 1
 3747 0512 BA69     		ldr	r2, [r7, #24]
 3748 0514 3B69     		ldr	r3, [r7, #16]
 3749 0516 9A42     		cmp	r2, r3
 3750 0518 EBD3     		bcc	.L195
1398:../../../firmware/n32h7xx_std_periph_driver/src/n32h7xx_jpeg.c ****         }
1399:../../../firmware/n32h7xx_std_periph_driver/src/n32h7xx_jpeg.c ****         
1400:../../../firmware/n32h7xx_std_periph_driver/src/n32h7xx_jpeg.c ****         JPEG_ENC->HUFTAB1E = position_temp * 4U + JPEGENC_InitStruct->hufftab1_header_size - 1;
 3751              		.loc 1 1400 44
 3752 051a FB69     		ldr	r3, [r7, #28]
 3753 051c 9A00     		lsls	r2, r3, #2
 3754              		.loc 1 1400 69
 3755 051e 7B68     		ldr	r3, [r7, #4]
 3756 0520 5B6F     		ldr	r3, [r3, #116]
 3757              		.loc 1 1400 49
 3758 0522 1344     		add	r3, r3, r2
 3759              		.loc 1 1400 17
 3760 0524 054A     		ldr	r2, .L223
 3761              		.loc 1 1400 92
 3762 0526 013B     		subs	r3, r3, #1
 3763              		.loc 1 1400 28
 3764 0528 02F58042 		add	r2, r2, #16384
ARM GAS  /tmp/cc0DTqI6.s 			page 92


 3765 052c C2F81838 		str	r3, [r2, #2072]
1401:../../../firmware/n32h7xx_std_periph_driver/src/n32h7xx_jpeg.c ****         position_temp = position_temp + size_word;
 3766              		.loc 1 1401 23
 3767 0530 FA69     		ldr	r2, [r7, #28]
 3768 0532 3B69     		ldr	r3, [r7, #16]
 3769 0534 1344     		add	r3, r3, r2
 3770 0536 FB61     		str	r3, [r7, #28]
 3771 0538 09E0     		b	.L196
 3772              	.L224:
 3773 053a 00BF     		.align	2
 3774              	.L223:
 3775 053c 00000650 		.word	1342570496
 3776              	.L193:
1402:../../../firmware/n32h7xx_std_periph_driver/src/n32h7xx_jpeg.c ****     }
1403:../../../firmware/n32h7xx_std_periph_driver/src/n32h7xx_jpeg.c ****     else
1404:../../../firmware/n32h7xx_std_periph_driver/src/n32h7xx_jpeg.c ****     {
1405:../../../firmware/n32h7xx_std_periph_driver/src/n32h7xx_jpeg.c ****         JPEG_ENC->HUFTAB1E = 0x00U;
 3777              		.loc 1 1405 17
 3778 0540 8C4B     		ldr	r3, .L225
 3779              		.loc 1 1405 28
 3780 0542 03F58043 		add	r3, r3, #16384
 3781 0546 1A46     		mov	r2, r3
 3782 0548 0023     		movs	r3, #0
 3783 054a C2F81838 		str	r3, [r2, #2072]
 3784              	.L196:
1406:../../../firmware/n32h7xx_std_periph_driver/src/n32h7xx_jpeg.c ****     }
1407:../../../firmware/n32h7xx_std_periph_driver/src/n32h7xx_jpeg.c ****     
1408:../../../firmware/n32h7xx_std_periph_driver/src/n32h7xx_jpeg.c ****     /* Huffman table2 frame header */
1409:../../../firmware/n32h7xx_std_periph_driver/src/n32h7xx_jpeg.c ****     if(JPEGENC_InitStruct->hufftab2_header_address != NULL)
 3785              		.loc 1 1409 26
 3786 054e 7B68     		ldr	r3, [r7, #4]
 3787 0550 9B6F     		ldr	r3, [r3, #120]
 3788              		.loc 1 1409 7
 3789 0552 002B     		cmp	r3, #0
 3790 0554 2ED0     		beq	.L197
1410:../../../firmware/n32h7xx_std_periph_driver/src/n32h7xx_jpeg.c ****     {
1411:../../../firmware/n32h7xx_std_periph_driver/src/n32h7xx_jpeg.c ****         size_word = ((JPEGENC_InitStruct->hufftab2_header_size + 3U)/4U);
 3791              		.loc 1 1411 41
 3792 0556 7B68     		ldr	r3, [r7, #4]
 3793 0558 DB6F     		ldr	r3, [r3, #124]
 3794              		.loc 1 1411 64
 3795 055a 0333     		adds	r3, r3, #3
 3796              		.loc 1 1411 19
 3797 055c 9B08     		lsrs	r3, r3, #2
 3798 055e 3B61     		str	r3, [r7, #16]
1412:../../../firmware/n32h7xx_std_periph_driver/src/n32h7xx_jpeg.c ****     
1413:../../../firmware/n32h7xx_std_periph_driver/src/n32h7xx_jpeg.c ****         pbuffer = (uint32_t*)JPEGENC_InitStruct->hufftab2_header_address;
 3799              		.loc 1 1413 17
 3800 0560 7B68     		ldr	r3, [r7, #4]
 3801 0562 9B6F     		ldr	r3, [r3, #120]
 3802 0564 FB60     		str	r3, [r7, #12]
1414:../../../firmware/n32h7xx_std_periph_driver/src/n32h7xx_jpeg.c ****         
1415:../../../firmware/n32h7xx_std_periph_driver/src/n32h7xx_jpeg.c ****         for(cnt_value = 0; cnt_value< size_word;cnt_value++)
 3803              		.loc 1 1415 23
 3804 0566 0023     		movs	r3, #0
 3805 0568 BB61     		str	r3, [r7, #24]
 3806              		.loc 1 1415 9
ARM GAS  /tmp/cc0DTqI6.s 			page 93


 3807 056a 0FE0     		b	.L198
 3808              	.L199:
1416:../../../firmware/n32h7xx_std_periph_driver/src/n32h7xx_jpeg.c ****         {
1417:../../../firmware/n32h7xx_std_periph_driver/src/n32h7xx_jpeg.c ****             JPEG_ENC->HFBUFFER[cnt_value + position_temp] = pbuffer[cnt_value];
 3809              		.loc 1 1417 68
 3810 056c BB69     		ldr	r3, [r7, #24]
 3811 056e 9B00     		lsls	r3, r3, #2
 3812 0570 FA68     		ldr	r2, [r7, #12]
 3813 0572 1A44     		add	r2, r2, r3
 3814              		.loc 1 1417 21
 3815 0574 7F48     		ldr	r0, .L225
 3816              		.loc 1 1417 42
 3817 0576 B969     		ldr	r1, [r7, #24]
 3818 0578 FB69     		ldr	r3, [r7, #28]
 3819 057a 0B44     		add	r3, r3, r1
 3820              		.loc 1 1417 68
 3821 057c 1268     		ldr	r2, [r2]
 3822              		.loc 1 1417 59
 3823 057e 03F58053 		add	r3, r3, #4096
 3824 0582 40F82320 		str	r2, [r0, r3, lsl #2]
1415:../../../firmware/n32h7xx_std_periph_driver/src/n32h7xx_jpeg.c ****         {
 3825              		.loc 1 1415 58 discriminator 3
 3826 0586 BB69     		ldr	r3, [r7, #24]
 3827 0588 0133     		adds	r3, r3, #1
 3828 058a BB61     		str	r3, [r7, #24]
 3829              	.L198:
1415:../../../firmware/n32h7xx_std_periph_driver/src/n32h7xx_jpeg.c ****         {
 3830              		.loc 1 1415 37 discriminator 1
 3831 058c BA69     		ldr	r2, [r7, #24]
 3832 058e 3B69     		ldr	r3, [r7, #16]
 3833 0590 9A42     		cmp	r2, r3
 3834 0592 EBD3     		bcc	.L199
1418:../../../firmware/n32h7xx_std_periph_driver/src/n32h7xx_jpeg.c ****         }
1419:../../../firmware/n32h7xx_std_periph_driver/src/n32h7xx_jpeg.c ****         
1420:../../../firmware/n32h7xx_std_periph_driver/src/n32h7xx_jpeg.c ****         JPEG_ENC->HUFTAB2E = position_temp * 4U + JPEGENC_InitStruct->hufftab2_header_size - 1;
 3835              		.loc 1 1420 44
 3836 0594 FB69     		ldr	r3, [r7, #28]
 3837 0596 9A00     		lsls	r2, r3, #2
 3838              		.loc 1 1420 69
 3839 0598 7B68     		ldr	r3, [r7, #4]
 3840 059a DB6F     		ldr	r3, [r3, #124]
 3841              		.loc 1 1420 49
 3842 059c 1344     		add	r3, r3, r2
 3843              		.loc 1 1420 17
 3844 059e 754A     		ldr	r2, .L225
 3845              		.loc 1 1420 92
 3846 05a0 013B     		subs	r3, r3, #1
 3847              		.loc 1 1420 28
 3848 05a2 02F58042 		add	r2, r2, #16384
 3849 05a6 C2F81C38 		str	r3, [r2, #2076]
1421:../../../firmware/n32h7xx_std_periph_driver/src/n32h7xx_jpeg.c ****         position_temp = position_temp + size_word;
 3850              		.loc 1 1421 23
 3851 05aa FA69     		ldr	r2, [r7, #28]
 3852 05ac 3B69     		ldr	r3, [r7, #16]
 3853 05ae 1344     		add	r3, r3, r2
 3854 05b0 FB61     		str	r3, [r7, #28]
 3855 05b2 06E0     		b	.L200
ARM GAS  /tmp/cc0DTqI6.s 			page 94


 3856              	.L197:
1422:../../../firmware/n32h7xx_std_periph_driver/src/n32h7xx_jpeg.c ****     }
1423:../../../firmware/n32h7xx_std_periph_driver/src/n32h7xx_jpeg.c ****     else
1424:../../../firmware/n32h7xx_std_periph_driver/src/n32h7xx_jpeg.c ****     {
1425:../../../firmware/n32h7xx_std_periph_driver/src/n32h7xx_jpeg.c ****         JPEG_ENC->HUFTAB2E = 0x00U;
 3857              		.loc 1 1425 17
 3858 05b4 6F4B     		ldr	r3, .L225
 3859              		.loc 1 1425 28
 3860 05b6 03F58043 		add	r3, r3, #16384
 3861 05ba 1A46     		mov	r2, r3
 3862 05bc 0023     		movs	r3, #0
 3863 05be C2F81C38 		str	r3, [r2, #2076]
 3864              	.L200:
1426:../../../firmware/n32h7xx_std_periph_driver/src/n32h7xx_jpeg.c ****     }
1427:../../../firmware/n32h7xx_std_periph_driver/src/n32h7xx_jpeg.c ****     
1428:../../../firmware/n32h7xx_std_periph_driver/src/n32h7xx_jpeg.c ****     /* Huffman table3 frame header */
1429:../../../firmware/n32h7xx_std_periph_driver/src/n32h7xx_jpeg.c ****     if(JPEGENC_InitStruct->hufftab3_header_address != NULL)
 3865              		.loc 1 1429 26
 3866 05c2 7B68     		ldr	r3, [r7, #4]
 3867 05c4 D3F88030 		ldr	r3, [r3, #128]
 3868              		.loc 1 1429 7
 3869 05c8 002B     		cmp	r3, #0
 3870 05ca 31D0     		beq	.L201
1430:../../../firmware/n32h7xx_std_periph_driver/src/n32h7xx_jpeg.c ****     {
1431:../../../firmware/n32h7xx_std_periph_driver/src/n32h7xx_jpeg.c ****         size_word = ((JPEGENC_InitStruct->hufftab3_header_size + 3U)/4U);
 3871              		.loc 1 1431 41
 3872 05cc 7B68     		ldr	r3, [r7, #4]
 3873 05ce D3F88430 		ldr	r3, [r3, #132]
 3874              		.loc 1 1431 64
 3875 05d2 0333     		adds	r3, r3, #3
 3876              		.loc 1 1431 19
 3877 05d4 9B08     		lsrs	r3, r3, #2
 3878 05d6 3B61     		str	r3, [r7, #16]
1432:../../../firmware/n32h7xx_std_periph_driver/src/n32h7xx_jpeg.c ****     
1433:../../../firmware/n32h7xx_std_periph_driver/src/n32h7xx_jpeg.c ****         pbuffer = (uint32_t*)JPEGENC_InitStruct->hufftab3_header_address;
 3879              		.loc 1 1433 17
 3880 05d8 7B68     		ldr	r3, [r7, #4]
 3881 05da D3F88030 		ldr	r3, [r3, #128]
 3882 05de FB60     		str	r3, [r7, #12]
1434:../../../firmware/n32h7xx_std_periph_driver/src/n32h7xx_jpeg.c ****         
1435:../../../firmware/n32h7xx_std_periph_driver/src/n32h7xx_jpeg.c ****         for(cnt_value = 0; cnt_value< size_word;cnt_value++)
 3883              		.loc 1 1435 23
 3884 05e0 0023     		movs	r3, #0
 3885 05e2 BB61     		str	r3, [r7, #24]
 3886              		.loc 1 1435 9
 3887 05e4 0FE0     		b	.L202
 3888              	.L203:
1436:../../../firmware/n32h7xx_std_periph_driver/src/n32h7xx_jpeg.c ****         {
1437:../../../firmware/n32h7xx_std_periph_driver/src/n32h7xx_jpeg.c ****             JPEG_ENC->HFBUFFER[cnt_value + position_temp] = pbuffer[cnt_value];
 3889              		.loc 1 1437 68
 3890 05e6 BB69     		ldr	r3, [r7, #24]
 3891 05e8 9B00     		lsls	r3, r3, #2
 3892 05ea FA68     		ldr	r2, [r7, #12]
 3893 05ec 1A44     		add	r2, r2, r3
 3894              		.loc 1 1437 21
 3895 05ee 6148     		ldr	r0, .L225
 3896              		.loc 1 1437 42
ARM GAS  /tmp/cc0DTqI6.s 			page 95


 3897 05f0 B969     		ldr	r1, [r7, #24]
 3898 05f2 FB69     		ldr	r3, [r7, #28]
 3899 05f4 0B44     		add	r3, r3, r1
 3900              		.loc 1 1437 68
 3901 05f6 1268     		ldr	r2, [r2]
 3902              		.loc 1 1437 59
 3903 05f8 03F58053 		add	r3, r3, #4096
 3904 05fc 40F82320 		str	r2, [r0, r3, lsl #2]
1435:../../../firmware/n32h7xx_std_periph_driver/src/n32h7xx_jpeg.c ****         {
 3905              		.loc 1 1435 58 discriminator 3
 3906 0600 BB69     		ldr	r3, [r7, #24]
 3907 0602 0133     		adds	r3, r3, #1
 3908 0604 BB61     		str	r3, [r7, #24]
 3909              	.L202:
1435:../../../firmware/n32h7xx_std_periph_driver/src/n32h7xx_jpeg.c ****         {
 3910              		.loc 1 1435 37 discriminator 1
 3911 0606 BA69     		ldr	r2, [r7, #24]
 3912 0608 3B69     		ldr	r3, [r7, #16]
 3913 060a 9A42     		cmp	r2, r3
 3914 060c EBD3     		bcc	.L203
1438:../../../firmware/n32h7xx_std_periph_driver/src/n32h7xx_jpeg.c ****         }
1439:../../../firmware/n32h7xx_std_periph_driver/src/n32h7xx_jpeg.c ****         
1440:../../../firmware/n32h7xx_std_periph_driver/src/n32h7xx_jpeg.c ****         JPEG_ENC->HUFTAB0E = position_temp * 4U + JPEGENC_InitStruct->hufftab3_header_size - 1;
 3915              		.loc 1 1440 44
 3916 060e FB69     		ldr	r3, [r7, #28]
 3917 0610 9A00     		lsls	r2, r3, #2
 3918              		.loc 1 1440 69
 3919 0612 7B68     		ldr	r3, [r7, #4]
 3920 0614 D3F88430 		ldr	r3, [r3, #132]
 3921              		.loc 1 1440 49
 3922 0618 1344     		add	r3, r3, r2
 3923              		.loc 1 1440 17
 3924 061a 564A     		ldr	r2, .L225
 3925              		.loc 1 1440 92
 3926 061c 013B     		subs	r3, r3, #1
 3927              		.loc 1 1440 28
 3928 061e 02F58042 		add	r2, r2, #16384
 3929 0622 C2F81438 		str	r3, [r2, #2068]
1441:../../../firmware/n32h7xx_std_periph_driver/src/n32h7xx_jpeg.c ****         position_temp = position_temp + size_word;
 3930              		.loc 1 1441 23
 3931 0626 FA69     		ldr	r2, [r7, #28]
 3932 0628 3B69     		ldr	r3, [r7, #16]
 3933 062a 1344     		add	r3, r3, r2
 3934 062c FB61     		str	r3, [r7, #28]
 3935 062e 06E0     		b	.L204
 3936              	.L201:
1442:../../../firmware/n32h7xx_std_periph_driver/src/n32h7xx_jpeg.c ****     }
1443:../../../firmware/n32h7xx_std_periph_driver/src/n32h7xx_jpeg.c ****     else
1444:../../../firmware/n32h7xx_std_periph_driver/src/n32h7xx_jpeg.c ****     {
1445:../../../firmware/n32h7xx_std_periph_driver/src/n32h7xx_jpeg.c ****         JPEG_ENC->HUFTAB3E = 0x00U;
 3937              		.loc 1 1445 17
 3938 0630 504B     		ldr	r3, .L225
 3939              		.loc 1 1445 28
 3940 0632 03F58043 		add	r3, r3, #16384
 3941 0636 1A46     		mov	r2, r3
 3942 0638 0023     		movs	r3, #0
 3943 063a C2F82038 		str	r3, [r2, #2080]
ARM GAS  /tmp/cc0DTqI6.s 			page 96


 3944              	.L204:
1446:../../../firmware/n32h7xx_std_periph_driver/src/n32h7xx_jpeg.c ****     }
1447:../../../firmware/n32h7xx_std_periph_driver/src/n32h7xx_jpeg.c ****     
1448:../../../firmware/n32h7xx_std_periph_driver/src/n32h7xx_jpeg.c ****     /* File frame footer */
1449:../../../firmware/n32h7xx_std_periph_driver/src/n32h7xx_jpeg.c ****     if(JPEGENC_InitStruct->footer_address != NULL)
 3945              		.loc 1 1449 26
 3946 063e 7B68     		ldr	r3, [r7, #4]
 3947 0640 D3F88830 		ldr	r3, [r3, #136]
 3948              		.loc 1 1449 7
 3949 0644 002B     		cmp	r3, #0
 3950 0646 2DD0     		beq	.L205
1450:../../../firmware/n32h7xx_std_periph_driver/src/n32h7xx_jpeg.c ****     {
1451:../../../firmware/n32h7xx_std_periph_driver/src/n32h7xx_jpeg.c ****         size_word = ((JPEGENC_InitStruct->footer_size + 3U)/4U);
 3951              		.loc 1 1451 41
 3952 0648 7B68     		ldr	r3, [r7, #4]
 3953 064a D3F88C30 		ldr	r3, [r3, #140]
 3954              		.loc 1 1451 55
 3955 064e 0333     		adds	r3, r3, #3
 3956              		.loc 1 1451 19
 3957 0650 9B08     		lsrs	r3, r3, #2
 3958 0652 3B61     		str	r3, [r7, #16]
1452:../../../firmware/n32h7xx_std_periph_driver/src/n32h7xx_jpeg.c ****     
1453:../../../firmware/n32h7xx_std_periph_driver/src/n32h7xx_jpeg.c ****         pbuffer = (uint32_t*)JPEGENC_InitStruct->footer_address;
 3959              		.loc 1 1453 17
 3960 0654 7B68     		ldr	r3, [r7, #4]
 3961 0656 D3F88830 		ldr	r3, [r3, #136]
 3962 065a FB60     		str	r3, [r7, #12]
1454:../../../firmware/n32h7xx_std_periph_driver/src/n32h7xx_jpeg.c ****         
1455:../../../firmware/n32h7xx_std_periph_driver/src/n32h7xx_jpeg.c ****         for(cnt_value = 0; cnt_value< size_word;cnt_value++)
 3963              		.loc 1 1455 23
 3964 065c 0023     		movs	r3, #0
 3965 065e BB61     		str	r3, [r7, #24]
 3966              		.loc 1 1455 9
 3967 0660 0FE0     		b	.L206
 3968              	.L207:
1456:../../../firmware/n32h7xx_std_periph_driver/src/n32h7xx_jpeg.c ****         {
1457:../../../firmware/n32h7xx_std_periph_driver/src/n32h7xx_jpeg.c ****             JPEG_ENC->HFBUFFER[cnt_value + position_temp] = pbuffer[cnt_value];
 3969              		.loc 1 1457 68
 3970 0662 BB69     		ldr	r3, [r7, #24]
 3971 0664 9B00     		lsls	r3, r3, #2
 3972 0666 FA68     		ldr	r2, [r7, #12]
 3973 0668 1A44     		add	r2, r2, r3
 3974              		.loc 1 1457 21
 3975 066a 4248     		ldr	r0, .L225
 3976              		.loc 1 1457 42
 3977 066c B969     		ldr	r1, [r7, #24]
 3978 066e FB69     		ldr	r3, [r7, #28]
 3979 0670 0B44     		add	r3, r3, r1
 3980              		.loc 1 1457 68
 3981 0672 1268     		ldr	r2, [r2]
 3982              		.loc 1 1457 59
 3983 0674 03F58053 		add	r3, r3, #4096
 3984 0678 40F82320 		str	r2, [r0, r3, lsl #2]
1455:../../../firmware/n32h7xx_std_periph_driver/src/n32h7xx_jpeg.c ****         {
 3985              		.loc 1 1455 58 discriminator 3
 3986 067c BB69     		ldr	r3, [r7, #24]
 3987 067e 0133     		adds	r3, r3, #1
ARM GAS  /tmp/cc0DTqI6.s 			page 97


 3988 0680 BB61     		str	r3, [r7, #24]
 3989              	.L206:
1455:../../../firmware/n32h7xx_std_periph_driver/src/n32h7xx_jpeg.c ****         {
 3990              		.loc 1 1455 37 discriminator 1
 3991 0682 BA69     		ldr	r2, [r7, #24]
 3992 0684 3B69     		ldr	r3, [r7, #16]
 3993 0686 9A42     		cmp	r2, r3
 3994 0688 EBD3     		bcc	.L207
1458:../../../firmware/n32h7xx_std_periph_driver/src/n32h7xx_jpeg.c ****         }
1459:../../../firmware/n32h7xx_std_periph_driver/src/n32h7xx_jpeg.c ****         
1460:../../../firmware/n32h7xx_std_periph_driver/src/n32h7xx_jpeg.c ****         JPEG_ENC->FEADD = position_temp * 4U + JPEGENC_InitStruct->footer_size - 1;
 3995              		.loc 1 1460 41
 3996 068a FB69     		ldr	r3, [r7, #28]
 3997 068c 9A00     		lsls	r2, r3, #2
 3998              		.loc 1 1460 66
 3999 068e 7B68     		ldr	r3, [r7, #4]
 4000 0690 D3F88C30 		ldr	r3, [r3, #140]
 4001              		.loc 1 1460 46
 4002 0694 1344     		add	r3, r3, r2
 4003              		.loc 1 1460 17
 4004 0696 374A     		ldr	r2, .L225
 4005              		.loc 1 1460 80
 4006 0698 013B     		subs	r3, r3, #1
 4007              		.loc 1 1460 25
 4008 069a 02F58042 		add	r2, r2, #16384
 4009 069e C2F82438 		str	r3, [r2, #2084]
 4010 06a2 06E0     		b	.L208
 4011              	.L205:
1461:../../../firmware/n32h7xx_std_periph_driver/src/n32h7xx_jpeg.c ****     }    
1462:../../../firmware/n32h7xx_std_periph_driver/src/n32h7xx_jpeg.c ****     else
1463:../../../firmware/n32h7xx_std_periph_driver/src/n32h7xx_jpeg.c ****     {
1464:../../../firmware/n32h7xx_std_periph_driver/src/n32h7xx_jpeg.c ****         JPEG_ENC->FEADD = 0x00U;
 4012              		.loc 1 1464 17
 4013 06a4 334B     		ldr	r3, .L225
 4014              		.loc 1 1464 25
 4015 06a6 03F58043 		add	r3, r3, #16384
 4016 06aa 1A46     		mov	r2, r3
 4017 06ac 0023     		movs	r3, #0
 4018 06ae C2F82438 		str	r3, [r2, #2084]
 4019              	.L208:
1465:../../../firmware/n32h7xx_std_periph_driver/src/n32h7xx_jpeg.c ****     }
1466:../../../firmware/n32h7xx_std_periph_driver/src/n32h7xx_jpeg.c ****     
1467:../../../firmware/n32h7xx_std_periph_driver/src/n32h7xx_jpeg.c ****     /* Header parts out select */
1468:../../../firmware/n32h7xx_std_periph_driver/src/n32h7xx_jpeg.c ****     JPEG_ENC->HSEL = JPEGENC_InitStruct->output_select;
 4020              		.loc 1 1468 13
 4021 06b2 304A     		ldr	r2, .L225
 4022              		.loc 1 1468 40
 4023 06b4 7B68     		ldr	r3, [r7, #4]
 4024 06b6 D3F89030 		ldr	r3, [r3, #144]
 4025              		.loc 1 1468 20
 4026 06ba 02F5A042 		add	r2, r2, #20480
 4027 06be D363     		str	r3, [r2, #60]
1469:../../../firmware/n32h7xx_std_periph_driver/src/n32h7xx_jpeg.c ****     
1470:../../../firmware/n32h7xx_std_periph_driver/src/n32h7xx_jpeg.c ****     /* Quantisation table 0 */
1471:../../../firmware/n32h7xx_std_periph_driver/src/n32h7xx_jpeg.c ****     if(JPEGENC_InitStruct->QT0_address != NULL)
 4028              		.loc 1 1471 26
 4029 06c0 7B68     		ldr	r3, [r7, #4]
ARM GAS  /tmp/cc0DTqI6.s 			page 98


 4030 06c2 D3F89430 		ldr	r3, [r3, #148]
 4031              		.loc 1 1471 7
 4032 06c6 002B     		cmp	r3, #0
 4033 06c8 15D0     		beq	.L209
1472:../../../firmware/n32h7xx_std_periph_driver/src/n32h7xx_jpeg.c ****     {
1473:../../../firmware/n32h7xx_std_periph_driver/src/n32h7xx_jpeg.c ****         for(cnt_value = 0; cnt_value< 64U;cnt_value++)
 4034              		.loc 1 1473 23
 4035 06ca 0023     		movs	r3, #0
 4036 06cc BB61     		str	r3, [r7, #24]
 4037              		.loc 1 1473 9
 4038 06ce 0FE0     		b	.L210
 4039              	.L211:
1474:../../../firmware/n32h7xx_std_periph_driver/src/n32h7xx_jpeg.c ****         {
1475:../../../firmware/n32h7xx_std_periph_driver/src/n32h7xx_jpeg.c ****             JPEG_ENC->QT0[cnt_value] = (uint32_t)JPEGENC_InitStruct->QT0_address[cnt_value];
 4040              		.loc 1 1475 68
 4041 06d0 7B68     		ldr	r3, [r7, #4]
 4042 06d2 D3F89420 		ldr	r2, [r3, #148]
 4043              		.loc 1 1475 81
 4044 06d6 BB69     		ldr	r3, [r7, #24]
 4045 06d8 1344     		add	r3, r3, r2
 4046 06da 1B78     		ldrb	r3, [r3]	@ zero_extendqisi2
 4047              		.loc 1 1475 21
 4048 06dc 254A     		ldr	r2, .L225
 4049              		.loc 1 1475 40
 4050 06de 1946     		mov	r1, r3
 4051              		.loc 1 1475 38
 4052 06e0 BB69     		ldr	r3, [r7, #24]
 4053 06e2 03F50063 		add	r3, r3, #2048
 4054 06e6 42F82310 		str	r1, [r2, r3, lsl #2]
1473:../../../firmware/n32h7xx_std_periph_driver/src/n32h7xx_jpeg.c ****         {
 4055              		.loc 1 1473 52 discriminator 3
 4056 06ea BB69     		ldr	r3, [r7, #24]
 4057 06ec 0133     		adds	r3, r3, #1
 4058 06ee BB61     		str	r3, [r7, #24]
 4059              	.L210:
1473:../../../firmware/n32h7xx_std_periph_driver/src/n32h7xx_jpeg.c ****         {
 4060              		.loc 1 1473 37 discriminator 1
 4061 06f0 BB69     		ldr	r3, [r7, #24]
 4062 06f2 3F2B     		cmp	r3, #63
 4063 06f4 ECD9     		bls	.L211
 4064              	.L209:
1476:../../../firmware/n32h7xx_std_periph_driver/src/n32h7xx_jpeg.c ****         }
1477:../../../firmware/n32h7xx_std_periph_driver/src/n32h7xx_jpeg.c ****     }
1478:../../../firmware/n32h7xx_std_periph_driver/src/n32h7xx_jpeg.c ****     else
1479:../../../firmware/n32h7xx_std_periph_driver/src/n32h7xx_jpeg.c ****     {
1480:../../../firmware/n32h7xx_std_periph_driver/src/n32h7xx_jpeg.c ****         /* no process */
1481:../../../firmware/n32h7xx_std_periph_driver/src/n32h7xx_jpeg.c ****     }
1482:../../../firmware/n32h7xx_std_periph_driver/src/n32h7xx_jpeg.c ****     
1483:../../../firmware/n32h7xx_std_periph_driver/src/n32h7xx_jpeg.c ****     /* Quantisation table 1 */
1484:../../../firmware/n32h7xx_std_periph_driver/src/n32h7xx_jpeg.c ****     if(JPEGENC_InitStruct->QT1_address != NULL)
 4065              		.loc 1 1484 26
 4066 06f6 7B68     		ldr	r3, [r7, #4]
 4067 06f8 D3F89830 		ldr	r3, [r3, #152]
 4068              		.loc 1 1484 7
 4069 06fc 002B     		cmp	r3, #0
 4070 06fe 15D0     		beq	.L212
1485:../../../firmware/n32h7xx_std_periph_driver/src/n32h7xx_jpeg.c ****     {
ARM GAS  /tmp/cc0DTqI6.s 			page 99


1486:../../../firmware/n32h7xx_std_periph_driver/src/n32h7xx_jpeg.c ****         for(cnt_value = 0; cnt_value< 64U;cnt_value++)
 4071              		.loc 1 1486 23
 4072 0700 0023     		movs	r3, #0
 4073 0702 BB61     		str	r3, [r7, #24]
 4074              		.loc 1 1486 9
 4075 0704 0FE0     		b	.L213
 4076              	.L214:
1487:../../../firmware/n32h7xx_std_periph_driver/src/n32h7xx_jpeg.c ****         {
1488:../../../firmware/n32h7xx_std_periph_driver/src/n32h7xx_jpeg.c ****             JPEG_ENC->QT1[cnt_value] = (uint32_t)JPEGENC_InitStruct->QT1_address[cnt_value];
 4077              		.loc 1 1488 68
 4078 0706 7B68     		ldr	r3, [r7, #4]
 4079 0708 D3F89820 		ldr	r2, [r3, #152]
 4080              		.loc 1 1488 81
 4081 070c BB69     		ldr	r3, [r7, #24]
 4082 070e 1344     		add	r3, r3, r2
 4083 0710 1B78     		ldrb	r3, [r3]	@ zero_extendqisi2
 4084              		.loc 1 1488 21
 4085 0712 184A     		ldr	r2, .L225
 4086              		.loc 1 1488 40
 4087 0714 1946     		mov	r1, r3
 4088              		.loc 1 1488 38
 4089 0716 BB69     		ldr	r3, [r7, #24]
 4090 0718 03F50463 		add	r3, r3, #2112
 4091 071c 42F82310 		str	r1, [r2, r3, lsl #2]
1486:../../../firmware/n32h7xx_std_periph_driver/src/n32h7xx_jpeg.c ****         {
 4092              		.loc 1 1486 52 discriminator 3
 4093 0720 BB69     		ldr	r3, [r7, #24]
 4094 0722 0133     		adds	r3, r3, #1
 4095 0724 BB61     		str	r3, [r7, #24]
 4096              	.L213:
1486:../../../firmware/n32h7xx_std_periph_driver/src/n32h7xx_jpeg.c ****         {
 4097              		.loc 1 1486 37 discriminator 1
 4098 0726 BB69     		ldr	r3, [r7, #24]
 4099 0728 3F2B     		cmp	r3, #63
 4100 072a ECD9     		bls	.L214
 4101              	.L212:
1489:../../../firmware/n32h7xx_std_periph_driver/src/n32h7xx_jpeg.c ****         }
1490:../../../firmware/n32h7xx_std_periph_driver/src/n32h7xx_jpeg.c ****     }
1491:../../../firmware/n32h7xx_std_periph_driver/src/n32h7xx_jpeg.c ****     else
1492:../../../firmware/n32h7xx_std_periph_driver/src/n32h7xx_jpeg.c ****     {
1493:../../../firmware/n32h7xx_std_periph_driver/src/n32h7xx_jpeg.c ****         /* no process */
1494:../../../firmware/n32h7xx_std_periph_driver/src/n32h7xx_jpeg.c ****     }
1495:../../../firmware/n32h7xx_std_periph_driver/src/n32h7xx_jpeg.c ****     
1496:../../../firmware/n32h7xx_std_periph_driver/src/n32h7xx_jpeg.c ****     /* Quantisation table 2 */
1497:../../../firmware/n32h7xx_std_periph_driver/src/n32h7xx_jpeg.c ****     if(JPEGENC_InitStruct->QT2_address != NULL)
 4102              		.loc 1 1497 26
 4103 072c 7B68     		ldr	r3, [r7, #4]
 4104 072e D3F89C30 		ldr	r3, [r3, #156]
 4105              		.loc 1 1497 7
 4106 0732 002B     		cmp	r3, #0
 4107 0734 15D0     		beq	.L215
1498:../../../firmware/n32h7xx_std_periph_driver/src/n32h7xx_jpeg.c ****     {
1499:../../../firmware/n32h7xx_std_periph_driver/src/n32h7xx_jpeg.c ****         for(cnt_value = 0; cnt_value< 64U;cnt_value++)
 4108              		.loc 1 1499 23
 4109 0736 0023     		movs	r3, #0
 4110 0738 BB61     		str	r3, [r7, #24]
 4111              		.loc 1 1499 9
ARM GAS  /tmp/cc0DTqI6.s 			page 100


 4112 073a 0FE0     		b	.L216
 4113              	.L217:
1500:../../../firmware/n32h7xx_std_periph_driver/src/n32h7xx_jpeg.c ****         {
1501:../../../firmware/n32h7xx_std_periph_driver/src/n32h7xx_jpeg.c ****             JPEG_ENC->QT2[cnt_value] = (uint32_t)JPEGENC_InitStruct->QT2_address[cnt_value];
 4114              		.loc 1 1501 68
 4115 073c 7B68     		ldr	r3, [r7, #4]
 4116 073e D3F89C20 		ldr	r2, [r3, #156]
 4117              		.loc 1 1501 81
 4118 0742 BB69     		ldr	r3, [r7, #24]
 4119 0744 1344     		add	r3, r3, r2
 4120 0746 1B78     		ldrb	r3, [r3]	@ zero_extendqisi2
 4121              		.loc 1 1501 21
 4122 0748 0A4A     		ldr	r2, .L225
 4123              		.loc 1 1501 40
 4124 074a 1946     		mov	r1, r3
 4125              		.loc 1 1501 38
 4126 074c BB69     		ldr	r3, [r7, #24]
 4127 074e 03F50863 		add	r3, r3, #2176
 4128 0752 42F82310 		str	r1, [r2, r3, lsl #2]
1499:../../../firmware/n32h7xx_std_periph_driver/src/n32h7xx_jpeg.c ****         {
 4129              		.loc 1 1499 52 discriminator 3
 4130 0756 BB69     		ldr	r3, [r7, #24]
 4131 0758 0133     		adds	r3, r3, #1
 4132 075a BB61     		str	r3, [r7, #24]
 4133              	.L216:
1499:../../../firmware/n32h7xx_std_periph_driver/src/n32h7xx_jpeg.c ****         {
 4134              		.loc 1 1499 37 discriminator 1
 4135 075c BB69     		ldr	r3, [r7, #24]
 4136 075e 3F2B     		cmp	r3, #63
 4137 0760 ECD9     		bls	.L217
 4138              	.L215:
1502:../../../firmware/n32h7xx_std_periph_driver/src/n32h7xx_jpeg.c ****         }
1503:../../../firmware/n32h7xx_std_periph_driver/src/n32h7xx_jpeg.c ****     }
1504:../../../firmware/n32h7xx_std_periph_driver/src/n32h7xx_jpeg.c ****     else
1505:../../../firmware/n32h7xx_std_periph_driver/src/n32h7xx_jpeg.c ****     {
1506:../../../firmware/n32h7xx_std_periph_driver/src/n32h7xx_jpeg.c ****         /* no process */
1507:../../../firmware/n32h7xx_std_periph_driver/src/n32h7xx_jpeg.c ****     }
1508:../../../firmware/n32h7xx_std_periph_driver/src/n32h7xx_jpeg.c ****     
1509:../../../firmware/n32h7xx_std_periph_driver/src/n32h7xx_jpeg.c ****     /* Quantisation table 3 */
1510:../../../firmware/n32h7xx_std_periph_driver/src/n32h7xx_jpeg.c ****     if(JPEGENC_InitStruct->QT3_address != NULL)
 4139              		.loc 1 1510 26
 4140 0762 7B68     		ldr	r3, [r7, #4]
 4141 0764 D3F8A030 		ldr	r3, [r3, #160]
 4142              		.loc 1 1510 7
 4143 0768 002B     		cmp	r3, #0
 4144 076a 18D0     		beq	.L218
1511:../../../firmware/n32h7xx_std_periph_driver/src/n32h7xx_jpeg.c ****     {
1512:../../../firmware/n32h7xx_std_periph_driver/src/n32h7xx_jpeg.c ****         for(cnt_value = 0; cnt_value< 64U;cnt_value++)
 4145              		.loc 1 1512 23
 4146 076c 0023     		movs	r3, #0
 4147 076e BB61     		str	r3, [r7, #24]
 4148              		.loc 1 1512 9
 4149 0770 12E0     		b	.L219
 4150              	.L226:
 4151 0772 00BF     		.align	2
 4152              	.L225:
 4153 0774 00000650 		.word	1342570496
ARM GAS  /tmp/cc0DTqI6.s 			page 101


 4154              	.L220:
1513:../../../firmware/n32h7xx_std_periph_driver/src/n32h7xx_jpeg.c ****         {
1514:../../../firmware/n32h7xx_std_periph_driver/src/n32h7xx_jpeg.c ****             JPEG_ENC->QT3[cnt_value] = (uint32_t)JPEGENC_InitStruct->QT3_address[cnt_value];
 4155              		.loc 1 1514 68
 4156 0778 7B68     		ldr	r3, [r7, #4]
 4157 077a D3F8A020 		ldr	r2, [r3, #160]
 4158              		.loc 1 1514 81
 4159 077e BB69     		ldr	r3, [r7, #24]
 4160 0780 1344     		add	r3, r3, r2
 4161 0782 1B78     		ldrb	r3, [r3]	@ zero_extendqisi2
 4162              		.loc 1 1514 21
 4163 0784 274A     		ldr	r2, .L227
 4164              		.loc 1 1514 40
 4165 0786 1946     		mov	r1, r3
 4166              		.loc 1 1514 38
 4167 0788 BB69     		ldr	r3, [r7, #24]
 4168 078a 03F50C63 		add	r3, r3, #2240
 4169 078e 42F82310 		str	r1, [r2, r3, lsl #2]
1512:../../../firmware/n32h7xx_std_periph_driver/src/n32h7xx_jpeg.c ****         {
 4170              		.loc 1 1512 52 discriminator 3
 4171 0792 BB69     		ldr	r3, [r7, #24]
 4172 0794 0133     		adds	r3, r3, #1
 4173 0796 BB61     		str	r3, [r7, #24]
 4174              	.L219:
1512:../../../firmware/n32h7xx_std_periph_driver/src/n32h7xx_jpeg.c ****         {
 4175              		.loc 1 1512 37 discriminator 1
 4176 0798 BB69     		ldr	r3, [r7, #24]
 4177 079a 3F2B     		cmp	r3, #63
 4178 079c ECD9     		bls	.L220
 4179              	.L218:
1515:../../../firmware/n32h7xx_std_periph_driver/src/n32h7xx_jpeg.c ****         }
1516:../../../firmware/n32h7xx_std_periph_driver/src/n32h7xx_jpeg.c ****     }
1517:../../../firmware/n32h7xx_std_periph_driver/src/n32h7xx_jpeg.c ****     else
1518:../../../firmware/n32h7xx_std_periph_driver/src/n32h7xx_jpeg.c ****     {
1519:../../../firmware/n32h7xx_std_periph_driver/src/n32h7xx_jpeg.c ****         /* no process */
1520:../../../firmware/n32h7xx_std_periph_driver/src/n32h7xx_jpeg.c ****     }
1521:../../../firmware/n32h7xx_std_periph_driver/src/n32h7xx_jpeg.c ****     
1522:../../../firmware/n32h7xx_std_periph_driver/src/n32h7xx_jpeg.c ****     /* restart interval configure */
1523:../../../firmware/n32h7xx_std_periph_driver/src/n32h7xx_jpeg.c ****     JPEG_ENC->RICTRL = (JPEGENC_InitStruct->restart_interval | (JPEGENC_InitStruct->interval_num - 
 4180              		.loc 1 1523 43
 4181 079e 7B68     		ldr	r3, [r7, #4]
 4182 07a0 D3F8A420 		ldr	r2, [r3, #164]
 4183              		.loc 1 1523 83
 4184 07a4 7B68     		ldr	r3, [r7, #4]
 4185 07a6 D3F8A830 		ldr	r3, [r3, #168]
 4186              		.loc 1 1523 98
 4187 07aa 013B     		subs	r3, r3, #1
 4188              		.loc 1 1523 13
 4189 07ac 1D49     		ldr	r1, .L227
 4190              		.loc 1 1523 62
 4191 07ae 1343     		orrs	r3, r3, r2
 4192              		.loc 1 1523 22
 4193 07b0 01F5C042 		add	r2, r1, #24576
 4194 07b4 1360     		str	r3, [r2]
1524:../../../firmware/n32h7xx_std_periph_driver/src/n32h7xx_jpeg.c ****     
1525:../../../firmware/n32h7xx_std_periph_driver/src/n32h7xx_jpeg.c ****     /* JPEG ENC CTRL register */
1526:../../../firmware/n32h7xx_std_periph_driver/src/n32h7xx_jpeg.c ****     JPEG_ENC->CTRL = ((JPEGENC_InitStruct->Corereset  << REG_BIT1_OFFSET)   |\
ARM GAS  /tmp/cc0DTqI6.s 			page 102


 4195              		.loc 1 1526 42
 4196 07b6 7B68     		ldr	r3, [r7, #4]
 4197 07b8 D3F8CC30 		ldr	r3, [r3, #204]
 4198              		.loc 1 1526 55
 4199 07bc 5A00     		lsls	r2, r3, #1
1527:../../../firmware/n32h7xx_std_periph_driver/src/n32h7xx_jpeg.c ****                      (JPEGENC_InitStruct->C0HT_select  << REG_BIT4_OFFSET)  |\
 4200              		.loc 1 1527 41
 4201 07be 7B68     		ldr	r3, [r7, #4]
 4202 07c0 D3F8BC30 		ldr	r3, [r3, #188]
 4203              		.loc 1 1527 56
 4204 07c4 1B01     		lsls	r3, r3, #4
1526:../../../firmware/n32h7xx_std_periph_driver/src/n32h7xx_jpeg.c ****                      (JPEGENC_InitStruct->C0HT_select  << REG_BIT4_OFFSET)  |\
 4205              		.loc 1 1526 77
 4206 07c6 1A43     		orrs	r2, r2, r3
1528:../../../firmware/n32h7xx_std_periph_driver/src/n32h7xx_jpeg.c ****                      (JPEGENC_InitStruct->C1HT_select  << REG_BIT6_OFFSET)  |\
 4207              		.loc 1 1528 41
 4208 07c8 7B68     		ldr	r3, [r7, #4]
 4209 07ca D3F8C030 		ldr	r3, [r3, #192]
 4210              		.loc 1 1528 56
 4211 07ce 9B01     		lsls	r3, r3, #6
1527:../../../firmware/n32h7xx_std_periph_driver/src/n32h7xx_jpeg.c ****                      (JPEGENC_InitStruct->C0HT_select  << REG_BIT4_OFFSET)  |\
 4212              		.loc 1 1527 77
 4213 07d0 1A43     		orrs	r2, r2, r3
1529:../../../firmware/n32h7xx_std_periph_driver/src/n32h7xx_jpeg.c ****                      (JPEGENC_InitStruct->C2HT_select  << REG_BIT8_OFFSET)  |\
 4214              		.loc 1 1529 41
 4215 07d2 7B68     		ldr	r3, [r7, #4]
 4216 07d4 D3F8C430 		ldr	r3, [r3, #196]
 4217              		.loc 1 1529 56
 4218 07d8 1B02     		lsls	r3, r3, #8
1528:../../../firmware/n32h7xx_std_periph_driver/src/n32h7xx_jpeg.c ****                      (JPEGENC_InitStruct->C1HT_select  << REG_BIT6_OFFSET)  |\
 4219              		.loc 1 1528 77
 4220 07da 1A43     		orrs	r2, r2, r3
1530:../../../firmware/n32h7xx_std_periph_driver/src/n32h7xx_jpeg.c ****                      (JPEGENC_InitStruct->C3HT_select  << REG_BIT10_OFFSET) |\
 4221              		.loc 1 1530 41
 4222 07dc 7B68     		ldr	r3, [r7, #4]
 4223 07de D3F8C830 		ldr	r3, [r3, #200]
 4224              		.loc 1 1530 56
 4225 07e2 9B02     		lsls	r3, r3, #10
1529:../../../firmware/n32h7xx_std_periph_driver/src/n32h7xx_jpeg.c ****                      (JPEGENC_InitStruct->C2HT_select  << REG_BIT8_OFFSET)  |\
 4226              		.loc 1 1529 77
 4227 07e4 1A43     		orrs	r2, r2, r3
1531:../../../firmware/n32h7xx_std_periph_driver/src/n32h7xx_jpeg.c ****                      (JPEGENC_InitStruct->C0QT_select  << REG_BIT12_OFFSET) |\
 4228              		.loc 1 1531 41
 4229 07e6 7B68     		ldr	r3, [r7, #4]
 4230 07e8 D3F8AC30 		ldr	r3, [r3, #172]
 4231              		.loc 1 1531 56
 4232 07ec 1B03     		lsls	r3, r3, #12
1530:../../../firmware/n32h7xx_std_periph_driver/src/n32h7xx_jpeg.c ****                      (JPEGENC_InitStruct->C3HT_select  << REG_BIT10_OFFSET) |\
 4233              		.loc 1 1530 77
 4234 07ee 1A43     		orrs	r2, r2, r3
1532:../../../firmware/n32h7xx_std_periph_driver/src/n32h7xx_jpeg.c ****                      (JPEGENC_InitStruct->C1QT_select  << REG_BIT14_OFFSET) |\
 4235              		.loc 1 1532 41
 4236 07f0 7B68     		ldr	r3, [r7, #4]
 4237 07f2 D3F8B030 		ldr	r3, [r3, #176]
 4238              		.loc 1 1532 56
 4239 07f6 9B03     		lsls	r3, r3, #14
1531:../../../firmware/n32h7xx_std_periph_driver/src/n32h7xx_jpeg.c ****                      (JPEGENC_InitStruct->C0QT_select  << REG_BIT12_OFFSET) |\
ARM GAS  /tmp/cc0DTqI6.s 			page 103


 4240              		.loc 1 1531 77
 4241 07f8 1A43     		orrs	r2, r2, r3
1533:../../../firmware/n32h7xx_std_periph_driver/src/n32h7xx_jpeg.c ****                      (JPEGENC_InitStruct->C2QT_select  << REG_BIT16_OFFSET) |\
 4242              		.loc 1 1533 41
 4243 07fa 7B68     		ldr	r3, [r7, #4]
 4244 07fc D3F8B430 		ldr	r3, [r3, #180]
 4245              		.loc 1 1533 56
 4246 0800 1B04     		lsls	r3, r3, #16
1532:../../../firmware/n32h7xx_std_periph_driver/src/n32h7xx_jpeg.c ****                      (JPEGENC_InitStruct->C1QT_select  << REG_BIT14_OFFSET) |\
 4247              		.loc 1 1532 77
 4248 0802 1A43     		orrs	r2, r2, r3
1534:../../../firmware/n32h7xx_std_periph_driver/src/n32h7xx_jpeg.c ****                      (JPEGENC_InitStruct->C3QT_select  << REG_BIT18_OFFSET));
 4249              		.loc 1 1534 41
 4250 0804 7B68     		ldr	r3, [r7, #4]
 4251 0806 D3F8B830 		ldr	r3, [r3, #184]
 4252              		.loc 1 1534 56
 4253 080a 9B04     		lsls	r3, r3, #18
1526:../../../firmware/n32h7xx_std_periph_driver/src/n32h7xx_jpeg.c ****                      (JPEGENC_InitStruct->C0HT_select  << REG_BIT4_OFFSET)  |\
 4254              		.loc 1 1526 13
 4255 080c 0549     		ldr	r1, .L227
1533:../../../firmware/n32h7xx_std_periph_driver/src/n32h7xx_jpeg.c ****                      (JPEGENC_InitStruct->C2QT_select  << REG_BIT16_OFFSET) |\
 4256              		.loc 1 1533 77
 4257 080e 1343     		orrs	r3, r3, r2
1526:../../../firmware/n32h7xx_std_periph_driver/src/n32h7xx_jpeg.c ****                      (JPEGENC_InitStruct->C0HT_select  << REG_BIT4_OFFSET)  |\
 4258              		.loc 1 1526 20
 4259 0810 01F5A042 		add	r2, r1, #20480
 4260 0814 1360     		str	r3, [r2]
1535:../../../firmware/n32h7xx_std_periph_driver/src/n32h7xx_jpeg.c ****     
1536:../../../firmware/n32h7xx_std_periph_driver/src/n32h7xx_jpeg.c ****     return status;
 4261              		.loc 1 1536 12
 4262 0816 FB7D     		ldrb	r3, [r7, #23]	@ zero_extendqisi2
 4263              	.L136:
1537:../../../firmware/n32h7xx_std_periph_driver/src/n32h7xx_jpeg.c **** }
 4264              		.loc 1 1537 1
 4265 0818 1846     		mov	r0, r3
 4266 081a 2437     		adds	r7, r7, #36
 4267              	.LCFI141:
 4268              		.cfi_def_cfa_offset 4
 4269 081c BD46     		mov	sp, r7
 4270              	.LCFI142:
 4271              		.cfi_def_cfa_register 13
 4272              		@ sp needed
 4273 081e 80BC     		pop	{r7}
 4274              	.LCFI143:
 4275              		.cfi_restore 7
 4276              		.cfi_def_cfa_offset 0
 4277 0820 7047     		bx	lr
 4278              	.L228:
 4279 0822 00BF     		.align	2
 4280              	.L227:
 4281 0824 00000650 		.word	1342570496
 4282              		.cfi_endproc
 4283              	.LFE172:
 4285              		.section	.text.JPEGENC_OutputEnable,"ax",%progbits
 4286              		.align	1
 4287              		.global	JPEGENC_OutputEnable
 4288              		.syntax unified
ARM GAS  /tmp/cc0DTqI6.s 			page 104


 4289              		.thumb
 4290              		.thumb_func
 4292              	JPEGENC_OutputEnable:
 4293              	.LFB173:
1538:../../../firmware/n32h7xx_std_periph_driver/src/n32h7xx_jpeg.c **** 
1539:../../../firmware/n32h7xx_std_periph_driver/src/n32h7xx_jpeg.c **** 
1540:../../../firmware/n32h7xx_std_periph_driver/src/n32h7xx_jpeg.c **** /**
1541:../../../firmware/n32h7xx_std_periph_driver/src/n32h7xx_jpeg.c **** *\*\name    JPEGENC_Enable
1542:../../../firmware/n32h7xx_std_periph_driver/src/n32h7xx_jpeg.c **** *\*\fun     Enables or disables table output in output stream.
1543:../../../firmware/n32h7xx_std_periph_driver/src/n32h7xx_jpeg.c **** *\*\param   outputsel (The input parameters must be the following values):
1544:../../../firmware/n32h7xx_std_periph_driver/src/n32h7xx_jpeg.c **** *\*\          - JPEGENC_OUTPUT_QT0
1545:../../../firmware/n32h7xx_std_periph_driver/src/n32h7xx_jpeg.c **** *\*\          - JPEGENC_OUTPUT_QT1
1546:../../../firmware/n32h7xx_std_periph_driver/src/n32h7xx_jpeg.c **** *\*\          - JPEGENC_OUTPUT_QT2
1547:../../../firmware/n32h7xx_std_periph_driver/src/n32h7xx_jpeg.c **** *\*\          - JPEGENC_OUTPUT_QT3
1548:../../../firmware/n32h7xx_std_periph_driver/src/n32h7xx_jpeg.c **** *\*\          - JPEGENC_OUTPUT_HT0
1549:../../../firmware/n32h7xx_std_periph_driver/src/n32h7xx_jpeg.c **** *\*\          - JPEGENC_OUTPUT_HT1
1550:../../../firmware/n32h7xx_std_periph_driver/src/n32h7xx_jpeg.c **** *\*\          - JPEGENC_OUTPUT_HT2
1551:../../../firmware/n32h7xx_std_periph_driver/src/n32h7xx_jpeg.c **** *\*\          - JPEGENC_OUTPUT_HT3
1552:../../../firmware/n32h7xx_std_periph_driver/src/n32h7xx_jpeg.c **** *\*\          - JPEGENC_OUTPUT_ONLY
1553:../../../firmware/n32h7xx_std_periph_driver/src/n32h7xx_jpeg.c **** *\*\          - JPEGENC_OUTPUT_NOECS
1554:../../../firmware/n32h7xx_std_periph_driver/src/n32h7xx_jpeg.c **** *\*\param   Cmd (The input parameters must be the following values):
1555:../../../firmware/n32h7xx_std_periph_driver/src/n32h7xx_jpeg.c **** *\*\          - ENABLE
1556:../../../firmware/n32h7xx_std_periph_driver/src/n32h7xx_jpeg.c **** *\*\          - DISABLE
1557:../../../firmware/n32h7xx_std_periph_driver/src/n32h7xx_jpeg.c **** *\*\return  none
1558:../../../firmware/n32h7xx_std_periph_driver/src/n32h7xx_jpeg.c **** **/
1559:../../../firmware/n32h7xx_std_periph_driver/src/n32h7xx_jpeg.c **** void JPEGENC_OutputEnable(uint32_t outputsel,FunctionalState Cmd)
1560:../../../firmware/n32h7xx_std_periph_driver/src/n32h7xx_jpeg.c **** {
 4294              		.loc 1 1560 1
 4295              		.cfi_startproc
 4296              		@ args = 0, pretend = 0, frame = 8
 4297              		@ frame_needed = 1, uses_anonymous_args = 0
 4298              		@ link register save eliminated.
 4299 0000 80B4     		push	{r7}
 4300              	.LCFI144:
 4301              		.cfi_def_cfa_offset 4
 4302              		.cfi_offset 7, -4
 4303 0002 83B0     		sub	sp, sp, #12
 4304              	.LCFI145:
 4305              		.cfi_def_cfa_offset 16
 4306 0004 00AF     		add	r7, sp, #0
 4307              	.LCFI146:
 4308              		.cfi_def_cfa_register 7
 4309 0006 7860     		str	r0, [r7, #4]
 4310 0008 0B46     		mov	r3, r1
 4311 000a FB70     		strb	r3, [r7, #3]
1561:../../../firmware/n32h7xx_std_periph_driver/src/n32h7xx_jpeg.c ****     if (Cmd != DISABLE)
 4312              		.loc 1 1561 8
 4313 000c FB78     		ldrb	r3, [r7, #3]	@ zero_extendqisi2
 4314 000e 002B     		cmp	r3, #0
 4315 0010 0AD0     		beq	.L230
1562:../../../firmware/n32h7xx_std_periph_driver/src/n32h7xx_jpeg.c ****     {
1563:../../../firmware/n32h7xx_std_periph_driver/src/n32h7xx_jpeg.c ****         JPEG_ENC->HSEL |= outputsel;
 4316              		.loc 1 1563 17
 4317 0012 0D4B     		ldr	r3, .L233
 4318 0014 03F5A043 		add	r3, r3, #20480
 4319 0018 DA6B     		ldr	r2, [r3, #60]
 4320 001a 0B49     		ldr	r1, .L233
ARM GAS  /tmp/cc0DTqI6.s 			page 105


 4321              		.loc 1 1563 24
 4322 001c 7B68     		ldr	r3, [r7, #4]
 4323 001e 1343     		orrs	r3, r3, r2
 4324 0020 01F5A042 		add	r2, r1, #20480
 4325 0024 D363     		str	r3, [r2, #60]
1564:../../../firmware/n32h7xx_std_periph_driver/src/n32h7xx_jpeg.c ****     }
1565:../../../firmware/n32h7xx_std_periph_driver/src/n32h7xx_jpeg.c ****     else
1566:../../../firmware/n32h7xx_std_periph_driver/src/n32h7xx_jpeg.c ****     {
1567:../../../firmware/n32h7xx_std_periph_driver/src/n32h7xx_jpeg.c ****         JPEG_ENC->HSEL &= (~outputsel);
1568:../../../firmware/n32h7xx_std_periph_driver/src/n32h7xx_jpeg.c ****     }
1569:../../../firmware/n32h7xx_std_periph_driver/src/n32h7xx_jpeg.c **** }
 4326              		.loc 1 1569 1
 4327 0026 0AE0     		b	.L232
 4328              	.L230:
1567:../../../firmware/n32h7xx_std_periph_driver/src/n32h7xx_jpeg.c ****     }
 4329              		.loc 1 1567 17
 4330 0028 074B     		ldr	r3, .L233
 4331 002a 03F5A043 		add	r3, r3, #20480
 4332 002e DA6B     		ldr	r2, [r3, #60]
1567:../../../firmware/n32h7xx_std_periph_driver/src/n32h7xx_jpeg.c ****     }
 4333              		.loc 1 1567 28
 4334 0030 7B68     		ldr	r3, [r7, #4]
 4335 0032 DB43     		mvns	r3, r3
1567:../../../firmware/n32h7xx_std_periph_driver/src/n32h7xx_jpeg.c ****     }
 4336              		.loc 1 1567 17
 4337 0034 0449     		ldr	r1, .L233
1567:../../../firmware/n32h7xx_std_periph_driver/src/n32h7xx_jpeg.c ****     }
 4338              		.loc 1 1567 24
 4339 0036 1340     		ands	r3, r3, r2
 4340 0038 01F5A042 		add	r2, r1, #20480
 4341 003c D363     		str	r3, [r2, #60]
 4342              	.L232:
 4343              		.loc 1 1569 1
 4344 003e 00BF     		nop
 4345 0040 0C37     		adds	r7, r7, #12
 4346              	.LCFI147:
 4347              		.cfi_def_cfa_offset 4
 4348 0042 BD46     		mov	sp, r7
 4349              	.LCFI148:
 4350              		.cfi_def_cfa_register 13
 4351              		@ sp needed
 4352 0044 80BC     		pop	{r7}
 4353              	.LCFI149:
 4354              		.cfi_restore 7
 4355              		.cfi_def_cfa_offset 0
 4356 0046 7047     		bx	lr
 4357              	.L234:
 4358              		.align	2
 4359              	.L233:
 4360 0048 00000650 		.word	1342570496
 4361              		.cfi_endproc
 4362              	.LFE173:
 4364              		.section	.text.JPEGENC_Enable,"ax",%progbits
 4365              		.align	1
 4366              		.global	JPEGENC_Enable
 4367              		.syntax unified
 4368              		.thumb
ARM GAS  /tmp/cc0DTqI6.s 			page 106


 4369              		.thumb_func
 4371              	JPEGENC_Enable:
 4372              	.LFB174:
1570:../../../firmware/n32h7xx_std_periph_driver/src/n32h7xx_jpeg.c **** 
1571:../../../firmware/n32h7xx_std_periph_driver/src/n32h7xx_jpeg.c **** 
1572:../../../firmware/n32h7xx_std_periph_driver/src/n32h7xx_jpeg.c **** /**
1573:../../../firmware/n32h7xx_std_periph_driver/src/n32h7xx_jpeg.c **** *\*\name    JPEGENC_Enable
1574:../../../firmware/n32h7xx_std_periph_driver/src/n32h7xx_jpeg.c **** *\*\fun     Enables or disables the specified JPEGENC peripheral.
1575:../../../firmware/n32h7xx_std_periph_driver/src/n32h7xx_jpeg.c **** *\*\param   Cmd (The input parameters must be the following values):
1576:../../../firmware/n32h7xx_std_periph_driver/src/n32h7xx_jpeg.c **** *\*\          - ENABLE
1577:../../../firmware/n32h7xx_std_periph_driver/src/n32h7xx_jpeg.c **** *\*\          - DISABLE
1578:../../../firmware/n32h7xx_std_periph_driver/src/n32h7xx_jpeg.c **** *\*\return  none
1579:../../../firmware/n32h7xx_std_periph_driver/src/n32h7xx_jpeg.c **** **/
1580:../../../firmware/n32h7xx_std_periph_driver/src/n32h7xx_jpeg.c **** void JPEGENC_Enable(FunctionalState Cmd)
1581:../../../firmware/n32h7xx_std_periph_driver/src/n32h7xx_jpeg.c **** {
 4373              		.loc 1 1581 1
 4374              		.cfi_startproc
 4375              		@ args = 0, pretend = 0, frame = 8
 4376              		@ frame_needed = 1, uses_anonymous_args = 0
 4377              		@ link register save eliminated.
 4378 0000 80B4     		push	{r7}
 4379              	.LCFI150:
 4380              		.cfi_def_cfa_offset 4
 4381              		.cfi_offset 7, -4
 4382 0002 83B0     		sub	sp, sp, #12
 4383              	.LCFI151:
 4384              		.cfi_def_cfa_offset 16
 4385 0004 00AF     		add	r7, sp, #0
 4386              	.LCFI152:
 4387              		.cfi_def_cfa_register 7
 4388 0006 0346     		mov	r3, r0
 4389 0008 FB71     		strb	r3, [r7, #7]
1582:../../../firmware/n32h7xx_std_periph_driver/src/n32h7xx_jpeg.c ****     if (Cmd != DISABLE)
 4390              		.loc 1 1582 8
 4391 000a FB79     		ldrb	r3, [r7, #7]	@ zero_extendqisi2
 4392 000c 002B     		cmp	r3, #0
 4393 000e 0AD0     		beq	.L236
1583:../../../firmware/n32h7xx_std_periph_driver/src/n32h7xx_jpeg.c ****     {
1584:../../../firmware/n32h7xx_std_periph_driver/src/n32h7xx_jpeg.c ****         /* Enable JPEGENC module */
1585:../../../firmware/n32h7xx_std_periph_driver/src/n32h7xx_jpeg.c ****         JPEG_ENC->CTRL |= JPEGENC_CTRL_EN;
 4394              		.loc 1 1585 17
 4395 0010 0C4B     		ldr	r3, .L239
 4396 0012 03F5A043 		add	r3, r3, #20480
 4397 0016 1B68     		ldr	r3, [r3]
 4398 0018 0A4A     		ldr	r2, .L239
 4399              		.loc 1 1585 24
 4400 001a 43F00103 		orr	r3, r3, #1
 4401 001e 02F5A042 		add	r2, r2, #20480
 4402 0022 1360     		str	r3, [r2]
1586:../../../firmware/n32h7xx_std_periph_driver/src/n32h7xx_jpeg.c ****     }
1587:../../../firmware/n32h7xx_std_periph_driver/src/n32h7xx_jpeg.c ****     else
1588:../../../firmware/n32h7xx_std_periph_driver/src/n32h7xx_jpeg.c ****     {
1589:../../../firmware/n32h7xx_std_periph_driver/src/n32h7xx_jpeg.c ****         /* Disable JPEGENC module */
1590:../../../firmware/n32h7xx_std_periph_driver/src/n32h7xx_jpeg.c ****         JPEG_ENC->HSEL &= (~JPEGENC_CTRL_EN);
1591:../../../firmware/n32h7xx_std_periph_driver/src/n32h7xx_jpeg.c ****     }
1592:../../../firmware/n32h7xx_std_periph_driver/src/n32h7xx_jpeg.c **** }
 4403              		.loc 1 1592 1
ARM GAS  /tmp/cc0DTqI6.s 			page 107


 4404 0024 09E0     		b	.L238
 4405              	.L236:
1590:../../../firmware/n32h7xx_std_periph_driver/src/n32h7xx_jpeg.c ****     }
 4406              		.loc 1 1590 17
 4407 0026 074B     		ldr	r3, .L239
 4408 0028 03F5A043 		add	r3, r3, #20480
 4409 002c DB6B     		ldr	r3, [r3, #60]
 4410 002e 054A     		ldr	r2, .L239
1590:../../../firmware/n32h7xx_std_periph_driver/src/n32h7xx_jpeg.c ****     }
 4411              		.loc 1 1590 24
 4412 0030 23F00103 		bic	r3, r3, #1
 4413 0034 02F5A042 		add	r2, r2, #20480
 4414 0038 D363     		str	r3, [r2, #60]
 4415              	.L238:
 4416              		.loc 1 1592 1
 4417 003a 00BF     		nop
 4418 003c 0C37     		adds	r7, r7, #12
 4419              	.LCFI153:
 4420              		.cfi_def_cfa_offset 4
 4421 003e BD46     		mov	sp, r7
 4422              	.LCFI154:
 4423              		.cfi_def_cfa_register 13
 4424              		@ sp needed
 4425 0040 80BC     		pop	{r7}
 4426              	.LCFI155:
 4427              		.cfi_restore 7
 4428              		.cfi_def_cfa_offset 0
 4429 0042 7047     		bx	lr
 4430              	.L240:
 4431              		.align	2
 4432              	.L239:
 4433 0044 00000650 		.word	1342570496
 4434              		.cfi_endproc
 4435              	.LFE174:
 4437              		.section	.text.JPEGENC_DynamicAdjustEnable,"ax",%progbits
 4438              		.align	1
 4439              		.global	JPEGENC_DynamicAdjustEnable
 4440              		.syntax unified
 4441              		.thumb
 4442              		.thumb_func
 4444              	JPEGENC_DynamicAdjustEnable:
 4445              	.LFB175:
1593:../../../firmware/n32h7xx_std_periph_driver/src/n32h7xx_jpeg.c **** 
1594:../../../firmware/n32h7xx_std_periph_driver/src/n32h7xx_jpeg.c **** 
1595:../../../firmware/n32h7xx_std_periph_driver/src/n32h7xx_jpeg.c **** /**
1596:../../../firmware/n32h7xx_std_periph_driver/src/n32h7xx_jpeg.c **** *\*\name    JPEGENC_DynamicAdjustEnable
1597:../../../firmware/n32h7xx_std_periph_driver/src/n32h7xx_jpeg.c **** *\*\fun     Enables or disables dynamic adjustment.
1598:../../../firmware/n32h7xx_std_periph_driver/src/n32h7xx_jpeg.c **** *\*\param   Cmd (The input parameters must be the following values):
1599:../../../firmware/n32h7xx_std_periph_driver/src/n32h7xx_jpeg.c **** *\*\          - ENABLE
1600:../../../firmware/n32h7xx_std_periph_driver/src/n32h7xx_jpeg.c **** *\*\          - DISABLE
1601:../../../firmware/n32h7xx_std_periph_driver/src/n32h7xx_jpeg.c **** *\*\return  none
1602:../../../firmware/n32h7xx_std_periph_driver/src/n32h7xx_jpeg.c **** **/
1603:../../../firmware/n32h7xx_std_periph_driver/src/n32h7xx_jpeg.c **** void JPEGENC_DynamicAdjustEnable(FunctionalState Cmd)
1604:../../../firmware/n32h7xx_std_periph_driver/src/n32h7xx_jpeg.c **** {
 4446              		.loc 1 1604 1
 4447              		.cfi_startproc
 4448              		@ args = 0, pretend = 0, frame = 8
ARM GAS  /tmp/cc0DTqI6.s 			page 108


 4449              		@ frame_needed = 1, uses_anonymous_args = 0
 4450              		@ link register save eliminated.
 4451 0000 80B4     		push	{r7}
 4452              	.LCFI156:
 4453              		.cfi_def_cfa_offset 4
 4454              		.cfi_offset 7, -4
 4455 0002 83B0     		sub	sp, sp, #12
 4456              	.LCFI157:
 4457              		.cfi_def_cfa_offset 16
 4458 0004 00AF     		add	r7, sp, #0
 4459              	.LCFI158:
 4460              		.cfi_def_cfa_register 7
 4461 0006 0346     		mov	r3, r0
 4462 0008 FB71     		strb	r3, [r7, #7]
1605:../../../firmware/n32h7xx_std_periph_driver/src/n32h7xx_jpeg.c ****     if (Cmd != DISABLE)
 4463              		.loc 1 1605 8
 4464 000a FB79     		ldrb	r3, [r7, #7]	@ zero_extendqisi2
 4465 000c 002B     		cmp	r3, #0
 4466 000e 0AD0     		beq	.L242
1606:../../../firmware/n32h7xx_std_periph_driver/src/n32h7xx_jpeg.c ****     {
1607:../../../firmware/n32h7xx_std_periph_driver/src/n32h7xx_jpeg.c ****         JPEG_ENC->DYNRCFG |= JPEGENC_DYNRCFG_DYNEN;
 4467              		.loc 1 1607 17
 4468 0010 0C4B     		ldr	r3, .L245
 4469 0012 03F5A043 		add	r3, r3, #20480
 4470 0016 5B68     		ldr	r3, [r3, #4]
 4471 0018 0A4A     		ldr	r2, .L245
 4472              		.loc 1 1607 27
 4473 001a 43F00103 		orr	r3, r3, #1
 4474 001e 02F5A042 		add	r2, r2, #20480
 4475 0022 5360     		str	r3, [r2, #4]
1608:../../../firmware/n32h7xx_std_periph_driver/src/n32h7xx_jpeg.c ****     }
1609:../../../firmware/n32h7xx_std_periph_driver/src/n32h7xx_jpeg.c ****     else
1610:../../../firmware/n32h7xx_std_periph_driver/src/n32h7xx_jpeg.c ****     {
1611:../../../firmware/n32h7xx_std_periph_driver/src/n32h7xx_jpeg.c ****         JPEG_ENC->DYNRCFG &= JPEGENC_DYNRCFG_DYNEN;
1612:../../../firmware/n32h7xx_std_periph_driver/src/n32h7xx_jpeg.c ****     }
1613:../../../firmware/n32h7xx_std_periph_driver/src/n32h7xx_jpeg.c **** }
 4476              		.loc 1 1613 1
 4477 0024 09E0     		b	.L244
 4478              	.L242:
1611:../../../firmware/n32h7xx_std_periph_driver/src/n32h7xx_jpeg.c ****     }
 4479              		.loc 1 1611 17
 4480 0026 074B     		ldr	r3, .L245
 4481 0028 03F5A043 		add	r3, r3, #20480
 4482 002c 5B68     		ldr	r3, [r3, #4]
 4483 002e 054A     		ldr	r2, .L245
1611:../../../firmware/n32h7xx_std_periph_driver/src/n32h7xx_jpeg.c ****     }
 4484              		.loc 1 1611 27
 4485 0030 03F00103 		and	r3, r3, #1
 4486 0034 02F5A042 		add	r2, r2, #20480
 4487 0038 5360     		str	r3, [r2, #4]
 4488              	.L244:
 4489              		.loc 1 1613 1
 4490 003a 00BF     		nop
 4491 003c 0C37     		adds	r7, r7, #12
 4492              	.LCFI159:
 4493              		.cfi_def_cfa_offset 4
 4494 003e BD46     		mov	sp, r7
ARM GAS  /tmp/cc0DTqI6.s 			page 109


 4495              	.LCFI160:
 4496              		.cfi_def_cfa_register 13
 4497              		@ sp needed
 4498 0040 80BC     		pop	{r7}
 4499              	.LCFI161:
 4500              		.cfi_restore 7
 4501              		.cfi_def_cfa_offset 0
 4502 0042 7047     		bx	lr
 4503              	.L246:
 4504              		.align	2
 4505              	.L245:
 4506 0044 00000650 		.word	1342570496
 4507              		.cfi_endproc
 4508              	.LFE175:
 4510              		.text
 4511              	.Letext0:
 4512              		.file 2 "/usr/lib/gcc/arm-none-eabi/13.2.1/include/stdint.h"
 4513              		.file 3 "../../../firmware/CMSIS/device/n32h7xx.h"
 4514              		.file 4 "../../../firmware/n32h7xx_std_periph_driver/inc/n32h7xx_jpeg.h"
ARM GAS  /tmp/cc0DTqI6.s 			page 110


DEFINED SYMBOLS
                            *ABS*:00000000 n32h7xx_jpeg.c
     /tmp/cc0DTqI6.s:19     .text.JPEG_ConfigType:00000000 $t
     /tmp/cc0DTqI6.s:25     .text.JPEG_ConfigType:00000000 JPEG_ConfigType
     /tmp/cc0DTqI6.s:82     .text.JPEG_ConfigType:00000034 $d
     /tmp/cc0DTqI6.s:87     .text.JPEG_ConfigSwap:00000000 $t
     /tmp/cc0DTqI6.s:93     .text.JPEG_ConfigSwap:00000000 JPEG_ConfigSwap
     /tmp/cc0DTqI6.s:150    .text.JPEG_ConfigSwap:00000034 $d
     /tmp/cc0DTqI6.s:155    .text.SGDMA_Reset:00000000 $t
     /tmp/cc0DTqI6.s:161    .text.SGDMA_Reset:00000000 SGDMA_Reset
     /tmp/cc0DTqI6.s:223    .text.SGDMA_H2P_Init:00000000 $t
     /tmp/cc0DTqI6.s:229    .text.SGDMA_H2P_Init:00000000 SGDMA_H2P_Init
     /tmp/cc0DTqI6.s:420    .text.SGDMA_H2P_Init:000000dc $d
     /tmp/cc0DTqI6.s:425    .text.SGDMA_P2H_Init:00000000 $t
     /tmp/cc0DTqI6.s:431    .text.SGDMA_P2H_Init:00000000 SGDMA_P2H_Init
     /tmp/cc0DTqI6.s:622    .text.SGDMA_P2H_Init:000000dc $d
     /tmp/cc0DTqI6.s:627    .text.SGDMA_Start:00000000 $t
     /tmp/cc0DTqI6.s:633    .text.SGDMA_Start:00000000 SGDMA_Start
     /tmp/cc0DTqI6.s:676    .text.SGDMA_ConfigInt:00000000 $t
     /tmp/cc0DTqI6.s:682    .text.SGDMA_ConfigInt:00000000 SGDMA_ConfigInt
     /tmp/cc0DTqI6.s:747    .text.SGDMAx_GetFlagStatus:00000000 $t
     /tmp/cc0DTqI6.s:753    .text.SGDMAx_GetFlagStatus:00000000 SGDMAx_GetFlagStatus
     /tmp/cc0DTqI6.s:811    .text.SGDMAx_GetIntStatus:00000000 $t
     /tmp/cc0DTqI6.s:817    .text.SGDMAx_GetIntStatus:00000000 SGDMAx_GetIntStatus
     /tmp/cc0DTqI6.s:875    .text.SGDMAx_ClrFlag:00000000 $t
     /tmp/cc0DTqI6.s:881    .text.SGDMAx_ClrFlag:00000000 SGDMAx_ClrFlag
     /tmp/cc0DTqI6.s:922    .text.JPEGBRC_Init:00000000 $t
     /tmp/cc0DTqI6.s:928    .text.JPEGBRC_Init:00000000 JPEGBRC_Init
     /tmp/cc0DTqI6.s:1043   .text.JPEGBRC_Init:0000007c $d
     /tmp/cc0DTqI6.s:1048   .text.JPEGBRC_Enable:00000000 $t
     /tmp/cc0DTqI6.s:1054   .text.JPEGBRC_Enable:00000000 JPEGBRC_Enable
     /tmp/cc0DTqI6.s:1112   .text.JPEGBRC_Enable:00000034 $d
     /tmp/cc0DTqI6.s:1117   .text.JPEGRBC_Init:00000000 $t
     /tmp/cc0DTqI6.s:1123   .text.JPEGRBC_Init:00000000 JPEGRBC_Init
     /tmp/cc0DTqI6.s:1609   .text.JPEGRBC_Init:00000248 $d
     /tmp/cc0DTqI6.s:1612   .text.JPEGRBC_Init:0000024c $t
     /tmp/cc0DTqI6.s:2014   .text.JPEGRBC_Init:00000450 $d
     /tmp/cc0DTqI6.s:2019   .text.JPEGRBC_Enable:00000000 $t
     /tmp/cc0DTqI6.s:2025   .text.JPEGRBC_Enable:00000000 JPEGRBC_Enable
     /tmp/cc0DTqI6.s:2083   .text.JPEGRBC_Enable:00000034 $d
     /tmp/cc0DTqI6.s:2088   .text.JPEGDEC_Enable:00000000 $t
     /tmp/cc0DTqI6.s:2094   .text.JPEGDEC_Enable:00000000 JPEGDEC_Enable
     /tmp/cc0DTqI6.s:2152   .text.JPEGDEC_Enable:00000034 $d
     /tmp/cc0DTqI6.s:2157   .text.JPEGDEC_GetFlagStatus:00000000 $t
     /tmp/cc0DTqI6.s:2163   .text.JPEGDEC_GetFlagStatus:00000000 JPEGDEC_GetFlagStatus
     /tmp/cc0DTqI6.s:2219   .text.JPEGDEC_GetFlagStatus:0000002c $d
     /tmp/cc0DTqI6.s:2224   .text.JPEGDEC_GetUNKErrorAddress:00000000 $t
     /tmp/cc0DTqI6.s:2230   .text.JPEGDEC_GetUNKErrorAddress:00000000 JPEGDEC_GetUNKErrorAddress
     /tmp/cc0DTqI6.s:2261   .text.JPEGDEC_GetUNKErrorAddress:00000010 $d
     /tmp/cc0DTqI6.s:2266   .text.JPEGDEC_GetUNEXPErrorAddress:00000000 $t
     /tmp/cc0DTqI6.s:2272   .text.JPEGDEC_GetUNEXPErrorAddress:00000000 JPEGDEC_GetUNEXPErrorAddress
     /tmp/cc0DTqI6.s:2303   .text.JPEGDEC_GetUNEXPErrorAddress:00000010 $d
     /tmp/cc0DTqI6.s:2308   .text.JPEGDEC_GetHESYMErrorAddress:00000000 $t
     /tmp/cc0DTqI6.s:2314   .text.JPEGDEC_GetHESYMErrorAddress:00000000 JPEGDEC_GetHESYMErrorAddress
     /tmp/cc0DTqI6.s:2347   .text.JPEGDEC_GetHESYMErrorAddress:00000014 $d
     /tmp/cc0DTqI6.s:2352   .text.JPEGDEC_GetHESYMECSErrorAddress:00000000 $t
     /tmp/cc0DTqI6.s:2358   .text.JPEGDEC_GetHESYMECSErrorAddress:00000000 JPEGDEC_GetHESYMECSErrorAddress
ARM GAS  /tmp/cc0DTqI6.s 			page 111


     /tmp/cc0DTqI6.s:2389   .text.JPEGDEC_GetHESYMECSErrorAddress:00000010 $d
     /tmp/cc0DTqI6.s:2394   .text.JPEGDEC_GetHUFSErrorAddress:00000000 $t
     /tmp/cc0DTqI6.s:2400   .text.JPEGDEC_GetHUFSErrorAddress:00000000 JPEGDEC_GetHUFSErrorAddress
     /tmp/cc0DTqI6.s:2431   .text.JPEGDEC_GetHUFSErrorAddress:00000010 $d
     /tmp/cc0DTqI6.s:2436   .text.JPEGDEC_TableAccessRequest:00000000 $t
     /tmp/cc0DTqI6.s:2442   .text.JPEGDEC_TableAccessRequest:00000000 JPEGDEC_TableAccessRequest
     /tmp/cc0DTqI6.s:2532   .text.JPEGDEC_TableAccessRequest:00000060 $d
     /tmp/cc0DTqI6.s:2537   .text.JPEGDEC_SetHUFTable_EOB:00000000 $t
     /tmp/cc0DTqI6.s:2543   .text.JPEGDEC_SetHUFTable_EOB:00000000 JPEGDEC_SetHUFTable_EOB
     /tmp/cc0DTqI6.s:2594   .text.JPEGDEC_SetHUFTable_EOB:00000028 $d
     /tmp/cc0DTqI6.s:2599   .text.JPEGDEC_SetHuffTable:00000000 $t
     /tmp/cc0DTqI6.s:2605   .text.JPEGDEC_SetHuffTable:00000000 JPEGDEC_SetHuffTable
     /tmp/cc0DTqI6.s:2702   .text.JPEGDEC_SetHuffTable:0000006c $d
     /tmp/cc0DTqI6.s:2707   .text.JPEGDEC_SetQuantiTable:00000000 $t
     /tmp/cc0DTqI6.s:2713   .text.JPEGDEC_SetQuantiTable:00000000 JPEGDEC_SetQuantiTable
     /tmp/cc0DTqI6.s:2784   .text.JPEGDEC_SetQuantiTable:00000044 $d
     /tmp/cc0DTqI6.s:2789   .text.JPEGENC_Init:00000000 $t
     /tmp/cc0DTqI6.s:2795   .text.JPEGENC_Init:00000000 JPEGENC_Init
     /tmp/cc0DTqI6.s:3339   .text.JPEGENC_Init:000002c8 $d
     /tmp/cc0DTqI6.s:3342   .text.JPEGENC_Init:000002cc $t
     /tmp/cc0DTqI6.s:3775   .text.JPEGENC_Init:0000053c $d
     /tmp/cc0DTqI6.s:3778   .text.JPEGENC_Init:00000540 $t
     /tmp/cc0DTqI6.s:4153   .text.JPEGENC_Init:00000774 $d
     /tmp/cc0DTqI6.s:4156   .text.JPEGENC_Init:00000778 $t
     /tmp/cc0DTqI6.s:4281   .text.JPEGENC_Init:00000824 $d
     /tmp/cc0DTqI6.s:4286   .text.JPEGENC_OutputEnable:00000000 $t
     /tmp/cc0DTqI6.s:4292   .text.JPEGENC_OutputEnable:00000000 JPEGENC_OutputEnable
     /tmp/cc0DTqI6.s:4360   .text.JPEGENC_OutputEnable:00000048 $d
     /tmp/cc0DTqI6.s:4365   .text.JPEGENC_Enable:00000000 $t
     /tmp/cc0DTqI6.s:4371   .text.JPEGENC_Enable:00000000 JPEGENC_Enable
     /tmp/cc0DTqI6.s:4433   .text.JPEGENC_Enable:00000044 $d
     /tmp/cc0DTqI6.s:4438   .text.JPEGENC_DynamicAdjustEnable:00000000 $t
     /tmp/cc0DTqI6.s:4444   .text.JPEGENC_DynamicAdjustEnable:00000000 JPEGENC_DynamicAdjustEnable
     /tmp/cc0DTqI6.s:4506   .text.JPEGENC_DynamicAdjustEnable:00000044 $d

NO UNDEFINED SYMBOLS
