ARM GAS  /tmp/cc9q7jXo.s 			page 1


   1              		.cpu cortex-m7
   2              		.arch armv7e-m
   3              		.fpu softvfp
   4              		.eabi_attribute 20, 1
   5              		.eabi_attribute 21, 1
   6              		.eabi_attribute 23, 3
   7              		.eabi_attribute 24, 1
   8              		.eabi_attribute 25, 1
   9              		.eabi_attribute 26, 1
  10              		.eabi_attribute 30, 6
  11              		.eabi_attribute 34, 1
  12              		.eabi_attribute 18, 4
  13              		.file	"n32h7xx_lcdc.c"
  14              		.text
  15              	.Ltext0:
  16              		.cfi_sections	.debug_frame
  17              		.file 1 "../../../firmware/n32h7xx_std_periph_driver/src/n32h7xx_lcdc.c"
  18              		.section	.text.LCDC_DeInit,"ax",%progbits
  19              		.align	1
  20              		.global	LCDC_DeInit
  21              		.syntax unified
  22              		.thumb
  23              		.thumb_func
  25              	LCDC_DeInit:
  26              	.LFB147:
   1:../../../firmware/n32h7xx_std_periph_driver/src/n32h7xx_lcdc.c **** /**
   2:../../../firmware/n32h7xx_std_periph_driver/src/n32h7xx_lcdc.c **** *     Copyright (c) 2025, Nations Technologies Inc.
   3:../../../firmware/n32h7xx_std_periph_driver/src/n32h7xx_lcdc.c **** * 
   4:../../../firmware/n32h7xx_std_periph_driver/src/n32h7xx_lcdc.c **** *     All rights reserved.
   5:../../../firmware/n32h7xx_std_periph_driver/src/n32h7xx_lcdc.c **** *
   6:../../../firmware/n32h7xx_std_periph_driver/src/n32h7xx_lcdc.c **** *     This software is the exclusive property of Nations Technologies Inc. (Hereinafter 
   7:../../../firmware/n32h7xx_std_periph_driver/src/n32h7xx_lcdc.c **** * referred to as NATIONS). This software, and the product of NATIONS described herein 
   8:../../../firmware/n32h7xx_std_periph_driver/src/n32h7xx_lcdc.c **** * (Hereinafter referred to as the Product) are owned by NATIONS under the laws and treaties
   9:../../../firmware/n32h7xx_std_periph_driver/src/n32h7xx_lcdc.c **** * of the People's Republic of China and other applicable jurisdictions worldwide.
  10:../../../firmware/n32h7xx_std_periph_driver/src/n32h7xx_lcdc.c **** *
  11:../../../firmware/n32h7xx_std_periph_driver/src/n32h7xx_lcdc.c **** *     NATIONS does not grant any license under its patents, copyrights, trademarks, or other 
  12:../../../firmware/n32h7xx_std_periph_driver/src/n32h7xx_lcdc.c **** * intellectual property rights. Names and brands of third party may be mentioned or referred 
  13:../../../firmware/n32h7xx_std_periph_driver/src/n32h7xx_lcdc.c **** * thereto (if any) for identification purposes only.
  14:../../../firmware/n32h7xx_std_periph_driver/src/n32h7xx_lcdc.c **** *
  15:../../../firmware/n32h7xx_std_periph_driver/src/n32h7xx_lcdc.c **** *     NATIONS reserves the right to make changes, corrections, enhancements, modifications, and 
  16:../../../firmware/n32h7xx_std_periph_driver/src/n32h7xx_lcdc.c **** * improvements to this software at any time without notice. Please contact NATIONS and obtain 
  17:../../../firmware/n32h7xx_std_periph_driver/src/n32h7xx_lcdc.c **** * the latest version of this software before placing orders.
  18:../../../firmware/n32h7xx_std_periph_driver/src/n32h7xx_lcdc.c **** 
  19:../../../firmware/n32h7xx_std_periph_driver/src/n32h7xx_lcdc.c **** *     Although NATIONS has attempted to provide accurate and reliable information, NATIONS assumes 
  20:../../../firmware/n32h7xx_std_periph_driver/src/n32h7xx_lcdc.c **** * no responsibility for the accuracy and reliability of this software.
  21:../../../firmware/n32h7xx_std_periph_driver/src/n32h7xx_lcdc.c **** * 
  22:../../../firmware/n32h7xx_std_periph_driver/src/n32h7xx_lcdc.c **** *     It is the responsibility of the user of this software to properly design, program, and test 
  23:../../../firmware/n32h7xx_std_periph_driver/src/n32h7xx_lcdc.c **** * the functionality and safety of any application made of this information and any resulting produc
  24:../../../firmware/n32h7xx_std_periph_driver/src/n32h7xx_lcdc.c **** * In no event shall NATIONS be liable for any direct, indirect, incidental, special,exemplary, or 
  25:../../../firmware/n32h7xx_std_periph_driver/src/n32h7xx_lcdc.c **** * consequential damages arising in any way out of the use of this software or the Product.
  26:../../../firmware/n32h7xx_std_periph_driver/src/n32h7xx_lcdc.c **** *
  27:../../../firmware/n32h7xx_std_periph_driver/src/n32h7xx_lcdc.c **** *     NATIONS Products are neither intended nor warranted for usage in systems or equipment, any
  28:../../../firmware/n32h7xx_std_periph_driver/src/n32h7xx_lcdc.c **** * malfunction or failure of which may cause loss of human life, bodily injury or severe property 
  29:../../../firmware/n32h7xx_std_periph_driver/src/n32h7xx_lcdc.c **** * damage. Such applications are deemed, "Insecure Usage".
  30:../../../firmware/n32h7xx_std_periph_driver/src/n32h7xx_lcdc.c **** *
  31:../../../firmware/n32h7xx_std_periph_driver/src/n32h7xx_lcdc.c **** *     All Insecure Usage shall be made at user's risk. User shall indemnify NATIONS and hold NATION
  32:../../../firmware/n32h7xx_std_periph_driver/src/n32h7xx_lcdc.c **** * harmless from and against all claims, costs, damages, and other liabilities, arising from or rela
ARM GAS  /tmp/cc9q7jXo.s 			page 2


  33:../../../firmware/n32h7xx_std_periph_driver/src/n32h7xx_lcdc.c **** * to any customer's Insecure Usage.
  34:../../../firmware/n32h7xx_std_periph_driver/src/n32h7xx_lcdc.c **** 
  35:../../../firmware/n32h7xx_std_periph_driver/src/n32h7xx_lcdc.c **** *     Any express or implied warranty with regard to this software or the Product, including,but no
  36:../../../firmware/n32h7xx_std_periph_driver/src/n32h7xx_lcdc.c **** * limited to, the warranties of merchantability, fitness for a particular purpose and non-infringem
  37:../../../firmware/n32h7xx_std_periph_driver/src/n32h7xx_lcdc.c **** * are disclaimed to the fullest extent permitted by law.
  38:../../../firmware/n32h7xx_std_periph_driver/src/n32h7xx_lcdc.c **** 
  39:../../../firmware/n32h7xx_std_periph_driver/src/n32h7xx_lcdc.c **** *     Unless otherwise explicitly permitted by NATIONS, anyone may not duplicate, modify, transcrib
  40:../../../firmware/n32h7xx_std_periph_driver/src/n32h7xx_lcdc.c **** * or otherwise distribute this software for any purposes, in whole or in part.
  41:../../../firmware/n32h7xx_std_periph_driver/src/n32h7xx_lcdc.c **** *
  42:../../../firmware/n32h7xx_std_periph_driver/src/n32h7xx_lcdc.c **** *     NATIONS products and technologies shall not be used for or incorporated into any products or 
  43:../../../firmware/n32h7xx_std_periph_driver/src/n32h7xx_lcdc.c **** * whose manufacture, use, or sale is prohibited under any applicable domestic or foreign laws or re
  44:../../../firmware/n32h7xx_std_periph_driver/src/n32h7xx_lcdc.c **** * User shall comply with any applicable export control laws and regulations promulgated and adminis
  45:../../../firmware/n32h7xx_std_periph_driver/src/n32h7xx_lcdc.c **** * the governments of any countries asserting jurisdiction over the parties or transactions.
  46:../../../firmware/n32h7xx_std_periph_driver/src/n32h7xx_lcdc.c **** **/
  47:../../../firmware/n32h7xx_std_periph_driver/src/n32h7xx_lcdc.c **** 
  48:../../../firmware/n32h7xx_std_periph_driver/src/n32h7xx_lcdc.c **** /**
  49:../../../firmware/n32h7xx_std_periph_driver/src/n32h7xx_lcdc.c **** *\*\file n32h7xx_lcdc.c
  50:../../../firmware/n32h7xx_std_periph_driver/src/n32h7xx_lcdc.c **** *\*\author Nations
  51:../../../firmware/n32h7xx_std_periph_driver/src/n32h7xx_lcdc.c **** *\*\version v1.0.0
  52:../../../firmware/n32h7xx_std_periph_driver/src/n32h7xx_lcdc.c **** *\*\copyright Copyright (c) 2025, Nations Technologies Inc. All rights reserved.
  53:../../../firmware/n32h7xx_std_periph_driver/src/n32h7xx_lcdc.c **** **/
  54:../../../firmware/n32h7xx_std_periph_driver/src/n32h7xx_lcdc.c **** 
  55:../../../firmware/n32h7xx_std_periph_driver/src/n32h7xx_lcdc.c **** 
  56:../../../firmware/n32h7xx_std_periph_driver/src/n32h7xx_lcdc.c **** #include "n32h7xx_lcdc.h"
  57:../../../firmware/n32h7xx_std_periph_driver/src/n32h7xx_lcdc.c **** #include "n32h7xx_rcc.h"
  58:../../../firmware/n32h7xx_std_periph_driver/src/n32h7xx_lcdc.c **** 
  59:../../../firmware/n32h7xx_std_periph_driver/src/n32h7xx_lcdc.c **** /**
  60:../../../firmware/n32h7xx_std_periph_driver/src/n32h7xx_lcdc.c **** *\*\name    LCDC_DeInit
  61:../../../firmware/n32h7xx_std_periph_driver/src/n32h7xx_lcdc.c **** *\*\fun     Deinitializes the LCDC registers.
  62:../../../firmware/n32h7xx_std_periph_driver/src/n32h7xx_lcdc.c **** *\*\param   none
  63:../../../firmware/n32h7xx_std_periph_driver/src/n32h7xx_lcdc.c **** *\*\return  none
  64:../../../firmware/n32h7xx_std_periph_driver/src/n32h7xx_lcdc.c **** **/
  65:../../../firmware/n32h7xx_std_periph_driver/src/n32h7xx_lcdc.c **** void LCDC_DeInit(void)
  66:../../../firmware/n32h7xx_std_periph_driver/src/n32h7xx_lcdc.c **** {
  27              		.loc 1 66 1
  28              		.cfi_startproc
  29              		@ args = 0, pretend = 0, frame = 0
  30              		@ frame_needed = 1, uses_anonymous_args = 0
  31 0000 80B5     		push	{r7, lr}
  32              	.LCFI0:
  33              		.cfi_def_cfa_offset 8
  34              		.cfi_offset 7, -8
  35              		.cfi_offset 14, -4
  36 0002 00AF     		add	r7, sp, #0
  37              	.LCFI1:
  38              		.cfi_def_cfa_register 7
  67:../../../firmware/n32h7xx_std_periph_driver/src/n32h7xx_lcdc.c ****     RCC_EnableAXIPeriphReset2(RCC_AXI_PERIPHRST_LCDC);
  39              		.loc 1 67 5
  40 0004 4FF08070 		mov	r0, #16777216
  41 0008 FFF7FEFF 		bl	RCC_EnableAXIPeriphReset2
  68:../../../firmware/n32h7xx_std_periph_driver/src/n32h7xx_lcdc.c **** }
  42              		.loc 1 68 1
  43 000c 00BF     		nop
  44 000e 80BD     		pop	{r7, pc}
  45              		.cfi_endproc
  46              	.LFE147:
  48              		.section	.text.LCDC_Init,"ax",%progbits
ARM GAS  /tmp/cc9q7jXo.s 			page 3


  49              		.align	1
  50              		.global	LCDC_Init
  51              		.syntax unified
  52              		.thumb
  53              		.thumb_func
  55              	LCDC_Init:
  56              	.LFB148:
  69:../../../firmware/n32h7xx_std_periph_driver/src/n32h7xx_lcdc.c **** 
  70:../../../firmware/n32h7xx_std_periph_driver/src/n32h7xx_lcdc.c **** /**
  71:../../../firmware/n32h7xx_std_periph_driver/src/n32h7xx_lcdc.c **** *\*\name    LCDC_Init
  72:../../../firmware/n32h7xx_std_periph_driver/src/n32h7xx_lcdc.c **** *\*\fun     Initializes the LCDC.
  73:../../../firmware/n32h7xx_std_periph_driver/src/n32h7xx_lcdc.c **** *\*\param   LCDC_InitStruct: refer to the definition of LCDC_InitType
  74:../../../firmware/n32h7xx_std_periph_driver/src/n32h7xx_lcdc.c **** *\*\          - LCDC_HSPolarity
  75:../../../firmware/n32h7xx_std_periph_driver/src/n32h7xx_lcdc.c **** *\*\            * LCDC_HSPOLARITY_LOW
  76:../../../firmware/n32h7xx_std_periph_driver/src/n32h7xx_lcdc.c **** *\*\            * LCDC_HSPOLARITY_HIGH
  77:../../../firmware/n32h7xx_std_periph_driver/src/n32h7xx_lcdc.c **** *\*\          - LCDC_VSPolarity
  78:../../../firmware/n32h7xx_std_periph_driver/src/n32h7xx_lcdc.c **** *\*\            * LCDC_VSPOLARITY_LOW
  79:../../../firmware/n32h7xx_std_periph_driver/src/n32h7xx_lcdc.c **** *\*\            * LCDC_VSPOLARITY_HIGH
  80:../../../firmware/n32h7xx_std_periph_driver/src/n32h7xx_lcdc.c **** *\*\          - LCDC_DEPolarity
  81:../../../firmware/n32h7xx_std_periph_driver/src/n32h7xx_lcdc.c **** *\*\            * LCDC_DEPOLARITY_LOW
  82:../../../firmware/n32h7xx_std_periph_driver/src/n32h7xx_lcdc.c **** *\*\            * LCDC_DEPOLARITY_HIGH
  83:../../../firmware/n32h7xx_std_periph_driver/src/n32h7xx_lcdc.c **** *\*\          - LCDC_PCPolarity
  84:../../../firmware/n32h7xx_std_periph_driver/src/n32h7xx_lcdc.c **** *\*\            * LCDC_PCPOLARITY_IPC
  85:../../../firmware/n32h7xx_std_periph_driver/src/n32h7xx_lcdc.c **** *\*\            * LCDC_PCPOLARITY_IIPC
  86:../../../firmware/n32h7xx_std_periph_driver/src/n32h7xx_lcdc.c **** *\*\          - LCDC_HorizontalSync
  87:../../../firmware/n32h7xx_std_periph_driver/src/n32h7xx_lcdc.c **** *\*\            * 0x0000 ~ 0xFFFF
  88:../../../firmware/n32h7xx_std_periph_driver/src/n32h7xx_lcdc.c **** *\*\          - LCDC_VerticalSync
  89:../../../firmware/n32h7xx_std_periph_driver/src/n32h7xx_lcdc.c **** *\*\            * 0x0000 ~ 0xFFFF
  90:../../../firmware/n32h7xx_std_periph_driver/src/n32h7xx_lcdc.c **** *\*\          - LCDC_AccumulatedHBP
  91:../../../firmware/n32h7xx_std_periph_driver/src/n32h7xx_lcdc.c **** *\*\            * 0x0000 ~ 0xFFFF
  92:../../../firmware/n32h7xx_std_periph_driver/src/n32h7xx_lcdc.c **** *\*\          - LCDC_AccumulatedVBP
  93:../../../firmware/n32h7xx_std_periph_driver/src/n32h7xx_lcdc.c **** *\*\            * 0x0000 ~ 0xFFFF
  94:../../../firmware/n32h7xx_std_periph_driver/src/n32h7xx_lcdc.c **** *\*\          - LCDC_AccumulatedActiveW
  95:../../../firmware/n32h7xx_std_periph_driver/src/n32h7xx_lcdc.c **** *\*\            * 0x0000 ~ 0xFFFF
  96:../../../firmware/n32h7xx_std_periph_driver/src/n32h7xx_lcdc.c **** *\*\          - LCDC_AccumulatedActiveH
  97:../../../firmware/n32h7xx_std_periph_driver/src/n32h7xx_lcdc.c **** *\*\            * 0x0000 ~ 0xFFFF
  98:../../../firmware/n32h7xx_std_periph_driver/src/n32h7xx_lcdc.c **** *\*\          - LCDC_TotalWidth
  99:../../../firmware/n32h7xx_std_periph_driver/src/n32h7xx_lcdc.c **** *\*\            * 0x0000 ~ 0xFFFF
 100:../../../firmware/n32h7xx_std_periph_driver/src/n32h7xx_lcdc.c **** *\*\          - LCDC_TotalHeight
 101:../../../firmware/n32h7xx_std_periph_driver/src/n32h7xx_lcdc.c **** *\*\            * 0x0000 ~ 0xFFFF
 102:../../../firmware/n32h7xx_std_periph_driver/src/n32h7xx_lcdc.c **** *\*\          - LCDC_BackgroundRedValue
 103:../../../firmware/n32h7xx_std_periph_driver/src/n32h7xx_lcdc.c **** *\*\            * 0x00 ~ 0xFF
 104:../../../firmware/n32h7xx_std_periph_driver/src/n32h7xx_lcdc.c **** *\*\          - LCDC_BackgroundGreenValue
 105:../../../firmware/n32h7xx_std_periph_driver/src/n32h7xx_lcdc.c **** *\*\            * 0x00 ~ 0xFF
 106:../../../firmware/n32h7xx_std_periph_driver/src/n32h7xx_lcdc.c **** *\*\          - LCDC_BackgroundBlueValue
 107:../../../firmware/n32h7xx_std_periph_driver/src/n32h7xx_lcdc.c **** *\*\            * 0x00 ~ 0xFF
 108:../../../firmware/n32h7xx_std_periph_driver/src/n32h7xx_lcdc.c **** *\*\return  none
 109:../../../firmware/n32h7xx_std_periph_driver/src/n32h7xx_lcdc.c **** **/
 110:../../../firmware/n32h7xx_std_periph_driver/src/n32h7xx_lcdc.c **** void LCDC_Init(LCDC_InitType* LCDC_InitStruct)
 111:../../../firmware/n32h7xx_std_periph_driver/src/n32h7xx_lcdc.c **** {
  57              		.loc 1 111 1
  58              		.cfi_startproc
  59              		@ args = 0, pretend = 0, frame = 16
  60              		@ frame_needed = 1, uses_anonymous_args = 0
  61              		@ link register save eliminated.
  62 0000 80B4     		push	{r7}
  63              	.LCFI2:
ARM GAS  /tmp/cc9q7jXo.s 			page 4


  64              		.cfi_def_cfa_offset 4
  65              		.cfi_offset 7, -4
  66 0002 85B0     		sub	sp, sp, #20
  67              	.LCFI3:
  68              		.cfi_def_cfa_offset 24
  69 0004 00AF     		add	r7, sp, #0
  70              	.LCFI4:
  71              		.cfi_def_cfa_register 7
  72 0006 7860     		str	r0, [r7, #4]
 112:../../../firmware/n32h7xx_std_periph_driver/src/n32h7xx_lcdc.c ****     uint32_t tmpgctrl;
 113:../../../firmware/n32h7xx_std_periph_driver/src/n32h7xx_lcdc.c ****     uint32_t tmpbgcctrl;
 114:../../../firmware/n32h7xx_std_periph_driver/src/n32h7xx_lcdc.c **** 
 115:../../../firmware/n32h7xx_std_periph_driver/src/n32h7xx_lcdc.c ****     /* Configure the HS, VS, DE and PC polarity */
 116:../../../firmware/n32h7xx_std_periph_driver/src/n32h7xx_lcdc.c ****     /* Get the LCDC_GCTRL register value */
 117:../../../firmware/n32h7xx_std_periph_driver/src/n32h7xx_lcdc.c ****     tmpgctrl = LCDC->GCTRL;
  73              		.loc 1 117 20
  74 0008 294B     		ldr	r3, .L3
  75              		.loc 1 117 14
  76 000a 9B69     		ldr	r3, [r3, #24]
  77 000c FB60     		str	r3, [r7, #12]
 118:../../../firmware/n32h7xx_std_periph_driver/src/n32h7xx_lcdc.c ****     /* Clear PCLKPOL/DEPOL/VSPOL/HSPOL bits */
 119:../../../firmware/n32h7xx_std_periph_driver/src/n32h7xx_lcdc.c ****     tmpgctrl &= ~(LCDC_GCTRL_HSPOL | LCDC_GCTRL_VSPOL | LCDC_GCTRL_DEPOL | LCDC_GCTRL_PCLKPOL);
  78              		.loc 1 119 14
  79 000e FB68     		ldr	r3, [r7, #12]
  80 0010 23F07043 		bic	r3, r3, #-268435456
  81 0014 FB60     		str	r3, [r7, #12]
 120:../../../firmware/n32h7xx_std_periph_driver/src/n32h7xx_lcdc.c ****     /* Set PCLKPOL/DEPOL/VSPOL/HSPOL bits */
 121:../../../firmware/n32h7xx_std_periph_driver/src/n32h7xx_lcdc.c ****     tmpgctrl |= (uint32_t)(LCDC_InitStruct->LCDC_HSPolarity | LCDC_InitStruct->LCDC_VSPolarity | LC
  82              		.loc 1 121 43
  83 0016 7B68     		ldr	r3, [r7, #4]
  84 0018 1A68     		ldr	r2, [r3]
  85              		.loc 1 121 78
  86 001a 7B68     		ldr	r3, [r7, #4]
  87 001c 5B68     		ldr	r3, [r3, #4]
  88              		.loc 1 121 61
  89 001e 1A43     		orrs	r2, r2, r3
  90              		.loc 1 121 113
  91 0020 7B68     		ldr	r3, [r7, #4]
  92 0022 9B68     		ldr	r3, [r3, #8]
  93              		.loc 1 121 96
  94 0024 1A43     		orrs	r2, r2, r3
  95              		.loc 1 121 148
  96 0026 7B68     		ldr	r3, [r7, #4]
  97 0028 DB68     		ldr	r3, [r3, #12]
  98              		.loc 1 121 131
  99 002a 1343     		orrs	r3, r3, r2
 100              		.loc 1 121 14
 101 002c FA68     		ldr	r2, [r7, #12]
 102 002e 1343     		orrs	r3, r3, r2
 103 0030 FB60     		str	r3, [r7, #12]
 122:../../../firmware/n32h7xx_std_periph_driver/src/n32h7xx_lcdc.c ****     /* Write to LCDC_GCTRL */
 123:../../../firmware/n32h7xx_std_periph_driver/src/n32h7xx_lcdc.c ****     LCDC->GCTRL = (uint32_t)tmpgctrl;
 104              		.loc 1 123 9
 105 0032 1F4A     		ldr	r2, .L3
 106              		.loc 1 123 17
 107 0034 FB68     		ldr	r3, [r7, #12]
 108 0036 9361     		str	r3, [r2, #24]
ARM GAS  /tmp/cc9q7jXo.s 			page 5


 124:../../../firmware/n32h7xx_std_periph_driver/src/n32h7xx_lcdc.c **** 
 125:../../../firmware/n32h7xx_std_periph_driver/src/n32h7xx_lcdc.c ****     /* Set Synchronization size */
 126:../../../firmware/n32h7xx_std_periph_driver/src/n32h7xx_lcdc.c ****     LCDC->SYNCCTRL = (uint32_t)((LCDC_InitStruct->LCDC_HorizontalSync << 16) | LCDC_InitStruct->LCD
 109              		.loc 1 126 49
 110 0038 7B68     		ldr	r3, [r7, #4]
 111 003a 1B69     		ldr	r3, [r3, #16]
 112              		.loc 1 126 71
 113 003c 1A04     		lsls	r2, r3, #16
 114              		.loc 1 126 95
 115 003e 7B68     		ldr	r3, [r7, #4]
 116 0040 5B69     		ldr	r3, [r3, #20]
 117              		.loc 1 126 9
 118 0042 1B49     		ldr	r1, .L3
 119              		.loc 1 126 78
 120 0044 1343     		orrs	r3, r3, r2
 121              		.loc 1 126 20
 122 0046 8B60     		str	r3, [r1, #8]
 127:../../../firmware/n32h7xx_std_periph_driver/src/n32h7xx_lcdc.c **** 
 128:../../../firmware/n32h7xx_std_periph_driver/src/n32h7xx_lcdc.c ****     /* Set Accumulated Back porch */
 129:../../../firmware/n32h7xx_std_periph_driver/src/n32h7xx_lcdc.c ****     LCDC->BPCTRL = (uint32_t)((LCDC_InitStruct->LCDC_AccumulatedHBP << 16) | LCDC_InitStruct->LCDC_
 123              		.loc 1 129 47
 124 0048 7B68     		ldr	r3, [r7, #4]
 125 004a 9B69     		ldr	r3, [r3, #24]
 126              		.loc 1 129 69
 127 004c 1A04     		lsls	r2, r3, #16
 128              		.loc 1 129 93
 129 004e 7B68     		ldr	r3, [r7, #4]
 130 0050 DB69     		ldr	r3, [r3, #28]
 131              		.loc 1 129 9
 132 0052 1749     		ldr	r1, .L3
 133              		.loc 1 129 76
 134 0054 1343     		orrs	r3, r3, r2
 135              		.loc 1 129 18
 136 0056 CB60     		str	r3, [r1, #12]
 130:../../../firmware/n32h7xx_std_periph_driver/src/n32h7xx_lcdc.c **** 
 131:../../../firmware/n32h7xx_std_periph_driver/src/n32h7xx_lcdc.c ****     /* Set Accumulated Active Width */
 132:../../../firmware/n32h7xx_std_periph_driver/src/n32h7xx_lcdc.c ****     LCDC->AWCTRL = (uint32_t)((LCDC_InitStruct->LCDC_AccumulatedActiveW << 16) | LCDC_InitStruct->L
 137              		.loc 1 132 47
 138 0058 7B68     		ldr	r3, [r7, #4]
 139 005a 1B6A     		ldr	r3, [r3, #32]
 140              		.loc 1 132 73
 141 005c 1A04     		lsls	r2, r3, #16
 142              		.loc 1 132 97
 143 005e 7B68     		ldr	r3, [r7, #4]
 144 0060 5B6A     		ldr	r3, [r3, #36]
 145              		.loc 1 132 9
 146 0062 1349     		ldr	r1, .L3
 147              		.loc 1 132 80
 148 0064 1343     		orrs	r3, r3, r2
 149              		.loc 1 132 18
 150 0066 0B61     		str	r3, [r1, #16]
 133:../../../firmware/n32h7xx_std_periph_driver/src/n32h7xx_lcdc.c **** 
 134:../../../firmware/n32h7xx_std_periph_driver/src/n32h7xx_lcdc.c ****     /* Set Total Width */
 135:../../../firmware/n32h7xx_std_periph_driver/src/n32h7xx_lcdc.c ****     LCDC->TWCTRL = (uint32_t)((LCDC_InitStruct->LCDC_TotalWidth << 16) | LCDC_InitStruct->LCDC_Tota
 151              		.loc 1 135 47
 152 0068 7B68     		ldr	r3, [r7, #4]
 153 006a 9B6A     		ldr	r3, [r3, #40]
ARM GAS  /tmp/cc9q7jXo.s 			page 6


 154              		.loc 1 135 65
 155 006c 1A04     		lsls	r2, r3, #16
 156              		.loc 1 135 89
 157 006e 7B68     		ldr	r3, [r7, #4]
 158 0070 DB6A     		ldr	r3, [r3, #44]
 159              		.loc 1 135 9
 160 0072 0F49     		ldr	r1, .L3
 161              		.loc 1 135 72
 162 0074 1343     		orrs	r3, r3, r2
 163              		.loc 1 135 18
 164 0076 4B61     		str	r3, [r1, #20]
 136:../../../firmware/n32h7xx_std_periph_driver/src/n32h7xx_lcdc.c **** 
 137:../../../firmware/n32h7xx_std_periph_driver/src/n32h7xx_lcdc.c ****     /* Configure the background color value */
 138:../../../firmware/n32h7xx_std_periph_driver/src/n32h7xx_lcdc.c ****     /* Get the LCDC_BGCCTRL register value */
 139:../../../firmware/n32h7xx_std_periph_driver/src/n32h7xx_lcdc.c ****     tmpbgcctrl = LCDC->BGCCTRL;
 165              		.loc 1 139 22
 166 0078 0D4B     		ldr	r3, .L3
 167              		.loc 1 139 16
 168 007a DB6A     		ldr	r3, [r3, #44]
 169 007c BB60     		str	r3, [r7, #8]
 140:../../../firmware/n32h7xx_std_periph_driver/src/n32h7xx_lcdc.c ****     /* Clear BCR/BCG/BCB bits */
 141:../../../firmware/n32h7xx_std_periph_driver/src/n32h7xx_lcdc.c ****     tmpbgcctrl &= ~(LCDC_BGCCTRL_BCR | LCDC_BGCCTRL_BCG | LCDC_BGCCTRL_BCB);
 170              		.loc 1 141 16
 171 007e BB68     		ldr	r3, [r7, #8]
 172 0080 03F07F43 		and	r3, r3, #-16777216
 173 0084 BB60     		str	r3, [r7, #8]
 142:../../../firmware/n32h7xx_std_periph_driver/src/n32h7xx_lcdc.c ****     /* Set BCR/BCG/BCB bits */
 143:../../../firmware/n32h7xx_std_periph_driver/src/n32h7xx_lcdc.c ****     tmpbgcctrl |= (uint32_t)((LCDC_InitStruct->LCDC_BackgroundRedValue << 16) | (LCDC_InitStruct->L
 174              		.loc 1 143 46
 175 0086 7B68     		ldr	r3, [r7, #4]
 176 0088 1B6B     		ldr	r3, [r3, #48]
 177              		.loc 1 143 72
 178 008a 1A04     		lsls	r2, r3, #16
 179              		.loc 1 143 97
 180 008c 7B68     		ldr	r3, [r7, #4]
 181 008e 5B6B     		ldr	r3, [r3, #52]
 182              		.loc 1 143 125
 183 0090 1B02     		lsls	r3, r3, #8
 184              		.loc 1 143 79
 185 0092 1A43     		orrs	r2, r2, r3
 186              		.loc 1 143 148
 187 0094 7B68     		ldr	r3, [r7, #4]
 188 0096 9B6B     		ldr	r3, [r3, #56]
 189              		.loc 1 143 131
 190 0098 1343     		orrs	r3, r3, r2
 191              		.loc 1 143 16
 192 009a BA68     		ldr	r2, [r7, #8]
 193 009c 1343     		orrs	r3, r3, r2
 194 009e BB60     		str	r3, [r7, #8]
 144:../../../firmware/n32h7xx_std_periph_driver/src/n32h7xx_lcdc.c ****     /* Write to LCDC_BGCCTRL */
 145:../../../firmware/n32h7xx_std_periph_driver/src/n32h7xx_lcdc.c ****     LCDC->BGCCTRL = (uint32_t)tmpbgcctrl;
 195              		.loc 1 145 9
 196 00a0 034A     		ldr	r2, .L3
 197              		.loc 1 145 19
 198 00a2 BB68     		ldr	r3, [r7, #8]
 199 00a4 D362     		str	r3, [r2, #44]
 146:../../../firmware/n32h7xx_std_periph_driver/src/n32h7xx_lcdc.c **** }
ARM GAS  /tmp/cc9q7jXo.s 			page 7


 200              		.loc 1 146 1
 201 00a6 00BF     		nop
 202 00a8 1437     		adds	r7, r7, #20
 203              	.LCFI5:
 204              		.cfi_def_cfa_offset 4
 205 00aa BD46     		mov	sp, r7
 206              	.LCFI6:
 207              		.cfi_def_cfa_register 13
 208              		@ sp needed
 209 00ac 80BC     		pop	{r7}
 210              	.LCFI7:
 211              		.cfi_restore 7
 212              		.cfi_def_cfa_offset 0
 213 00ae 7047     		bx	lr
 214              	.L4:
 215              		.align	2
 216              	.L3:
 217 00b0 00A00450 		.word	1342480384
 218              		.cfi_endproc
 219              	.LFE148:
 221              		.section	.text.LCDC_StructInit,"ax",%progbits
 222              		.align	1
 223              		.global	LCDC_StructInit
 224              		.syntax unified
 225              		.thumb
 226              		.thumb_func
 228              	LCDC_StructInit:
 229              	.LFB149:
 147:../../../firmware/n32h7xx_std_periph_driver/src/n32h7xx_lcdc.c **** 
 148:../../../firmware/n32h7xx_std_periph_driver/src/n32h7xx_lcdc.c **** /**
 149:../../../firmware/n32h7xx_std_periph_driver/src/n32h7xx_lcdc.c **** *\*\name    LCDC_StructInit
 150:../../../firmware/n32h7xx_std_periph_driver/src/n32h7xx_lcdc.c **** *\*\fun     Fills each LCDC_InitStruct member with its default value.
 151:../../../firmware/n32h7xx_std_periph_driver/src/n32h7xx_lcdc.c **** *\*\param   LCDC_InitStruct: refer to the definition of LCDC_InitType
 152:../../../firmware/n32h7xx_std_periph_driver/src/n32h7xx_lcdc.c **** *\*\          - LCDC_HSPolarity
 153:../../../firmware/n32h7xx_std_periph_driver/src/n32h7xx_lcdc.c **** *\*\            * LCDC_HSPOLARITY_LOW
 154:../../../firmware/n32h7xx_std_periph_driver/src/n32h7xx_lcdc.c **** *\*\            * LCDC_HSPOLARITY_HIGH
 155:../../../firmware/n32h7xx_std_periph_driver/src/n32h7xx_lcdc.c **** *\*\          - LCDC_VSPolarity
 156:../../../firmware/n32h7xx_std_periph_driver/src/n32h7xx_lcdc.c **** *\*\            * LCDC_VSPOLARITY_LOW
 157:../../../firmware/n32h7xx_std_periph_driver/src/n32h7xx_lcdc.c **** *\*\            * LCDC_VSPOLARITY_HIGH
 158:../../../firmware/n32h7xx_std_periph_driver/src/n32h7xx_lcdc.c **** *\*\          - LCDC_DEPolarity
 159:../../../firmware/n32h7xx_std_periph_driver/src/n32h7xx_lcdc.c **** *\*\            * LCDC_DEPOLARITY_LOW
 160:../../../firmware/n32h7xx_std_periph_driver/src/n32h7xx_lcdc.c **** *\*\            * LCDC_DEPOLARITY_HIGH
 161:../../../firmware/n32h7xx_std_periph_driver/src/n32h7xx_lcdc.c **** *\*\          - LCDC_PCPolarity
 162:../../../firmware/n32h7xx_std_periph_driver/src/n32h7xx_lcdc.c **** *\*\            * LCDC_PCPOLARITY_IPC
 163:../../../firmware/n32h7xx_std_periph_driver/src/n32h7xx_lcdc.c **** *\*\            * LCDC_PCPOLARITY_IIPC
 164:../../../firmware/n32h7xx_std_periph_driver/src/n32h7xx_lcdc.c **** *\*\          - LCDC_HorizontalSync
 165:../../../firmware/n32h7xx_std_periph_driver/src/n32h7xx_lcdc.c **** *\*\            * 0x0000 ~ 0xFFFF
 166:../../../firmware/n32h7xx_std_periph_driver/src/n32h7xx_lcdc.c **** *\*\          - LCDC_VerticalSync
 167:../../../firmware/n32h7xx_std_periph_driver/src/n32h7xx_lcdc.c **** *\*\            * 0x0000 ~ 0xFFFF
 168:../../../firmware/n32h7xx_std_periph_driver/src/n32h7xx_lcdc.c **** *\*\          - LCDC_AccumulatedHBP
 169:../../../firmware/n32h7xx_std_periph_driver/src/n32h7xx_lcdc.c **** *\*\            * 0x0000 ~ 0xFFFF
 170:../../../firmware/n32h7xx_std_periph_driver/src/n32h7xx_lcdc.c **** *\*\          - LCDC_AccumulatedVBP
 171:../../../firmware/n32h7xx_std_periph_driver/src/n32h7xx_lcdc.c **** *\*\            * 0x0000 ~ 0xFFFF
 172:../../../firmware/n32h7xx_std_periph_driver/src/n32h7xx_lcdc.c **** *\*\          - LCDC_AccumulatedActiveW
 173:../../../firmware/n32h7xx_std_periph_driver/src/n32h7xx_lcdc.c **** *\*\            * 0x0000 ~ 0xFFFF
 174:../../../firmware/n32h7xx_std_periph_driver/src/n32h7xx_lcdc.c **** *\*\          - LCDC_AccumulatedActiveH
 175:../../../firmware/n32h7xx_std_periph_driver/src/n32h7xx_lcdc.c **** *\*\            * 0x0000 ~ 0xFFFF
ARM GAS  /tmp/cc9q7jXo.s 			page 8


 176:../../../firmware/n32h7xx_std_periph_driver/src/n32h7xx_lcdc.c **** *\*\          - LCDC_TotalWidth
 177:../../../firmware/n32h7xx_std_periph_driver/src/n32h7xx_lcdc.c **** *\*\            * 0x0000 ~ 0xFFFF
 178:../../../firmware/n32h7xx_std_periph_driver/src/n32h7xx_lcdc.c **** *\*\          - LCDC_TotalHeight
 179:../../../firmware/n32h7xx_std_periph_driver/src/n32h7xx_lcdc.c **** *\*\            * 0x0000 ~ 0xFFFF
 180:../../../firmware/n32h7xx_std_periph_driver/src/n32h7xx_lcdc.c **** *\*\          - LCDC_BackgroundRedValue
 181:../../../firmware/n32h7xx_std_periph_driver/src/n32h7xx_lcdc.c **** *\*\            * 0x00 ~ 0xFF
 182:../../../firmware/n32h7xx_std_periph_driver/src/n32h7xx_lcdc.c **** *\*\          - LCDC_BackgroundGreenValue
 183:../../../firmware/n32h7xx_std_periph_driver/src/n32h7xx_lcdc.c **** *\*\            * 0x00 ~ 0xFF
 184:../../../firmware/n32h7xx_std_periph_driver/src/n32h7xx_lcdc.c **** *\*\          - LCDC_BackgroundBlueValue
 185:../../../firmware/n32h7xx_std_periph_driver/src/n32h7xx_lcdc.c **** *\*\            * 0x00 ~ 0xFF
 186:../../../firmware/n32h7xx_std_periph_driver/src/n32h7xx_lcdc.c **** *\*\return  none
 187:../../../firmware/n32h7xx_std_periph_driver/src/n32h7xx_lcdc.c **** **/
 188:../../../firmware/n32h7xx_std_periph_driver/src/n32h7xx_lcdc.c **** void LCDC_StructInit(LCDC_InitType* LCDC_InitStruct)
 189:../../../firmware/n32h7xx_std_periph_driver/src/n32h7xx_lcdc.c **** {
 230              		.loc 1 189 1
 231              		.cfi_startproc
 232              		@ args = 0, pretend = 0, frame = 8
 233              		@ frame_needed = 1, uses_anonymous_args = 0
 234              		@ link register save eliminated.
 235 0000 80B4     		push	{r7}
 236              	.LCFI8:
 237              		.cfi_def_cfa_offset 4
 238              		.cfi_offset 7, -4
 239 0002 83B0     		sub	sp, sp, #12
 240              	.LCFI9:
 241              		.cfi_def_cfa_offset 16
 242 0004 00AF     		add	r7, sp, #0
 243              	.LCFI10:
 244              		.cfi_def_cfa_register 7
 245 0006 7860     		str	r0, [r7, #4]
 190:../../../firmware/n32h7xx_std_periph_driver/src/n32h7xx_lcdc.c ****     /* Set the default configuration */
 191:../../../firmware/n32h7xx_std_periph_driver/src/n32h7xx_lcdc.c ****     LCDC_InitStruct->LCDC_HSPolarity            = LCDC_HSPOLARITY_LOW;
 246              		.loc 1 191 49
 247 0008 7B68     		ldr	r3, [r7, #4]
 248 000a 0022     		movs	r2, #0
 249 000c 1A60     		str	r2, [r3]
 192:../../../firmware/n32h7xx_std_periph_driver/src/n32h7xx_lcdc.c ****     LCDC_InitStruct->LCDC_VSPolarity            = LCDC_VSPOLARITY_LOW;
 250              		.loc 1 192 49
 251 000e 7B68     		ldr	r3, [r7, #4]
 252 0010 0022     		movs	r2, #0
 253 0012 5A60     		str	r2, [r3, #4]
 193:../../../firmware/n32h7xx_std_periph_driver/src/n32h7xx_lcdc.c ****     LCDC_InitStruct->LCDC_DEPolarity            = LCDC_DEPOLARITY_LOW;
 254              		.loc 1 193 49
 255 0014 7B68     		ldr	r3, [r7, #4]
 256 0016 4FF00052 		mov	r2, #536870912
 257 001a 9A60     		str	r2, [r3, #8]
 194:../../../firmware/n32h7xx_std_periph_driver/src/n32h7xx_lcdc.c ****     LCDC_InitStruct->LCDC_PCPolarity            = LCDC_PCPOLARITY_IPC;
 258              		.loc 1 194 49
 259 001c 7B68     		ldr	r3, [r7, #4]
 260 001e 0022     		movs	r2, #0
 261 0020 DA60     		str	r2, [r3, #12]
 195:../../../firmware/n32h7xx_std_periph_driver/src/n32h7xx_lcdc.c ****     LCDC_InitStruct->LCDC_HorizontalSync        = 0x00;
 262              		.loc 1 195 49
 263 0022 7B68     		ldr	r3, [r7, #4]
 264 0024 0022     		movs	r2, #0
 265 0026 1A61     		str	r2, [r3, #16]
 196:../../../firmware/n32h7xx_std_periph_driver/src/n32h7xx_lcdc.c ****     LCDC_InitStruct->LCDC_VerticalSync          = 0x00;
ARM GAS  /tmp/cc9q7jXo.s 			page 9


 266              		.loc 1 196 49
 267 0028 7B68     		ldr	r3, [r7, #4]
 268 002a 0022     		movs	r2, #0
 269 002c 5A61     		str	r2, [r3, #20]
 197:../../../firmware/n32h7xx_std_periph_driver/src/n32h7xx_lcdc.c ****     LCDC_InitStruct->LCDC_AccumulatedHBP        = 0x00;
 270              		.loc 1 197 49
 271 002e 7B68     		ldr	r3, [r7, #4]
 272 0030 0022     		movs	r2, #0
 273 0032 9A61     		str	r2, [r3, #24]
 198:../../../firmware/n32h7xx_std_periph_driver/src/n32h7xx_lcdc.c ****     LCDC_InitStruct->LCDC_AccumulatedVBP        = 0x00;
 274              		.loc 1 198 49
 275 0034 7B68     		ldr	r3, [r7, #4]
 276 0036 0022     		movs	r2, #0
 277 0038 DA61     		str	r2, [r3, #28]
 199:../../../firmware/n32h7xx_std_periph_driver/src/n32h7xx_lcdc.c ****     LCDC_InitStruct->LCDC_AccumulatedActiveW    = 0x00;
 278              		.loc 1 199 49
 279 003a 7B68     		ldr	r3, [r7, #4]
 280 003c 0022     		movs	r2, #0
 281 003e 1A62     		str	r2, [r3, #32]
 200:../../../firmware/n32h7xx_std_periph_driver/src/n32h7xx_lcdc.c ****     LCDC_InitStruct->LCDC_AccumulatedActiveH    = 0x00;
 282              		.loc 1 200 49
 283 0040 7B68     		ldr	r3, [r7, #4]
 284 0042 0022     		movs	r2, #0
 285 0044 5A62     		str	r2, [r3, #36]
 201:../../../firmware/n32h7xx_std_periph_driver/src/n32h7xx_lcdc.c ****     LCDC_InitStruct->LCDC_TotalWidth            = 0x00;
 286              		.loc 1 201 49
 287 0046 7B68     		ldr	r3, [r7, #4]
 288 0048 0022     		movs	r2, #0
 289 004a 9A62     		str	r2, [r3, #40]
 202:../../../firmware/n32h7xx_std_periph_driver/src/n32h7xx_lcdc.c ****     LCDC_InitStruct->LCDC_TotalHeight           = 0x00;
 290              		.loc 1 202 49
 291 004c 7B68     		ldr	r3, [r7, #4]
 292 004e 0022     		movs	r2, #0
 293 0050 DA62     		str	r2, [r3, #44]
 203:../../../firmware/n32h7xx_std_periph_driver/src/n32h7xx_lcdc.c ****     LCDC_InitStruct->LCDC_BackgroundRedValue    = 0x00;
 294              		.loc 1 203 49
 295 0052 7B68     		ldr	r3, [r7, #4]
 296 0054 0022     		movs	r2, #0
 297 0056 1A63     		str	r2, [r3, #48]
 204:../../../firmware/n32h7xx_std_periph_driver/src/n32h7xx_lcdc.c ****     LCDC_InitStruct->LCDC_BackgroundGreenValue  = 0x00;
 298              		.loc 1 204 49
 299 0058 7B68     		ldr	r3, [r7, #4]
 300 005a 0022     		movs	r2, #0
 301 005c 5A63     		str	r2, [r3, #52]
 205:../../../firmware/n32h7xx_std_periph_driver/src/n32h7xx_lcdc.c ****     LCDC_InitStruct->LCDC_BackgroundBlueValue   = 0x00;
 302              		.loc 1 205 49
 303 005e 7B68     		ldr	r3, [r7, #4]
 304 0060 0022     		movs	r2, #0
 305 0062 9A63     		str	r2, [r3, #56]
 206:../../../firmware/n32h7xx_std_periph_driver/src/n32h7xx_lcdc.c **** }
 306              		.loc 1 206 1
 307 0064 00BF     		nop
 308 0066 0C37     		adds	r7, r7, #12
 309              	.LCFI11:
 310              		.cfi_def_cfa_offset 4
 311 0068 BD46     		mov	sp, r7
 312              	.LCFI12:
ARM GAS  /tmp/cc9q7jXo.s 			page 10


 313              		.cfi_def_cfa_register 13
 314              		@ sp needed
 315 006a 80BC     		pop	{r7}
 316              	.LCFI13:
 317              		.cfi_restore 7
 318              		.cfi_def_cfa_offset 0
 319 006c 7047     		bx	lr
 320              		.cfi_endproc
 321              	.LFE149:
 323              		.section	.text.LCDC_Enable,"ax",%progbits
 324              		.align	1
 325              		.global	LCDC_Enable
 326              		.syntax unified
 327              		.thumb
 328              		.thumb_func
 330              	LCDC_Enable:
 331              	.LFB150:
 207:../../../firmware/n32h7xx_std_periph_driver/src/n32h7xx_lcdc.c **** 
 208:../../../firmware/n32h7xx_std_periph_driver/src/n32h7xx_lcdc.c **** /**
 209:../../../firmware/n32h7xx_std_periph_driver/src/n32h7xx_lcdc.c **** *\*\name    LCDC_Enable
 210:../../../firmware/n32h7xx_std_periph_driver/src/n32h7xx_lcdc.c **** *\*\fun     Enables or disables the specified LCDC peripheral.
 211:../../../firmware/n32h7xx_std_periph_driver/src/n32h7xx_lcdc.c **** *\*\param   Cmd :
 212:../../../firmware/n32h7xx_std_periph_driver/src/n32h7xx_lcdc.c **** *\*\          - ENABLE
 213:../../../firmware/n32h7xx_std_periph_driver/src/n32h7xx_lcdc.c **** *\*\          - DISABLE
 214:../../../firmware/n32h7xx_std_periph_driver/src/n32h7xx_lcdc.c **** *\*\return  none
 215:../../../firmware/n32h7xx_std_periph_driver/src/n32h7xx_lcdc.c **** **/
 216:../../../firmware/n32h7xx_std_periph_driver/src/n32h7xx_lcdc.c **** void LCDC_Enable(FunctionalState Cmd)
 217:../../../firmware/n32h7xx_std_periph_driver/src/n32h7xx_lcdc.c **** {
 332              		.loc 1 217 1
 333              		.cfi_startproc
 334              		@ args = 0, pretend = 0, frame = 8
 335              		@ frame_needed = 1, uses_anonymous_args = 0
 336              		@ link register save eliminated.
 337 0000 80B4     		push	{r7}
 338              	.LCFI14:
 339              		.cfi_def_cfa_offset 4
 340              		.cfi_offset 7, -4
 341 0002 83B0     		sub	sp, sp, #12
 342              	.LCFI15:
 343              		.cfi_def_cfa_offset 16
 344 0004 00AF     		add	r7, sp, #0
 345              	.LCFI16:
 346              		.cfi_def_cfa_register 7
 347 0006 0346     		mov	r3, r0
 348 0008 FB71     		strb	r3, [r7, #7]
 218:../../../firmware/n32h7xx_std_periph_driver/src/n32h7xx_lcdc.c ****     if (Cmd != DISABLE)
 349              		.loc 1 218 8
 350 000a FB79     		ldrb	r3, [r7, #7]	@ zero_extendqisi2
 351 000c 002B     		cmp	r3, #0
 352 000e 06D0     		beq	.L7
 219:../../../firmware/n32h7xx_std_periph_driver/src/n32h7xx_lcdc.c ****     {
 220:../../../firmware/n32h7xx_std_periph_driver/src/n32h7xx_lcdc.c ****         /* Enable the LCDC */
 221:../../../firmware/n32h7xx_std_periph_driver/src/n32h7xx_lcdc.c ****         LCDC->GCTRL |= (uint32_t)LCDC_GCTRL_EN;
 353              		.loc 1 221 13
 354 0010 084B     		ldr	r3, .L10
 355 0012 9B69     		ldr	r3, [r3, #24]
 356 0014 074A     		ldr	r2, .L10
ARM GAS  /tmp/cc9q7jXo.s 			page 11


 357              		.loc 1 221 21
 358 0016 43F00103 		orr	r3, r3, #1
 359 001a 9361     		str	r3, [r2, #24]
 222:../../../firmware/n32h7xx_std_periph_driver/src/n32h7xx_lcdc.c ****     }
 223:../../../firmware/n32h7xx_std_periph_driver/src/n32h7xx_lcdc.c ****     else
 224:../../../firmware/n32h7xx_std_periph_driver/src/n32h7xx_lcdc.c ****     {
 225:../../../firmware/n32h7xx_std_periph_driver/src/n32h7xx_lcdc.c ****         /* Disable the LCDC */
 226:../../../firmware/n32h7xx_std_periph_driver/src/n32h7xx_lcdc.c ****         LCDC->GCTRL &= (uint32_t)(~LCDC_GCTRL_EN);
 227:../../../firmware/n32h7xx_std_periph_driver/src/n32h7xx_lcdc.c ****     }
 228:../../../firmware/n32h7xx_std_periph_driver/src/n32h7xx_lcdc.c **** }
 360              		.loc 1 228 1
 361 001c 05E0     		b	.L9
 362              	.L7:
 226:../../../firmware/n32h7xx_std_periph_driver/src/n32h7xx_lcdc.c ****     }
 363              		.loc 1 226 13
 364 001e 054B     		ldr	r3, .L10
 365 0020 9B69     		ldr	r3, [r3, #24]
 366 0022 044A     		ldr	r2, .L10
 226:../../../firmware/n32h7xx_std_periph_driver/src/n32h7xx_lcdc.c ****     }
 367              		.loc 1 226 21
 368 0024 23F00103 		bic	r3, r3, #1
 369 0028 9361     		str	r3, [r2, #24]
 370              	.L9:
 371              		.loc 1 228 1
 372 002a 00BF     		nop
 373 002c 0C37     		adds	r7, r7, #12
 374              	.LCFI17:
 375              		.cfi_def_cfa_offset 4
 376 002e BD46     		mov	sp, r7
 377              	.LCFI18:
 378              		.cfi_def_cfa_register 13
 379              		@ sp needed
 380 0030 80BC     		pop	{r7}
 381              	.LCFI19:
 382              		.cfi_restore 7
 383              		.cfi_def_cfa_offset 0
 384 0032 7047     		bx	lr
 385              	.L11:
 386              		.align	2
 387              	.L10:
 388 0034 00A00450 		.word	1342480384
 389              		.cfi_endproc
 390              	.LFE150:
 392              		.section	.text.LCDC_DitherEnable,"ax",%progbits
 393              		.align	1
 394              		.global	LCDC_DitherEnable
 395              		.syntax unified
 396              		.thumb
 397              		.thumb_func
 399              	LCDC_DitherEnable:
 400              	.LFB151:
 229:../../../firmware/n32h7xx_std_periph_driver/src/n32h7xx_lcdc.c **** 
 230:../../../firmware/n32h7xx_std_periph_driver/src/n32h7xx_lcdc.c **** /**
 231:../../../firmware/n32h7xx_std_periph_driver/src/n32h7xx_lcdc.c **** *\*\name    LCDC_DitherEnable
 232:../../../firmware/n32h7xx_std_periph_driver/src/n32h7xx_lcdc.c **** *\*\fun     Enables or disables the dither.
 233:../../../firmware/n32h7xx_std_periph_driver/src/n32h7xx_lcdc.c **** *\*\param   Cmd :
 234:../../../firmware/n32h7xx_std_periph_driver/src/n32h7xx_lcdc.c **** *\*\          - ENABLE
ARM GAS  /tmp/cc9q7jXo.s 			page 12


 235:../../../firmware/n32h7xx_std_periph_driver/src/n32h7xx_lcdc.c **** *\*\          - DISABLE
 236:../../../firmware/n32h7xx_std_periph_driver/src/n32h7xx_lcdc.c **** *\*\return  none
 237:../../../firmware/n32h7xx_std_periph_driver/src/n32h7xx_lcdc.c **** **/
 238:../../../firmware/n32h7xx_std_periph_driver/src/n32h7xx_lcdc.c **** void LCDC_DitherEnable(FunctionalState Cmd)
 239:../../../firmware/n32h7xx_std_periph_driver/src/n32h7xx_lcdc.c **** {
 401              		.loc 1 239 1
 402              		.cfi_startproc
 403              		@ args = 0, pretend = 0, frame = 8
 404              		@ frame_needed = 1, uses_anonymous_args = 0
 405              		@ link register save eliminated.
 406 0000 80B4     		push	{r7}
 407              	.LCFI20:
 408              		.cfi_def_cfa_offset 4
 409              		.cfi_offset 7, -4
 410 0002 83B0     		sub	sp, sp, #12
 411              	.LCFI21:
 412              		.cfi_def_cfa_offset 16
 413 0004 00AF     		add	r7, sp, #0
 414              	.LCFI22:
 415              		.cfi_def_cfa_register 7
 416 0006 0346     		mov	r3, r0
 417 0008 FB71     		strb	r3, [r7, #7]
 240:../../../firmware/n32h7xx_std_periph_driver/src/n32h7xx_lcdc.c ****     if (Cmd != DISABLE)
 418              		.loc 1 240 8
 419 000a FB79     		ldrb	r3, [r7, #7]	@ zero_extendqisi2
 420 000c 002B     		cmp	r3, #0
 421 000e 06D0     		beq	.L13
 241:../../../firmware/n32h7xx_std_periph_driver/src/n32h7xx_lcdc.c ****     {
 242:../../../firmware/n32h7xx_std_periph_driver/src/n32h7xx_lcdc.c ****         /* Enable the dither */
 243:../../../firmware/n32h7xx_std_periph_driver/src/n32h7xx_lcdc.c ****         LCDC->GCTRL |= (uint32_t)LCDC_GCTRL_DEN;
 422              		.loc 1 243 13
 423 0010 084B     		ldr	r3, .L16
 424 0012 9B69     		ldr	r3, [r3, #24]
 425 0014 074A     		ldr	r2, .L16
 426              		.loc 1 243 21
 427 0016 43F48033 		orr	r3, r3, #65536
 428 001a 9361     		str	r3, [r2, #24]
 244:../../../firmware/n32h7xx_std_periph_driver/src/n32h7xx_lcdc.c ****     }
 245:../../../firmware/n32h7xx_std_periph_driver/src/n32h7xx_lcdc.c ****     else
 246:../../../firmware/n32h7xx_std_periph_driver/src/n32h7xx_lcdc.c ****     {
 247:../../../firmware/n32h7xx_std_periph_driver/src/n32h7xx_lcdc.c ****         /* Disable the dither */
 248:../../../firmware/n32h7xx_std_periph_driver/src/n32h7xx_lcdc.c ****         LCDC->GCTRL &= (uint32_t)(~LCDC_GCTRL_DEN);
 249:../../../firmware/n32h7xx_std_periph_driver/src/n32h7xx_lcdc.c ****     }
 250:../../../firmware/n32h7xx_std_periph_driver/src/n32h7xx_lcdc.c **** 
 251:../../../firmware/n32h7xx_std_periph_driver/src/n32h7xx_lcdc.c **** }
 429              		.loc 1 251 1
 430 001c 05E0     		b	.L15
 431              	.L13:
 248:../../../firmware/n32h7xx_std_periph_driver/src/n32h7xx_lcdc.c ****     }
 432              		.loc 1 248 13
 433 001e 054B     		ldr	r3, .L16
 434 0020 9B69     		ldr	r3, [r3, #24]
 435 0022 044A     		ldr	r2, .L16
 248:../../../firmware/n32h7xx_std_periph_driver/src/n32h7xx_lcdc.c ****     }
 436              		.loc 1 248 21
 437 0024 23F48033 		bic	r3, r3, #65536
 438 0028 9361     		str	r3, [r2, #24]
ARM GAS  /tmp/cc9q7jXo.s 			page 13


 439              	.L15:
 440              		.loc 1 251 1
 441 002a 00BF     		nop
 442 002c 0C37     		adds	r7, r7, #12
 443              	.LCFI23:
 444              		.cfi_def_cfa_offset 4
 445 002e BD46     		mov	sp, r7
 446              	.LCFI24:
 447              		.cfi_def_cfa_register 13
 448              		@ sp needed
 449 0030 80BC     		pop	{r7}
 450              	.LCFI25:
 451              		.cfi_restore 7
 452              		.cfi_def_cfa_offset 0
 453 0032 7047     		bx	lr
 454              	.L17:
 455              		.align	2
 456              	.L16:
 457 0034 00A00450 		.word	1342480384
 458              		.cfi_endproc
 459              	.LFE151:
 461              		.section	.text.LCDC_GetDitherWidth,"ax",%progbits
 462              		.align	1
 463              		.global	LCDC_GetDitherWidth
 464              		.syntax unified
 465              		.thumb
 466              		.thumb_func
 468              	LCDC_GetDitherWidth:
 469              	.LFB152:
 252:../../../firmware/n32h7xx_std_periph_driver/src/n32h7xx_lcdc.c **** 
 253:../../../firmware/n32h7xx_std_periph_driver/src/n32h7xx_lcdc.c **** /**
 254:../../../firmware/n32h7xx_std_periph_driver/src/n32h7xx_lcdc.c **** *\*\name    LCDC_GetDitherWidth
 255:../../../firmware/n32h7xx_std_periph_driver/src/n32h7xx_lcdc.c **** *\*\fun     Get the dither RGB width.
 256:../../../firmware/n32h7xx_std_periph_driver/src/n32h7xx_lcdc.c **** *\*\param   none
 257:../../../firmware/n32h7xx_std_periph_driver/src/n32h7xx_lcdc.c **** *\*\return  LCDC_RGBType:
 258:../../../firmware/n32h7xx_std_periph_driver/src/n32h7xx_lcdc.c **** *\*\          - LCDC_Blue      Dither blue width
 259:../../../firmware/n32h7xx_std_periph_driver/src/n32h7xx_lcdc.c **** *\*\            * 0x0 ~ 0x4
 260:../../../firmware/n32h7xx_std_periph_driver/src/n32h7xx_lcdc.c **** *\*\          - LCDC_Green     Dither green width
 261:../../../firmware/n32h7xx_std_periph_driver/src/n32h7xx_lcdc.c **** *\*\            * 0x0 ~ 0x4
 262:../../../firmware/n32h7xx_std_periph_driver/src/n32h7xx_lcdc.c **** *\*\          - LCDC_Red       Dither red width
 263:../../../firmware/n32h7xx_std_periph_driver/src/n32h7xx_lcdc.c **** *\*\            * 0x0 ~ 0x4
 264:../../../firmware/n32h7xx_std_periph_driver/src/n32h7xx_lcdc.c **** **/
 265:../../../firmware/n32h7xx_std_periph_driver/src/n32h7xx_lcdc.c **** LCDC_RGBType LCDC_GetDitherWidth(void)
 266:../../../firmware/n32h7xx_std_periph_driver/src/n32h7xx_lcdc.c **** {
 470              		.loc 1 266 1
 471              		.cfi_startproc
 472              		@ args = 0, pretend = 0, frame = 24
 473              		@ frame_needed = 1, uses_anonymous_args = 0
 474              		@ link register save eliminated.
 475 0000 90B4     		push	{r4, r7}
 476              	.LCFI26:
 477              		.cfi_def_cfa_offset 8
 478              		.cfi_offset 4, -8
 479              		.cfi_offset 7, -4
 480 0002 86B0     		sub	sp, sp, #24
 481              	.LCFI27:
 482              		.cfi_def_cfa_offset 32
ARM GAS  /tmp/cc9q7jXo.s 			page 14


 483 0004 00AF     		add	r7, sp, #0
 484              	.LCFI28:
 485              		.cfi_def_cfa_register 7
 486 0006 7860     		str	r0, [r7, #4]
 267:../../../firmware/n32h7xx_std_periph_driver/src/n32h7xx_lcdc.c ****     LCDC_RGBType LCDC_RGB_DitherStruct;
 268:../../../firmware/n32h7xx_std_periph_driver/src/n32h7xx_lcdc.c **** 
 269:../../../firmware/n32h7xx_std_periph_driver/src/n32h7xx_lcdc.c ****     LCDC->GCTRL &= ~(LCDC_GCTRL_DBW | LCDC_GCTRL_DGW | LCDC_GCTRL_DRW);
 487              		.loc 1 269 9
 488 0008 124B     		ldr	r3, .L20
 489 000a 9A69     		ldr	r2, [r3, #24]
 490 000c 1149     		ldr	r1, .L20
 491              		.loc 1 269 17
 492 000e 124B     		ldr	r3, .L20+4
 493 0010 1340     		ands	r3, r3, r2
 494 0012 8B61     		str	r3, [r1, #24]
 270:../../../firmware/n32h7xx_std_periph_driver/src/n32h7xx_lcdc.c **** 
 271:../../../firmware/n32h7xx_std_periph_driver/src/n32h7xx_lcdc.c ****     LCDC_RGB_DitherStruct.LCDC_Blue = (uint32_t)((LCDC->GCTRL >> 4) & 0x7);
 495              		.loc 1 271 55
 496 0014 0F4B     		ldr	r3, .L20
 497 0016 9B69     		ldr	r3, [r3, #24]
 498              		.loc 1 271 63
 499 0018 1B09     		lsrs	r3, r3, #4
 500              		.loc 1 271 39
 501 001a 03F00703 		and	r3, r3, #7
 502              		.loc 1 271 37
 503 001e FB60     		str	r3, [r7, #12]
 272:../../../firmware/n32h7xx_std_periph_driver/src/n32h7xx_lcdc.c ****     LCDC_RGB_DitherStruct.LCDC_Green = (uint32_t)((LCDC->GCTRL >> 8) & 0x7);
 504              		.loc 1 272 56
 505 0020 0C4B     		ldr	r3, .L20
 506 0022 9B69     		ldr	r3, [r3, #24]
 507              		.loc 1 272 64
 508 0024 1B0A     		lsrs	r3, r3, #8
 509              		.loc 1 272 40
 510 0026 03F00703 		and	r3, r3, #7
 511              		.loc 1 272 38
 512 002a 3B61     		str	r3, [r7, #16]
 273:../../../firmware/n32h7xx_std_periph_driver/src/n32h7xx_lcdc.c ****     LCDC_RGB_DitherStruct.LCDC_Red = (uint32_t)((LCDC->GCTRL >> 12) & 0x7);
 513              		.loc 1 273 54
 514 002c 094B     		ldr	r3, .L20
 515 002e 9B69     		ldr	r3, [r3, #24]
 516              		.loc 1 273 62
 517 0030 1B0B     		lsrs	r3, r3, #12
 518              		.loc 1 273 38
 519 0032 03F00703 		and	r3, r3, #7
 520              		.loc 1 273 36
 521 0036 7B61     		str	r3, [r7, #20]
 274:../../../firmware/n32h7xx_std_periph_driver/src/n32h7xx_lcdc.c **** 
 275:../../../firmware/n32h7xx_std_periph_driver/src/n32h7xx_lcdc.c ****     return LCDC_RGB_DitherStruct;
 522              		.loc 1 275 12
 523 0038 7B68     		ldr	r3, [r7, #4]
 524 003a 1C46     		mov	r4, r3
 525 003c 07F10C03 		add	r3, r7, #12
 526 0040 93E80700 		ldm	r3, {r0, r1, r2}
 527 0044 84E80700 		stm	r4, {r0, r1, r2}
 276:../../../firmware/n32h7xx_std_periph_driver/src/n32h7xx_lcdc.c **** }
 528              		.loc 1 276 1
 529 0048 7868     		ldr	r0, [r7, #4]
ARM GAS  /tmp/cc9q7jXo.s 			page 15


 530 004a 1837     		adds	r7, r7, #24
 531              	.LCFI29:
 532              		.cfi_def_cfa_offset 8
 533 004c BD46     		mov	sp, r7
 534              	.LCFI30:
 535              		.cfi_def_cfa_register 13
 536              		@ sp needed
 537 004e 90BC     		pop	{r4, r7}
 538              	.LCFI31:
 539              		.cfi_restore 7
 540              		.cfi_restore 4
 541              		.cfi_def_cfa_offset 0
 542 0050 7047     		bx	lr
 543              	.L21:
 544 0052 00BF     		.align	2
 545              	.L20:
 546 0054 00A00450 		.word	1342480384
 547 0058 8F88FFFF 		.word	-30577
 548              		.cfi_endproc
 549              	.LFE152:
 551              		.section	.text.LCDC_DitherStructInit,"ax",%progbits
 552              		.align	1
 553              		.global	LCDC_DitherStructInit
 554              		.syntax unified
 555              		.thumb
 556              		.thumb_func
 558              	LCDC_DitherStructInit:
 559              	.LFB153:
 277:../../../firmware/n32h7xx_std_periph_driver/src/n32h7xx_lcdc.c **** 
 278:../../../firmware/n32h7xx_std_periph_driver/src/n32h7xx_lcdc.c **** /**
 279:../../../firmware/n32h7xx_std_periph_driver/src/n32h7xx_lcdc.c **** *\*\name    LCDC_DitherStructInit
 280:../../../firmware/n32h7xx_std_periph_driver/src/n32h7xx_lcdc.c **** *\*\fun     Fills each LCDC_RGB_DitherStruct member with its default value.
 281:../../../firmware/n32h7xx_std_periph_driver/src/n32h7xx_lcdc.c **** *\*\param   LCDC_RGB_DitherStruct
 282:../../../firmware/n32h7xx_std_periph_driver/src/n32h7xx_lcdc.c **** *\*\          - LCDC_Blue      Dither blue width
 283:../../../firmware/n32h7xx_std_periph_driver/src/n32h7xx_lcdc.c **** *\*\            * 0x0 ~ 0x4
 284:../../../firmware/n32h7xx_std_periph_driver/src/n32h7xx_lcdc.c **** *\*\          - LCDC_Green     Dither green width
 285:../../../firmware/n32h7xx_std_periph_driver/src/n32h7xx_lcdc.c **** *\*\            * 0x0 ~ 0x4
 286:../../../firmware/n32h7xx_std_periph_driver/src/n32h7xx_lcdc.c **** *\*\          - LCDC_Red       Dither red width
 287:../../../firmware/n32h7xx_std_periph_driver/src/n32h7xx_lcdc.c **** *\*\            * 0x0 ~ 0x4
 288:../../../firmware/n32h7xx_std_periph_driver/src/n32h7xx_lcdc.c **** *\*\return  none
 289:../../../firmware/n32h7xx_std_periph_driver/src/n32h7xx_lcdc.c **** **/
 290:../../../firmware/n32h7xx_std_periph_driver/src/n32h7xx_lcdc.c **** void LCDC_DitherStructInit(LCDC_RGBType* LCDC_RGB_DitherStruct)
 291:../../../firmware/n32h7xx_std_periph_driver/src/n32h7xx_lcdc.c **** {
 560              		.loc 1 291 1
 561              		.cfi_startproc
 562              		@ args = 0, pretend = 0, frame = 8
 563              		@ frame_needed = 1, uses_anonymous_args = 0
 564              		@ link register save eliminated.
 565 0000 80B4     		push	{r7}
 566              	.LCFI32:
 567              		.cfi_def_cfa_offset 4
 568              		.cfi_offset 7, -4
 569 0002 83B0     		sub	sp, sp, #12
 570              	.LCFI33:
 571              		.cfi_def_cfa_offset 16
 572 0004 00AF     		add	r7, sp, #0
 573              	.LCFI34:
ARM GAS  /tmp/cc9q7jXo.s 			page 16


 574              		.cfi_def_cfa_register 7
 575 0006 7860     		str	r0, [r7, #4]
 292:../../../firmware/n32h7xx_std_periph_driver/src/n32h7xx_lcdc.c ****     LCDC_RGB_DitherStruct->LCDC_Blue  = 0x02;
 576              		.loc 1 292 39
 577 0008 7B68     		ldr	r3, [r7, #4]
 578 000a 0222     		movs	r2, #2
 579 000c 1A60     		str	r2, [r3]
 293:../../../firmware/n32h7xx_std_periph_driver/src/n32h7xx_lcdc.c ****     LCDC_RGB_DitherStruct->LCDC_Green = 0x02;
 580              		.loc 1 293 39
 581 000e 7B68     		ldr	r3, [r7, #4]
 582 0010 0222     		movs	r2, #2
 583 0012 5A60     		str	r2, [r3, #4]
 294:../../../firmware/n32h7xx_std_periph_driver/src/n32h7xx_lcdc.c ****     LCDC_RGB_DitherStruct->LCDC_Red   = 0x02;
 584              		.loc 1 294 39
 585 0014 7B68     		ldr	r3, [r7, #4]
 586 0016 0222     		movs	r2, #2
 587 0018 9A60     		str	r2, [r3, #8]
 295:../../../firmware/n32h7xx_std_periph_driver/src/n32h7xx_lcdc.c **** }
 588              		.loc 1 295 1
 589 001a 00BF     		nop
 590 001c 0C37     		adds	r7, r7, #12
 591              	.LCFI35:
 592              		.cfi_def_cfa_offset 4
 593 001e BD46     		mov	sp, r7
 594              	.LCFI36:
 595              		.cfi_def_cfa_register 13
 596              		@ sp needed
 597 0020 80BC     		pop	{r7}
 598              	.LCFI37:
 599              		.cfi_restore 7
 600              		.cfi_def_cfa_offset 0
 601 0022 7047     		bx	lr
 602              		.cfi_endproc
 603              	.LFE153:
 605              		.section	.text.LCDC_LINTPConfig,"ax",%progbits
 606              		.align	1
 607              		.global	LCDC_LINTPConfig
 608              		.syntax unified
 609              		.thumb
 610              		.thumb_func
 612              	LCDC_LINTPConfig:
 613              	.LFB154:
 296:../../../firmware/n32h7xx_std_periph_driver/src/n32h7xx_lcdc.c **** 
 297:../../../firmware/n32h7xx_std_periph_driver/src/n32h7xx_lcdc.c **** /**
 298:../../../firmware/n32h7xx_std_periph_driver/src/n32h7xx_lcdc.c **** *\*\name    LCDC_LINTPConfig
 299:../../../firmware/n32h7xx_std_periph_driver/src/n32h7xx_lcdc.c **** *\*\fun     Define the position of the line interrupt.
 300:../../../firmware/n32h7xx_std_periph_driver/src/n32h7xx_lcdc.c **** *\*\param   LCDC_LINTPosition
 301:../../../firmware/n32h7xx_std_periph_driver/src/n32h7xx_lcdc.c **** *\*\          - 0x0000 ~ 0xFFFF
 302:../../../firmware/n32h7xx_std_periph_driver/src/n32h7xx_lcdc.c **** *\*\return  none
 303:../../../firmware/n32h7xx_std_periph_driver/src/n32h7xx_lcdc.c **** **/
 304:../../../firmware/n32h7xx_std_periph_driver/src/n32h7xx_lcdc.c **** void LCDC_LINTPConfig(uint32_t LCDC_LINTPosition)
 305:../../../firmware/n32h7xx_std_periph_driver/src/n32h7xx_lcdc.c **** {
 614              		.loc 1 305 1
 615              		.cfi_startproc
 616              		@ args = 0, pretend = 0, frame = 8
 617              		@ frame_needed = 1, uses_anonymous_args = 0
 618              		@ link register save eliminated.
ARM GAS  /tmp/cc9q7jXo.s 			page 17


 619 0000 80B4     		push	{r7}
 620              	.LCFI38:
 621              		.cfi_def_cfa_offset 4
 622              		.cfi_offset 7, -4
 623 0002 83B0     		sub	sp, sp, #12
 624              	.LCFI39:
 625              		.cfi_def_cfa_offset 16
 626 0004 00AF     		add	r7, sp, #0
 627              	.LCFI40:
 628              		.cfi_def_cfa_register 7
 629 0006 7860     		str	r0, [r7, #4]
 306:../../../firmware/n32h7xx_std_periph_driver/src/n32h7xx_lcdc.c ****     /* Sets the Line Interrupt position */
 307:../../../firmware/n32h7xx_std_periph_driver/src/n32h7xx_lcdc.c ****     LCDC->LINTPCTRL = LCDC_LINTPosition;
 630              		.loc 1 307 9
 631 0008 034A     		ldr	r2, .L24
 632              		.loc 1 307 21
 633 000a 7B68     		ldr	r3, [r7, #4]
 634 000c 1364     		str	r3, [r2, #64]
 308:../../../firmware/n32h7xx_std_periph_driver/src/n32h7xx_lcdc.c **** }
 635              		.loc 1 308 1
 636 000e 00BF     		nop
 637 0010 0C37     		adds	r7, r7, #12
 638              	.LCFI41:
 639              		.cfi_def_cfa_offset 4
 640 0012 BD46     		mov	sp, r7
 641              	.LCFI42:
 642              		.cfi_def_cfa_register 13
 643              		@ sp needed
 644 0014 80BC     		pop	{r7}
 645              	.LCFI43:
 646              		.cfi_restore 7
 647              		.cfi_def_cfa_offset 0
 648 0016 7047     		bx	lr
 649              	.L25:
 650              		.align	2
 651              	.L24:
 652 0018 00A00450 		.word	1342480384
 653              		.cfi_endproc
 654              	.LFE154:
 656              		.section	.text.LCDC_ReloadConfig,"ax",%progbits
 657              		.align	1
 658              		.global	LCDC_ReloadConfig
 659              		.syntax unified
 660              		.thumb
 661              		.thumb_func
 663              	LCDC_ReloadConfig:
 664              	.LFB155:
 309:../../../firmware/n32h7xx_std_periph_driver/src/n32h7xx_lcdc.c **** 
 310:../../../firmware/n32h7xx_std_periph_driver/src/n32h7xx_lcdc.c **** /**
 311:../../../firmware/n32h7xx_std_periph_driver/src/n32h7xx_lcdc.c **** *\*\name    LCDC_ReloadConfig
 312:../../../firmware/n32h7xx_std_periph_driver/src/n32h7xx_lcdc.c **** *\*\fun     Reload registers with new parameters.
 313:../../../firmware/n32h7xx_std_periph_driver/src/n32h7xx_lcdc.c **** *\*\param   LCDC_Reload
 314:../../../firmware/n32h7xx_std_periph_driver/src/n32h7xx_lcdc.c **** *\*\          - LCDC_IMRELOAD
 315:../../../firmware/n32h7xx_std_periph_driver/src/n32h7xx_lcdc.c **** *\*\          - LCDC_VBRELOAD
 316:../../../firmware/n32h7xx_std_periph_driver/src/n32h7xx_lcdc.c **** *\*\return  none
 317:../../../firmware/n32h7xx_std_periph_driver/src/n32h7xx_lcdc.c **** **/
 318:../../../firmware/n32h7xx_std_periph_driver/src/n32h7xx_lcdc.c **** void LCDC_ReloadConfig(uint32_t LCDC_Reload)
ARM GAS  /tmp/cc9q7jXo.s 			page 18


 319:../../../firmware/n32h7xx_std_periph_driver/src/n32h7xx_lcdc.c **** {
 665              		.loc 1 319 1
 666              		.cfi_startproc
 667              		@ args = 0, pretend = 0, frame = 8
 668              		@ frame_needed = 1, uses_anonymous_args = 0
 669              		@ link register save eliminated.
 670 0000 80B4     		push	{r7}
 671              	.LCFI44:
 672              		.cfi_def_cfa_offset 4
 673              		.cfi_offset 7, -4
 674 0002 83B0     		sub	sp, sp, #12
 675              	.LCFI45:
 676              		.cfi_def_cfa_offset 16
 677 0004 00AF     		add	r7, sp, #0
 678              	.LCFI46:
 679              		.cfi_def_cfa_register 7
 680 0006 7860     		str	r0, [r7, #4]
 320:../../../firmware/n32h7xx_std_periph_driver/src/n32h7xx_lcdc.c ****     /* Sets the Reload type */
 321:../../../firmware/n32h7xx_std_periph_driver/src/n32h7xx_lcdc.c ****     LCDC->SRCTRL = (uint32_t)LCDC_Reload;
 681              		.loc 1 321 9
 682 0008 034A     		ldr	r2, .L27
 683              		.loc 1 321 18
 684 000a 7B68     		ldr	r3, [r7, #4]
 685 000c 5362     		str	r3, [r2, #36]
 322:../../../firmware/n32h7xx_std_periph_driver/src/n32h7xx_lcdc.c **** }
 686              		.loc 1 322 1
 687 000e 00BF     		nop
 688 0010 0C37     		adds	r7, r7, #12
 689              	.LCFI47:
 690              		.cfi_def_cfa_offset 4
 691 0012 BD46     		mov	sp, r7
 692              	.LCFI48:
 693              		.cfi_def_cfa_register 13
 694              		@ sp needed
 695 0014 80BC     		pop	{r7}
 696              	.LCFI49:
 697              		.cfi_restore 7
 698              		.cfi_def_cfa_offset 0
 699 0016 7047     		bx	lr
 700              	.L28:
 701              		.align	2
 702              	.L27:
 703 0018 00A00450 		.word	1342480384
 704              		.cfi_endproc
 705              	.LFE155:
 707              		.section	.text.LCDC_LayerReloadConfig,"ax",%progbits
 708              		.align	1
 709              		.global	LCDC_LayerReloadConfig
 710              		.syntax unified
 711              		.thumb
 712              		.thumb_func
 714              	LCDC_LayerReloadConfig:
 715              	.LFB156:
 323:../../../firmware/n32h7xx_std_periph_driver/src/n32h7xx_lcdc.c **** 
 324:../../../firmware/n32h7xx_std_periph_driver/src/n32h7xx_lcdc.c **** /**
 325:../../../firmware/n32h7xx_std_periph_driver/src/n32h7xx_lcdc.c **** *\*\name    LCDC_LayerReloadConfig
 326:../../../firmware/n32h7xx_std_periph_driver/src/n32h7xx_lcdc.c **** *\*\fun     Reload layers registers with new parameters.
ARM GAS  /tmp/cc9q7jXo.s 			page 19


 327:../../../firmware/n32h7xx_std_periph_driver/src/n32h7xx_lcdc.c **** *\*\param   LCDC_Reload
 328:../../../firmware/n32h7xx_std_periph_driver/src/n32h7xx_lcdc.c **** *\*\          - LCDC_LAYER_IMRELOAD
 329:../../../firmware/n32h7xx_std_periph_driver/src/n32h7xx_lcdc.c **** *\*\          - LCDC_LAYER_VBRELOAD
 330:../../../firmware/n32h7xx_std_periph_driver/src/n32h7xx_lcdc.c **** *\*\          - LCDC_LAYER_MGRELOAD
 331:../../../firmware/n32h7xx_std_periph_driver/src/n32h7xx_lcdc.c **** *\*\return  none
 332:../../../firmware/n32h7xx_std_periph_driver/src/n32h7xx_lcdc.c **** **/
 333:../../../firmware/n32h7xx_std_periph_driver/src/n32h7xx_lcdc.c **** void LCDC_LayerReloadConfig(LCDC_Layer_Module* LCDC_Layerx, uint32_t LCDC_LayerReload)
 334:../../../firmware/n32h7xx_std_periph_driver/src/n32h7xx_lcdc.c **** {
 716              		.loc 1 334 1
 717              		.cfi_startproc
 718              		@ args = 0, pretend = 0, frame = 8
 719              		@ frame_needed = 1, uses_anonymous_args = 0
 720              		@ link register save eliminated.
 721 0000 80B4     		push	{r7}
 722              	.LCFI50:
 723              		.cfi_def_cfa_offset 4
 724              		.cfi_offset 7, -4
 725 0002 83B0     		sub	sp, sp, #12
 726              	.LCFI51:
 727              		.cfi_def_cfa_offset 16
 728 0004 00AF     		add	r7, sp, #0
 729              	.LCFI52:
 730              		.cfi_def_cfa_register 7
 731 0006 7860     		str	r0, [r7, #4]
 732 0008 3960     		str	r1, [r7]
 335:../../../firmware/n32h7xx_std_periph_driver/src/n32h7xx_lcdc.c ****     /* Sets the reload type */
 336:../../../firmware/n32h7xx_std_periph_driver/src/n32h7xx_lcdc.c ****     LCDC_Layerx->LSRCTRL = (uint32_t)LCDC_LayerReload;
 733              		.loc 1 336 26
 734 000a 7B68     		ldr	r3, [r7, #4]
 735 000c 3A68     		ldr	r2, [r7]
 736 000e 9A60     		str	r2, [r3, #8]
 337:../../../firmware/n32h7xx_std_periph_driver/src/n32h7xx_lcdc.c **** }
 737              		.loc 1 337 1
 738 0010 00BF     		nop
 739 0012 0C37     		adds	r7, r7, #12
 740              	.LCFI53:
 741              		.cfi_def_cfa_offset 4
 742 0014 BD46     		mov	sp, r7
 743              	.LCFI54:
 744              		.cfi_def_cfa_register 13
 745              		@ sp needed
 746 0016 80BC     		pop	{r7}
 747              	.LCFI55:
 748              		.cfi_restore 7
 749              		.cfi_def_cfa_offset 0
 750 0018 7047     		bx	lr
 751              		.cfi_endproc
 752              	.LFE156:
 754              		.section	.text.LCDC_LayerInit,"ax",%progbits
 755              		.align	1
 756              		.global	LCDC_LayerInit
 757              		.syntax unified
 758              		.thumb
 759              		.thumb_func
 761              	LCDC_LayerInit:
 762              	.LFB157:
 338:../../../firmware/n32h7xx_std_periph_driver/src/n32h7xx_lcdc.c **** 
ARM GAS  /tmp/cc9q7jXo.s 			page 20


 339:../../../firmware/n32h7xx_std_periph_driver/src/n32h7xx_lcdc.c **** /**
 340:../../../firmware/n32h7xx_std_periph_driver/src/n32h7xx_lcdc.c **** *\*\name    LCDC_LayerInit
 341:../../../firmware/n32h7xx_std_periph_driver/src/n32h7xx_lcdc.c **** *\*\fun     Initializes the LCDC Layer according to the specified parameters in the LCDC_Layer_Init
 342:../../../firmware/n32h7xx_std_periph_driver/src/n32h7xx_lcdc.c **** *\*\param   LCDC_Layerx: refer to the definition of LCDC_Layer_Module
 343:../../../firmware/n32h7xx_std_periph_driver/src/n32h7xx_lcdc.c **** *\*\          - LCDC_Layer1
 344:../../../firmware/n32h7xx_std_periph_driver/src/n32h7xx_lcdc.c **** *\*\          - LCDC_Layer2
 345:../../../firmware/n32h7xx_std_periph_driver/src/n32h7xx_lcdc.c **** *\*\          - LCDC_Layer3
 346:../../../firmware/n32h7xx_std_periph_driver/src/n32h7xx_lcdc.c **** *\*\          - LCDC_Layer4
 347:../../../firmware/n32h7xx_std_periph_driver/src/n32h7xx_lcdc.c **** *\*\param   LCDC_Layer_InitStruct: refer to the definition of LCDC_Layer_InitType
 348:../../../firmware/n32h7xx_std_periph_driver/src/n32h7xx_lcdc.c **** *\*\          - LCDC_HorizontalStart
 349:../../../firmware/n32h7xx_std_periph_driver/src/n32h7xx_lcdc.c **** *\*\            * 0x0000 ~ 0xFFFF
 350:../../../firmware/n32h7xx_std_periph_driver/src/n32h7xx_lcdc.c **** *\*\          - LCDC_HorizontalStop
 351:../../../firmware/n32h7xx_std_periph_driver/src/n32h7xx_lcdc.c **** *\*\            * 0x0000 ~ 0xFFFF
 352:../../../firmware/n32h7xx_std_periph_driver/src/n32h7xx_lcdc.c **** *\*\          - LCDC_HorizontalScalerStop
 353:../../../firmware/n32h7xx_std_periph_driver/src/n32h7xx_lcdc.c **** *\*\            * 0x0000 ~ 0xFFFF
 354:../../../firmware/n32h7xx_std_periph_driver/src/n32h7xx_lcdc.c **** *\*\          - LCDC_VerticalStart
 355:../../../firmware/n32h7xx_std_periph_driver/src/n32h7xx_lcdc.c **** *\*\            * 0x0000 ~ 0xFFFF
 356:../../../firmware/n32h7xx_std_periph_driver/src/n32h7xx_lcdc.c **** *\*\          - LCDC_VerticalStop
 357:../../../firmware/n32h7xx_std_periph_driver/src/n32h7xx_lcdc.c **** *\*\            * 0x0000 ~ 0xFFFF
 358:../../../firmware/n32h7xx_std_periph_driver/src/n32h7xx_lcdc.c **** *\*\          - LCDC_VerticalScalerStop
 359:../../../firmware/n32h7xx_std_periph_driver/src/n32h7xx_lcdc.c **** *\*\            * 0x0000 ~ 0xFFFF
 360:../../../firmware/n32h7xx_std_periph_driver/src/n32h7xx_lcdc.c **** *\*\          - LCDC_PixelFormat
 361:../../../firmware/n32h7xx_std_periph_driver/src/n32h7xx_lcdc.c **** *\*\            * LCDC_PIXEL_FORMAT_ARGB8888
 362:../../../firmware/n32h7xx_std_periph_driver/src/n32h7xx_lcdc.c **** *\*\            * LCDC_PIXEL_FORMAT_ABGR8888
 363:../../../firmware/n32h7xx_std_periph_driver/src/n32h7xx_lcdc.c **** *\*\            * LCDC_PIXEL_FORMAT_RGBA8888
 364:../../../firmware/n32h7xx_std_periph_driver/src/n32h7xx_lcdc.c **** *\*\            * LCDC_PIXEL_FORMAT_BGRA8888
 365:../../../firmware/n32h7xx_std_periph_driver/src/n32h7xx_lcdc.c **** *\*\            * LCDC_PIXEL_FORMAT_RGB565
 366:../../../firmware/n32h7xx_std_periph_driver/src/n32h7xx_lcdc.c **** *\*\            * LCDC_PIXEL_FORMAT_BGR565
 367:../../../firmware/n32h7xx_std_periph_driver/src/n32h7xx_lcdc.c **** *\*\            * LCDC_PIXEL_FORMAT_RGB888
 368:../../../firmware/n32h7xx_std_periph_driver/src/n32h7xx_lcdc.c **** *\*\            * LCDC_PIXEL_FORMAT_YUV422I
 369:../../../firmware/n32h7xx_std_periph_driver/src/n32h7xx_lcdc.c **** *\*\            * LCDC_PIXEL_FORMAT_YUV420S
 370:../../../firmware/n32h7xx_std_periph_driver/src/n32h7xx_lcdc.c **** *\*\            * LCDC_PIXEL_FORMAT_YUV420P
 371:../../../firmware/n32h7xx_std_periph_driver/src/n32h7xx_lcdc.c **** *\*\            * LCDC_PIXEL_FORMAT_YUV444
 372:../../../firmware/n32h7xx_std_periph_driver/src/n32h7xx_lcdc.c **** *\*\            * LCDC_PIXEL_FORMAT_L8
 373:../../../firmware/n32h7xx_std_periph_driver/src/n32h7xx_lcdc.c **** *\*\            * LCDC_PIXEL_FORMAT_AL44
 374:../../../firmware/n32h7xx_std_periph_driver/src/n32h7xx_lcdc.c **** *\*\            * LCDC_PIXEL_FORMAT_AL88
 375:../../../firmware/n32h7xx_std_periph_driver/src/n32h7xx_lcdc.c **** *\*\            * LCDC_PIXEL_FORMAT_CUSTOM
 376:../../../firmware/n32h7xx_std_periph_driver/src/n32h7xx_lcdc.c **** *\*\          - LCDC_ConstantAlpha
 377:../../../firmware/n32h7xx_std_periph_driver/src/n32h7xx_lcdc.c **** *\*\            * 0x00 ~ 0xFF
 378:../../../firmware/n32h7xx_std_periph_driver/src/n32h7xx_lcdc.c **** *\*\          - LCDC_DefaultAlpha
 379:../../../firmware/n32h7xx_std_periph_driver/src/n32h7xx_lcdc.c **** *\*\            * 0x00 ~ 0xFF
 380:../../../firmware/n32h7xx_std_periph_driver/src/n32h7xx_lcdc.c **** *\*\          - LCDC_BlendingFactor1
 381:../../../firmware/n32h7xx_std_periph_driver/src/n32h7xx_lcdc.c **** *\*\            * LCDC_BLENDING_FACTOR1_CA
 382:../../../firmware/n32h7xx_std_periph_driver/src/n32h7xx_lcdc.c **** *\*\            * LCDC_BLENDING_FACTOR1_PAxCA
 383:../../../firmware/n32h7xx_std_periph_driver/src/n32h7xx_lcdc.c **** *\*\          - LCDC_BlendingFactor2
 384:../../../firmware/n32h7xx_std_periph_driver/src/n32h7xx_lcdc.c **** *\*\            * LCDC_BLENDING_FACTOR2_CA
 385:../../../firmware/n32h7xx_std_periph_driver/src/n32h7xx_lcdc.c **** *\*\            * LCDC_BLENDING_FACTOR2_PAxCA
 386:../../../firmware/n32h7xx_std_periph_driver/src/n32h7xx_lcdc.c **** *\*\          - LCDC_CFBStartAdress
 387:../../../firmware/n32h7xx_std_periph_driver/src/n32h7xx_lcdc.c **** *\*\            * 0x00000000 ~ 0xFFFFFFFF
 388:../../../firmware/n32h7xx_std_periph_driver/src/n32h7xx_lcdc.c **** *\*\          - LCDC_AFB0StartAdress
 389:../../../firmware/n32h7xx_std_periph_driver/src/n32h7xx_lcdc.c **** *\*\            * 0x00000000 ~ 0xFFFFFFFF
 390:../../../firmware/n32h7xx_std_periph_driver/src/n32h7xx_lcdc.c **** *\*\          - LCDC_AFB1StartAdress
 391:../../../firmware/n32h7xx_std_periph_driver/src/n32h7xx_lcdc.c **** *\*\            * 0x00000000 ~ 0xFFFFFFFF
 392:../../../firmware/n32h7xx_std_periph_driver/src/n32h7xx_lcdc.c **** *\*\          - LCDC_CFBLineLength
 393:../../../firmware/n32h7xx_std_periph_driver/src/n32h7xx_lcdc.c **** *\*\            * 0x0000 ~ 0xFFFF
 394:../../../firmware/n32h7xx_std_periph_driver/src/n32h7xx_lcdc.c **** *\*\          - LCDC_CFBPitch
 395:../../../firmware/n32h7xx_std_periph_driver/src/n32h7xx_lcdc.c **** *\*\            * 0x0000 ~ 0xFFFF
ARM GAS  /tmp/cc9q7jXo.s 			page 21


 396:../../../firmware/n32h7xx_std_periph_driver/src/n32h7xx_lcdc.c **** *\*\          - LCDC_CFBLineNumber
 397:../../../firmware/n32h7xx_std_periph_driver/src/n32h7xx_lcdc.c **** *\*\            * 0x0000 ~ 0xFFFF
 398:../../../firmware/n32h7xx_std_periph_driver/src/n32h7xx_lcdc.c **** *\*\          - LCDC_DefaultColorBlue
 399:../../../firmware/n32h7xx_std_periph_driver/src/n32h7xx_lcdc.c **** *\*\            * 0x00 ~ 0xFF
 400:../../../firmware/n32h7xx_std_periph_driver/src/n32h7xx_lcdc.c **** *\*\          - LCDC_DefaultColorGreen
 401:../../../firmware/n32h7xx_std_periph_driver/src/n32h7xx_lcdc.c **** *\*\            * 0x00 ~ 0xFF
 402:../../../firmware/n32h7xx_std_periph_driver/src/n32h7xx_lcdc.c **** *\*\          - LCDC_DefaultColorRed
 403:../../../firmware/n32h7xx_std_periph_driver/src/n32h7xx_lcdc.c **** *\*\            * 0x00 ~ 0xFF
 404:../../../firmware/n32h7xx_std_periph_driver/src/n32h7xx_lcdc.c **** *\*\return  none
 405:../../../firmware/n32h7xx_std_periph_driver/src/n32h7xx_lcdc.c **** **/
 406:../../../firmware/n32h7xx_std_periph_driver/src/n32h7xx_lcdc.c **** void LCDC_LayerInit(LCDC_Layer_Module* LCDC_Layerx, LCDC_Layer_InitType* LCDC_Layer_InitStruct)
 407:../../../firmware/n32h7xx_std_periph_driver/src/n32h7xx_lcdc.c **** {
 763              		.loc 1 407 1
 764              		.cfi_startproc
 765              		@ args = 0, pretend = 0, frame = 48
 766              		@ frame_needed = 1, uses_anonymous_args = 0
 767              		@ link register save eliminated.
 768 0000 80B4     		push	{r7}
 769              	.LCFI56:
 770              		.cfi_def_cfa_offset 4
 771              		.cfi_offset 7, -4
 772 0002 8DB0     		sub	sp, sp, #52
 773              	.LCFI57:
 774              		.cfi_def_cfa_offset 56
 775 0004 00AF     		add	r7, sp, #0
 776              	.LCFI58:
 777              		.cfi_def_cfa_register 7
 778 0006 7860     		str	r0, [r7, #4]
 779 0008 3960     		str	r1, [r7]
 408:../../../firmware/n32h7xx_std_periph_driver/src/n32h7xx_lcdc.c ****     uint32_t tmpwhpctrl;
 409:../../../firmware/n32h7xx_std_periph_driver/src/n32h7xx_lcdc.c ****     uint32_t tmpwvpctrl;
 410:../../../firmware/n32h7xx_std_periph_driver/src/n32h7xx_lcdc.c ****     uint32_t tmppfctrl;
 411:../../../firmware/n32h7xx_std_periph_driver/src/n32h7xx_lcdc.c ****     uint32_t tmpdcctrl;
 412:../../../firmware/n32h7xx_std_periph_driver/src/n32h7xx_lcdc.c ****     uint32_t tmpcactrl;
 413:../../../firmware/n32h7xx_std_periph_driver/src/n32h7xx_lcdc.c ****     uint32_t tmpbfctrl;
 414:../../../firmware/n32h7xx_std_periph_driver/src/n32h7xx_lcdc.c ****     uint32_t tmpcfbaddr;
 415:../../../firmware/n32h7xx_std_periph_driver/src/n32h7xx_lcdc.c ****     uint32_t tmpcfblen;
 416:../../../firmware/n32h7xx_std_periph_driver/src/n32h7xx_lcdc.c ****     uint32_t tmpcfblnum;
 417:../../../firmware/n32h7xx_std_periph_driver/src/n32h7xx_lcdc.c ****     uint32_t tmpafbctrl;
 418:../../../firmware/n32h7xx_std_periph_driver/src/n32h7xx_lcdc.c ****     /* Configures the horizontal start and stop position */
 419:../../../firmware/n32h7xx_std_periph_driver/src/n32h7xx_lcdc.c ****     /* Get the LCDC_WHPCTRL register value */
 420:../../../firmware/n32h7xx_std_periph_driver/src/n32h7xx_lcdc.c ****     tmpwhpctrl = LCDC_Layerx->WHPCTRL;
 780              		.loc 1 420 16
 781 000a 7B68     		ldr	r3, [r7, #4]
 782 000c 1B69     		ldr	r3, [r3, #16]
 783 000e FB62     		str	r3, [r7, #44]
 421:../../../firmware/n32h7xx_std_periph_driver/src/n32h7xx_lcdc.c ****     /* Clear WHSTPOS/WHSPPOS bits */
 422:../../../firmware/n32h7xx_std_periph_driver/src/n32h7xx_lcdc.c ****     tmpwhpctrl &= ~(LCDC_WHPCTRL_WHSTPOS | LCDC_WHPCTRL_WHSPPOS);
 784              		.loc 1 422 16
 785 0010 0023     		movs	r3, #0
 786 0012 FB62     		str	r3, [r7, #44]
 423:../../../firmware/n32h7xx_std_periph_driver/src/n32h7xx_lcdc.c ****     /* Set WHSTPOS/WHSPPOS bits */
 424:../../../firmware/n32h7xx_std_periph_driver/src/n32h7xx_lcdc.c ****     tmpwhpctrl |= (uint32_t)((LCDC_Layer_InitStruct->LCDC_HorizontalStop << 16) | (LCDC_Layer_InitS
 787              		.loc 1 424 52
 788 0014 3B68     		ldr	r3, [r7]
 789 0016 5B68     		ldr	r3, [r3, #4]
 790              		.loc 1 424 74
ARM GAS  /tmp/cc9q7jXo.s 			page 22


 791 0018 1A04     		lsls	r2, r3, #16
 792              		.loc 1 424 105
 793 001a 3B68     		ldr	r3, [r7]
 794 001c 1B68     		ldr	r3, [r3]
 795              		.loc 1 424 81
 796 001e 1343     		orrs	r3, r3, r2
 797              		.loc 1 424 16
 798 0020 FA6A     		ldr	r2, [r7, #44]
 799 0022 1343     		orrs	r3, r3, r2
 800 0024 FB62     		str	r3, [r7, #44]
 425:../../../firmware/n32h7xx_std_periph_driver/src/n32h7xx_lcdc.c ****     /* Write to LCDC_WHPCTRL */
 426:../../../firmware/n32h7xx_std_periph_driver/src/n32h7xx_lcdc.c ****     LCDC_Layerx->WHPCTRL = (uint32_t)tmpwhpctrl;
 801              		.loc 1 426 26
 802 0026 7B68     		ldr	r3, [r7, #4]
 803 0028 FA6A     		ldr	r2, [r7, #44]
 804 002a 1A61     		str	r2, [r3, #16]
 427:../../../firmware/n32h7xx_std_periph_driver/src/n32h7xx_lcdc.c **** 
 428:../../../firmware/n32h7xx_std_periph_driver/src/n32h7xx_lcdc.c ****     /* Configures the vertical start and stop position */
 429:../../../firmware/n32h7xx_std_periph_driver/src/n32h7xx_lcdc.c ****     /* Get the LCDC_WVPCTRL register value */
 430:../../../firmware/n32h7xx_std_periph_driver/src/n32h7xx_lcdc.c ****     tmpwvpctrl = LCDC_Layerx->WVPCTRL;
 805              		.loc 1 430 16
 806 002c 7B68     		ldr	r3, [r7, #4]
 807 002e 5B69     		ldr	r3, [r3, #20]
 808 0030 BB62     		str	r3, [r7, #40]
 431:../../../firmware/n32h7xx_std_periph_driver/src/n32h7xx_lcdc.c ****     /* Clear WVSTPOS/WVSPPOS bits */
 432:../../../firmware/n32h7xx_std_periph_driver/src/n32h7xx_lcdc.c ****     tmpwvpctrl &= ~(LCDC_WVPCTRL_WVSTPOS | LCDC_WVPCTRL_WVSPPOS);
 809              		.loc 1 432 16
 810 0032 0023     		movs	r3, #0
 811 0034 BB62     		str	r3, [r7, #40]
 433:../../../firmware/n32h7xx_std_periph_driver/src/n32h7xx_lcdc.c ****     /* Set WVSTPOS/WVSPPOS bits */
 434:../../../firmware/n32h7xx_std_periph_driver/src/n32h7xx_lcdc.c ****     tmpwvpctrl |= (uint32_t)((LCDC_Layer_InitStruct->LCDC_VerticalStop << 16) | (LCDC_Layer_InitStr
 812              		.loc 1 434 52
 813 0036 3B68     		ldr	r3, [r7]
 814 0038 1B69     		ldr	r3, [r3, #16]
 815              		.loc 1 434 72
 816 003a 1A04     		lsls	r2, r3, #16
 817              		.loc 1 434 103
 818 003c 3B68     		ldr	r3, [r7]
 819 003e DB68     		ldr	r3, [r3, #12]
 820              		.loc 1 434 79
 821 0040 1343     		orrs	r3, r3, r2
 822              		.loc 1 434 16
 823 0042 BA6A     		ldr	r2, [r7, #40]
 824 0044 1343     		orrs	r3, r3, r2
 825 0046 BB62     		str	r3, [r7, #40]
 435:../../../firmware/n32h7xx_std_periph_driver/src/n32h7xx_lcdc.c ****     /* Write to LCDC_WVPCTRL */
 436:../../../firmware/n32h7xx_std_periph_driver/src/n32h7xx_lcdc.c ****     LCDC_Layerx->WVPCTRL = (uint32_t)tmpwvpctrl;
 826              		.loc 1 436 26
 827 0048 7B68     		ldr	r3, [r7, #4]
 828 004a BA6A     		ldr	r2, [r7, #40]
 829 004c 5A61     		str	r2, [r3, #20]
 437:../../../firmware/n32h7xx_std_periph_driver/src/n32h7xx_lcdc.c **** 
 438:../../../firmware/n32h7xx_std_periph_driver/src/n32h7xx_lcdc.c ****     /* Specifies the pixel format */
 439:../../../firmware/n32h7xx_std_periph_driver/src/n32h7xx_lcdc.c ****     if(IS_RGB_PIXEL(LCDC_Layer_InitStruct->LCDC_PixelFormat))
 830              		.loc 1 439 8
 831 004e 3B68     		ldr	r3, [r7]
 832 0050 9B69     		ldr	r3, [r3, #24]
ARM GAS  /tmp/cc9q7jXo.s 			page 23


 833              		.loc 1 439 7
 834 0052 002B     		cmp	r3, #0
 835 0054 17D0     		beq	.L31
 836              		.loc 1 439 8 discriminator 1
 837 0056 3B68     		ldr	r3, [r7]
 838 0058 9B69     		ldr	r3, [r3, #24]
 839 005a 012B     		cmp	r3, #1
 840 005c 13D0     		beq	.L31
 841              		.loc 1 439 8 is_stmt 0 discriminator 2
 842 005e 3B68     		ldr	r3, [r7]
 843 0060 9B69     		ldr	r3, [r3, #24]
 844 0062 022B     		cmp	r3, #2
 845 0064 0FD0     		beq	.L31
 846              		.loc 1 439 8 discriminator 3
 847 0066 3B68     		ldr	r3, [r7]
 848 0068 9B69     		ldr	r3, [r3, #24]
 849 006a 032B     		cmp	r3, #3
 850 006c 0BD0     		beq	.L31
 851              		.loc 1 439 8 discriminator 4
 852 006e 3B68     		ldr	r3, [r7]
 853 0070 9B69     		ldr	r3, [r3, #24]
 854 0072 042B     		cmp	r3, #4
 855 0074 07D0     		beq	.L31
 856              		.loc 1 439 8 discriminator 5
 857 0076 3B68     		ldr	r3, [r7]
 858 0078 9B69     		ldr	r3, [r3, #24]
 859 007a 052B     		cmp	r3, #5
 860 007c 03D0     		beq	.L31
 861              		.loc 1 439 8 discriminator 6
 862 007e 3B68     		ldr	r3, [r7]
 863 0080 9B69     		ldr	r3, [r3, #24]
 864 0082 062B     		cmp	r3, #6
 865 0084 0FD1     		bne	.L32
 866              	.L31:
 440:../../../firmware/n32h7xx_std_periph_driver/src/n32h7xx_lcdc.c ****     {
 441:../../../firmware/n32h7xx_std_periph_driver/src/n32h7xx_lcdc.c ****         /* Get the LCDC_PFCTRL register value */
 442:../../../firmware/n32h7xx_std_periph_driver/src/n32h7xx_lcdc.c ****         tmppfctrl = LCDC_Layerx->PFCTRL;
 867              		.loc 1 442 19 is_stmt 1
 868 0086 7B68     		ldr	r3, [r7, #4]
 869 0088 DB69     		ldr	r3, [r3, #28]
 870 008a 7B62     		str	r3, [r7, #36]
 443:../../../firmware/n32h7xx_std_periph_driver/src/n32h7xx_lcdc.c ****         /* Clear PF bits */
 444:../../../firmware/n32h7xx_std_periph_driver/src/n32h7xx_lcdc.c ****         tmppfctrl &= ~LCDC_PFCTRL_PF;
 871              		.loc 1 444 19
 872 008c 7B6A     		ldr	r3, [r7, #36]
 873 008e 23F00703 		bic	r3, r3, #7
 874 0092 7B62     		str	r3, [r7, #36]
 445:../../../firmware/n32h7xx_std_periph_driver/src/n32h7xx_lcdc.c ****         /* Set PF bits */
 446:../../../firmware/n32h7xx_std_periph_driver/src/n32h7xx_lcdc.c ****         tmppfctrl |= LCDC_Layer_InitStruct->LCDC_PixelFormat;
 875              		.loc 1 446 43
 876 0094 3B68     		ldr	r3, [r7]
 877 0096 9B69     		ldr	r3, [r3, #24]
 878              		.loc 1 446 19
 879 0098 7A6A     		ldr	r2, [r7, #36]
 880 009a 1343     		orrs	r3, r3, r2
 881 009c 7B62     		str	r3, [r7, #36]
 447:../../../firmware/n32h7xx_std_periph_driver/src/n32h7xx_lcdc.c ****         /* Write to LCDC_PFCTRL */
ARM GAS  /tmp/cc9q7jXo.s 			page 24


 448:../../../firmware/n32h7xx_std_periph_driver/src/n32h7xx_lcdc.c ****         LCDC_Layerx->PFCTRL = (uint32_t)tmppfctrl;
 882              		.loc 1 448 29
 883 009e 7B68     		ldr	r3, [r7, #4]
 884 00a0 7A6A     		ldr	r2, [r7, #36]
 885 00a2 DA61     		str	r2, [r3, #28]
 886 00a4 A4E0     		b	.L33
 887              	.L32:
 449:../../../firmware/n32h7xx_std_periph_driver/src/n32h7xx_lcdc.c ****     }
 450:../../../firmware/n32h7xx_std_periph_driver/src/n32h7xx_lcdc.c ****     else if(IS_CUSTOM_PIXEL(LCDC_Layer_InitStruct->LCDC_PixelFormat))
 888              		.loc 1 450 13
 889 00a6 3B68     		ldr	r3, [r7]
 890 00a8 9B69     		ldr	r3, [r3, #24]
 891              		.loc 1 450 12
 892 00aa B3F5805F 		cmp	r3, #4096
 893 00ae 0DD0     		beq	.L34
 894              		.loc 1 450 13 discriminator 1
 895 00b0 3B68     		ldr	r3, [r7]
 896 00b2 9B69     		ldr	r3, [r3, #24]
 897 00b4 B3F5005F 		cmp	r3, #8192
 898 00b8 08D0     		beq	.L34
 899              		.loc 1 450 13 is_stmt 0 discriminator 2
 900 00ba 3B68     		ldr	r3, [r7]
 901 00bc 9B69     		ldr	r3, [r3, #24]
 902 00be B3F5804F 		cmp	r3, #16384
 903 00c2 03D0     		beq	.L34
 904              		.loc 1 450 13 discriminator 3
 905 00c4 3B68     		ldr	r3, [r7]
 906 00c6 9B69     		ldr	r3, [r3, #24]
 907 00c8 072B     		cmp	r3, #7
 908 00ca 1AD1     		bne	.L35
 909              	.L34:
 451:../../../firmware/n32h7xx_std_periph_driver/src/n32h7xx_lcdc.c ****     {
 452:../../../firmware/n32h7xx_std_periph_driver/src/n32h7xx_lcdc.c ****         /* Get the LCDC_PFCTRL register value */
 453:../../../firmware/n32h7xx_std_periph_driver/src/n32h7xx_lcdc.c ****         tmppfctrl = LCDC_Layerx->PFCTRL;
 910              		.loc 1 453 19 is_stmt 1
 911 00cc 7B68     		ldr	r3, [r7, #4]
 912 00ce DB69     		ldr	r3, [r3, #28]
 913 00d0 7B62     		str	r3, [r7, #36]
 454:../../../firmware/n32h7xx_std_periph_driver/src/n32h7xx_lcdc.c ****         /* Clear PF bits */
 455:../../../firmware/n32h7xx_std_periph_driver/src/n32h7xx_lcdc.c ****         tmppfctrl &= ~LCDC_PFCTRL_PF;
 914              		.loc 1 455 19
 915 00d2 7B6A     		ldr	r3, [r7, #36]
 916 00d4 23F00703 		bic	r3, r3, #7
 917 00d8 7B62     		str	r3, [r7, #36]
 456:../../../firmware/n32h7xx_std_periph_driver/src/n32h7xx_lcdc.c ****         /* Set PF bits */
 457:../../../firmware/n32h7xx_std_periph_driver/src/n32h7xx_lcdc.c ****         tmppfctrl |= LCDC_PIXEL_FORMAT_CUSTOM;
 918              		.loc 1 457 19
 919 00da 7B6A     		ldr	r3, [r7, #36]
 920 00dc 43F00703 		orr	r3, r3, #7
 921 00e0 7B62     		str	r3, [r7, #36]
 458:../../../firmware/n32h7xx_std_periph_driver/src/n32h7xx_lcdc.c ****         /* Write to LCDC_PFCTRL */
 459:../../../firmware/n32h7xx_std_periph_driver/src/n32h7xx_lcdc.c ****         LCDC_Layerx->PFCTRL = (uint32_t)tmppfctrl;
 922              		.loc 1 459 29
 923 00e2 7B68     		ldr	r3, [r7, #4]
 924 00e4 7A6A     		ldr	r2, [r7, #36]
 925 00e6 DA61     		str	r2, [r3, #28]
 460:../../../firmware/n32h7xx_std_periph_driver/src/n32h7xx_lcdc.c ****         
ARM GAS  /tmp/cc9q7jXo.s 			page 25


 461:../../../firmware/n32h7xx_std_periph_driver/src/n32h7xx_lcdc.c ****         if(LCDC_Layer_InitStruct->LCDC_PixelFormat == LCDC_PIXEL_FORMAT_L8)
 926              		.loc 1 461 33
 927 00e8 3B68     		ldr	r3, [r7]
 928 00ea 9B69     		ldr	r3, [r3, #24]
 929              		.loc 1 461 11
 930 00ec B3F5805F 		cmp	r3, #4096
 931 00f0 7ED1     		bne	.L33
 462:../../../firmware/n32h7xx_std_periph_driver/src/n32h7xx_lcdc.c ****         {
 463:../../../firmware/n32h7xx_std_periph_driver/src/n32h7xx_lcdc.c ****             /* */
 464:../../../firmware/n32h7xx_std_periph_driver/src/n32h7xx_lcdc.c ****             LCDC_Layerx->FCF1 = 0x00020000;
 932              		.loc 1 464 31
 933 00f2 7B68     		ldr	r3, [r7, #4]
 934 00f4 4FF40032 		mov	r2, #131072
 935 00f8 5A67     		str	r2, [r3, #116]
 465:../../../firmware/n32h7xx_std_periph_driver/src/n32h7xx_lcdc.c ****             LCDC_Layerx->FCF2 = 0x00060100;
 936              		.loc 1 465 31
 937 00fa 7B68     		ldr	r3, [r7, #4]
 938 00fc 724A     		ldr	r2, .L42
 939 00fe 9A67     		str	r2, [r3, #120]
 461:../../../firmware/n32h7xx_std_periph_driver/src/n32h7xx_lcdc.c ****         {
 940              		.loc 1 461 11
 941 0100 76E0     		b	.L33
 942              	.L35:
 466:../../../firmware/n32h7xx_std_periph_driver/src/n32h7xx_lcdc.c ****         }
 467:../../../firmware/n32h7xx_std_periph_driver/src/n32h7xx_lcdc.c ****         else
 468:../../../firmware/n32h7xx_std_periph_driver/src/n32h7xx_lcdc.c ****         {
 469:../../../firmware/n32h7xx_std_periph_driver/src/n32h7xx_lcdc.c ****             /* No process */
 470:../../../firmware/n32h7xx_std_periph_driver/src/n32h7xx_lcdc.c ****         }
 471:../../../firmware/n32h7xx_std_periph_driver/src/n32h7xx_lcdc.c ****     
 472:../../../firmware/n32h7xx_std_periph_driver/src/n32h7xx_lcdc.c ****     }
 473:../../../firmware/n32h7xx_std_periph_driver/src/n32h7xx_lcdc.c ****     else if(IS_YUV_PIXEL(LCDC_Layer_InitStruct->LCDC_PixelFormat))
 943              		.loc 1 473 13
 944 0102 3B68     		ldr	r3, [r7]
 945 0104 9B69     		ldr	r3, [r3, #24]
 946              		.loc 1 473 12
 947 0106 B3F1004F 		cmp	r3, #-2147483648
 948 010a 0ED0     		beq	.L37
 949              		.loc 1 473 13 discriminator 1
 950 010c 3B68     		ldr	r3, [r7]
 951 010e 9B69     		ldr	r3, [r3, #24]
 952 0110 6E4A     		ldr	r2, .L42+4
 953 0112 9342     		cmp	r3, r2
 954 0114 09D0     		beq	.L37
 955              		.loc 1 473 13 is_stmt 0 discriminator 2
 956 0116 3B68     		ldr	r3, [r7]
 957 0118 9B69     		ldr	r3, [r3, #24]
 958 011a 6D4A     		ldr	r2, .L42+8
 959 011c 9342     		cmp	r3, r2
 960 011e 04D0     		beq	.L37
 961              		.loc 1 473 13 discriminator 3
 962 0120 3B68     		ldr	r3, [r7]
 963 0122 9B69     		ldr	r3, [r3, #24]
 964 0124 6B4A     		ldr	r2, .L42+12
 965 0126 9342     		cmp	r3, r2
 966 0128 62D1     		bne	.L33
 967              	.L37:
 474:../../../firmware/n32h7xx_std_periph_driver/src/n32h7xx_lcdc.c ****     {
ARM GAS  /tmp/cc9q7jXo.s 			page 26


 475:../../../firmware/n32h7xx_std_periph_driver/src/n32h7xx_lcdc.c ****         /* Get the LCDC_PFCTRL register value */
 476:../../../firmware/n32h7xx_std_periph_driver/src/n32h7xx_lcdc.c ****         tmppfctrl = LCDC_Layerx->PFCTRL;
 968              		.loc 1 476 19 is_stmt 1
 969 012a 7B68     		ldr	r3, [r7, #4]
 970 012c DB69     		ldr	r3, [r3, #28]
 971 012e 7B62     		str	r3, [r7, #36]
 477:../../../firmware/n32h7xx_std_periph_driver/src/n32h7xx_lcdc.c ****         /* Clear PF bits */
 478:../../../firmware/n32h7xx_std_periph_driver/src/n32h7xx_lcdc.c ****         tmppfctrl &= ~LCDC_PFCTRL_PF;
 972              		.loc 1 478 19
 973 0130 7B6A     		ldr	r3, [r7, #36]
 974 0132 23F00703 		bic	r3, r3, #7
 975 0136 7B62     		str	r3, [r7, #36]
 479:../../../firmware/n32h7xx_std_periph_driver/src/n32h7xx_lcdc.c ****         /* Set PF bits */
 480:../../../firmware/n32h7xx_std_periph_driver/src/n32h7xx_lcdc.c ****         tmppfctrl |= LCDC_PIXEL_FORMAT_CUSTOM;
 976              		.loc 1 480 19
 977 0138 7B6A     		ldr	r3, [r7, #36]
 978 013a 43F00703 		orr	r3, r3, #7
 979 013e 7B62     		str	r3, [r7, #36]
 481:../../../firmware/n32h7xx_std_periph_driver/src/n32h7xx_lcdc.c ****         /* Write to LCDC_PFCTRL */
 482:../../../firmware/n32h7xx_std_periph_driver/src/n32h7xx_lcdc.c ****         LCDC_Layerx->PFCTRL = (uint32_t)tmppfctrl;
 980              		.loc 1 482 29
 981 0140 7B68     		ldr	r3, [r7, #4]
 982 0142 7A6A     		ldr	r2, [r7, #36]
 983 0144 DA61     		str	r2, [r3, #28]
 483:../../../firmware/n32h7xx_std_periph_driver/src/n32h7xx_lcdc.c ****         
 484:../../../firmware/n32h7xx_std_periph_driver/src/n32h7xx_lcdc.c ****         /* Config YUV component input order */
 485:../../../firmware/n32h7xx_std_periph_driver/src/n32h7xx_lcdc.c ****         if(LCDC_Layer_InitStruct->LCDC_PixelFormat == LCDC_PIXEL_FORMAT_YUV444)
 984              		.loc 1 485 33
 985 0146 3B68     		ldr	r3, [r7]
 986 0148 9B69     		ldr	r3, [r3, #24]
 987              		.loc 1 485 11
 988 014a 624A     		ldr	r2, .L42+12
 989 014c 9342     		cmp	r3, r2
 990 014e 0ED1     		bne	.L38
 486:../../../firmware/n32h7xx_std_periph_driver/src/n32h7xx_lcdc.c ****         {
 487:../../../firmware/n32h7xx_std_periph_driver/src/n32h7xx_lcdc.c ****             tmpafbctrl = LCDC_Layerx->AFBCTRL;
 991              		.loc 1 487 24
 992 0150 7B68     		ldr	r3, [r7, #4]
 993 0152 1B6B     		ldr	r3, [r3, #48]
 994 0154 3B62     		str	r3, [r7, #32]
 488:../../../firmware/n32h7xx_std_periph_driver/src/n32h7xx_lcdc.c ****             tmpafbctrl &= ~(LCDC_AFBCTRL_YUVIMDO | LCDC_AFBCTRL_YUVMD);
 995              		.loc 1 488 24
 996 0156 3B6A     		ldr	r3, [r7, #32]
 997 0158 23F4F873 		bic	r3, r3, #496
 998 015c 3B62     		str	r3, [r7, #32]
 489:../../../firmware/n32h7xx_std_periph_driver/src/n32h7xx_lcdc.c ****             tmpafbctrl |= YUV444_ORDER | (LCDC_PIXEL_FORMAT_YUV444 & (uint32_t)~LCDC_PIXEL_FORMAT_Y
 999              		.loc 1 489 24
 1000 015e 3B6A     		ldr	r3, [r7, #32]
 1001 0160 43F0F003 		orr	r3, r3, #240
 1002 0164 3B62     		str	r3, [r7, #32]
 490:../../../firmware/n32h7xx_std_periph_driver/src/n32h7xx_lcdc.c ****             LCDC_Layerx->AFBCTRL = (uint32_t)tmpafbctrl;
 1003              		.loc 1 490 34
 1004 0166 7B68     		ldr	r3, [r7, #4]
 1005 0168 3A6A     		ldr	r2, [r7, #32]
 1006 016a 1A63     		str	r2, [r3, #48]
 1007 016c 3AE0     		b	.L39
 1008              	.L38:
ARM GAS  /tmp/cc9q7jXo.s 			page 27


 491:../../../firmware/n32h7xx_std_periph_driver/src/n32h7xx_lcdc.c ****         }
 492:../../../firmware/n32h7xx_std_periph_driver/src/n32h7xx_lcdc.c ****         else if(LCDC_Layer_InitStruct->LCDC_PixelFormat == LCDC_PIXEL_FORMAT_YUV422I)
 1009              		.loc 1 492 38
 1010 016e 3B68     		ldr	r3, [r7]
 1011 0170 9B69     		ldr	r3, [r3, #24]
 1012              		.loc 1 492 16
 1013 0172 B3F1004F 		cmp	r3, #-2147483648
 1014 0176 0ED1     		bne	.L40
 493:../../../firmware/n32h7xx_std_periph_driver/src/n32h7xx_lcdc.c ****         {
 494:../../../firmware/n32h7xx_std_periph_driver/src/n32h7xx_lcdc.c ****             tmpafbctrl = LCDC_Layerx->AFBCTRL;
 1015              		.loc 1 494 24
 1016 0178 7B68     		ldr	r3, [r7, #4]
 1017 017a 1B6B     		ldr	r3, [r3, #48]
 1018 017c 3B62     		str	r3, [r7, #32]
 495:../../../firmware/n32h7xx_std_periph_driver/src/n32h7xx_lcdc.c ****             tmpafbctrl &= ~(LCDC_AFBCTRL_YUVIMDO | LCDC_AFBCTRL_YUVMD);
 1019              		.loc 1 495 24
 1020 017e 3B6A     		ldr	r3, [r7, #32]
 1021 0180 23F4F873 		bic	r3, r3, #496
 1022 0184 3B62     		str	r3, [r7, #32]
 496:../../../firmware/n32h7xx_std_periph_driver/src/n32h7xx_lcdc.c ****             tmpafbctrl |= YUV422_ORDER | (LCDC_PIXEL_FORMAT_YUV422I & (uint32_t)~LCDC_PIXEL_FORMAT_
 1023              		.loc 1 496 24
 1024 0186 3B6A     		ldr	r3, [r7, #32]
 1025 0188 43F4E073 		orr	r3, r3, #448
 1026 018c 3B62     		str	r3, [r7, #32]
 497:../../../firmware/n32h7xx_std_periph_driver/src/n32h7xx_lcdc.c ****             LCDC_Layerx->AFBCTRL = (uint32_t)tmpafbctrl;
 1027              		.loc 1 497 34
 1028 018e 7B68     		ldr	r3, [r7, #4]
 1029 0190 3A6A     		ldr	r2, [r7, #32]
 1030 0192 1A63     		str	r2, [r3, #48]
 1031 0194 26E0     		b	.L39
 1032              	.L40:
 498:../../../firmware/n32h7xx_std_periph_driver/src/n32h7xx_lcdc.c ****         }
 499:../../../firmware/n32h7xx_std_periph_driver/src/n32h7xx_lcdc.c ****         else if(LCDC_Layer_InitStruct->LCDC_PixelFormat == LCDC_PIXEL_FORMAT_YUV420S)
 1033              		.loc 1 499 38
 1034 0196 3B68     		ldr	r3, [r7]
 1035 0198 9B69     		ldr	r3, [r3, #24]
 1036              		.loc 1 499 16
 1037 019a 4C4A     		ldr	r2, .L42+4
 1038 019c 9342     		cmp	r3, r2
 1039 019e 0ED1     		bne	.L41
 500:../../../firmware/n32h7xx_std_periph_driver/src/n32h7xx_lcdc.c ****         {
 501:../../../firmware/n32h7xx_std_periph_driver/src/n32h7xx_lcdc.c ****             tmpafbctrl = LCDC_Layerx->AFBCTRL;
 1040              		.loc 1 501 24
 1041 01a0 7B68     		ldr	r3, [r7, #4]
 1042 01a2 1B6B     		ldr	r3, [r3, #48]
 1043 01a4 3B62     		str	r3, [r7, #32]
 502:../../../firmware/n32h7xx_std_periph_driver/src/n32h7xx_lcdc.c ****             tmpafbctrl &= ~(LCDC_AFBCTRL_YUVIMDO | LCDC_AFBCTRL_YUVMD);
 1044              		.loc 1 502 24
 1045 01a6 3B6A     		ldr	r3, [r7, #32]
 1046 01a8 23F4F873 		bic	r3, r3, #496
 1047 01ac 3B62     		str	r3, [r7, #32]
 503:../../../firmware/n32h7xx_std_periph_driver/src/n32h7xx_lcdc.c ****             tmpafbctrl |= YUV420_ORDER | (LCDC_PIXEL_FORMAT_YUV420S & (uint32_t)~LCDC_PIXEL_FORMAT_
 1048              		.loc 1 503 24
 1049 01ae 3B6A     		ldr	r3, [r7, #32]
 1050 01b0 43F09003 		orr	r3, r3, #144
 1051 01b4 3B62     		str	r3, [r7, #32]
 504:../../../firmware/n32h7xx_std_periph_driver/src/n32h7xx_lcdc.c ****             LCDC_Layerx->AFBCTRL = (uint32_t)tmpafbctrl;
ARM GAS  /tmp/cc9q7jXo.s 			page 28


 1052              		.loc 1 504 34
 1053 01b6 7B68     		ldr	r3, [r7, #4]
 1054 01b8 3A6A     		ldr	r2, [r7, #32]
 1055 01ba 1A63     		str	r2, [r3, #48]
 1056 01bc 12E0     		b	.L39
 1057              	.L41:
 505:../../../firmware/n32h7xx_std_periph_driver/src/n32h7xx_lcdc.c ****         }
 506:../../../firmware/n32h7xx_std_periph_driver/src/n32h7xx_lcdc.c ****         else if(LCDC_Layer_InitStruct->LCDC_PixelFormat == LCDC_PIXEL_FORMAT_YUV420P)
 1058              		.loc 1 506 38
 1059 01be 3B68     		ldr	r3, [r7]
 1060 01c0 9B69     		ldr	r3, [r3, #24]
 1061              		.loc 1 506 16
 1062 01c2 434A     		ldr	r2, .L42+8
 1063 01c4 9342     		cmp	r3, r2
 1064 01c6 0DD1     		bne	.L39
 507:../../../firmware/n32h7xx_std_periph_driver/src/n32h7xx_lcdc.c ****         {
 508:../../../firmware/n32h7xx_std_periph_driver/src/n32h7xx_lcdc.c ****             tmpafbctrl = LCDC_Layerx->AFBCTRL;
 1065              		.loc 1 508 24
 1066 01c8 7B68     		ldr	r3, [r7, #4]
 1067 01ca 1B6B     		ldr	r3, [r3, #48]
 1068 01cc 3B62     		str	r3, [r7, #32]
 509:../../../firmware/n32h7xx_std_periph_driver/src/n32h7xx_lcdc.c ****             tmpafbctrl &= ~(LCDC_AFBCTRL_YUVIMDO | LCDC_AFBCTRL_YUVMD);
 1069              		.loc 1 509 24
 1070 01ce 3B6A     		ldr	r3, [r7, #32]
 1071 01d0 23F4F873 		bic	r3, r3, #496
 1072 01d4 3B62     		str	r3, [r7, #32]
 510:../../../firmware/n32h7xx_std_periph_driver/src/n32h7xx_lcdc.c ****             tmpafbctrl |= YUV420_ORDER | (LCDC_PIXEL_FORMAT_YUV420P & (uint32_t)~LCDC_PIXEL_FORMAT_
 1073              		.loc 1 510 24
 1074 01d6 3B6A     		ldr	r3, [r7, #32]
 1075 01d8 43F0A003 		orr	r3, r3, #160
 1076 01dc 3B62     		str	r3, [r7, #32]
 511:../../../firmware/n32h7xx_std_periph_driver/src/n32h7xx_lcdc.c ****             LCDC_Layerx->AFBCTRL = (uint32_t)tmpafbctrl;
 1077              		.loc 1 511 34
 1078 01de 7B68     		ldr	r3, [r7, #4]
 1079 01e0 3A6A     		ldr	r2, [r7, #32]
 1080 01e2 1A63     		str	r2, [r3, #48]
 1081              	.L39:
 512:../../../firmware/n32h7xx_std_periph_driver/src/n32h7xx_lcdc.c ****         }
 513:../../../firmware/n32h7xx_std_periph_driver/src/n32h7xx_lcdc.c ****         else
 514:../../../firmware/n32h7xx_std_periph_driver/src/n32h7xx_lcdc.c ****         {
 515:../../../firmware/n32h7xx_std_periph_driver/src/n32h7xx_lcdc.c ****             /* No process */
 516:../../../firmware/n32h7xx_std_periph_driver/src/n32h7xx_lcdc.c ****         }
 517:../../../firmware/n32h7xx_std_periph_driver/src/n32h7xx_lcdc.c ****         /* Configure the YUV component coefficients*/
 518:../../../firmware/n32h7xx_std_periph_driver/src/n32h7xx_lcdc.c ****         LCDC_Layerx->YUVS1 = 0x02040199U;
 1082              		.loc 1 518 28
 1083 01e4 7B68     		ldr	r3, [r7, #4]
 1084 01e6 3C4A     		ldr	r2, .L42+16
 1085 01e8 DA66     		str	r2, [r3, #108]
 519:../../../firmware/n32h7xx_std_periph_driver/src/n32h7xx_lcdc.c ****         LCDC_Layerx->YUVS2 = 0x006400d0U;
 1086              		.loc 1 519 28
 1087 01ea 7B68     		ldr	r3, [r7, #4]
 1088 01ec 3B4A     		ldr	r2, .L42+20
 1089 01ee 1A67     		str	r2, [r3, #112]
 1090              	.L33:
 520:../../../firmware/n32h7xx_std_periph_driver/src/n32h7xx_lcdc.c ****     }
 521:../../../firmware/n32h7xx_std_periph_driver/src/n32h7xx_lcdc.c ****     else
 522:../../../firmware/n32h7xx_std_periph_driver/src/n32h7xx_lcdc.c ****     {
ARM GAS  /tmp/cc9q7jXo.s 			page 29


 523:../../../firmware/n32h7xx_std_periph_driver/src/n32h7xx_lcdc.c ****         /* No process */
 524:../../../firmware/n32h7xx_std_periph_driver/src/n32h7xx_lcdc.c ****     }
 525:../../../firmware/n32h7xx_std_periph_driver/src/n32h7xx_lcdc.c ****     
 526:../../../firmware/n32h7xx_std_periph_driver/src/n32h7xx_lcdc.c ****     /* Configures the default color values */    
 527:../../../firmware/n32h7xx_std_periph_driver/src/n32h7xx_lcdc.c ****     /* Get the LCDC_DCCTRL register value */
 528:../../../firmware/n32h7xx_std_periph_driver/src/n32h7xx_lcdc.c ****     tmpdcctrl = LCDC_Layerx->DCCTRL;
 1091              		.loc 1 528 15
 1092 01f0 7B68     		ldr	r3, [r7, #4]
 1093 01f2 5B6A     		ldr	r3, [r3, #36]
 1094 01f4 FB61     		str	r3, [r7, #28]
 529:../../../firmware/n32h7xx_std_periph_driver/src/n32h7xx_lcdc.c ****     /* Clear DCA/DCR/DCG/DCB bits */
 530:../../../firmware/n32h7xx_std_periph_driver/src/n32h7xx_lcdc.c ****     tmpdcctrl &= ~(LCDC_DCCTRL_DCA | LCDC_DCCTRL_DCR | LCDC_DCCTRL_DCG | LCDC_DCCTRL_DCB);
 1095              		.loc 1 530 15
 1096 01f6 0023     		movs	r3, #0
 1097 01f8 FB61     		str	r3, [r7, #28]
 531:../../../firmware/n32h7xx_std_periph_driver/src/n32h7xx_lcdc.c ****     /* Set DCA/DCR/DCG/DCB bits */
 532:../../../firmware/n32h7xx_std_periph_driver/src/n32h7xx_lcdc.c ****     tmpdcctrl |= (uint32_t)((LCDC_Layer_InitStruct->LCDC_DefaultAlpha << 24) | (LCDC_Layer_InitStru
 1098              		.loc 1 532 51
 1099 01fa 3B68     		ldr	r3, [r7]
 1100 01fc 1B6A     		ldr	r3, [r3, #32]
 1101              		.loc 1 532 71
 1102 01fe 1A06     		lsls	r2, r3, #24
 1103              		.loc 1 532 102
 1104 0200 3B68     		ldr	r3, [r7]
 1105 0202 DB6C     		ldr	r3, [r3, #76]
 1106              		.loc 1 532 125
 1107 0204 1B04     		lsls	r3, r3, #16
 1108              		.loc 1 532 78
 1109 0206 1A43     		orrs	r2, r2, r3
 533:../../../firmware/n32h7xx_std_periph_driver/src/n32h7xx_lcdc.c ****                             (LCDC_Layer_InitStruct->LCDC_DefaultColorGreen << 8) | (LCDC_Layer_Init
 1110              		.loc 1 533 51
 1111 0208 3B68     		ldr	r3, [r7]
 1112 020a 9B6C     		ldr	r3, [r3, #72]
 1113              		.loc 1 533 76
 1114 020c 1B02     		lsls	r3, r3, #8
 532:../../../firmware/n32h7xx_std_periph_driver/src/n32h7xx_lcdc.c ****                             (LCDC_Layer_InitStruct->LCDC_DefaultColorGreen << 8) | (LCDC_Layer_Init
 1115              		.loc 1 532 132
 1116 020e 1A43     		orrs	r2, r2, r3
 1117              		.loc 1 533 106
 1118 0210 3B68     		ldr	r3, [r7]
 1119 0212 5B6C     		ldr	r3, [r3, #68]
 1120              		.loc 1 533 82
 1121 0214 1343     		orrs	r3, r3, r2
 532:../../../firmware/n32h7xx_std_periph_driver/src/n32h7xx_lcdc.c ****                             (LCDC_Layer_InitStruct->LCDC_DefaultColorGreen << 8) | (LCDC_Layer_Init
 1122              		.loc 1 532 15
 1123 0216 FA69     		ldr	r2, [r7, #28]
 1124 0218 1343     		orrs	r3, r3, r2
 1125 021a FB61     		str	r3, [r7, #28]
 534:../../../firmware/n32h7xx_std_periph_driver/src/n32h7xx_lcdc.c ****     /* Write to LCDC_DCCTRL */
 535:../../../firmware/n32h7xx_std_periph_driver/src/n32h7xx_lcdc.c ****     LCDC_Layerx->DCCTRL = (uint32_t)tmpdcctrl;
 1126              		.loc 1 535 25
 1127 021c 7B68     		ldr	r3, [r7, #4]
 1128 021e FA69     		ldr	r2, [r7, #28]
 1129 0220 5A62     		str	r2, [r3, #36]
 536:../../../firmware/n32h7xx_std_periph_driver/src/n32h7xx_lcdc.c **** 
 537:../../../firmware/n32h7xx_std_periph_driver/src/n32h7xx_lcdc.c ****     /* Specifies the constant alpha value */
 538:../../../firmware/n32h7xx_std_periph_driver/src/n32h7xx_lcdc.c ****     /* Get the LCDC_CACTRL register value */
ARM GAS  /tmp/cc9q7jXo.s 			page 30


 539:../../../firmware/n32h7xx_std_periph_driver/src/n32h7xx_lcdc.c ****     tmpcactrl = LCDC_Layerx->CACTRL;
 1130              		.loc 1 539 15
 1131 0222 7B68     		ldr	r3, [r7, #4]
 1132 0224 1B6A     		ldr	r3, [r3, #32]
 1133 0226 BB61     		str	r3, [r7, #24]
 540:../../../firmware/n32h7xx_std_periph_driver/src/n32h7xx_lcdc.c ****     /* Clear CA bits */
 541:../../../firmware/n32h7xx_std_periph_driver/src/n32h7xx_lcdc.c ****     tmpcactrl &= ~LCDC_CACTRL_CA;
 1134              		.loc 1 541 15
 1135 0228 BB69     		ldr	r3, [r7, #24]
 1136 022a 23F0FF03 		bic	r3, r3, #255
 1137 022e BB61     		str	r3, [r7, #24]
 542:../../../firmware/n32h7xx_std_periph_driver/src/n32h7xx_lcdc.c ****     /* Set CA bits */
 543:../../../firmware/n32h7xx_std_periph_driver/src/n32h7xx_lcdc.c ****     tmpcactrl |= (uint32_t)(LCDC_Layer_InitStruct->LCDC_ConstantAlpha);
 1138              		.loc 1 543 50
 1139 0230 3B68     		ldr	r3, [r7]
 1140 0232 DB69     		ldr	r3, [r3, #28]
 1141              		.loc 1 543 15
 1142 0234 BA69     		ldr	r2, [r7, #24]
 1143 0236 1343     		orrs	r3, r3, r2
 1144 0238 BB61     		str	r3, [r7, #24]
 544:../../../firmware/n32h7xx_std_periph_driver/src/n32h7xx_lcdc.c ****     /* Write to LCDC_CACTRL */
 545:../../../firmware/n32h7xx_std_periph_driver/src/n32h7xx_lcdc.c ****     LCDC_Layerx->CACTRL = (uint32_t)tmpcactrl;
 1145              		.loc 1 545 25
 1146 023a 7B68     		ldr	r3, [r7, #4]
 1147 023c BA69     		ldr	r2, [r7, #24]
 1148 023e 1A62     		str	r2, [r3, #32]
 546:../../../firmware/n32h7xx_std_periph_driver/src/n32h7xx_lcdc.c **** 
 547:../../../firmware/n32h7xx_std_periph_driver/src/n32h7xx_lcdc.c ****     /* Specifies the blending factors */
 548:../../../firmware/n32h7xx_std_periph_driver/src/n32h7xx_lcdc.c ****     /* Get the LCDC_BFCTRL register value */
 549:../../../firmware/n32h7xx_std_periph_driver/src/n32h7xx_lcdc.c ****     tmpbfctrl = LCDC_Layerx->BFCTRL;
 1149              		.loc 1 549 15
 1150 0240 7B68     		ldr	r3, [r7, #4]
 1151 0242 9B6A     		ldr	r3, [r3, #40]
 1152 0244 7B61     		str	r3, [r7, #20]
 550:../../../firmware/n32h7xx_std_periph_driver/src/n32h7xx_lcdc.c ****     /* Clear BF1/BF2 bits */
 551:../../../firmware/n32h7xx_std_periph_driver/src/n32h7xx_lcdc.c ****     tmpbfctrl &= ~(LCDC_BFCTRL_BF1 | LCDC_BFCTRL_BF2);
 1153              		.loc 1 551 15
 1154 0246 7A69     		ldr	r2, [r7, #20]
 1155 0248 254B     		ldr	r3, .L42+24
 1156 024a 1340     		ands	r3, r3, r2
 1157 024c 7B61     		str	r3, [r7, #20]
 552:../../../firmware/n32h7xx_std_periph_driver/src/n32h7xx_lcdc.c ****     /* Set BF1/BF2 bits */
 553:../../../firmware/n32h7xx_std_periph_driver/src/n32h7xx_lcdc.c ****     tmpbfctrl |= (uint32_t)((LCDC_Layer_InitStruct->LCDC_BlendingFactor1) | (LCDC_Layer_InitStruct-
 1158              		.loc 1 553 51
 1159 024e 3B68     		ldr	r3, [r7]
 1160 0250 5A6A     		ldr	r2, [r3, #36]
 1161              		.loc 1 553 99
 1162 0252 3B68     		ldr	r3, [r7]
 1163 0254 9B6A     		ldr	r3, [r3, #40]
 1164              		.loc 1 553 75
 1165 0256 1343     		orrs	r3, r3, r2
 1166              		.loc 1 553 15
 1167 0258 7A69     		ldr	r2, [r7, #20]
 1168 025a 1343     		orrs	r3, r3, r2
 1169 025c 7B61     		str	r3, [r7, #20]
 554:../../../firmware/n32h7xx_std_periph_driver/src/n32h7xx_lcdc.c ****     /* Write to LCDC_BFCTRL */
 555:../../../firmware/n32h7xx_std_periph_driver/src/n32h7xx_lcdc.c ****     LCDC_Layerx->BFCTRL = (uint32_t)tmpbfctrl;
ARM GAS  /tmp/cc9q7jXo.s 			page 31


 1170              		.loc 1 555 25
 1171 025e 7B68     		ldr	r3, [r7, #4]
 1172 0260 7A69     		ldr	r2, [r7, #20]
 1173 0262 9A62     		str	r2, [r3, #40]
 556:../../../firmware/n32h7xx_std_periph_driver/src/n32h7xx_lcdc.c **** 
 557:../../../firmware/n32h7xx_std_periph_driver/src/n32h7xx_lcdc.c ****     /* Configures the color frame buffer start address */
 558:../../../firmware/n32h7xx_std_periph_driver/src/n32h7xx_lcdc.c ****     /* Get the LCDC_CFBADDR register value */
 559:../../../firmware/n32h7xx_std_periph_driver/src/n32h7xx_lcdc.c ****     tmpcfbaddr = LCDC_Layerx->CFBADDR;
 1174              		.loc 1 559 16
 1175 0264 7B68     		ldr	r3, [r7, #4]
 1176 0266 5B6B     		ldr	r3, [r3, #52]
 1177 0268 3B61     		str	r3, [r7, #16]
 560:../../../firmware/n32h7xx_std_periph_driver/src/n32h7xx_lcdc.c ****     /* Clear CFBADDR bits */
 561:../../../firmware/n32h7xx_std_periph_driver/src/n32h7xx_lcdc.c ****     tmpcfbaddr &= ~(LCDC_CFBADDR_CFBADDR);
 1178              		.loc 1 561 16
 1179 026a 0023     		movs	r3, #0
 1180 026c 3B61     		str	r3, [r7, #16]
 562:../../../firmware/n32h7xx_std_periph_driver/src/n32h7xx_lcdc.c ****     /* Set CFBADDR bits */
 563:../../../firmware/n32h7xx_std_periph_driver/src/n32h7xx_lcdc.c ****     tmpcfbaddr |= (uint32_t)(LCDC_Layer_InitStruct->LCDC_CFBStartAdress);
 1181              		.loc 1 563 51
 1182 026e 3B68     		ldr	r3, [r7]
 1183 0270 DB6A     		ldr	r3, [r3, #44]
 1184              		.loc 1 563 16
 1185 0272 3A69     		ldr	r2, [r7, #16]
 1186 0274 1343     		orrs	r3, r3, r2
 1187 0276 3B61     		str	r3, [r7, #16]
 564:../../../firmware/n32h7xx_std_periph_driver/src/n32h7xx_lcdc.c ****     /* Write to LCDC_CFBADDR */
 565:../../../firmware/n32h7xx_std_periph_driver/src/n32h7xx_lcdc.c ****     LCDC_Layerx->CFBADDR = (uint32_t)tmpcfbaddr;
 1188              		.loc 1 565 26
 1189 0278 7B68     		ldr	r3, [r7, #4]
 1190 027a 3A69     		ldr	r2, [r7, #16]
 1191 027c 5A63     		str	r2, [r3, #52]
 566:../../../firmware/n32h7xx_std_periph_driver/src/n32h7xx_lcdc.c **** 
 567:../../../firmware/n32h7xx_std_periph_driver/src/n32h7xx_lcdc.c ****     /* Configures the color frame buffer pitch in byte */
 568:../../../firmware/n32h7xx_std_periph_driver/src/n32h7xx_lcdc.c ****     /* Get the LCDC_CFBLEN register value */
 569:../../../firmware/n32h7xx_std_periph_driver/src/n32h7xx_lcdc.c ****     tmpcfblen = LCDC_Layerx->CFBLEN;
 1192              		.loc 1 569 15
 1193 027e 7B68     		ldr	r3, [r7, #4]
 1194 0280 9B6B     		ldr	r3, [r3, #56]
 1195 0282 FB60     		str	r3, [r7, #12]
 570:../../../firmware/n32h7xx_std_periph_driver/src/n32h7xx_lcdc.c ****     /* Clear CFBLLEN/CFBP bits */
 571:../../../firmware/n32h7xx_std_periph_driver/src/n32h7xx_lcdc.c ****     tmpcfblen &= ~(LCDC_CFBLEN_CFBLLEN | LCDC_CFBLEN_CFBP);
 1196              		.loc 1 571 15
 1197 0284 0023     		movs	r3, #0
 1198 0286 FB60     		str	r3, [r7, #12]
 572:../../../firmware/n32h7xx_std_periph_driver/src/n32h7xx_lcdc.c ****     /* Set CFBLLEN/CFBP bits */
 573:../../../firmware/n32h7xx_std_periph_driver/src/n32h7xx_lcdc.c ****     tmpcfblen |= (uint32_t)((LCDC_Layer_InitStruct->LCDC_CFBPitch << 16) | (LCDC_Layer_InitStruct->
 1199              		.loc 1 573 51
 1200 0288 3B68     		ldr	r3, [r7]
 1201 028a 1B6C     		ldr	r3, [r3, #64]
 1202              		.loc 1 573 67
 1203 028c 1A04     		lsls	r2, r3, #16
 1204              		.loc 1 573 98
 1205 028e 3B68     		ldr	r3, [r7]
 1206 0290 9B6B     		ldr	r3, [r3, #56]
 1207              		.loc 1 573 74
 1208 0292 1343     		orrs	r3, r3, r2
ARM GAS  /tmp/cc9q7jXo.s 			page 32


 1209              		.loc 1 573 15
 1210 0294 FA68     		ldr	r2, [r7, #12]
 1211 0296 1343     		orrs	r3, r3, r2
 1212 0298 FB60     		str	r3, [r7, #12]
 574:../../../firmware/n32h7xx_std_periph_driver/src/n32h7xx_lcdc.c ****     /* Write to LCDC_CFBLEN */
 575:../../../firmware/n32h7xx_std_periph_driver/src/n32h7xx_lcdc.c ****     LCDC_Layerx->CFBLEN = (uint32_t)tmpcfblen;
 1213              		.loc 1 575 25
 1214 029a 7B68     		ldr	r3, [r7, #4]
 1215 029c FA68     		ldr	r2, [r7, #12]
 1216 029e 9A63     		str	r2, [r3, #56]
 576:../../../firmware/n32h7xx_std_periph_driver/src/n32h7xx_lcdc.c **** 
 577:../../../firmware/n32h7xx_std_periph_driver/src/n32h7xx_lcdc.c ****     /* Configures the frame buffer line number */
 578:../../../firmware/n32h7xx_std_periph_driver/src/n32h7xx_lcdc.c ****     /* Get the LCDC_CFBLNUM register value */
 579:../../../firmware/n32h7xx_std_periph_driver/src/n32h7xx_lcdc.c ****     tmpcfblnum = LCDC_Layerx->CFBLNUM;
 1217              		.loc 1 579 16
 1218 02a0 7B68     		ldr	r3, [r7, #4]
 1219 02a2 DB6B     		ldr	r3, [r3, #60]
 1220 02a4 BB60     		str	r3, [r7, #8]
 580:../../../firmware/n32h7xx_std_periph_driver/src/n32h7xx_lcdc.c ****     /* Clear CFBLNUM bits */
 581:../../../firmware/n32h7xx_std_periph_driver/src/n32h7xx_lcdc.c ****     tmpcfblnum &= ~(LCDC_CFBLNUM_CFBLNUM);
 1221              		.loc 1 581 16
 1222 02a6 BA68     		ldr	r2, [r7, #8]
 1223 02a8 0E4B     		ldr	r3, .L42+28
 1224 02aa 1340     		ands	r3, r3, r2
 1225 02ac BB60     		str	r3, [r7, #8]
 582:../../../firmware/n32h7xx_std_periph_driver/src/n32h7xx_lcdc.c ****     /* Set CFBLNUM bits */
 583:../../../firmware/n32h7xx_std_periph_driver/src/n32h7xx_lcdc.c ****     tmpcfblnum |= (uint32_t)(LCDC_Layer_InitStruct->LCDC_CFBLineNumber);
 1226              		.loc 1 583 51
 1227 02ae 3B68     		ldr	r3, [r7]
 1228 02b0 DB6B     		ldr	r3, [r3, #60]
 1229              		.loc 1 583 16
 1230 02b2 BA68     		ldr	r2, [r7, #8]
 1231 02b4 1343     		orrs	r3, r3, r2
 1232 02b6 BB60     		str	r3, [r7, #8]
 584:../../../firmware/n32h7xx_std_periph_driver/src/n32h7xx_lcdc.c ****     /* Write to LCDC_CFBLNUM */
 585:../../../firmware/n32h7xx_std_periph_driver/src/n32h7xx_lcdc.c ****     LCDC_Layerx->CFBLNUM = (uint32_t)tmpcfblnum;
 1233              		.loc 1 585 26
 1234 02b8 7B68     		ldr	r3, [r7, #4]
 1235 02ba BA68     		ldr	r2, [r7, #8]
 1236 02bc DA63     		str	r2, [r3, #60]
 586:../../../firmware/n32h7xx_std_periph_driver/src/n32h7xx_lcdc.c ****     
 587:../../../firmware/n32h7xx_std_periph_driver/src/n32h7xx_lcdc.c **** 
 588:../../../firmware/n32h7xx_std_periph_driver/src/n32h7xx_lcdc.c **** }
 1237              		.loc 1 588 1
 1238 02be 00BF     		nop
 1239 02c0 3437     		adds	r7, r7, #52
 1240              	.LCFI59:
 1241              		.cfi_def_cfa_offset 4
 1242 02c2 BD46     		mov	sp, r7
 1243              	.LCFI60:
 1244              		.cfi_def_cfa_register 13
 1245              		@ sp needed
 1246 02c4 80BC     		pop	{r7}
 1247              	.LCFI61:
 1248              		.cfi_restore 7
 1249              		.cfi_def_cfa_offset 0
 1250 02c6 7047     		bx	lr
ARM GAS  /tmp/cc9q7jXo.s 			page 33


 1251              	.L43:
 1252              		.align	2
 1253              	.L42:
 1254 02c8 00010600 		.word	393472
 1255 02cc 10000080 		.word	-2147483632
 1256 02d0 20000080 		.word	-2147483616
 1257 02d4 30000080 		.word	-2147483600
 1258 02d8 99010402 		.word	33816985
 1259 02dc D0006400 		.word	6553808
 1260 02e0 F8F8FFFF 		.word	-1800
 1261 02e4 0000FFFF 		.word	-65536
 1262              		.cfi_endproc
 1263              	.LFE157:
 1265              		.section	.text.LCDC_LayerStructInit,"ax",%progbits
 1266              		.align	1
 1267              		.global	LCDC_LayerStructInit
 1268              		.syntax unified
 1269              		.thumb
 1270              		.thumb_func
 1272              	LCDC_LayerStructInit:
 1273              	.LFB158:
 589:../../../firmware/n32h7xx_std_periph_driver/src/n32h7xx_lcdc.c **** 
 590:../../../firmware/n32h7xx_std_periph_driver/src/n32h7xx_lcdc.c **** /**
 591:../../../firmware/n32h7xx_std_periph_driver/src/n32h7xx_lcdc.c **** *\*\name    LCDC_LayerStructInit
 592:../../../firmware/n32h7xx_std_periph_driver/src/n32h7xx_lcdc.c **** *\*\fun     Fills each LCDC_Layer_InitStruct member with its default value.
 593:../../../firmware/n32h7xx_std_periph_driver/src/n32h7xx_lcdc.c **** *\*\param   LCDC_Layer_InitStruct: refer to the definition of LCDC_Layer_InitType
 594:../../../firmware/n32h7xx_std_periph_driver/src/n32h7xx_lcdc.c **** *\*\          - LCDC_HorizontalStart
 595:../../../firmware/n32h7xx_std_periph_driver/src/n32h7xx_lcdc.c **** *\*\            * 0x0000 ~ 0xFFFF
 596:../../../firmware/n32h7xx_std_periph_driver/src/n32h7xx_lcdc.c **** *\*\          - LCDC_HorizontalStop
 597:../../../firmware/n32h7xx_std_periph_driver/src/n32h7xx_lcdc.c **** *\*\            * 0x0000 ~ 0xFFFF
 598:../../../firmware/n32h7xx_std_periph_driver/src/n32h7xx_lcdc.c **** *\*\          - LCDC_HorizontalScalerStop
 599:../../../firmware/n32h7xx_std_periph_driver/src/n32h7xx_lcdc.c **** *\*\            * 0x0000 ~ 0xFFFF
 600:../../../firmware/n32h7xx_std_periph_driver/src/n32h7xx_lcdc.c **** *\*\          - LCDC_VerticalStart
 601:../../../firmware/n32h7xx_std_periph_driver/src/n32h7xx_lcdc.c **** *\*\            * 0x0000 ~ 0xFFFF
 602:../../../firmware/n32h7xx_std_periph_driver/src/n32h7xx_lcdc.c **** *\*\          - LCDC_VerticalStop
 603:../../../firmware/n32h7xx_std_periph_driver/src/n32h7xx_lcdc.c **** *\*\            * 0x0000 ~ 0xFFFF
 604:../../../firmware/n32h7xx_std_periph_driver/src/n32h7xx_lcdc.c **** *\*\          - LCDC_VerticalScalerStop
 605:../../../firmware/n32h7xx_std_periph_driver/src/n32h7xx_lcdc.c **** *\*\            * 0x0000 ~ 0xFFFF
 606:../../../firmware/n32h7xx_std_periph_driver/src/n32h7xx_lcdc.c **** *\*\          - LCDC_PixelFormat
 607:../../../firmware/n32h7xx_std_periph_driver/src/n32h7xx_lcdc.c **** *\*\            * LCDC_PIXEL_FORMAT_ARGB8888
 608:../../../firmware/n32h7xx_std_periph_driver/src/n32h7xx_lcdc.c **** *\*\            * LCDC_PIXEL_FORMAT_ABGR8888
 609:../../../firmware/n32h7xx_std_periph_driver/src/n32h7xx_lcdc.c **** *\*\            * LCDC_PIXEL_FORMAT_RGBA8888
 610:../../../firmware/n32h7xx_std_periph_driver/src/n32h7xx_lcdc.c **** *\*\            * LCDC_PIXEL_FORMAT_BGRA8888
 611:../../../firmware/n32h7xx_std_periph_driver/src/n32h7xx_lcdc.c **** *\*\            * LCDC_PIXEL_FORMAT_RGB565
 612:../../../firmware/n32h7xx_std_periph_driver/src/n32h7xx_lcdc.c **** *\*\            * LCDC_PIXEL_FORMAT_BGR565
 613:../../../firmware/n32h7xx_std_periph_driver/src/n32h7xx_lcdc.c **** *\*\            * LCDC_PIXEL_FORMAT_RGB888
 614:../../../firmware/n32h7xx_std_periph_driver/src/n32h7xx_lcdc.c **** *\*\            * LCDC_PIXEL_FORMAT_YUV422I
 615:../../../firmware/n32h7xx_std_periph_driver/src/n32h7xx_lcdc.c **** *\*\            * LCDC_PIXEL_FORMAT_YUV420S
 616:../../../firmware/n32h7xx_std_periph_driver/src/n32h7xx_lcdc.c **** *\*\            * LCDC_PIXEL_FORMAT_YUV420P
 617:../../../firmware/n32h7xx_std_periph_driver/src/n32h7xx_lcdc.c **** *\*\            * LCDC_PIXEL_FORMAT_YUV444
 618:../../../firmware/n32h7xx_std_periph_driver/src/n32h7xx_lcdc.c **** *\*\            * LCDC_PIXEL_FORMAT_L8
 619:../../../firmware/n32h7xx_std_periph_driver/src/n32h7xx_lcdc.c **** *\*\            * LCDC_PIXEL_FORMAT_AL44
 620:../../../firmware/n32h7xx_std_periph_driver/src/n32h7xx_lcdc.c **** *\*\            * LCDC_PIXEL_FORMAT_AL88
 621:../../../firmware/n32h7xx_std_periph_driver/src/n32h7xx_lcdc.c **** *\*\            * LCDC_PIXEL_FORMAT_CUSTOM
 622:../../../firmware/n32h7xx_std_periph_driver/src/n32h7xx_lcdc.c **** *\*\          - LCDC_ConstantAlpha
 623:../../../firmware/n32h7xx_std_periph_driver/src/n32h7xx_lcdc.c **** *\*\            * 0x00 ~ 0xFF
 624:../../../firmware/n32h7xx_std_periph_driver/src/n32h7xx_lcdc.c **** *\*\          - LCDC_DefaultAlpha
ARM GAS  /tmp/cc9q7jXo.s 			page 34


 625:../../../firmware/n32h7xx_std_periph_driver/src/n32h7xx_lcdc.c **** *\*\            * 0x00 ~ 0xFF
 626:../../../firmware/n32h7xx_std_periph_driver/src/n32h7xx_lcdc.c **** *\*\          - LCDC_BlendingFactor1
 627:../../../firmware/n32h7xx_std_periph_driver/src/n32h7xx_lcdc.c **** *\*\            * LCDC_BLENDING_FACTOR1_CA
 628:../../../firmware/n32h7xx_std_periph_driver/src/n32h7xx_lcdc.c **** *\*\            * LCDC_BLENDING_FACTOR1_PAxCA
 629:../../../firmware/n32h7xx_std_periph_driver/src/n32h7xx_lcdc.c **** *\*\          - LCDC_BlendingFactor2
 630:../../../firmware/n32h7xx_std_periph_driver/src/n32h7xx_lcdc.c **** *\*\            * LCDC_BLENDING_FACTOR2_CA
 631:../../../firmware/n32h7xx_std_periph_driver/src/n32h7xx_lcdc.c **** *\*\            * LCDC_BLENDING_FACTOR2_PAxCA
 632:../../../firmware/n32h7xx_std_periph_driver/src/n32h7xx_lcdc.c **** *\*\          - LCDC_CFBStartAdress
 633:../../../firmware/n32h7xx_std_periph_driver/src/n32h7xx_lcdc.c **** *\*\            * 0x00000000 ~ 0xFFFFFFFF
 634:../../../firmware/n32h7xx_std_periph_driver/src/n32h7xx_lcdc.c **** *\*\          - LCDC_AFB0StartAdress
 635:../../../firmware/n32h7xx_std_periph_driver/src/n32h7xx_lcdc.c **** *\*\            * 0x00000000 ~ 0xFFFFFFFF
 636:../../../firmware/n32h7xx_std_periph_driver/src/n32h7xx_lcdc.c **** *\*\          - LCDC_AFB1StartAdress
 637:../../../firmware/n32h7xx_std_periph_driver/src/n32h7xx_lcdc.c **** *\*\            * 0x00000000 ~ 0xFFFFFFFF
 638:../../../firmware/n32h7xx_std_periph_driver/src/n32h7xx_lcdc.c **** *\*\          - LCDC_CFBLineLength
 639:../../../firmware/n32h7xx_std_periph_driver/src/n32h7xx_lcdc.c **** *\*\            * 0x0000 ~ 0xFFFF
 640:../../../firmware/n32h7xx_std_periph_driver/src/n32h7xx_lcdc.c **** *\*\          - LCDC_CFBPitch
 641:../../../firmware/n32h7xx_std_periph_driver/src/n32h7xx_lcdc.c **** *\*\            * 0x0000 ~ 0xFFFF
 642:../../../firmware/n32h7xx_std_periph_driver/src/n32h7xx_lcdc.c **** *\*\          - LCDC_CFBLineNumber
 643:../../../firmware/n32h7xx_std_periph_driver/src/n32h7xx_lcdc.c **** *\*\            * 0x0000 ~ 0xFFFF
 644:../../../firmware/n32h7xx_std_periph_driver/src/n32h7xx_lcdc.c **** *\*\          - LCDC_DefaultColorBlue
 645:../../../firmware/n32h7xx_std_periph_driver/src/n32h7xx_lcdc.c **** *\*\            * 0x00 ~ 0xFF
 646:../../../firmware/n32h7xx_std_periph_driver/src/n32h7xx_lcdc.c **** *\*\          - LCDC_DefaultColorGreen
 647:../../../firmware/n32h7xx_std_periph_driver/src/n32h7xx_lcdc.c **** *\*\            * 0x00 ~ 0xFF
 648:../../../firmware/n32h7xx_std_periph_driver/src/n32h7xx_lcdc.c **** *\*\          - LCDC_DefaultColorRed
 649:../../../firmware/n32h7xx_std_periph_driver/src/n32h7xx_lcdc.c **** *\*\            * 0x00 ~ 0xFF
 650:../../../firmware/n32h7xx_std_periph_driver/src/n32h7xx_lcdc.c **** *\*\return  none
 651:../../../firmware/n32h7xx_std_periph_driver/src/n32h7xx_lcdc.c **** **/
 652:../../../firmware/n32h7xx_std_periph_driver/src/n32h7xx_lcdc.c **** void LCDC_LayerStructInit(LCDC_Layer_InitType* LCDC_Layer_InitStruct)
 653:../../../firmware/n32h7xx_std_periph_driver/src/n32h7xx_lcdc.c **** {
 1274              		.loc 1 653 1
 1275              		.cfi_startproc
 1276              		@ args = 0, pretend = 0, frame = 8
 1277              		@ frame_needed = 1, uses_anonymous_args = 0
 1278              		@ link register save eliminated.
 1279 0000 80B4     		push	{r7}
 1280              	.LCFI62:
 1281              		.cfi_def_cfa_offset 4
 1282              		.cfi_offset 7, -4
 1283 0002 83B0     		sub	sp, sp, #12
 1284              	.LCFI63:
 1285              		.cfi_def_cfa_offset 16
 1286 0004 00AF     		add	r7, sp, #0
 1287              	.LCFI64:
 1288              		.cfi_def_cfa_register 7
 1289 0006 7860     		str	r0, [r7, #4]
 654:../../../firmware/n32h7xx_std_periph_driver/src/n32h7xx_lcdc.c ****     /* Set the default configuration */
 655:../../../firmware/n32h7xx_std_periph_driver/src/n32h7xx_lcdc.c ****     LCDC_Layer_InitStruct->LCDC_HorizontalStart      = 0x00;
 1290              		.loc 1 655 54
 1291 0008 7B68     		ldr	r3, [r7, #4]
 1292 000a 0022     		movs	r2, #0
 1293 000c 1A60     		str	r2, [r3]
 656:../../../firmware/n32h7xx_std_periph_driver/src/n32h7xx_lcdc.c ****     LCDC_Layer_InitStruct->LCDC_HorizontalStop       = 0x00;
 1294              		.loc 1 656 54
 1295 000e 7B68     		ldr	r3, [r7, #4]
 1296 0010 0022     		movs	r2, #0
 1297 0012 5A60     		str	r2, [r3, #4]
 657:../../../firmware/n32h7xx_std_periph_driver/src/n32h7xx_lcdc.c ****     LCDC_Layer_InitStruct->LCDC_HorizontalScalerStop = 0x00;
ARM GAS  /tmp/cc9q7jXo.s 			page 35


 1298              		.loc 1 657 54
 1299 0014 7B68     		ldr	r3, [r7, #4]
 1300 0016 0022     		movs	r2, #0
 1301 0018 9A60     		str	r2, [r3, #8]
 658:../../../firmware/n32h7xx_std_periph_driver/src/n32h7xx_lcdc.c ****     LCDC_Layer_InitStruct->LCDC_VerticalStart        = 0x00;
 1302              		.loc 1 658 54
 1303 001a 7B68     		ldr	r3, [r7, #4]
 1304 001c 0022     		movs	r2, #0
 1305 001e DA60     		str	r2, [r3, #12]
 659:../../../firmware/n32h7xx_std_periph_driver/src/n32h7xx_lcdc.c ****     LCDC_Layer_InitStruct->LCDC_VerticalStop         = 0x00;
 1306              		.loc 1 659 54
 1307 0020 7B68     		ldr	r3, [r7, #4]
 1308 0022 0022     		movs	r2, #0
 1309 0024 1A61     		str	r2, [r3, #16]
 660:../../../firmware/n32h7xx_std_periph_driver/src/n32h7xx_lcdc.c ****     LCDC_Layer_InitStruct->LCDC_VerticalScalerStop   = 0x00;
 1310              		.loc 1 660 54
 1311 0026 7B68     		ldr	r3, [r7, #4]
 1312 0028 0022     		movs	r2, #0
 1313 002a 5A61     		str	r2, [r3, #20]
 661:../../../firmware/n32h7xx_std_periph_driver/src/n32h7xx_lcdc.c ****     LCDC_Layer_InitStruct->LCDC_PixelFormat          = LCDC_PIXEL_FORMAT_ARGB8888;
 1314              		.loc 1 661 54
 1315 002c 7B68     		ldr	r3, [r7, #4]
 1316 002e 0022     		movs	r2, #0
 1317 0030 9A61     		str	r2, [r3, #24]
 662:../../../firmware/n32h7xx_std_periph_driver/src/n32h7xx_lcdc.c ****     LCDC_Layer_InitStruct->LCDC_ConstantAlpha        = 0xFF;
 1318              		.loc 1 662 54
 1319 0032 7B68     		ldr	r3, [r7, #4]
 1320 0034 FF22     		movs	r2, #255
 1321 0036 DA61     		str	r2, [r3, #28]
 663:../../../firmware/n32h7xx_std_periph_driver/src/n32h7xx_lcdc.c ****     LCDC_Layer_InitStruct->LCDC_DefaultAlpha         = 0x00;
 1322              		.loc 1 663 54
 1323 0038 7B68     		ldr	r3, [r7, #4]
 1324 003a 0022     		movs	r2, #0
 1325 003c 1A62     		str	r2, [r3, #32]
 664:../../../firmware/n32h7xx_std_periph_driver/src/n32h7xx_lcdc.c ****     LCDC_Layer_InitStruct->LCDC_BlendingFactor1      = LCDC_BLENDING_FACTOR1_CA;
 1326              		.loc 1 664 54
 1327 003e 7B68     		ldr	r3, [r7, #4]
 1328 0040 4FF48062 		mov	r2, #1024
 1329 0044 5A62     		str	r2, [r3, #36]
 665:../../../firmware/n32h7xx_std_periph_driver/src/n32h7xx_lcdc.c ****     LCDC_Layer_InitStruct->LCDC_BlendingFactor2      = LCDC_BLENDING_FACTOR2_CA;
 1330              		.loc 1 665 54
 1331 0046 7B68     		ldr	r3, [r7, #4]
 1332 0048 0522     		movs	r2, #5
 1333 004a 9A62     		str	r2, [r3, #40]
 666:../../../firmware/n32h7xx_std_periph_driver/src/n32h7xx_lcdc.c ****     LCDC_Layer_InitStruct->LCDC_CFBStartAdress       = 0x00;
 1334              		.loc 1 666 54
 1335 004c 7B68     		ldr	r3, [r7, #4]
 1336 004e 0022     		movs	r2, #0
 1337 0050 DA62     		str	r2, [r3, #44]
 667:../../../firmware/n32h7xx_std_periph_driver/src/n32h7xx_lcdc.c ****     LCDC_Layer_InitStruct->LCDC_AFB0StartAdress      = 0x00;
 1338              		.loc 1 667 54
 1339 0052 7B68     		ldr	r3, [r7, #4]
 1340 0054 0022     		movs	r2, #0
 1341 0056 1A63     		str	r2, [r3, #48]
 668:../../../firmware/n32h7xx_std_periph_driver/src/n32h7xx_lcdc.c ****     LCDC_Layer_InitStruct->LCDC_AFB1StartAdress      = 0x00;
 1342              		.loc 1 668 54
 1343 0058 7B68     		ldr	r3, [r7, #4]
ARM GAS  /tmp/cc9q7jXo.s 			page 36


 1344 005a 0022     		movs	r2, #0
 1345 005c 5A63     		str	r2, [r3, #52]
 669:../../../firmware/n32h7xx_std_periph_driver/src/n32h7xx_lcdc.c ****     LCDC_Layer_InitStruct->LCDC_CFBLineLength        = 0x00;
 1346              		.loc 1 669 54
 1347 005e 7B68     		ldr	r3, [r7, #4]
 1348 0060 0022     		movs	r2, #0
 1349 0062 9A63     		str	r2, [r3, #56]
 670:../../../firmware/n32h7xx_std_periph_driver/src/n32h7xx_lcdc.c ****     LCDC_Layer_InitStruct->LCDC_CFBLineNumber        = 0x00;
 1350              		.loc 1 670 54
 1351 0064 7B68     		ldr	r3, [r7, #4]
 1352 0066 0022     		movs	r2, #0
 1353 0068 DA63     		str	r2, [r3, #60]
 671:../../../firmware/n32h7xx_std_periph_driver/src/n32h7xx_lcdc.c ****     LCDC_Layer_InitStruct->LCDC_CFBPitch             = 0x00;
 1354              		.loc 1 671 54
 1355 006a 7B68     		ldr	r3, [r7, #4]
 1356 006c 0022     		movs	r2, #0
 1357 006e 1A64     		str	r2, [r3, #64]
 672:../../../firmware/n32h7xx_std_periph_driver/src/n32h7xx_lcdc.c ****     LCDC_Layer_InitStruct->LCDC_DefaultColorBlue     = 0x00;
 1358              		.loc 1 672 54
 1359 0070 7B68     		ldr	r3, [r7, #4]
 1360 0072 0022     		movs	r2, #0
 1361 0074 5A64     		str	r2, [r3, #68]
 673:../../../firmware/n32h7xx_std_periph_driver/src/n32h7xx_lcdc.c ****     LCDC_Layer_InitStruct->LCDC_DefaultColorGreen    = 0x00;
 1362              		.loc 1 673 54
 1363 0076 7B68     		ldr	r3, [r7, #4]
 1364 0078 0022     		movs	r2, #0
 1365 007a 9A64     		str	r2, [r3, #72]
 674:../../../firmware/n32h7xx_std_periph_driver/src/n32h7xx_lcdc.c ****     LCDC_Layer_InitStruct->LCDC_DefaultColorRed      = 0x00;
 1366              		.loc 1 674 54
 1367 007c 7B68     		ldr	r3, [r7, #4]
 1368 007e 0022     		movs	r2, #0
 1369 0080 DA64     		str	r2, [r3, #76]
 675:../../../firmware/n32h7xx_std_periph_driver/src/n32h7xx_lcdc.c **** }
 1370              		.loc 1 675 1
 1371 0082 00BF     		nop
 1372 0084 0C37     		adds	r7, r7, #12
 1373              	.LCFI65:
 1374              		.cfi_def_cfa_offset 4
 1375 0086 BD46     		mov	sp, r7
 1376              	.LCFI66:
 1377              		.cfi_def_cfa_register 13
 1378              		@ sp needed
 1379 0088 80BC     		pop	{r7}
 1380              	.LCFI67:
 1381              		.cfi_restore 7
 1382              		.cfi_def_cfa_offset 0
 1383 008a 7047     		bx	lr
 1384              		.cfi_endproc
 1385              	.LFE158:
 1387              		.section	.text.LCDC_LayerEnable,"ax",%progbits
 1388              		.align	1
 1389              		.global	LCDC_LayerEnable
 1390              		.syntax unified
 1391              		.thumb
 1392              		.thumb_func
 1394              	LCDC_LayerEnable:
 1395              	.LFB159:
ARM GAS  /tmp/cc9q7jXo.s 			page 37


 676:../../../firmware/n32h7xx_std_periph_driver/src/n32h7xx_lcdc.c **** 
 677:../../../firmware/n32h7xx_std_periph_driver/src/n32h7xx_lcdc.c **** void LCDC_LayerEnable(LCDC_Layer_Module* LCDC_Layerx , FunctionalState Cmd)
 678:../../../firmware/n32h7xx_std_periph_driver/src/n32h7xx_lcdc.c **** {
 1396              		.loc 1 678 1
 1397              		.cfi_startproc
 1398              		@ args = 0, pretend = 0, frame = 8
 1399              		@ frame_needed = 1, uses_anonymous_args = 0
 1400              		@ link register save eliminated.
 1401 0000 80B4     		push	{r7}
 1402              	.LCFI68:
 1403              		.cfi_def_cfa_offset 4
 1404              		.cfi_offset 7, -4
 1405 0002 83B0     		sub	sp, sp, #12
 1406              	.LCFI69:
 1407              		.cfi_def_cfa_offset 16
 1408 0004 00AF     		add	r7, sp, #0
 1409              	.LCFI70:
 1410              		.cfi_def_cfa_register 7
 1411 0006 7860     		str	r0, [r7, #4]
 1412 0008 0B46     		mov	r3, r1
 1413 000a FB70     		strb	r3, [r7, #3]
 679:../../../firmware/n32h7xx_std_periph_driver/src/n32h7xx_lcdc.c ****     if (Cmd != DISABLE)
 1414              		.loc 1 679 8
 1415 000c FB78     		ldrb	r3, [r7, #3]	@ zero_extendqisi2
 1416 000e 002B     		cmp	r3, #0
 1417 0010 06D0     		beq	.L46
 680:../../../firmware/n32h7xx_std_periph_driver/src/n32h7xx_lcdc.c ****     {
 681:../../../firmware/n32h7xx_std_periph_driver/src/n32h7xx_lcdc.c ****         /* Enable the LCDC layer */
 682:../../../firmware/n32h7xx_std_periph_driver/src/n32h7xx_lcdc.c ****         LCDC_Layerx->LCTRL |= (uint32_t)LCDC_LCTRL_LEN;
 1418              		.loc 1 682 20
 1419 0012 7B68     		ldr	r3, [r7, #4]
 1420 0014 DB68     		ldr	r3, [r3, #12]
 1421              		.loc 1 682 28
 1422 0016 43F00102 		orr	r2, r3, #1
 1423 001a 7B68     		ldr	r3, [r7, #4]
 1424 001c DA60     		str	r2, [r3, #12]
 683:../../../firmware/n32h7xx_std_periph_driver/src/n32h7xx_lcdc.c ****     }
 684:../../../firmware/n32h7xx_std_periph_driver/src/n32h7xx_lcdc.c ****     else
 685:../../../firmware/n32h7xx_std_periph_driver/src/n32h7xx_lcdc.c ****     {
 686:../../../firmware/n32h7xx_std_periph_driver/src/n32h7xx_lcdc.c ****         /* Disable the LCDC layer */
 687:../../../firmware/n32h7xx_std_periph_driver/src/n32h7xx_lcdc.c ****         LCDC_Layerx->LCTRL &= (uint32_t)(~LCDC_LCTRL_LEN);
 688:../../../firmware/n32h7xx_std_periph_driver/src/n32h7xx_lcdc.c ****     }
 689:../../../firmware/n32h7xx_std_periph_driver/src/n32h7xx_lcdc.c **** }
 1425              		.loc 1 689 1
 1426 001e 05E0     		b	.L48
 1427              	.L46:
 687:../../../firmware/n32h7xx_std_periph_driver/src/n32h7xx_lcdc.c ****     }
 1428              		.loc 1 687 20
 1429 0020 7B68     		ldr	r3, [r7, #4]
 1430 0022 DB68     		ldr	r3, [r3, #12]
 687:../../../firmware/n32h7xx_std_periph_driver/src/n32h7xx_lcdc.c ****     }
 1431              		.loc 1 687 28
 1432 0024 23F00102 		bic	r2, r3, #1
 1433 0028 7B68     		ldr	r3, [r7, #4]
 1434 002a DA60     		str	r2, [r3, #12]
 1435              	.L48:
 1436              		.loc 1 689 1
ARM GAS  /tmp/cc9q7jXo.s 			page 38


 1437 002c 00BF     		nop
 1438 002e 0C37     		adds	r7, r7, #12
 1439              	.LCFI71:
 1440              		.cfi_def_cfa_offset 4
 1441 0030 BD46     		mov	sp, r7
 1442              	.LCFI72:
 1443              		.cfi_def_cfa_register 13
 1444              		@ sp needed
 1445 0032 80BC     		pop	{r7}
 1446              	.LCFI73:
 1447              		.cfi_restore 7
 1448              		.cfi_def_cfa_offset 0
 1449 0034 7047     		bx	lr
 1450              		.cfi_endproc
 1451              	.LFE159:
 1453              		.section	.text.LCDC_GetPosStatus,"ax",%progbits
 1454              		.align	1
 1455              		.global	LCDC_GetPosStatus
 1456              		.syntax unified
 1457              		.thumb
 1458              		.thumb_func
 1460              	LCDC_GetPosStatus:
 1461              	.LFB160:
 690:../../../firmware/n32h7xx_std_periph_driver/src/n32h7xx_lcdc.c **** 
 691:../../../firmware/n32h7xx_std_periph_driver/src/n32h7xx_lcdc.c **** LCDC_PosType LCDC_GetPosStatus(void)
 692:../../../firmware/n32h7xx_std_periph_driver/src/n32h7xx_lcdc.c **** {
 1462              		.loc 1 692 1
 1463              		.cfi_startproc
 1464              		@ args = 0, pretend = 0, frame = 16
 1465              		@ frame_needed = 1, uses_anonymous_args = 0
 1466              		@ link register save eliminated.
 1467 0000 80B4     		push	{r7}
 1468              	.LCFI74:
 1469              		.cfi_def_cfa_offset 4
 1470              		.cfi_offset 7, -4
 1471 0002 85B0     		sub	sp, sp, #20
 1472              	.LCFI75:
 1473              		.cfi_def_cfa_offset 24
 1474 0004 00AF     		add	r7, sp, #0
 1475              	.LCFI76:
 1476              		.cfi_def_cfa_register 7
 1477 0006 7860     		str	r0, [r7, #4]
 693:../../../firmware/n32h7xx_std_periph_driver/src/n32h7xx_lcdc.c ****     LCDC_PosType LCDC_Pos_InitStruct;
 694:../../../firmware/n32h7xx_std_periph_driver/src/n32h7xx_lcdc.c **** 
 695:../../../firmware/n32h7xx_std_periph_driver/src/n32h7xx_lcdc.c ****     LCDC->CPSTS &= ~(LCDC_CPSTS_CYPOS | LCDC_CPSTS_CXPOS);
 1478              		.loc 1 695 9
 1479 0008 0C4B     		ldr	r3, .L51
 1480 000a 5B6C     		ldr	r3, [r3, #68]
 1481 000c 0B4B     		ldr	r3, .L51
 1482              		.loc 1 695 17
 1483 000e 0022     		movs	r2, #0
 1484 0010 5A64     		str	r2, [r3, #68]
 696:../../../firmware/n32h7xx_std_periph_driver/src/n32h7xx_lcdc.c **** 
 697:../../../firmware/n32h7xx_std_periph_driver/src/n32h7xx_lcdc.c ****     LCDC_Pos_InitStruct.LCDC_POSX = (uint32_t)(LCDC->CPSTS >> 16);
 1485              		.loc 1 697 52
 1486 0012 0A4B     		ldr	r3, .L51
 1487 0014 5B6C     		ldr	r3, [r3, #68]
ARM GAS  /tmp/cc9q7jXo.s 			page 39


 1488              		.loc 1 697 60
 1489 0016 1B0C     		lsrs	r3, r3, #16
 1490              		.loc 1 697 35
 1491 0018 BB60     		str	r3, [r7, #8]
 698:../../../firmware/n32h7xx_std_periph_driver/src/n32h7xx_lcdc.c ****     LCDC_Pos_InitStruct.LCDC_POSY = (uint32_t)(LCDC->CPSTS & 0xFFFF);
 1492              		.loc 1 698 52
 1493 001a 084B     		ldr	r3, .L51
 1494 001c 5B6C     		ldr	r3, [r3, #68]
 1495              		.loc 1 698 37
 1496 001e 9BB2     		uxth	r3, r3
 1497              		.loc 1 698 35
 1498 0020 FB60     		str	r3, [r7, #12]
 699:../../../firmware/n32h7xx_std_periph_driver/src/n32h7xx_lcdc.c **** 
 700:../../../firmware/n32h7xx_std_periph_driver/src/n32h7xx_lcdc.c ****     return LCDC_Pos_InitStruct;
 1499              		.loc 1 700 12
 1500 0022 7B68     		ldr	r3, [r7, #4]
 1501 0024 1A46     		mov	r2, r3
 1502 0026 07F10803 		add	r3, r7, #8
 1503 002a 93E80300 		ldm	r3, {r0, r1}
 1504 002e 82E80300 		stm	r2, {r0, r1}
 701:../../../firmware/n32h7xx_std_periph_driver/src/n32h7xx_lcdc.c **** }
 1505              		.loc 1 701 1
 1506 0032 7868     		ldr	r0, [r7, #4]
 1507 0034 1437     		adds	r7, r7, #20
 1508              	.LCFI77:
 1509              		.cfi_def_cfa_offset 4
 1510 0036 BD46     		mov	sp, r7
 1511              	.LCFI78:
 1512              		.cfi_def_cfa_register 13
 1513              		@ sp needed
 1514 0038 80BC     		pop	{r7}
 1515              	.LCFI79:
 1516              		.cfi_restore 7
 1517              		.cfi_def_cfa_offset 0
 1518 003a 7047     		bx	lr
 1519              	.L52:
 1520              		.align	2
 1521              	.L51:
 1522 003c 00A00450 		.word	1342480384
 1523              		.cfi_endproc
 1524              	.LFE160:
 1526              		.section	.text.LCDC_PosStructInit,"ax",%progbits
 1527              		.align	1
 1528              		.global	LCDC_PosStructInit
 1529              		.syntax unified
 1530              		.thumb
 1531              		.thumb_func
 1533              	LCDC_PosStructInit:
 1534              	.LFB161:
 702:../../../firmware/n32h7xx_std_periph_driver/src/n32h7xx_lcdc.c **** 
 703:../../../firmware/n32h7xx_std_periph_driver/src/n32h7xx_lcdc.c **** void LCDC_PosStructInit(LCDC_PosType* LCDC_Pos_InitStruct)
 704:../../../firmware/n32h7xx_std_periph_driver/src/n32h7xx_lcdc.c **** {
 1535              		.loc 1 704 1
 1536              		.cfi_startproc
 1537              		@ args = 0, pretend = 0, frame = 8
 1538              		@ frame_needed = 1, uses_anonymous_args = 0
 1539              		@ link register save eliminated.
ARM GAS  /tmp/cc9q7jXo.s 			page 40


 1540 0000 80B4     		push	{r7}
 1541              	.LCFI80:
 1542              		.cfi_def_cfa_offset 4
 1543              		.cfi_offset 7, -4
 1544 0002 83B0     		sub	sp, sp, #12
 1545              	.LCFI81:
 1546              		.cfi_def_cfa_offset 16
 1547 0004 00AF     		add	r7, sp, #0
 1548              	.LCFI82:
 1549              		.cfi_def_cfa_register 7
 1550 0006 7860     		str	r0, [r7, #4]
 705:../../../firmware/n32h7xx_std_periph_driver/src/n32h7xx_lcdc.c ****     LCDC_Pos_InitStruct->LCDC_POSX = 0x00;
 1551              		.loc 1 705 36
 1552 0008 7B68     		ldr	r3, [r7, #4]
 1553 000a 0022     		movs	r2, #0
 1554 000c 1A60     		str	r2, [r3]
 706:../../../firmware/n32h7xx_std_periph_driver/src/n32h7xx_lcdc.c ****     LCDC_Pos_InitStruct->LCDC_POSY = 0x00;
 1555              		.loc 1 706 36
 1556 000e 7B68     		ldr	r3, [r7, #4]
 1557 0010 0022     		movs	r2, #0
 1558 0012 5A60     		str	r2, [r3, #4]
 707:../../../firmware/n32h7xx_std_periph_driver/src/n32h7xx_lcdc.c **** }
 1559              		.loc 1 707 1
 1560 0014 00BF     		nop
 1561 0016 0C37     		adds	r7, r7, #12
 1562              	.LCFI83:
 1563              		.cfi_def_cfa_offset 4
 1564 0018 BD46     		mov	sp, r7
 1565              	.LCFI84:
 1566              		.cfi_def_cfa_register 13
 1567              		@ sp needed
 1568 001a 80BC     		pop	{r7}
 1569              	.LCFI85:
 1570              		.cfi_restore 7
 1571              		.cfi_def_cfa_offset 0
 1572 001c 7047     		bx	lr
 1573              		.cfi_endproc
 1574              	.LFE161:
 1576              		.section	.text.LCDC_GetCDStatus,"ax",%progbits
 1577              		.align	1
 1578              		.global	LCDC_GetCDStatus
 1579              		.syntax unified
 1580              		.thumb
 1581              		.thumb_func
 1583              	LCDC_GetCDStatus:
 1584              	.LFB162:
 708:../../../firmware/n32h7xx_std_periph_driver/src/n32h7xx_lcdc.c **** 
 709:../../../firmware/n32h7xx_std_periph_driver/src/n32h7xx_lcdc.c **** FlagStatus LCDC_GetCDStatus(uint32_t LCDC_CD)
 710:../../../firmware/n32h7xx_std_periph_driver/src/n32h7xx_lcdc.c **** {
 1585              		.loc 1 710 1
 1586              		.cfi_startproc
 1587              		@ args = 0, pretend = 0, frame = 16
 1588              		@ frame_needed = 1, uses_anonymous_args = 0
 1589              		@ link register save eliminated.
 1590 0000 80B4     		push	{r7}
 1591              	.LCFI86:
 1592              		.cfi_def_cfa_offset 4
ARM GAS  /tmp/cc9q7jXo.s 			page 41


 1593              		.cfi_offset 7, -4
 1594 0002 85B0     		sub	sp, sp, #20
 1595              	.LCFI87:
 1596              		.cfi_def_cfa_offset 24
 1597 0004 00AF     		add	r7, sp, #0
 1598              	.LCFI88:
 1599              		.cfi_def_cfa_register 7
 1600 0006 7860     		str	r0, [r7, #4]
 711:../../../firmware/n32h7xx_std_periph_driver/src/n32h7xx_lcdc.c ****     FlagStatus bitstatus;
 712:../../../firmware/n32h7xx_std_periph_driver/src/n32h7xx_lcdc.c **** 
 713:../../../firmware/n32h7xx_std_periph_driver/src/n32h7xx_lcdc.c ****     if ((LCDC->CDSTS & LCDC_CD) != (uint32_t)RESET)
 1601              		.loc 1 713 14
 1602 0008 084B     		ldr	r3, .L58
 1603 000a 9A6C     		ldr	r2, [r3, #72]
 1604              		.loc 1 713 22
 1605 000c 7B68     		ldr	r3, [r7, #4]
 1606 000e 1340     		ands	r3, r3, r2
 1607              		.loc 1 713 8
 1608 0010 002B     		cmp	r3, #0
 1609 0012 02D0     		beq	.L55
 714:../../../firmware/n32h7xx_std_periph_driver/src/n32h7xx_lcdc.c ****     {
 715:../../../firmware/n32h7xx_std_periph_driver/src/n32h7xx_lcdc.c ****         bitstatus = SET;
 1610              		.loc 1 715 19
 1611 0014 0123     		movs	r3, #1
 1612 0016 FB73     		strb	r3, [r7, #15]
 1613 0018 01E0     		b	.L56
 1614              	.L55:
 716:../../../firmware/n32h7xx_std_periph_driver/src/n32h7xx_lcdc.c ****     }
 717:../../../firmware/n32h7xx_std_periph_driver/src/n32h7xx_lcdc.c ****     else
 718:../../../firmware/n32h7xx_std_periph_driver/src/n32h7xx_lcdc.c ****     {
 719:../../../firmware/n32h7xx_std_periph_driver/src/n32h7xx_lcdc.c ****         bitstatus = RESET;
 1615              		.loc 1 719 19
 1616 001a 0023     		movs	r3, #0
 1617 001c FB73     		strb	r3, [r7, #15]
 1618              	.L56:
 720:../../../firmware/n32h7xx_std_periph_driver/src/n32h7xx_lcdc.c ****     }
 721:../../../firmware/n32h7xx_std_periph_driver/src/n32h7xx_lcdc.c **** 
 722:../../../firmware/n32h7xx_std_periph_driver/src/n32h7xx_lcdc.c ****     return bitstatus;
 1619              		.loc 1 722 12
 1620 001e FB7B     		ldrb	r3, [r7, #15]	@ zero_extendqisi2
 723:../../../firmware/n32h7xx_std_periph_driver/src/n32h7xx_lcdc.c **** }
 1621              		.loc 1 723 1
 1622 0020 1846     		mov	r0, r3
 1623 0022 1437     		adds	r7, r7, #20
 1624              	.LCFI89:
 1625              		.cfi_def_cfa_offset 4
 1626 0024 BD46     		mov	sp, r7
 1627              	.LCFI90:
 1628              		.cfi_def_cfa_register 13
 1629              		@ sp needed
 1630 0026 80BC     		pop	{r7}
 1631              	.LCFI91:
 1632              		.cfi_restore 7
 1633              		.cfi_def_cfa_offset 0
 1634 0028 7047     		bx	lr
 1635              	.L59:
 1636 002a 00BF     		.align	2
ARM GAS  /tmp/cc9q7jXo.s 			page 42


 1637              	.L58:
 1638 002c 00A00450 		.word	1342480384
 1639              		.cfi_endproc
 1640              	.LFE162:
 1642              		.section	.text.LCDC_LayerColorKeyingConfig,"ax",%progbits
 1643              		.align	1
 1644              		.global	LCDC_LayerColorKeyingConfig
 1645              		.syntax unified
 1646              		.thumb
 1647              		.thumb_func
 1649              	LCDC_LayerColorKeyingConfig:
 1650              	.LFB163:
 724:../../../firmware/n32h7xx_std_periph_driver/src/n32h7xx_lcdc.c **** 
 725:../../../firmware/n32h7xx_std_periph_driver/src/n32h7xx_lcdc.c **** /**
 726:../../../firmware/n32h7xx_std_periph_driver/src/n32h7xx_lcdc.c **** *\*\name    LCDC_ColorKeyingConfig
 727:../../../firmware/n32h7xx_std_periph_driver/src/n32h7xx_lcdc.c **** *\*\fun     Set and configure the color keying.
 728:../../../firmware/n32h7xx_std_periph_driver/src/n32h7xx_lcdc.c **** *\*\param   LCDC_Layerx: refer to the definition of LCDC_Layer_Module
 729:../../../firmware/n32h7xx_std_periph_driver/src/n32h7xx_lcdc.c **** *\*\          - LCDC_Layer1
 730:../../../firmware/n32h7xx_std_periph_driver/src/n32h7xx_lcdc.c **** *\*\          - LCDC_Layer2
 731:../../../firmware/n32h7xx_std_periph_driver/src/n32h7xx_lcdc.c **** *\*\          - LCDC_Layer3
 732:../../../firmware/n32h7xx_std_periph_driver/src/n32h7xx_lcdc.c **** *\*\          - LCDC_Layer4
 733:../../../firmware/n32h7xx_std_periph_driver/src/n32h7xx_lcdc.c **** *\*\param   LCDC_ColorKeying_InitStruct: refer to the definition of LCDC_ColorKeying_InitType
 734:../../../firmware/n32h7xx_std_periph_driver/src/n32h7xx_lcdc.c **** *\*\          - LCDC_ColorKeyBlue
 735:../../../firmware/n32h7xx_std_periph_driver/src/n32h7xx_lcdc.c **** *\*\            * 0x00 ~ 0xFF
 736:../../../firmware/n32h7xx_std_periph_driver/src/n32h7xx_lcdc.c **** *\*\          - LCDC_ColorKeyGreen
 737:../../../firmware/n32h7xx_std_periph_driver/src/n32h7xx_lcdc.c **** *\*\            * 0x00 ~ 0xFF
 738:../../../firmware/n32h7xx_std_periph_driver/src/n32h7xx_lcdc.c **** *\*\          - LCDC_ColorKeyRed
 739:../../../firmware/n32h7xx_std_periph_driver/src/n32h7xx_lcdc.c **** *\*\            * 0x00 ~ 0xFF
 740:../../../firmware/n32h7xx_std_periph_driver/src/n32h7xx_lcdc.c **** *\*\param   Cmd :
 741:../../../firmware/n32h7xx_std_periph_driver/src/n32h7xx_lcdc.c **** *\*\          - ENABLE
 742:../../../firmware/n32h7xx_std_periph_driver/src/n32h7xx_lcdc.c **** *\*\          - DISABLE
 743:../../../firmware/n32h7xx_std_periph_driver/src/n32h7xx_lcdc.c **** *\*\return  none
 744:../../../firmware/n32h7xx_std_periph_driver/src/n32h7xx_lcdc.c **** **/
 745:../../../firmware/n32h7xx_std_periph_driver/src/n32h7xx_lcdc.c **** void LCDC_LayerColorKeyingConfig(LCDC_Layer_Module* LCDC_Layerx, LCDC_ColorKeying_InitType* LCDC_Co
 746:../../../firmware/n32h7xx_std_periph_driver/src/n32h7xx_lcdc.c **** {
 1651              		.loc 1 746 1
 1652              		.cfi_startproc
 1653              		@ args = 0, pretend = 0, frame = 24
 1654              		@ frame_needed = 1, uses_anonymous_args = 0
 1655              		@ link register save eliminated.
 1656 0000 80B4     		push	{r7}
 1657              	.LCFI92:
 1658              		.cfi_def_cfa_offset 4
 1659              		.cfi_offset 7, -4
 1660 0002 87B0     		sub	sp, sp, #28
 1661              	.LCFI93:
 1662              		.cfi_def_cfa_offset 32
 1663 0004 00AF     		add	r7, sp, #0
 1664              	.LCFI94:
 1665              		.cfi_def_cfa_register 7
 1666 0006 F860     		str	r0, [r7, #12]
 1667 0008 B960     		str	r1, [r7, #8]
 1668 000a 1346     		mov	r3, r2
 1669 000c FB71     		strb	r3, [r7, #7]
 747:../../../firmware/n32h7xx_std_periph_driver/src/n32h7xx_lcdc.c ****     uint32_t tmpckctrl;
 748:../../../firmware/n32h7xx_std_periph_driver/src/n32h7xx_lcdc.c **** 
 749:../../../firmware/n32h7xx_std_periph_driver/src/n32h7xx_lcdc.c ****     if (Cmd != DISABLE)
ARM GAS  /tmp/cc9q7jXo.s 			page 43


 1670              		.loc 1 749 8
 1671 000e FB79     		ldrb	r3, [r7, #7]	@ zero_extendqisi2
 1672 0010 002B     		cmp	r3, #0
 1673 0012 1DD0     		beq	.L61
 750:../../../firmware/n32h7xx_std_periph_driver/src/n32h7xx_lcdc.c ****     {
 751:../../../firmware/n32h7xx_std_periph_driver/src/n32h7xx_lcdc.c ****         /* Enable LCDC color keying by setting COLKEN bit */
 752:../../../firmware/n32h7xx_std_periph_driver/src/n32h7xx_lcdc.c ****         LCDC_Layerx->LCTRL |= (uint32_t)LCDC_LCTRL_CKEN;
 1674              		.loc 1 752 20
 1675 0014 FB68     		ldr	r3, [r7, #12]
 1676 0016 DB68     		ldr	r3, [r3, #12]
 1677              		.loc 1 752 28
 1678 0018 43F00202 		orr	r2, r3, #2
 1679 001c FB68     		ldr	r3, [r7, #12]
 1680 001e DA60     		str	r2, [r3, #12]
 753:../../../firmware/n32h7xx_std_periph_driver/src/n32h7xx_lcdc.c **** 
 754:../../../firmware/n32h7xx_std_periph_driver/src/n32h7xx_lcdc.c ****         /* Sets the color keying values */
 755:../../../firmware/n32h7xx_std_periph_driver/src/n32h7xx_lcdc.c ****         tmpckctrl = LCDC_Layerx ->CKCTRL;
 1681              		.loc 1 755 19
 1682 0020 FB68     		ldr	r3, [r7, #12]
 1683 0022 9B69     		ldr	r3, [r3, #24]
 1684 0024 7B61     		str	r3, [r7, #20]
 756:../../../firmware/n32h7xx_std_periph_driver/src/n32h7xx_lcdc.c ****         tmpckctrl &= (LCDC_CKCTRL_CKR | LCDC_CKCTRL_CKG | LCDC_CKCTRL_CKB);
 1685              		.loc 1 756 19
 1686 0026 7B69     		ldr	r3, [r7, #20]
 1687 0028 23F07F43 		bic	r3, r3, #-16777216
 1688 002c 7B61     		str	r3, [r7, #20]
 757:../../../firmware/n32h7xx_std_periph_driver/src/n32h7xx_lcdc.c ****         tmpckctrl |= ((LCDC_ColorKeying_InitStruct->LCDC_ColorKeyRed << 16) | (LCDC_ColorKeying_Ini
 1689              		.loc 1 757 51
 1690 002e BB68     		ldr	r3, [r7, #8]
 1691 0030 9B68     		ldr	r3, [r3, #8]
 1692              		.loc 1 757 70
 1693 0032 1A04     		lsls	r2, r3, #16
 1694              		.loc 1 757 107
 1695 0034 BB68     		ldr	r3, [r7, #8]
 1696 0036 5B68     		ldr	r3, [r3, #4]
 1697              		.loc 1 757 128
 1698 0038 1B02     		lsls	r3, r3, #8
 1699              		.loc 1 757 77
 1700 003a 1A43     		orrs	r2, r2, r3
 1701              		.loc 1 757 164
 1702 003c BB68     		ldr	r3, [r7, #8]
 1703 003e 1B68     		ldr	r3, [r3]
 1704              		.loc 1 757 134
 1705 0040 1343     		orrs	r3, r3, r2
 1706              		.loc 1 757 19
 1707 0042 7A69     		ldr	r2, [r7, #20]
 1708 0044 1343     		orrs	r3, r3, r2
 1709 0046 7B61     		str	r3, [r7, #20]
 758:../../../firmware/n32h7xx_std_periph_driver/src/n32h7xx_lcdc.c ****         LCDC_Layerx->LCTRL = (uint32_t)tmpckctrl;
 1710              		.loc 1 758 28
 1711 0048 FB68     		ldr	r3, [r7, #12]
 1712 004a 7A69     		ldr	r2, [r7, #20]
 1713 004c DA60     		str	r2, [r3, #12]
 759:../../../firmware/n32h7xx_std_periph_driver/src/n32h7xx_lcdc.c ****     }
 760:../../../firmware/n32h7xx_std_periph_driver/src/n32h7xx_lcdc.c ****     else
 761:../../../firmware/n32h7xx_std_periph_driver/src/n32h7xx_lcdc.c ****     {
 762:../../../firmware/n32h7xx_std_periph_driver/src/n32h7xx_lcdc.c ****         /* Disable LCDC color keying by clearing COLKEN bit */
ARM GAS  /tmp/cc9q7jXo.s 			page 44


 763:../../../firmware/n32h7xx_std_periph_driver/src/n32h7xx_lcdc.c ****         LCDC_Layerx->LCTRL &= (uint32_t)(~LCDC_LCTRL_CKEN);
 764:../../../firmware/n32h7xx_std_periph_driver/src/n32h7xx_lcdc.c ****     }
 765:../../../firmware/n32h7xx_std_periph_driver/src/n32h7xx_lcdc.c **** }
 1714              		.loc 1 765 1
 1715 004e 05E0     		b	.L63
 1716              	.L61:
 763:../../../firmware/n32h7xx_std_periph_driver/src/n32h7xx_lcdc.c ****     }
 1717              		.loc 1 763 20
 1718 0050 FB68     		ldr	r3, [r7, #12]
 1719 0052 DB68     		ldr	r3, [r3, #12]
 763:../../../firmware/n32h7xx_std_periph_driver/src/n32h7xx_lcdc.c ****     }
 1720              		.loc 1 763 28
 1721 0054 23F00202 		bic	r2, r3, #2
 1722 0058 FB68     		ldr	r3, [r7, #12]
 1723 005a DA60     		str	r2, [r3, #12]
 1724              	.L63:
 1725              		.loc 1 765 1
 1726 005c 00BF     		nop
 1727 005e 1C37     		adds	r7, r7, #28
 1728              	.LCFI95:
 1729              		.cfi_def_cfa_offset 4
 1730 0060 BD46     		mov	sp, r7
 1731              	.LCFI96:
 1732              		.cfi_def_cfa_register 13
 1733              		@ sp needed
 1734 0062 80BC     		pop	{r7}
 1735              	.LCFI97:
 1736              		.cfi_restore 7
 1737              		.cfi_def_cfa_offset 0
 1738 0064 7047     		bx	lr
 1739              		.cfi_endproc
 1740              	.LFE163:
 1742              		.section	.text.LCDC_LayerColorKeyingStructInit,"ax",%progbits
 1743              		.align	1
 1744              		.global	LCDC_LayerColorKeyingStructInit
 1745              		.syntax unified
 1746              		.thumb
 1747              		.thumb_func
 1749              	LCDC_LayerColorKeyingStructInit:
 1750              	.LFB164:
 766:../../../firmware/n32h7xx_std_periph_driver/src/n32h7xx_lcdc.c **** 
 767:../../../firmware/n32h7xx_std_periph_driver/src/n32h7xx_lcdc.c **** /**
 768:../../../firmware/n32h7xx_std_periph_driver/src/n32h7xx_lcdc.c **** *\*\name    LCDC_ColorKeyingStructInit
 769:../../../firmware/n32h7xx_std_periph_driver/src/n32h7xx_lcdc.c **** *\*\fun     Fills each LCDC_ColorKeying_InitStruct member with its default value.
 770:../../../firmware/n32h7xx_std_periph_driver/src/n32h7xx_lcdc.c **** *\*\param   LCDC_ColorKeying_InitStruct: refer to the definition of LCDC_ColorKeying_InitType
 771:../../../firmware/n32h7xx_std_periph_driver/src/n32h7xx_lcdc.c **** *\*\          - LCDC_ColorKeyBlue
 772:../../../firmware/n32h7xx_std_periph_driver/src/n32h7xx_lcdc.c **** *\*\            * 0x00 ~ 0xFF
 773:../../../firmware/n32h7xx_std_periph_driver/src/n32h7xx_lcdc.c **** *\*\          - LCDC_ColorKeyGreen
 774:../../../firmware/n32h7xx_std_periph_driver/src/n32h7xx_lcdc.c **** *\*\            * 0x00 ~ 0xFF
 775:../../../firmware/n32h7xx_std_periph_driver/src/n32h7xx_lcdc.c **** *\*\          - LCDC_ColorKeyRed
 776:../../../firmware/n32h7xx_std_periph_driver/src/n32h7xx_lcdc.c **** *\*\            * 0x00 ~ 0xFF
 777:../../../firmware/n32h7xx_std_periph_driver/src/n32h7xx_lcdc.c **** *\*\param   Cmd :
 778:../../../firmware/n32h7xx_std_periph_driver/src/n32h7xx_lcdc.c **** *\*\          - ENABLE
 779:../../../firmware/n32h7xx_std_periph_driver/src/n32h7xx_lcdc.c **** *\*\          - DISABLE
 780:../../../firmware/n32h7xx_std_periph_driver/src/n32h7xx_lcdc.c **** *\*\return  none
 781:../../../firmware/n32h7xx_std_periph_driver/src/n32h7xx_lcdc.c **** **/
 782:../../../firmware/n32h7xx_std_periph_driver/src/n32h7xx_lcdc.c **** void LCDC_LayerColorKeyingStructInit(LCDC_ColorKeying_InitType* LCDC_ColorKeying_InitStruct)
ARM GAS  /tmp/cc9q7jXo.s 			page 45


 783:../../../firmware/n32h7xx_std_periph_driver/src/n32h7xx_lcdc.c **** {
 1751              		.loc 1 783 1
 1752              		.cfi_startproc
 1753              		@ args = 0, pretend = 0, frame = 8
 1754              		@ frame_needed = 1, uses_anonymous_args = 0
 1755              		@ link register save eliminated.
 1756 0000 80B4     		push	{r7}
 1757              	.LCFI98:
 1758              		.cfi_def_cfa_offset 4
 1759              		.cfi_offset 7, -4
 1760 0002 83B0     		sub	sp, sp, #12
 1761              	.LCFI99:
 1762              		.cfi_def_cfa_offset 16
 1763 0004 00AF     		add	r7, sp, #0
 1764              	.LCFI100:
 1765              		.cfi_def_cfa_register 7
 1766 0006 7860     		str	r0, [r7, #4]
 784:../../../firmware/n32h7xx_std_periph_driver/src/n32h7xx_lcdc.c ****     /* Initialize the color keying values */
 785:../../../firmware/n32h7xx_std_periph_driver/src/n32h7xx_lcdc.c ****     LCDC_ColorKeying_InitStruct->LCDC_ColorKeyBlue = 0x00;
 1767              		.loc 1 785 52
 1768 0008 7B68     		ldr	r3, [r7, #4]
 1769 000a 0022     		movs	r2, #0
 1770 000c 1A60     		str	r2, [r3]
 786:../../../firmware/n32h7xx_std_periph_driver/src/n32h7xx_lcdc.c ****     LCDC_ColorKeying_InitStruct->LCDC_ColorKeyGreen = 0x00;
 1771              		.loc 1 786 53
 1772 000e 7B68     		ldr	r3, [r7, #4]
 1773 0010 0022     		movs	r2, #0
 1774 0012 5A60     		str	r2, [r3, #4]
 787:../../../firmware/n32h7xx_std_periph_driver/src/n32h7xx_lcdc.c ****     LCDC_ColorKeying_InitStruct->LCDC_ColorKeyRed = 0x00;
 1775              		.loc 1 787 51
 1776 0014 7B68     		ldr	r3, [r7, #4]
 1777 0016 0022     		movs	r2, #0
 1778 0018 9A60     		str	r2, [r3, #8]
 788:../../../firmware/n32h7xx_std_periph_driver/src/n32h7xx_lcdc.c **** }
 1779              		.loc 1 788 1
 1780 001a 00BF     		nop
 1781 001c 0C37     		adds	r7, r7, #12
 1782              	.LCFI101:
 1783              		.cfi_def_cfa_offset 4
 1784 001e BD46     		mov	sp, r7
 1785              	.LCFI102:
 1786              		.cfi_def_cfa_register 13
 1787              		@ sp needed
 1788 0020 80BC     		pop	{r7}
 1789              	.LCFI103:
 1790              		.cfi_restore 7
 1791              		.cfi_def_cfa_offset 0
 1792 0022 7047     		bx	lr
 1793              		.cfi_endproc
 1794              	.LFE164:
 1796              		.section	.text.LCDC_LayerCLUTEnable,"ax",%progbits
 1797              		.align	1
 1798              		.global	LCDC_LayerCLUTEnable
 1799              		.syntax unified
 1800              		.thumb
 1801              		.thumb_func
 1803              	LCDC_LayerCLUTEnable:
ARM GAS  /tmp/cc9q7jXo.s 			page 46


 1804              	.LFB165:
 789:../../../firmware/n32h7xx_std_periph_driver/src/n32h7xx_lcdc.c **** 
 790:../../../firmware/n32h7xx_std_periph_driver/src/n32h7xx_lcdc.c **** /**
 791:../../../firmware/n32h7xx_std_periph_driver/src/n32h7xx_lcdc.c **** *\*\name    LCDC_CLUTEnable
 792:../../../firmware/n32h7xx_std_periph_driver/src/n32h7xx_lcdc.c **** *\*\fun     Enables or disables CLUT.
 793:../../../firmware/n32h7xx_std_periph_driver/src/n32h7xx_lcdc.c **** *\*\param   LCDC_Layerx: refer to the definition of LCDC_Layer_Module
 794:../../../firmware/n32h7xx_std_periph_driver/src/n32h7xx_lcdc.c **** *\*\          - LCDC_Layer1
 795:../../../firmware/n32h7xx_std_periph_driver/src/n32h7xx_lcdc.c **** *\*\          - LCDC_Layer2
 796:../../../firmware/n32h7xx_std_periph_driver/src/n32h7xx_lcdc.c **** *\*\          - LCDC_Layer3
 797:../../../firmware/n32h7xx_std_periph_driver/src/n32h7xx_lcdc.c **** *\*\          - LCDC_Layer4
 798:../../../firmware/n32h7xx_std_periph_driver/src/n32h7xx_lcdc.c **** *\*\param   Cmd :
 799:../../../firmware/n32h7xx_std_periph_driver/src/n32h7xx_lcdc.c **** *\*\          - ENABLE
 800:../../../firmware/n32h7xx_std_periph_driver/src/n32h7xx_lcdc.c **** *\*\          - DISABLE
 801:../../../firmware/n32h7xx_std_periph_driver/src/n32h7xx_lcdc.c **** *\*\return  none
 802:../../../firmware/n32h7xx_std_periph_driver/src/n32h7xx_lcdc.c **** **/
 803:../../../firmware/n32h7xx_std_periph_driver/src/n32h7xx_lcdc.c **** void LCDC_LayerCLUTEnable(LCDC_Layer_Module* LCDC_Layerx, FunctionalState Cmd)
 804:../../../firmware/n32h7xx_std_periph_driver/src/n32h7xx_lcdc.c **** {
 1805              		.loc 1 804 1
 1806              		.cfi_startproc
 1807              		@ args = 0, pretend = 0, frame = 8
 1808              		@ frame_needed = 1, uses_anonymous_args = 0
 1809              		@ link register save eliminated.
 1810 0000 80B4     		push	{r7}
 1811              	.LCFI104:
 1812              		.cfi_def_cfa_offset 4
 1813              		.cfi_offset 7, -4
 1814 0002 83B0     		sub	sp, sp, #12
 1815              	.LCFI105:
 1816              		.cfi_def_cfa_offset 16
 1817 0004 00AF     		add	r7, sp, #0
 1818              	.LCFI106:
 1819              		.cfi_def_cfa_register 7
 1820 0006 7860     		str	r0, [r7, #4]
 1821 0008 0B46     		mov	r3, r1
 1822 000a FB70     		strb	r3, [r7, #3]
 805:../../../firmware/n32h7xx_std_periph_driver/src/n32h7xx_lcdc.c ****     if (Cmd != DISABLE)
 1823              		.loc 1 805 8
 1824 000c FB78     		ldrb	r3, [r7, #3]	@ zero_extendqisi2
 1825 000e 002B     		cmp	r3, #0
 1826 0010 06D0     		beq	.L66
 806:../../../firmware/n32h7xx_std_periph_driver/src/n32h7xx_lcdc.c ****     {
 807:../../../firmware/n32h7xx_std_periph_driver/src/n32h7xx_lcdc.c ****         /* Enable CLUT by setting CLUTEN bit  */
 808:../../../firmware/n32h7xx_std_periph_driver/src/n32h7xx_lcdc.c ****         LCDC_Layerx->LCTRL |= (uint32_t)LCDC_LCTRL_CLUTEN;
 1827              		.loc 1 808 20
 1828 0012 7B68     		ldr	r3, [r7, #4]
 1829 0014 DB68     		ldr	r3, [r3, #12]
 1830              		.loc 1 808 28
 1831 0016 43F01002 		orr	r2, r3, #16
 1832 001a 7B68     		ldr	r3, [r7, #4]
 1833 001c DA60     		str	r2, [r3, #12]
 809:../../../firmware/n32h7xx_std_periph_driver/src/n32h7xx_lcdc.c ****     }
 810:../../../firmware/n32h7xx_std_periph_driver/src/n32h7xx_lcdc.c ****     else
 811:../../../firmware/n32h7xx_std_periph_driver/src/n32h7xx_lcdc.c ****     {
 812:../../../firmware/n32h7xx_std_periph_driver/src/n32h7xx_lcdc.c ****         /* Disable CLUT by clearing CLUTEN bit */
 813:../../../firmware/n32h7xx_std_periph_driver/src/n32h7xx_lcdc.c ****         LCDC_Layerx->LCTRL &= (uint32_t)(~LCDC_LCTRL_CLUTEN);
 814:../../../firmware/n32h7xx_std_periph_driver/src/n32h7xx_lcdc.c ****     }
 815:../../../firmware/n32h7xx_std_periph_driver/src/n32h7xx_lcdc.c **** }
ARM GAS  /tmp/cc9q7jXo.s 			page 47


 1834              		.loc 1 815 1
 1835 001e 05E0     		b	.L68
 1836              	.L66:
 813:../../../firmware/n32h7xx_std_periph_driver/src/n32h7xx_lcdc.c ****     }
 1837              		.loc 1 813 20
 1838 0020 7B68     		ldr	r3, [r7, #4]
 1839 0022 DB68     		ldr	r3, [r3, #12]
 813:../../../firmware/n32h7xx_std_periph_driver/src/n32h7xx_lcdc.c ****     }
 1840              		.loc 1 813 28
 1841 0024 23F01002 		bic	r2, r3, #16
 1842 0028 7B68     		ldr	r3, [r7, #4]
 1843 002a DA60     		str	r2, [r3, #12]
 1844              	.L68:
 1845              		.loc 1 815 1
 1846 002c 00BF     		nop
 1847 002e 0C37     		adds	r7, r7, #12
 1848              	.LCFI107:
 1849              		.cfi_def_cfa_offset 4
 1850 0030 BD46     		mov	sp, r7
 1851              	.LCFI108:
 1852              		.cfi_def_cfa_register 13
 1853              		@ sp needed
 1854 0032 80BC     		pop	{r7}
 1855              	.LCFI109:
 1856              		.cfi_restore 7
 1857              		.cfi_def_cfa_offset 0
 1858 0034 7047     		bx	lr
 1859              		.cfi_endproc
 1860              	.LFE165:
 1862              		.section	.text.LCDC_LayerCLUTInit,"ax",%progbits
 1863              		.align	1
 1864              		.global	LCDC_LayerCLUTInit
 1865              		.syntax unified
 1866              		.thumb
 1867              		.thumb_func
 1869              	LCDC_LayerCLUTInit:
 1870              	.LFB166:
 816:../../../firmware/n32h7xx_std_periph_driver/src/n32h7xx_lcdc.c **** 
 817:../../../firmware/n32h7xx_std_periph_driver/src/n32h7xx_lcdc.c **** /**
 818:../../../firmware/n32h7xx_std_periph_driver/src/n32h7xx_lcdc.c **** *\*\name    LCDC_CLUTInit
 819:../../../firmware/n32h7xx_std_periph_driver/src/n32h7xx_lcdc.c **** *\*\fun     Configure the CLUT.
 820:../../../firmware/n32h7xx_std_periph_driver/src/n32h7xx_lcdc.c **** *\*\param   LCDC_Layerx: refer to the definition of LCDC_Layer_Module
 821:../../../firmware/n32h7xx_std_periph_driver/src/n32h7xx_lcdc.c **** *\*\          - LCDC_Layer1
 822:../../../firmware/n32h7xx_std_periph_driver/src/n32h7xx_lcdc.c **** *\*\          - LCDC_Layer2
 823:../../../firmware/n32h7xx_std_periph_driver/src/n32h7xx_lcdc.c **** *\*\          - LCDC_Layer3
 824:../../../firmware/n32h7xx_std_periph_driver/src/n32h7xx_lcdc.c **** *\*\          - LCDC_Layer4
 825:../../../firmware/n32h7xx_std_periph_driver/src/n32h7xx_lcdc.c **** *\*\param   LCDC_CLUT_InitStruct: refer to the definition of LCDC_CLUT_InitType
 826:../../../firmware/n32h7xx_std_periph_driver/src/n32h7xx_lcdc.c **** *\*\          - LCDC_CLUTAdress
 827:../../../firmware/n32h7xx_std_periph_driver/src/n32h7xx_lcdc.c **** *\*\            * 0x00 ~ 0xFF
 828:../../../firmware/n32h7xx_std_periph_driver/src/n32h7xx_lcdc.c **** *\*\          - LCDC_RedValue
 829:../../../firmware/n32h7xx_std_periph_driver/src/n32h7xx_lcdc.c **** *\*\            * 0x00 ~ 0xFF
 830:../../../firmware/n32h7xx_std_periph_driver/src/n32h7xx_lcdc.c **** *\*\          - LCDC_GreenValue
 831:../../../firmware/n32h7xx_std_periph_driver/src/n32h7xx_lcdc.c **** *\*\            * 0x00 ~ 0xFF
 832:../../../firmware/n32h7xx_std_periph_driver/src/n32h7xx_lcdc.c **** *\*\          - LCDC_BlueValue
 833:../../../firmware/n32h7xx_std_periph_driver/src/n32h7xx_lcdc.c **** *\*\            * 0x00 ~ 0xFF
 834:../../../firmware/n32h7xx_std_periph_driver/src/n32h7xx_lcdc.c **** *\*\return  none
 835:../../../firmware/n32h7xx_std_periph_driver/src/n32h7xx_lcdc.c **** **/
ARM GAS  /tmp/cc9q7jXo.s 			page 48


 836:../../../firmware/n32h7xx_std_periph_driver/src/n32h7xx_lcdc.c **** void LCDC_LayerCLUTInit(LCDC_Layer_Module* LCDC_Layerx, LCDC_CLUT_InitType* LCDC_CLUT_InitStruct)
 837:../../../firmware/n32h7xx_std_periph_driver/src/n32h7xx_lcdc.c **** {
 1871              		.loc 1 837 1
 1872              		.cfi_startproc
 1873              		@ args = 0, pretend = 0, frame = 16
 1874              		@ frame_needed = 1, uses_anonymous_args = 0
 1875              		@ link register save eliminated.
 1876 0000 80B4     		push	{r7}
 1877              	.LCFI110:
 1878              		.cfi_def_cfa_offset 4
 1879              		.cfi_offset 7, -4
 1880 0002 85B0     		sub	sp, sp, #20
 1881              	.LCFI111:
 1882              		.cfi_def_cfa_offset 24
 1883 0004 00AF     		add	r7, sp, #0
 1884              	.LCFI112:
 1885              		.cfi_def_cfa_register 7
 1886 0006 7860     		str	r0, [r7, #4]
 1887 0008 3960     		str	r1, [r7]
 838:../../../firmware/n32h7xx_std_periph_driver/src/n32h7xx_lcdc.c ****     uint32_t tmpclutwr;
 839:../../../firmware/n32h7xx_std_periph_driver/src/n32h7xx_lcdc.c **** 
 840:../../../firmware/n32h7xx_std_periph_driver/src/n32h7xx_lcdc.c ****     /* Set the CLUT address and RGB value */
 841:../../../firmware/n32h7xx_std_periph_driver/src/n32h7xx_lcdc.c ****     tmpclutwr = LCDC_Layerx ->CLUTWR;
 1888              		.loc 1 841 15
 1889 000a 7B68     		ldr	r3, [r7, #4]
 1890 000c 1B6D     		ldr	r3, [r3, #80]
 1891 000e FB60     		str	r3, [r7, #12]
 842:../../../firmware/n32h7xx_std_periph_driver/src/n32h7xx_lcdc.c ****     tmpclutwr &= (LCDC_CLUTWR_CLUTADDR | LCDC_CLUTWR_CLUTR | LCDC_CLUTWR_CLUTG | LCDC_CLUTWR_CLUTB)
 843:../../../firmware/n32h7xx_std_periph_driver/src/n32h7xx_lcdc.c ****     tmpclutwr |= ((LCDC_CLUT_InitStruct->LCDC_CLUTAdress << 24) | (LCDC_CLUT_InitStruct->LCDC_RedVa
 1892              		.loc 1 843 40
 1893 0010 3B68     		ldr	r3, [r7]
 1894 0012 1B68     		ldr	r3, [r3]
 1895              		.loc 1 843 58
 1896 0014 1A06     		lsls	r2, r3, #24
 1897              		.loc 1 843 88
 1898 0016 3B68     		ldr	r3, [r7]
 1899 0018 5B68     		ldr	r3, [r3, #4]
 1900              		.loc 1 843 104
 1901 001a 1B04     		lsls	r3, r3, #16
 1902              		.loc 1 843 65
 1903 001c 1A43     		orrs	r2, r2, r3
 844:../../../firmware/n32h7xx_std_periph_driver/src/n32h7xx_lcdc.c ****                   (LCDC_CLUT_InitStruct->LCDC_GreenValue << 8) | (LCDC_CLUT_InitStruct->LCDC_BlueVa
 1904              		.loc 1 844 40
 1905 001e 3B68     		ldr	r3, [r7]
 1906 0020 9B68     		ldr	r3, [r3, #8]
 1907              		.loc 1 844 58
 1908 0022 1B02     		lsls	r3, r3, #8
 843:../../../firmware/n32h7xx_std_periph_driver/src/n32h7xx_lcdc.c ****                   (LCDC_CLUT_InitStruct->LCDC_GreenValue << 8) | (LCDC_CLUT_InitStruct->LCDC_BlueVa
 1909              		.loc 1 843 111
 1910 0024 1A43     		orrs	r2, r2, r3
 1911              		.loc 1 844 87
 1912 0026 3B68     		ldr	r3, [r7]
 1913 0028 DB68     		ldr	r3, [r3, #12]
 1914              		.loc 1 844 64
 1915 002a 1343     		orrs	r3, r3, r2
 843:../../../firmware/n32h7xx_std_periph_driver/src/n32h7xx_lcdc.c ****                   (LCDC_CLUT_InitStruct->LCDC_GreenValue << 8) | (LCDC_CLUT_InitStruct->LCDC_BlueVa
 1916              		.loc 1 843 15
ARM GAS  /tmp/cc9q7jXo.s 			page 49


 1917 002c FA68     		ldr	r2, [r7, #12]
 1918 002e 1343     		orrs	r3, r3, r2
 1919 0030 FB60     		str	r3, [r7, #12]
 845:../../../firmware/n32h7xx_std_periph_driver/src/n32h7xx_lcdc.c **** 
 846:../../../firmware/n32h7xx_std_periph_driver/src/n32h7xx_lcdc.c ****     LCDC_Layerx->CLUTWR = (uint32_t)tmpclutwr;
 1920              		.loc 1 846 25
 1921 0032 7B68     		ldr	r3, [r7, #4]
 1922 0034 FA68     		ldr	r2, [r7, #12]
 1923 0036 1A65     		str	r2, [r3, #80]
 847:../../../firmware/n32h7xx_std_periph_driver/src/n32h7xx_lcdc.c **** }
 1924              		.loc 1 847 1
 1925 0038 00BF     		nop
 1926 003a 1437     		adds	r7, r7, #20
 1927              	.LCFI113:
 1928              		.cfi_def_cfa_offset 4
 1929 003c BD46     		mov	sp, r7
 1930              	.LCFI114:
 1931              		.cfi_def_cfa_register 13
 1932              		@ sp needed
 1933 003e 80BC     		pop	{r7}
 1934              	.LCFI115:
 1935              		.cfi_restore 7
 1936              		.cfi_def_cfa_offset 0
 1937 0040 7047     		bx	lr
 1938              		.cfi_endproc
 1939              	.LFE166:
 1941              		.section	.text.LCDC_LayerCLUTStructInit,"ax",%progbits
 1942              		.align	1
 1943              		.global	LCDC_LayerCLUTStructInit
 1944              		.syntax unified
 1945              		.thumb
 1946              		.thumb_func
 1948              	LCDC_LayerCLUTStructInit:
 1949              	.LFB167:
 848:../../../firmware/n32h7xx_std_periph_driver/src/n32h7xx_lcdc.c **** 
 849:../../../firmware/n32h7xx_std_periph_driver/src/n32h7xx_lcdc.c **** /**
 850:../../../firmware/n32h7xx_std_periph_driver/src/n32h7xx_lcdc.c **** *\*\name    LCDC_CLUTStructInit
 851:../../../firmware/n32h7xx_std_periph_driver/src/n32h7xx_lcdc.c **** *\*\fun     Fills each LCDC_CLUT_InitStruct member with its default value.
 852:../../../firmware/n32h7xx_std_periph_driver/src/n32h7xx_lcdc.c **** *\*\param   LCDC_CLUT_InitStruct: refer to the definition of LCDC_CLUT_InitType
 853:../../../firmware/n32h7xx_std_periph_driver/src/n32h7xx_lcdc.c **** *\*\          - LCDC_CLUTAdress
 854:../../../firmware/n32h7xx_std_periph_driver/src/n32h7xx_lcdc.c **** *\*\            * 0x00 ~ 0xFF
 855:../../../firmware/n32h7xx_std_periph_driver/src/n32h7xx_lcdc.c **** *\*\          - LCDC_RedValue
 856:../../../firmware/n32h7xx_std_periph_driver/src/n32h7xx_lcdc.c **** *\*\            * 0x00 ~ 0xFF
 857:../../../firmware/n32h7xx_std_periph_driver/src/n32h7xx_lcdc.c **** *\*\          - LCDC_GreenValue
 858:../../../firmware/n32h7xx_std_periph_driver/src/n32h7xx_lcdc.c **** *\*\            * 0x00 ~ 0xFF
 859:../../../firmware/n32h7xx_std_periph_driver/src/n32h7xx_lcdc.c **** *\*\          - LCDC_BlueValue
 860:../../../firmware/n32h7xx_std_periph_driver/src/n32h7xx_lcdc.c **** *\*\            * 0x00 ~ 0xFF
 861:../../../firmware/n32h7xx_std_periph_driver/src/n32h7xx_lcdc.c **** *\*\return  none
 862:../../../firmware/n32h7xx_std_periph_driver/src/n32h7xx_lcdc.c **** **/
 863:../../../firmware/n32h7xx_std_periph_driver/src/n32h7xx_lcdc.c **** void LCDC_LayerCLUTStructInit(LCDC_CLUT_InitType* LCDC_CLUT_InitStruct)
 864:../../../firmware/n32h7xx_std_periph_driver/src/n32h7xx_lcdc.c **** {
 1950              		.loc 1 864 1
 1951              		.cfi_startproc
 1952              		@ args = 0, pretend = 0, frame = 8
 1953              		@ frame_needed = 1, uses_anonymous_args = 0
 1954              		@ link register save eliminated.
 1955 0000 80B4     		push	{r7}
ARM GAS  /tmp/cc9q7jXo.s 			page 50


 1956              	.LCFI116:
 1957              		.cfi_def_cfa_offset 4
 1958              		.cfi_offset 7, -4
 1959 0002 83B0     		sub	sp, sp, #12
 1960              	.LCFI117:
 1961              		.cfi_def_cfa_offset 16
 1962 0004 00AF     		add	r7, sp, #0
 1963              	.LCFI118:
 1964              		.cfi_def_cfa_register 7
 1965 0006 7860     		str	r0, [r7, #4]
 865:../../../firmware/n32h7xx_std_periph_driver/src/n32h7xx_lcdc.c ****     /* Initialize the CLUT address and RGB values */
 866:../../../firmware/n32h7xx_std_periph_driver/src/n32h7xx_lcdc.c ****     LCDC_CLUT_InitStruct->LCDC_CLUTAdress = 0x00;
 1966              		.loc 1 866 43
 1967 0008 7B68     		ldr	r3, [r7, #4]
 1968 000a 0022     		movs	r2, #0
 1969 000c 1A60     		str	r2, [r3]
 867:../../../firmware/n32h7xx_std_periph_driver/src/n32h7xx_lcdc.c ****     LCDC_CLUT_InitStruct->LCDC_RedValue   = 0x00;
 1970              		.loc 1 867 43
 1971 000e 7B68     		ldr	r3, [r7, #4]
 1972 0010 0022     		movs	r2, #0
 1973 0012 5A60     		str	r2, [r3, #4]
 868:../../../firmware/n32h7xx_std_periph_driver/src/n32h7xx_lcdc.c ****     LCDC_CLUT_InitStruct->LCDC_GreenValue = 0x00;
 1974              		.loc 1 868 43
 1975 0014 7B68     		ldr	r3, [r7, #4]
 1976 0016 0022     		movs	r2, #0
 1977 0018 9A60     		str	r2, [r3, #8]
 869:../../../firmware/n32h7xx_std_periph_driver/src/n32h7xx_lcdc.c ****     LCDC_CLUT_InitStruct->LCDC_BlueValue  = 0x00;
 1978              		.loc 1 869 43
 1979 001a 7B68     		ldr	r3, [r7, #4]
 1980 001c 0022     		movs	r2, #0
 1981 001e DA60     		str	r2, [r3, #12]
 870:../../../firmware/n32h7xx_std_periph_driver/src/n32h7xx_lcdc.c **** }
 1982              		.loc 1 870 1
 1983 0020 00BF     		nop
 1984 0022 0C37     		adds	r7, r7, #12
 1985              	.LCFI119:
 1986              		.cfi_def_cfa_offset 4
 1987 0024 BD46     		mov	sp, r7
 1988              	.LCFI120:
 1989              		.cfi_def_cfa_register 13
 1990              		@ sp needed
 1991 0026 80BC     		pop	{r7}
 1992              	.LCFI121:
 1993              		.cfi_restore 7
 1994              		.cfi_def_cfa_offset 0
 1995 0028 7047     		bx	lr
 1996              		.cfi_endproc
 1997              	.LFE167:
 1999              		.section	.text.LCDC_LayerPosition,"ax",%progbits
 2000              		.align	1
 2001              		.global	LCDC_LayerPosition
 2002              		.syntax unified
 2003              		.thumb
 2004              		.thumb_func
 2006              	LCDC_LayerPosition:
 2007              	.LFB168:
 871:../../../firmware/n32h7xx_std_periph_driver/src/n32h7xx_lcdc.c **** 
ARM GAS  /tmp/cc9q7jXo.s 			page 51


 872:../../../firmware/n32h7xx_std_periph_driver/src/n32h7xx_lcdc.c **** 
 873:../../../firmware/n32h7xx_std_periph_driver/src/n32h7xx_lcdc.c **** /**
 874:../../../firmware/n32h7xx_std_periph_driver/src/n32h7xx_lcdc.c **** *\*\name    LCDC_LayerPosition
 875:../../../firmware/n32h7xx_std_periph_driver/src/n32h7xx_lcdc.c **** *\*\fun     Reconfigure the layer position.
 876:../../../firmware/n32h7xx_std_periph_driver/src/n32h7xx_lcdc.c **** *\*\param   LCDC_Layerx: refer to the definition of LCDC_Layer_Module
 877:../../../firmware/n32h7xx_std_periph_driver/src/n32h7xx_lcdc.c **** *\*\          - LCDC_Layer1
 878:../../../firmware/n32h7xx_std_periph_driver/src/n32h7xx_lcdc.c **** *\*\          - LCDC_Layer2
 879:../../../firmware/n32h7xx_std_periph_driver/src/n32h7xx_lcdc.c **** *\*\          - LCDC_Layer3
 880:../../../firmware/n32h7xx_std_periph_driver/src/n32h7xx_lcdc.c **** *\*\          - LCDC_Layer4
 881:../../../firmware/n32h7xx_std_periph_driver/src/n32h7xx_lcdc.c **** *\*\param   OffsetX
 882:../../../firmware/n32h7xx_std_periph_driver/src/n32h7xx_lcdc.c **** *\*\          - 0x0000 ~ 0xFFFF
 883:../../../firmware/n32h7xx_std_periph_driver/src/n32h7xx_lcdc.c **** *\*\param   OffsetY
 884:../../../firmware/n32h7xx_std_periph_driver/src/n32h7xx_lcdc.c **** *\*\          - 0x0000 ~ 0xFFFF
 885:../../../firmware/n32h7xx_std_periph_driver/src/n32h7xx_lcdc.c **** *\*\return  none
 886:../../../firmware/n32h7xx_std_periph_driver/src/n32h7xx_lcdc.c **** **/
 887:../../../firmware/n32h7xx_std_periph_driver/src/n32h7xx_lcdc.c **** void LCDC_LayerPosition(LCDC_Layer_Module* LCDC_Layerx, uint16_t OffsetX, uint16_t OffsetY)
 888:../../../firmware/n32h7xx_std_periph_driver/src/n32h7xx_lcdc.c **** {
 2008              		.loc 1 888 1
 2009              		.cfi_startproc
 2010              		@ args = 0, pretend = 0, frame = 48
 2011              		@ frame_needed = 1, uses_anonymous_args = 0
 2012              		@ link register save eliminated.
 2013 0000 80B4     		push	{r7}
 2014              	.LCFI122:
 2015              		.cfi_def_cfa_offset 4
 2016              		.cfi_offset 7, -4
 2017 0002 8DB0     		sub	sp, sp, #52
 2018              	.LCFI123:
 2019              		.cfi_def_cfa_offset 56
 2020 0004 00AF     		add	r7, sp, #0
 2021              	.LCFI124:
 2022              		.cfi_def_cfa_register 7
 2023 0006 7860     		str	r0, [r7, #4]
 2024 0008 0B46     		mov	r3, r1
 2025 000a 7B80     		strh	r3, [r7, #2]	@ movhi
 2026 000c 1346     		mov	r3, r2	@ movhi
 2027 000e 3B80     		strh	r3, [r7]	@ movhi
 889:../../../firmware/n32h7xx_std_periph_driver/src/n32h7xx_lcdc.c ****     uint32_t tmpbpctrl;
 890:../../../firmware/n32h7xx_std_periph_driver/src/n32h7xx_lcdc.c ****     uint32_t tmppfctrl;
 891:../../../firmware/n32h7xx_std_periph_driver/src/n32h7xx_lcdc.c ****     uint32_t tmpcfblen;
 892:../../../firmware/n32h7xx_std_periph_driver/src/n32h7xx_lcdc.c ****     uint32_t tmpcfblnum;
 893:../../../firmware/n32h7xx_std_periph_driver/src/n32h7xx_lcdc.c ****     uint32_t horizontal_start;
 894:../../../firmware/n32h7xx_std_periph_driver/src/n32h7xx_lcdc.c ****     uint32_t horizontal_stop;
 895:../../../firmware/n32h7xx_std_periph_driver/src/n32h7xx_lcdc.c ****     uint32_t vertical_start;
 896:../../../firmware/n32h7xx_std_periph_driver/src/n32h7xx_lcdc.c ****     uint32_t vertical_stop;
 897:../../../firmware/n32h7xx_std_periph_driver/src/n32h7xx_lcdc.c ****     uint8_t tmp;
 898:../../../firmware/n32h7xx_std_periph_driver/src/n32h7xx_lcdc.c **** 
 899:../../../firmware/n32h7xx_std_periph_driver/src/n32h7xx_lcdc.c ****     LCDC_Layerx->WHPCTRL &= ~(LCDC_WHPCTRL_WHSTPOS | LCDC_WHPCTRL_WHSPPOS);
 2028              		.loc 1 899 16
 2029 0010 7B68     		ldr	r3, [r7, #4]
 2030 0012 1B69     		ldr	r3, [r3, #16]
 2031              		.loc 1 899 26
 2032 0014 7B68     		ldr	r3, [r7, #4]
 2033 0016 0022     		movs	r2, #0
 2034 0018 1A61     		str	r2, [r3, #16]
 900:../../../firmware/n32h7xx_std_periph_driver/src/n32h7xx_lcdc.c ****     LCDC_Layerx->WVPCTRL &= ~(LCDC_WVPCTRL_WVSTPOS | LCDC_WVPCTRL_WVSPPOS);
 2035              		.loc 1 900 16
ARM GAS  /tmp/cc9q7jXo.s 			page 52


 2036 001a 7B68     		ldr	r3, [r7, #4]
 2037 001c 5B69     		ldr	r3, [r3, #20]
 2038              		.loc 1 900 26
 2039 001e 7B68     		ldr	r3, [r7, #4]
 2040 0020 0022     		movs	r2, #0
 2041 0022 5A61     		str	r2, [r3, #20]
 901:../../../firmware/n32h7xx_std_periph_driver/src/n32h7xx_lcdc.c **** 
 902:../../../firmware/n32h7xx_std_periph_driver/src/n32h7xx_lcdc.c ****     /* Reconfigures the horizontal and vertical start position */
 903:../../../firmware/n32h7xx_std_periph_driver/src/n32h7xx_lcdc.c ****     tmpbpctrl = LCDC->BPCTRL;
 2042              		.loc 1 903 21
 2043 0024 3B4B     		ldr	r3, .L75
 2044              		.loc 1 903 15
 2045 0026 DB68     		ldr	r3, [r3, #12]
 2046 0028 BB62     		str	r3, [r7, #40]
 904:../../../firmware/n32h7xx_std_periph_driver/src/n32h7xx_lcdc.c ****     horizontal_start = (tmpbpctrl >> 16) + 1 + OffsetX;
 2047              		.loc 1 904 35
 2048 002a BB6A     		ldr	r3, [r7, #40]
 2049 002c 1A0C     		lsrs	r2, r3, #16
 2050              		.loc 1 904 46
 2051 002e 7B88     		ldrh	r3, [r7, #2]
 2052 0030 1344     		add	r3, r3, r2
 2053              		.loc 1 904 22
 2054 0032 0133     		adds	r3, r3, #1
 2055 0034 7B62     		str	r3, [r7, #36]
 905:../../../firmware/n32h7xx_std_periph_driver/src/n32h7xx_lcdc.c ****     vertical_start = (tmpbpctrl & 0xFFFF) + 1 + OffsetY;
 2056              		.loc 1 905 33
 2057 0036 BB6A     		ldr	r3, [r7, #40]
 2058 0038 9AB2     		uxth	r2, r3
 2059              		.loc 1 905 47
 2060 003a 3B88     		ldrh	r3, [r7]
 2061 003c 1344     		add	r3, r3, r2
 2062              		.loc 1 905 20
 2063 003e 0133     		adds	r3, r3, #1
 2064 0040 3B62     		str	r3, [r7, #32]
 906:../../../firmware/n32h7xx_std_periph_driver/src/n32h7xx_lcdc.c **** 
 907:../../../firmware/n32h7xx_std_periph_driver/src/n32h7xx_lcdc.c ****     tmppfctrl = LCDC_Layerx ->PFCTRL;
 2065              		.loc 1 907 15
 2066 0042 7B68     		ldr	r3, [r7, #4]
 2067 0044 DB69     		ldr	r3, [r3, #28]
 2068 0046 FB61     		str	r3, [r7, #28]
 908:../../../firmware/n32h7xx_std_periph_driver/src/n32h7xx_lcdc.c **** 
 909:../../../firmware/n32h7xx_std_periph_driver/src/n32h7xx_lcdc.c ****     if((tmppfctrl == LCDC_PIXEL_FORMAT_ARGB8888) | (tmppfctrl == LCDC_PIXEL_FORMAT_ABGR8888) | (tmp
 2069              		.loc 1 909 50
 2070 0048 FB69     		ldr	r3, [r7, #28]
 2071 004a 002B     		cmp	r3, #0
 2072 004c 0CBF     		ite	eq
 2073 004e 0123     		moveq	r3, #1
 2074 0050 0023     		movne	r3, #0
 2075 0052 DAB2     		uxtb	r2, r3
 2076 0054 FB69     		ldr	r3, [r7, #28]
 2077 0056 012B     		cmp	r3, #1
 2078 0058 0CBF     		ite	eq
 2079 005a 0123     		moveq	r3, #1
 2080 005c 0023     		movne	r3, #0
 2081 005e DBB2     		uxtb	r3, r3
 2082 0060 1343     		orrs	r3, r3, r2
 2083 0062 DBB2     		uxtb	r3, r3
ARM GAS  /tmp/cc9q7jXo.s 			page 53


 2084 0064 1A46     		mov	r2, r3
 2085              		.loc 1 909 107
 2086 0066 FB69     		ldr	r3, [r7, #28]
 2087 0068 022B     		cmp	r3, #2
 2088 006a 0CBF     		ite	eq
 2089 006c 0123     		moveq	r3, #1
 2090 006e 0023     		movne	r3, #0
 2091 0070 DBB2     		uxtb	r3, r3
 2092              		.loc 1 909 94
 2093 0072 1343     		orrs	r3, r3, r2
 2094              		.loc 1 909 151
 2095 0074 FA69     		ldr	r2, [r7, #28]
 2096 0076 032A     		cmp	r2, #3
 2097 0078 0CBF     		ite	eq
 2098 007a 0122     		moveq	r2, #1
 2099 007c 0022     		movne	r2, #0
 2100 007e D2B2     		uxtb	r2, r2
 2101              		.loc 1 909 138
 2102 0080 1343     		orrs	r3, r3, r2
 2103              		.loc 1 909 7
 2104 0082 002B     		cmp	r3, #0
 2105 0084 03D0     		beq	.L72
 910:../../../firmware/n32h7xx_std_periph_driver/src/n32h7xx_lcdc.c ****     {
 911:../../../firmware/n32h7xx_std_periph_driver/src/n32h7xx_lcdc.c ****         tmp = 4;
 2106              		.loc 1 911 13
 2107 0086 0423     		movs	r3, #4
 2108 0088 87F82F30 		strb	r3, [r7, #47]
 2109 008c 19E0     		b	.L73
 2110              	.L72:
 912:../../../firmware/n32h7xx_std_periph_driver/src/n32h7xx_lcdc.c ****     }
 913:../../../firmware/n32h7xx_std_periph_driver/src/n32h7xx_lcdc.c ****     else if(tmppfctrl == LCDC_PIXEL_FORMAT_RGB888)
 2111              		.loc 1 913 12
 2112 008e FB69     		ldr	r3, [r7, #28]
 2113 0090 062B     		cmp	r3, #6
 2114 0092 03D1     		bne	.L74
 914:../../../firmware/n32h7xx_std_periph_driver/src/n32h7xx_lcdc.c ****     {
 915:../../../firmware/n32h7xx_std_periph_driver/src/n32h7xx_lcdc.c ****         tmp = 3;
 2115              		.loc 1 915 13
 2116 0094 0323     		movs	r3, #3
 2117 0096 87F82F30 		strb	r3, [r7, #47]
 2118 009a 12E0     		b	.L73
 2119              	.L74:
 916:../../../firmware/n32h7xx_std_periph_driver/src/n32h7xx_lcdc.c ****     }
 917:../../../firmware/n32h7xx_std_periph_driver/src/n32h7xx_lcdc.c ****     else if((tmppfctrl == LCDC_PIXEL_FORMAT_RGB565) | (tmppfctrl == LCDC_PIXEL_FORMAT_BGR565))
 2120              		.loc 1 917 53
 2121 009c FB69     		ldr	r3, [r7, #28]
 2122 009e 042B     		cmp	r3, #4
 2123 00a0 0CBF     		ite	eq
 2124 00a2 0123     		moveq	r3, #1
 2125 00a4 0023     		movne	r3, #0
 2126 00a6 DAB2     		uxtb	r2, r3
 2127 00a8 FB69     		ldr	r3, [r7, #28]
 2128 00aa 052B     		cmp	r3, #5
 2129 00ac 0CBF     		ite	eq
 2130 00ae 0123     		moveq	r3, #1
 2131 00b0 0023     		movne	r3, #0
 2132 00b2 DBB2     		uxtb	r3, r3
ARM GAS  /tmp/cc9q7jXo.s 			page 54


 2133 00b4 1343     		orrs	r3, r3, r2
 2134 00b6 DBB2     		uxtb	r3, r3
 2135              		.loc 1 917 12
 2136 00b8 002B     		cmp	r3, #0
 2137 00ba 02D0     		beq	.L73
 918:../../../firmware/n32h7xx_std_periph_driver/src/n32h7xx_lcdc.c ****     {
 919:../../../firmware/n32h7xx_std_periph_driver/src/n32h7xx_lcdc.c ****         tmp = 2;
 2138              		.loc 1 919 13
 2139 00bc 0223     		movs	r3, #2
 2140 00be 87F82F30 		strb	r3, [r7, #47]
 2141              	.L73:
 920:../../../firmware/n32h7xx_std_periph_driver/src/n32h7xx_lcdc.c ****     }
 921:../../../firmware/n32h7xx_std_periph_driver/src/n32h7xx_lcdc.c ****     else
 922:../../../firmware/n32h7xx_std_periph_driver/src/n32h7xx_lcdc.c ****     {
 923:../../../firmware/n32h7xx_std_periph_driver/src/n32h7xx_lcdc.c **** 
 924:../../../firmware/n32h7xx_std_periph_driver/src/n32h7xx_lcdc.c ****     }
 925:../../../firmware/n32h7xx_std_periph_driver/src/n32h7xx_lcdc.c **** 
 926:../../../firmware/n32h7xx_std_periph_driver/src/n32h7xx_lcdc.c ****     tmpcfblen = LCDC_Layerx->CFBLEN;
 2142              		.loc 1 926 15
 2143 00c2 7B68     		ldr	r3, [r7, #4]
 2144 00c4 9B6B     		ldr	r3, [r3, #56]
 2145 00c6 BB61     		str	r3, [r7, #24]
 927:../../../firmware/n32h7xx_std_periph_driver/src/n32h7xx_lcdc.c ****     horizontal_stop = (((tmpcfblen & 0xFFFF) - 3) / tmp) + horizontal_start - 1;
 2146              		.loc 1 927 36
 2147 00c8 BB69     		ldr	r3, [r7, #24]
 2148 00ca 9BB2     		uxth	r3, r3
 2149              		.loc 1 927 46
 2150 00cc DA1E     		subs	r2, r3, #3
 2151              		.loc 1 927 51
 2152 00ce 97F82F30 		ldrb	r3, [r7, #47]	@ zero_extendqisi2
 2153 00d2 B2FBF3F2 		udiv	r2, r2, r3
 2154              		.loc 1 927 58
 2155 00d6 7B6A     		ldr	r3, [r7, #36]
 2156 00d8 1344     		add	r3, r3, r2
 2157              		.loc 1 927 21
 2158 00da 013B     		subs	r3, r3, #1
 2159 00dc 7B61     		str	r3, [r7, #20]
 928:../../../firmware/n32h7xx_std_periph_driver/src/n32h7xx_lcdc.c **** 
 929:../../../firmware/n32h7xx_std_periph_driver/src/n32h7xx_lcdc.c ****     tmpcfblnum = LCDC_Layerx->CFBLNUM;
 2160              		.loc 1 929 16
 2161 00de 7B68     		ldr	r3, [r7, #4]
 2162 00e0 DB6B     		ldr	r3, [r3, #60]
 2163 00e2 3B61     		str	r3, [r7, #16]
 930:../../../firmware/n32h7xx_std_periph_driver/src/n32h7xx_lcdc.c ****     vertical_stop = (tmpcfblnum & 0xFFFF) + vertical_start - 1;
 2164              		.loc 1 930 33
 2165 00e4 3B69     		ldr	r3, [r7, #16]
 2166 00e6 9AB2     		uxth	r2, r3
 2167              		.loc 1 930 43
 2168 00e8 3B6A     		ldr	r3, [r7, #32]
 2169 00ea 1344     		add	r3, r3, r2
 2170              		.loc 1 930 19
 2171 00ec 013B     		subs	r3, r3, #1
 2172 00ee FB60     		str	r3, [r7, #12]
 931:../../../firmware/n32h7xx_std_periph_driver/src/n32h7xx_lcdc.c **** 
 932:../../../firmware/n32h7xx_std_periph_driver/src/n32h7xx_lcdc.c ****     LCDC_Layerx->WHPCTRL = horizontal_start | (horizontal_stop << 16);
 2173              		.loc 1 932 64
 2174 00f0 7B69     		ldr	r3, [r7, #20]
ARM GAS  /tmp/cc9q7jXo.s 			page 55


 2175 00f2 1A04     		lsls	r2, r3, #16
 2176              		.loc 1 932 45
 2177 00f4 7B6A     		ldr	r3, [r7, #36]
 2178 00f6 1A43     		orrs	r2, r2, r3
 2179              		.loc 1 932 26
 2180 00f8 7B68     		ldr	r3, [r7, #4]
 2181 00fa 1A61     		str	r2, [r3, #16]
 933:../../../firmware/n32h7xx_std_periph_driver/src/n32h7xx_lcdc.c ****     LCDC_Layerx->WVPCTRL = vertical_start | (vertical_stop << 16);
 2182              		.loc 1 933 60
 2183 00fc FB68     		ldr	r3, [r7, #12]
 2184 00fe 1A04     		lsls	r2, r3, #16
 2185              		.loc 1 933 43
 2186 0100 3B6A     		ldr	r3, [r7, #32]
 2187 0102 1A43     		orrs	r2, r2, r3
 2188              		.loc 1 933 26
 2189 0104 7B68     		ldr	r3, [r7, #4]
 2190 0106 5A61     		str	r2, [r3, #20]
 934:../../../firmware/n32h7xx_std_periph_driver/src/n32h7xx_lcdc.c **** }
 2191              		.loc 1 934 1
 2192 0108 00BF     		nop
 2193 010a 3437     		adds	r7, r7, #52
 2194              	.LCFI125:
 2195              		.cfi_def_cfa_offset 4
 2196 010c BD46     		mov	sp, r7
 2197              	.LCFI126:
 2198              		.cfi_def_cfa_register 13
 2199              		@ sp needed
 2200 010e 80BC     		pop	{r7}
 2201              	.LCFI127:
 2202              		.cfi_restore 7
 2203              		.cfi_def_cfa_offset 0
 2204 0110 7047     		bx	lr
 2205              	.L76:
 2206 0112 00BF     		.align	2
 2207              	.L75:
 2208 0114 00A00450 		.word	1342480384
 2209              		.cfi_endproc
 2210              	.LFE168:
 2212              		.section	.text.LCDC_LayerAlpha,"ax",%progbits
 2213              		.align	1
 2214              		.global	LCDC_LayerAlpha
 2215              		.syntax unified
 2216              		.thumb
 2217              		.thumb_func
 2219              	LCDC_LayerAlpha:
 2220              	.LFB169:
 935:../../../firmware/n32h7xx_std_periph_driver/src/n32h7xx_lcdc.c **** 
 936:../../../firmware/n32h7xx_std_periph_driver/src/n32h7xx_lcdc.c **** /**
 937:../../../firmware/n32h7xx_std_periph_driver/src/n32h7xx_lcdc.c **** *\*\name    LCDC_LayerAlpha
 938:../../../firmware/n32h7xx_std_periph_driver/src/n32h7xx_lcdc.c **** *\*\fun     Reconfigure constant alpha.
 939:../../../firmware/n32h7xx_std_periph_driver/src/n32h7xx_lcdc.c **** *\*\param   LCDC_Layerx: refer to the definition of LCDC_Layer_Module
 940:../../../firmware/n32h7xx_std_periph_driver/src/n32h7xx_lcdc.c **** *\*\          - LCDC_Layer1
 941:../../../firmware/n32h7xx_std_periph_driver/src/n32h7xx_lcdc.c **** *\*\          - LCDC_Layer2
 942:../../../firmware/n32h7xx_std_periph_driver/src/n32h7xx_lcdc.c **** *\*\          - LCDC_Layer3
 943:../../../firmware/n32h7xx_std_periph_driver/src/n32h7xx_lcdc.c **** *\*\          - LCDC_Layer4
 944:../../../firmware/n32h7xx_std_periph_driver/src/n32h7xx_lcdc.c **** *\*\param   ConstantAlpha
 945:../../../firmware/n32h7xx_std_periph_driver/src/n32h7xx_lcdc.c **** *\*\          - 0x00 ~ 0xFF
ARM GAS  /tmp/cc9q7jXo.s 			page 56


 946:../../../firmware/n32h7xx_std_periph_driver/src/n32h7xx_lcdc.c **** *\*\return  none
 947:../../../firmware/n32h7xx_std_periph_driver/src/n32h7xx_lcdc.c **** **/
 948:../../../firmware/n32h7xx_std_periph_driver/src/n32h7xx_lcdc.c **** void LCDC_LayerAlpha(LCDC_Layer_Module* LCDC_Layerx, uint8_t ConstantAlpha)
 949:../../../firmware/n32h7xx_std_periph_driver/src/n32h7xx_lcdc.c **** {
 2221              		.loc 1 949 1
 2222              		.cfi_startproc
 2223              		@ args = 0, pretend = 0, frame = 8
 2224              		@ frame_needed = 1, uses_anonymous_args = 0
 2225              		@ link register save eliminated.
 2226 0000 80B4     		push	{r7}
 2227              	.LCFI128:
 2228              		.cfi_def_cfa_offset 4
 2229              		.cfi_offset 7, -4
 2230 0002 83B0     		sub	sp, sp, #12
 2231              	.LCFI129:
 2232              		.cfi_def_cfa_offset 16
 2233 0004 00AF     		add	r7, sp, #0
 2234              	.LCFI130:
 2235              		.cfi_def_cfa_register 7
 2236 0006 7860     		str	r0, [r7, #4]
 2237 0008 0B46     		mov	r3, r1
 2238 000a FB70     		strb	r3, [r7, #3]
 950:../../../firmware/n32h7xx_std_periph_driver/src/n32h7xx_lcdc.c ****     LCDC_Layerx -> CACTRL = ConstantAlpha;
 2239              		.loc 1 950 27
 2240 000c FA78     		ldrb	r2, [r7, #3]	@ zero_extendqisi2
 2241 000e 7B68     		ldr	r3, [r7, #4]
 2242 0010 1A62     		str	r2, [r3, #32]
 951:../../../firmware/n32h7xx_std_periph_driver/src/n32h7xx_lcdc.c **** }
 2243              		.loc 1 951 1
 2244 0012 00BF     		nop
 2245 0014 0C37     		adds	r7, r7, #12
 2246              	.LCFI131:
 2247              		.cfi_def_cfa_offset 4
 2248 0016 BD46     		mov	sp, r7
 2249              	.LCFI132:
 2250              		.cfi_def_cfa_register 13
 2251              		@ sp needed
 2252 0018 80BC     		pop	{r7}
 2253              	.LCFI133:
 2254              		.cfi_restore 7
 2255              		.cfi_def_cfa_offset 0
 2256 001a 7047     		bx	lr
 2257              		.cfi_endproc
 2258              	.LFE169:
 2260              		.section	.text.LCDC_LayerAddress,"ax",%progbits
 2261              		.align	1
 2262              		.global	LCDC_LayerAddress
 2263              		.syntax unified
 2264              		.thumb
 2265              		.thumb_func
 2267              	LCDC_LayerAddress:
 2268              	.LFB170:
 952:../../../firmware/n32h7xx_std_periph_driver/src/n32h7xx_lcdc.c **** 
 953:../../../firmware/n32h7xx_std_periph_driver/src/n32h7xx_lcdc.c **** /**
 954:../../../firmware/n32h7xx_std_periph_driver/src/n32h7xx_lcdc.c **** *\*\name    LCDC_LayerAddress
 955:../../../firmware/n32h7xx_std_periph_driver/src/n32h7xx_lcdc.c **** *\*\fun     Reconfigure layer address.
 956:../../../firmware/n32h7xx_std_periph_driver/src/n32h7xx_lcdc.c **** *\*\param   LCDC_Layerx: refer to the definition of LCDC_Layer_Module
ARM GAS  /tmp/cc9q7jXo.s 			page 57


 957:../../../firmware/n32h7xx_std_periph_driver/src/n32h7xx_lcdc.c **** *\*\          - LCDC_Layer1
 958:../../../firmware/n32h7xx_std_periph_driver/src/n32h7xx_lcdc.c **** *\*\          - LCDC_Layer2
 959:../../../firmware/n32h7xx_std_periph_driver/src/n32h7xx_lcdc.c **** *\*\          - LCDC_Layer3
 960:../../../firmware/n32h7xx_std_periph_driver/src/n32h7xx_lcdc.c **** *\*\          - LCDC_Layer4
 961:../../../firmware/n32h7xx_std_periph_driver/src/n32h7xx_lcdc.c **** *\*\param   Address
 962:../../../firmware/n32h7xx_std_periph_driver/src/n32h7xx_lcdc.c **** *\*\          - 0x00000000 ~ 0xFFFFFFFF
 963:../../../firmware/n32h7xx_std_periph_driver/src/n32h7xx_lcdc.c **** *\*\return  none
 964:../../../firmware/n32h7xx_std_periph_driver/src/n32h7xx_lcdc.c **** **/
 965:../../../firmware/n32h7xx_std_periph_driver/src/n32h7xx_lcdc.c **** void LCDC_LayerAddress(LCDC_Layer_Module* LCDC_Layerx, uint32_t Address)
 966:../../../firmware/n32h7xx_std_periph_driver/src/n32h7xx_lcdc.c **** {
 2269              		.loc 1 966 1
 2270              		.cfi_startproc
 2271              		@ args = 0, pretend = 0, frame = 8
 2272              		@ frame_needed = 1, uses_anonymous_args = 0
 2273              		@ link register save eliminated.
 2274 0000 80B4     		push	{r7}
 2275              	.LCFI134:
 2276              		.cfi_def_cfa_offset 4
 2277              		.cfi_offset 7, -4
 2278 0002 83B0     		sub	sp, sp, #12
 2279              	.LCFI135:
 2280              		.cfi_def_cfa_offset 16
 2281 0004 00AF     		add	r7, sp, #0
 2282              	.LCFI136:
 2283              		.cfi_def_cfa_register 7
 2284 0006 7860     		str	r0, [r7, #4]
 2285 0008 3960     		str	r1, [r7]
 967:../../../firmware/n32h7xx_std_periph_driver/src/n32h7xx_lcdc.c ****     LCDC_Layerx -> CFBADDR = Address;
 2286              		.loc 1 967 28
 2287 000a 7B68     		ldr	r3, [r7, #4]
 2288 000c 3A68     		ldr	r2, [r7]
 2289 000e 5A63     		str	r2, [r3, #52]
 968:../../../firmware/n32h7xx_std_periph_driver/src/n32h7xx_lcdc.c **** }
 2290              		.loc 1 968 1
 2291 0010 00BF     		nop
 2292 0012 0C37     		adds	r7, r7, #12
 2293              	.LCFI137:
 2294              		.cfi_def_cfa_offset 4
 2295 0014 BD46     		mov	sp, r7
 2296              	.LCFI138:
 2297              		.cfi_def_cfa_register 13
 2298              		@ sp needed
 2299 0016 80BC     		pop	{r7}
 2300              	.LCFI139:
 2301              		.cfi_restore 7
 2302              		.cfi_def_cfa_offset 0
 2303 0018 7047     		bx	lr
 2304              		.cfi_endproc
 2305              	.LFE170:
 2307              		.section	.text.LCDC_LayerSize,"ax",%progbits
 2308              		.align	1
 2309              		.global	LCDC_LayerSize
 2310              		.syntax unified
 2311              		.thumb
 2312              		.thumb_func
 2314              	LCDC_LayerSize:
 2315              	.LFB171:
ARM GAS  /tmp/cc9q7jXo.s 			page 58


 969:../../../firmware/n32h7xx_std_periph_driver/src/n32h7xx_lcdc.c **** 
 970:../../../firmware/n32h7xx_std_periph_driver/src/n32h7xx_lcdc.c **** /**
 971:../../../firmware/n32h7xx_std_periph_driver/src/n32h7xx_lcdc.c **** *\*\name    LCDC_LayerSize
 972:../../../firmware/n32h7xx_std_periph_driver/src/n32h7xx_lcdc.c **** *\*\fun     Reconfigure layer size.
 973:../../../firmware/n32h7xx_std_periph_driver/src/n32h7xx_lcdc.c **** *\*\param   LCDC_Layerx: refer to the definition of LCDC_Layer_Module
 974:../../../firmware/n32h7xx_std_periph_driver/src/n32h7xx_lcdc.c **** *\*\          - LCDC_Layer1
 975:../../../firmware/n32h7xx_std_periph_driver/src/n32h7xx_lcdc.c **** *\*\          - LCDC_Layer2
 976:../../../firmware/n32h7xx_std_periph_driver/src/n32h7xx_lcdc.c **** *\*\          - LCDC_Layer3
 977:../../../firmware/n32h7xx_std_periph_driver/src/n32h7xx_lcdc.c **** *\*\          - LCDC_Layer4
 978:../../../firmware/n32h7xx_std_periph_driver/src/n32h7xx_lcdc.c **** *\*\param   Width
 979:../../../firmware/n32h7xx_std_periph_driver/src/n32h7xx_lcdc.c **** *\*\          - layer window width
 980:../../../firmware/n32h7xx_std_periph_driver/src/n32h7xx_lcdc.c **** *\*\param   Height
 981:../../../firmware/n32h7xx_std_periph_driver/src/n32h7xx_lcdc.c **** *\*\          - layer window height
 982:../../../firmware/n32h7xx_std_periph_driver/src/n32h7xx_lcdc.c **** *\*\return  none
 983:../../../firmware/n32h7xx_std_periph_driver/src/n32h7xx_lcdc.c **** **/
 984:../../../firmware/n32h7xx_std_periph_driver/src/n32h7xx_lcdc.c **** void LCDC_LayerSize(LCDC_Layer_Module* LCDC_Layerx, uint32_t Width, uint32_t Height)
 985:../../../firmware/n32h7xx_std_periph_driver/src/n32h7xx_lcdc.c **** {
 2316              		.loc 1 985 1
 2317              		.cfi_startproc
 2318              		@ args = 0, pretend = 0, frame = 48
 2319              		@ frame_needed = 1, uses_anonymous_args = 0
 2320              		@ link register save eliminated.
 2321 0000 80B4     		push	{r7}
 2322              	.LCFI140:
 2323              		.cfi_def_cfa_offset 4
 2324              		.cfi_offset 7, -4
 2325 0002 8DB0     		sub	sp, sp, #52
 2326              	.LCFI141:
 2327              		.cfi_def_cfa_offset 56
 2328 0004 00AF     		add	r7, sp, #0
 2329              	.LCFI142:
 2330              		.cfi_def_cfa_register 7
 2331 0006 F860     		str	r0, [r7, #12]
 2332 0008 B960     		str	r1, [r7, #8]
 2333 000a 7A60     		str	r2, [r7, #4]
 986:../../../firmware/n32h7xx_std_periph_driver/src/n32h7xx_lcdc.c ****     uint8_t tmp;
 987:../../../firmware/n32h7xx_std_periph_driver/src/n32h7xx_lcdc.c ****     uint32_t tmppfctrl;
 988:../../../firmware/n32h7xx_std_periph_driver/src/n32h7xx_lcdc.c ****     uint32_t tmpwhpctrl;
 989:../../../firmware/n32h7xx_std_periph_driver/src/n32h7xx_lcdc.c ****     uint32_t tmpwvpctrl;
 990:../../../firmware/n32h7xx_std_periph_driver/src/n32h7xx_lcdc.c ****     uint32_t horizontal_start;
 991:../../../firmware/n32h7xx_std_periph_driver/src/n32h7xx_lcdc.c ****     uint32_t horizontal_stop;
 992:../../../firmware/n32h7xx_std_periph_driver/src/n32h7xx_lcdc.c ****     uint32_t vertical_start;
 993:../../../firmware/n32h7xx_std_periph_driver/src/n32h7xx_lcdc.c ****     uint32_t vertical_stop;
 994:../../../firmware/n32h7xx_std_periph_driver/src/n32h7xx_lcdc.c **** 
 995:../../../firmware/n32h7xx_std_periph_driver/src/n32h7xx_lcdc.c ****     tmppfctrl = LCDC_Layerx ->PFCTRL;
 2334              		.loc 1 995 15
 2335 000c FB68     		ldr	r3, [r7, #12]
 2336 000e DB69     		ldr	r3, [r3, #28]
 2337 0010 BB62     		str	r3, [r7, #40]
 996:../../../firmware/n32h7xx_std_periph_driver/src/n32h7xx_lcdc.c **** 
 997:../../../firmware/n32h7xx_std_periph_driver/src/n32h7xx_lcdc.c ****     if((tmppfctrl == LCDC_PIXEL_FORMAT_ARGB8888) | (tmppfctrl == LCDC_PIXEL_FORMAT_ABGR8888) | (tmp
 2338              		.loc 1 997 50
 2339 0012 BB6A     		ldr	r3, [r7, #40]
 2340 0014 002B     		cmp	r3, #0
 2341 0016 0CBF     		ite	eq
 2342 0018 0123     		moveq	r3, #1
 2343 001a 0023     		movne	r3, #0
ARM GAS  /tmp/cc9q7jXo.s 			page 59


 2344 001c DAB2     		uxtb	r2, r3
 2345 001e BB6A     		ldr	r3, [r7, #40]
 2346 0020 012B     		cmp	r3, #1
 2347 0022 0CBF     		ite	eq
 2348 0024 0123     		moveq	r3, #1
 2349 0026 0023     		movne	r3, #0
 2350 0028 DBB2     		uxtb	r3, r3
 2351 002a 1343     		orrs	r3, r3, r2
 2352 002c DBB2     		uxtb	r3, r3
 2353 002e 1A46     		mov	r2, r3
 2354              		.loc 1 997 107
 2355 0030 BB6A     		ldr	r3, [r7, #40]
 2356 0032 022B     		cmp	r3, #2
 2357 0034 0CBF     		ite	eq
 2358 0036 0123     		moveq	r3, #1
 2359 0038 0023     		movne	r3, #0
 2360 003a DBB2     		uxtb	r3, r3
 2361              		.loc 1 997 94
 2362 003c 1343     		orrs	r3, r3, r2
 2363              		.loc 1 997 151
 2364 003e BA6A     		ldr	r2, [r7, #40]
 2365 0040 032A     		cmp	r2, #3
 2366 0042 0CBF     		ite	eq
 2367 0044 0122     		moveq	r2, #1
 2368 0046 0022     		movne	r2, #0
 2369 0048 D2B2     		uxtb	r2, r2
 2370              		.loc 1 997 138
 2371 004a 1343     		orrs	r3, r3, r2
 2372              		.loc 1 997 7
 2373 004c 002B     		cmp	r3, #0
 2374 004e 03D0     		beq	.L80
 998:../../../firmware/n32h7xx_std_periph_driver/src/n32h7xx_lcdc.c ****     {
 999:../../../firmware/n32h7xx_std_periph_driver/src/n32h7xx_lcdc.c ****         tmp = 4;
 2375              		.loc 1 999 13
 2376 0050 0423     		movs	r3, #4
 2377 0052 87F82F30 		strb	r3, [r7, #47]
 2378 0056 19E0     		b	.L81
 2379              	.L80:
1000:../../../firmware/n32h7xx_std_periph_driver/src/n32h7xx_lcdc.c ****     }
1001:../../../firmware/n32h7xx_std_periph_driver/src/n32h7xx_lcdc.c ****     else if(tmppfctrl == LCDC_PIXEL_FORMAT_RGB888)
 2380              		.loc 1 1001 12
 2381 0058 BB6A     		ldr	r3, [r7, #40]
 2382 005a 062B     		cmp	r3, #6
 2383 005c 03D1     		bne	.L82
1002:../../../firmware/n32h7xx_std_periph_driver/src/n32h7xx_lcdc.c ****     {
1003:../../../firmware/n32h7xx_std_periph_driver/src/n32h7xx_lcdc.c ****         tmp = 3;
 2384              		.loc 1 1003 13
 2385 005e 0323     		movs	r3, #3
 2386 0060 87F82F30 		strb	r3, [r7, #47]
 2387 0064 12E0     		b	.L81
 2388              	.L82:
1004:../../../firmware/n32h7xx_std_periph_driver/src/n32h7xx_lcdc.c ****     }
1005:../../../firmware/n32h7xx_std_periph_driver/src/n32h7xx_lcdc.c ****     else if((tmppfctrl == LCDC_PIXEL_FORMAT_RGB565) | (tmppfctrl == LCDC_PIXEL_FORMAT_BGR565))
 2389              		.loc 1 1005 53
 2390 0066 BB6A     		ldr	r3, [r7, #40]
 2391 0068 042B     		cmp	r3, #4
 2392 006a 0CBF     		ite	eq
ARM GAS  /tmp/cc9q7jXo.s 			page 60


 2393 006c 0123     		moveq	r3, #1
 2394 006e 0023     		movne	r3, #0
 2395 0070 DAB2     		uxtb	r2, r3
 2396 0072 BB6A     		ldr	r3, [r7, #40]
 2397 0074 052B     		cmp	r3, #5
 2398 0076 0CBF     		ite	eq
 2399 0078 0123     		moveq	r3, #1
 2400 007a 0023     		movne	r3, #0
 2401 007c DBB2     		uxtb	r3, r3
 2402 007e 1343     		orrs	r3, r3, r2
 2403 0080 DBB2     		uxtb	r3, r3
 2404              		.loc 1 1005 12
 2405 0082 002B     		cmp	r3, #0
 2406 0084 02D0     		beq	.L81
1006:../../../firmware/n32h7xx_std_periph_driver/src/n32h7xx_lcdc.c ****     {
1007:../../../firmware/n32h7xx_std_periph_driver/src/n32h7xx_lcdc.c ****         tmp = 2;
 2407              		.loc 1 1007 13
 2408 0086 0223     		movs	r3, #2
 2409 0088 87F82F30 		strb	r3, [r7, #47]
 2410              	.L81:
1008:../../../firmware/n32h7xx_std_periph_driver/src/n32h7xx_lcdc.c ****     }
1009:../../../firmware/n32h7xx_std_periph_driver/src/n32h7xx_lcdc.c ****     else
1010:../../../firmware/n32h7xx_std_periph_driver/src/n32h7xx_lcdc.c ****     {
1011:../../../firmware/n32h7xx_std_periph_driver/src/n32h7xx_lcdc.c **** 
1012:../../../firmware/n32h7xx_std_periph_driver/src/n32h7xx_lcdc.c ****     }
1013:../../../firmware/n32h7xx_std_periph_driver/src/n32h7xx_lcdc.c **** 
1014:../../../firmware/n32h7xx_std_periph_driver/src/n32h7xx_lcdc.c ****     /* update horizontal and vertical stop */
1015:../../../firmware/n32h7xx_std_periph_driver/src/n32h7xx_lcdc.c ****     tmpwhpctrl = LCDC_Layerx->WHPCTRL;
 2411              		.loc 1 1015 16
 2412 008c FB68     		ldr	r3, [r7, #12]
 2413 008e 1B69     		ldr	r3, [r3, #16]
 2414 0090 7B62     		str	r3, [r7, #36]
1016:../../../firmware/n32h7xx_std_periph_driver/src/n32h7xx_lcdc.c ****     horizontal_start = (tmpwhpctrl & 0xFFFF);
 2415              		.loc 1 1016 22
 2416 0092 7B6A     		ldr	r3, [r7, #36]
 2417 0094 9BB2     		uxth	r3, r3
 2418 0096 3B62     		str	r3, [r7, #32]
1017:../../../firmware/n32h7xx_std_periph_driver/src/n32h7xx_lcdc.c ****     horizontal_stop = Width + horizontal_start - 1;
 2419              		.loc 1 1017 29
 2420 0098 BA68     		ldr	r2, [r7, #8]
 2421 009a 3B6A     		ldr	r3, [r7, #32]
 2422 009c 1344     		add	r3, r3, r2
 2423              		.loc 1 1017 21
 2424 009e 013B     		subs	r3, r3, #1
 2425 00a0 FB61     		str	r3, [r7, #28]
1018:../../../firmware/n32h7xx_std_periph_driver/src/n32h7xx_lcdc.c **** 
1019:../../../firmware/n32h7xx_std_periph_driver/src/n32h7xx_lcdc.c ****     tmpwvpctrl = LCDC_Layerx->WVPCTRL;
 2426              		.loc 1 1019 16
 2427 00a2 FB68     		ldr	r3, [r7, #12]
 2428 00a4 5B69     		ldr	r3, [r3, #20]
 2429 00a6 BB61     		str	r3, [r7, #24]
1020:../../../firmware/n32h7xx_std_periph_driver/src/n32h7xx_lcdc.c ****     vertical_start = (tmpwvpctrl & 0xFFFF);
 2430              		.loc 1 1020 20
 2431 00a8 BB69     		ldr	r3, [r7, #24]
 2432 00aa 9BB2     		uxth	r3, r3
 2433 00ac 7B61     		str	r3, [r7, #20]
1021:../../../firmware/n32h7xx_std_periph_driver/src/n32h7xx_lcdc.c ****     vertical_stop = Height + vertical_start - 1;
ARM GAS  /tmp/cc9q7jXo.s 			page 61


 2434              		.loc 1 1021 28
 2435 00ae 7A68     		ldr	r2, [r7, #4]
 2436 00b0 7B69     		ldr	r3, [r7, #20]
 2437 00b2 1344     		add	r3, r3, r2
 2438              		.loc 1 1021 19
 2439 00b4 013B     		subs	r3, r3, #1
 2440 00b6 3B61     		str	r3, [r7, #16]
1022:../../../firmware/n32h7xx_std_periph_driver/src/n32h7xx_lcdc.c **** 
1023:../../../firmware/n32h7xx_std_periph_driver/src/n32h7xx_lcdc.c ****     LCDC_Layerx->WHPCTRL = horizontal_start | (horizontal_stop << 16);
 2441              		.loc 1 1023 64
 2442 00b8 FB69     		ldr	r3, [r7, #28]
 2443 00ba 1A04     		lsls	r2, r3, #16
 2444              		.loc 1 1023 45
 2445 00bc 3B6A     		ldr	r3, [r7, #32]
 2446 00be 1A43     		orrs	r2, r2, r3
 2447              		.loc 1 1023 26
 2448 00c0 FB68     		ldr	r3, [r7, #12]
 2449 00c2 1A61     		str	r2, [r3, #16]
1024:../../../firmware/n32h7xx_std_periph_driver/src/n32h7xx_lcdc.c ****     LCDC_Layerx->WVPCTRL = vertical_start | (vertical_stop << 16);
 2450              		.loc 1 1024 60
 2451 00c4 3B69     		ldr	r3, [r7, #16]
 2452 00c6 1A04     		lsls	r2, r3, #16
 2453              		.loc 1 1024 43
 2454 00c8 7B69     		ldr	r3, [r7, #20]
 2455 00ca 1A43     		orrs	r2, r2, r3
 2456              		.loc 1 1024 26
 2457 00cc FB68     		ldr	r3, [r7, #12]
 2458 00ce 5A61     		str	r2, [r3, #20]
1025:../../../firmware/n32h7xx_std_periph_driver/src/n32h7xx_lcdc.c **** 
1026:../../../firmware/n32h7xx_std_periph_driver/src/n32h7xx_lcdc.c ****     /* Reconfigures the color frame buffer pitch in byte */
1027:../../../firmware/n32h7xx_std_periph_driver/src/n32h7xx_lcdc.c ****     LCDC_Layerx->CFBLEN  = ((Width * tmp) << 16) | ((Width * tmp) + 3);
 2459              		.loc 1 1027 36
 2460 00d0 97F82F30 		ldrb	r3, [r7, #47]	@ zero_extendqisi2
 2461 00d4 BA68     		ldr	r2, [r7, #8]
 2462 00d6 02FB03F3 		mul	r3, r2, r3
 2463              		.loc 1 1027 43
 2464 00da 1A04     		lsls	r2, r3, #16
 2465              		.loc 1 1027 60
 2466 00dc 97F82F30 		ldrb	r3, [r7, #47]	@ zero_extendqisi2
 2467 00e0 B968     		ldr	r1, [r7, #8]
 2468 00e2 01FB03F3 		mul	r3, r1, r3
 2469              		.loc 1 1027 67
 2470 00e6 0333     		adds	r3, r3, #3
 2471              		.loc 1 1027 50
 2472 00e8 1A43     		orrs	r2, r2, r3
 2473              		.loc 1 1027 26
 2474 00ea FB68     		ldr	r3, [r7, #12]
 2475 00ec 9A63     		str	r2, [r3, #56]
1028:../../../firmware/n32h7xx_std_periph_driver/src/n32h7xx_lcdc.c **** 
1029:../../../firmware/n32h7xx_std_periph_driver/src/n32h7xx_lcdc.c ****     /* Reconfigures the frame buffer line number */
1030:../../../firmware/n32h7xx_std_periph_driver/src/n32h7xx_lcdc.c ****     LCDC_Layerx->CFBLNUM  = Height;
 2476              		.loc 1 1030 27
 2477 00ee FB68     		ldr	r3, [r7, #12]
 2478 00f0 7A68     		ldr	r2, [r7, #4]
 2479 00f2 DA63     		str	r2, [r3, #60]
1031:../../../firmware/n32h7xx_std_periph_driver/src/n32h7xx_lcdc.c **** }
 2480              		.loc 1 1031 1
ARM GAS  /tmp/cc9q7jXo.s 			page 62


 2481 00f4 00BF     		nop
 2482 00f6 3437     		adds	r7, r7, #52
 2483              	.LCFI143:
 2484              		.cfi_def_cfa_offset 4
 2485 00f8 BD46     		mov	sp, r7
 2486              	.LCFI144:
 2487              		.cfi_def_cfa_register 13
 2488              		@ sp needed
 2489 00fa 80BC     		pop	{r7}
 2490              	.LCFI145:
 2491              		.cfi_restore 7
 2492              		.cfi_def_cfa_offset 0
 2493 00fc 7047     		bx	lr
 2494              		.cfi_endproc
 2495              	.LFE171:
 2497              		.section	.text.LCDC_LayerPixelFormat,"ax",%progbits
 2498              		.align	1
 2499              		.global	LCDC_LayerPixelFormat
 2500              		.syntax unified
 2501              		.thumb
 2502              		.thumb_func
 2504              	LCDC_LayerPixelFormat:
 2505              	.LFB172:
1032:../../../firmware/n32h7xx_std_periph_driver/src/n32h7xx_lcdc.c **** 
1033:../../../firmware/n32h7xx_std_periph_driver/src/n32h7xx_lcdc.c **** /**
1034:../../../firmware/n32h7xx_std_periph_driver/src/n32h7xx_lcdc.c **** *\*\name    LCDC_LayerPixelFormat
1035:../../../firmware/n32h7xx_std_periph_driver/src/n32h7xx_lcdc.c **** *\*\fun     Reconfigure layer pixel format.
1036:../../../firmware/n32h7xx_std_periph_driver/src/n32h7xx_lcdc.c **** *\*\param   LCDC_Layerx: refer to the definition of LCDC_Layer_Module
1037:../../../firmware/n32h7xx_std_periph_driver/src/n32h7xx_lcdc.c **** *\*\          - LCDC_Layer1
1038:../../../firmware/n32h7xx_std_periph_driver/src/n32h7xx_lcdc.c **** *\*\          - LCDC_Layer2
1039:../../../firmware/n32h7xx_std_periph_driver/src/n32h7xx_lcdc.c **** *\*\          - LCDC_Layer3
1040:../../../firmware/n32h7xx_std_periph_driver/src/n32h7xx_lcdc.c **** *\*\          - LCDC_Layer4
1041:../../../firmware/n32h7xx_std_periph_driver/src/n32h7xx_lcdc.c **** *\*\param   PixelFormat
1042:../../../firmware/n32h7xx_std_periph_driver/src/n32h7xx_lcdc.c **** *\*\          - LCDC_PIXEL_FORMAT_ARGB8888
1043:../../../firmware/n32h7xx_std_periph_driver/src/n32h7xx_lcdc.c **** *\*\          - LCDC_PIXEL_FORMAT_ABGR8888
1044:../../../firmware/n32h7xx_std_periph_driver/src/n32h7xx_lcdc.c **** *\*\          - LCDC_PIXEL_FORMAT_RGBA8888
1045:../../../firmware/n32h7xx_std_periph_driver/src/n32h7xx_lcdc.c **** *\*\          - LCDC_PIXEL_FORMAT_BGRA8888
1046:../../../firmware/n32h7xx_std_periph_driver/src/n32h7xx_lcdc.c **** *\*\          - LCDC_PIXEL_FORMAT_RGB565
1047:../../../firmware/n32h7xx_std_periph_driver/src/n32h7xx_lcdc.c **** *\*\          - LCDC_PIXEL_FORMAT_BGR565
1048:../../../firmware/n32h7xx_std_periph_driver/src/n32h7xx_lcdc.c **** *\*\          - LCDC_PIXEL_FORMAT_RGB888
1049:../../../firmware/n32h7xx_std_periph_driver/src/n32h7xx_lcdc.c **** *\*\          - LCDC_PIXEL_FORMAT_CUSTOM
1050:../../../firmware/n32h7xx_std_periph_driver/src/n32h7xx_lcdc.c **** *\*\          - LCDC_PIXEL_FORMAT_YUV422I
1051:../../../firmware/n32h7xx_std_periph_driver/src/n32h7xx_lcdc.c **** *\*\          - LCDC_PIXEL_FORMAT_YUV420S
1052:../../../firmware/n32h7xx_std_periph_driver/src/n32h7xx_lcdc.c **** *\*\          - LCDC_PIXEL_FORMAT_YUV420P
1053:../../../firmware/n32h7xx_std_periph_driver/src/n32h7xx_lcdc.c **** *\*\          - LCDC_PIXEL_FORMAT_YUV444
1054:../../../firmware/n32h7xx_std_periph_driver/src/n32h7xx_lcdc.c **** *\*\          - LCDC_PIXEL_FORMAT_L8
1055:../../../firmware/n32h7xx_std_periph_driver/src/n32h7xx_lcdc.c **** *\*\          - LCDC_PIXEL_FORMAT_AL44
1056:../../../firmware/n32h7xx_std_periph_driver/src/n32h7xx_lcdc.c **** *\*\          - LCDC_PIXEL_FORMAT_AL88
1057:../../../firmware/n32h7xx_std_periph_driver/src/n32h7xx_lcdc.c **** *\*\return  none
1058:../../../firmware/n32h7xx_std_periph_driver/src/n32h7xx_lcdc.c **** **/
1059:../../../firmware/n32h7xx_std_periph_driver/src/n32h7xx_lcdc.c **** void LCDC_LayerPixelFormat(LCDC_Layer_Module* LCDC_Layerx, uint32_t PixelFormat)
1060:../../../firmware/n32h7xx_std_periph_driver/src/n32h7xx_lcdc.c **** {
 2506              		.loc 1 1060 1
 2507              		.cfi_startproc
 2508              		@ args = 0, pretend = 0, frame = 24
 2509              		@ frame_needed = 1, uses_anonymous_args = 0
 2510              		@ link register save eliminated.
ARM GAS  /tmp/cc9q7jXo.s 			page 63


 2511 0000 80B4     		push	{r7}
 2512              	.LCFI146:
 2513              		.cfi_def_cfa_offset 4
 2514              		.cfi_offset 7, -4
 2515 0002 87B0     		sub	sp, sp, #28
 2516              	.LCFI147:
 2517              		.cfi_def_cfa_offset 32
 2518 0004 00AF     		add	r7, sp, #0
 2519              	.LCFI148:
 2520              		.cfi_def_cfa_register 7
 2521 0006 7860     		str	r0, [r7, #4]
 2522 0008 3960     		str	r1, [r7]
1061:../../../firmware/n32h7xx_std_periph_driver/src/n32h7xx_lcdc.c ****     uint8_t tmp;
1062:../../../firmware/n32h7xx_std_periph_driver/src/n32h7xx_lcdc.c ****     uint32_t tmppfctrl;
1063:../../../firmware/n32h7xx_std_periph_driver/src/n32h7xx_lcdc.c ****     uint32_t tmpcfblen;
1064:../../../firmware/n32h7xx_std_periph_driver/src/n32h7xx_lcdc.c **** 
1065:../../../firmware/n32h7xx_std_periph_driver/src/n32h7xx_lcdc.c ****     tmppfctrl = LCDC_Layerx ->PFCTRL;
 2523              		.loc 1 1065 15
 2524 000a 7B68     		ldr	r3, [r7, #4]
 2525 000c DB69     		ldr	r3, [r3, #28]
 2526 000e 3B61     		str	r3, [r7, #16]
1066:../../../firmware/n32h7xx_std_periph_driver/src/n32h7xx_lcdc.c **** 
1067:../../../firmware/n32h7xx_std_periph_driver/src/n32h7xx_lcdc.c ****     if((tmppfctrl == LCDC_PIXEL_FORMAT_ARGB8888) | (tmppfctrl == LCDC_PIXEL_FORMAT_ABGR8888) | (tmp
 2527              		.loc 1 1067 50
 2528 0010 3B69     		ldr	r3, [r7, #16]
 2529 0012 002B     		cmp	r3, #0
 2530 0014 0CBF     		ite	eq
 2531 0016 0123     		moveq	r3, #1
 2532 0018 0023     		movne	r3, #0
 2533 001a DAB2     		uxtb	r2, r3
 2534 001c 3B69     		ldr	r3, [r7, #16]
 2535 001e 012B     		cmp	r3, #1
 2536 0020 0CBF     		ite	eq
 2537 0022 0123     		moveq	r3, #1
 2538 0024 0023     		movne	r3, #0
 2539 0026 DBB2     		uxtb	r3, r3
 2540 0028 1343     		orrs	r3, r3, r2
 2541 002a DBB2     		uxtb	r3, r3
 2542 002c 1A46     		mov	r2, r3
 2543              		.loc 1 1067 107
 2544 002e 3B69     		ldr	r3, [r7, #16]
 2545 0030 022B     		cmp	r3, #2
 2546 0032 0CBF     		ite	eq
 2547 0034 0123     		moveq	r3, #1
 2548 0036 0023     		movne	r3, #0
 2549 0038 DBB2     		uxtb	r3, r3
 2550              		.loc 1 1067 94
 2551 003a 1343     		orrs	r3, r3, r2
 2552              		.loc 1 1067 151
 2553 003c 3A69     		ldr	r2, [r7, #16]
 2554 003e 032A     		cmp	r2, #3
 2555 0040 0CBF     		ite	eq
 2556 0042 0122     		moveq	r2, #1
 2557 0044 0022     		movne	r2, #0
 2558 0046 D2B2     		uxtb	r2, r2
 2559              		.loc 1 1067 138
 2560 0048 1343     		orrs	r3, r3, r2
ARM GAS  /tmp/cc9q7jXo.s 			page 64


 2561              		.loc 1 1067 7
 2562 004a 002B     		cmp	r3, #0
 2563 004c 02D0     		beq	.L84
1068:../../../firmware/n32h7xx_std_periph_driver/src/n32h7xx_lcdc.c ****     {
1069:../../../firmware/n32h7xx_std_periph_driver/src/n32h7xx_lcdc.c ****         tmp = 4;
 2564              		.loc 1 1069 13
 2565 004e 0423     		movs	r3, #4
 2566 0050 FB75     		strb	r3, [r7, #23]
 2567 0052 17E0     		b	.L85
 2568              	.L84:
1070:../../../firmware/n32h7xx_std_periph_driver/src/n32h7xx_lcdc.c ****     }
1071:../../../firmware/n32h7xx_std_periph_driver/src/n32h7xx_lcdc.c ****     else if(tmppfctrl == LCDC_PIXEL_FORMAT_RGB888)
 2569              		.loc 1 1071 12
 2570 0054 3B69     		ldr	r3, [r7, #16]
 2571 0056 062B     		cmp	r3, #6
 2572 0058 02D1     		bne	.L86
1072:../../../firmware/n32h7xx_std_periph_driver/src/n32h7xx_lcdc.c ****     {
1073:../../../firmware/n32h7xx_std_periph_driver/src/n32h7xx_lcdc.c ****         tmp = 3;
 2573              		.loc 1 1073 13
 2574 005a 0323     		movs	r3, #3
 2575 005c FB75     		strb	r3, [r7, #23]
 2576 005e 11E0     		b	.L85
 2577              	.L86:
1074:../../../firmware/n32h7xx_std_periph_driver/src/n32h7xx_lcdc.c ****     }
1075:../../../firmware/n32h7xx_std_periph_driver/src/n32h7xx_lcdc.c ****     else if((tmppfctrl == LCDC_PIXEL_FORMAT_RGB565) | (tmppfctrl == LCDC_PIXEL_FORMAT_BGR565))
 2578              		.loc 1 1075 53
 2579 0060 3B69     		ldr	r3, [r7, #16]
 2580 0062 042B     		cmp	r3, #4
 2581 0064 0CBF     		ite	eq
 2582 0066 0123     		moveq	r3, #1
 2583 0068 0023     		movne	r3, #0
 2584 006a DAB2     		uxtb	r2, r3
 2585 006c 3B69     		ldr	r3, [r7, #16]
 2586 006e 052B     		cmp	r3, #5
 2587 0070 0CBF     		ite	eq
 2588 0072 0123     		moveq	r3, #1
 2589 0074 0023     		movne	r3, #0
 2590 0076 DBB2     		uxtb	r3, r3
 2591 0078 1343     		orrs	r3, r3, r2
 2592 007a DBB2     		uxtb	r3, r3
 2593              		.loc 1 1075 12
 2594 007c 002B     		cmp	r3, #0
 2595 007e 01D0     		beq	.L85
1076:../../../firmware/n32h7xx_std_periph_driver/src/n32h7xx_lcdc.c ****     {
1077:../../../firmware/n32h7xx_std_periph_driver/src/n32h7xx_lcdc.c ****         tmp = 2;
 2596              		.loc 1 1077 13
 2597 0080 0223     		movs	r3, #2
 2598 0082 FB75     		strb	r3, [r7, #23]
 2599              	.L85:
1078:../../../firmware/n32h7xx_std_periph_driver/src/n32h7xx_lcdc.c ****     }
1079:../../../firmware/n32h7xx_std_periph_driver/src/n32h7xx_lcdc.c ****     else
1080:../../../firmware/n32h7xx_std_periph_driver/src/n32h7xx_lcdc.c ****     {
1081:../../../firmware/n32h7xx_std_periph_driver/src/n32h7xx_lcdc.c **** 
1082:../../../firmware/n32h7xx_std_periph_driver/src/n32h7xx_lcdc.c ****     }
1083:../../../firmware/n32h7xx_std_periph_driver/src/n32h7xx_lcdc.c **** 
1084:../../../firmware/n32h7xx_std_periph_driver/src/n32h7xx_lcdc.c ****     tmpcfblen = (LCDC_Layerx->CFBLEN >> 16);
 2600              		.loc 1 1084 29
ARM GAS  /tmp/cc9q7jXo.s 			page 65


 2601 0084 7B68     		ldr	r3, [r7, #4]
 2602 0086 9B6B     		ldr	r3, [r3, #56]
 2603              		.loc 1 1084 15
 2604 0088 1B0C     		lsrs	r3, r3, #16
 2605 008a FB60     		str	r3, [r7, #12]
1085:../../../firmware/n32h7xx_std_periph_driver/src/n32h7xx_lcdc.c ****     tmpcfblen = (tmpcfblen / tmp);
 2606              		.loc 1 1085 28
 2607 008c FB7D     		ldrb	r3, [r7, #23]	@ zero_extendqisi2
 2608              		.loc 1 1085 15
 2609 008e FA68     		ldr	r2, [r7, #12]
 2610 0090 B2FBF3F3 		udiv	r3, r2, r3
 2611 0094 FB60     		str	r3, [r7, #12]
1086:../../../firmware/n32h7xx_std_periph_driver/src/n32h7xx_lcdc.c **** 
1087:../../../firmware/n32h7xx_std_periph_driver/src/n32h7xx_lcdc.c ****     if((PixelFormat == LCDC_PIXEL_FORMAT_ARGB8888) | (PixelFormat == LCDC_PIXEL_FORMAT_ABGR8888) | 
 2612              		.loc 1 1087 52
 2613 0096 3B68     		ldr	r3, [r7]
 2614 0098 002B     		cmp	r3, #0
 2615 009a 0CBF     		ite	eq
 2616 009c 0123     		moveq	r3, #1
 2617 009e 0023     		movne	r3, #0
 2618 00a0 DAB2     		uxtb	r2, r3
 2619 00a2 3B68     		ldr	r3, [r7]
 2620 00a4 012B     		cmp	r3, #1
 2621 00a6 0CBF     		ite	eq
 2622 00a8 0123     		moveq	r3, #1
 2623 00aa 0023     		movne	r3, #0
 2624 00ac DBB2     		uxtb	r3, r3
 2625 00ae 1343     		orrs	r3, r3, r2
 2626 00b0 DBB2     		uxtb	r3, r3
 2627 00b2 1A46     		mov	r2, r3
 2628              		.loc 1 1087 113
 2629 00b4 3B68     		ldr	r3, [r7]
 2630 00b6 022B     		cmp	r3, #2
 2631 00b8 0CBF     		ite	eq
 2632 00ba 0123     		moveq	r3, #1
 2633 00bc 0023     		movne	r3, #0
 2634 00be DBB2     		uxtb	r3, r3
 2635              		.loc 1 1087 98
 2636 00c0 1343     		orrs	r3, r3, r2
 2637              		.loc 1 1087 159
 2638 00c2 3A68     		ldr	r2, [r7]
 2639 00c4 032A     		cmp	r2, #3
 2640 00c6 0CBF     		ite	eq
 2641 00c8 0122     		moveq	r2, #1
 2642 00ca 0022     		movne	r2, #0
 2643 00cc D2B2     		uxtb	r2, r2
 2644              		.loc 1 1087 144
 2645 00ce 1343     		orrs	r3, r3, r2
 2646              		.loc 1 1087 7
 2647 00d0 002B     		cmp	r3, #0
 2648 00d2 02D0     		beq	.L87
1088:../../../firmware/n32h7xx_std_periph_driver/src/n32h7xx_lcdc.c ****     {
1089:../../../firmware/n32h7xx_std_periph_driver/src/n32h7xx_lcdc.c ****         tmp = 4;
 2649              		.loc 1 1089 13
 2650 00d4 0423     		movs	r3, #4
 2651 00d6 FB75     		strb	r3, [r7, #23]
 2652 00d8 17E0     		b	.L88
ARM GAS  /tmp/cc9q7jXo.s 			page 66


 2653              	.L87:
1090:../../../firmware/n32h7xx_std_periph_driver/src/n32h7xx_lcdc.c ****     }
1091:../../../firmware/n32h7xx_std_periph_driver/src/n32h7xx_lcdc.c ****     else if(PixelFormat == LCDC_PIXEL_FORMAT_RGB888)
 2654              		.loc 1 1091 12
 2655 00da 3B68     		ldr	r3, [r7]
 2656 00dc 062B     		cmp	r3, #6
 2657 00de 02D1     		bne	.L89
1092:../../../firmware/n32h7xx_std_periph_driver/src/n32h7xx_lcdc.c ****     {
1093:../../../firmware/n32h7xx_std_periph_driver/src/n32h7xx_lcdc.c ****         tmp = 3;
 2658              		.loc 1 1093 13
 2659 00e0 0323     		movs	r3, #3
 2660 00e2 FB75     		strb	r3, [r7, #23]
 2661 00e4 11E0     		b	.L88
 2662              	.L89:
1094:../../../firmware/n32h7xx_std_periph_driver/src/n32h7xx_lcdc.c ****     }
1095:../../../firmware/n32h7xx_std_periph_driver/src/n32h7xx_lcdc.c ****     else if((PixelFormat == LCDC_PIXEL_FORMAT_RGB565) | (PixelFormat == LCDC_PIXEL_FORMAT_BGR565))
 2663              		.loc 1 1095 55
 2664 00e6 3B68     		ldr	r3, [r7]
 2665 00e8 042B     		cmp	r3, #4
 2666 00ea 0CBF     		ite	eq
 2667 00ec 0123     		moveq	r3, #1
 2668 00ee 0023     		movne	r3, #0
 2669 00f0 DAB2     		uxtb	r2, r3
 2670 00f2 3B68     		ldr	r3, [r7]
 2671 00f4 052B     		cmp	r3, #5
 2672 00f6 0CBF     		ite	eq
 2673 00f8 0123     		moveq	r3, #1
 2674 00fa 0023     		movne	r3, #0
 2675 00fc DBB2     		uxtb	r3, r3
 2676 00fe 1343     		orrs	r3, r3, r2
 2677 0100 DBB2     		uxtb	r3, r3
 2678              		.loc 1 1095 12
 2679 0102 002B     		cmp	r3, #0
 2680 0104 01D0     		beq	.L88
1096:../../../firmware/n32h7xx_std_periph_driver/src/n32h7xx_lcdc.c ****     {
1097:../../../firmware/n32h7xx_std_periph_driver/src/n32h7xx_lcdc.c ****         tmp = 2;
 2681              		.loc 1 1097 13
 2682 0106 0223     		movs	r3, #2
 2683 0108 FB75     		strb	r3, [r7, #23]
 2684              	.L88:
1098:../../../firmware/n32h7xx_std_periph_driver/src/n32h7xx_lcdc.c ****     }
1099:../../../firmware/n32h7xx_std_periph_driver/src/n32h7xx_lcdc.c ****     else
1100:../../../firmware/n32h7xx_std_periph_driver/src/n32h7xx_lcdc.c ****     {
1101:../../../firmware/n32h7xx_std_periph_driver/src/n32h7xx_lcdc.c **** 
1102:../../../firmware/n32h7xx_std_periph_driver/src/n32h7xx_lcdc.c ****     }
1103:../../../firmware/n32h7xx_std_periph_driver/src/n32h7xx_lcdc.c **** 
1104:../../../firmware/n32h7xx_std_periph_driver/src/n32h7xx_lcdc.c ****     /* Reconfigures the color frame buffer pitch in byte */
1105:../../../firmware/n32h7xx_std_periph_driver/src/n32h7xx_lcdc.c ****     LCDC_Layerx->CFBLEN  = ((tmpcfblen * tmp) << 16) | ((tmpcfblen * tmp) + 3);
 2685              		.loc 1 1105 40
 2686 010a FB7D     		ldrb	r3, [r7, #23]	@ zero_extendqisi2
 2687 010c FA68     		ldr	r2, [r7, #12]
 2688 010e 02FB03F3 		mul	r3, r2, r3
 2689              		.loc 1 1105 47
 2690 0112 1A04     		lsls	r2, r3, #16
 2691              		.loc 1 1105 68
 2692 0114 FB7D     		ldrb	r3, [r7, #23]	@ zero_extendqisi2
 2693 0116 F968     		ldr	r1, [r7, #12]
ARM GAS  /tmp/cc9q7jXo.s 			page 67


 2694 0118 01FB03F3 		mul	r3, r1, r3
 2695              		.loc 1 1105 75
 2696 011c 0333     		adds	r3, r3, #3
 2697              		.loc 1 1105 54
 2698 011e 1A43     		orrs	r2, r2, r3
 2699              		.loc 1 1105 26
 2700 0120 7B68     		ldr	r3, [r7, #4]
 2701 0122 9A63     		str	r2, [r3, #56]
1106:../../../firmware/n32h7xx_std_periph_driver/src/n32h7xx_lcdc.c **** 
1107:../../../firmware/n32h7xx_std_periph_driver/src/n32h7xx_lcdc.c ****     /* Reconfigures the color frame buffer start address */
1108:../../../firmware/n32h7xx_std_periph_driver/src/n32h7xx_lcdc.c ****     LCDC_Layerx->PFCTRL = PixelFormat;
 2702              		.loc 1 1108 25
 2703 0124 7B68     		ldr	r3, [r7, #4]
 2704 0126 3A68     		ldr	r2, [r7]
 2705 0128 DA61     		str	r2, [r3, #28]
1109:../../../firmware/n32h7xx_std_periph_driver/src/n32h7xx_lcdc.c **** }
 2706              		.loc 1 1109 1
 2707 012a 00BF     		nop
 2708 012c 1C37     		adds	r7, r7, #28
 2709              	.LCFI149:
 2710              		.cfi_def_cfa_offset 4
 2711 012e BD46     		mov	sp, r7
 2712              	.LCFI150:
 2713              		.cfi_def_cfa_register 13
 2714              		@ sp needed
 2715 0130 80BC     		pop	{r7}
 2716              	.LCFI151:
 2717              		.cfi_restore 7
 2718              		.cfi_def_cfa_offset 0
 2719 0132 7047     		bx	lr
 2720              		.cfi_endproc
 2721              	.LFE172:
 2723              		.section	.text.LCDC_ConfigInt,"ax",%progbits
 2724              		.align	1
 2725              		.global	LCDC_ConfigInt
 2726              		.syntax unified
 2727              		.thumb
 2728              		.thumb_func
 2730              	LCDC_ConfigInt:
 2731              	.LFB173:
1110:../../../firmware/n32h7xx_std_periph_driver/src/n32h7xx_lcdc.c **** 
1111:../../../firmware/n32h7xx_std_periph_driver/src/n32h7xx_lcdc.c **** /**
1112:../../../firmware/n32h7xx_std_periph_driver/src/n32h7xx_lcdc.c **** *\*\name    LCDC_ConfigInt
1113:../../../firmware/n32h7xx_std_periph_driver/src/n32h7xx_lcdc.c **** *\*\fun     Enables or disables the specified LCDC's interrupts.
1114:../../../firmware/n32h7xx_std_periph_driver/src/n32h7xx_lcdc.c **** *\*\param   LCDC_IT
1115:../../../firmware/n32h7xx_std_periph_driver/src/n32h7xx_lcdc.c **** *\*\          - LCDC_INT_LIEN
1116:../../../firmware/n32h7xx_std_periph_driver/src/n32h7xx_lcdc.c **** *\*\          - LCDC_INT_FUIEN
1117:../../../firmware/n32h7xx_std_periph_driver/src/n32h7xx_lcdc.c **** *\*\          - LCDC_INT_BEIEN
1118:../../../firmware/n32h7xx_std_periph_driver/src/n32h7xx_lcdc.c **** *\*\          - LCDC_INT_RRIEN
1119:../../../firmware/n32h7xx_std_periph_driver/src/n32h7xx_lcdc.c **** *\*\          - LCDC_INT_STNSIGIEN
1120:../../../firmware/n32h7xx_std_periph_driver/src/n32h7xx_lcdc.c **** *\*\          - LCDC_INT_STNSYNCIEN
1121:../../../firmware/n32h7xx_std_periph_driver/src/n32h7xx_lcdc.c **** *\*\          - LCDC_INT_FUKIEN
1122:../../../firmware/n32h7xx_std_periph_driver/src/n32h7xx_lcdc.c **** *\*\          - LCDC_INT_CRCIEN
1123:../../../firmware/n32h7xx_std_periph_driver/src/n32h7xx_lcdc.c **** *\*\          - LCDC_INT_RFEIEN
1124:../../../firmware/n32h7xx_std_periph_driver/src/n32h7xx_lcdc.c **** *\*\param   Cmd
1125:../../../firmware/n32h7xx_std_periph_driver/src/n32h7xx_lcdc.c **** *\*\          - ENABLE
1126:../../../firmware/n32h7xx_std_periph_driver/src/n32h7xx_lcdc.c **** *\*\          - DISABLE
ARM GAS  /tmp/cc9q7jXo.s 			page 68


1127:../../../firmware/n32h7xx_std_periph_driver/src/n32h7xx_lcdc.c **** *\*\return  none
1128:../../../firmware/n32h7xx_std_periph_driver/src/n32h7xx_lcdc.c **** **/
1129:../../../firmware/n32h7xx_std_periph_driver/src/n32h7xx_lcdc.c **** void LCDC_ConfigInt(uint32_t LCDC_IT, FunctionalState Cmd)
1130:../../../firmware/n32h7xx_std_periph_driver/src/n32h7xx_lcdc.c **** {
 2732              		.loc 1 1130 1
 2733              		.cfi_startproc
 2734              		@ args = 0, pretend = 0, frame = 8
 2735              		@ frame_needed = 1, uses_anonymous_args = 0
 2736              		@ link register save eliminated.
 2737 0000 80B4     		push	{r7}
 2738              	.LCFI152:
 2739              		.cfi_def_cfa_offset 4
 2740              		.cfi_offset 7, -4
 2741 0002 83B0     		sub	sp, sp, #12
 2742              	.LCFI153:
 2743              		.cfi_def_cfa_offset 16
 2744 0004 00AF     		add	r7, sp, #0
 2745              	.LCFI154:
 2746              		.cfi_def_cfa_register 7
 2747 0006 7860     		str	r0, [r7, #4]
 2748 0008 0B46     		mov	r3, r1
 2749 000a FB70     		strb	r3, [r7, #3]
1131:../../../firmware/n32h7xx_std_periph_driver/src/n32h7xx_lcdc.c ****     if (Cmd != DISABLE)
 2750              		.loc 1 1131 8
 2751 000c FB78     		ldrb	r3, [r7, #3]	@ zero_extendqisi2
 2752 000e 002B     		cmp	r3, #0
 2753 0010 06D0     		beq	.L91
1132:../../../firmware/n32h7xx_std_periph_driver/src/n32h7xx_lcdc.c ****     {
1133:../../../firmware/n32h7xx_std_periph_driver/src/n32h7xx_lcdc.c ****         /* Enable the Interrupt sources */
1134:../../../firmware/n32h7xx_std_periph_driver/src/n32h7xx_lcdc.c ****         LCDC->INTEN |= (uint32_t)LCDC_IT;
 2754              		.loc 1 1134 13
 2755 0012 094B     		ldr	r3, .L94
 2756 0014 5A6B     		ldr	r2, [r3, #52]
 2757 0016 0849     		ldr	r1, .L94
 2758              		.loc 1 1134 21
 2759 0018 7B68     		ldr	r3, [r7, #4]
 2760 001a 1343     		orrs	r3, r3, r2
 2761 001c 4B63     		str	r3, [r1, #52]
1135:../../../firmware/n32h7xx_std_periph_driver/src/n32h7xx_lcdc.c ****     }
1136:../../../firmware/n32h7xx_std_periph_driver/src/n32h7xx_lcdc.c ****     else
1137:../../../firmware/n32h7xx_std_periph_driver/src/n32h7xx_lcdc.c ****     {
1138:../../../firmware/n32h7xx_std_periph_driver/src/n32h7xx_lcdc.c ****         /* Disable the Interrupt sources */
1139:../../../firmware/n32h7xx_std_periph_driver/src/n32h7xx_lcdc.c ****         LCDC->INTEN &= (uint32_t)(~LCDC_IT);
1140:../../../firmware/n32h7xx_std_periph_driver/src/n32h7xx_lcdc.c ****     }
1141:../../../firmware/n32h7xx_std_periph_driver/src/n32h7xx_lcdc.c **** }
 2762              		.loc 1 1141 1
 2763 001e 06E0     		b	.L93
 2764              	.L91:
1139:../../../firmware/n32h7xx_std_periph_driver/src/n32h7xx_lcdc.c ****     }
 2765              		.loc 1 1139 13
 2766 0020 054B     		ldr	r3, .L94
 2767 0022 5A6B     		ldr	r2, [r3, #52]
1139:../../../firmware/n32h7xx_std_periph_driver/src/n32h7xx_lcdc.c ****     }
 2768              		.loc 1 1139 35
 2769 0024 7B68     		ldr	r3, [r7, #4]
 2770 0026 DB43     		mvns	r3, r3
1139:../../../firmware/n32h7xx_std_periph_driver/src/n32h7xx_lcdc.c ****     }
ARM GAS  /tmp/cc9q7jXo.s 			page 69


 2771              		.loc 1 1139 13
 2772 0028 0349     		ldr	r1, .L94
1139:../../../firmware/n32h7xx_std_periph_driver/src/n32h7xx_lcdc.c ****     }
 2773              		.loc 1 1139 21
 2774 002a 1340     		ands	r3, r3, r2
 2775 002c 4B63     		str	r3, [r1, #52]
 2776              	.L93:
 2777              		.loc 1 1141 1
 2778 002e 00BF     		nop
 2779 0030 0C37     		adds	r7, r7, #12
 2780              	.LCFI155:
 2781              		.cfi_def_cfa_offset 4
 2782 0032 BD46     		mov	sp, r7
 2783              	.LCFI156:
 2784              		.cfi_def_cfa_register 13
 2785              		@ sp needed
 2786 0034 80BC     		pop	{r7}
 2787              	.LCFI157:
 2788              		.cfi_restore 7
 2789              		.cfi_def_cfa_offset 0
 2790 0036 7047     		bx	lr
 2791              	.L95:
 2792              		.align	2
 2793              	.L94:
 2794 0038 00A00450 		.word	1342480384
 2795              		.cfi_endproc
 2796              	.LFE173:
 2798              		.section	.text.LCDC_GetFlagStatus,"ax",%progbits
 2799              		.align	1
 2800              		.global	LCDC_GetFlagStatus
 2801              		.syntax unified
 2802              		.thumb
 2803              		.thumb_func
 2805              	LCDC_GetFlagStatus:
 2806              	.LFB174:
1142:../../../firmware/n32h7xx_std_periph_driver/src/n32h7xx_lcdc.c **** 
1143:../../../firmware/n32h7xx_std_periph_driver/src/n32h7xx_lcdc.c **** /**
1144:../../../firmware/n32h7xx_std_periph_driver/src/n32h7xx_lcdc.c **** *\*\name    LCDC_GetFlagStatus
1145:../../../firmware/n32h7xx_std_periph_driver/src/n32h7xx_lcdc.c **** *\*\fun     Checks whether the specified LCDC flag is set or not.
1146:../../../firmware/n32h7xx_std_periph_driver/src/n32h7xx_lcdc.c **** *\*\param   LCDC_FLAG
1147:../../../firmware/n32h7xx_std_periph_driver/src/n32h7xx_lcdc.c **** *\*\          - LCDC_FLAG_L
1148:../../../firmware/n32h7xx_std_periph_driver/src/n32h7xx_lcdc.c **** *\*\          - LCDC_FLAG_FU
1149:../../../firmware/n32h7xx_std_periph_driver/src/n32h7xx_lcdc.c **** *\*\          - LCDC_FLAG_BE
1150:../../../firmware/n32h7xx_std_periph_driver/src/n32h7xx_lcdc.c **** *\*\          - LCDC_FLAG_RR
1151:../../../firmware/n32h7xx_std_periph_driver/src/n32h7xx_lcdc.c **** *\*\          - LCDC_FLAG_STNSIG
1152:../../../firmware/n32h7xx_std_periph_driver/src/n32h7xx_lcdc.c **** *\*\          - LCDC_FLAG_STNSYNC
1153:../../../firmware/n32h7xx_std_periph_driver/src/n32h7xx_lcdc.c **** *\*\          - LCDC_FLAG_CRC
1154:../../../firmware/n32h7xx_std_periph_driver/src/n32h7xx_lcdc.c **** *\*\          - LCDC_FLAG_RFE
1155:../../../firmware/n32h7xx_std_periph_driver/src/n32h7xx_lcdc.c **** *\*\return  The new state of LCDC_FLAG (SET or RESET).
1156:../../../firmware/n32h7xx_std_periph_driver/src/n32h7xx_lcdc.c **** **/
1157:../../../firmware/n32h7xx_std_periph_driver/src/n32h7xx_lcdc.c **** FlagStatus LCDC_GetFlagStatus(uint32_t LCDC_FLAG)
1158:../../../firmware/n32h7xx_std_periph_driver/src/n32h7xx_lcdc.c **** {
 2807              		.loc 1 1158 1
 2808              		.cfi_startproc
 2809              		@ args = 0, pretend = 0, frame = 16
 2810              		@ frame_needed = 1, uses_anonymous_args = 0
 2811              		@ link register save eliminated.
ARM GAS  /tmp/cc9q7jXo.s 			page 70


 2812 0000 80B4     		push	{r7}
 2813              	.LCFI158:
 2814              		.cfi_def_cfa_offset 4
 2815              		.cfi_offset 7, -4
 2816 0002 85B0     		sub	sp, sp, #20
 2817              	.LCFI159:
 2818              		.cfi_def_cfa_offset 24
 2819 0004 00AF     		add	r7, sp, #0
 2820              	.LCFI160:
 2821              		.cfi_def_cfa_register 7
 2822 0006 7860     		str	r0, [r7, #4]
1159:../../../firmware/n32h7xx_std_periph_driver/src/n32h7xx_lcdc.c ****     FlagStatus bitstatus;
1160:../../../firmware/n32h7xx_std_periph_driver/src/n32h7xx_lcdc.c **** 
1161:../../../firmware/n32h7xx_std_periph_driver/src/n32h7xx_lcdc.c ****     if ((LCDC->INTSTS & LCDC_FLAG) != (uint32_t)RESET)
 2823              		.loc 1 1161 14
 2824 0008 084B     		ldr	r3, .L100
 2825 000a 9A6B     		ldr	r2, [r3, #56]
 2826              		.loc 1 1161 23
 2827 000c 7B68     		ldr	r3, [r7, #4]
 2828 000e 1340     		ands	r3, r3, r2
 2829              		.loc 1 1161 8
 2830 0010 002B     		cmp	r3, #0
 2831 0012 02D0     		beq	.L97
1162:../../../firmware/n32h7xx_std_periph_driver/src/n32h7xx_lcdc.c ****     {
1163:../../../firmware/n32h7xx_std_periph_driver/src/n32h7xx_lcdc.c ****         bitstatus = SET;
 2832              		.loc 1 1163 19
 2833 0014 0123     		movs	r3, #1
 2834 0016 FB73     		strb	r3, [r7, #15]
 2835 0018 01E0     		b	.L98
 2836              	.L97:
1164:../../../firmware/n32h7xx_std_periph_driver/src/n32h7xx_lcdc.c ****     }
1165:../../../firmware/n32h7xx_std_periph_driver/src/n32h7xx_lcdc.c ****     else
1166:../../../firmware/n32h7xx_std_periph_driver/src/n32h7xx_lcdc.c ****     {
1167:../../../firmware/n32h7xx_std_periph_driver/src/n32h7xx_lcdc.c ****         bitstatus = RESET;
 2837              		.loc 1 1167 19
 2838 001a 0023     		movs	r3, #0
 2839 001c FB73     		strb	r3, [r7, #15]
 2840              	.L98:
1168:../../../firmware/n32h7xx_std_periph_driver/src/n32h7xx_lcdc.c ****     }
1169:../../../firmware/n32h7xx_std_periph_driver/src/n32h7xx_lcdc.c **** 
1170:../../../firmware/n32h7xx_std_periph_driver/src/n32h7xx_lcdc.c ****     return bitstatus;
 2841              		.loc 1 1170 12
 2842 001e FB7B     		ldrb	r3, [r7, #15]	@ zero_extendqisi2
1171:../../../firmware/n32h7xx_std_periph_driver/src/n32h7xx_lcdc.c **** }
 2843              		.loc 1 1171 1
 2844 0020 1846     		mov	r0, r3
 2845 0022 1437     		adds	r7, r7, #20
 2846              	.LCFI161:
 2847              		.cfi_def_cfa_offset 4
 2848 0024 BD46     		mov	sp, r7
 2849              	.LCFI162:
 2850              		.cfi_def_cfa_register 13
 2851              		@ sp needed
 2852 0026 80BC     		pop	{r7}
 2853              	.LCFI163:
 2854              		.cfi_restore 7
 2855              		.cfi_def_cfa_offset 0
ARM GAS  /tmp/cc9q7jXo.s 			page 71


 2856 0028 7047     		bx	lr
 2857              	.L101:
 2858 002a 00BF     		.align	2
 2859              	.L100:
 2860 002c 00A00450 		.word	1342480384
 2861              		.cfi_endproc
 2862              	.LFE174:
 2864              		.section	.text.LCDC_ClearFlag,"ax",%progbits
 2865              		.align	1
 2866              		.global	LCDC_ClearFlag
 2867              		.syntax unified
 2868              		.thumb
 2869              		.thumb_func
 2871              	LCDC_ClearFlag:
 2872              	.LFB175:
1172:../../../firmware/n32h7xx_std_periph_driver/src/n32h7xx_lcdc.c **** 
1173:../../../firmware/n32h7xx_std_periph_driver/src/n32h7xx_lcdc.c **** /**
1174:../../../firmware/n32h7xx_std_periph_driver/src/n32h7xx_lcdc.c **** *\*\name    LCDC_ClearFlag
1175:../../../firmware/n32h7xx_std_periph_driver/src/n32h7xx_lcdc.c **** *\*\fun     Clears the LCDC's pending flags.
1176:../../../firmware/n32h7xx_std_periph_driver/src/n32h7xx_lcdc.c **** *\*\param   LCDC_FLAG
1177:../../../firmware/n32h7xx_std_periph_driver/src/n32h7xx_lcdc.c **** *\*\          - LCDC_FLAG_L
1178:../../../firmware/n32h7xx_std_periph_driver/src/n32h7xx_lcdc.c **** *\*\          - LCDC_FLAG_FU
1179:../../../firmware/n32h7xx_std_periph_driver/src/n32h7xx_lcdc.c **** *\*\          - LCDC_FLAG_BE
1180:../../../firmware/n32h7xx_std_periph_driver/src/n32h7xx_lcdc.c **** *\*\          - LCDC_FLAG_RR
1181:../../../firmware/n32h7xx_std_periph_driver/src/n32h7xx_lcdc.c **** *\*\          - LCDC_FLAG_STNSIG
1182:../../../firmware/n32h7xx_std_periph_driver/src/n32h7xx_lcdc.c **** *\*\          - LCDC_FLAG_STNSYNC
1183:../../../firmware/n32h7xx_std_periph_driver/src/n32h7xx_lcdc.c **** *\*\          - LCDC_FLAG_CRC
1184:../../../firmware/n32h7xx_std_periph_driver/src/n32h7xx_lcdc.c **** *\*\          - LCDC_FLAG_RFE
1185:../../../firmware/n32h7xx_std_periph_driver/src/n32h7xx_lcdc.c **** *\*\return  none.
1186:../../../firmware/n32h7xx_std_periph_driver/src/n32h7xx_lcdc.c **** **/
1187:../../../firmware/n32h7xx_std_periph_driver/src/n32h7xx_lcdc.c **** void LCDC_ClearFlag(uint32_t LCDC_FLAG)
1188:../../../firmware/n32h7xx_std_periph_driver/src/n32h7xx_lcdc.c **** {
 2873              		.loc 1 1188 1
 2874              		.cfi_startproc
 2875              		@ args = 0, pretend = 0, frame = 8
 2876              		@ frame_needed = 1, uses_anonymous_args = 0
 2877              		@ link register save eliminated.
 2878 0000 80B4     		push	{r7}
 2879              	.LCFI164:
 2880              		.cfi_def_cfa_offset 4
 2881              		.cfi_offset 7, -4
 2882 0002 83B0     		sub	sp, sp, #12
 2883              	.LCFI165:
 2884              		.cfi_def_cfa_offset 16
 2885 0004 00AF     		add	r7, sp, #0
 2886              	.LCFI166:
 2887              		.cfi_def_cfa_register 7
 2888 0006 7860     		str	r0, [r7, #4]
1189:../../../firmware/n32h7xx_std_periph_driver/src/n32h7xx_lcdc.c ****     /* Clear the flags */
1190:../../../firmware/n32h7xx_std_periph_driver/src/n32h7xx_lcdc.c ****     LCDC->INTCLR = LCDC_FLAG;
 2889              		.loc 1 1190 9
 2890 0008 034A     		ldr	r2, .L103
 2891              		.loc 1 1190 18
 2892 000a 7B68     		ldr	r3, [r7, #4]
 2893 000c D363     		str	r3, [r2, #60]
1191:../../../firmware/n32h7xx_std_periph_driver/src/n32h7xx_lcdc.c **** }
 2894              		.loc 1 1191 1
ARM GAS  /tmp/cc9q7jXo.s 			page 72


 2895 000e 00BF     		nop
 2896 0010 0C37     		adds	r7, r7, #12
 2897              	.LCFI167:
 2898              		.cfi_def_cfa_offset 4
 2899 0012 BD46     		mov	sp, r7
 2900              	.LCFI168:
 2901              		.cfi_def_cfa_register 13
 2902              		@ sp needed
 2903 0014 80BC     		pop	{r7}
 2904              	.LCFI169:
 2905              		.cfi_restore 7
 2906              		.cfi_def_cfa_offset 0
 2907 0016 7047     		bx	lr
 2908              	.L104:
 2909              		.align	2
 2910              	.L103:
 2911 0018 00A00450 		.word	1342480384
 2912              		.cfi_endproc
 2913              	.LFE175:
 2915              		.section	.text.LCDC_GetIntStatus,"ax",%progbits
 2916              		.align	1
 2917              		.global	LCDC_GetIntStatus
 2918              		.syntax unified
 2919              		.thumb
 2920              		.thumb_func
 2922              	LCDC_GetIntStatus:
 2923              	.LFB176:
1192:../../../firmware/n32h7xx_std_periph_driver/src/n32h7xx_lcdc.c **** 
1193:../../../firmware/n32h7xx_std_periph_driver/src/n32h7xx_lcdc.c **** /**
1194:../../../firmware/n32h7xx_std_periph_driver/src/n32h7xx_lcdc.c **** *\*\name    LCDC_GetIntStatus
1195:../../../firmware/n32h7xx_std_periph_driver/src/n32h7xx_lcdc.c **** *\*\fun     Checks whether the specified LCDC's interrupt has occurred or not.
1196:../../../firmware/n32h7xx_std_periph_driver/src/n32h7xx_lcdc.c **** *\*\param   LCDC_IT
1197:../../../firmware/n32h7xx_std_periph_driver/src/n32h7xx_lcdc.c **** *\*\          - LCDC_INT_LIEN
1198:../../../firmware/n32h7xx_std_periph_driver/src/n32h7xx_lcdc.c **** *\*\          - LCDC_INT_FUIEN
1199:../../../firmware/n32h7xx_std_periph_driver/src/n32h7xx_lcdc.c **** *\*\          - LCDC_INT_BEIEN
1200:../../../firmware/n32h7xx_std_periph_driver/src/n32h7xx_lcdc.c **** *\*\          - LCDC_INT_RRIEN
1201:../../../firmware/n32h7xx_std_periph_driver/src/n32h7xx_lcdc.c **** *\*\          - LCDC_INT_STNSIGIEN
1202:../../../firmware/n32h7xx_std_periph_driver/src/n32h7xx_lcdc.c **** *\*\          - LCDC_INT_STNSYNCIEN
1203:../../../firmware/n32h7xx_std_periph_driver/src/n32h7xx_lcdc.c **** *\*\          - LCDC_INT_FUKIEN
1204:../../../firmware/n32h7xx_std_periph_driver/src/n32h7xx_lcdc.c **** *\*\          - LCDC_INT_CRCIEN
1205:../../../firmware/n32h7xx_std_periph_driver/src/n32h7xx_lcdc.c **** *\*\          - LCDC_INT_RFEIEN
1206:../../../firmware/n32h7xx_std_periph_driver/src/n32h7xx_lcdc.c **** *\*\return  The new state of LCDC_IT (SET or RESET).
1207:../../../firmware/n32h7xx_std_periph_driver/src/n32h7xx_lcdc.c **** **/
1208:../../../firmware/n32h7xx_std_periph_driver/src/n32h7xx_lcdc.c **** INTStatus LCDC_GetIntStatus(uint32_t LCDC_IT)
1209:../../../firmware/n32h7xx_std_periph_driver/src/n32h7xx_lcdc.c **** {
 2924              		.loc 1 1209 1
 2925              		.cfi_startproc
 2926              		@ args = 0, pretend = 0, frame = 16
 2927              		@ frame_needed = 1, uses_anonymous_args = 0
 2928              		@ link register save eliminated.
 2929 0000 80B4     		push	{r7}
 2930              	.LCFI170:
 2931              		.cfi_def_cfa_offset 4
 2932              		.cfi_offset 7, -4
 2933 0002 85B0     		sub	sp, sp, #20
 2934              	.LCFI171:
 2935              		.cfi_def_cfa_offset 24
ARM GAS  /tmp/cc9q7jXo.s 			page 73


 2936 0004 00AF     		add	r7, sp, #0
 2937              	.LCFI172:
 2938              		.cfi_def_cfa_register 7
 2939 0006 7860     		str	r0, [r7, #4]
1210:../../../firmware/n32h7xx_std_periph_driver/src/n32h7xx_lcdc.c ****     INTStatus bitstatus;
1211:../../../firmware/n32h7xx_std_periph_driver/src/n32h7xx_lcdc.c **** 
1212:../../../firmware/n32h7xx_std_periph_driver/src/n32h7xx_lcdc.c ****     if ((LCDC->INTSTS & LCDC_IT) != (uint32_t)RESET)
 2940              		.loc 1 1212 14
 2941 0008 0F4B     		ldr	r3, .L111
 2942 000a 9A6B     		ldr	r2, [r3, #56]
 2943              		.loc 1 1212 23
 2944 000c 7B68     		ldr	r3, [r7, #4]
 2945 000e 1340     		ands	r3, r3, r2
 2946              		.loc 1 1212 8
 2947 0010 002B     		cmp	r3, #0
 2948 0012 02D0     		beq	.L106
1213:../../../firmware/n32h7xx_std_periph_driver/src/n32h7xx_lcdc.c ****     {
1214:../../../firmware/n32h7xx_std_periph_driver/src/n32h7xx_lcdc.c ****         bitstatus = SET;
 2949              		.loc 1 1214 19
 2950 0014 0123     		movs	r3, #1
 2951 0016 FB73     		strb	r3, [r7, #15]
 2952 0018 01E0     		b	.L107
 2953              	.L106:
1215:../../../firmware/n32h7xx_std_periph_driver/src/n32h7xx_lcdc.c ****     }
1216:../../../firmware/n32h7xx_std_periph_driver/src/n32h7xx_lcdc.c ****     else
1217:../../../firmware/n32h7xx_std_periph_driver/src/n32h7xx_lcdc.c ****     {
1218:../../../firmware/n32h7xx_std_periph_driver/src/n32h7xx_lcdc.c ****         bitstatus = RESET;
 2954              		.loc 1 1218 19
 2955 001a 0023     		movs	r3, #0
 2956 001c FB73     		strb	r3, [r7, #15]
 2957              	.L107:
1219:../../../firmware/n32h7xx_std_periph_driver/src/n32h7xx_lcdc.c ****     }
1220:../../../firmware/n32h7xx_std_periph_driver/src/n32h7xx_lcdc.c **** 
1221:../../../firmware/n32h7xx_std_periph_driver/src/n32h7xx_lcdc.c ****     if (((LCDC->INTEN & LCDC_IT) != (uint32_t)RESET) && (bitstatus != (uint32_t)RESET))
 2958              		.loc 1 1221 15
 2959 001e 0A4B     		ldr	r3, .L111
 2960 0020 5A6B     		ldr	r2, [r3, #52]
 2961              		.loc 1 1221 23
 2962 0022 7B68     		ldr	r3, [r7, #4]
 2963 0024 1340     		ands	r3, r3, r2
 2964              		.loc 1 1221 8
 2965 0026 002B     		cmp	r3, #0
 2966 0028 05D0     		beq	.L108
 2967              		.loc 1 1221 54 discriminator 1
 2968 002a FB7B     		ldrb	r3, [r7, #15]	@ zero_extendqisi2
 2969 002c 002B     		cmp	r3, #0
 2970 002e 02D0     		beq	.L108
1222:../../../firmware/n32h7xx_std_periph_driver/src/n32h7xx_lcdc.c ****     {
1223:../../../firmware/n32h7xx_std_periph_driver/src/n32h7xx_lcdc.c ****         bitstatus = SET;
 2971              		.loc 1 1223 19
 2972 0030 0123     		movs	r3, #1
 2973 0032 FB73     		strb	r3, [r7, #15]
 2974 0034 01E0     		b	.L109
 2975              	.L108:
1224:../../../firmware/n32h7xx_std_periph_driver/src/n32h7xx_lcdc.c ****     }
1225:../../../firmware/n32h7xx_std_periph_driver/src/n32h7xx_lcdc.c ****     else
1226:../../../firmware/n32h7xx_std_periph_driver/src/n32h7xx_lcdc.c ****     {
ARM GAS  /tmp/cc9q7jXo.s 			page 74


1227:../../../firmware/n32h7xx_std_periph_driver/src/n32h7xx_lcdc.c ****         bitstatus = RESET;
 2976              		.loc 1 1227 19
 2977 0036 0023     		movs	r3, #0
 2978 0038 FB73     		strb	r3, [r7, #15]
 2979              	.L109:
1228:../../../firmware/n32h7xx_std_periph_driver/src/n32h7xx_lcdc.c ****     }
1229:../../../firmware/n32h7xx_std_periph_driver/src/n32h7xx_lcdc.c **** 
1230:../../../firmware/n32h7xx_std_periph_driver/src/n32h7xx_lcdc.c ****     return bitstatus;
 2980              		.loc 1 1230 12
 2981 003a FB7B     		ldrb	r3, [r7, #15]	@ zero_extendqisi2
1231:../../../firmware/n32h7xx_std_periph_driver/src/n32h7xx_lcdc.c **** }
 2982              		.loc 1 1231 1
 2983 003c 1846     		mov	r0, r3
 2984 003e 1437     		adds	r7, r7, #20
 2985              	.LCFI173:
 2986              		.cfi_def_cfa_offset 4
 2987 0040 BD46     		mov	sp, r7
 2988              	.LCFI174:
 2989              		.cfi_def_cfa_register 13
 2990              		@ sp needed
 2991 0042 80BC     		pop	{r7}
 2992              	.LCFI175:
 2993              		.cfi_restore 7
 2994              		.cfi_def_cfa_offset 0
 2995 0044 7047     		bx	lr
 2996              	.L112:
 2997 0046 00BF     		.align	2
 2998              	.L111:
 2999 0048 00A00450 		.word	1342480384
 3000              		.cfi_endproc
 3001              	.LFE176:
 3003              		.section	.text.LCDC_ClrIntPendingBit,"ax",%progbits
 3004              		.align	1
 3005              		.global	LCDC_ClrIntPendingBit
 3006              		.syntax unified
 3007              		.thumb
 3008              		.thumb_func
 3010              	LCDC_ClrIntPendingBit:
 3011              	.LFB177:
1232:../../../firmware/n32h7xx_std_periph_driver/src/n32h7xx_lcdc.c **** 
1233:../../../firmware/n32h7xx_std_periph_driver/src/n32h7xx_lcdc.c **** /**
1234:../../../firmware/n32h7xx_std_periph_driver/src/n32h7xx_lcdc.c **** *\*\name    LCDC_ClrIntPendingBit
1235:../../../firmware/n32h7xx_std_periph_driver/src/n32h7xx_lcdc.c **** *\*\fun     Clears the LCDC's interrupt pending bits.
1236:../../../firmware/n32h7xx_std_periph_driver/src/n32h7xx_lcdc.c **** *\*\param   LCDC_IT
1237:../../../firmware/n32h7xx_std_periph_driver/src/n32h7xx_lcdc.c **** *\*\          - LCDC_INT_LIEN
1238:../../../firmware/n32h7xx_std_periph_driver/src/n32h7xx_lcdc.c **** *\*\          - LCDC_INT_FUIEN
1239:../../../firmware/n32h7xx_std_periph_driver/src/n32h7xx_lcdc.c **** *\*\          - LCDC_INT_BEIEN
1240:../../../firmware/n32h7xx_std_periph_driver/src/n32h7xx_lcdc.c **** *\*\          - LCDC_INT_RRIEN
1241:../../../firmware/n32h7xx_std_periph_driver/src/n32h7xx_lcdc.c **** *\*\          - LCDC_INT_STNSIGIEN
1242:../../../firmware/n32h7xx_std_periph_driver/src/n32h7xx_lcdc.c **** *\*\          - LCDC_INT_STNSYNCIEN
1243:../../../firmware/n32h7xx_std_periph_driver/src/n32h7xx_lcdc.c **** *\*\          - LCDC_INT_FUKIEN
1244:../../../firmware/n32h7xx_std_periph_driver/src/n32h7xx_lcdc.c **** *\*\          - LCDC_INT_CRCIEN
1245:../../../firmware/n32h7xx_std_periph_driver/src/n32h7xx_lcdc.c **** *\*\          - LCDC_INT_RFEIEN
1246:../../../firmware/n32h7xx_std_periph_driver/src/n32h7xx_lcdc.c **** *\*\return  none.
1247:../../../firmware/n32h7xx_std_periph_driver/src/n32h7xx_lcdc.c **** **/
1248:../../../firmware/n32h7xx_std_periph_driver/src/n32h7xx_lcdc.c **** void LCDC_ClrIntPendingBit(uint32_t LCDC_IT)
1249:../../../firmware/n32h7xx_std_periph_driver/src/n32h7xx_lcdc.c **** {
ARM GAS  /tmp/cc9q7jXo.s 			page 75


 3012              		.loc 1 1249 1
 3013              		.cfi_startproc
 3014              		@ args = 0, pretend = 0, frame = 8
 3015              		@ frame_needed = 1, uses_anonymous_args = 0
 3016              		@ link register save eliminated.
 3017 0000 80B4     		push	{r7}
 3018              	.LCFI176:
 3019              		.cfi_def_cfa_offset 4
 3020              		.cfi_offset 7, -4
 3021 0002 83B0     		sub	sp, sp, #12
 3022              	.LCFI177:
 3023              		.cfi_def_cfa_offset 16
 3024 0004 00AF     		add	r7, sp, #0
 3025              	.LCFI178:
 3026              		.cfi_def_cfa_register 7
 3027 0006 7860     		str	r0, [r7, #4]
1250:../../../firmware/n32h7xx_std_periph_driver/src/n32h7xx_lcdc.c ****     /* Clear the IT pending Bit */
1251:../../../firmware/n32h7xx_std_periph_driver/src/n32h7xx_lcdc.c ****     LCDC->INTCLR = LCDC_IT;
 3028              		.loc 1 1251 9
 3029 0008 034A     		ldr	r2, .L114
 3030              		.loc 1 1251 18
 3031 000a 7B68     		ldr	r3, [r7, #4]
 3032 000c D363     		str	r3, [r2, #60]
1252:../../../firmware/n32h7xx_std_periph_driver/src/n32h7xx_lcdc.c **** }
 3033              		.loc 1 1252 1
 3034 000e 00BF     		nop
 3035 0010 0C37     		adds	r7, r7, #12
 3036              	.LCFI179:
 3037              		.cfi_def_cfa_offset 4
 3038 0012 BD46     		mov	sp, r7
 3039              	.LCFI180:
 3040              		.cfi_def_cfa_register 13
 3041              		@ sp needed
 3042 0014 80BC     		pop	{r7}
 3043              	.LCFI181:
 3044              		.cfi_restore 7
 3045              		.cfi_def_cfa_offset 0
 3046 0016 7047     		bx	lr
 3047              	.L115:
 3048              		.align	2
 3049              	.L114:
 3050 0018 00A00450 		.word	1342480384
 3051              		.cfi_endproc
 3052              	.LFE177:
 3054              		.section	.text.LCDC_LayerYUVEnable,"ax",%progbits
 3055              		.align	1
 3056              		.global	LCDC_LayerYUVEnable
 3057              		.syntax unified
 3058              		.thumb
 3059              		.thumb_func
 3061              	LCDC_LayerYUVEnable:
 3062              	.LFB178:
1253:../../../firmware/n32h7xx_std_periph_driver/src/n32h7xx_lcdc.c **** 
1254:../../../firmware/n32h7xx_std_periph_driver/src/n32h7xx_lcdc.c **** /**
1255:../../../firmware/n32h7xx_std_periph_driver/src/n32h7xx_lcdc.c **** *\*\name    LCDC_LayerYUVEnable
1256:../../../firmware/n32h7xx_std_periph_driver/src/n32h7xx_lcdc.c **** *\*\fun     Enable YUV mode of LCDC layer.
1257:../../../firmware/n32h7xx_std_periph_driver/src/n32h7xx_lcdc.c **** *\*\param   LCDC_Layerx: refer to the definition of LCDC_Layer_Module
ARM GAS  /tmp/cc9q7jXo.s 			page 76


1258:../../../firmware/n32h7xx_std_periph_driver/src/n32h7xx_lcdc.c **** *\*\          - LCDC_Layer1
1259:../../../firmware/n32h7xx_std_periph_driver/src/n32h7xx_lcdc.c **** *\*\          - LCDC_Layer2
1260:../../../firmware/n32h7xx_std_periph_driver/src/n32h7xx_lcdc.c **** *\*\          - LCDC_Layer3
1261:../../../firmware/n32h7xx_std_periph_driver/src/n32h7xx_lcdc.c **** *\*\          - LCDC_Layer4
1262:../../../firmware/n32h7xx_std_periph_driver/src/n32h7xx_lcdc.c **** *\*\param   Cmd
1263:../../../firmware/n32h7xx_std_periph_driver/src/n32h7xx_lcdc.c **** *\*\          - ENABLE
1264:../../../firmware/n32h7xx_std_periph_driver/src/n32h7xx_lcdc.c **** *\*\          - DISABLE
1265:../../../firmware/n32h7xx_std_periph_driver/src/n32h7xx_lcdc.c **** *\*\return  none
1266:../../../firmware/n32h7xx_std_periph_driver/src/n32h7xx_lcdc.c **** **/
1267:../../../firmware/n32h7xx_std_periph_driver/src/n32h7xx_lcdc.c **** void LCDC_LayerYUVEnable(LCDC_Layer_Module* LCDC_Layerx ,FunctionalState Cmd)
1268:../../../firmware/n32h7xx_std_periph_driver/src/n32h7xx_lcdc.c **** {
 3063              		.loc 1 1268 1
 3064              		.cfi_startproc
 3065              		@ args = 0, pretend = 0, frame = 8
 3066              		@ frame_needed = 1, uses_anonymous_args = 0
 3067              		@ link register save eliminated.
 3068 0000 80B4     		push	{r7}
 3069              	.LCFI182:
 3070              		.cfi_def_cfa_offset 4
 3071              		.cfi_offset 7, -4
 3072 0002 83B0     		sub	sp, sp, #12
 3073              	.LCFI183:
 3074              		.cfi_def_cfa_offset 16
 3075 0004 00AF     		add	r7, sp, #0
 3076              	.LCFI184:
 3077              		.cfi_def_cfa_register 7
 3078 0006 7860     		str	r0, [r7, #4]
 3079 0008 0B46     		mov	r3, r1
 3080 000a FB70     		strb	r3, [r7, #3]
1269:../../../firmware/n32h7xx_std_periph_driver/src/n32h7xx_lcdc.c ****     if (Cmd != DISABLE)
 3081              		.loc 1 1269 8
 3082 000c FB78     		ldrb	r3, [r7, #3]	@ zero_extendqisi2
 3083 000e 002B     		cmp	r3, #0
 3084 0010 06D0     		beq	.L117
1270:../../../firmware/n32h7xx_std_periph_driver/src/n32h7xx_lcdc.c ****     {
1271:../../../firmware/n32h7xx_std_periph_driver/src/n32h7xx_lcdc.c ****         /* Enable YUV mode of LCDC layer*/
1272:../../../firmware/n32h7xx_std_periph_driver/src/n32h7xx_lcdc.c ****         LCDC_Layerx->AFBCTRL |= (uint32_t)LCDC_AFBCTRL_YUVEN;
 3085              		.loc 1 1272 20
 3086 0012 7B68     		ldr	r3, [r7, #4]
 3087 0014 1B6B     		ldr	r3, [r3, #48]
 3088              		.loc 1 1272 30
 3089 0016 43F00802 		orr	r2, r3, #8
 3090 001a 7B68     		ldr	r3, [r7, #4]
 3091 001c 1A63     		str	r2, [r3, #48]
1273:../../../firmware/n32h7xx_std_periph_driver/src/n32h7xx_lcdc.c ****     }
1274:../../../firmware/n32h7xx_std_periph_driver/src/n32h7xx_lcdc.c ****     else
1275:../../../firmware/n32h7xx_std_periph_driver/src/n32h7xx_lcdc.c ****     {
1276:../../../firmware/n32h7xx_std_periph_driver/src/n32h7xx_lcdc.c ****         /* Disable YUV mode of LCDC layer*/
1277:../../../firmware/n32h7xx_std_periph_driver/src/n32h7xx_lcdc.c ****         LCDC_Layerx->AFBCTRL &= (uint32_t)(~LCDC_AFBCTRL_YUVEN);
1278:../../../firmware/n32h7xx_std_periph_driver/src/n32h7xx_lcdc.c ****     }
1279:../../../firmware/n32h7xx_std_periph_driver/src/n32h7xx_lcdc.c **** }
 3092              		.loc 1 1279 1
 3093 001e 05E0     		b	.L119
 3094              	.L117:
1277:../../../firmware/n32h7xx_std_periph_driver/src/n32h7xx_lcdc.c ****     }
 3095              		.loc 1 1277 20
 3096 0020 7B68     		ldr	r3, [r7, #4]
ARM GAS  /tmp/cc9q7jXo.s 			page 77


 3097 0022 1B6B     		ldr	r3, [r3, #48]
1277:../../../firmware/n32h7xx_std_periph_driver/src/n32h7xx_lcdc.c ****     }
 3098              		.loc 1 1277 30
 3099 0024 23F00802 		bic	r2, r3, #8
 3100 0028 7B68     		ldr	r3, [r7, #4]
 3101 002a 1A63     		str	r2, [r3, #48]
 3102              	.L119:
 3103              		.loc 1 1279 1
 3104 002c 00BF     		nop
 3105 002e 0C37     		adds	r7, r7, #12
 3106              	.LCFI185:
 3107              		.cfi_def_cfa_offset 4
 3108 0030 BD46     		mov	sp, r7
 3109              	.LCFI186:
 3110              		.cfi_def_cfa_register 13
 3111              		@ sp needed
 3112 0032 80BC     		pop	{r7}
 3113              	.LCFI187:
 3114              		.cfi_restore 7
 3115              		.cfi_def_cfa_offset 0
 3116 0034 7047     		bx	lr
 3117              		.cfi_endproc
 3118              	.LFE178:
 3120              		.section	.text.LCDC_LayerYHeadroomEnable,"ax",%progbits
 3121              		.align	1
 3122              		.global	LCDC_LayerYHeadroomEnable
 3123              		.syntax unified
 3124              		.thumb
 3125              		.thumb_func
 3127              	LCDC_LayerYHeadroomEnable:
 3128              	.LFB179:
1280:../../../firmware/n32h7xx_std_periph_driver/src/n32h7xx_lcdc.c **** 
1281:../../../firmware/n32h7xx_std_periph_driver/src/n32h7xx_lcdc.c **** /**
1282:../../../firmware/n32h7xx_std_periph_driver/src/n32h7xx_lcdc.c **** *\*\name    LCDC_LayerYHeadroomEnable
1283:../../../firmware/n32h7xx_std_periph_driver/src/n32h7xx_lcdc.c **** *\*\fun     Enable YHeadroom of YUV mode.
1284:../../../firmware/n32h7xx_std_periph_driver/src/n32h7xx_lcdc.c **** *\*\param   LCDC_Layerx: refer to the definition of LCDC_Layer_Module
1285:../../../firmware/n32h7xx_std_periph_driver/src/n32h7xx_lcdc.c **** *\*\          - LCDC_Layer1
1286:../../../firmware/n32h7xx_std_periph_driver/src/n32h7xx_lcdc.c **** *\*\          - LCDC_Layer2
1287:../../../firmware/n32h7xx_std_periph_driver/src/n32h7xx_lcdc.c **** *\*\          - LCDC_Layer3
1288:../../../firmware/n32h7xx_std_periph_driver/src/n32h7xx_lcdc.c **** *\*\          - LCDC_Layer4
1289:../../../firmware/n32h7xx_std_periph_driver/src/n32h7xx_lcdc.c **** *\*\param   Cmd
1290:../../../firmware/n32h7xx_std_periph_driver/src/n32h7xx_lcdc.c **** *\*\          - ENABLE
1291:../../../firmware/n32h7xx_std_periph_driver/src/n32h7xx_lcdc.c **** *\*\          - DISABLE
1292:../../../firmware/n32h7xx_std_periph_driver/src/n32h7xx_lcdc.c **** *\*\return  none
1293:../../../firmware/n32h7xx_std_periph_driver/src/n32h7xx_lcdc.c **** **/
1294:../../../firmware/n32h7xx_std_periph_driver/src/n32h7xx_lcdc.c **** void LCDC_LayerYHeadroomEnable(LCDC_Layer_Module* LCDC_Layerx ,FunctionalState Cmd)
1295:../../../firmware/n32h7xx_std_periph_driver/src/n32h7xx_lcdc.c **** {
 3129              		.loc 1 1295 1
 3130              		.cfi_startproc
 3131              		@ args = 0, pretend = 0, frame = 8
 3132              		@ frame_needed = 1, uses_anonymous_args = 0
 3133              		@ link register save eliminated.
 3134 0000 80B4     		push	{r7}
 3135              	.LCFI188:
 3136              		.cfi_def_cfa_offset 4
 3137              		.cfi_offset 7, -4
 3138 0002 83B0     		sub	sp, sp, #12
ARM GAS  /tmp/cc9q7jXo.s 			page 78


 3139              	.LCFI189:
 3140              		.cfi_def_cfa_offset 16
 3141 0004 00AF     		add	r7, sp, #0
 3142              	.LCFI190:
 3143              		.cfi_def_cfa_register 7
 3144 0006 7860     		str	r0, [r7, #4]
 3145 0008 0B46     		mov	r3, r1
 3146 000a FB70     		strb	r3, [r7, #3]
1296:../../../firmware/n32h7xx_std_periph_driver/src/n32h7xx_lcdc.c ****     if (Cmd != DISABLE)
 3147              		.loc 1 1296 8
 3148 000c FB78     		ldrb	r3, [r7, #3]	@ zero_extendqisi2
 3149 000e 002B     		cmp	r3, #0
 3150 0010 06D0     		beq	.L121
1297:../../../firmware/n32h7xx_std_periph_driver/src/n32h7xx_lcdc.c ****     {
1298:../../../firmware/n32h7xx_std_periph_driver/src/n32h7xx_lcdc.c ****         /* YUV mode Y headroom enable */
1299:../../../firmware/n32h7xx_std_periph_driver/src/n32h7xx_lcdc.c ****         LCDC_Layerx->AFBCTRL |= (uint32_t)LCDC_AFBCTRL_YHEN;
 3151              		.loc 1 1299 20
 3152 0012 7B68     		ldr	r3, [r7, #4]
 3153 0014 1B6B     		ldr	r3, [r3, #48]
 3154              		.loc 1 1299 30
 3155 0016 43F40072 		orr	r2, r3, #512
 3156 001a 7B68     		ldr	r3, [r7, #4]
 3157 001c 1A63     		str	r2, [r3, #48]
1300:../../../firmware/n32h7xx_std_periph_driver/src/n32h7xx_lcdc.c ****     }
1301:../../../firmware/n32h7xx_std_periph_driver/src/n32h7xx_lcdc.c ****     else
1302:../../../firmware/n32h7xx_std_periph_driver/src/n32h7xx_lcdc.c ****     {
1303:../../../firmware/n32h7xx_std_periph_driver/src/n32h7xx_lcdc.c ****         /* YUV mode Y headroom disable */
1304:../../../firmware/n32h7xx_std_periph_driver/src/n32h7xx_lcdc.c ****         LCDC_Layerx->AFBCTRL &= (uint32_t)(~LCDC_AFBCTRL_YHEN);
1305:../../../firmware/n32h7xx_std_periph_driver/src/n32h7xx_lcdc.c ****     }
1306:../../../firmware/n32h7xx_std_periph_driver/src/n32h7xx_lcdc.c **** }
 3158              		.loc 1 1306 1
 3159 001e 05E0     		b	.L123
 3160              	.L121:
1304:../../../firmware/n32h7xx_std_periph_driver/src/n32h7xx_lcdc.c ****     }
 3161              		.loc 1 1304 20
 3162 0020 7B68     		ldr	r3, [r7, #4]
 3163 0022 1B6B     		ldr	r3, [r3, #48]
1304:../../../firmware/n32h7xx_std_periph_driver/src/n32h7xx_lcdc.c ****     }
 3164              		.loc 1 1304 30
 3165 0024 23F40072 		bic	r2, r3, #512
 3166 0028 7B68     		ldr	r3, [r7, #4]
 3167 002a 1A63     		str	r2, [r3, #48]
 3168              	.L123:
 3169              		.loc 1 1306 1
 3170 002c 00BF     		nop
 3171 002e 0C37     		adds	r7, r7, #12
 3172              	.LCFI191:
 3173              		.cfi_def_cfa_offset 4
 3174 0030 BD46     		mov	sp, r7
 3175              	.LCFI192:
 3176              		.cfi_def_cfa_register 13
 3177              		@ sp needed
 3178 0032 80BC     		pop	{r7}
 3179              	.LCFI193:
 3180              		.cfi_restore 7
 3181              		.cfi_def_cfa_offset 0
 3182 0034 7047     		bx	lr
ARM GAS  /tmp/cc9q7jXo.s 			page 79


 3183              		.cfi_endproc
 3184              	.LFE179:
 3186              		.section	.text.LCDC_LayerWindow,"ax",%progbits
 3187              		.align	1
 3188              		.global	LCDC_LayerWindow
 3189              		.syntax unified
 3190              		.thumb
 3191              		.thumb_func
 3193              	LCDC_LayerWindow:
 3194              	.LFB180:
1307:../../../firmware/n32h7xx_std_periph_driver/src/n32h7xx_lcdc.c **** 
1308:../../../firmware/n32h7xx_std_periph_driver/src/n32h7xx_lcdc.c **** /**
1309:../../../firmware/n32h7xx_std_periph_driver/src/n32h7xx_lcdc.c **** *\*\name    LCDC_LayerWindow
1310:../../../firmware/n32h7xx_std_periph_driver/src/n32h7xx_lcdc.c **** *\*\fun     Fills each LCDC_LayerWindowStruct member with its default value.
1311:../../../firmware/n32h7xx_std_periph_driver/src/n32h7xx_lcdc.c **** *\*\param   LCDC_LayerWindowStruct: refer to the definition of LCDC_LayerWindowType
1312:../../../firmware/n32h7xx_std_periph_driver/src/n32h7xx_lcdc.c **** *\*\          - Layer_Window_HorizontalStart
1313:../../../firmware/n32h7xx_std_periph_driver/src/n32h7xx_lcdc.c **** *\*\            * 0x0000 ~ 0xFFFF
1314:../../../firmware/n32h7xx_std_periph_driver/src/n32h7xx_lcdc.c **** *\*\          - Layer_Window_VerticalStart
1315:../../../firmware/n32h7xx_std_periph_driver/src/n32h7xx_lcdc.c **** *\*\            * 0x0000 ~ 0xFFFF
1316:../../../firmware/n32h7xx_std_periph_driver/src/n32h7xx_lcdc.c **** *\*\          - Layer_Window_Width
1317:../../../firmware/n32h7xx_std_periph_driver/src/n32h7xx_lcdc.c **** *\*\            * 0x0000 ~ 0xFFFF
1318:../../../firmware/n32h7xx_std_periph_driver/src/n32h7xx_lcdc.c **** *\*\          - Layer_Window_Height
1319:../../../firmware/n32h7xx_std_periph_driver/src/n32h7xx_lcdc.c **** *\*\            * 0x0000 ~ 0xFFFF
1320:../../../firmware/n32h7xx_std_periph_driver/src/n32h7xx_lcdc.c **** *\*\return  none
1321:../../../firmware/n32h7xx_std_periph_driver/src/n32h7xx_lcdc.c **** **/
1322:../../../firmware/n32h7xx_std_periph_driver/src/n32h7xx_lcdc.c **** void LCDC_LayerWindow(LCDC_Layer_Module* LCDC_Layerx,LCDC_LayerWindowType* LCDC_LayerWindowStruct)
1323:../../../firmware/n32h7xx_std_periph_driver/src/n32h7xx_lcdc.c **** {
 3195              		.loc 1 1323 1
 3196              		.cfi_startproc
 3197              		@ args = 0, pretend = 0, frame = 16
 3198              		@ frame_needed = 1, uses_anonymous_args = 0
 3199              		@ link register save eliminated.
 3200 0000 80B4     		push	{r7}
 3201              	.LCFI194:
 3202              		.cfi_def_cfa_offset 4
 3203              		.cfi_offset 7, -4
 3204 0002 85B0     		sub	sp, sp, #20
 3205              	.LCFI195:
 3206              		.cfi_def_cfa_offset 24
 3207 0004 00AF     		add	r7, sp, #0
 3208              	.LCFI196:
 3209              		.cfi_def_cfa_register 7
 3210 0006 7860     		str	r0, [r7, #4]
 3211 0008 3960     		str	r1, [r7]
1324:../../../firmware/n32h7xx_std_periph_driver/src/n32h7xx_lcdc.c ****     
1325:../../../firmware/n32h7xx_std_periph_driver/src/n32h7xx_lcdc.c ****     uint32_t tmpwhpctrl;
1326:../../../firmware/n32h7xx_std_periph_driver/src/n32h7xx_lcdc.c ****     uint32_t tmpwvpctrl;
1327:../../../firmware/n32h7xx_std_periph_driver/src/n32h7xx_lcdc.c **** 
1328:../../../firmware/n32h7xx_std_periph_driver/src/n32h7xx_lcdc.c ****     /* Configures the horizontal start and stop position */
1329:../../../firmware/n32h7xx_std_periph_driver/src/n32h7xx_lcdc.c ****     /* Get the LCDC_WHPCTRL register value */
1330:../../../firmware/n32h7xx_std_periph_driver/src/n32h7xx_lcdc.c ****     tmpwhpctrl = LCDC_Layer1->WHPCTRL;
 3212              		.loc 1 1330 29
 3213 000a 174B     		ldr	r3, .L125
 3214              		.loc 1 1330 16
 3215 000c 1B69     		ldr	r3, [r3, #16]
 3216 000e FB60     		str	r3, [r7, #12]
1331:../../../firmware/n32h7xx_std_periph_driver/src/n32h7xx_lcdc.c ****     /* Clear WHSTPOS/WHSPPOS bits */
ARM GAS  /tmp/cc9q7jXo.s 			page 80


1332:../../../firmware/n32h7xx_std_periph_driver/src/n32h7xx_lcdc.c ****     tmpwhpctrl &= ~(LCDC_WHPCTRL_WHSTPOS | LCDC_WHPCTRL_WHSPPOS);
 3217              		.loc 1 1332 16
 3218 0010 0023     		movs	r3, #0
 3219 0012 FB60     		str	r3, [r7, #12]
1333:../../../firmware/n32h7xx_std_periph_driver/src/n32h7xx_lcdc.c ****     /* Set WHSTPOS/WHSPPOS bits */
1334:../../../firmware/n32h7xx_std_periph_driver/src/n32h7xx_lcdc.c ****     tmpwhpctrl |= (uint32_t)(((LCDC_LayerWindowStruct->Layer_Window_HorizontalStart + LCDC_LayerWin
 3220              		.loc 1 1334 54
 3221 0014 3B68     		ldr	r3, [r7]
 3222 0016 1A68     		ldr	r2, [r3]
 3223              		.loc 1 1334 109
 3224 0018 3B68     		ldr	r3, [r7]
 3225 001a 9B68     		ldr	r3, [r3, #8]
 3226              		.loc 1 1334 85
 3227 001c 1344     		add	r3, r3, r2
 3228              		.loc 1 1334 130
 3229 001e 013B     		subs	r3, r3, #1
 3230              		.loc 1 1334 135
 3231 0020 1A04     		lsls	r2, r3, #16
 3232              		.loc 1 1334 167
 3233 0022 3B68     		ldr	r3, [r7]
 3234 0024 1B68     		ldr	r3, [r3]
 3235              		.loc 1 1334 19
 3236 0026 1343     		orrs	r3, r3, r2
 3237              		.loc 1 1334 16
 3238 0028 FA68     		ldr	r2, [r7, #12]
 3239 002a 1343     		orrs	r3, r3, r2
 3240 002c FB60     		str	r3, [r7, #12]
1335:../../../firmware/n32h7xx_std_periph_driver/src/n32h7xx_lcdc.c ****     /* Write to LCDC_WHPCTRL */
1336:../../../firmware/n32h7xx_std_periph_driver/src/n32h7xx_lcdc.c ****     LCDC_Layer1->WHPCTRL = (uint32_t)tmpwhpctrl;
 3241              		.loc 1 1336 16
 3242 002e 0E4A     		ldr	r2, .L125
 3243              		.loc 1 1336 26
 3244 0030 FB68     		ldr	r3, [r7, #12]
 3245 0032 1361     		str	r3, [r2, #16]
1337:../../../firmware/n32h7xx_std_periph_driver/src/n32h7xx_lcdc.c **** 
1338:../../../firmware/n32h7xx_std_periph_driver/src/n32h7xx_lcdc.c ****     /* Configures the vertical start and stop position */
1339:../../../firmware/n32h7xx_std_periph_driver/src/n32h7xx_lcdc.c ****     /* Get the LCDC_WVPCTRL register value */
1340:../../../firmware/n32h7xx_std_periph_driver/src/n32h7xx_lcdc.c ****     tmpwvpctrl = LCDC_Layer1->WVPCTRL;
 3246              		.loc 1 1340 29
 3247 0034 0C4B     		ldr	r3, .L125
 3248              		.loc 1 1340 16
 3249 0036 5B69     		ldr	r3, [r3, #20]
 3250 0038 BB60     		str	r3, [r7, #8]
1341:../../../firmware/n32h7xx_std_periph_driver/src/n32h7xx_lcdc.c ****     /* Clear WVSTPOS/WVSPPOS bits */
1342:../../../firmware/n32h7xx_std_periph_driver/src/n32h7xx_lcdc.c ****     tmpwvpctrl &= ~(LCDC_WVPCTRL_WVSTPOS | LCDC_WVPCTRL_WVSPPOS);
 3251              		.loc 1 1342 16
 3252 003a 0023     		movs	r3, #0
 3253 003c BB60     		str	r3, [r7, #8]
1343:../../../firmware/n32h7xx_std_periph_driver/src/n32h7xx_lcdc.c ****     /* Set WVSTPOS/WVSPPOS bits */
1344:../../../firmware/n32h7xx_std_periph_driver/src/n32h7xx_lcdc.c ****     tmpwvpctrl |= (uint32_t)(((LCDC_LayerWindowStruct->Layer_Window_VerticalStart + LCDC_LayerWindo
 3254              		.loc 1 1344 54
 3255 003e 3B68     		ldr	r3, [r7]
 3256 0040 5A68     		ldr	r2, [r3, #4]
 3257              		.loc 1 1344 107
 3258 0042 3B68     		ldr	r3, [r7]
 3259 0044 DB68     		ldr	r3, [r3, #12]
 3260              		.loc 1 1344 83
ARM GAS  /tmp/cc9q7jXo.s 			page 81


 3261 0046 1344     		add	r3, r3, r2
 3262              		.loc 1 1344 129
 3263 0048 013B     		subs	r3, r3, #1
 3264              		.loc 1 1344 134
 3265 004a 1A04     		lsls	r2, r3, #16
 3266              		.loc 1 1344 166
 3267 004c 3B68     		ldr	r3, [r7]
 3268 004e 5B68     		ldr	r3, [r3, #4]
 3269              		.loc 1 1344 19
 3270 0050 1343     		orrs	r3, r3, r2
 3271              		.loc 1 1344 16
 3272 0052 BA68     		ldr	r2, [r7, #8]
 3273 0054 1343     		orrs	r3, r3, r2
 3274 0056 BB60     		str	r3, [r7, #8]
1345:../../../firmware/n32h7xx_std_periph_driver/src/n32h7xx_lcdc.c ****     /* Write to LCDC_WVPCTRL */
1346:../../../firmware/n32h7xx_std_periph_driver/src/n32h7xx_lcdc.c ****     LCDC_Layer1->WVPCTRL = (uint32_t)tmpwvpctrl;
 3275              		.loc 1 1346 16
 3276 0058 034A     		ldr	r2, .L125
 3277              		.loc 1 1346 26
 3278 005a BB68     		ldr	r3, [r7, #8]
 3279 005c 5361     		str	r3, [r2, #20]
1347:../../../firmware/n32h7xx_std_periph_driver/src/n32h7xx_lcdc.c **** }
 3280              		.loc 1 1347 1
 3281 005e 00BF     		nop
 3282 0060 1437     		adds	r7, r7, #20
 3283              	.LCFI197:
 3284              		.cfi_def_cfa_offset 4
 3285 0062 BD46     		mov	sp, r7
 3286              	.LCFI198:
 3287              		.cfi_def_cfa_register 13
 3288              		@ sp needed
 3289 0064 80BC     		pop	{r7}
 3290              	.LCFI199:
 3291              		.cfi_restore 7
 3292              		.cfi_def_cfa_offset 0
 3293 0066 7047     		bx	lr
 3294              	.L126:
 3295              		.align	2
 3296              	.L125:
 3297 0068 00A10450 		.word	1342480640
 3298              		.cfi_endproc
 3299              	.LFE180:
 3301              		.section	.text.LCDC_LayerWindowStructInit,"ax",%progbits
 3302              		.align	1
 3303              		.global	LCDC_LayerWindowStructInit
 3304              		.syntax unified
 3305              		.thumb
 3306              		.thumb_func
 3308              	LCDC_LayerWindowStructInit:
 3309              	.LFB181:
1348:../../../firmware/n32h7xx_std_periph_driver/src/n32h7xx_lcdc.c **** 
1349:../../../firmware/n32h7xx_std_periph_driver/src/n32h7xx_lcdc.c **** /**
1350:../../../firmware/n32h7xx_std_periph_driver/src/n32h7xx_lcdc.c **** *\*\name    LCDC_LayerWindowStructInit
1351:../../../firmware/n32h7xx_std_periph_driver/src/n32h7xx_lcdc.c **** *\*\fun     Fills each LCDC_LayerWindowStruct member with its default value.
1352:../../../firmware/n32h7xx_std_periph_driver/src/n32h7xx_lcdc.c **** *\*\param   LCDC_LayerWindowStruct: refer to the definition of LCDC_LayerWindowType
1353:../../../firmware/n32h7xx_std_periph_driver/src/n32h7xx_lcdc.c **** *\*\          - Layer_Window_HorizontalStart
1354:../../../firmware/n32h7xx_std_periph_driver/src/n32h7xx_lcdc.c **** *\*\          - Layer_Window_VerticalStart
ARM GAS  /tmp/cc9q7jXo.s 			page 82


1355:../../../firmware/n32h7xx_std_periph_driver/src/n32h7xx_lcdc.c **** *\*\          - Layer_Window_Width
1356:../../../firmware/n32h7xx_std_periph_driver/src/n32h7xx_lcdc.c **** *\*\          - Layer_Window_Height
1357:../../../firmware/n32h7xx_std_periph_driver/src/n32h7xx_lcdc.c **** *\*\return  none
1358:../../../firmware/n32h7xx_std_periph_driver/src/n32h7xx_lcdc.c **** **/
1359:../../../firmware/n32h7xx_std_periph_driver/src/n32h7xx_lcdc.c **** void LCDC_LayerWindowStructInit(LCDC_LayerWindowType* LCDC_LayerWindowStruct)
1360:../../../firmware/n32h7xx_std_periph_driver/src/n32h7xx_lcdc.c **** {
 3310              		.loc 1 1360 1
 3311              		.cfi_startproc
 3312              		@ args = 0, pretend = 0, frame = 8
 3313              		@ frame_needed = 1, uses_anonymous_args = 0
 3314              		@ link register save eliminated.
 3315 0000 80B4     		push	{r7}
 3316              	.LCFI200:
 3317              		.cfi_def_cfa_offset 4
 3318              		.cfi_offset 7, -4
 3319 0002 83B0     		sub	sp, sp, #12
 3320              	.LCFI201:
 3321              		.cfi_def_cfa_offset 16
 3322 0004 00AF     		add	r7, sp, #0
 3323              	.LCFI202:
 3324              		.cfi_def_cfa_register 7
 3325 0006 7860     		str	r0, [r7, #4]
1361:../../../firmware/n32h7xx_std_periph_driver/src/n32h7xx_lcdc.c ****     /* Set the default configuration */
1362:../../../firmware/n32h7xx_std_periph_driver/src/n32h7xx_lcdc.c ****     LCDC_LayerWindowStruct->Layer_Window_HorizontalStart      = 0x00;
 3326              		.loc 1 1362 63
 3327 0008 7B68     		ldr	r3, [r7, #4]
 3328 000a 0022     		movs	r2, #0
 3329 000c 1A60     		str	r2, [r3]
1363:../../../firmware/n32h7xx_std_periph_driver/src/n32h7xx_lcdc.c ****     LCDC_LayerWindowStruct->Layer_Window_VerticalStart        = 0x00;
 3330              		.loc 1 1363 63
 3331 000e 7B68     		ldr	r3, [r7, #4]
 3332 0010 0022     		movs	r2, #0
 3333 0012 5A60     		str	r2, [r3, #4]
1364:../../../firmware/n32h7xx_std_periph_driver/src/n32h7xx_lcdc.c ****     LCDC_LayerWindowStruct->Layer_Window_Width                = 0x00;
 3334              		.loc 1 1364 63
 3335 0014 7B68     		ldr	r3, [r7, #4]
 3336 0016 0022     		movs	r2, #0
 3337 0018 9A60     		str	r2, [r3, #8]
1365:../../../firmware/n32h7xx_std_periph_driver/src/n32h7xx_lcdc.c ****     LCDC_LayerWindowStruct->Layer_Window_Height               = 0x00;
 3338              		.loc 1 1365 63
 3339 001a 7B68     		ldr	r3, [r7, #4]
 3340 001c 0022     		movs	r2, #0
 3341 001e DA60     		str	r2, [r3, #12]
1366:../../../firmware/n32h7xx_std_periph_driver/src/n32h7xx_lcdc.c **** }
 3342              		.loc 1 1366 1
 3343 0020 00BF     		nop
 3344 0022 0C37     		adds	r7, r7, #12
 3345              	.LCFI203:
 3346              		.cfi_def_cfa_offset 4
 3347 0024 BD46     		mov	sp, r7
 3348              	.LCFI204:
 3349              		.cfi_def_cfa_register 13
 3350              		@ sp needed
 3351 0026 80BC     		pop	{r7}
 3352              	.LCFI205:
 3353              		.cfi_restore 7
 3354              		.cfi_def_cfa_offset 0
ARM GAS  /tmp/cc9q7jXo.s 			page 83


 3355 0028 7047     		bx	lr
 3356              		.cfi_endproc
 3357              	.LFE181:
 3359              		.section	.text.LCDC_LayerScalerStructInit,"ax",%progbits
 3360              		.align	1
 3361              		.global	LCDC_LayerScalerStructInit
 3362              		.syntax unified
 3363              		.thumb
 3364              		.thumb_func
 3366              	LCDC_LayerScalerStructInit:
 3367              	.LFB182:
1367:../../../firmware/n32h7xx_std_periph_driver/src/n32h7xx_lcdc.c **** 
1368:../../../firmware/n32h7xx_std_periph_driver/src/n32h7xx_lcdc.c **** /**
1369:../../../firmware/n32h7xx_std_periph_driver/src/n32h7xx_lcdc.c **** *\*\name    LCDC_LayerScalerStructInit
1370:../../../firmware/n32h7xx_std_periph_driver/src/n32h7xx_lcdc.c **** *\*\fun     Fills each LCDC_LayerScalerStruct member with its default value.
1371:../../../firmware/n32h7xx_std_periph_driver/src/n32h7xx_lcdc.c **** *\*\param   LCDC_LayerScalerStruct: refer to the definition of LCDC_LayerScalerType
1372:../../../firmware/n32h7xx_std_periph_driver/src/n32h7xx_lcdc.c **** *\*\          - Layer_Pixel_Format
1373:../../../firmware/n32h7xx_std_periph_driver/src/n32h7xx_lcdc.c **** *\*\            * LCDC_Pixel_Format_ARGB8888
1374:../../../firmware/n32h7xx_std_periph_driver/src/n32h7xx_lcdc.c **** *\*\            * LCDC_Pixel_Format_ABGR8888
1375:../../../firmware/n32h7xx_std_periph_driver/src/n32h7xx_lcdc.c **** *\*\            * LCDC_Pixel_Format_RGBA8888
1376:../../../firmware/n32h7xx_std_periph_driver/src/n32h7xx_lcdc.c **** *\*\            * LCDC_Pixel_Format_BGRA8888
1377:../../../firmware/n32h7xx_std_periph_driver/src/n32h7xx_lcdc.c **** *\*\            * LCDC_Pixel_Format_RGB565
1378:../../../firmware/n32h7xx_std_periph_driver/src/n32h7xx_lcdc.c **** *\*\            * LCDC_Pixel_Format_BGR565
1379:../../../firmware/n32h7xx_std_periph_driver/src/n32h7xx_lcdc.c **** *\*\            * LCDC_Pixel_Format_RGB888
1380:../../../firmware/n32h7xx_std_periph_driver/src/n32h7xx_lcdc.c **** *\*\            * LCDC_Pixel_Format_YUV422I
1381:../../../firmware/n32h7xx_std_periph_driver/src/n32h7xx_lcdc.c **** *\*\            * LCDC_Pixel_Format_YUV420S
1382:../../../firmware/n32h7xx_std_periph_driver/src/n32h7xx_lcdc.c **** *\*\            * LCDC_Pixel_Format_YUV420P
1383:../../../firmware/n32h7xx_std_periph_driver/src/n32h7xx_lcdc.c **** *\*\            * LCDC_Pixel_Format_YUV444
1384:../../../firmware/n32h7xx_std_periph_driver/src/n32h7xx_lcdc.c **** *\*\            * LCDC_Pixel_Format_CUSTOM
1385:../../../firmware/n32h7xx_std_periph_driver/src/n32h7xx_lcdc.c **** *\*\          - Layer_Scaler_Enable
1386:../../../firmware/n32h7xx_std_periph_driver/src/n32h7xx_lcdc.c **** *\*\            * ENABLE
1387:../../../firmware/n32h7xx_std_periph_driver/src/n32h7xx_lcdc.c **** *\*\            * DISABLE
1388:../../../firmware/n32h7xx_std_periph_driver/src/n32h7xx_lcdc.c **** *\*\          - Layer_Scaler_InputWidth
1389:../../../firmware/n32h7xx_std_periph_driver/src/n32h7xx_lcdc.c **** *\*\            * 0x0000 ~ 0xFFFF
1390:../../../firmware/n32h7xx_std_periph_driver/src/n32h7xx_lcdc.c **** *\*\          - Layer_Scaler_InputHeight
1391:../../../firmware/n32h7xx_std_periph_driver/src/n32h7xx_lcdc.c **** *\*\            * 0x0000 ~ 0xFFFF
1392:../../../firmware/n32h7xx_std_periph_driver/src/n32h7xx_lcdc.c **** *\*\          - Layer_Scaler_OutputWidth
1393:../../../firmware/n32h7xx_std_periph_driver/src/n32h7xx_lcdc.c **** *\*\            * 0x0000 ~ 0xFFFF
1394:../../../firmware/n32h7xx_std_periph_driver/src/n32h7xx_lcdc.c **** *\*\          - Layer_Scaler_OutputHeight
1395:../../../firmware/n32h7xx_std_periph_driver/src/n32h7xx_lcdc.c **** *\*\            * 0x0000 ~ 0xFFFF
1396:../../../firmware/n32h7xx_std_periph_driver/src/n32h7xx_lcdc.c **** *\*\return  none
1397:../../../firmware/n32h7xx_std_periph_driver/src/n32h7xx_lcdc.c **** **/
1398:../../../firmware/n32h7xx_std_periph_driver/src/n32h7xx_lcdc.c **** void LCDC_LayerScalerStructInit(LCDC_LayerScalerType* LCDC_LayerScalerStruct)
1399:../../../firmware/n32h7xx_std_periph_driver/src/n32h7xx_lcdc.c **** {
 3368              		.loc 1 1399 1
 3369              		.cfi_startproc
 3370              		@ args = 0, pretend = 0, frame = 8
 3371              		@ frame_needed = 1, uses_anonymous_args = 0
 3372              		@ link register save eliminated.
 3373 0000 80B4     		push	{r7}
 3374              	.LCFI206:
 3375              		.cfi_def_cfa_offset 4
 3376              		.cfi_offset 7, -4
 3377 0002 83B0     		sub	sp, sp, #12
 3378              	.LCFI207:
 3379              		.cfi_def_cfa_offset 16
 3380 0004 00AF     		add	r7, sp, #0
ARM GAS  /tmp/cc9q7jXo.s 			page 84


 3381              	.LCFI208:
 3382              		.cfi_def_cfa_register 7
 3383 0006 7860     		str	r0, [r7, #4]
1400:../../../firmware/n32h7xx_std_periph_driver/src/n32h7xx_lcdc.c ****     /* Set the default configuration */
1401:../../../firmware/n32h7xx_std_periph_driver/src/n32h7xx_lcdc.c ****     LCDC_LayerScalerStruct->Layer_Pixel_Format           = LCDC_PIXEL_FORMAT_ARGB8888;
 3384              		.loc 1 1401 58
 3385 0008 7B68     		ldr	r3, [r7, #4]
 3386 000a 0022     		movs	r2, #0
 3387 000c 1A60     		str	r2, [r3]
1402:../../../firmware/n32h7xx_std_periph_driver/src/n32h7xx_lcdc.c ****     LCDC_LayerScalerStruct->Layer_Scaler_Enable          = DISABLE;
 3388              		.loc 1 1402 58
 3389 000e 7B68     		ldr	r3, [r7, #4]
 3390 0010 0022     		movs	r2, #0
 3391 0012 5A60     		str	r2, [r3, #4]
1403:../../../firmware/n32h7xx_std_periph_driver/src/n32h7xx_lcdc.c ****     LCDC_LayerScalerStruct->Layer_Scaler_InputWidth      = 0x00;
 3392              		.loc 1 1403 58
 3393 0014 7B68     		ldr	r3, [r7, #4]
 3394 0016 0022     		movs	r2, #0
 3395 0018 9A60     		str	r2, [r3, #8]
1404:../../../firmware/n32h7xx_std_periph_driver/src/n32h7xx_lcdc.c ****     LCDC_LayerScalerStruct->Layer_Scaler_InputHeight     = 0x00;
 3396              		.loc 1 1404 58
 3397 001a 7B68     		ldr	r3, [r7, #4]
 3398 001c 0022     		movs	r2, #0
 3399 001e DA60     		str	r2, [r3, #12]
1405:../../../firmware/n32h7xx_std_periph_driver/src/n32h7xx_lcdc.c ****     LCDC_LayerScalerStruct->Layer_Scaler_OutputWidth     = 0x00;
 3400              		.loc 1 1405 58
 3401 0020 7B68     		ldr	r3, [r7, #4]
 3402 0022 0022     		movs	r2, #0
 3403 0024 1A61     		str	r2, [r3, #16]
1406:../../../firmware/n32h7xx_std_periph_driver/src/n32h7xx_lcdc.c ****     LCDC_LayerScalerStruct->Layer_Scaler_OutputHeight    = 0x00;
 3404              		.loc 1 1406 58
 3405 0026 7B68     		ldr	r3, [r7, #4]
 3406 0028 0022     		movs	r2, #0
 3407 002a 5A61     		str	r2, [r3, #20]
1407:../../../firmware/n32h7xx_std_periph_driver/src/n32h7xx_lcdc.c **** }
 3408              		.loc 1 1407 1
 3409 002c 00BF     		nop
 3410 002e 0C37     		adds	r7, r7, #12
 3411              	.LCFI209:
 3412              		.cfi_def_cfa_offset 4
 3413 0030 BD46     		mov	sp, r7
 3414              	.LCFI210:
 3415              		.cfi_def_cfa_register 13
 3416              		@ sp needed
 3417 0032 80BC     		pop	{r7}
 3418              	.LCFI211:
 3419              		.cfi_restore 7
 3420              		.cfi_def_cfa_offset 0
 3421 0034 7047     		bx	lr
 3422              		.cfi_endproc
 3423              	.LFE182:
 3425              		.global	__aeabi_ui2f
 3426              		.global	__aeabi_fcmpgt
 3427              		.global	__aeabi_fdiv
 3428              		.global	__aeabi_f2uiz
 3429              		.global	__aeabi_fmul
 3430              		.section	.text.LCDC_LayerScaler,"ax",%progbits
ARM GAS  /tmp/cc9q7jXo.s 			page 85


 3431              		.align	1
 3432              		.global	LCDC_LayerScaler
 3433              		.syntax unified
 3434              		.thumb
 3435              		.thumb_func
 3437              	LCDC_LayerScaler:
 3438              	.LFB183:
1408:../../../firmware/n32h7xx_std_periph_driver/src/n32h7xx_lcdc.c **** 
1409:../../../firmware/n32h7xx_std_periph_driver/src/n32h7xx_lcdc.c **** /**
1410:../../../firmware/n32h7xx_std_periph_driver/src/n32h7xx_lcdc.c **** *\*\name    LCDC_LayerScaler
1411:../../../firmware/n32h7xx_std_periph_driver/src/n32h7xx_lcdc.c **** *\*\fun     Set scaler function of layer.
1412:../../../firmware/n32h7xx_std_periph_driver/src/n32h7xx_lcdc.c **** *\*\param   LCDC_Layerx: refer to the definition of LCDC_Layer_Module
1413:../../../firmware/n32h7xx_std_periph_driver/src/n32h7xx_lcdc.c **** *\*\          - LCDC_Layer1
1414:../../../firmware/n32h7xx_std_periph_driver/src/n32h7xx_lcdc.c **** *\*\          - LCDC_Layer2
1415:../../../firmware/n32h7xx_std_periph_driver/src/n32h7xx_lcdc.c **** *\*\          - LCDC_Layer3
1416:../../../firmware/n32h7xx_std_periph_driver/src/n32h7xx_lcdc.c **** *\*\          - LCDC_Layer4
1417:../../../firmware/n32h7xx_std_periph_driver/src/n32h7xx_lcdc.c **** *\*\param   LCDC_LayerScalerStruct: refer to the definition of LCDC_LayerScalerType
1418:../../../firmware/n32h7xx_std_periph_driver/src/n32h7xx_lcdc.c **** *\*\          - Layer_Pixel_Format
1419:../../../firmware/n32h7xx_std_periph_driver/src/n32h7xx_lcdc.c **** *\*\            * LCDC_PIXEL_FORMAT_ARGB8888
1420:../../../firmware/n32h7xx_std_periph_driver/src/n32h7xx_lcdc.c **** *\*\            * LCDC_PIXEL_FORMAT_ABGR8888
1421:../../../firmware/n32h7xx_std_periph_driver/src/n32h7xx_lcdc.c **** *\*\            * LCDC_PIXEL_FORMAT_RGBA8888
1422:../../../firmware/n32h7xx_std_periph_driver/src/n32h7xx_lcdc.c **** *\*\            * LCDC_PIXEL_FORMAT_BGRA8888
1423:../../../firmware/n32h7xx_std_periph_driver/src/n32h7xx_lcdc.c **** *\*\            * LCDC_PIXEL_FORMAT_RGB565
1424:../../../firmware/n32h7xx_std_periph_driver/src/n32h7xx_lcdc.c **** *\*\            * LCDC_PIXEL_FORMAT_BGR565
1425:../../../firmware/n32h7xx_std_periph_driver/src/n32h7xx_lcdc.c **** *\*\            * LCDC_PIXEL_FORMAT_RGB888
1426:../../../firmware/n32h7xx_std_periph_driver/src/n32h7xx_lcdc.c **** *\*\            * LCDC_PIXEL_FORMAT_YUV422I
1427:../../../firmware/n32h7xx_std_periph_driver/src/n32h7xx_lcdc.c **** *\*\            * LCDC_PIXEL_FORMAT_YUV420S
1428:../../../firmware/n32h7xx_std_periph_driver/src/n32h7xx_lcdc.c **** *\*\            * LCDC_PIXEL_FORMAT_YUV420P
1429:../../../firmware/n32h7xx_std_periph_driver/src/n32h7xx_lcdc.c **** *\*\            * LCDC_PIXEL_FORMAT_YUV444
1430:../../../firmware/n32h7xx_std_periph_driver/src/n32h7xx_lcdc.c **** *\*\            * LCDC_PIXEL_FORMAT_L8
1431:../../../firmware/n32h7xx_std_periph_driver/src/n32h7xx_lcdc.c **** *\*\            * LCDC_PIXEL_FORMAT_AL44
1432:../../../firmware/n32h7xx_std_periph_driver/src/n32h7xx_lcdc.c **** *\*\            * LCDC_PIXEL_FORMAT_AL88
1433:../../../firmware/n32h7xx_std_periph_driver/src/n32h7xx_lcdc.c **** *\*\            * LCDC_PIXEL_FORMAT_CUSTOM
1434:../../../firmware/n32h7xx_std_periph_driver/src/n32h7xx_lcdc.c **** *\*\          - Layer_Scaler_Enable
1435:../../../firmware/n32h7xx_std_periph_driver/src/n32h7xx_lcdc.c **** *\*\            * ENABLE
1436:../../../firmware/n32h7xx_std_periph_driver/src/n32h7xx_lcdc.c **** *\*\            * DISABLE
1437:../../../firmware/n32h7xx_std_periph_driver/src/n32h7xx_lcdc.c **** *\*\          - Layer_Scaler_InputWidth
1438:../../../firmware/n32h7xx_std_periph_driver/src/n32h7xx_lcdc.c **** *\*\            * 0x0000 ~ 0xFFFF
1439:../../../firmware/n32h7xx_std_periph_driver/src/n32h7xx_lcdc.c **** *\*\          - Layer_Scaler_InputHeight
1440:../../../firmware/n32h7xx_std_periph_driver/src/n32h7xx_lcdc.c **** *\*\            * 0x0000 ~ 0xFFFF
1441:../../../firmware/n32h7xx_std_periph_driver/src/n32h7xx_lcdc.c **** *\*\          - Layer_Scaler_OutputWidth
1442:../../../firmware/n32h7xx_std_periph_driver/src/n32h7xx_lcdc.c **** *\*\            * 0x0000 ~ 0xFFFF
1443:../../../firmware/n32h7xx_std_periph_driver/src/n32h7xx_lcdc.c **** *\*\          - Layer_Scaler_OutputHeight
1444:../../../firmware/n32h7xx_std_periph_driver/src/n32h7xx_lcdc.c **** *\*\            * 0x0000 ~ 0xFFFF
1445:../../../firmware/n32h7xx_std_periph_driver/src/n32h7xx_lcdc.c **** *\*\return  none
1446:../../../firmware/n32h7xx_std_periph_driver/src/n32h7xx_lcdc.c **** **/
1447:../../../firmware/n32h7xx_std_periph_driver/src/n32h7xx_lcdc.c **** void LCDC_LayerScaler(LCDC_Layer_Module* LCDC_Layerx ,LCDC_LayerScalerType* LCDC_LayerScalerStruct)
1448:../../../firmware/n32h7xx_std_periph_driver/src/n32h7xx_lcdc.c **** {
 3439              		.loc 1 1448 1
 3440              		.cfi_startproc
 3441              		@ args = 0, pretend = 0, frame = 32
 3442              		@ frame_needed = 1, uses_anonymous_args = 0
 3443 0000 90B5     		push	{r4, r7, lr}
 3444              	.LCFI212:
 3445              		.cfi_def_cfa_offset 12
 3446              		.cfi_offset 4, -12
 3447              		.cfi_offset 7, -8
ARM GAS  /tmp/cc9q7jXo.s 			page 86


 3448              		.cfi_offset 14, -4
 3449 0002 89B0     		sub	sp, sp, #36
 3450              	.LCFI213:
 3451              		.cfi_def_cfa_offset 48
 3452 0004 00AF     		add	r7, sp, #0
 3453              	.LCFI214:
 3454              		.cfi_def_cfa_register 7
 3455 0006 7860     		str	r0, [r7, #4]
 3456 0008 3960     		str	r1, [r7]
1449:../../../firmware/n32h7xx_std_periph_driver/src/n32h7xx_lcdc.c ****     uint16_t tmpvsf;
1450:../../../firmware/n32h7xx_std_periph_driver/src/n32h7xx_lcdc.c ****     uint16_t tmpvsp;
1451:../../../firmware/n32h7xx_std_periph_driver/src/n32h7xx_lcdc.c ****     uint16_t tmphsf;
1452:../../../firmware/n32h7xx_std_periph_driver/src/n32h7xx_lcdc.c ****     uint16_t tmphsp;
1453:../../../firmware/n32h7xx_std_periph_driver/src/n32h7xx_lcdc.c ****     uint32_t tmpcfblen;
1454:../../../firmware/n32h7xx_std_periph_driver/src/n32h7xx_lcdc.c ****     uint32_t pixelbyte;
1455:../../../firmware/n32h7xx_std_periph_driver/src/n32h7xx_lcdc.c ****     float ratio;
1456:../../../firmware/n32h7xx_std_periph_driver/src/n32h7xx_lcdc.c ****     
1457:../../../firmware/n32h7xx_std_periph_driver/src/n32h7xx_lcdc.c ****     ratio = (LCDC_LayerScalerStruct->Layer_Scaler_InputHeight)/(LCDC_LayerScalerStruct->Layer_Scale
 3457              		.loc 1 1457 36
 3458 000a 3B68     		ldr	r3, [r7]
 3459 000c DA68     		ldr	r2, [r3, #12]
 3460              		.loc 1 1457 87
 3461 000e 3B68     		ldr	r3, [r7]
 3462 0010 5B69     		ldr	r3, [r3, #20]
 3463              		.loc 1 1457 63
 3464 0012 B2FBF3F3 		udiv	r3, r2, r3
 3465              		.loc 1 1457 11
 3466 0016 1846     		mov	r0, r3
 3467 0018 FFF7FEFF 		bl	__aeabi_ui2f
 3468 001c 0346     		mov	r3, r0
 3469 001e BB61     		str	r3, [r7, #24]	@ float
1458:../../../firmware/n32h7xx_std_periph_driver/src/n32h7xx_lcdc.c ****     
1459:../../../firmware/n32h7xx_std_periph_driver/src/n32h7xx_lcdc.c ****     if(ratio > 1.0f)
 3470              		.loc 1 1459 7
 3471 0020 4FF07E51 		mov	r1, #1065353216
 3472 0024 B869     		ldr	r0, [r7, #24]	@ float
 3473 0026 FFF7FEFF 		bl	__aeabi_fcmpgt
 3474 002a 0346     		mov	r3, r0
 3475 002c 002B     		cmp	r3, #0
 3476 002e 00F0D780 		beq	.L137
1460:../../../firmware/n32h7xx_std_periph_driver/src/n32h7xx_lcdc.c ****     {
1461:../../../firmware/n32h7xx_std_periph_driver/src/n32h7xx_lcdc.c ****         if((LCDC_LayerScalerStruct->Layer_Pixel_Format == LCDC_PIXEL_FORMAT_ARGB8888) |
 3477              		.loc 1 1461 35
 3478 0032 3B68     		ldr	r3, [r7]
 3479 0034 1B68     		ldr	r3, [r3]
 3480              		.loc 1 1461 87
 3481 0036 002B     		cmp	r3, #0
 3482 0038 0CBF     		ite	eq
 3483 003a 0123     		moveq	r3, #1
 3484 003c 0023     		movne	r3, #0
 3485 003e DAB2     		uxtb	r2, r3
1462:../../../firmware/n32h7xx_std_periph_driver/src/n32h7xx_lcdc.c ****            (LCDC_LayerScalerStruct->Layer_Pixel_Format == LCDC_PIXEL_FORMAT_ABGR8888) |
 3486              		.loc 1 1462 35
 3487 0040 3B68     		ldr	r3, [r7]
 3488 0042 1B68     		ldr	r3, [r3]
1461:../../../firmware/n32h7xx_std_periph_driver/src/n32h7xx_lcdc.c ****            (LCDC_LayerScalerStruct->Layer_Pixel_Format == LCDC_PIXEL_FORMAT_ABGR8888) |
 3489              		.loc 1 1461 87
ARM GAS  /tmp/cc9q7jXo.s 			page 87


 3490 0044 012B     		cmp	r3, #1
 3491 0046 0CBF     		ite	eq
 3492 0048 0123     		moveq	r3, #1
 3493 004a 0023     		movne	r3, #0
 3494 004c DBB2     		uxtb	r3, r3
 3495 004e 1343     		orrs	r3, r3, r2
 3496 0050 DBB2     		uxtb	r3, r3
 3497 0052 1A46     		mov	r2, r3
1463:../../../firmware/n32h7xx_std_periph_driver/src/n32h7xx_lcdc.c ****            (LCDC_LayerScalerStruct->Layer_Pixel_Format == LCDC_PIXEL_FORMAT_RGBA8888) |
 3498              		.loc 1 1463 35
 3499 0054 3B68     		ldr	r3, [r7]
 3500 0056 1B68     		ldr	r3, [r3]
 3501              		.loc 1 1463 56
 3502 0058 022B     		cmp	r3, #2
 3503 005a 0CBF     		ite	eq
 3504 005c 0123     		moveq	r3, #1
 3505 005e 0023     		movne	r3, #0
 3506 0060 DBB2     		uxtb	r3, r3
1462:../../../firmware/n32h7xx_std_periph_driver/src/n32h7xx_lcdc.c ****            (LCDC_LayerScalerStruct->Layer_Pixel_Format == LCDC_PIXEL_FORMAT_ABGR8888) |
 3507              		.loc 1 1462 87
 3508 0062 1343     		orrs	r3, r3, r2
1464:../../../firmware/n32h7xx_std_periph_driver/src/n32h7xx_lcdc.c ****            (LCDC_LayerScalerStruct->Layer_Pixel_Format == LCDC_PIXEL_FORMAT_BGRA8888))
 3509              		.loc 1 1464 35
 3510 0064 3A68     		ldr	r2, [r7]
 3511 0066 1268     		ldr	r2, [r2]
 3512              		.loc 1 1464 56
 3513 0068 032A     		cmp	r2, #3
 3514 006a 0CBF     		ite	eq
 3515 006c 0122     		moveq	r2, #1
 3516 006e 0022     		movne	r2, #0
 3517 0070 D2B2     		uxtb	r2, r2
1463:../../../firmware/n32h7xx_std_periph_driver/src/n32h7xx_lcdc.c ****            (LCDC_LayerScalerStruct->Layer_Pixel_Format == LCDC_PIXEL_FORMAT_RGBA8888) |
 3518              		.loc 1 1463 87
 3519 0072 1343     		orrs	r3, r3, r2
1461:../../../firmware/n32h7xx_std_periph_driver/src/n32h7xx_lcdc.c ****            (LCDC_LayerScalerStruct->Layer_Pixel_Format == LCDC_PIXEL_FORMAT_ABGR8888) |
 3520              		.loc 1 1461 11
 3521 0074 002B     		cmp	r3, #0
 3522 0076 02D0     		beq	.L132
1465:../../../firmware/n32h7xx_std_periph_driver/src/n32h7xx_lcdc.c ****         {
1466:../../../firmware/n32h7xx_std_periph_driver/src/n32h7xx_lcdc.c ****             pixelbyte = 4;
 3523              		.loc 1 1466 23
 3524 0078 0423     		movs	r3, #4
 3525 007a FB61     		str	r3, [r7, #28]
 3526 007c 1AE0     		b	.L133
 3527              	.L132:
1467:../../../firmware/n32h7xx_std_periph_driver/src/n32h7xx_lcdc.c ****         }
1468:../../../firmware/n32h7xx_std_periph_driver/src/n32h7xx_lcdc.c ****         else if(LCDC_LayerScalerStruct->Layer_Pixel_Format == LCDC_PIXEL_FORMAT_RGB888)
 3528              		.loc 1 1468 39
 3529 007e 3B68     		ldr	r3, [r7]
 3530 0080 1B68     		ldr	r3, [r3]
 3531              		.loc 1 1468 16
 3532 0082 062B     		cmp	r3, #6
 3533 0084 02D1     		bne	.L134
1469:../../../firmware/n32h7xx_std_periph_driver/src/n32h7xx_lcdc.c ****         {
1470:../../../firmware/n32h7xx_std_periph_driver/src/n32h7xx_lcdc.c ****             pixelbyte = 3;
 3534              		.loc 1 1470 23
 3535 0086 0323     		movs	r3, #3
ARM GAS  /tmp/cc9q7jXo.s 			page 88


 3536 0088 FB61     		str	r3, [r7, #28]
 3537 008a 13E0     		b	.L133
 3538              	.L134:
1471:../../../firmware/n32h7xx_std_periph_driver/src/n32h7xx_lcdc.c ****         }
1472:../../../firmware/n32h7xx_std_periph_driver/src/n32h7xx_lcdc.c ****         else if((LCDC_LayerScalerStruct->Layer_Pixel_Format == LCDC_PIXEL_FORMAT_RGB565) |
 3539              		.loc 1 1472 40
 3540 008c 3B68     		ldr	r3, [r7]
 3541 008e 1B68     		ldr	r3, [r3]
 3542              		.loc 1 1472 90
 3543 0090 042B     		cmp	r3, #4
 3544 0092 0CBF     		ite	eq
 3545 0094 0123     		moveq	r3, #1
 3546 0096 0023     		movne	r3, #0
 3547 0098 DAB2     		uxtb	r2, r3
1473:../../../firmware/n32h7xx_std_periph_driver/src/n32h7xx_lcdc.c ****                 (LCDC_LayerScalerStruct->Layer_Pixel_Format == LCDC_PIXEL_FORMAT_BGR565))
 3548              		.loc 1 1473 40
 3549 009a 3B68     		ldr	r3, [r7]
 3550 009c 1B68     		ldr	r3, [r3]
1472:../../../firmware/n32h7xx_std_periph_driver/src/n32h7xx_lcdc.c ****                 (LCDC_LayerScalerStruct->Layer_Pixel_Format == LCDC_PIXEL_FORMAT_BGR565))
 3551              		.loc 1 1472 90
 3552 009e 052B     		cmp	r3, #5
 3553 00a0 0CBF     		ite	eq
 3554 00a2 0123     		moveq	r3, #1
 3555 00a4 0023     		movne	r3, #0
 3556 00a6 DBB2     		uxtb	r3, r3
 3557 00a8 1343     		orrs	r3, r3, r2
 3558 00aa DBB2     		uxtb	r3, r3
1472:../../../firmware/n32h7xx_std_periph_driver/src/n32h7xx_lcdc.c ****                 (LCDC_LayerScalerStruct->Layer_Pixel_Format == LCDC_PIXEL_FORMAT_BGR565))
 3559              		.loc 1 1472 16
 3560 00ac 002B     		cmp	r3, #0
 3561 00ae 01D0     		beq	.L133
1474:../../../firmware/n32h7xx_std_periph_driver/src/n32h7xx_lcdc.c ****         {
1475:../../../firmware/n32h7xx_std_periph_driver/src/n32h7xx_lcdc.c ****             pixelbyte = 2;
 3562              		.loc 1 1475 23
 3563 00b0 0223     		movs	r3, #2
 3564 00b2 FB61     		str	r3, [r7, #28]
 3565              	.L133:
1476:../../../firmware/n32h7xx_std_periph_driver/src/n32h7xx_lcdc.c ****         }
1477:../../../firmware/n32h7xx_std_periph_driver/src/n32h7xx_lcdc.c ****         else
1478:../../../firmware/n32h7xx_std_periph_driver/src/n32h7xx_lcdc.c ****         {
1479:../../../firmware/n32h7xx_std_periph_driver/src/n32h7xx_lcdc.c ****             /* No process */
1480:../../../firmware/n32h7xx_std_periph_driver/src/n32h7xx_lcdc.c ****         }
1481:../../../firmware/n32h7xx_std_periph_driver/src/n32h7xx_lcdc.c ****         LCDC_Layerx->CFBLNUM = (uint32_t) ((LCDC_LayerScalerStruct->Layer_Scaler_InputHeight)/ratio
 3566              		.loc 1 1481 67
 3567 00b4 3B68     		ldr	r3, [r7]
 3568 00b6 DB68     		ldr	r3, [r3, #12]
 3569              		.loc 1 1481 94
 3570 00b8 1846     		mov	r0, r3
 3571 00ba FFF7FEFF 		bl	__aeabi_ui2f
 3572 00be 0346     		mov	r3, r0
 3573 00c0 B969     		ldr	r1, [r7, #24]	@ float
 3574 00c2 1846     		mov	r0, r3
 3575 00c4 FFF7FEFF 		bl	__aeabi_fdiv
 3576 00c8 0346     		mov	r3, r0
 3577              		.loc 1 1481 32
 3578 00ca 1846     		mov	r0, r3
 3579 00cc FFF7FEFF 		bl	__aeabi_f2uiz
ARM GAS  /tmp/cc9q7jXo.s 			page 89


 3580 00d0 0246     		mov	r2, r0
 3581              		.loc 1 1481 30
 3582 00d2 7B68     		ldr	r3, [r7, #4]
 3583 00d4 DA63     		str	r2, [r3, #60]
1482:../../../firmware/n32h7xx_std_periph_driver/src/n32h7xx_lcdc.c ****         
1483:../../../firmware/n32h7xx_std_periph_driver/src/n32h7xx_lcdc.c ****         tmpcfblen = LCDC_Layerx->CFBLEN;
 3584              		.loc 1 1483 19
 3585 00d6 7B68     		ldr	r3, [r7, #4]
 3586 00d8 9B6B     		ldr	r3, [r3, #56]
 3587 00da 3B61     		str	r3, [r7, #16]
1484:../../../firmware/n32h7xx_std_periph_driver/src/n32h7xx_lcdc.c ****         tmpcfblen &= ~LCDC_CFBLEN_CFBP;
 3588              		.loc 1 1484 19
 3589 00dc 3B69     		ldr	r3, [r7, #16]
 3590 00de 9BB2     		uxth	r3, r3
 3591 00e0 3B61     		str	r3, [r7, #16]
1485:../../../firmware/n32h7xx_std_periph_driver/src/n32h7xx_lcdc.c ****         tmpcfblen |= ((uint32_t) ((LCDC_LayerScalerStruct->Layer_Scaler_InputWidth)*pixelbyte*ratio
 3592              		.loc 1 1485 58
 3593 00e2 3B68     		ldr	r3, [r7]
 3594 00e4 9B68     		ldr	r3, [r3, #8]
 3595              		.loc 1 1485 84
 3596 00e6 FA69     		ldr	r2, [r7, #28]
 3597 00e8 02FB03F3 		mul	r3, r2, r3
 3598              		.loc 1 1485 94
 3599 00ec 1846     		mov	r0, r3
 3600 00ee FFF7FEFF 		bl	__aeabi_ui2f
 3601 00f2 0346     		mov	r3, r0
 3602 00f4 B969     		ldr	r1, [r7, #24]	@ float
 3603 00f6 1846     		mov	r0, r3
 3604 00f8 FFF7FEFF 		bl	__aeabi_fmul
 3605 00fc 0346     		mov	r3, r0
 3606              		.loc 1 1485 23
 3607 00fe 1846     		mov	r0, r3
 3608 0100 FFF7FEFF 		bl	__aeabi_f2uiz
 3609 0104 0346     		mov	r3, r0
 3610              		.loc 1 1485 103
 3611 0106 1B04     		lsls	r3, r3, #16
 3612              		.loc 1 1485 19
 3613 0108 3A69     		ldr	r2, [r7, #16]
 3614 010a 1343     		orrs	r3, r3, r2
 3615 010c 3B61     		str	r3, [r7, #16]
1486:../../../firmware/n32h7xx_std_periph_driver/src/n32h7xx_lcdc.c ****         LCDC_Layerx->CFBLEN = tmpcfblen;
 3616              		.loc 1 1486 29
 3617 010e 7B68     		ldr	r3, [r7, #4]
 3618 0110 3A69     		ldr	r2, [r7, #16]
 3619 0112 9A63     		str	r2, [r3, #56]
1487:../../../firmware/n32h7xx_std_periph_driver/src/n32h7xx_lcdc.c ****         
1488:../../../firmware/n32h7xx_std_periph_driver/src/n32h7xx_lcdc.c ****         /* Specifies the scaler input size */
1489:../../../firmware/n32h7xx_std_periph_driver/src/n32h7xx_lcdc.c ****         /* Clear scaler input size */
1490:../../../firmware/n32h7xx_std_periph_driver/src/n32h7xx_lcdc.c ****         LCDC_Layerx->SINS &= ~(LCDC_SINS_SINW | LCDC_SINS_SINH);
 3620              		.loc 1 1490 20
 3621 0114 7B68     		ldr	r3, [r7, #4]
 3622 0116 5B6D     		ldr	r3, [r3, #84]
 3623              		.loc 1 1490 27
 3624 0118 03F0F022 		and	r2, r3, #-268374016
 3625 011c 7B68     		ldr	r3, [r7, #4]
 3626 011e 5A65     		str	r2, [r3, #84]
1491:../../../firmware/n32h7xx_std_periph_driver/src/n32h7xx_lcdc.c ****         /* Set scaler input size */
ARM GAS  /tmp/cc9q7jXo.s 			page 90


1492:../../../firmware/n32h7xx_std_periph_driver/src/n32h7xx_lcdc.c ****         LCDC_Layerx->SINS = (uint32_t)(LCDC_LayerScalerStruct->Layer_Scaler_InputWidth | (((uint32_
 3627              		.loc 1 1492 62
 3628 0120 3B68     		ldr	r3, [r7]
 3629 0122 9C68     		ldr	r4, [r3, #8]
 3630              		.loc 1 1492 126
 3631 0124 3B68     		ldr	r3, [r7]
 3632 0126 DB68     		ldr	r3, [r3, #12]
 3633              		.loc 1 1492 153
 3634 0128 1846     		mov	r0, r3
 3635 012a FFF7FEFF 		bl	__aeabi_ui2f
 3636 012e 0346     		mov	r3, r0
 3637 0130 B969     		ldr	r1, [r7, #24]	@ float
 3638 0132 1846     		mov	r0, r3
 3639 0134 FFF7FEFF 		bl	__aeabi_fdiv
 3640 0138 0346     		mov	r3, r0
 3641              		.loc 1 1492 92
 3642 013a 1846     		mov	r0, r3
 3643 013c FFF7FEFF 		bl	__aeabi_f2uiz
 3644 0140 0346     		mov	r3, r0
 3645              		.loc 1 1492 162
 3646 0142 1B04     		lsls	r3, r3, #16
 3647              		.loc 1 1492 29
 3648 0144 44EA0302 		orr	r2, r4, r3
 3649              		.loc 1 1492 27
 3650 0148 7B68     		ldr	r3, [r7, #4]
 3651 014a 5A65     		str	r2, [r3, #84]
1493:../../../firmware/n32h7xx_std_periph_driver/src/n32h7xx_lcdc.c ****         /* Clear scaler output size */
1494:../../../firmware/n32h7xx_std_periph_driver/src/n32h7xx_lcdc.c ****         LCDC_Layerx->SOUTS &= ~(LCDC_SOUTS_SOUTW | LCDC_SOUTS_SOUTH);
 3652              		.loc 1 1494 20
 3653 014c 7B68     		ldr	r3, [r7, #4]
 3654 014e 9B6D     		ldr	r3, [r3, #88]
 3655              		.loc 1 1494 28
 3656 0150 03F0F022 		and	r2, r3, #-268374016
 3657 0154 7B68     		ldr	r3, [r7, #4]
 3658 0156 9A65     		str	r2, [r3, #88]
1495:../../../firmware/n32h7xx_std_periph_driver/src/n32h7xx_lcdc.c ****         /* Set scaler output size */
1496:../../../firmware/n32h7xx_std_periph_driver/src/n32h7xx_lcdc.c ****         LCDC_Layerx->SOUTS = (uint32_t)(LCDC_LayerScalerStruct->Layer_Scaler_OutputWidth | (LCDC_La
 3659              		.loc 1 1496 63
 3660 0158 3B68     		ldr	r3, [r7]
 3661 015a 1A69     		ldr	r2, [r3, #16]
 3662              		.loc 1 1496 115
 3663 015c 3B68     		ldr	r3, [r7]
 3664 015e 5B69     		ldr	r3, [r3, #20]
 3665              		.loc 1 1496 143
 3666 0160 1B04     		lsls	r3, r3, #16
 3667              		.loc 1 1496 90
 3668 0162 1A43     		orrs	r2, r2, r3
 3669              		.loc 1 1496 28
 3670 0164 7B68     		ldr	r3, [r7, #4]
 3671 0166 9A65     		str	r2, [r3, #88]
1497:../../../firmware/n32h7xx_std_periph_driver/src/n32h7xx_lcdc.c ****         
1498:../../../firmware/n32h7xx_std_periph_driver/src/n32h7xx_lcdc.c ****         tmpvsf = LCDC_Layerx->VSF;
 3672              		.loc 1 1498 29
 3673 0168 7B68     		ldr	r3, [r7, #4]
 3674 016a DB6D     		ldr	r3, [r3, #92]
 3675              		.loc 1 1498 16
 3676 016c FB82     		strh	r3, [r7, #22]	@ movhi
ARM GAS  /tmp/cc9q7jXo.s 			page 91


1499:../../../firmware/n32h7xx_std_periph_driver/src/n32h7xx_lcdc.c ****         tmpvsf &= ~ LCDC_VSF_VSF;
 3677              		.loc 1 1499 16
 3678 016e 0023     		movs	r3, #0
 3679 0170 FB82     		strh	r3, [r7, #22]	@ movhi
1500:../../../firmware/n32h7xx_std_periph_driver/src/n32h7xx_lcdc.c ****         tmpvsf |= (uint16_t)(((((uint32_t)((LCDC_LayerScalerStruct->Layer_Scaler_InputHeight)/ratio
 3680              		.loc 1 1500 67
 3681 0172 3B68     		ldr	r3, [r7]
 3682 0174 DB68     		ldr	r3, [r3, #12]
 3683              		.loc 1 1500 94
 3684 0176 1846     		mov	r0, r3
 3685 0178 FFF7FEFF 		bl	__aeabi_ui2f
 3686 017c 0346     		mov	r3, r0
 3687 017e B969     		ldr	r1, [r7, #24]	@ float
 3688 0180 1846     		mov	r0, r3
 3689 0182 FFF7FEFF 		bl	__aeabi_fdiv
 3690 0186 0346     		mov	r3, r0
 3691              		.loc 1 1500 33
 3692 0188 1846     		mov	r0, r3
 3693 018a FFF7FEFF 		bl	__aeabi_f2uiz
 3694 018e 0346     		mov	r3, r0
 3695              		.loc 1 1500 102
 3696 0190 013B     		subs	r3, r3, #1
 3697              		.loc 1 1500 105
 3698 0192 1C03     		lsls	r4, r3, #12
 3699              		.loc 1 1500 147
 3700 0194 3B68     		ldr	r3, [r7]
 3701 0196 DB68     		ldr	r3, [r3, #12]
 3702              		.loc 1 1500 174
 3703 0198 1846     		mov	r0, r3
 3704 019a FFF7FEFF 		bl	__aeabi_ui2f
 3705 019e 0346     		mov	r3, r0
 3706 01a0 B969     		ldr	r1, [r7, #24]	@ float
 3707 01a2 1846     		mov	r0, r3
 3708 01a4 FFF7FEFF 		bl	__aeabi_fdiv
 3709 01a8 0346     		mov	r3, r0
 3710              		.loc 1 1500 113
 3711 01aa 1846     		mov	r0, r3
 3712 01ac FFF7FEFF 		bl	__aeabi_f2uiz
 3713 01b0 0346     		mov	r3, r0
 3714              		.loc 1 1500 182
 3715 01b2 013B     		subs	r3, r3, #1
 3716              		.loc 1 1500 110
 3717 01b4 B4FBF3F3 		udiv	r3, r4, r3
 3718              		.loc 1 1500 19
 3719 01b8 9AB2     		uxth	r2, r3
 3720              		.loc 1 1500 16
 3721 01ba FB8A     		ldrh	r3, [r7, #22]	@ movhi
 3722 01bc 1343     		orrs	r3, r3, r2
 3723 01be FB82     		strh	r3, [r7, #22]	@ movhi
1501:../../../firmware/n32h7xx_std_periph_driver/src/n32h7xx_lcdc.c ****         LCDC_Layerx->VSF = tmpvsf;
 3724              		.loc 1 1501 26
 3725 01c0 FA8A     		ldrh	r2, [r7, #22]
 3726 01c2 7B68     		ldr	r3, [r7, #4]
 3727 01c4 DA65     		str	r2, [r3, #92]
1502:../../../firmware/n32h7xx_std_periph_driver/src/n32h7xx_lcdc.c ****         
1503:../../../firmware/n32h7xx_std_periph_driver/src/n32h7xx_lcdc.c ****         tmpvsp = LCDC_Layerx->VSP;
 3728              		.loc 1 1503 29
ARM GAS  /tmp/cc9q7jXo.s 			page 92


 3729 01c6 7B68     		ldr	r3, [r7, #4]
 3730 01c8 1B6E     		ldr	r3, [r3, #96]
 3731              		.loc 1 1503 16
 3732 01ca BB82     		strh	r3, [r7, #20]	@ movhi
1504:../../../firmware/n32h7xx_std_periph_driver/src/n32h7xx_lcdc.c ****         tmpvsp &= ~ LCDC_VSP_VSP;
 3733              		.loc 1 1504 16
 3734 01cc 0023     		movs	r3, #0
 3735 01ce BB82     		strh	r3, [r7, #20]	@ movhi
1505:../../../firmware/n32h7xx_std_periph_driver/src/n32h7xx_lcdc.c ****         tmpvsp |= tmpvsf;
 3736              		.loc 1 1505 16
 3737 01d0 BA8A     		ldrh	r2, [r7, #20]	@ movhi
 3738 01d2 FB8A     		ldrh	r3, [r7, #22]	@ movhi
 3739 01d4 1343     		orrs	r3, r3, r2
 3740 01d6 BB82     		strh	r3, [r7, #20]	@ movhi
1506:../../../firmware/n32h7xx_std_periph_driver/src/n32h7xx_lcdc.c ****         LCDC_Layerx->VSP = tmpvsp;
 3741              		.loc 1 1506 26
 3742 01d8 BA8A     		ldrh	r2, [r7, #20]
 3743 01da 7B68     		ldr	r3, [r7, #4]
 3744 01dc 1A66     		str	r2, [r3, #96]
 3745 01de 3CE0     		b	.L135
 3746              	.L137:
1507:../../../firmware/n32h7xx_std_periph_driver/src/n32h7xx_lcdc.c ****     }
1508:../../../firmware/n32h7xx_std_periph_driver/src/n32h7xx_lcdc.c ****     else
1509:../../../firmware/n32h7xx_std_periph_driver/src/n32h7xx_lcdc.c ****     {
1510:../../../firmware/n32h7xx_std_periph_driver/src/n32h7xx_lcdc.c ****     
1511:../../../firmware/n32h7xx_std_periph_driver/src/n32h7xx_lcdc.c ****         /* Specifies the scaler input size */
1512:../../../firmware/n32h7xx_std_periph_driver/src/n32h7xx_lcdc.c ****         /* Clear scaler input size */
1513:../../../firmware/n32h7xx_std_periph_driver/src/n32h7xx_lcdc.c ****         LCDC_Layerx->SINS &= ~(LCDC_SINS_SINW | LCDC_SINS_SINH);
 3747              		.loc 1 1513 20
 3748 01e0 7B68     		ldr	r3, [r7, #4]
 3749 01e2 5B6D     		ldr	r3, [r3, #84]
 3750              		.loc 1 1513 27
 3751 01e4 03F0F022 		and	r2, r3, #-268374016
 3752 01e8 7B68     		ldr	r3, [r7, #4]
 3753 01ea 5A65     		str	r2, [r3, #84]
1514:../../../firmware/n32h7xx_std_periph_driver/src/n32h7xx_lcdc.c ****         /* Set scaler input size */
1515:../../../firmware/n32h7xx_std_periph_driver/src/n32h7xx_lcdc.c ****         LCDC_Layerx->SINS = (uint32_t)(LCDC_LayerScalerStruct->Layer_Scaler_InputWidth | (LCDC_Laye
 3754              		.loc 1 1515 62
 3755 01ec 3B68     		ldr	r3, [r7]
 3756 01ee 9A68     		ldr	r2, [r3, #8]
 3757              		.loc 1 1515 113
 3758 01f0 3B68     		ldr	r3, [r7]
 3759 01f2 DB68     		ldr	r3, [r3, #12]
 3760              		.loc 1 1515 140
 3761 01f4 1B04     		lsls	r3, r3, #16
 3762              		.loc 1 1515 88
 3763 01f6 1A43     		orrs	r2, r2, r3
 3764              		.loc 1 1515 27
 3765 01f8 7B68     		ldr	r3, [r7, #4]
 3766 01fa 5A65     		str	r2, [r3, #84]
1516:../../../firmware/n32h7xx_std_periph_driver/src/n32h7xx_lcdc.c ****         /* Clear scaler output size */
1517:../../../firmware/n32h7xx_std_periph_driver/src/n32h7xx_lcdc.c ****         LCDC_Layerx->SOUTS &= ~(LCDC_SOUTS_SOUTW | LCDC_SOUTS_SOUTH);
 3767              		.loc 1 1517 20
 3768 01fc 7B68     		ldr	r3, [r7, #4]
 3769 01fe 9B6D     		ldr	r3, [r3, #88]
 3770              		.loc 1 1517 28
 3771 0200 03F0F022 		and	r2, r3, #-268374016
ARM GAS  /tmp/cc9q7jXo.s 			page 93


 3772 0204 7B68     		ldr	r3, [r7, #4]
 3773 0206 9A65     		str	r2, [r3, #88]
1518:../../../firmware/n32h7xx_std_periph_driver/src/n32h7xx_lcdc.c ****         /* Set scaler output size */
1519:../../../firmware/n32h7xx_std_periph_driver/src/n32h7xx_lcdc.c ****         LCDC_Layerx->SOUTS = (uint32_t)(LCDC_LayerScalerStruct->Layer_Scaler_OutputWidth | (LCDC_La
 3774              		.loc 1 1519 63
 3775 0208 3B68     		ldr	r3, [r7]
 3776 020a 1A69     		ldr	r2, [r3, #16]
 3777              		.loc 1 1519 115
 3778 020c 3B68     		ldr	r3, [r7]
 3779 020e 5B69     		ldr	r3, [r3, #20]
 3780              		.loc 1 1519 143
 3781 0210 1B04     		lsls	r3, r3, #16
 3782              		.loc 1 1519 90
 3783 0212 1A43     		orrs	r2, r2, r3
 3784              		.loc 1 1519 28
 3785 0214 7B68     		ldr	r3, [r7, #4]
 3786 0216 9A65     		str	r2, [r3, #88]
1520:../../../firmware/n32h7xx_std_periph_driver/src/n32h7xx_lcdc.c ****         tmpvsf = LCDC_Layerx->VSF;
 3787              		.loc 1 1520 29
 3788 0218 7B68     		ldr	r3, [r7, #4]
 3789 021a DB6D     		ldr	r3, [r3, #92]
 3790              		.loc 1 1520 16
 3791 021c FB82     		strh	r3, [r7, #22]	@ movhi
1521:../../../firmware/n32h7xx_std_periph_driver/src/n32h7xx_lcdc.c ****         tmpvsf &= ~ LCDC_VSF_VSF;
 3792              		.loc 1 1521 16
 3793 021e 0023     		movs	r3, #0
 3794 0220 FB82     		strh	r3, [r7, #22]	@ movhi
1522:../../../firmware/n32h7xx_std_periph_driver/src/n32h7xx_lcdc.c ****         tmpvsf |= (uint16_t)(((LCDC_LayerScalerStruct->Layer_Scaler_InputHeight-1)<<12)/(LCDC_Layer
 3795              		.loc 1 1522 54
 3796 0222 3B68     		ldr	r3, [r7]
 3797 0224 DB68     		ldr	r3, [r3, #12]
 3798              		.loc 1 1522 80
 3799 0226 013B     		subs	r3, r3, #1
 3800              		.loc 1 1522 83
 3801 0228 1A03     		lsls	r2, r3, #12
 3802              		.loc 1 1522 112
 3803 022a 3B68     		ldr	r3, [r7]
 3804 022c 5B69     		ldr	r3, [r3, #20]
 3805              		.loc 1 1522 139
 3806 022e 013B     		subs	r3, r3, #1
 3807              		.loc 1 1522 88
 3808 0230 B2FBF3F3 		udiv	r3, r2, r3
 3809              		.loc 1 1522 19
 3810 0234 9AB2     		uxth	r2, r3
 3811              		.loc 1 1522 16
 3812 0236 FB8A     		ldrh	r3, [r7, #22]	@ movhi
 3813 0238 1343     		orrs	r3, r3, r2
 3814 023a FB82     		strh	r3, [r7, #22]	@ movhi
1523:../../../firmware/n32h7xx_std_periph_driver/src/n32h7xx_lcdc.c ****         LCDC_Layerx->VSF = tmpvsf;
 3815              		.loc 1 1523 26
 3816 023c FA8A     		ldrh	r2, [r7, #22]
 3817 023e 7B68     		ldr	r3, [r7, #4]
 3818 0240 DA65     		str	r2, [r3, #92]
1524:../../../firmware/n32h7xx_std_periph_driver/src/n32h7xx_lcdc.c ****         
1525:../../../firmware/n32h7xx_std_periph_driver/src/n32h7xx_lcdc.c ****         tmpvsp = LCDC_Layerx->VSP;
 3819              		.loc 1 1525 29
 3820 0242 7B68     		ldr	r3, [r7, #4]
ARM GAS  /tmp/cc9q7jXo.s 			page 94


 3821 0244 1B6E     		ldr	r3, [r3, #96]
 3822              		.loc 1 1525 16
 3823 0246 BB82     		strh	r3, [r7, #20]	@ movhi
1526:../../../firmware/n32h7xx_std_periph_driver/src/n32h7xx_lcdc.c ****         tmpvsp &= ~ LCDC_VSP_VSP;
 3824              		.loc 1 1526 16
 3825 0248 0023     		movs	r3, #0
 3826 024a BB82     		strh	r3, [r7, #20]	@ movhi
1527:../../../firmware/n32h7xx_std_periph_driver/src/n32h7xx_lcdc.c ****         tmpvsp |= tmpvsf;
 3827              		.loc 1 1527 16
 3828 024c BA8A     		ldrh	r2, [r7, #20]	@ movhi
 3829 024e FB8A     		ldrh	r3, [r7, #22]	@ movhi
 3830 0250 1343     		orrs	r3, r3, r2
 3831 0252 BB82     		strh	r3, [r7, #20]	@ movhi
1528:../../../firmware/n32h7xx_std_periph_driver/src/n32h7xx_lcdc.c ****         LCDC_Layerx->VSP = tmpvsp;
 3832              		.loc 1 1528 26
 3833 0254 BA8A     		ldrh	r2, [r7, #20]
 3834 0256 7B68     		ldr	r3, [r7, #4]
 3835 0258 1A66     		str	r2, [r3, #96]
 3836              	.L135:
1529:../../../firmware/n32h7xx_std_periph_driver/src/n32h7xx_lcdc.c ****             
1530:../../../firmware/n32h7xx_std_periph_driver/src/n32h7xx_lcdc.c ****     }
1531:../../../firmware/n32h7xx_std_periph_driver/src/n32h7xx_lcdc.c **** 
1532:../../../firmware/n32h7xx_std_periph_driver/src/n32h7xx_lcdc.c ****     tmphsf = LCDC_Layerx->HSF;
 3837              		.loc 1 1532 25
 3838 025a 7B68     		ldr	r3, [r7, #4]
 3839 025c 5B6E     		ldr	r3, [r3, #100]
 3840              		.loc 1 1532 12
 3841 025e FB81     		strh	r3, [r7, #14]	@ movhi
1533:../../../firmware/n32h7xx_std_periph_driver/src/n32h7xx_lcdc.c ****     tmphsf &= ~ LCDC_HSF_HSF;
 3842              		.loc 1 1533 12
 3843 0260 0023     		movs	r3, #0
 3844 0262 FB81     		strh	r3, [r7, #14]	@ movhi
1534:../../../firmware/n32h7xx_std_periph_driver/src/n32h7xx_lcdc.c ****     tmphsf |= (uint16_t)(((LCDC_LayerScalerStruct->Layer_Scaler_InputWidth-1)<<12)/(LCDC_LayerScale
 3845              		.loc 1 1534 50
 3846 0264 3B68     		ldr	r3, [r7]
 3847 0266 9B68     		ldr	r3, [r3, #8]
 3848              		.loc 1 1534 75
 3849 0268 013B     		subs	r3, r3, #1
 3850              		.loc 1 1534 78
 3851 026a 1A03     		lsls	r2, r3, #12
 3852              		.loc 1 1534 107
 3853 026c 3B68     		ldr	r3, [r7]
 3854 026e 1B69     		ldr	r3, [r3, #16]
 3855              		.loc 1 1534 133
 3856 0270 013B     		subs	r3, r3, #1
 3857              		.loc 1 1534 83
 3858 0272 B2FBF3F3 		udiv	r3, r2, r3
 3859              		.loc 1 1534 15
 3860 0276 9AB2     		uxth	r2, r3
 3861              		.loc 1 1534 12
 3862 0278 FB89     		ldrh	r3, [r7, #14]	@ movhi
 3863 027a 1343     		orrs	r3, r3, r2
 3864 027c FB81     		strh	r3, [r7, #14]	@ movhi
1535:../../../firmware/n32h7xx_std_periph_driver/src/n32h7xx_lcdc.c ****     LCDC_Layerx->HSF = tmphsf;
 3865              		.loc 1 1535 22
 3866 027e FA89     		ldrh	r2, [r7, #14]
 3867 0280 7B68     		ldr	r3, [r7, #4]
ARM GAS  /tmp/cc9q7jXo.s 			page 95


 3868 0282 5A66     		str	r2, [r3, #100]
1536:../../../firmware/n32h7xx_std_periph_driver/src/n32h7xx_lcdc.c ****     
1537:../../../firmware/n32h7xx_std_periph_driver/src/n32h7xx_lcdc.c ****     tmphsp = LCDC_Layerx->HSP;
 3869              		.loc 1 1537 25
 3870 0284 7B68     		ldr	r3, [r7, #4]
 3871 0286 9B6E     		ldr	r3, [r3, #104]
 3872              		.loc 1 1537 12
 3873 0288 BB81     		strh	r3, [r7, #12]	@ movhi
1538:../../../firmware/n32h7xx_std_periph_driver/src/n32h7xx_lcdc.c ****     tmphsp &= ~ LCDC_HSP_HSP;
 3874              		.loc 1 1538 12
 3875 028a 0023     		movs	r3, #0
 3876 028c BB81     		strh	r3, [r7, #12]	@ movhi
1539:../../../firmware/n32h7xx_std_periph_driver/src/n32h7xx_lcdc.c ****     tmphsp |= tmphsf + (1<<12);
 3877              		.loc 1 1539 22
 3878 028e FB89     		ldrh	r3, [r7, #14]	@ movhi
 3879 0290 03F58053 		add	r3, r3, #4096
 3880 0294 9BB2     		uxth	r3, r3
 3881 0296 1AB2     		sxth	r2, r3
 3882              		.loc 1 1539 12
 3883 0298 B7F90C30 		ldrsh	r3, [r7, #12]
 3884 029c 1343     		orrs	r3, r3, r2
 3885 029e 1BB2     		sxth	r3, r3
 3886 02a0 BB81     		strh	r3, [r7, #12]	@ movhi
1540:../../../firmware/n32h7xx_std_periph_driver/src/n32h7xx_lcdc.c ****     LCDC_Layerx->HSP = tmphsp;
 3887              		.loc 1 1540 22
 3888 02a2 BA89     		ldrh	r2, [r7, #12]
 3889 02a4 7B68     		ldr	r3, [r7, #4]
 3890 02a6 9A66     		str	r2, [r3, #104]
1541:../../../firmware/n32h7xx_std_periph_driver/src/n32h7xx_lcdc.c **** }
 3891              		.loc 1 1541 1
 3892 02a8 00BF     		nop
 3893 02aa 2437     		adds	r7, r7, #36
 3894              	.LCFI215:
 3895              		.cfi_def_cfa_offset 12
 3896 02ac BD46     		mov	sp, r7
 3897              	.LCFI216:
 3898              		.cfi_def_cfa_register 13
 3899              		@ sp needed
 3900 02ae 90BD     		pop	{r4, r7, pc}
 3901              		.cfi_endproc
 3902              	.LFE183:
 3904              		.section	.text.LCDC_LayerScalerEnable,"ax",%progbits
 3905              		.align	1
 3906              		.global	LCDC_LayerScalerEnable
 3907              		.syntax unified
 3908              		.thumb
 3909              		.thumb_func
 3911              	LCDC_LayerScalerEnable:
 3912              	.LFB184:
1542:../../../firmware/n32h7xx_std_periph_driver/src/n32h7xx_lcdc.c **** 
1543:../../../firmware/n32h7xx_std_periph_driver/src/n32h7xx_lcdc.c **** /**
1544:../../../firmware/n32h7xx_std_periph_driver/src/n32h7xx_lcdc.c **** *\*\name    LCDC_LayerScalerEnable
1545:../../../firmware/n32h7xx_std_periph_driver/src/n32h7xx_lcdc.c **** *\*\fun     Enable or disable the LCDC scaler.
1546:../../../firmware/n32h7xx_std_periph_driver/src/n32h7xx_lcdc.c **** *\*\param   LCDC_Layerx: refer to the definition of LCDC_Layer_Module
1547:../../../firmware/n32h7xx_std_periph_driver/src/n32h7xx_lcdc.c **** *\*\          - LCDC_Layer1
1548:../../../firmware/n32h7xx_std_periph_driver/src/n32h7xx_lcdc.c **** *\*\          - LCDC_Layer2
1549:../../../firmware/n32h7xx_std_periph_driver/src/n32h7xx_lcdc.c **** *\*\          - LCDC_Layer3
ARM GAS  /tmp/cc9q7jXo.s 			page 96


1550:../../../firmware/n32h7xx_std_periph_driver/src/n32h7xx_lcdc.c **** *\*\          - LCDC_Layer4
1551:../../../firmware/n32h7xx_std_periph_driver/src/n32h7xx_lcdc.c **** *\*\param   Cmd
1552:../../../firmware/n32h7xx_std_periph_driver/src/n32h7xx_lcdc.c **** *\*\          - ENABLE
1553:../../../firmware/n32h7xx_std_periph_driver/src/n32h7xx_lcdc.c **** *\*\          - DISABLE
1554:../../../firmware/n32h7xx_std_periph_driver/src/n32h7xx_lcdc.c **** *\*\return  none.
1555:../../../firmware/n32h7xx_std_periph_driver/src/n32h7xx_lcdc.c **** **/
1556:../../../firmware/n32h7xx_std_periph_driver/src/n32h7xx_lcdc.c **** void LCDC_LayerScalerEnable(LCDC_Layer_Module* LCDC_Layerx ,FunctionalState Cmd)
1557:../../../firmware/n32h7xx_std_periph_driver/src/n32h7xx_lcdc.c **** {
 3913              		.loc 1 1557 1
 3914              		.cfi_startproc
 3915              		@ args = 0, pretend = 0, frame = 8
 3916              		@ frame_needed = 1, uses_anonymous_args = 0
 3917              		@ link register save eliminated.
 3918 0000 80B4     		push	{r7}
 3919              	.LCFI217:
 3920              		.cfi_def_cfa_offset 4
 3921              		.cfi_offset 7, -4
 3922 0002 83B0     		sub	sp, sp, #12
 3923              	.LCFI218:
 3924              		.cfi_def_cfa_offset 16
 3925 0004 00AF     		add	r7, sp, #0
 3926              	.LCFI219:
 3927              		.cfi_def_cfa_register 7
 3928 0006 7860     		str	r0, [r7, #4]
 3929 0008 0B46     		mov	r3, r1
 3930 000a FB70     		strb	r3, [r7, #3]
1558:../../../firmware/n32h7xx_std_periph_driver/src/n32h7xx_lcdc.c ****     if (Cmd != DISABLE)
 3931              		.loc 1 1558 8
 3932 000c FB78     		ldrb	r3, [r7, #3]	@ zero_extendqisi2
 3933 000e 002B     		cmp	r3, #0
 3934 0010 06D0     		beq	.L139
1559:../../../firmware/n32h7xx_std_periph_driver/src/n32h7xx_lcdc.c ****     {
1560:../../../firmware/n32h7xx_std_periph_driver/src/n32h7xx_lcdc.c ****         /* Enable the LCDC scaler */
1561:../../../firmware/n32h7xx_std_periph_driver/src/n32h7xx_lcdc.c ****         LCDC_Layerx->LCTRL |= (uint32_t)LCDC_LCTRL_SEN;
 3935              		.loc 1 1561 20
 3936 0012 7B68     		ldr	r3, [r7, #4]
 3937 0014 DB68     		ldr	r3, [r3, #12]
 3938              		.loc 1 1561 28
 3939 0016 43F48062 		orr	r2, r3, #1024
 3940 001a 7B68     		ldr	r3, [r7, #4]
 3941 001c DA60     		str	r2, [r3, #12]
1562:../../../firmware/n32h7xx_std_periph_driver/src/n32h7xx_lcdc.c ****     }
1563:../../../firmware/n32h7xx_std_periph_driver/src/n32h7xx_lcdc.c ****     else
1564:../../../firmware/n32h7xx_std_periph_driver/src/n32h7xx_lcdc.c ****     {
1565:../../../firmware/n32h7xx_std_periph_driver/src/n32h7xx_lcdc.c ****         /* Disable the LCDC scaler */
1566:../../../firmware/n32h7xx_std_periph_driver/src/n32h7xx_lcdc.c ****         LCDC_Layerx->LCTRL &= (uint32_t)(~LCDC_LCTRL_SEN);
1567:../../../firmware/n32h7xx_std_periph_driver/src/n32h7xx_lcdc.c ****     }
1568:../../../firmware/n32h7xx_std_periph_driver/src/n32h7xx_lcdc.c **** }
 3942              		.loc 1 1568 1
 3943 001e 05E0     		b	.L141
 3944              	.L139:
1566:../../../firmware/n32h7xx_std_periph_driver/src/n32h7xx_lcdc.c ****     }
 3945              		.loc 1 1566 20
 3946 0020 7B68     		ldr	r3, [r7, #4]
 3947 0022 DB68     		ldr	r3, [r3, #12]
1566:../../../firmware/n32h7xx_std_periph_driver/src/n32h7xx_lcdc.c ****     }
 3948              		.loc 1 1566 28
ARM GAS  /tmp/cc9q7jXo.s 			page 97


 3949 0024 23F48062 		bic	r2, r3, #1024
 3950 0028 7B68     		ldr	r3, [r7, #4]
 3951 002a DA60     		str	r2, [r3, #12]
 3952              	.L141:
 3953              		.loc 1 1568 1
 3954 002c 00BF     		nop
 3955 002e 0C37     		adds	r7, r7, #12
 3956              	.LCFI220:
 3957              		.cfi_def_cfa_offset 4
 3958 0030 BD46     		mov	sp, r7
 3959              	.LCFI221:
 3960              		.cfi_def_cfa_register 13
 3961              		@ sp needed
 3962 0032 80BC     		pop	{r7}
 3963              	.LCFI222:
 3964              		.cfi_restore 7
 3965              		.cfi_def_cfa_offset 0
 3966 0034 7047     		bx	lr
 3967              		.cfi_endproc
 3968              	.LFE184:
 3970              		.section	.text.LCDC_LayerRotate180Enable,"ax",%progbits
 3971              		.align	1
 3972              		.global	LCDC_LayerRotate180Enable
 3973              		.syntax unified
 3974              		.thumb
 3975              		.thumb_func
 3977              	LCDC_LayerRotate180Enable:
 3978              	.LFB185:
1569:../../../firmware/n32h7xx_std_periph_driver/src/n32h7xx_lcdc.c **** 
1570:../../../firmware/n32h7xx_std_periph_driver/src/n32h7xx_lcdc.c **** /**
1571:../../../firmware/n32h7xx_std_periph_driver/src/n32h7xx_lcdc.c **** *\*\name    LCDC_LayerRotate180Enable
1572:../../../firmware/n32h7xx_std_periph_driver/src/n32h7xx_lcdc.c **** *\*\fun     Enable or disable vertical layer rotate(180°).
1573:../../../firmware/n32h7xx_std_periph_driver/src/n32h7xx_lcdc.c **** *\*\param   LCDC_Layerx: refer to the definition of LCDC_Layer_Module
1574:../../../firmware/n32h7xx_std_periph_driver/src/n32h7xx_lcdc.c **** *\*\          - LCDC_Layer1
1575:../../../firmware/n32h7xx_std_periph_driver/src/n32h7xx_lcdc.c **** *\*\          - LCDC_Layer2
1576:../../../firmware/n32h7xx_std_periph_driver/src/n32h7xx_lcdc.c **** *\*\          - LCDC_Layer3
1577:../../../firmware/n32h7xx_std_periph_driver/src/n32h7xx_lcdc.c **** *\*\          - LCDC_Layer4
1578:../../../firmware/n32h7xx_std_periph_driver/src/n32h7xx_lcdc.c **** *\*\param   Cmd
1579:../../../firmware/n32h7xx_std_periph_driver/src/n32h7xx_lcdc.c **** *\*\          - ENABLE
1580:../../../firmware/n32h7xx_std_periph_driver/src/n32h7xx_lcdc.c **** *\*\          - DISABLE
1581:../../../firmware/n32h7xx_std_periph_driver/src/n32h7xx_lcdc.c **** *\*\return  none.
1582:../../../firmware/n32h7xx_std_periph_driver/src/n32h7xx_lcdc.c **** **/
1583:../../../firmware/n32h7xx_std_periph_driver/src/n32h7xx_lcdc.c **** void LCDC_LayerRotate180Enable(LCDC_Layer_Module* LCDC_Layerx ,FunctionalState Cmd)
1584:../../../firmware/n32h7xx_std_periph_driver/src/n32h7xx_lcdc.c **** {
 3979              		.loc 1 1584 1
 3980              		.cfi_startproc
 3981              		@ args = 0, pretend = 0, frame = 40
 3982              		@ frame_needed = 1, uses_anonymous_args = 0
 3983              		@ link register save eliminated.
 3984 0000 80B4     		push	{r7}
 3985              	.LCFI223:
 3986              		.cfi_def_cfa_offset 4
 3987              		.cfi_offset 7, -4
 3988 0002 8BB0     		sub	sp, sp, #44
 3989              	.LCFI224:
 3990              		.cfi_def_cfa_offset 48
 3991 0004 00AF     		add	r7, sp, #0
ARM GAS  /tmp/cc9q7jXo.s 			page 98


 3992              	.LCFI225:
 3993              		.cfi_def_cfa_register 7
 3994 0006 7860     		str	r0, [r7, #4]
 3995 0008 0B46     		mov	r3, r1
 3996 000a FB70     		strb	r3, [r7, #3]
1585:../../../firmware/n32h7xx_std_periph_driver/src/n32h7xx_lcdc.c ****     uint32_t tmpcfbaddr;
1586:../../../firmware/n32h7xx_std_periph_driver/src/n32h7xx_lcdc.c ****     uint32_t tmpcfblen;
1587:../../../firmware/n32h7xx_std_periph_driver/src/n32h7xx_lcdc.c ****     uint32_t tmpwhpctrl;
1588:../../../firmware/n32h7xx_std_periph_driver/src/n32h7xx_lcdc.c ****     uint32_t tmpwvpctrl;
1589:../../../firmware/n32h7xx_std_periph_driver/src/n32h7xx_lcdc.c ****     uint32_t tmppfctrl;
1590:../../../firmware/n32h7xx_std_periph_driver/src/n32h7xx_lcdc.c ****     uint16_t WindowWidth;
1591:../../../firmware/n32h7xx_std_periph_driver/src/n32h7xx_lcdc.c ****     uint16_t WindowHeight;
1592:../../../firmware/n32h7xx_std_periph_driver/src/n32h7xx_lcdc.c ****     uint16_t pixelbyte;
1593:../../../firmware/n32h7xx_std_periph_driver/src/n32h7xx_lcdc.c ****     
1594:../../../firmware/n32h7xx_std_periph_driver/src/n32h7xx_lcdc.c ****     tmpwhpctrl = LCDC_Layerx->WHPCTRL;
 3997              		.loc 1 1594 16
 3998 000c 7B68     		ldr	r3, [r7, #4]
 3999 000e 1B69     		ldr	r3, [r3, #16]
 4000 0010 3B62     		str	r3, [r7, #32]
1595:../../../firmware/n32h7xx_std_periph_driver/src/n32h7xx_lcdc.c ****     tmpwvpctrl = LCDC_Layerx->WVPCTRL;
 4001              		.loc 1 1595 16
 4002 0012 7B68     		ldr	r3, [r7, #4]
 4003 0014 5B69     		ldr	r3, [r3, #20]
 4004 0016 FB61     		str	r3, [r7, #28]
1596:../../../firmware/n32h7xx_std_periph_driver/src/n32h7xx_lcdc.c ****     tmpcfbaddr = LCDC_Layerx->CFBADDR;
 4005              		.loc 1 1596 16
 4006 0018 7B68     		ldr	r3, [r7, #4]
 4007 001a 5B6B     		ldr	r3, [r3, #52]
 4008 001c BB61     		str	r3, [r7, #24]
1597:../../../firmware/n32h7xx_std_periph_driver/src/n32h7xx_lcdc.c ****     tmpcfblen = LCDC_Layerx->CFBLEN;
 4009              		.loc 1 1597 15
 4010 001e 7B68     		ldr	r3, [r7, #4]
 4011 0020 9B6B     		ldr	r3, [r3, #56]
 4012 0022 7B61     		str	r3, [r7, #20]
1598:../../../firmware/n32h7xx_std_periph_driver/src/n32h7xx_lcdc.c ****     tmppfctrl = LCDC_Layerx->PFCTRL;
 4013              		.loc 1 1598 15
 4014 0024 7B68     		ldr	r3, [r7, #4]
 4015 0026 DB69     		ldr	r3, [r3, #28]
 4016 0028 3B61     		str	r3, [r7, #16]
1599:../../../firmware/n32h7xx_std_periph_driver/src/n32h7xx_lcdc.c ****     
1600:../../../firmware/n32h7xx_std_periph_driver/src/n32h7xx_lcdc.c ****     WindowWidth = (tmpwhpctrl >> 16U) - (tmpwhpctrl & 0x0000FFFFU) +1;
 4017              		.loc 1 1600 31
 4018 002a 3B6A     		ldr	r3, [r7, #32]
 4019 002c 1B0C     		lsrs	r3, r3, #16
 4020              		.loc 1 1600 39
 4021 002e 9AB2     		uxth	r2, r3
 4022 0030 3B6A     		ldr	r3, [r7, #32]
 4023 0032 9BB2     		uxth	r3, r3
 4024 0034 D31A     		subs	r3, r2, r3
 4025 0036 9BB2     		uxth	r3, r3
 4026              		.loc 1 1600 17
 4027 0038 0133     		adds	r3, r3, #1
 4028 003a FB81     		strh	r3, [r7, #14]	@ movhi
1601:../../../firmware/n32h7xx_std_periph_driver/src/n32h7xx_lcdc.c ****     WindowHeight = (tmpwvpctrl >> 16U) - (tmpwvpctrl & 0x0000FFFFU) +1;
 4029              		.loc 1 1601 32
 4030 003c FB69     		ldr	r3, [r7, #28]
 4031 003e 1B0C     		lsrs	r3, r3, #16
ARM GAS  /tmp/cc9q7jXo.s 			page 99


 4032              		.loc 1 1601 40
 4033 0040 9AB2     		uxth	r2, r3
 4034 0042 FB69     		ldr	r3, [r7, #28]
 4035 0044 9BB2     		uxth	r3, r3
 4036 0046 D31A     		subs	r3, r2, r3
 4037 0048 9BB2     		uxth	r3, r3
 4038              		.loc 1 1601 18
 4039 004a 0133     		adds	r3, r3, #1
 4040 004c BB81     		strh	r3, [r7, #12]	@ movhi
1602:../../../firmware/n32h7xx_std_periph_driver/src/n32h7xx_lcdc.c ****     
1603:../../../firmware/n32h7xx_std_periph_driver/src/n32h7xx_lcdc.c ****     if((tmppfctrl == LCDC_PIXEL_FORMAT_ARGB8888) |
 4041              		.loc 1 1603 50
 4042 004e 3B69     		ldr	r3, [r7, #16]
 4043 0050 002B     		cmp	r3, #0
 4044 0052 0CBF     		ite	eq
 4045 0054 0123     		moveq	r3, #1
 4046 0056 0023     		movne	r3, #0
 4047 0058 DAB2     		uxtb	r2, r3
 4048 005a 3B69     		ldr	r3, [r7, #16]
 4049 005c 012B     		cmp	r3, #1
 4050 005e 0CBF     		ite	eq
 4051 0060 0123     		moveq	r3, #1
 4052 0062 0023     		movne	r3, #0
 4053 0064 DBB2     		uxtb	r3, r3
 4054 0066 1343     		orrs	r3, r3, r2
 4055 0068 DBB2     		uxtb	r3, r3
 4056 006a 1A46     		mov	r2, r3
1604:../../../firmware/n32h7xx_std_periph_driver/src/n32h7xx_lcdc.c ****        (tmppfctrl == LCDC_PIXEL_FORMAT_ABGR8888) |
1605:../../../firmware/n32h7xx_std_periph_driver/src/n32h7xx_lcdc.c ****        (tmppfctrl == LCDC_PIXEL_FORMAT_RGBA8888) |
 4057              		.loc 1 1605 19
 4058 006c 3B69     		ldr	r3, [r7, #16]
 4059 006e 022B     		cmp	r3, #2
 4060 0070 0CBF     		ite	eq
 4061 0072 0123     		moveq	r3, #1
 4062 0074 0023     		movne	r3, #0
 4063 0076 DBB2     		uxtb	r3, r3
1604:../../../firmware/n32h7xx_std_periph_driver/src/n32h7xx_lcdc.c ****        (tmppfctrl == LCDC_PIXEL_FORMAT_ABGR8888) |
 4064              		.loc 1 1604 50
 4065 0078 1343     		orrs	r3, r3, r2
1606:../../../firmware/n32h7xx_std_periph_driver/src/n32h7xx_lcdc.c ****        (tmppfctrl == LCDC_PIXEL_FORMAT_BGRA8888))
 4066              		.loc 1 1606 19
 4067 007a 3A69     		ldr	r2, [r7, #16]
 4068 007c 032A     		cmp	r2, #3
 4069 007e 0CBF     		ite	eq
 4070 0080 0122     		moveq	r2, #1
 4071 0082 0022     		movne	r2, #0
 4072 0084 D2B2     		uxtb	r2, r2
1605:../../../firmware/n32h7xx_std_periph_driver/src/n32h7xx_lcdc.c ****        (tmppfctrl == LCDC_PIXEL_FORMAT_BGRA8888))
 4073              		.loc 1 1605 50
 4074 0086 1343     		orrs	r3, r3, r2
1603:../../../firmware/n32h7xx_std_periph_driver/src/n32h7xx_lcdc.c ****        (tmppfctrl == LCDC_PIXEL_FORMAT_ABGR8888) |
 4075              		.loc 1 1603 7
 4076 0088 002B     		cmp	r3, #0
 4077 008a 02D0     		beq	.L143
1607:../../../firmware/n32h7xx_std_periph_driver/src/n32h7xx_lcdc.c ****     {
1608:../../../firmware/n32h7xx_std_periph_driver/src/n32h7xx_lcdc.c ****         pixelbyte = 4;
 4078              		.loc 1 1608 19
ARM GAS  /tmp/cc9q7jXo.s 			page 100


 4079 008c 0423     		movs	r3, #4
 4080 008e FB84     		strh	r3, [r7, #38]	@ movhi
 4081 0090 17E0     		b	.L144
 4082              	.L143:
1609:../../../firmware/n32h7xx_std_periph_driver/src/n32h7xx_lcdc.c ****     }
1610:../../../firmware/n32h7xx_std_periph_driver/src/n32h7xx_lcdc.c ****     else if(tmppfctrl == LCDC_PIXEL_FORMAT_RGB888)
 4083              		.loc 1 1610 12
 4084 0092 3B69     		ldr	r3, [r7, #16]
 4085 0094 062B     		cmp	r3, #6
 4086 0096 02D1     		bne	.L145
1611:../../../firmware/n32h7xx_std_periph_driver/src/n32h7xx_lcdc.c ****     {
1612:../../../firmware/n32h7xx_std_periph_driver/src/n32h7xx_lcdc.c ****         pixelbyte = 3;
 4087              		.loc 1 1612 19
 4088 0098 0323     		movs	r3, #3
 4089 009a FB84     		strh	r3, [r7, #38]	@ movhi
 4090 009c 11E0     		b	.L144
 4091              	.L145:
1613:../../../firmware/n32h7xx_std_periph_driver/src/n32h7xx_lcdc.c ****     }
1614:../../../firmware/n32h7xx_std_periph_driver/src/n32h7xx_lcdc.c ****     else if((tmppfctrl == LCDC_PIXEL_FORMAT_RGB565) |
 4092              		.loc 1 1614 53
 4093 009e 3B69     		ldr	r3, [r7, #16]
 4094 00a0 042B     		cmp	r3, #4
 4095 00a2 0CBF     		ite	eq
 4096 00a4 0123     		moveq	r3, #1
 4097 00a6 0023     		movne	r3, #0
 4098 00a8 DAB2     		uxtb	r2, r3
 4099 00aa 3B69     		ldr	r3, [r7, #16]
 4100 00ac 052B     		cmp	r3, #5
 4101 00ae 0CBF     		ite	eq
 4102 00b0 0123     		moveq	r3, #1
 4103 00b2 0023     		movne	r3, #0
 4104 00b4 DBB2     		uxtb	r3, r3
 4105 00b6 1343     		orrs	r3, r3, r2
 4106 00b8 DBB2     		uxtb	r3, r3
 4107              		.loc 1 1614 12
 4108 00ba 002B     		cmp	r3, #0
 4109 00bc 01D0     		beq	.L144
1615:../../../firmware/n32h7xx_std_periph_driver/src/n32h7xx_lcdc.c ****             (tmppfctrl == LCDC_PIXEL_FORMAT_BGR565))
1616:../../../firmware/n32h7xx_std_periph_driver/src/n32h7xx_lcdc.c ****     {
1617:../../../firmware/n32h7xx_std_periph_driver/src/n32h7xx_lcdc.c ****         pixelbyte = 2;
 4110              		.loc 1 1617 19
 4111 00be 0223     		movs	r3, #2
 4112 00c0 FB84     		strh	r3, [r7, #38]	@ movhi
 4113              	.L144:
1618:../../../firmware/n32h7xx_std_periph_driver/src/n32h7xx_lcdc.c ****     }
1619:../../../firmware/n32h7xx_std_periph_driver/src/n32h7xx_lcdc.c ****     else
1620:../../../firmware/n32h7xx_std_periph_driver/src/n32h7xx_lcdc.c ****     {
1621:../../../firmware/n32h7xx_std_periph_driver/src/n32h7xx_lcdc.c ****         /* No process */
1622:../../../firmware/n32h7xx_std_periph_driver/src/n32h7xx_lcdc.c ****     }
1623:../../../firmware/n32h7xx_std_periph_driver/src/n32h7xx_lcdc.c ****       
1624:../../../firmware/n32h7xx_std_periph_driver/src/n32h7xx_lcdc.c ****     
1625:../../../firmware/n32h7xx_std_periph_driver/src/n32h7xx_lcdc.c ****     if (Cmd != DISABLE)
 4114              		.loc 1 1625 8
 4115 00c2 FB78     		ldrb	r3, [r7, #3]	@ zero_extendqisi2
 4116 00c4 002B     		cmp	r3, #0
 4117 00c6 1AD0     		beq	.L146
1626:../../../firmware/n32h7xx_std_periph_driver/src/n32h7xx_lcdc.c ****     {
ARM GAS  /tmp/cc9q7jXo.s 			page 101


1627:../../../firmware/n32h7xx_std_periph_driver/src/n32h7xx_lcdc.c **** 
1628:../../../firmware/n32h7xx_std_periph_driver/src/n32h7xx_lcdc.c ****         /* Enable the LCDC scaler */
1629:../../../firmware/n32h7xx_std_periph_driver/src/n32h7xx_lcdc.c ****         tmpcfbaddr = tmpcfbaddr + (WindowWidth*(WindowHeight-1)*pixelbyte);
 4118              		.loc 1 1629 47
 4119 00c8 FB89     		ldrh	r3, [r7, #14]
 4120              		.loc 1 1629 61
 4121 00ca BA89     		ldrh	r2, [r7, #12]
 4122 00cc 013A     		subs	r2, r2, #1
 4123              		.loc 1 1629 47
 4124 00ce 02FB03F3 		mul	r3, r2, r3
 4125              		.loc 1 1629 64
 4126 00d2 FA8C     		ldrh	r2, [r7, #38]
 4127 00d4 02FB03F3 		mul	r3, r2, r3
 4128 00d8 1A46     		mov	r2, r3
 4129              		.loc 1 1629 20
 4130 00da BB69     		ldr	r3, [r7, #24]
 4131 00dc 1344     		add	r3, r3, r2
 4132 00de BB61     		str	r3, [r7, #24]
1630:../../../firmware/n32h7xx_std_periph_driver/src/n32h7xx_lcdc.c ****         tmpcfblen = ((~(tmpcfblen >> 16U) + 1U) << 16U)|((tmpcfblen << 16U) >> 16U);
 4133              		.loc 1 1630 35
 4134 00e0 7B69     		ldr	r3, [r7, #20]
 4135 00e2 1B0C     		lsrs	r3, r3, #16
 4136              		.loc 1 1630 43
 4137 00e4 5B42     		rsbs	r3, r3, #0
 4138              		.loc 1 1630 49
 4139 00e6 1A04     		lsls	r2, r3, #16
 4140              		.loc 1 1630 77
 4141 00e8 7B69     		ldr	r3, [r7, #20]
 4142 00ea 9BB2     		uxth	r3, r3
 4143              		.loc 1 1630 19
 4144 00ec 1343     		orrs	r3, r3, r2
 4145 00ee 7B61     		str	r3, [r7, #20]
1631:../../../firmware/n32h7xx_std_periph_driver/src/n32h7xx_lcdc.c ****         LCDC_Layerx->CFBADDR = tmpcfbaddr;
 4146              		.loc 1 1631 30
 4147 00f0 7B68     		ldr	r3, [r7, #4]
 4148 00f2 BA69     		ldr	r2, [r7, #24]
 4149 00f4 5A63     		str	r2, [r3, #52]
1632:../../../firmware/n32h7xx_std_periph_driver/src/n32h7xx_lcdc.c ****         LCDC_Layerx->CFBLEN = tmpcfblen;
 4150              		.loc 1 1632 29
 4151 00f6 7B68     		ldr	r3, [r7, #4]
 4152 00f8 7A69     		ldr	r2, [r7, #20]
 4153 00fa 9A63     		str	r2, [r3, #56]
1633:../../../firmware/n32h7xx_std_periph_driver/src/n32h7xx_lcdc.c ****     }
1634:../../../firmware/n32h7xx_std_periph_driver/src/n32h7xx_lcdc.c ****     else
1635:../../../firmware/n32h7xx_std_periph_driver/src/n32h7xx_lcdc.c ****     {
1636:../../../firmware/n32h7xx_std_periph_driver/src/n32h7xx_lcdc.c ****         /* Disable the LCDC scaler */
1637:../../../firmware/n32h7xx_std_periph_driver/src/n32h7xx_lcdc.c ****         tmpcfbaddr = tmpcfbaddr - (WindowWidth*(WindowHeight-1)*pixelbyte);
1638:../../../firmware/n32h7xx_std_periph_driver/src/n32h7xx_lcdc.c ****         tmpcfblen = ((~(tmpcfblen >> 16U) + 1U) << 16U)|((tmpcfblen << 16U) >> 16U);
1639:../../../firmware/n32h7xx_std_periph_driver/src/n32h7xx_lcdc.c ****         LCDC_Layerx->CFBADDR = tmpcfbaddr;
1640:../../../firmware/n32h7xx_std_periph_driver/src/n32h7xx_lcdc.c ****         LCDC_Layerx->CFBLEN = tmpcfblen;
1641:../../../firmware/n32h7xx_std_periph_driver/src/n32h7xx_lcdc.c ****     }
1642:../../../firmware/n32h7xx_std_periph_driver/src/n32h7xx_lcdc.c **** }
 4154              		.loc 1 1642 1
 4155 00fc 19E0     		b	.L148
 4156              	.L146:
1637:../../../firmware/n32h7xx_std_periph_driver/src/n32h7xx_lcdc.c ****         tmpcfblen = ((~(tmpcfblen >> 16U) + 1U) << 16U)|((tmpcfblen << 16U) >> 16U);
 4157              		.loc 1 1637 47
ARM GAS  /tmp/cc9q7jXo.s 			page 102


 4158 00fe FB89     		ldrh	r3, [r7, #14]
1637:../../../firmware/n32h7xx_std_periph_driver/src/n32h7xx_lcdc.c ****         tmpcfblen = ((~(tmpcfblen >> 16U) + 1U) << 16U)|((tmpcfblen << 16U) >> 16U);
 4159              		.loc 1 1637 61
 4160 0100 BA89     		ldrh	r2, [r7, #12]
 4161 0102 013A     		subs	r2, r2, #1
1637:../../../firmware/n32h7xx_std_periph_driver/src/n32h7xx_lcdc.c ****         tmpcfblen = ((~(tmpcfblen >> 16U) + 1U) << 16U)|((tmpcfblen << 16U) >> 16U);
 4162              		.loc 1 1637 47
 4163 0104 02FB03F3 		mul	r3, r2, r3
1637:../../../firmware/n32h7xx_std_periph_driver/src/n32h7xx_lcdc.c ****         tmpcfblen = ((~(tmpcfblen >> 16U) + 1U) << 16U)|((tmpcfblen << 16U) >> 16U);
 4164              		.loc 1 1637 64
 4165 0108 FA8C     		ldrh	r2, [r7, #38]
 4166 010a 02FB03F3 		mul	r3, r2, r3
 4167 010e 1A46     		mov	r2, r3
1637:../../../firmware/n32h7xx_std_periph_driver/src/n32h7xx_lcdc.c ****         tmpcfblen = ((~(tmpcfblen >> 16U) + 1U) << 16U)|((tmpcfblen << 16U) >> 16U);
 4168              		.loc 1 1637 20
 4169 0110 BB69     		ldr	r3, [r7, #24]
 4170 0112 9B1A     		subs	r3, r3, r2
 4171 0114 BB61     		str	r3, [r7, #24]
1638:../../../firmware/n32h7xx_std_periph_driver/src/n32h7xx_lcdc.c ****         LCDC_Layerx->CFBADDR = tmpcfbaddr;
 4172              		.loc 1 1638 35
 4173 0116 7B69     		ldr	r3, [r7, #20]
 4174 0118 1B0C     		lsrs	r3, r3, #16
1638:../../../firmware/n32h7xx_std_periph_driver/src/n32h7xx_lcdc.c ****         LCDC_Layerx->CFBADDR = tmpcfbaddr;
 4175              		.loc 1 1638 43
 4176 011a 5B42     		rsbs	r3, r3, #0
1638:../../../firmware/n32h7xx_std_periph_driver/src/n32h7xx_lcdc.c ****         LCDC_Layerx->CFBADDR = tmpcfbaddr;
 4177              		.loc 1 1638 49
 4178 011c 1A04     		lsls	r2, r3, #16
1638:../../../firmware/n32h7xx_std_periph_driver/src/n32h7xx_lcdc.c ****         LCDC_Layerx->CFBADDR = tmpcfbaddr;
 4179              		.loc 1 1638 77
 4180 011e 7B69     		ldr	r3, [r7, #20]
 4181 0120 9BB2     		uxth	r3, r3
1638:../../../firmware/n32h7xx_std_periph_driver/src/n32h7xx_lcdc.c ****         LCDC_Layerx->CFBADDR = tmpcfbaddr;
 4182              		.loc 1 1638 19
 4183 0122 1343     		orrs	r3, r3, r2
 4184 0124 7B61     		str	r3, [r7, #20]
1639:../../../firmware/n32h7xx_std_periph_driver/src/n32h7xx_lcdc.c ****         LCDC_Layerx->CFBLEN = tmpcfblen;
 4185              		.loc 1 1639 30
 4186 0126 7B68     		ldr	r3, [r7, #4]
 4187 0128 BA69     		ldr	r2, [r7, #24]
 4188 012a 5A63     		str	r2, [r3, #52]
1640:../../../firmware/n32h7xx_std_periph_driver/src/n32h7xx_lcdc.c ****     }
 4189              		.loc 1 1640 29
 4190 012c 7B68     		ldr	r3, [r7, #4]
 4191 012e 7A69     		ldr	r2, [r7, #20]
 4192 0130 9A63     		str	r2, [r3, #56]
 4193              	.L148:
 4194              		.loc 1 1642 1
 4195 0132 00BF     		nop
 4196 0134 2C37     		adds	r7, r7, #44
 4197              	.LCFI226:
 4198              		.cfi_def_cfa_offset 4
 4199 0136 BD46     		mov	sp, r7
 4200              	.LCFI227:
 4201              		.cfi_def_cfa_register 13
 4202              		@ sp needed
 4203 0138 80BC     		pop	{r7}
ARM GAS  /tmp/cc9q7jXo.s 			page 103


 4204              	.LCFI228:
 4205              		.cfi_restore 7
 4206              		.cfi_def_cfa_offset 0
 4207 013a 7047     		bx	lr
 4208              		.cfi_endproc
 4209              	.LFE185:
 4211              		.section	.text.LCDC_LayerHorizontalMirrorEnable,"ax",%progbits
 4212              		.align	1
 4213              		.global	LCDC_LayerHorizontalMirrorEnable
 4214              		.syntax unified
 4215              		.thumb
 4216              		.thumb_func
 4218              	LCDC_LayerHorizontalMirrorEnable:
 4219              	.LFB186:
1643:../../../firmware/n32h7xx_std_periph_driver/src/n32h7xx_lcdc.c **** 
1644:../../../firmware/n32h7xx_std_periph_driver/src/n32h7xx_lcdc.c **** /**
1645:../../../firmware/n32h7xx_std_periph_driver/src/n32h7xx_lcdc.c **** *\*\name    LCDC_LayerHorizontalMirrorEnable
1646:../../../firmware/n32h7xx_std_periph_driver/src/n32h7xx_lcdc.c **** *\*\fun     Enable or disable horizontal layer mirror.
1647:../../../firmware/n32h7xx_std_periph_driver/src/n32h7xx_lcdc.c **** *\*\param   LCDC_Layerx: refer to the definition of LCDC_Layer_Module
1648:../../../firmware/n32h7xx_std_periph_driver/src/n32h7xx_lcdc.c **** *\*\          - LCDC_Layer1
1649:../../../firmware/n32h7xx_std_periph_driver/src/n32h7xx_lcdc.c **** *\*\          - LCDC_Layer2
1650:../../../firmware/n32h7xx_std_periph_driver/src/n32h7xx_lcdc.c **** *\*\          - LCDC_Layer3
1651:../../../firmware/n32h7xx_std_periph_driver/src/n32h7xx_lcdc.c **** *\*\          - LCDC_Layer4
1652:../../../firmware/n32h7xx_std_periph_driver/src/n32h7xx_lcdc.c **** *\*\param   Cmd
1653:../../../firmware/n32h7xx_std_periph_driver/src/n32h7xx_lcdc.c **** *\*\          - ENABLE
1654:../../../firmware/n32h7xx_std_periph_driver/src/n32h7xx_lcdc.c **** *\*\          - DISABLE
1655:../../../firmware/n32h7xx_std_periph_driver/src/n32h7xx_lcdc.c **** *\*\return  none.
1656:../../../firmware/n32h7xx_std_periph_driver/src/n32h7xx_lcdc.c **** **/
1657:../../../firmware/n32h7xx_std_periph_driver/src/n32h7xx_lcdc.c **** void LCDC_LayerHorizontalMirrorEnable(LCDC_Layer_Module* LCDC_Layerx ,FunctionalState Cmd)
1658:../../../firmware/n32h7xx_std_periph_driver/src/n32h7xx_lcdc.c **** {
 4220              		.loc 1 1658 1
 4221              		.cfi_startproc
 4222              		@ args = 0, pretend = 0, frame = 32
 4223              		@ frame_needed = 1, uses_anonymous_args = 0
 4224              		@ link register save eliminated.
 4225 0000 80B4     		push	{r7}
 4226              	.LCFI229:
 4227              		.cfi_def_cfa_offset 4
 4228              		.cfi_offset 7, -4
 4229 0002 89B0     		sub	sp, sp, #36
 4230              	.LCFI230:
 4231              		.cfi_def_cfa_offset 40
 4232 0004 00AF     		add	r7, sp, #0
 4233              	.LCFI231:
 4234              		.cfi_def_cfa_register 7
 4235 0006 7860     		str	r0, [r7, #4]
 4236 0008 0B46     		mov	r3, r1
 4237 000a FB70     		strb	r3, [r7, #3]
1659:../../../firmware/n32h7xx_std_periph_driver/src/n32h7xx_lcdc.c ****     uint32_t tmpcfbaddr;
1660:../../../firmware/n32h7xx_std_periph_driver/src/n32h7xx_lcdc.c ****     uint32_t tmpwhpctrl;
1661:../../../firmware/n32h7xx_std_periph_driver/src/n32h7xx_lcdc.c ****     uint32_t tmppfctrl;
1662:../../../firmware/n32h7xx_std_periph_driver/src/n32h7xx_lcdc.c ****     uint32_t currentstatus;
1663:../../../firmware/n32h7xx_std_periph_driver/src/n32h7xx_lcdc.c ****     uint16_t WindowWidth;
1664:../../../firmware/n32h7xx_std_periph_driver/src/n32h7xx_lcdc.c ****     uint16_t pixelbyte;
1665:../../../firmware/n32h7xx_std_periph_driver/src/n32h7xx_lcdc.c ****     
1666:../../../firmware/n32h7xx_std_periph_driver/src/n32h7xx_lcdc.c ****     tmpwhpctrl = LCDC_Layerx->WHPCTRL;
 4238              		.loc 1 1666 16
ARM GAS  /tmp/cc9q7jXo.s 			page 104


 4239 000c 7B68     		ldr	r3, [r7, #4]
 4240 000e 1B69     		ldr	r3, [r3, #16]
 4241 0010 BB61     		str	r3, [r7, #24]
1667:../../../firmware/n32h7xx_std_periph_driver/src/n32h7xx_lcdc.c ****     tmpcfbaddr = LCDC_Layerx->CFBADDR;
 4242              		.loc 1 1667 16
 4243 0012 7B68     		ldr	r3, [r7, #4]
 4244 0014 5B6B     		ldr	r3, [r3, #52]
 4245 0016 7B61     		str	r3, [r7, #20]
1668:../../../firmware/n32h7xx_std_periph_driver/src/n32h7xx_lcdc.c ****     tmppfctrl = LCDC_Layerx->PFCTRL;
 4246              		.loc 1 1668 15
 4247 0018 7B68     		ldr	r3, [r7, #4]
 4248 001a DB69     		ldr	r3, [r3, #28]
 4249 001c 3B61     		str	r3, [r7, #16]
1669:../../../firmware/n32h7xx_std_periph_driver/src/n32h7xx_lcdc.c ****     
1670:../../../firmware/n32h7xx_std_periph_driver/src/n32h7xx_lcdc.c ****     WindowWidth = (tmpwhpctrl >> 16U) - (tmpwhpctrl & 0x0000FFFFU) +1;
 4250              		.loc 1 1670 31
 4251 001e BB69     		ldr	r3, [r7, #24]
 4252 0020 1B0C     		lsrs	r3, r3, #16
 4253              		.loc 1 1670 39
 4254 0022 9AB2     		uxth	r2, r3
 4255 0024 BB69     		ldr	r3, [r7, #24]
 4256 0026 9BB2     		uxth	r3, r3
 4257 0028 D31A     		subs	r3, r2, r3
 4258 002a 9BB2     		uxth	r3, r3
 4259              		.loc 1 1670 17
 4260 002c 0133     		adds	r3, r3, #1
 4261 002e FB81     		strh	r3, [r7, #14]	@ movhi
1671:../../../firmware/n32h7xx_std_periph_driver/src/n32h7xx_lcdc.c ****     
1672:../../../firmware/n32h7xx_std_periph_driver/src/n32h7xx_lcdc.c ****     if((tmppfctrl == LCDC_PIXEL_FORMAT_ARGB8888) |
 4262              		.loc 1 1672 50
 4263 0030 3B69     		ldr	r3, [r7, #16]
 4264 0032 002B     		cmp	r3, #0
 4265 0034 0CBF     		ite	eq
 4266 0036 0123     		moveq	r3, #1
 4267 0038 0023     		movne	r3, #0
 4268 003a DAB2     		uxtb	r2, r3
 4269 003c 3B69     		ldr	r3, [r7, #16]
 4270 003e 012B     		cmp	r3, #1
 4271 0040 0CBF     		ite	eq
 4272 0042 0123     		moveq	r3, #1
 4273 0044 0023     		movne	r3, #0
 4274 0046 DBB2     		uxtb	r3, r3
 4275 0048 1343     		orrs	r3, r3, r2
 4276 004a DBB2     		uxtb	r3, r3
 4277 004c 1A46     		mov	r2, r3
1673:../../../firmware/n32h7xx_std_periph_driver/src/n32h7xx_lcdc.c ****        (tmppfctrl == LCDC_PIXEL_FORMAT_ABGR8888) |
1674:../../../firmware/n32h7xx_std_periph_driver/src/n32h7xx_lcdc.c ****        (tmppfctrl == LCDC_PIXEL_FORMAT_RGBA8888) |
 4278              		.loc 1 1674 19
 4279 004e 3B69     		ldr	r3, [r7, #16]
 4280 0050 022B     		cmp	r3, #2
 4281 0052 0CBF     		ite	eq
 4282 0054 0123     		moveq	r3, #1
 4283 0056 0023     		movne	r3, #0
 4284 0058 DBB2     		uxtb	r3, r3
1673:../../../firmware/n32h7xx_std_periph_driver/src/n32h7xx_lcdc.c ****        (tmppfctrl == LCDC_PIXEL_FORMAT_ABGR8888) |
 4285              		.loc 1 1673 50
 4286 005a 1343     		orrs	r3, r3, r2
ARM GAS  /tmp/cc9q7jXo.s 			page 105


1675:../../../firmware/n32h7xx_std_periph_driver/src/n32h7xx_lcdc.c ****        (tmppfctrl == LCDC_PIXEL_FORMAT_BGRA8888))
 4287              		.loc 1 1675 19
 4288 005c 3A69     		ldr	r2, [r7, #16]
 4289 005e 032A     		cmp	r2, #3
 4290 0060 0CBF     		ite	eq
 4291 0062 0122     		moveq	r2, #1
 4292 0064 0022     		movne	r2, #0
 4293 0066 D2B2     		uxtb	r2, r2
1674:../../../firmware/n32h7xx_std_periph_driver/src/n32h7xx_lcdc.c ****        (tmppfctrl == LCDC_PIXEL_FORMAT_BGRA8888))
 4294              		.loc 1 1674 50
 4295 0068 1343     		orrs	r3, r3, r2
1672:../../../firmware/n32h7xx_std_periph_driver/src/n32h7xx_lcdc.c ****        (tmppfctrl == LCDC_PIXEL_FORMAT_ABGR8888) |
 4296              		.loc 1 1672 7
 4297 006a 002B     		cmp	r3, #0
 4298 006c 02D0     		beq	.L150
1676:../../../firmware/n32h7xx_std_periph_driver/src/n32h7xx_lcdc.c ****     {
1677:../../../firmware/n32h7xx_std_periph_driver/src/n32h7xx_lcdc.c ****         pixelbyte = 4;
 4299              		.loc 1 1677 19
 4300 006e 0423     		movs	r3, #4
 4301 0070 FB83     		strh	r3, [r7, #30]	@ movhi
 4302 0072 17E0     		b	.L151
 4303              	.L150:
1678:../../../firmware/n32h7xx_std_periph_driver/src/n32h7xx_lcdc.c ****     }
1679:../../../firmware/n32h7xx_std_periph_driver/src/n32h7xx_lcdc.c ****     else if(tmppfctrl == LCDC_PIXEL_FORMAT_RGB888)
 4304              		.loc 1 1679 12
 4305 0074 3B69     		ldr	r3, [r7, #16]
 4306 0076 062B     		cmp	r3, #6
 4307 0078 02D1     		bne	.L152
1680:../../../firmware/n32h7xx_std_periph_driver/src/n32h7xx_lcdc.c ****     {
1681:../../../firmware/n32h7xx_std_periph_driver/src/n32h7xx_lcdc.c ****         pixelbyte = 3;
 4308              		.loc 1 1681 19
 4309 007a 0323     		movs	r3, #3
 4310 007c FB83     		strh	r3, [r7, #30]	@ movhi
 4311 007e 11E0     		b	.L151
 4312              	.L152:
1682:../../../firmware/n32h7xx_std_periph_driver/src/n32h7xx_lcdc.c ****     }
1683:../../../firmware/n32h7xx_std_periph_driver/src/n32h7xx_lcdc.c ****     else if((tmppfctrl == LCDC_PIXEL_FORMAT_RGB565) |
 4313              		.loc 1 1683 53
 4314 0080 3B69     		ldr	r3, [r7, #16]
 4315 0082 042B     		cmp	r3, #4
 4316 0084 0CBF     		ite	eq
 4317 0086 0123     		moveq	r3, #1
 4318 0088 0023     		movne	r3, #0
 4319 008a DAB2     		uxtb	r2, r3
 4320 008c 3B69     		ldr	r3, [r7, #16]
 4321 008e 052B     		cmp	r3, #5
 4322 0090 0CBF     		ite	eq
 4323 0092 0123     		moveq	r3, #1
 4324 0094 0023     		movne	r3, #0
 4325 0096 DBB2     		uxtb	r3, r3
 4326 0098 1343     		orrs	r3, r3, r2
 4327 009a DBB2     		uxtb	r3, r3
 4328              		.loc 1 1683 12
 4329 009c 002B     		cmp	r3, #0
 4330 009e 01D0     		beq	.L151
1684:../../../firmware/n32h7xx_std_periph_driver/src/n32h7xx_lcdc.c ****             (tmppfctrl == LCDC_PIXEL_FORMAT_BGR565))
1685:../../../firmware/n32h7xx_std_periph_driver/src/n32h7xx_lcdc.c ****     {
ARM GAS  /tmp/cc9q7jXo.s 			page 106


1686:../../../firmware/n32h7xx_std_periph_driver/src/n32h7xx_lcdc.c ****         pixelbyte = 2;
 4331              		.loc 1 1686 19
 4332 00a0 0223     		movs	r3, #2
 4333 00a2 FB83     		strh	r3, [r7, #30]	@ movhi
 4334              	.L151:
1687:../../../firmware/n32h7xx_std_periph_driver/src/n32h7xx_lcdc.c ****     }
1688:../../../firmware/n32h7xx_std_periph_driver/src/n32h7xx_lcdc.c ****     else
1689:../../../firmware/n32h7xx_std_periph_driver/src/n32h7xx_lcdc.c ****     {
1690:../../../firmware/n32h7xx_std_periph_driver/src/n32h7xx_lcdc.c ****         /* No process */
1691:../../../firmware/n32h7xx_std_periph_driver/src/n32h7xx_lcdc.c ****     }
1692:../../../firmware/n32h7xx_std_periph_driver/src/n32h7xx_lcdc.c ****        
1693:../../../firmware/n32h7xx_std_periph_driver/src/n32h7xx_lcdc.c ****     /* Determine whether the current state is already a horizontal mirror image. */
1694:../../../firmware/n32h7xx_std_periph_driver/src/n32h7xx_lcdc.c ****     currentstatus = LCDC_Layerx->LCTRL & LCDC_LCTRL_HMEN;
 4335              		.loc 1 1694 32
 4336 00a4 7B68     		ldr	r3, [r7, #4]
 4337 00a6 DB68     		ldr	r3, [r3, #12]
 4338              		.loc 1 1694 19
 4339 00a8 03F48073 		and	r3, r3, #256
 4340 00ac BB60     		str	r3, [r7, #8]
1695:../../../firmware/n32h7xx_std_periph_driver/src/n32h7xx_lcdc.c ****     
1696:../../../firmware/n32h7xx_std_periph_driver/src/n32h7xx_lcdc.c ****     if (Cmd != DISABLE)
 4341              		.loc 1 1696 8
 4342 00ae FB78     		ldrb	r3, [r7, #3]	@ zero_extendqisi2
 4343 00b0 002B     		cmp	r3, #0
 4344 00b2 15D0     		beq	.L153
1697:../../../firmware/n32h7xx_std_periph_driver/src/n32h7xx_lcdc.c ****     {
1698:../../../firmware/n32h7xx_std_periph_driver/src/n32h7xx_lcdc.c ****         if(!currentstatus)
 4345              		.loc 1 1698 11
 4346 00b4 BB68     		ldr	r3, [r7, #8]
 4347 00b6 002B     		cmp	r3, #0
 4348 00b8 27D1     		bne	.L155
1699:../../../firmware/n32h7xx_std_periph_driver/src/n32h7xx_lcdc.c ****         {
1700:../../../firmware/n32h7xx_std_periph_driver/src/n32h7xx_lcdc.c ****             /* Enable the LCDC scaler */
1701:../../../firmware/n32h7xx_std_periph_driver/src/n32h7xx_lcdc.c ****             LCDC_Layerx->LCTRL |= (uint32_t)LCDC_LCTRL_HMEN;
 4349              		.loc 1 1701 24
 4350 00ba 7B68     		ldr	r3, [r7, #4]
 4351 00bc DB68     		ldr	r3, [r3, #12]
 4352              		.loc 1 1701 32
 4353 00be 43F48072 		orr	r2, r3, #256
 4354 00c2 7B68     		ldr	r3, [r7, #4]
 4355 00c4 DA60     		str	r2, [r3, #12]
1702:../../../firmware/n32h7xx_std_periph_driver/src/n32h7xx_lcdc.c ****             tmpcfbaddr = tmpcfbaddr + (WindowWidth*pixelbyte - 1);
 4356              		.loc 1 1702 51
 4357 00c6 FB89     		ldrh	r3, [r7, #14]
 4358 00c8 FA8B     		ldrh	r2, [r7, #30]
 4359 00ca 02FB03F3 		mul	r3, r2, r3
 4360              		.loc 1 1702 37
 4361 00ce 1A46     		mov	r2, r3
 4362 00d0 7B69     		ldr	r3, [r7, #20]
 4363 00d2 1344     		add	r3, r3, r2
 4364              		.loc 1 1702 24
 4365 00d4 013B     		subs	r3, r3, #1
 4366 00d6 7B61     		str	r3, [r7, #20]
1703:../../../firmware/n32h7xx_std_periph_driver/src/n32h7xx_lcdc.c ****             LCDC_Layerx->CFBADDR = tmpcfbaddr;
 4367              		.loc 1 1703 34
 4368 00d8 7B68     		ldr	r3, [r7, #4]
 4369 00da 7A69     		ldr	r2, [r7, #20]
ARM GAS  /tmp/cc9q7jXo.s 			page 107


 4370 00dc 5A63     		str	r2, [r3, #52]
1704:../../../firmware/n32h7xx_std_periph_driver/src/n32h7xx_lcdc.c ****         }
1705:../../../firmware/n32h7xx_std_periph_driver/src/n32h7xx_lcdc.c ****         else
1706:../../../firmware/n32h7xx_std_periph_driver/src/n32h7xx_lcdc.c ****         {
1707:../../../firmware/n32h7xx_std_periph_driver/src/n32h7xx_lcdc.c ****             /* No process */
1708:../../../firmware/n32h7xx_std_periph_driver/src/n32h7xx_lcdc.c ****         }
1709:../../../firmware/n32h7xx_std_periph_driver/src/n32h7xx_lcdc.c ****         
1710:../../../firmware/n32h7xx_std_periph_driver/src/n32h7xx_lcdc.c ****     }
1711:../../../firmware/n32h7xx_std_periph_driver/src/n32h7xx_lcdc.c ****     else
1712:../../../firmware/n32h7xx_std_periph_driver/src/n32h7xx_lcdc.c ****     {
1713:../../../firmware/n32h7xx_std_periph_driver/src/n32h7xx_lcdc.c ****         if(currentstatus)
1714:../../../firmware/n32h7xx_std_periph_driver/src/n32h7xx_lcdc.c ****         {
1715:../../../firmware/n32h7xx_std_periph_driver/src/n32h7xx_lcdc.c ****             /* Disable the LCDC scaler */
1716:../../../firmware/n32h7xx_std_periph_driver/src/n32h7xx_lcdc.c ****             LCDC_Layerx->LCTRL &= (uint32_t)(~LCDC_LCTRL_HMEN);
1717:../../../firmware/n32h7xx_std_periph_driver/src/n32h7xx_lcdc.c ****             tmpcfbaddr = tmpcfbaddr - (WindowWidth*pixelbyte - 1);
1718:../../../firmware/n32h7xx_std_periph_driver/src/n32h7xx_lcdc.c ****             LCDC_Layerx->CFBADDR = tmpcfbaddr;
1719:../../../firmware/n32h7xx_std_periph_driver/src/n32h7xx_lcdc.c ****         }
1720:../../../firmware/n32h7xx_std_periph_driver/src/n32h7xx_lcdc.c ****         else
1721:../../../firmware/n32h7xx_std_periph_driver/src/n32h7xx_lcdc.c ****         {
1722:../../../firmware/n32h7xx_std_periph_driver/src/n32h7xx_lcdc.c ****             /* No process */
1723:../../../firmware/n32h7xx_std_periph_driver/src/n32h7xx_lcdc.c ****         }
1724:../../../firmware/n32h7xx_std_periph_driver/src/n32h7xx_lcdc.c ****     }
1725:../../../firmware/n32h7xx_std_periph_driver/src/n32h7xx_lcdc.c **** }
 4371              		.loc 1 1725 1
 4372 00de 14E0     		b	.L155
 4373              	.L153:
1713:../../../firmware/n32h7xx_std_periph_driver/src/n32h7xx_lcdc.c ****         {
 4374              		.loc 1 1713 11
 4375 00e0 BB68     		ldr	r3, [r7, #8]
 4376 00e2 002B     		cmp	r3, #0
 4377 00e4 11D0     		beq	.L155
1716:../../../firmware/n32h7xx_std_periph_driver/src/n32h7xx_lcdc.c ****             tmpcfbaddr = tmpcfbaddr - (WindowWidth*pixelbyte - 1);
 4378              		.loc 1 1716 24
 4379 00e6 7B68     		ldr	r3, [r7, #4]
 4380 00e8 DB68     		ldr	r3, [r3, #12]
1716:../../../firmware/n32h7xx_std_periph_driver/src/n32h7xx_lcdc.c ****             tmpcfbaddr = tmpcfbaddr - (WindowWidth*pixelbyte - 1);
 4381              		.loc 1 1716 32
 4382 00ea 23F48072 		bic	r2, r3, #256
 4383 00ee 7B68     		ldr	r3, [r7, #4]
 4384 00f0 DA60     		str	r2, [r3, #12]
1717:../../../firmware/n32h7xx_std_periph_driver/src/n32h7xx_lcdc.c ****             LCDC_Layerx->CFBADDR = tmpcfbaddr;
 4385              		.loc 1 1717 51
 4386 00f2 FB89     		ldrh	r3, [r7, #14]
 4387 00f4 FA8B     		ldrh	r2, [r7, #30]
 4388 00f6 02FB03F3 		mul	r3, r2, r3
1717:../../../firmware/n32h7xx_std_periph_driver/src/n32h7xx_lcdc.c ****             LCDC_Layerx->CFBADDR = tmpcfbaddr;
 4389              		.loc 1 1717 37
 4390 00fa 1A46     		mov	r2, r3
 4391 00fc 7B69     		ldr	r3, [r7, #20]
 4392 00fe 9B1A     		subs	r3, r3, r2
1717:../../../firmware/n32h7xx_std_periph_driver/src/n32h7xx_lcdc.c ****             LCDC_Layerx->CFBADDR = tmpcfbaddr;
 4393              		.loc 1 1717 24
 4394 0100 0133     		adds	r3, r3, #1
 4395 0102 7B61     		str	r3, [r7, #20]
1718:../../../firmware/n32h7xx_std_periph_driver/src/n32h7xx_lcdc.c ****         }
 4396              		.loc 1 1718 34
 4397 0104 7B68     		ldr	r3, [r7, #4]
ARM GAS  /tmp/cc9q7jXo.s 			page 108


 4398 0106 7A69     		ldr	r2, [r7, #20]
 4399 0108 5A63     		str	r2, [r3, #52]
 4400              	.L155:
 4401              		.loc 1 1725 1
 4402 010a 00BF     		nop
 4403 010c 2437     		adds	r7, r7, #36
 4404              	.LCFI232:
 4405              		.cfi_def_cfa_offset 4
 4406 010e BD46     		mov	sp, r7
 4407              	.LCFI233:
 4408              		.cfi_def_cfa_register 13
 4409              		@ sp needed
 4410 0110 80BC     		pop	{r7}
 4411              	.LCFI234:
 4412              		.cfi_restore 7
 4413              		.cfi_def_cfa_offset 0
 4414 0112 7047     		bx	lr
 4415              		.cfi_endproc
 4416              	.LFE186:
 4418              		.text
 4419              	.Letext0:
 4420              		.file 2 "/usr/lib/gcc/arm-none-eabi/13.2.1/include/stdint.h"
 4421              		.file 3 "../../../firmware/CMSIS/device/n32h7xx.h"
 4422              		.file 4 "../../../firmware/n32h7xx_std_periph_driver/inc/n32h7xx_lcdc.h"
 4423              		.file 5 "../../../firmware/n32h7xx_std_periph_driver/inc/n32h7xx_rcc.h"
ARM GAS  /tmp/cc9q7jXo.s 			page 109


DEFINED SYMBOLS
                            *ABS*:00000000 n32h7xx_lcdc.c
     /tmp/cc9q7jXo.s:19     .text.LCDC_DeInit:00000000 $t
     /tmp/cc9q7jXo.s:25     .text.LCDC_DeInit:00000000 LCDC_DeInit
     /tmp/cc9q7jXo.s:49     .text.LCDC_Init:00000000 $t
     /tmp/cc9q7jXo.s:55     .text.LCDC_Init:00000000 LCDC_Init
     /tmp/cc9q7jXo.s:217    .text.LCDC_Init:000000b0 $d
     /tmp/cc9q7jXo.s:222    .text.LCDC_StructInit:00000000 $t
     /tmp/cc9q7jXo.s:228    .text.LCDC_StructInit:00000000 LCDC_StructInit
     /tmp/cc9q7jXo.s:324    .text.LCDC_Enable:00000000 $t
     /tmp/cc9q7jXo.s:330    .text.LCDC_Enable:00000000 LCDC_Enable
     /tmp/cc9q7jXo.s:388    .text.LCDC_Enable:00000034 $d
     /tmp/cc9q7jXo.s:393    .text.LCDC_DitherEnable:00000000 $t
     /tmp/cc9q7jXo.s:399    .text.LCDC_DitherEnable:00000000 LCDC_DitherEnable
     /tmp/cc9q7jXo.s:457    .text.LCDC_DitherEnable:00000034 $d
     /tmp/cc9q7jXo.s:462    .text.LCDC_GetDitherWidth:00000000 $t
     /tmp/cc9q7jXo.s:468    .text.LCDC_GetDitherWidth:00000000 LCDC_GetDitherWidth
     /tmp/cc9q7jXo.s:546    .text.LCDC_GetDitherWidth:00000054 $d
     /tmp/cc9q7jXo.s:552    .text.LCDC_DitherStructInit:00000000 $t
     /tmp/cc9q7jXo.s:558    .text.LCDC_DitherStructInit:00000000 LCDC_DitherStructInit
     /tmp/cc9q7jXo.s:606    .text.LCDC_LINTPConfig:00000000 $t
     /tmp/cc9q7jXo.s:612    .text.LCDC_LINTPConfig:00000000 LCDC_LINTPConfig
     /tmp/cc9q7jXo.s:652    .text.LCDC_LINTPConfig:00000018 $d
     /tmp/cc9q7jXo.s:657    .text.LCDC_ReloadConfig:00000000 $t
     /tmp/cc9q7jXo.s:663    .text.LCDC_ReloadConfig:00000000 LCDC_ReloadConfig
     /tmp/cc9q7jXo.s:703    .text.LCDC_ReloadConfig:00000018 $d
     /tmp/cc9q7jXo.s:708    .text.LCDC_LayerReloadConfig:00000000 $t
     /tmp/cc9q7jXo.s:714    .text.LCDC_LayerReloadConfig:00000000 LCDC_LayerReloadConfig
     /tmp/cc9q7jXo.s:755    .text.LCDC_LayerInit:00000000 $t
     /tmp/cc9q7jXo.s:761    .text.LCDC_LayerInit:00000000 LCDC_LayerInit
     /tmp/cc9q7jXo.s:1254   .text.LCDC_LayerInit:000002c8 $d
     /tmp/cc9q7jXo.s:1266   .text.LCDC_LayerStructInit:00000000 $t
     /tmp/cc9q7jXo.s:1272   .text.LCDC_LayerStructInit:00000000 LCDC_LayerStructInit
     /tmp/cc9q7jXo.s:1388   .text.LCDC_LayerEnable:00000000 $t
     /tmp/cc9q7jXo.s:1394   .text.LCDC_LayerEnable:00000000 LCDC_LayerEnable
     /tmp/cc9q7jXo.s:1454   .text.LCDC_GetPosStatus:00000000 $t
     /tmp/cc9q7jXo.s:1460   .text.LCDC_GetPosStatus:00000000 LCDC_GetPosStatus
     /tmp/cc9q7jXo.s:1522   .text.LCDC_GetPosStatus:0000003c $d
     /tmp/cc9q7jXo.s:1527   .text.LCDC_PosStructInit:00000000 $t
     /tmp/cc9q7jXo.s:1533   .text.LCDC_PosStructInit:00000000 LCDC_PosStructInit
     /tmp/cc9q7jXo.s:1577   .text.LCDC_GetCDStatus:00000000 $t
     /tmp/cc9q7jXo.s:1583   .text.LCDC_GetCDStatus:00000000 LCDC_GetCDStatus
     /tmp/cc9q7jXo.s:1638   .text.LCDC_GetCDStatus:0000002c $d
     /tmp/cc9q7jXo.s:1643   .text.LCDC_LayerColorKeyingConfig:00000000 $t
     /tmp/cc9q7jXo.s:1649   .text.LCDC_LayerColorKeyingConfig:00000000 LCDC_LayerColorKeyingConfig
     /tmp/cc9q7jXo.s:1743   .text.LCDC_LayerColorKeyingStructInit:00000000 $t
     /tmp/cc9q7jXo.s:1749   .text.LCDC_LayerColorKeyingStructInit:00000000 LCDC_LayerColorKeyingStructInit
     /tmp/cc9q7jXo.s:1797   .text.LCDC_LayerCLUTEnable:00000000 $t
     /tmp/cc9q7jXo.s:1803   .text.LCDC_LayerCLUTEnable:00000000 LCDC_LayerCLUTEnable
     /tmp/cc9q7jXo.s:1863   .text.LCDC_LayerCLUTInit:00000000 $t
     /tmp/cc9q7jXo.s:1869   .text.LCDC_LayerCLUTInit:00000000 LCDC_LayerCLUTInit
     /tmp/cc9q7jXo.s:1942   .text.LCDC_LayerCLUTStructInit:00000000 $t
     /tmp/cc9q7jXo.s:1948   .text.LCDC_LayerCLUTStructInit:00000000 LCDC_LayerCLUTStructInit
     /tmp/cc9q7jXo.s:2000   .text.LCDC_LayerPosition:00000000 $t
     /tmp/cc9q7jXo.s:2006   .text.LCDC_LayerPosition:00000000 LCDC_LayerPosition
     /tmp/cc9q7jXo.s:2208   .text.LCDC_LayerPosition:00000114 $d
     /tmp/cc9q7jXo.s:2213   .text.LCDC_LayerAlpha:00000000 $t
ARM GAS  /tmp/cc9q7jXo.s 			page 110


     /tmp/cc9q7jXo.s:2219   .text.LCDC_LayerAlpha:00000000 LCDC_LayerAlpha
     /tmp/cc9q7jXo.s:2261   .text.LCDC_LayerAddress:00000000 $t
     /tmp/cc9q7jXo.s:2267   .text.LCDC_LayerAddress:00000000 LCDC_LayerAddress
     /tmp/cc9q7jXo.s:2308   .text.LCDC_LayerSize:00000000 $t
     /tmp/cc9q7jXo.s:2314   .text.LCDC_LayerSize:00000000 LCDC_LayerSize
     /tmp/cc9q7jXo.s:2498   .text.LCDC_LayerPixelFormat:00000000 $t
     /tmp/cc9q7jXo.s:2504   .text.LCDC_LayerPixelFormat:00000000 LCDC_LayerPixelFormat
     /tmp/cc9q7jXo.s:2724   .text.LCDC_ConfigInt:00000000 $t
     /tmp/cc9q7jXo.s:2730   .text.LCDC_ConfigInt:00000000 LCDC_ConfigInt
     /tmp/cc9q7jXo.s:2794   .text.LCDC_ConfigInt:00000038 $d
     /tmp/cc9q7jXo.s:2799   .text.LCDC_GetFlagStatus:00000000 $t
     /tmp/cc9q7jXo.s:2805   .text.LCDC_GetFlagStatus:00000000 LCDC_GetFlagStatus
     /tmp/cc9q7jXo.s:2860   .text.LCDC_GetFlagStatus:0000002c $d
     /tmp/cc9q7jXo.s:2865   .text.LCDC_ClearFlag:00000000 $t
     /tmp/cc9q7jXo.s:2871   .text.LCDC_ClearFlag:00000000 LCDC_ClearFlag
     /tmp/cc9q7jXo.s:2911   .text.LCDC_ClearFlag:00000018 $d
     /tmp/cc9q7jXo.s:2916   .text.LCDC_GetIntStatus:00000000 $t
     /tmp/cc9q7jXo.s:2922   .text.LCDC_GetIntStatus:00000000 LCDC_GetIntStatus
     /tmp/cc9q7jXo.s:2999   .text.LCDC_GetIntStatus:00000048 $d
     /tmp/cc9q7jXo.s:3004   .text.LCDC_ClrIntPendingBit:00000000 $t
     /tmp/cc9q7jXo.s:3010   .text.LCDC_ClrIntPendingBit:00000000 LCDC_ClrIntPendingBit
     /tmp/cc9q7jXo.s:3050   .text.LCDC_ClrIntPendingBit:00000018 $d
     /tmp/cc9q7jXo.s:3055   .text.LCDC_LayerYUVEnable:00000000 $t
     /tmp/cc9q7jXo.s:3061   .text.LCDC_LayerYUVEnable:00000000 LCDC_LayerYUVEnable
     /tmp/cc9q7jXo.s:3121   .text.LCDC_LayerYHeadroomEnable:00000000 $t
     /tmp/cc9q7jXo.s:3127   .text.LCDC_LayerYHeadroomEnable:00000000 LCDC_LayerYHeadroomEnable
     /tmp/cc9q7jXo.s:3187   .text.LCDC_LayerWindow:00000000 $t
     /tmp/cc9q7jXo.s:3193   .text.LCDC_LayerWindow:00000000 LCDC_LayerWindow
     /tmp/cc9q7jXo.s:3297   .text.LCDC_LayerWindow:00000068 $d
     /tmp/cc9q7jXo.s:3302   .text.LCDC_LayerWindowStructInit:00000000 $t
     /tmp/cc9q7jXo.s:3308   .text.LCDC_LayerWindowStructInit:00000000 LCDC_LayerWindowStructInit
     /tmp/cc9q7jXo.s:3360   .text.LCDC_LayerScalerStructInit:00000000 $t
     /tmp/cc9q7jXo.s:3366   .text.LCDC_LayerScalerStructInit:00000000 LCDC_LayerScalerStructInit
     /tmp/cc9q7jXo.s:3431   .text.LCDC_LayerScaler:00000000 $t
     /tmp/cc9q7jXo.s:3437   .text.LCDC_LayerScaler:00000000 LCDC_LayerScaler
     /tmp/cc9q7jXo.s:3905   .text.LCDC_LayerScalerEnable:00000000 $t
     /tmp/cc9q7jXo.s:3911   .text.LCDC_LayerScalerEnable:00000000 LCDC_LayerScalerEnable
     /tmp/cc9q7jXo.s:3971   .text.LCDC_LayerRotate180Enable:00000000 $t
     /tmp/cc9q7jXo.s:3977   .text.LCDC_LayerRotate180Enable:00000000 LCDC_LayerRotate180Enable
     /tmp/cc9q7jXo.s:4212   .text.LCDC_LayerHorizontalMirrorEnable:00000000 $t
     /tmp/cc9q7jXo.s:4218   .text.LCDC_LayerHorizontalMirrorEnable:00000000 LCDC_LayerHorizontalMirrorEnable

UNDEFINED SYMBOLS
RCC_EnableAXIPeriphReset2
__aeabi_ui2f
__aeabi_fcmpgt
__aeabi_fdiv
__aeabi_f2uiz
__aeabi_fmul
