ARM GAS  /tmp/ccAqlqeu.s 			page 1


   1              		.cpu cortex-m7
   2              		.arch armv7e-m
   3              		.fpu softvfp
   4              		.eabi_attribute 20, 1
   5              		.eabi_attribute 21, 1
   6              		.eabi_attribute 23, 3
   7              		.eabi_attribute 24, 1
   8              		.eabi_attribute 25, 1
   9              		.eabi_attribute 26, 1
  10              		.eabi_attribute 30, 6
  11              		.eabi_attribute 34, 1
  12              		.eabi_attribute 18, 4
  13              		.file	"n32h7xx_i2s.c"
  14              		.text
  15              	.Ltext0:
  16              		.cfi_sections	.debug_frame
  17              		.file 1 "../../../firmware/n32h7xx_std_periph_driver/src/n32h7xx_i2s.c"
  18              		.section	.text.I2S_InitStruct,"ax",%progbits
  19              		.align	1
  20              		.global	I2S_InitStruct
  21              		.syntax unified
  22              		.thumb
  23              		.thumb_func
  25              	I2S_InitStruct:
  26              	.LFB147:
   1:../../../firmware/n32h7xx_std_periph_driver/src/n32h7xx_i2s.c **** #include "n32h7xx_i2s.h"
   2:../../../firmware/n32h7xx_std_periph_driver/src/n32h7xx_i2s.c **** #include "n32h7xx_spi.h"
   3:../../../firmware/n32h7xx_std_periph_driver/src/n32h7xx_i2s.c **** #include "n32h7xx.h"
   4:../../../firmware/n32h7xx_std_periph_driver/src/n32h7xx_i2s.c **** 
   5:../../../firmware/n32h7xx_std_periph_driver/src/n32h7xx_i2s.c **** 
   6:../../../firmware/n32h7xx_std_periph_driver/src/n32h7xx_i2s.c **** /* SPI registers Masks */
   7:../../../firmware/n32h7xx_std_periph_driver/src/n32h7xx_i2s.c **** #define CTRL1_CLR_MASK  			      ((uint16_t)0xF9F7U)
   8:../../../firmware/n32h7xx_std_periph_driver/src/n32h7xx_i2s.c **** #define I2SCFG_CLR_MASK 			      ((uint16_t)0x05FCU)
   9:../../../firmware/n32h7xx_std_periph_driver/src/n32h7xx_i2s.c **** #define I2SPR_CLEAR_Mask            ((uint16_t)0x0FFFU)
  10:../../../firmware/n32h7xx_std_periph_driver/src/n32h7xx_i2s.c **** 
  11:../../../firmware/n32h7xx_std_periph_driver/src/n32h7xx_i2s.c **** /* SPI or I2S mode selection masks */
  12:../../../firmware/n32h7xx_std_periph_driver/src/n32h7xx_i2s.c **** #define SPI_MODE_ENABLE             ((uint16_t)0xFFFDU)
  13:../../../firmware/n32h7xx_std_periph_driver/src/n32h7xx_i2s.c **** #define I2S_MODE_ENABLE             ((uint16_t)0x0002U)
  14:../../../firmware/n32h7xx_std_periph_driver/src/n32h7xx_i2s.c **** 
  15:../../../firmware/n32h7xx_std_periph_driver/src/n32h7xx_i2s.c **** /* I2S I2SE mask */
  16:../../../firmware/n32h7xx_std_periph_driver/src/n32h7xx_i2s.c **** #define I2SCFG_I2SEN_ENABLE         ((uint16_t)0x0001U)
  17:../../../firmware/n32h7xx_std_periph_driver/src/n32h7xx_i2s.c **** #define I2SCFG_I2SEN_DISABLE        ((uint16_t)0xFFFEU)
  18:../../../firmware/n32h7xx_std_periph_driver/src/n32h7xx_i2s.c **** 
  19:../../../firmware/n32h7xx_std_periph_driver/src/n32h7xx_i2s.c **** 
  20:../../../firmware/n32h7xx_std_periph_driver/src/n32h7xx_i2s.c **** 
  21:../../../firmware/n32h7xx_std_periph_driver/src/n32h7xx_i2s.c **** /**
  22:../../../firmware/n32h7xx_std_periph_driver/src/n32h7xx_i2s.c **** *\*\name    I2S_InitStruct.
  23:../../../firmware/n32h7xx_std_periph_driver/src/n32h7xx_i2s.c **** *\*\fun     Fills each I2S_InitStruct member with its default value.
  24:../../../firmware/n32h7xx_std_periph_driver/src/n32h7xx_i2s.c **** *\*\param   I2S_InitStruct :
  25:../../../firmware/n32h7xx_std_periph_driver/src/n32h7xx_i2s.c **** *\*\          - I2sMode
  26:../../../firmware/n32h7xx_std_periph_driver/src/n32h7xx_i2s.c **** *\*\          - Standard
  27:../../../firmware/n32h7xx_std_periph_driver/src/n32h7xx_i2s.c **** *\*\          - DataFormat
  28:../../../firmware/n32h7xx_std_periph_driver/src/n32h7xx_i2s.c **** *\*\          - MCLKEnable
  29:../../../firmware/n32h7xx_std_periph_driver/src/n32h7xx_i2s.c **** *\*\          - AudioFrequency
  30:../../../firmware/n32h7xx_std_periph_driver/src/n32h7xx_i2s.c **** *\*\          - CLKPOL
  31:../../../firmware/n32h7xx_std_periph_driver/src/n32h7xx_i2s.c **** *\*\return  none
  32:../../../firmware/n32h7xx_std_periph_driver/src/n32h7xx_i2s.c **** **/
ARM GAS  /tmp/ccAqlqeu.s 			page 2


  33:../../../firmware/n32h7xx_std_periph_driver/src/n32h7xx_i2s.c **** void I2S_InitStruct(I2S_InitType* I2S_InitStruct)
  34:../../../firmware/n32h7xx_std_periph_driver/src/n32h7xx_i2s.c **** {
  27              		.loc 1 34 1
  28              		.cfi_startproc
  29              		@ args = 0, pretend = 0, frame = 8
  30              		@ frame_needed = 1, uses_anonymous_args = 0
  31              		@ link register save eliminated.
  32 0000 80B4     		push	{r7}
  33              	.LCFI0:
  34              		.cfi_def_cfa_offset 4
  35              		.cfi_offset 7, -4
  36 0002 83B0     		sub	sp, sp, #12
  37              	.LCFI1:
  38              		.cfi_def_cfa_offset 16
  39 0004 00AF     		add	r7, sp, #0
  40              	.LCFI2:
  41              		.cfi_def_cfa_register 7
  42 0006 7860     		str	r0, [r7, #4]
  35:../../../firmware/n32h7xx_std_periph_driver/src/n32h7xx_i2s.c ****     /*--------------- Reset I2S init structure parameters values -----------------*/
  36:../../../firmware/n32h7xx_std_periph_driver/src/n32h7xx_i2s.c ****     /* Initialize the I2sMode member */
  37:../../../firmware/n32h7xx_std_periph_driver/src/n32h7xx_i2s.c ****     I2S_InitStruct->I2sMode = I2S_MODE_SlAVE_TX;
  43              		.loc 1 37 29
  44 0008 7B68     		ldr	r3, [r7, #4]
  45 000a 0022     		movs	r2, #0
  46 000c 1A80     		strh	r2, [r3]	@ movhi
  38:../../../firmware/n32h7xx_std_periph_driver/src/n32h7xx_i2s.c **** 
  39:../../../firmware/n32h7xx_std_periph_driver/src/n32h7xx_i2s.c ****     /* Initialize the Standard member */
  40:../../../firmware/n32h7xx_std_periph_driver/src/n32h7xx_i2s.c ****     I2S_InitStruct->Standard = I2S_STD_PHILLIPS;
  47              		.loc 1 40 30
  48 000e 7B68     		ldr	r3, [r7, #4]
  49 0010 0022     		movs	r2, #0
  50 0012 5A80     		strh	r2, [r3, #2]	@ movhi
  41:../../../firmware/n32h7xx_std_periph_driver/src/n32h7xx_i2s.c **** 
  42:../../../firmware/n32h7xx_std_periph_driver/src/n32h7xx_i2s.c ****     /* Initialize the DataFormat member */
  43:../../../firmware/n32h7xx_std_periph_driver/src/n32h7xx_i2s.c ****     I2S_InitStruct->DataFormat = I2S_DATA_FMT_16BITS;
  51              		.loc 1 43 32
  52 0014 7B68     		ldr	r3, [r7, #4]
  53 0016 0022     		movs	r2, #0
  54 0018 9A80     		strh	r2, [r3, #4]	@ movhi
  44:../../../firmware/n32h7xx_std_periph_driver/src/n32h7xx_i2s.c **** 
  45:../../../firmware/n32h7xx_std_periph_driver/src/n32h7xx_i2s.c ****     /* Initialize the MCLKEnable member */
  46:../../../firmware/n32h7xx_std_periph_driver/src/n32h7xx_i2s.c ****     I2S_InitStruct->MCLKEnable = I2S_MCLK_DISABLE;
  55              		.loc 1 46 32
  56 001a 7B68     		ldr	r3, [r7, #4]
  57 001c 0022     		movs	r2, #0
  58 001e DA80     		strh	r2, [r3, #6]	@ movhi
  47:../../../firmware/n32h7xx_std_periph_driver/src/n32h7xx_i2s.c **** 
  48:../../../firmware/n32h7xx_std_periph_driver/src/n32h7xx_i2s.c ****     /* Initialize the AudioFrequency member */
  49:../../../firmware/n32h7xx_std_periph_driver/src/n32h7xx_i2s.c ****     I2S_InitStruct->ClkSrcFrequency = I2S_AUDIO_FREQ_DEFAULT;
  59              		.loc 1 49 37
  60 0020 7B68     		ldr	r3, [r7, #4]
  61 0022 0222     		movs	r2, #2
  62 0024 1A61     		str	r2, [r3, #16]
  50:../../../firmware/n32h7xx_std_periph_driver/src/n32h7xx_i2s.c **** 
  51:../../../firmware/n32h7xx_std_periph_driver/src/n32h7xx_i2s.c ****     /* Initialize the CLKPOL member */
  52:../../../firmware/n32h7xx_std_periph_driver/src/n32h7xx_i2s.c ****     I2S_InitStruct->CLKPOL = I2S_CLKPOL_LOW;
  63              		.loc 1 52 28
ARM GAS  /tmp/ccAqlqeu.s 			page 3


  64 0026 7B68     		ldr	r3, [r7, #4]
  65 0028 0022     		movs	r2, #0
  66 002a 9A81     		strh	r2, [r3, #12]	@ movhi
  53:../../../firmware/n32h7xx_std_periph_driver/src/n32h7xx_i2s.c **** }
  67              		.loc 1 53 1
  68 002c 00BF     		nop
  69 002e 0C37     		adds	r7, r7, #12
  70              	.LCFI3:
  71              		.cfi_def_cfa_offset 4
  72 0030 BD46     		mov	sp, r7
  73              	.LCFI4:
  74              		.cfi_def_cfa_register 13
  75              		@ sp needed
  76 0032 80BC     		pop	{r7}
  77              	.LCFI5:
  78              		.cfi_restore 7
  79              		.cfi_def_cfa_offset 0
  80 0034 7047     		bx	lr
  81              		.cfi_endproc
  82              	.LFE147:
  84              		.section	.text.I2S_SPIModeSelect,"ax",%progbits
  85              		.align	1
  86              		.global	I2S_SPIModeSelect
  87              		.syntax unified
  88              		.thumb
  89              		.thumb_func
  91              	I2S_SPIModeSelect:
  92              	.LFB148:
  54:../../../firmware/n32h7xx_std_periph_driver/src/n32h7xx_i2s.c **** 
  55:../../../firmware/n32h7xx_std_periph_driver/src/n32h7xx_i2s.c **** 
  56:../../../firmware/n32h7xx_std_periph_driver/src/n32h7xx_i2s.c **** /**
  57:../../../firmware/n32h7xx_std_periph_driver/src/n32h7xx_i2s.c **** *\*\name    I2S_Mode_Select.
  58:../../../firmware/n32h7xx_std_periph_driver/src/n32h7xx_i2s.c **** *\*\fun     Select working on SPI mode or I2S mode.
  59:../../../firmware/n32h7xx_std_periph_driver/src/n32h7xx_i2s.c **** *\*\param   I2Sx :
  60:../../../firmware/n32h7xx_std_periph_driver/src/n32h7xx_i2s.c **** *\*\          - I2S1
  61:../../../firmware/n32h7xx_std_periph_driver/src/n32h7xx_i2s.c **** *\*\          - I2S2
  62:../../../firmware/n32h7xx_std_periph_driver/src/n32h7xx_i2s.c **** *\*\          - I2S3
  63:../../../firmware/n32h7xx_std_periph_driver/src/n32h7xx_i2s.c **** *\*\          - I2S4
  64:../../../firmware/n32h7xx_std_periph_driver/src/n32h7xx_i2s.c **** *\*\param   Mode :
  65:../../../firmware/n32h7xx_std_periph_driver/src/n32h7xx_i2s.c **** *\*\          - SEL_SPI_Mode
  66:../../../firmware/n32h7xx_std_periph_driver/src/n32h7xx_i2s.c **** *\*\          - SEL_I2S_Mode
  67:../../../firmware/n32h7xx_std_periph_driver/src/n32h7xx_i2s.c **** *\*\return  none
  68:../../../firmware/n32h7xx_std_periph_driver/src/n32h7xx_i2s.c **** *\*\note    Must be used with I2S or SPI OFF.
  69:../../../firmware/n32h7xx_std_periph_driver/src/n32h7xx_i2s.c **** **/
  70:../../../firmware/n32h7xx_std_periph_driver/src/n32h7xx_i2s.c **** void I2S_SPIModeSelect(I2S_Module* I2Sx, uint16_t Mode)
  71:../../../firmware/n32h7xx_std_periph_driver/src/n32h7xx_i2s.c **** {
  93              		.loc 1 71 1
  94              		.cfi_startproc
  95              		@ args = 0, pretend = 0, frame = 8
  96              		@ frame_needed = 1, uses_anonymous_args = 0
  97              		@ link register save eliminated.
  98 0000 80B4     		push	{r7}
  99              	.LCFI6:
 100              		.cfi_def_cfa_offset 4
 101              		.cfi_offset 7, -4
 102 0002 83B0     		sub	sp, sp, #12
 103              	.LCFI7:
ARM GAS  /tmp/ccAqlqeu.s 			page 4


 104              		.cfi_def_cfa_offset 16
 105 0004 00AF     		add	r7, sp, #0
 106              	.LCFI8:
 107              		.cfi_def_cfa_register 7
 108 0006 7860     		str	r0, [r7, #4]
 109 0008 0B46     		mov	r3, r1
 110 000a 7B80     		strh	r3, [r7, #2]	@ movhi
  72:../../../firmware/n32h7xx_std_periph_driver/src/n32h7xx_i2s.c ****     /* Clear MODSEL bit */
  73:../../../firmware/n32h7xx_std_periph_driver/src/n32h7xx_i2s.c ****     I2Sx->I2SCFGR &= I2S_MODE_MASK;
 111              		.loc 1 73 9
 112 000c 7B68     		ldr	r3, [r7, #4]
 113 000e 9B8B     		ldrh	r3, [r3, #28]	@ movhi
 114 0010 9BB2     		uxth	r3, r3
 115              		.loc 1 73 19
 116 0012 03F03003 		and	r3, r3, #48
 117 0016 9AB2     		uxth	r2, r3
 118 0018 7B68     		ldr	r3, [r7, #4]
 119 001a 9A83     		strh	r2, [r3, #28]	@ movhi
  74:../../../firmware/n32h7xx_std_periph_driver/src/n32h7xx_i2s.c ****     /* Select the mode */
  75:../../../firmware/n32h7xx_std_periph_driver/src/n32h7xx_i2s.c ****     I2Sx->I2SCFGR |= Mode;
 120              		.loc 1 75 9
 121 001c 7B68     		ldr	r3, [r7, #4]
 122 001e 9B8B     		ldrh	r3, [r3, #28]	@ movhi
 123 0020 9AB2     		uxth	r2, r3
 124              		.loc 1 75 19
 125 0022 7B88     		ldrh	r3, [r7, #2]	@ movhi
 126 0024 1343     		orrs	r3, r3, r2
 127 0026 9AB2     		uxth	r2, r3
 128 0028 7B68     		ldr	r3, [r7, #4]
 129 002a 9A83     		strh	r2, [r3, #28]	@ movhi
  76:../../../firmware/n32h7xx_std_periph_driver/src/n32h7xx_i2s.c **** }
 130              		.loc 1 76 1
 131 002c 00BF     		nop
 132 002e 0C37     		adds	r7, r7, #12
 133              	.LCFI9:
 134              		.cfi_def_cfa_offset 4
 135 0030 BD46     		mov	sp, r7
 136              	.LCFI10:
 137              		.cfi_def_cfa_register 13
 138              		@ sp needed
 139 0032 80BC     		pop	{r7}
 140              	.LCFI11:
 141              		.cfi_restore 7
 142              		.cfi_def_cfa_offset 0
 143 0034 7047     		bx	lr
 144              		.cfi_endproc
 145              	.LFE148:
 147              		.section	.text.I2S_ModeConfig,"ax",%progbits
 148              		.align	1
 149              		.global	I2S_ModeConfig
 150              		.syntax unified
 151              		.thumb
 152              		.thumb_func
 154              	I2S_ModeConfig:
 155              	.LFB149:
  77:../../../firmware/n32h7xx_std_periph_driver/src/n32h7xx_i2s.c **** 
  78:../../../firmware/n32h7xx_std_periph_driver/src/n32h7xx_i2s.c **** /**
ARM GAS  /tmp/ccAqlqeu.s 			page 5


  79:../../../firmware/n32h7xx_std_periph_driver/src/n32h7xx_i2s.c **** *\*\name    I2S_Mode_Config.
  80:../../../firmware/n32h7xx_std_periph_driver/src/n32h7xx_i2s.c **** *\*\fun     Config the I2s I2sMode.
  81:../../../firmware/n32h7xx_std_periph_driver/src/n32h7xx_i2s.c **** *\*\param   I2Sx :
  82:../../../firmware/n32h7xx_std_periph_driver/src/n32h7xx_i2s.c **** *\*\          - I2S1
  83:../../../firmware/n32h7xx_std_periph_driver/src/n32h7xx_i2s.c **** *\*\          - I2S2
  84:../../../firmware/n32h7xx_std_periph_driver/src/n32h7xx_i2s.c **** *\*\          - I2S3
  85:../../../firmware/n32h7xx_std_periph_driver/src/n32h7xx_i2s.c **** *\*\          - I2S4
  86:../../../firmware/n32h7xx_std_periph_driver/src/n32h7xx_i2s.c **** *\*\param   I2sMode :
  87:../../../firmware/n32h7xx_std_periph_driver/src/n32h7xx_i2s.c **** *\*\          - I2S_MODE_SlAVE_TX
  88:../../../firmware/n32h7xx_std_periph_driver/src/n32h7xx_i2s.c **** *\*\          - I2S_MODE_SlAVE_RX
  89:../../../firmware/n32h7xx_std_periph_driver/src/n32h7xx_i2s.c **** *\*\          - I2S_MODE_MASTER_TX
  90:../../../firmware/n32h7xx_std_periph_driver/src/n32h7xx_i2s.c **** *\*\          - I2S_MODE_MASTER_RX
  91:../../../firmware/n32h7xx_std_periph_driver/src/n32h7xx_i2s.c **** *\*\return  none
  92:../../../firmware/n32h7xx_std_periph_driver/src/n32h7xx_i2s.c **** *\*\note    Must be used with I2S OFF.
  93:../../../firmware/n32h7xx_std_periph_driver/src/n32h7xx_i2s.c **** **/
  94:../../../firmware/n32h7xx_std_periph_driver/src/n32h7xx_i2s.c **** void I2S_ModeConfig(I2S_Module* I2Sx, uint16_t I2sMode)
  95:../../../firmware/n32h7xx_std_periph_driver/src/n32h7xx_i2s.c **** {
 156              		.loc 1 95 1
 157              		.cfi_startproc
 158              		@ args = 0, pretend = 0, frame = 8
 159              		@ frame_needed = 1, uses_anonymous_args = 0
 160              		@ link register save eliminated.
 161 0000 80B4     		push	{r7}
 162              	.LCFI12:
 163              		.cfi_def_cfa_offset 4
 164              		.cfi_offset 7, -4
 165 0002 83B0     		sub	sp, sp, #12
 166              	.LCFI13:
 167              		.cfi_def_cfa_offset 16
 168 0004 00AF     		add	r7, sp, #0
 169              	.LCFI14:
 170              		.cfi_def_cfa_register 7
 171 0006 7860     		str	r0, [r7, #4]
 172 0008 0B46     		mov	r3, r1
 173 000a 7B80     		strh	r3, [r7, #2]	@ movhi
  96:../../../firmware/n32h7xx_std_periph_driver/src/n32h7xx_i2s.c ****     /* Clear SPI_I2SCFGR MODCFG bits */
  97:../../../firmware/n32h7xx_std_periph_driver/src/n32h7xx_i2s.c ****     I2Sx->I2SCFGR &= I2S_MODE_MASK;
 174              		.loc 1 97 9
 175 000c 7B68     		ldr	r3, [r7, #4]
 176 000e 9B8B     		ldrh	r3, [r3, #28]	@ movhi
 177 0010 9BB2     		uxth	r3, r3
 178              		.loc 1 97 19
 179 0012 03F03003 		and	r3, r3, #48
 180 0016 9AB2     		uxth	r2, r3
 181 0018 7B68     		ldr	r3, [r7, #4]
 182 001a 9A83     		strh	r2, [r3, #28]	@ movhi
  98:../../../firmware/n32h7xx_std_periph_driver/src/n32h7xx_i2s.c ****     /* Set SPI_I2SCFGR MODCFG bits */
  99:../../../firmware/n32h7xx_std_periph_driver/src/n32h7xx_i2s.c ****     I2Sx->I2SCFGR |= I2sMode;
 183              		.loc 1 99 9
 184 001c 7B68     		ldr	r3, [r7, #4]
 185 001e 9B8B     		ldrh	r3, [r3, #28]	@ movhi
 186 0020 9AB2     		uxth	r2, r3
 187              		.loc 1 99 19
 188 0022 7B88     		ldrh	r3, [r7, #2]	@ movhi
 189 0024 1343     		orrs	r3, r3, r2
 190 0026 9AB2     		uxth	r2, r3
 191 0028 7B68     		ldr	r3, [r7, #4]
ARM GAS  /tmp/ccAqlqeu.s 			page 6


 192 002a 9A83     		strh	r2, [r3, #28]	@ movhi
 100:../../../firmware/n32h7xx_std_periph_driver/src/n32h7xx_i2s.c **** }
 193              		.loc 1 100 1
 194 002c 00BF     		nop
 195 002e 0C37     		adds	r7, r7, #12
 196              	.LCFI15:
 197              		.cfi_def_cfa_offset 4
 198 0030 BD46     		mov	sp, r7
 199              	.LCFI16:
 200              		.cfi_def_cfa_register 13
 201              		@ sp needed
 202 0032 80BC     		pop	{r7}
 203              	.LCFI17:
 204              		.cfi_restore 7
 205              		.cfi_def_cfa_offset 0
 206 0034 7047     		bx	lr
 207              		.cfi_endproc
 208              	.LFE149:
 210              		.section	.text.I2S_StandardConfig,"ax",%progbits
 211              		.align	1
 212              		.global	I2S_StandardConfig
 213              		.syntax unified
 214              		.thumb
 215              		.thumb_func
 217              	I2S_StandardConfig:
 218              	.LFB150:
 101:../../../firmware/n32h7xx_std_periph_driver/src/n32h7xx_i2s.c **** 
 102:../../../firmware/n32h7xx_std_periph_driver/src/n32h7xx_i2s.c **** /**
 103:../../../firmware/n32h7xx_std_periph_driver/src/n32h7xx_i2s.c **** *\*\name    I2S_Standard_Config.
 104:../../../firmware/n32h7xx_std_periph_driver/src/n32h7xx_i2s.c **** *\*\fun     Config the I2s Standard.
 105:../../../firmware/n32h7xx_std_periph_driver/src/n32h7xx_i2s.c **** *\*\param   I2Sx :
 106:../../../firmware/n32h7xx_std_periph_driver/src/n32h7xx_i2s.c **** *\*\          - I2S1
 107:../../../firmware/n32h7xx_std_periph_driver/src/n32h7xx_i2s.c **** *\*\          - I2S2
 108:../../../firmware/n32h7xx_std_periph_driver/src/n32h7xx_i2s.c **** *\*\          - I2S3
 109:../../../firmware/n32h7xx_std_periph_driver/src/n32h7xx_i2s.c **** *\*\          - I2S4
 110:../../../firmware/n32h7xx_std_periph_driver/src/n32h7xx_i2s.c **** *\*\param   I2sMode :
 111:../../../firmware/n32h7xx_std_periph_driver/src/n32h7xx_i2s.c **** *\*\          - I2S_STD_PHILLIPS
 112:../../../firmware/n32h7xx_std_periph_driver/src/n32h7xx_i2s.c **** *\*\          - I2S_STD_MSB_ALIGN
 113:../../../firmware/n32h7xx_std_periph_driver/src/n32h7xx_i2s.c **** *\*\          - I2S_STD_LSB_ALIGN
 114:../../../firmware/n32h7xx_std_periph_driver/src/n32h7xx_i2s.c **** *\*\          - I2S_STD_PCM_SHORTFRAME
 115:../../../firmware/n32h7xx_std_periph_driver/src/n32h7xx_i2s.c **** *\*\          - I2S_STD_PCM_LONGFRAME
 116:../../../firmware/n32h7xx_std_periph_driver/src/n32h7xx_i2s.c **** *\*\return  none
 117:../../../firmware/n32h7xx_std_periph_driver/src/n32h7xx_i2s.c **** **/
 118:../../../firmware/n32h7xx_std_periph_driver/src/n32h7xx_i2s.c **** void I2S_StandardConfig(I2S_Module* I2Sx, uint16_t Standard)
 119:../../../firmware/n32h7xx_std_periph_driver/src/n32h7xx_i2s.c **** {
 219              		.loc 1 119 1
 220              		.cfi_startproc
 221              		@ args = 0, pretend = 0, frame = 8
 222              		@ frame_needed = 1, uses_anonymous_args = 0
 223              		@ link register save eliminated.
 224 0000 80B4     		push	{r7}
 225              	.LCFI18:
 226              		.cfi_def_cfa_offset 4
 227              		.cfi_offset 7, -4
 228 0002 83B0     		sub	sp, sp, #12
 229              	.LCFI19:
 230              		.cfi_def_cfa_offset 16
ARM GAS  /tmp/ccAqlqeu.s 			page 7


 231 0004 00AF     		add	r7, sp, #0
 232              	.LCFI20:
 233              		.cfi_def_cfa_register 7
 234 0006 7860     		str	r0, [r7, #4]
 235 0008 0B46     		mov	r3, r1
 236 000a 7B80     		strh	r3, [r7, #2]	@ movhi
 120:../../../firmware/n32h7xx_std_periph_driver/src/n32h7xx_i2s.c ****     /* Clear SPI_I2SCFGR STDSEL and PCMFSYNC bit */
 121:../../../firmware/n32h7xx_std_periph_driver/src/n32h7xx_i2s.c ****     I2Sx->I2SCFGR &= I2S_STANDARD_MASK;
 237              		.loc 1 121 9
 238 000c 7B68     		ldr	r3, [r7, #4]
 239 000e 9B8B     		ldrh	r3, [r3, #28]	@ movhi
 240 0010 9BB2     		uxth	r3, r3
 241              		.loc 1 121 19
 242 0012 03F00C03 		and	r3, r3, #12
 243 0016 9AB2     		uxth	r2, r3
 244 0018 7B68     		ldr	r3, [r7, #4]
 245 001a 9A83     		strh	r2, [r3, #28]	@ movhi
 122:../../../firmware/n32h7xx_std_periph_driver/src/n32h7xx_i2s.c ****     /* Set SPI_I2SCFGR STDSEL and PCMFSYNC bit */
 123:../../../firmware/n32h7xx_std_periph_driver/src/n32h7xx_i2s.c ****     I2Sx->I2SCFGR |= Standard;
 246              		.loc 1 123 9
 247 001c 7B68     		ldr	r3, [r7, #4]
 248 001e 9B8B     		ldrh	r3, [r3, #28]	@ movhi
 249 0020 9AB2     		uxth	r2, r3
 250              		.loc 1 123 19
 251 0022 7B88     		ldrh	r3, [r7, #2]	@ movhi
 252 0024 1343     		orrs	r3, r3, r2
 253 0026 9AB2     		uxth	r2, r3
 254 0028 7B68     		ldr	r3, [r7, #4]
 255 002a 9A83     		strh	r2, [r3, #28]	@ movhi
 124:../../../firmware/n32h7xx_std_periph_driver/src/n32h7xx_i2s.c **** }
 256              		.loc 1 124 1
 257 002c 00BF     		nop
 258 002e 0C37     		adds	r7, r7, #12
 259              	.LCFI21:
 260              		.cfi_def_cfa_offset 4
 261 0030 BD46     		mov	sp, r7
 262              	.LCFI22:
 263              		.cfi_def_cfa_register 13
 264              		@ sp needed
 265 0032 80BC     		pop	{r7}
 266              	.LCFI23:
 267              		.cfi_restore 7
 268              		.cfi_def_cfa_offset 0
 269 0034 7047     		bx	lr
 270              		.cfi_endproc
 271              	.LFE150:
 273              		.section	.text.I2S_DataFormatConfig,"ax",%progbits
 274              		.align	1
 275              		.global	I2S_DataFormatConfig
 276              		.syntax unified
 277              		.thumb
 278              		.thumb_func
 280              	I2S_DataFormatConfig:
 281              	.LFB151:
 125:../../../firmware/n32h7xx_std_periph_driver/src/n32h7xx_i2s.c **** 
 126:../../../firmware/n32h7xx_std_periph_driver/src/n32h7xx_i2s.c **** /**
 127:../../../firmware/n32h7xx_std_periph_driver/src/n32h7xx_i2s.c **** *\*\name    I2S_DataFormat_Config.
ARM GAS  /tmp/ccAqlqeu.s 			page 8


 128:../../../firmware/n32h7xx_std_periph_driver/src/n32h7xx_i2s.c **** *\*\fun     Config the I2s DataFormat.
 129:../../../firmware/n32h7xx_std_periph_driver/src/n32h7xx_i2s.c **** *\*\param   I2Sx :
 130:../../../firmware/n32h7xx_std_periph_driver/src/n32h7xx_i2s.c **** *\*\          - I2S1
 131:../../../firmware/n32h7xx_std_periph_driver/src/n32h7xx_i2s.c **** *\*\          - I2S2
 132:../../../firmware/n32h7xx_std_periph_driver/src/n32h7xx_i2s.c **** *\*\          - I2S3
 133:../../../firmware/n32h7xx_std_periph_driver/src/n32h7xx_i2s.c **** *\*\          - I2S4
 134:../../../firmware/n32h7xx_std_periph_driver/src/n32h7xx_i2s.c **** *\*\param   DataFormat :
 135:../../../firmware/n32h7xx_std_periph_driver/src/n32h7xx_i2s.c **** *\*\          - I2S_DATA_FMT_16BITS
 136:../../../firmware/n32h7xx_std_periph_driver/src/n32h7xx_i2s.c **** *\*\          - I2S_DATA_FMT_16BITS_EXTENDED
 137:../../../firmware/n32h7xx_std_periph_driver/src/n32h7xx_i2s.c **** *\*\          - I2S_DATA_FMT_24BITS
 138:../../../firmware/n32h7xx_std_periph_driver/src/n32h7xx_i2s.c **** *\*\          - I2S_DATA_FMT_32BITS
 139:../../../firmware/n32h7xx_std_periph_driver/src/n32h7xx_i2s.c **** *\*\return  none
 140:../../../firmware/n32h7xx_std_periph_driver/src/n32h7xx_i2s.c **** **/
 141:../../../firmware/n32h7xx_std_periph_driver/src/n32h7xx_i2s.c **** void I2S_DataFormatConfig(I2S_Module* I2Sx, uint16_t DataFormat)
 142:../../../firmware/n32h7xx_std_periph_driver/src/n32h7xx_i2s.c **** {
 282              		.loc 1 142 1
 283              		.cfi_startproc
 284              		@ args = 0, pretend = 0, frame = 8
 285              		@ frame_needed = 1, uses_anonymous_args = 0
 286              		@ link register save eliminated.
 287 0000 80B4     		push	{r7}
 288              	.LCFI24:
 289              		.cfi_def_cfa_offset 4
 290              		.cfi_offset 7, -4
 291 0002 83B0     		sub	sp, sp, #12
 292              	.LCFI25:
 293              		.cfi_def_cfa_offset 16
 294 0004 00AF     		add	r7, sp, #0
 295              	.LCFI26:
 296              		.cfi_def_cfa_register 7
 297 0006 7860     		str	r0, [r7, #4]
 298 0008 0B46     		mov	r3, r1
 299 000a 7B80     		strh	r3, [r7, #2]	@ movhi
 143:../../../firmware/n32h7xx_std_periph_driver/src/n32h7xx_i2s.c ****     /* Clear SPI_I2SCFGR CHBITS and TDATLEN bit */
 144:../../../firmware/n32h7xx_std_periph_driver/src/n32h7xx_i2s.c ****     I2Sx->I2SCFGR &= I2S_DATA_FORMAT_MASK;
 300              		.loc 1 144 9
 301 000c 7B68     		ldr	r3, [r7, #4]
 302 000e 9B8B     		ldrh	r3, [r3, #28]	@ movhi
 303 0010 9BB2     		uxth	r3, r3
 304              		.loc 1 144 19
 305 0012 23F4E073 		bic	r3, r3, #448
 306 0016 9AB2     		uxth	r2, r3
 307 0018 7B68     		ldr	r3, [r7, #4]
 308 001a 9A83     		strh	r2, [r3, #28]	@ movhi
 145:../../../firmware/n32h7xx_std_periph_driver/src/n32h7xx_i2s.c ****     /* Set SPI_I2SCFGR CHBITS and TDATLEN bit */
 146:../../../firmware/n32h7xx_std_periph_driver/src/n32h7xx_i2s.c ****     I2Sx->I2SCFGR |= DataFormat;
 309              		.loc 1 146 9
 310 001c 7B68     		ldr	r3, [r7, #4]
 311 001e 9B8B     		ldrh	r3, [r3, #28]	@ movhi
 312 0020 9AB2     		uxth	r2, r3
 313              		.loc 1 146 19
 314 0022 7B88     		ldrh	r3, [r7, #2]	@ movhi
 315 0024 1343     		orrs	r3, r3, r2
 316 0026 9AB2     		uxth	r2, r3
 317 0028 7B68     		ldr	r3, [r7, #4]
 318 002a 9A83     		strh	r2, [r3, #28]	@ movhi
 147:../../../firmware/n32h7xx_std_periph_driver/src/n32h7xx_i2s.c **** }
ARM GAS  /tmp/ccAqlqeu.s 			page 9


 319              		.loc 1 147 1
 320 002c 00BF     		nop
 321 002e 0C37     		adds	r7, r7, #12
 322              	.LCFI27:
 323              		.cfi_def_cfa_offset 4
 324 0030 BD46     		mov	sp, r7
 325              	.LCFI28:
 326              		.cfi_def_cfa_register 13
 327              		@ sp needed
 328 0032 80BC     		pop	{r7}
 329              	.LCFI29:
 330              		.cfi_restore 7
 331              		.cfi_def_cfa_offset 0
 332 0034 7047     		bx	lr
 333              		.cfi_endproc
 334              	.LFE151:
 336              		.section	.text.I2S_MclkEnable,"ax",%progbits
 337              		.align	1
 338              		.global	I2S_MclkEnable
 339              		.syntax unified
 340              		.thumb
 341              		.thumb_func
 343              	I2S_MclkEnable:
 344              	.LFB152:
 148:../../../firmware/n32h7xx_std_periph_driver/src/n32h7xx_i2s.c **** 
 149:../../../firmware/n32h7xx_std_periph_driver/src/n32h7xx_i2s.c **** /**
 150:../../../firmware/n32h7xx_std_periph_driver/src/n32h7xx_i2s.c **** *\*\name    I2S_MCLK_Enable.
 151:../../../firmware/n32h7xx_std_periph_driver/src/n32h7xx_i2s.c **** *\*\fun     Enable the I2s MCLK.
 152:../../../firmware/n32h7xx_std_periph_driver/src/n32h7xx_i2s.c **** *\*\param   I2Sx :
 153:../../../firmware/n32h7xx_std_periph_driver/src/n32h7xx_i2s.c **** *\*\          - I2S1
 154:../../../firmware/n32h7xx_std_periph_driver/src/n32h7xx_i2s.c **** *\*\          - I2S2
 155:../../../firmware/n32h7xx_std_periph_driver/src/n32h7xx_i2s.c **** *\*\          - I2S3
 156:../../../firmware/n32h7xx_std_periph_driver/src/n32h7xx_i2s.c **** *\*\          - I2S4
 157:../../../firmware/n32h7xx_std_periph_driver/src/n32h7xx_i2s.c **** *\*\param   Cmd :
 158:../../../firmware/n32h7xx_std_periph_driver/src/n32h7xx_i2s.c **** *\*\          - ENABLE
 159:../../../firmware/n32h7xx_std_periph_driver/src/n32h7xx_i2s.c **** *\*\          - DISABLE
 160:../../../firmware/n32h7xx_std_periph_driver/src/n32h7xx_i2s.c **** *\*\return  none
 161:../../../firmware/n32h7xx_std_periph_driver/src/n32h7xx_i2s.c **** **/
 162:../../../firmware/n32h7xx_std_periph_driver/src/n32h7xx_i2s.c **** void I2S_MclkEnable(I2S_Module* I2Sx, FunctionalState Cmd)
 163:../../../firmware/n32h7xx_std_periph_driver/src/n32h7xx_i2s.c **** {
 345              		.loc 1 163 1
 346              		.cfi_startproc
 347              		@ args = 0, pretend = 0, frame = 8
 348              		@ frame_needed = 1, uses_anonymous_args = 0
 349              		@ link register save eliminated.
 350 0000 80B4     		push	{r7}
 351              	.LCFI30:
 352              		.cfi_def_cfa_offset 4
 353              		.cfi_offset 7, -4
 354 0002 83B0     		sub	sp, sp, #12
 355              	.LCFI31:
 356              		.cfi_def_cfa_offset 16
 357 0004 00AF     		add	r7, sp, #0
 358              	.LCFI32:
 359              		.cfi_def_cfa_register 7
 360 0006 7860     		str	r0, [r7, #4]
 361 0008 0B46     		mov	r3, r1
ARM GAS  /tmp/ccAqlqeu.s 			page 10


 362 000a FB70     		strb	r3, [r7, #3]
 164:../../../firmware/n32h7xx_std_periph_driver/src/n32h7xx_i2s.c ****     if (Cmd != DISABLE)
 363              		.loc 1 164 8
 364 000c FB78     		ldrb	r3, [r7, #3]	@ zero_extendqisi2
 365 000e 002B     		cmp	r3, #0
 366 0010 08D0     		beq	.L7
 165:../../../firmware/n32h7xx_std_periph_driver/src/n32h7xx_i2s.c ****     {
 166:../../../firmware/n32h7xx_std_periph_driver/src/n32h7xx_i2s.c ****         /* Set SPI_I2SPREDIV MCLKOEN bit */
 167:../../../firmware/n32h7xx_std_periph_driver/src/n32h7xx_i2s.c ****         I2Sx->I2SPR |= I2S_MCLK_ENABLE;
 367              		.loc 1 167 13
 368 0012 7B68     		ldr	r3, [r7, #4]
 369 0014 1B8C     		ldrh	r3, [r3, #32]	@ movhi
 370 0016 9BB2     		uxth	r3, r3
 371              		.loc 1 167 21
 372 0018 43F40063 		orr	r3, r3, #2048
 373 001c 9AB2     		uxth	r2, r3
 374 001e 7B68     		ldr	r3, [r7, #4]
 375 0020 1A84     		strh	r2, [r3, #32]	@ movhi
 168:../../../firmware/n32h7xx_std_periph_driver/src/n32h7xx_i2s.c ****     }
 169:../../../firmware/n32h7xx_std_periph_driver/src/n32h7xx_i2s.c ****     else
 170:../../../firmware/n32h7xx_std_periph_driver/src/n32h7xx_i2s.c ****     {
 171:../../../firmware/n32h7xx_std_periph_driver/src/n32h7xx_i2s.c ****         /* Clear SPI_I2SPREDIV MCLKOEN bit */
 172:../../../firmware/n32h7xx_std_periph_driver/src/n32h7xx_i2s.c ****         I2Sx->I2SPR &= I2S_MCLK_DISABLE;
 173:../../../firmware/n32h7xx_std_periph_driver/src/n32h7xx_i2s.c ****     }
 174:../../../firmware/n32h7xx_std_periph_driver/src/n32h7xx_i2s.c **** }
 376              		.loc 1 174 1
 377 0022 04E0     		b	.L9
 378              	.L7:
 172:../../../firmware/n32h7xx_std_periph_driver/src/n32h7xx_i2s.c ****     }
 379              		.loc 1 172 13
 380 0024 7B68     		ldr	r3, [r7, #4]
 381 0026 1B8C     		ldrh	r3, [r3, #32]	@ movhi
 172:../../../firmware/n32h7xx_std_periph_driver/src/n32h7xx_i2s.c ****     }
 382              		.loc 1 172 21
 383 0028 7B68     		ldr	r3, [r7, #4]
 384 002a 0022     		movs	r2, #0
 385 002c 1A84     		strh	r2, [r3, #32]	@ movhi
 386              	.L9:
 387              		.loc 1 174 1
 388 002e 00BF     		nop
 389 0030 0C37     		adds	r7, r7, #12
 390              	.LCFI33:
 391              		.cfi_def_cfa_offset 4
 392 0032 BD46     		mov	sp, r7
 393              	.LCFI34:
 394              		.cfi_def_cfa_register 13
 395              		@ sp needed
 396 0034 80BC     		pop	{r7}
 397              	.LCFI35:
 398              		.cfi_restore 7
 399              		.cfi_def_cfa_offset 0
 400 0036 7047     		bx	lr
 401              		.cfi_endproc
 402              	.LFE152:
 404              		.section	.text.I2S_AudioFrequencyConfig,"ax",%progbits
 405              		.align	1
 406              		.global	I2S_AudioFrequencyConfig
ARM GAS  /tmp/ccAqlqeu.s 			page 11


 407              		.syntax unified
 408              		.thumb
 409              		.thumb_func
 411              	I2S_AudioFrequencyConfig:
 412              	.LFB153:
 175:../../../firmware/n32h7xx_std_periph_driver/src/n32h7xx_i2s.c **** 
 176:../../../firmware/n32h7xx_std_periph_driver/src/n32h7xx_i2s.c **** /**
 177:../../../firmware/n32h7xx_std_periph_driver/src/n32h7xx_i2s.c **** *\*\name    I2S_Config_MCLKEnable_And_AudioFrequency.
 178:../../../firmware/n32h7xx_std_periph_driver/src/n32h7xx_i2s.c **** *\*\fun     Config the I2s MCLKEnable and AudioFrequency.
 179:../../../firmware/n32h7xx_std_periph_driver/src/n32h7xx_i2s.c **** *\*\param   I2Sx :
 180:../../../firmware/n32h7xx_std_periph_driver/src/n32h7xx_i2s.c **** *\*\          - I2S1
 181:../../../firmware/n32h7xx_std_periph_driver/src/n32h7xx_i2s.c **** *\*\          - I2S2
 182:../../../firmware/n32h7xx_std_periph_driver/src/n32h7xx_i2s.c **** *\*\          - I2S3
 183:../../../firmware/n32h7xx_std_periph_driver/src/n32h7xx_i2s.c **** *\*\          - I2S4
 184:../../../firmware/n32h7xx_std_periph_driver/src/n32h7xx_i2s.c **** *\*\param   AudioFrequency :
 185:../../../firmware/n32h7xx_std_periph_driver/src/n32h7xx_i2s.c **** *\*\          - I2S_AUDIO_FREQ_192K
 186:../../../firmware/n32h7xx_std_periph_driver/src/n32h7xx_i2s.c **** *\*\          - I2S_AUDIO_FREQ_96K
 187:../../../firmware/n32h7xx_std_periph_driver/src/n32h7xx_i2s.c **** *\*\          - I2S_AUDIO_FREQ_48K
 188:../../../firmware/n32h7xx_std_periph_driver/src/n32h7xx_i2s.c **** *\*\          - I2S_AUDIO_FREQ_44K
 189:../../../firmware/n32h7xx_std_periph_driver/src/n32h7xx_i2s.c **** *\*\          - I2S_AUDIO_FREQ_32K
 190:../../../firmware/n32h7xx_std_periph_driver/src/n32h7xx_i2s.c **** *\*\          - I2S_AUDIO_FREQ_22K
 191:../../../firmware/n32h7xx_std_periph_driver/src/n32h7xx_i2s.c **** *\*\          - I2S_AUDIO_FREQ_16K
 192:../../../firmware/n32h7xx_std_periph_driver/src/n32h7xx_i2s.c **** *\*\          - I2S_AUDIO_FREQ_11K
 193:../../../firmware/n32h7xx_std_periph_driver/src/n32h7xx_i2s.c **** *\*\          - I2S_AUDIO_FREQ_8K
 194:../../../firmware/n32h7xx_std_periph_driver/src/n32h7xx_i2s.c **** *\*\          - I2S_AUDIO_FREQ_DEFAULT
 195:../../../firmware/n32h7xx_std_periph_driver/src/n32h7xx_i2s.c **** *\*\return  none
 196:../../../firmware/n32h7xx_std_periph_driver/src/n32h7xx_i2s.c **** **/
 197:../../../firmware/n32h7xx_std_periph_driver/src/n32h7xx_i2s.c **** void I2S_AudioFrequencyConfig(I2S_Module* I2Sx, uint32_t AudioFrequency)
 198:../../../firmware/n32h7xx_std_periph_driver/src/n32h7xx_i2s.c **** {
 413              		.loc 1 198 1
 414              		.cfi_startproc
 415              		@ args = 0, pretend = 0, frame = 120
 416              		@ frame_needed = 1, uses_anonymous_args = 0
 417 0000 80B5     		push	{r7, lr}
 418              	.LCFI36:
 419              		.cfi_def_cfa_offset 8
 420              		.cfi_offset 7, -8
 421              		.cfi_offset 14, -4
 422 0002 9EB0     		sub	sp, sp, #120
 423              	.LCFI37:
 424              		.cfi_def_cfa_offset 128
 425 0004 00AF     		add	r7, sp, #0
 426              	.LCFI38:
 427              		.cfi_def_cfa_register 7
 428 0006 7860     		str	r0, [r7, #4]
 429 0008 3960     		str	r1, [r7]
 199:../../../firmware/n32h7xx_std_periph_driver/src/n32h7xx_i2s.c ****     uint16_t i2sdiv = 2, i2sodd = 0, packetlength = 1;
 430              		.loc 1 199 14
 431 000a 0223     		movs	r3, #2
 432 000c A7F87630 		strh	r3, [r7, #118]	@ movhi
 433              		.loc 1 199 26
 434 0010 0023     		movs	r3, #0
 435 0012 A7F87430 		strh	r3, [r7, #116]	@ movhi
 436              		.loc 1 199 38
 437 0016 0123     		movs	r3, #1
 438 0018 A7F87230 		strh	r3, [r7, #114]	@ movhi
 200:../../../firmware/n32h7xx_std_periph_driver/src/n32h7xx_i2s.c ****     uint32_t tmp = 0;///
ARM GAS  /tmp/ccAqlqeu.s 			page 12


 439              		.loc 1 200 14
 440 001c 0023     		movs	r3, #0
 441 001e FB66     		str	r3, [r7, #108]
 201:../../../firmware/n32h7xx_std_periph_driver/src/n32h7xx_i2s.c ****     RCC_ClocksTypeDef RCC_Clocks;
 202:../../../firmware/n32h7xx_std_periph_driver/src/n32h7xx_i2s.c ****     uint32_t sourceclock = 0;
 442              		.loc 1 202 14
 443 0020 0023     		movs	r3, #0
 444 0022 BB66     		str	r3, [r7, #104]
 203:../../../firmware/n32h7xx_std_periph_driver/src/n32h7xx_i2s.c **** 
 204:../../../firmware/n32h7xx_std_periph_driver/src/n32h7xx_i2s.c ****     /* If the default value has to be written, reinitialize i2sdiv and i2sodd*/
 205:../../../firmware/n32h7xx_std_periph_driver/src/n32h7xx_i2s.c ****     if (AudioFrequency == I2S_AUDIO_FREQ_DEFAULT)
 445              		.loc 1 205 8
 446 0024 3B68     		ldr	r3, [r7]
 447 0026 022B     		cmp	r3, #2
 448 0028 06D1     		bne	.L11
 206:../../../firmware/n32h7xx_std_periph_driver/src/n32h7xx_i2s.c ****     {
 207:../../../firmware/n32h7xx_std_periph_driver/src/n32h7xx_i2s.c ****         i2sodd = (uint16_t)0;
 449              		.loc 1 207 16
 450 002a 0023     		movs	r3, #0
 451 002c A7F87430 		strh	r3, [r7, #116]	@ movhi
 208:../../../firmware/n32h7xx_std_periph_driver/src/n32h7xx_i2s.c ****         i2sdiv = (uint16_t)2;
 452              		.loc 1 208 16
 453 0030 0223     		movs	r3, #2
 454 0032 A7F87630 		strh	r3, [r7, #118]	@ movhi
 455 0036 55E0     		b	.L12
 456              	.L11:
 209:../../../firmware/n32h7xx_std_periph_driver/src/n32h7xx_i2s.c ****     }
 210:../../../firmware/n32h7xx_std_periph_driver/src/n32h7xx_i2s.c ****     else
 211:../../../firmware/n32h7xx_std_periph_driver/src/n32h7xx_i2s.c ****     {
 212:../../../firmware/n32h7xx_std_periph_driver/src/n32h7xx_i2s.c ****         /* Check the frame length (For the SPI_I2SCFGR CHBITSbit) */
 213:../../../firmware/n32h7xx_std_periph_driver/src/n32h7xx_i2s.c ****         if (I2Sx->I2SCFGR & SPI_I2SCFG_CHLEN)
 457              		.loc 1 213 17
 458 0038 7B68     		ldr	r3, [r7, #4]
 459 003a 9B8B     		ldrh	r3, [r3, #28]	@ movhi
 460 003c 9BB2     		uxth	r3, r3
 461              		.loc 1 213 27
 462 003e 03F48073 		and	r3, r3, #256
 463              		.loc 1 213 12
 464 0042 002B     		cmp	r3, #0
 465 0044 03D0     		beq	.L13
 214:../../../firmware/n32h7xx_std_periph_driver/src/n32h7xx_i2s.c ****         {
 215:../../../firmware/n32h7xx_std_periph_driver/src/n32h7xx_i2s.c ****             /* Packet length is 32 bits */
 216:../../../firmware/n32h7xx_std_periph_driver/src/n32h7xx_i2s.c ****             packetlength = 2;
 466              		.loc 1 216 26
 467 0046 0223     		movs	r3, #2
 468 0048 A7F87230 		strh	r3, [r7, #114]	@ movhi
 469 004c 02E0     		b	.L14
 470              	.L13:
 217:../../../firmware/n32h7xx_std_periph_driver/src/n32h7xx_i2s.c ****         }
 218:../../../firmware/n32h7xx_std_periph_driver/src/n32h7xx_i2s.c ****         else
 219:../../../firmware/n32h7xx_std_periph_driver/src/n32h7xx_i2s.c ****         {
 220:../../../firmware/n32h7xx_std_periph_driver/src/n32h7xx_i2s.c ****             /* Packet length is 16 bits */
 221:../../../firmware/n32h7xx_std_periph_driver/src/n32h7xx_i2s.c ****             packetlength = 1;
 471              		.loc 1 221 26
 472 004e 0123     		movs	r3, #1
 473 0050 A7F87230 		strh	r3, [r7, #114]	@ movhi
 474              	.L14:
ARM GAS  /tmp/ccAqlqeu.s 			page 13


 222:../../../firmware/n32h7xx_std_periph_driver/src/n32h7xx_i2s.c ****         }
 223:../../../firmware/n32h7xx_std_periph_driver/src/n32h7xx_i2s.c **** 
 224:../../../firmware/n32h7xx_std_periph_driver/src/n32h7xx_i2s.c ****         /* I2S Clock source is System clock: Get System Clock frequency */
 225:../../../firmware/n32h7xx_std_periph_driver/src/n32h7xx_i2s.c ****         RCC_GetClocksFreqValue(&RCC_Clocks);
 475              		.loc 1 225 9
 476 0054 07F10803 		add	r3, r7, #8
 477 0058 1846     		mov	r0, r3
 478 005a FFF7FEFF 		bl	RCC_GetClocksFreqValue
 226:../../../firmware/n32h7xx_std_periph_driver/src/n32h7xx_i2s.c **** 
 227:../../../firmware/n32h7xx_std_periph_driver/src/n32h7xx_i2s.c ****         /* Get the source clock value: based on System Clock value */
 228:../../../firmware/n32h7xx_std_periph_driver/src/n32h7xx_i2s.c ****         sourceclock = RCC_Clocks.SysClkFreq;
 479              		.loc 1 228 21
 480 005e FB6A     		ldr	r3, [r7, #44]
 481 0060 BB66     		str	r3, [r7, #104]
 229:../../../firmware/n32h7xx_std_periph_driver/src/n32h7xx_i2s.c **** 
 230:../../../firmware/n32h7xx_std_periph_driver/src/n32h7xx_i2s.c ****         /* Compute the Real divider depending on the MCLK output state with a floating point */
 231:../../../firmware/n32h7xx_std_periph_driver/src/n32h7xx_i2s.c ****         /* Get the I2Sx->I2SPREDIV MCLKOEN bit state */
 232:../../../firmware/n32h7xx_std_periph_driver/src/n32h7xx_i2s.c ****         if (I2Sx->I2SPR & I2S_MCLK_ENABLE)
 482              		.loc 1 232 17
 483 0062 7B68     		ldr	r3, [r7, #4]
 484 0064 1B8C     		ldrh	r3, [r3, #32]	@ movhi
 485 0066 9BB2     		uxth	r3, r3
 486              		.loc 1 232 25
 487 0068 03F40063 		and	r3, r3, #2048
 488              		.loc 1 232 12
 489 006c 002B     		cmp	r3, #0
 490 006e 0ED0     		beq	.L15
 233:../../../firmware/n32h7xx_std_periph_driver/src/n32h7xx_i2s.c ****         {
 234:../../../firmware/n32h7xx_std_periph_driver/src/n32h7xx_i2s.c ****             /* MCLK output is enabled */
 235:../../../firmware/n32h7xx_std_periph_driver/src/n32h7xx_i2s.c ****             tmp = (uint16_t)(((((sourceclock / 256) * 10) / AudioFrequency)) + 5);
 491              		.loc 1 235 46
 492 0070 BB6E     		ldr	r3, [r7, #104]
 493 0072 1A0A     		lsrs	r2, r3, #8
 494              		.loc 1 235 53
 495 0074 1346     		mov	r3, r2
 496 0076 9B00     		lsls	r3, r3, #2
 497 0078 1344     		add	r3, r3, r2
 498 007a 5B00     		lsls	r3, r3, #1
 499 007c 1A46     		mov	r2, r3
 500              		.loc 1 235 59
 501 007e 3B68     		ldr	r3, [r7]
 502 0080 B2FBF3F3 		udiv	r3, r2, r3
 503              		.loc 1 235 19
 504 0084 9BB2     		uxth	r3, r3
 505 0086 0533     		adds	r3, r3, #5
 506 0088 9BB2     		uxth	r3, r3
 507              		.loc 1 235 17
 508 008a FB66     		str	r3, [r7, #108]
 509 008c 12E0     		b	.L16
 510              	.L15:
 236:../../../firmware/n32h7xx_std_periph_driver/src/n32h7xx_i2s.c ****         }
 237:../../../firmware/n32h7xx_std_periph_driver/src/n32h7xx_i2s.c ****         else
 238:../../../firmware/n32h7xx_std_periph_driver/src/n32h7xx_i2s.c ****         {
 239:../../../firmware/n32h7xx_std_periph_driver/src/n32h7xx_i2s.c ****             /* MCLK output is disabled */
 240:../../../firmware/n32h7xx_std_periph_driver/src/n32h7xx_i2s.c ****             tmp = (uint16_t)(((((sourceclock / (32 * packetlength)) * 10) / AudioFrequency)) + 5);
 511              		.loc 1 240 52
 512 008e B7F87230 		ldrh	r3, [r7, #114]
ARM GAS  /tmp/ccAqlqeu.s 			page 14


 513 0092 5B01     		lsls	r3, r3, #5
 514 0094 1A46     		mov	r2, r3
 515              		.loc 1 240 46
 516 0096 BB6E     		ldr	r3, [r7, #104]
 517 0098 B3FBF2F2 		udiv	r2, r3, r2
 518              		.loc 1 240 69
 519 009c 1346     		mov	r3, r2
 520 009e 9B00     		lsls	r3, r3, #2
 521 00a0 1344     		add	r3, r3, r2
 522 00a2 5B00     		lsls	r3, r3, #1
 523 00a4 1A46     		mov	r2, r3
 524              		.loc 1 240 75
 525 00a6 3B68     		ldr	r3, [r7]
 526 00a8 B2FBF3F3 		udiv	r3, r2, r3
 527              		.loc 1 240 19
 528 00ac 9BB2     		uxth	r3, r3
 529 00ae 0533     		adds	r3, r3, #5
 530 00b0 9BB2     		uxth	r3, r3
 531              		.loc 1 240 17
 532 00b2 FB66     		str	r3, [r7, #108]
 533              	.L16:
 241:../../../firmware/n32h7xx_std_periph_driver/src/n32h7xx_i2s.c ****         }
 242:../../../firmware/n32h7xx_std_periph_driver/src/n32h7xx_i2s.c **** 
 243:../../../firmware/n32h7xx_std_periph_driver/src/n32h7xx_i2s.c ****         /* Remove the floating point */
 244:../../../firmware/n32h7xx_std_periph_driver/src/n32h7xx_i2s.c ****         tmp = tmp / 10;
 534              		.loc 1 244 13
 535 00b4 FB6E     		ldr	r3, [r7, #108]
 536 00b6 1D4A     		ldr	r2, .L19
 537 00b8 A2FB0323 		umull	r2, r3, r2, r3
 538 00bc DB08     		lsrs	r3, r3, #3
 539 00be FB66     		str	r3, [r7, #108]
 245:../../../firmware/n32h7xx_std_periph_driver/src/n32h7xx_i2s.c **** 
 246:../../../firmware/n32h7xx_std_periph_driver/src/n32h7xx_i2s.c ****         /* Check the parity of the divider */
 247:../../../firmware/n32h7xx_std_periph_driver/src/n32h7xx_i2s.c ****         i2sodd = (uint16_t)(tmp & (uint16_t)0x0001);
 540              		.loc 1 247 18
 541 00c0 FB6E     		ldr	r3, [r7, #108]
 542 00c2 9BB2     		uxth	r3, r3
 543              		.loc 1 247 16
 544 00c4 03F00103 		and	r3, r3, #1
 545 00c8 A7F87430 		strh	r3, [r7, #116]	@ movhi
 248:../../../firmware/n32h7xx_std_periph_driver/src/n32h7xx_i2s.c **** 
 249:../../../firmware/n32h7xx_std_periph_driver/src/n32h7xx_i2s.c ****         /* Compute the i2sdiv prescaler */
 250:../../../firmware/n32h7xx_std_periph_driver/src/n32h7xx_i2s.c ****         i2sdiv = (uint16_t)((tmp - i2sodd) / 2);
 546              		.loc 1 250 34
 547 00cc B7F87430 		ldrh	r3, [r7, #116]
 548 00d0 FA6E     		ldr	r2, [r7, #108]
 549 00d2 D31A     		subs	r3, r2, r3
 550              		.loc 1 250 44
 551 00d4 5B08     		lsrs	r3, r3, #1
 552              		.loc 1 250 16
 553 00d6 A7F87630 		strh	r3, [r7, #118]	@ movhi
 251:../../../firmware/n32h7xx_std_periph_driver/src/n32h7xx_i2s.c **** 
 252:../../../firmware/n32h7xx_std_periph_driver/src/n32h7xx_i2s.c ****         /* Get the Mask for the Odd bit (SPI_I2SPREDIV[8]) register */
 253:../../../firmware/n32h7xx_std_periph_driver/src/n32h7xx_i2s.c ****         i2sodd = (uint16_t)(i2sodd << 8);
 554              		.loc 1 253 16
 555 00da B7F87430 		ldrh	r3, [r7, #116]	@ movhi
 556 00de 1B02     		lsls	r3, r3, #8
ARM GAS  /tmp/ccAqlqeu.s 			page 15


 557 00e0 A7F87430 		strh	r3, [r7, #116]	@ movhi
 558              	.L12:
 254:../../../firmware/n32h7xx_std_periph_driver/src/n32h7xx_i2s.c ****     }
 255:../../../firmware/n32h7xx_std_periph_driver/src/n32h7xx_i2s.c **** 
 256:../../../firmware/n32h7xx_std_periph_driver/src/n32h7xx_i2s.c ****     /* Test if the divider is 1 or 0 or greater than 0xFF */
 257:../../../firmware/n32h7xx_std_periph_driver/src/n32h7xx_i2s.c ****     if ((i2sdiv < 2) || (i2sdiv > 0xFF))
 559              		.loc 1 257 8
 560 00e4 B7F87630 		ldrh	r3, [r7, #118]
 561 00e8 012B     		cmp	r3, #1
 562 00ea 03D9     		bls	.L17
 563              		.loc 1 257 22 discriminator 1
 564 00ec B7F87630 		ldrh	r3, [r7, #118]
 565 00f0 FF2B     		cmp	r3, #255
 566 00f2 05D9     		bls	.L18
 567              	.L17:
 258:../../../firmware/n32h7xx_std_periph_driver/src/n32h7xx_i2s.c ****     {
 259:../../../firmware/n32h7xx_std_periph_driver/src/n32h7xx_i2s.c ****         /* Set the default values */
 260:../../../firmware/n32h7xx_std_periph_driver/src/n32h7xx_i2s.c ****         i2sdiv = 2;
 568              		.loc 1 260 16
 569 00f4 0223     		movs	r3, #2
 570 00f6 A7F87630 		strh	r3, [r7, #118]	@ movhi
 261:../../../firmware/n32h7xx_std_periph_driver/src/n32h7xx_i2s.c ****         i2sodd = 0;
 571              		.loc 1 261 16
 572 00fa 0023     		movs	r3, #0
 573 00fc A7F87430 		strh	r3, [r7, #116]	@ movhi
 574              	.L18:
 262:../../../firmware/n32h7xx_std_periph_driver/src/n32h7xx_i2s.c ****     }
 263:../../../firmware/n32h7xx_std_periph_driver/src/n32h7xx_i2s.c **** 
 264:../../../firmware/n32h7xx_std_periph_driver/src/n32h7xx_i2s.c ****     /* Write to I2Sx I2SPREDIV register the computed value */
 265:../../../firmware/n32h7xx_std_periph_driver/src/n32h7xx_i2s.c ****     I2Sx->I2SPR = (uint16_t)(i2sdiv | (uint16_t)(i2sodd | (I2Sx->I2SPR & I2S_MCLK_ENABLE)));
 575              		.loc 1 265 64
 576 0100 7B68     		ldr	r3, [r7, #4]
 577 0102 1B8C     		ldrh	r3, [r3, #32]	@ movhi
 578 0104 9BB2     		uxth	r3, r3
 579 0106 1BB2     		sxth	r3, r3
 580              		.loc 1 265 72
 581 0108 03F40063 		and	r3, r3, #2048
 582 010c 1AB2     		sxth	r2, r3
 583              		.loc 1 265 57
 584 010e B7F97430 		ldrsh	r3, [r7, #116]
 585 0112 1343     		orrs	r3, r3, r2
 586 0114 1BB2     		sxth	r3, r3
 587              		.loc 1 265 39
 588 0116 9AB2     		uxth	r2, r3
 589              		.loc 1 265 19
 590 0118 B7F87630 		ldrh	r3, [r7, #118]	@ movhi
 591 011c 1343     		orrs	r3, r3, r2
 592 011e 9AB2     		uxth	r2, r3
 593              		.loc 1 265 17
 594 0120 7B68     		ldr	r3, [r7, #4]
 595 0122 1A84     		strh	r2, [r3, #32]	@ movhi
 266:../../../firmware/n32h7xx_std_periph_driver/src/n32h7xx_i2s.c **** }
 596              		.loc 1 266 1
 597 0124 00BF     		nop
 598 0126 7837     		adds	r7, r7, #120
 599              	.LCFI39:
 600              		.cfi_def_cfa_offset 8
ARM GAS  /tmp/ccAqlqeu.s 			page 16


 601 0128 BD46     		mov	sp, r7
 602              	.LCFI40:
 603              		.cfi_def_cfa_register 13
 604              		@ sp needed
 605 012a 80BD     		pop	{r7, pc}
 606              	.L20:
 607              		.align	2
 608              	.L19:
 609 012c CDCCCCCC 		.word	-858993459
 610              		.cfi_endproc
 611              	.LFE153:
 613              		.section	.text.I2S_ClkPolConfig,"ax",%progbits
 614              		.align	1
 615              		.global	I2S_ClkPolConfig
 616              		.syntax unified
 617              		.thumb
 618              		.thumb_func
 620              	I2S_ClkPolConfig:
 621              	.LFB154:
 267:../../../firmware/n32h7xx_std_periph_driver/src/n32h7xx_i2s.c **** 
 268:../../../firmware/n32h7xx_std_periph_driver/src/n32h7xx_i2s.c **** /**
 269:../../../firmware/n32h7xx_std_periph_driver/src/n32h7xx_i2s.c **** *\*\name    I2S_CLKPOL_Config.
 270:../../../firmware/n32h7xx_std_periph_driver/src/n32h7xx_i2s.c **** *\*\fun     Config the I2s CLKPOL.
 271:../../../firmware/n32h7xx_std_periph_driver/src/n32h7xx_i2s.c **** *\*\param   I2Sx :
 272:../../../firmware/n32h7xx_std_periph_driver/src/n32h7xx_i2s.c **** *\*\          - I2S1
 273:../../../firmware/n32h7xx_std_periph_driver/src/n32h7xx_i2s.c **** *\*\          - I2S2
 274:../../../firmware/n32h7xx_std_periph_driver/src/n32h7xx_i2s.c **** *\*\          - I2S3
 275:../../../firmware/n32h7xx_std_periph_driver/src/n32h7xx_i2s.c **** *\*\          - I2S4
 276:../../../firmware/n32h7xx_std_periph_driver/src/n32h7xx_i2s.c **** *\*\param   CLKPOL :
 277:../../../firmware/n32h7xx_std_periph_driver/src/n32h7xx_i2s.c **** *\*\          - I2S_CLKPOL_LOW
 278:../../../firmware/n32h7xx_std_periph_driver/src/n32h7xx_i2s.c **** *\*\          - I2S_CLKPOL_HIGH
 279:../../../firmware/n32h7xx_std_periph_driver/src/n32h7xx_i2s.c **** *\*\return  none
 280:../../../firmware/n32h7xx_std_periph_driver/src/n32h7xx_i2s.c **** **/
 281:../../../firmware/n32h7xx_std_periph_driver/src/n32h7xx_i2s.c **** void I2S_ClkPolConfig(I2S_Module* I2Sx, uint16_t CLKPOL)
 282:../../../firmware/n32h7xx_std_periph_driver/src/n32h7xx_i2s.c **** {
 622              		.loc 1 282 1
 623              		.cfi_startproc
 624              		@ args = 0, pretend = 0, frame = 8
 625              		@ frame_needed = 1, uses_anonymous_args = 0
 626              		@ link register save eliminated.
 627 0000 80B4     		push	{r7}
 628              	.LCFI41:
 629              		.cfi_def_cfa_offset 4
 630              		.cfi_offset 7, -4
 631 0002 83B0     		sub	sp, sp, #12
 632              	.LCFI42:
 633              		.cfi_def_cfa_offset 16
 634 0004 00AF     		add	r7, sp, #0
 635              	.LCFI43:
 636              		.cfi_def_cfa_register 7
 637 0006 7860     		str	r0, [r7, #4]
 638 0008 0B46     		mov	r3, r1
 639 000a 7B80     		strh	r3, [r7, #2]	@ movhi
 283:../../../firmware/n32h7xx_std_periph_driver/src/n32h7xx_i2s.c ****     /* Clear SPI_I2SPREDIV CLKPOL bit */
 284:../../../firmware/n32h7xx_std_periph_driver/src/n32h7xx_i2s.c ****     I2Sx->I2SCFGR &= I2S_CLKPOL_MASK;
 640              		.loc 1 284 9
 641 000c 7B68     		ldr	r3, [r7, #4]
ARM GAS  /tmp/ccAqlqeu.s 			page 17


 642 000e 9B8B     		ldrh	r3, [r3, #28]	@ movhi
 643 0010 9BB2     		uxth	r3, r3
 644              		.loc 1 284 19
 645 0012 23F48063 		bic	r3, r3, #1024
 646 0016 9AB2     		uxth	r2, r3
 647 0018 7B68     		ldr	r3, [r7, #4]
 648 001a 9A83     		strh	r2, [r3, #28]	@ movhi
 285:../../../firmware/n32h7xx_std_periph_driver/src/n32h7xx_i2s.c ****     /* Set SPI_I2SPREDIV CLKPOL bit */
 286:../../../firmware/n32h7xx_std_periph_driver/src/n32h7xx_i2s.c ****     I2Sx->I2SCFGR |= CLKPOL;
 649              		.loc 1 286 9
 650 001c 7B68     		ldr	r3, [r7, #4]
 651 001e 9B8B     		ldrh	r3, [r3, #28]	@ movhi
 652 0020 9AB2     		uxth	r2, r3
 653              		.loc 1 286 19
 654 0022 7B88     		ldrh	r3, [r7, #2]	@ movhi
 655 0024 1343     		orrs	r3, r3, r2
 656 0026 9AB2     		uxth	r2, r3
 657 0028 7B68     		ldr	r3, [r7, #4]
 658 002a 9A83     		strh	r2, [r3, #28]	@ movhi
 287:../../../firmware/n32h7xx_std_periph_driver/src/n32h7xx_i2s.c **** }
 659              		.loc 1 287 1
 660 002c 00BF     		nop
 661 002e 0C37     		adds	r7, r7, #12
 662              	.LCFI44:
 663              		.cfi_def_cfa_offset 4
 664 0030 BD46     		mov	sp, r7
 665              	.LCFI45:
 666              		.cfi_def_cfa_register 13
 667              		@ sp needed
 668 0032 80BC     		pop	{r7}
 669              	.LCFI46:
 670              		.cfi_restore 7
 671              		.cfi_def_cfa_offset 0
 672 0034 7047     		bx	lr
 673              		.cfi_endproc
 674              	.LFE154:
 676              		.section	.text.I2S_EnableInt,"ax",%progbits
 677              		.align	1
 678              		.global	I2S_EnableInt
 679              		.syntax unified
 680              		.thumb
 681              		.thumb_func
 683              	I2S_EnableInt:
 684              	.LFB155:
 288:../../../firmware/n32h7xx_std_periph_driver/src/n32h7xx_i2s.c **** 
 289:../../../firmware/n32h7xx_std_periph_driver/src/n32h7xx_i2s.c **** 
 290:../../../firmware/n32h7xx_std_periph_driver/src/n32h7xx_i2s.c **** /**
 291:../../../firmware/n32h7xx_std_periph_driver/src/n32h7xx_i2s.c **** *\*\name    SPI_I2S_EnableInt.
 292:../../../firmware/n32h7xx_std_periph_driver/src/n32h7xx_i2s.c **** *\*\fun     Enables or disables the specified SPI/I2S interrupts.
 293:../../../firmware/n32h7xx_std_periph_driver/src/n32h7xx_i2s.c **** *\*\param   SPIx :
 294:../../../firmware/n32h7xx_std_periph_driver/src/n32h7xx_i2s.c **** *\*\				 - 1, 2, 3, 4, 5 or 6 in SPI mode
 295:../../../firmware/n32h7xx_std_periph_driver/src/n32h7xx_i2s.c **** *\*\				 - 2 or 3 in I2S mode
 296:../../../firmware/n32h7xx_std_periph_driver/src/n32h7xx_i2s.c **** *\*\param   SPI_I2S_IT :
 297:../../../firmware/n32h7xx_std_periph_driver/src/n32h7xx_i2s.c **** *\*\         - SPI_I2S_INT_TE
 298:../../../firmware/n32h7xx_std_periph_driver/src/n32h7xx_i2s.c **** *\*\         - SPI_I2S_INT_RNE
 299:../../../firmware/n32h7xx_std_periph_driver/src/n32h7xx_i2s.c **** *\*\      	 - SPI_I2S_INT_ERR
 300:../../../firmware/n32h7xx_std_periph_driver/src/n32h7xx_i2s.c **** *\*\      	 - SPI_I2S_INT_RXONLYC
ARM GAS  /tmp/ccAqlqeu.s 			page 18


 301:../../../firmware/n32h7xx_std_periph_driver/src/n32h7xx_i2s.c **** *\*\      	 - SPI_I2S_INT_RXFIFOF
 302:../../../firmware/n32h7xx_std_periph_driver/src/n32h7xx_i2s.c **** *\*\      	 - SPI_I2S_INT_RXFIFOHF
 303:../../../firmware/n32h7xx_std_periph_driver/src/n32h7xx_i2s.c **** *\*\      	 - SPI_I2S_INT_TXFIFOHE
 304:../../../firmware/n32h7xx_std_periph_driver/src/n32h7xx_i2s.c **** *\*\param   Cmd :
 305:../../../firmware/n32h7xx_std_periph_driver/src/n32h7xx_i2s.c **** *\*\         - ENABLE
 306:../../../firmware/n32h7xx_std_periph_driver/src/n32h7xx_i2s.c **** *\*\         - DISABLE
 307:../../../firmware/n32h7xx_std_periph_driver/src/n32h7xx_i2s.c **** *\*\return  none
 308:../../../firmware/n32h7xx_std_periph_driver/src/n32h7xx_i2s.c **** **/
 309:../../../firmware/n32h7xx_std_periph_driver/src/n32h7xx_i2s.c **** void I2S_EnableInt(I2S_Module* I2Sx, uint8_t I2S_IT, FunctionalState Cmd)
 310:../../../firmware/n32h7xx_std_periph_driver/src/n32h7xx_i2s.c **** {
 685              		.loc 1 310 1
 686              		.cfi_startproc
 687              		@ args = 0, pretend = 0, frame = 16
 688              		@ frame_needed = 1, uses_anonymous_args = 0
 689              		@ link register save eliminated.
 690 0000 80B4     		push	{r7}
 691              	.LCFI47:
 692              		.cfi_def_cfa_offset 4
 693              		.cfi_offset 7, -4
 694 0002 85B0     		sub	sp, sp, #20
 695              	.LCFI48:
 696              		.cfi_def_cfa_offset 24
 697 0004 00AF     		add	r7, sp, #0
 698              	.LCFI49:
 699              		.cfi_def_cfa_register 7
 700 0006 7860     		str	r0, [r7, #4]
 701 0008 0B46     		mov	r3, r1
 702 000a FB70     		strb	r3, [r7, #3]
 703 000c 1346     		mov	r3, r2
 704 000e BB70     		strb	r3, [r7, #2]
 311:../../../firmware/n32h7xx_std_periph_driver/src/n32h7xx_i2s.c ****     uint16_t itpos, itmask;
 312:../../../firmware/n32h7xx_std_periph_driver/src/n32h7xx_i2s.c **** 
 313:../../../firmware/n32h7xx_std_periph_driver/src/n32h7xx_i2s.c ****     /* Get the SPI/I2S IT index */
 314:../../../firmware/n32h7xx_std_periph_driver/src/n32h7xx_i2s.c ****     itpos = I2S_IT >> 4;
 705              		.loc 1 314 11
 706 0010 FB78     		ldrb	r3, [r7, #3]	@ zero_extendqisi2
 707 0012 1B09     		lsrs	r3, r3, #4
 708 0014 DBB2     		uxtb	r3, r3
 709 0016 FB81     		strh	r3, [r7, #14]	@ movhi
 315:../../../firmware/n32h7xx_std_periph_driver/src/n32h7xx_i2s.c **** 
 316:../../../firmware/n32h7xx_std_periph_driver/src/n32h7xx_i2s.c ****     /* Set the IT mask */
 317:../../../firmware/n32h7xx_std_periph_driver/src/n32h7xx_i2s.c ****     itmask = (uint16_t)1 << (uint16_t)itpos;
 710              		.loc 1 317 29
 711 0018 FB89     		ldrh	r3, [r7, #14]
 712              		.loc 1 317 26
 713 001a 0122     		movs	r2, #1
 714 001c 02FA03F3 		lsl	r3, r2, r3
 715              		.loc 1 317 12
 716 0020 BB81     		strh	r3, [r7, #12]	@ movhi
 318:../../../firmware/n32h7xx_std_periph_driver/src/n32h7xx_i2s.c **** 
 319:../../../firmware/n32h7xx_std_periph_driver/src/n32h7xx_i2s.c ****     if (Cmd != DISABLE)
 717              		.loc 1 319 8
 718 0022 BB78     		ldrb	r3, [r7, #2]	@ zero_extendqisi2
 719 0024 002B     		cmp	r3, #0
 720 0026 08D0     		beq	.L23
 320:../../../firmware/n32h7xx_std_periph_driver/src/n32h7xx_i2s.c ****     {
 321:../../../firmware/n32h7xx_std_periph_driver/src/n32h7xx_i2s.c ****         /* Enable the selected SPI/I2S interrupt */
ARM GAS  /tmp/ccAqlqeu.s 			page 19


 322:../../../firmware/n32h7xx_std_periph_driver/src/n32h7xx_i2s.c ****         I2Sx->CR2 |= itmask;
 721              		.loc 1 322 13
 722 0028 7B68     		ldr	r3, [r7, #4]
 723 002a 9B88     		ldrh	r3, [r3, #4]	@ movhi
 724 002c 9AB2     		uxth	r2, r3
 725              		.loc 1 322 19
 726 002e BB89     		ldrh	r3, [r7, #12]	@ movhi
 727 0030 1343     		orrs	r3, r3, r2
 728 0032 9AB2     		uxth	r2, r3
 729 0034 7B68     		ldr	r3, [r7, #4]
 730 0036 9A80     		strh	r2, [r3, #4]	@ movhi
 323:../../../firmware/n32h7xx_std_periph_driver/src/n32h7xx_i2s.c ****     }
 324:../../../firmware/n32h7xx_std_periph_driver/src/n32h7xx_i2s.c ****     else
 325:../../../firmware/n32h7xx_std_periph_driver/src/n32h7xx_i2s.c ****     {
 326:../../../firmware/n32h7xx_std_periph_driver/src/n32h7xx_i2s.c ****         /* Disable the selected SPI/I2S interrupt */
 327:../../../firmware/n32h7xx_std_periph_driver/src/n32h7xx_i2s.c ****         I2Sx->CR2 &= (uint16_t)~itmask;
 328:../../../firmware/n32h7xx_std_periph_driver/src/n32h7xx_i2s.c ****     }
 329:../../../firmware/n32h7xx_std_periph_driver/src/n32h7xx_i2s.c **** }
 731              		.loc 1 329 1
 732 0038 09E0     		b	.L25
 733              	.L23:
 327:../../../firmware/n32h7xx_std_periph_driver/src/n32h7xx_i2s.c ****     }
 734              		.loc 1 327 13
 735 003a 7B68     		ldr	r3, [r7, #4]
 736 003c 9B88     		ldrh	r3, [r3, #4]	@ movhi
 737 003e 9AB2     		uxth	r2, r3
 327:../../../firmware/n32h7xx_std_periph_driver/src/n32h7xx_i2s.c ****     }
 738              		.loc 1 327 22
 739 0040 BB89     		ldrh	r3, [r7, #12]	@ movhi
 740 0042 DB43     		mvns	r3, r3
 741 0044 9BB2     		uxth	r3, r3
 327:../../../firmware/n32h7xx_std_periph_driver/src/n32h7xx_i2s.c ****     }
 742              		.loc 1 327 19
 743 0046 1340     		ands	r3, r3, r2
 744 0048 9AB2     		uxth	r2, r3
 745 004a 7B68     		ldr	r3, [r7, #4]
 746 004c 9A80     		strh	r2, [r3, #4]	@ movhi
 747              	.L25:
 748              		.loc 1 329 1
 749 004e 00BF     		nop
 750 0050 1437     		adds	r7, r7, #20
 751              	.LCFI50:
 752              		.cfi_def_cfa_offset 4
 753 0052 BD46     		mov	sp, r7
 754              	.LCFI51:
 755              		.cfi_def_cfa_register 13
 756              		@ sp needed
 757 0054 80BC     		pop	{r7}
 758              	.LCFI52:
 759              		.cfi_restore 7
 760              		.cfi_def_cfa_offset 0
 761 0056 7047     		bx	lr
 762              		.cfi_endproc
 763              	.LFE155:
 765              		.section	.text.I2S_TransmitData,"ax",%progbits
 766              		.align	1
 767              		.global	I2S_TransmitData
ARM GAS  /tmp/ccAqlqeu.s 			page 20


 768              		.syntax unified
 769              		.thumb
 770              		.thumb_func
 772              	I2S_TransmitData:
 773              	.LFB156:
 330:../../../firmware/n32h7xx_std_periph_driver/src/n32h7xx_i2s.c **** 
 331:../../../firmware/n32h7xx_std_periph_driver/src/n32h7xx_i2s.c **** /**
 332:../../../firmware/n32h7xx_std_periph_driver/src/n32h7xx_i2s.c **** *\*\name    I2S_Data_Transmit.
 333:../../../firmware/n32h7xx_std_periph_driver/src/n32h7xx_i2s.c **** *\*\fun     Transmits a Data through the I2Sx/I2Sx peripheral.
 334:../../../firmware/n32h7xx_std_periph_driver/src/n32h7xx_i2s.c **** *\*\param   I2Sx :
 335:../../../firmware/n32h7xx_std_periph_driver/src/n32h7xx_i2s.c **** *\*\          - I2S1
 336:../../../firmware/n32h7xx_std_periph_driver/src/n32h7xx_i2s.c **** *\*\          - I2S2
 337:../../../firmware/n32h7xx_std_periph_driver/src/n32h7xx_i2s.c **** *\*\          - I2S3
 338:../../../firmware/n32h7xx_std_periph_driver/src/n32h7xx_i2s.c **** *\*\          - I2S4
 339:../../../firmware/n32h7xx_std_periph_driver/src/n32h7xx_i2s.c **** *\*\param   Data           \* Data to be transmitted *\
 340:../../../firmware/n32h7xx_std_periph_driver/src/n32h7xx_i2s.c **** *\*\return  none
 341:../../../firmware/n32h7xx_std_periph_driver/src/n32h7xx_i2s.c **** **/
 342:../../../firmware/n32h7xx_std_periph_driver/src/n32h7xx_i2s.c **** void I2S_TransmitData(I2S_Module* I2Sx, uint16_t Data)
 343:../../../firmware/n32h7xx_std_periph_driver/src/n32h7xx_i2s.c **** {
 774              		.loc 1 343 1
 775              		.cfi_startproc
 776              		@ args = 0, pretend = 0, frame = 8
 777              		@ frame_needed = 1, uses_anonymous_args = 0
 778              		@ link register save eliminated.
 779 0000 80B4     		push	{r7}
 780              	.LCFI53:
 781              		.cfi_def_cfa_offset 4
 782              		.cfi_offset 7, -4
 783 0002 83B0     		sub	sp, sp, #12
 784              	.LCFI54:
 785              		.cfi_def_cfa_offset 16
 786 0004 00AF     		add	r7, sp, #0
 787              	.LCFI55:
 788              		.cfi_def_cfa_register 7
 789 0006 7860     		str	r0, [r7, #4]
 790 0008 0B46     		mov	r3, r1
 791 000a 7B80     		strh	r3, [r7, #2]	@ movhi
 344:../../../firmware/n32h7xx_std_periph_driver/src/n32h7xx_i2s.c ****     /* Write in the SPI_DAT register the data to be sent */
 345:../../../firmware/n32h7xx_std_periph_driver/src/n32h7xx_i2s.c ****     I2Sx->DR = Data;
 792              		.loc 1 345 14
 793 000c 7B68     		ldr	r3, [r7, #4]
 794 000e 7A88     		ldrh	r2, [r7, #2]	@ movhi
 795 0010 9A81     		strh	r2, [r3, #12]	@ movhi
 346:../../../firmware/n32h7xx_std_periph_driver/src/n32h7xx_i2s.c **** }
 796              		.loc 1 346 1
 797 0012 00BF     		nop
 798 0014 0C37     		adds	r7, r7, #12
 799              	.LCFI56:
 800              		.cfi_def_cfa_offset 4
 801 0016 BD46     		mov	sp, r7
 802              	.LCFI57:
 803              		.cfi_def_cfa_register 13
 804              		@ sp needed
 805 0018 80BC     		pop	{r7}
 806              	.LCFI58:
 807              		.cfi_restore 7
 808              		.cfi_def_cfa_offset 0
ARM GAS  /tmp/ccAqlqeu.s 			page 21


 809 001a 7047     		bx	lr
 810              		.cfi_endproc
 811              	.LFE156:
 813              		.section	.text.I2S_DataFifoTransmit,"ax",%progbits
 814              		.align	1
 815              		.global	I2S_DataFifoTransmit
 816              		.syntax unified
 817              		.thumb
 818              		.thumb_func
 820              	I2S_DataFifoTransmit:
 821              	.LFB157:
 347:../../../firmware/n32h7xx_std_periph_driver/src/n32h7xx_i2s.c **** 
 348:../../../firmware/n32h7xx_std_periph_driver/src/n32h7xx_i2s.c **** /**
 349:../../../firmware/n32h7xx_std_periph_driver/src/n32h7xx_i2s.c **** *\*\name    I2S_DataFifoTransmit.
 350:../../../firmware/n32h7xx_std_periph_driver/src/n32h7xx_i2s.c **** *\*\fun     Transmits a Data using FIFO through the I2Sx/I2Sx peripheral.
 351:../../../firmware/n32h7xx_std_periph_driver/src/n32h7xx_i2s.c **** *\*\param   I2Sx :
 352:../../../firmware/n32h7xx_std_periph_driver/src/n32h7xx_i2s.c **** *\*\          - I2S1
 353:../../../firmware/n32h7xx_std_periph_driver/src/n32h7xx_i2s.c **** *\*\          - I2S2
 354:../../../firmware/n32h7xx_std_periph_driver/src/n32h7xx_i2s.c **** *\*\          - I2S3
 355:../../../firmware/n32h7xx_std_periph_driver/src/n32h7xx_i2s.c **** *\*\          - I2S4
 356:../../../firmware/n32h7xx_std_periph_driver/src/n32h7xx_i2s.c **** *\*\param   Data           \* Data to be transmitted *\
 357:../../../firmware/n32h7xx_std_periph_driver/src/n32h7xx_i2s.c **** *\*\return  none
 358:../../../firmware/n32h7xx_std_periph_driver/src/n32h7xx_i2s.c **** **/
 359:../../../firmware/n32h7xx_std_periph_driver/src/n32h7xx_i2s.c **** void I2S_DataFifoTransmit(I2S_Module* I2Sx, uint16_t Data)
 360:../../../firmware/n32h7xx_std_periph_driver/src/n32h7xx_i2s.c **** {
 822              		.loc 1 360 1
 823              		.cfi_startproc
 824              		@ args = 0, pretend = 0, frame = 8
 825              		@ frame_needed = 1, uses_anonymous_args = 0
 826              		@ link register save eliminated.
 827 0000 80B4     		push	{r7}
 828              	.LCFI59:
 829              		.cfi_def_cfa_offset 4
 830              		.cfi_offset 7, -4
 831 0002 83B0     		sub	sp, sp, #12
 832              	.LCFI60:
 833              		.cfi_def_cfa_offset 16
 834 0004 00AF     		add	r7, sp, #0
 835              	.LCFI61:
 836              		.cfi_def_cfa_register 7
 837 0006 7860     		str	r0, [r7, #4]
 838 0008 0B46     		mov	r3, r1
 839 000a 7B80     		strh	r3, [r7, #2]	@ movhi
 361:../../../firmware/n32h7xx_std_periph_driver/src/n32h7xx_i2s.c ****     /* Write in the SPI_DAT register the data to be sent */
 362:../../../firmware/n32h7xx_std_periph_driver/src/n32h7xx_i2s.c ****     I2Sx->DR = Data;
 840              		.loc 1 362 14
 841 000c 7B68     		ldr	r3, [r7, #4]
 842 000e 7A88     		ldrh	r2, [r7, #2]	@ movhi
 843 0010 9A81     		strh	r2, [r3, #12]	@ movhi
 363:../../../firmware/n32h7xx_std_periph_driver/src/n32h7xx_i2s.c **** }
 844              		.loc 1 363 1
 845 0012 00BF     		nop
 846 0014 0C37     		adds	r7, r7, #12
 847              	.LCFI62:
 848              		.cfi_def_cfa_offset 4
 849 0016 BD46     		mov	sp, r7
 850              	.LCFI63:
ARM GAS  /tmp/ccAqlqeu.s 			page 22


 851              		.cfi_def_cfa_register 13
 852              		@ sp needed
 853 0018 80BC     		pop	{r7}
 854              	.LCFI64:
 855              		.cfi_restore 7
 856              		.cfi_def_cfa_offset 0
 857 001a 7047     		bx	lr
 858              		.cfi_endproc
 859              	.LFE157:
 861              		.section	.text.I2S_ReceiveData,"ax",%progbits
 862              		.align	1
 863              		.global	I2S_ReceiveData
 864              		.syntax unified
 865              		.thumb
 866              		.thumb_func
 868              	I2S_ReceiveData:
 869              	.LFB158:
 364:../../../firmware/n32h7xx_std_periph_driver/src/n32h7xx_i2s.c **** 
 365:../../../firmware/n32h7xx_std_periph_driver/src/n32h7xx_i2s.c **** /**
 366:../../../firmware/n32h7xx_std_periph_driver/src/n32h7xx_i2s.c **** *\*\name    I2S_ReceiveData.
 367:../../../firmware/n32h7xx_std_periph_driver/src/n32h7xx_i2s.c **** *\*\fun     Get SPI/I2S data from SPI_DAT register.
 368:../../../firmware/n32h7xx_std_periph_driver/src/n32h7xx_i2s.c **** *\*\param   I2Sx :
 369:../../../firmware/n32h7xx_std_periph_driver/src/n32h7xx_i2s.c **** *\*\          - I2S1
 370:../../../firmware/n32h7xx_std_periph_driver/src/n32h7xx_i2s.c **** *\*\          - I2S2
 371:../../../firmware/n32h7xx_std_periph_driver/src/n32h7xx_i2s.c **** *\*\          - I2S3
 372:../../../firmware/n32h7xx_std_periph_driver/src/n32h7xx_i2s.c **** *\*\          - I2S4
 373:../../../firmware/n32h7xx_std_periph_driver/src/n32h7xx_i2s.c **** *\*\return  The data in the SPI_DAT register
 374:../../../firmware/n32h7xx_std_periph_driver/src/n32h7xx_i2s.c **** **/
 375:../../../firmware/n32h7xx_std_periph_driver/src/n32h7xx_i2s.c **** uint16_t I2S_ReceiveData(I2S_Module* I2Sx)
 376:../../../firmware/n32h7xx_std_periph_driver/src/n32h7xx_i2s.c **** {
 870              		.loc 1 376 1
 871              		.cfi_startproc
 872              		@ args = 0, pretend = 0, frame = 8
 873              		@ frame_needed = 1, uses_anonymous_args = 0
 874              		@ link register save eliminated.
 875 0000 80B4     		push	{r7}
 876              	.LCFI65:
 877              		.cfi_def_cfa_offset 4
 878              		.cfi_offset 7, -4
 879 0002 83B0     		sub	sp, sp, #12
 880              	.LCFI66:
 881              		.cfi_def_cfa_offset 16
 882 0004 00AF     		add	r7, sp, #0
 883              	.LCFI67:
 884              		.cfi_def_cfa_register 7
 885 0006 7860     		str	r0, [r7, #4]
 377:../../../firmware/n32h7xx_std_periph_driver/src/n32h7xx_i2s.c ****     /* Return the data in the SPI_DAT register */
 378:../../../firmware/n32h7xx_std_periph_driver/src/n32h7xx_i2s.c ****     return I2Sx->DR;
 886              		.loc 1 378 16
 887 0008 7B68     		ldr	r3, [r7, #4]
 888 000a 9B89     		ldrh	r3, [r3, #12]	@ movhi
 889 000c 9BB2     		uxth	r3, r3
 379:../../../firmware/n32h7xx_std_periph_driver/src/n32h7xx_i2s.c **** }
 890              		.loc 1 379 1
 891 000e 1846     		mov	r0, r3
 892 0010 0C37     		adds	r7, r7, #12
 893              	.LCFI68:
ARM GAS  /tmp/ccAqlqeu.s 			page 23


 894              		.cfi_def_cfa_offset 4
 895 0012 BD46     		mov	sp, r7
 896              	.LCFI69:
 897              		.cfi_def_cfa_register 13
 898              		@ sp needed
 899 0014 80BC     		pop	{r7}
 900              	.LCFI70:
 901              		.cfi_restore 7
 902              		.cfi_def_cfa_offset 0
 903 0016 7047     		bx	lr
 904              		.cfi_endproc
 905              	.LFE158:
 907              		.section	.text.I2S_DataFifoGet,"ax",%progbits
 908              		.align	1
 909              		.global	I2S_DataFifoGet
 910              		.syntax unified
 911              		.thumb
 912              		.thumb_func
 914              	I2S_DataFifoGet:
 915              	.LFB159:
 380:../../../firmware/n32h7xx_std_periph_driver/src/n32h7xx_i2s.c **** 
 381:../../../firmware/n32h7xx_std_periph_driver/src/n32h7xx_i2s.c **** /**
 382:../../../firmware/n32h7xx_std_periph_driver/src/n32h7xx_i2s.c **** *\*\name    I2S_DataFifoGet.
 383:../../../firmware/n32h7xx_std_periph_driver/src/n32h7xx_i2s.c **** *\*\fun     Get SPI/I2S data from RXFIFO register.
 384:../../../firmware/n32h7xx_std_periph_driver/src/n32h7xx_i2s.c **** *\*\param   I2Sx :
 385:../../../firmware/n32h7xx_std_periph_driver/src/n32h7xx_i2s.c **** *\*\          - I2S1
 386:../../../firmware/n32h7xx_std_periph_driver/src/n32h7xx_i2s.c **** *\*\          - I2S2
 387:../../../firmware/n32h7xx_std_periph_driver/src/n32h7xx_i2s.c **** *\*\          - I2S3
 388:../../../firmware/n32h7xx_std_periph_driver/src/n32h7xx_i2s.c **** *\*\          - I2S4
 389:../../../firmware/n32h7xx_std_periph_driver/src/n32h7xx_i2s.c **** *\*\return  The data in the SPI_DAT register
 390:../../../firmware/n32h7xx_std_periph_driver/src/n32h7xx_i2s.c **** **/
 391:../../../firmware/n32h7xx_std_periph_driver/src/n32h7xx_i2s.c **** uint16_t I2S_DataFifoGet(I2S_Module* I2Sx)
 392:../../../firmware/n32h7xx_std_periph_driver/src/n32h7xx_i2s.c **** {
 916              		.loc 1 392 1
 917              		.cfi_startproc
 918              		@ args = 0, pretend = 0, frame = 8
 919              		@ frame_needed = 1, uses_anonymous_args = 0
 920              		@ link register save eliminated.
 921 0000 80B4     		push	{r7}
 922              	.LCFI71:
 923              		.cfi_def_cfa_offset 4
 924              		.cfi_offset 7, -4
 925 0002 83B0     		sub	sp, sp, #12
 926              	.LCFI72:
 927              		.cfi_def_cfa_offset 16
 928 0004 00AF     		add	r7, sp, #0
 929              	.LCFI73:
 930              		.cfi_def_cfa_register 7
 931 0006 7860     		str	r0, [r7, #4]
 393:../../../firmware/n32h7xx_std_periph_driver/src/n32h7xx_i2s.c ****     /* Return the data in the SPI_DAT register */
 394:../../../firmware/n32h7xx_std_periph_driver/src/n32h7xx_i2s.c ****     return I2Sx->RXFIFO;
 932              		.loc 1 394 16
 933 0008 7B68     		ldr	r3, [r7, #4]
 934 000a 9B8C     		ldrh	r3, [r3, #36]	@ movhi
 935 000c 9BB2     		uxth	r3, r3
 395:../../../firmware/n32h7xx_std_periph_driver/src/n32h7xx_i2s.c **** }
 936              		.loc 1 395 1
ARM GAS  /tmp/ccAqlqeu.s 			page 24


 937 000e 1846     		mov	r0, r3
 938 0010 0C37     		adds	r7, r7, #12
 939              	.LCFI74:
 940              		.cfi_def_cfa_offset 4
 941 0012 BD46     		mov	sp, r7
 942              	.LCFI75:
 943              		.cfi_def_cfa_register 13
 944              		@ sp needed
 945 0014 80BC     		pop	{r7}
 946              	.LCFI76:
 947              		.cfi_restore 7
 948              		.cfi_def_cfa_offset 0
 949 0016 7047     		bx	lr
 950              		.cfi_endproc
 951              	.LFE159:
 953              		.section	.text.I2S_Rx_Fifo_Num_Get,"ax",%progbits
 954              		.align	1
 955              		.global	I2S_Rx_Fifo_Num_Get
 956              		.syntax unified
 957              		.thumb
 958              		.thumb_func
 960              	I2S_Rx_Fifo_Num_Get:
 961              	.LFB160:
 396:../../../firmware/n32h7xx_std_periph_driver/src/n32h7xx_i2s.c **** 
 397:../../../firmware/n32h7xx_std_periph_driver/src/n32h7xx_i2s.c **** /**
 398:../../../firmware/n32h7xx_std_periph_driver/src/n32h7xx_i2s.c **** *\*\name    I2S_Rx_Fifo_Num_Get.
 399:../../../firmware/n32h7xx_std_periph_driver/src/n32h7xx_i2s.c **** *\*\fun     Get I2S Receive Data Counter in FIFO.
 400:../../../firmware/n32h7xx_std_periph_driver/src/n32h7xx_i2s.c **** *\*\param   I2Sx :
 401:../../../firmware/n32h7xx_std_periph_driver/src/n32h7xx_i2s.c **** *\*\          - I2S1
 402:../../../firmware/n32h7xx_std_periph_driver/src/n32h7xx_i2s.c **** *\*\          - I2S2
 403:../../../firmware/n32h7xx_std_periph_driver/src/n32h7xx_i2s.c **** *\*\          - I2S3
 404:../../../firmware/n32h7xx_std_periph_driver/src/n32h7xx_i2s.c **** *\*\          - I2S4
 405:../../../firmware/n32h7xx_std_periph_driver/src/n32h7xx_i2s.c **** *\*\return  The RX FIFO Data Count
 406:../../../firmware/n32h7xx_std_periph_driver/src/n32h7xx_i2s.c **** **/
 407:../../../firmware/n32h7xx_std_periph_driver/src/n32h7xx_i2s.c **** uint16_t I2S_Rx_Fifo_Num_Get(I2S_Module* I2Sx)
 408:../../../firmware/n32h7xx_std_periph_driver/src/n32h7xx_i2s.c **** {
 962              		.loc 1 408 1
 963              		.cfi_startproc
 964              		@ args = 0, pretend = 0, frame = 8
 965              		@ frame_needed = 1, uses_anonymous_args = 0
 966              		@ link register save eliminated.
 967 0000 80B4     		push	{r7}
 968              	.LCFI77:
 969              		.cfi_def_cfa_offset 4
 970              		.cfi_offset 7, -4
 971 0002 83B0     		sub	sp, sp, #12
 972              	.LCFI78:
 973              		.cfi_def_cfa_offset 16
 974 0004 00AF     		add	r7, sp, #0
 975              	.LCFI79:
 976              		.cfi_def_cfa_register 7
 977 0006 7860     		str	r0, [r7, #4]
 409:../../../firmware/n32h7xx_std_periph_driver/src/n32h7xx_i2s.c ****     /* Return The RX  Data Count in FIFO*/
 410:../../../firmware/n32h7xx_std_periph_driver/src/n32h7xx_i2s.c ****     return ((I2Sx->FIFOCNT & I2S_FIFO_NUM_RX_CNT) >> 4);
 978              		.loc 1 410 18
 979 0008 7B68     		ldr	r3, [r7, #4]
 980 000a 1B8E     		ldrh	r3, [r3, #48]	@ movhi
ARM GAS  /tmp/ccAqlqeu.s 			page 25


 981 000c 9BB2     		uxth	r3, r3
 982              		.loc 1 410 51
 983 000e 1B11     		asrs	r3, r3, #4
 984 0010 9BB2     		uxth	r3, r3
 985 0012 03F00F03 		and	r3, r3, #15
 986 0016 9BB2     		uxth	r3, r3
 411:../../../firmware/n32h7xx_std_periph_driver/src/n32h7xx_i2s.c **** }
 987              		.loc 1 411 1
 988 0018 1846     		mov	r0, r3
 989 001a 0C37     		adds	r7, r7, #12
 990              	.LCFI80:
 991              		.cfi_def_cfa_offset 4
 992 001c BD46     		mov	sp, r7
 993              	.LCFI81:
 994              		.cfi_def_cfa_register 13
 995              		@ sp needed
 996 001e 80BC     		pop	{r7}
 997              	.LCFI82:
 998              		.cfi_restore 7
 999              		.cfi_def_cfa_offset 0
 1000 0020 7047     		bx	lr
 1001              		.cfi_endproc
 1002              	.LFE160:
 1004              		.section	.text.I2S_Tx_Fifo_Num_Get,"ax",%progbits
 1005              		.align	1
 1006              		.global	I2S_Tx_Fifo_Num_Get
 1007              		.syntax unified
 1008              		.thumb
 1009              		.thumb_func
 1011              	I2S_Tx_Fifo_Num_Get:
 1012              	.LFB161:
 412:../../../firmware/n32h7xx_std_periph_driver/src/n32h7xx_i2s.c **** 
 413:../../../firmware/n32h7xx_std_periph_driver/src/n32h7xx_i2s.c **** /**
 414:../../../firmware/n32h7xx_std_periph_driver/src/n32h7xx_i2s.c **** *\*\name    I2S_Tx_Fifo_Num_Get.
 415:../../../firmware/n32h7xx_std_periph_driver/src/n32h7xx_i2s.c **** *\*\fun     Get I2S Send Data Counter in FIFO.
 416:../../../firmware/n32h7xx_std_periph_driver/src/n32h7xx_i2s.c **** *\*\param   I2Sx :
 417:../../../firmware/n32h7xx_std_periph_driver/src/n32h7xx_i2s.c **** *\*\          - I2S1
 418:../../../firmware/n32h7xx_std_periph_driver/src/n32h7xx_i2s.c **** *\*\          - I2S2
 419:../../../firmware/n32h7xx_std_periph_driver/src/n32h7xx_i2s.c **** *\*\          - I2S3
 420:../../../firmware/n32h7xx_std_periph_driver/src/n32h7xx_i2s.c **** *\*\          - I2S4
 421:../../../firmware/n32h7xx_std_periph_driver/src/n32h7xx_i2s.c **** *\*\return  The TX Data Count in FIFO
 422:../../../firmware/n32h7xx_std_periph_driver/src/n32h7xx_i2s.c **** **/
 423:../../../firmware/n32h7xx_std_periph_driver/src/n32h7xx_i2s.c **** uint16_t I2S_Tx_Fifo_Num_Get(I2S_Module* I2Sx)
 424:../../../firmware/n32h7xx_std_periph_driver/src/n32h7xx_i2s.c **** {
 1013              		.loc 1 424 1
 1014              		.cfi_startproc
 1015              		@ args = 0, pretend = 0, frame = 8
 1016              		@ frame_needed = 1, uses_anonymous_args = 0
 1017              		@ link register save eliminated.
 1018 0000 80B4     		push	{r7}
 1019              	.LCFI83:
 1020              		.cfi_def_cfa_offset 4
 1021              		.cfi_offset 7, -4
 1022 0002 83B0     		sub	sp, sp, #12
 1023              	.LCFI84:
 1024              		.cfi_def_cfa_offset 16
 1025 0004 00AF     		add	r7, sp, #0
ARM GAS  /tmp/ccAqlqeu.s 			page 26


 1026              	.LCFI85:
 1027              		.cfi_def_cfa_register 7
 1028 0006 7860     		str	r0, [r7, #4]
 425:../../../firmware/n32h7xx_std_periph_driver/src/n32h7xx_i2s.c ****     /* Return The TX Data Count in FIFO */
 426:../../../firmware/n32h7xx_std_periph_driver/src/n32h7xx_i2s.c ****     return ((I2Sx->FIFOCNT & I2S_FIFO_NUM_TX_CNT));
 1029              		.loc 1 426 18
 1030 0008 7B68     		ldr	r3, [r7, #4]
 1031 000a 1B8E     		ldrh	r3, [r3, #48]	@ movhi
 1032 000c 9BB2     		uxth	r3, r3
 1033              		.loc 1 426 28
 1034 000e 03F00F03 		and	r3, r3, #15
 1035 0012 9BB2     		uxth	r3, r3
 427:../../../firmware/n32h7xx_std_periph_driver/src/n32h7xx_i2s.c **** }
 1036              		.loc 1 427 1
 1037 0014 1846     		mov	r0, r3
 1038 0016 0C37     		adds	r7, r7, #12
 1039              	.LCFI86:
 1040              		.cfi_def_cfa_offset 4
 1041 0018 BD46     		mov	sp, r7
 1042              	.LCFI87:
 1043              		.cfi_def_cfa_register 13
 1044              		@ sp needed
 1045 001a 80BC     		pop	{r7}
 1046              	.LCFI88:
 1047              		.cfi_restore 7
 1048              		.cfi_def_cfa_offset 0
 1049 001c 7047     		bx	lr
 1050              		.cfi_endproc
 1051              	.LFE161:
 1053              		.section	.text.I2S_Tx_Fifo_Half_Full_Threshold_Cfg,"ax",%progbits
 1054              		.align	1
 1055              		.global	I2S_Tx_Fifo_Half_Full_Threshold_Cfg
 1056              		.syntax unified
 1057              		.thumb
 1058              		.thumb_func
 1060              	I2S_Tx_Fifo_Half_Full_Threshold_Cfg:
 1061              	.LFB162:
 428:../../../firmware/n32h7xx_std_periph_driver/src/n32h7xx_i2s.c **** 
 429:../../../firmware/n32h7xx_std_periph_driver/src/n32h7xx_i2s.c **** /**
 430:../../../firmware/n32h7xx_std_periph_driver/src/n32h7xx_i2s.c **** *\*\name    I2S_Tx_Fifo_Half_Full_Threshold_Cfg.
 431:../../../firmware/n32h7xx_std_periph_driver/src/n32h7xx_i2s.c **** *\*\fun     Configure TX FIFO Half Empty Threshold Value.
 432:../../../firmware/n32h7xx_std_periph_driver/src/n32h7xx_i2s.c **** *\*\param   I2Sx :
 433:../../../firmware/n32h7xx_std_periph_driver/src/n32h7xx_i2s.c **** *\*\          - I2S1
 434:../../../firmware/n32h7xx_std_periph_driver/src/n32h7xx_i2s.c **** *\*\          - I2S2
 435:../../../firmware/n32h7xx_std_periph_driver/src/n32h7xx_i2s.c **** *\*\          - I2S3
 436:../../../firmware/n32h7xx_std_periph_driver/src/n32h7xx_i2s.c **** *\*\          - I2S4
 437:../../../firmware/n32h7xx_std_periph_driver/src/n32h7xx_i2s.c **** *\*\return  None
 438:../../../firmware/n32h7xx_std_periph_driver/src/n32h7xx_i2s.c **** **/
 439:../../../firmware/n32h7xx_std_periph_driver/src/n32h7xx_i2s.c **** void I2S_Tx_Fifo_Half_Full_Threshold_Cfg(I2S_Module* I2Sx, uint8_t threshold)
 440:../../../firmware/n32h7xx_std_periph_driver/src/n32h7xx_i2s.c **** {
 1062              		.loc 1 440 1
 1063              		.cfi_startproc
 1064              		@ args = 0, pretend = 0, frame = 8
 1065              		@ frame_needed = 1, uses_anonymous_args = 0
 1066              		@ link register save eliminated.
 1067 0000 80B4     		push	{r7}
 1068              	.LCFI89:
ARM GAS  /tmp/ccAqlqeu.s 			page 27


 1069              		.cfi_def_cfa_offset 4
 1070              		.cfi_offset 7, -4
 1071 0002 83B0     		sub	sp, sp, #12
 1072              	.LCFI90:
 1073              		.cfi_def_cfa_offset 16
 1074 0004 00AF     		add	r7, sp, #0
 1075              	.LCFI91:
 1076              		.cfi_def_cfa_register 7
 1077 0006 7860     		str	r0, [r7, #4]
 1078 0008 0B46     		mov	r3, r1
 1079 000a FB70     		strb	r3, [r7, #3]
 441:../../../firmware/n32h7xx_std_periph_driver/src/n32h7xx_i2s.c ****     /* Configure TX FIFO Half Empty Threshold Value  */
 442:../../../firmware/n32h7xx_std_periph_driver/src/n32h7xx_i2s.c ****     I2Sx->FIFONUM |= (threshold & I2S_FIFO_BURST_NUM_TX);
 1080              		.loc 1 442 9
 1081 000c 7B68     		ldr	r3, [r7, #4]
 1082 000e 1B8D     		ldrh	r3, [r3, #40]	@ movhi
 1083 0010 9BB2     		uxth	r3, r3
 1084 0012 1AB2     		sxth	r2, r3
 1085              		.loc 1 442 33
 1086 0014 FB78     		ldrb	r3, [r7, #3]	@ zero_extendqisi2
 1087 0016 1BB2     		sxth	r3, r3
 1088 0018 03F00703 		and	r3, r3, #7
 1089 001c 1BB2     		sxth	r3, r3
 1090              		.loc 1 442 19
 1091 001e 1343     		orrs	r3, r3, r2
 1092 0020 1BB2     		sxth	r3, r3
 1093 0022 9AB2     		uxth	r2, r3
 1094 0024 7B68     		ldr	r3, [r7, #4]
 1095 0026 1A85     		strh	r2, [r3, #40]	@ movhi
 443:../../../firmware/n32h7xx_std_periph_driver/src/n32h7xx_i2s.c **** }
 1096              		.loc 1 443 1
 1097 0028 00BF     		nop
 1098 002a 0C37     		adds	r7, r7, #12
 1099              	.LCFI92:
 1100              		.cfi_def_cfa_offset 4
 1101 002c BD46     		mov	sp, r7
 1102              	.LCFI93:
 1103              		.cfi_def_cfa_register 13
 1104              		@ sp needed
 1105 002e 80BC     		pop	{r7}
 1106              	.LCFI94:
 1107              		.cfi_restore 7
 1108              		.cfi_def_cfa_offset 0
 1109 0030 7047     		bx	lr
 1110              		.cfi_endproc
 1111              	.LFE162:
 1113              		.section	.text.I2S_Rx_Fifo_Half_Full_Threshold_Cfg,"ax",%progbits
 1114              		.align	1
 1115              		.global	I2S_Rx_Fifo_Half_Full_Threshold_Cfg
 1116              		.syntax unified
 1117              		.thumb
 1118              		.thumb_func
 1120              	I2S_Rx_Fifo_Half_Full_Threshold_Cfg:
 1121              	.LFB163:
 444:../../../firmware/n32h7xx_std_periph_driver/src/n32h7xx_i2s.c **** 
 445:../../../firmware/n32h7xx_std_periph_driver/src/n32h7xx_i2s.c **** /**
 446:../../../firmware/n32h7xx_std_periph_driver/src/n32h7xx_i2s.c **** *\*\name    I2S_Rx_Fifo_Half_Full_Threshold_Cfg.
ARM GAS  /tmp/ccAqlqeu.s 			page 28


 447:../../../firmware/n32h7xx_std_periph_driver/src/n32h7xx_i2s.c **** *\*\fun     Configure RX FIFO Half Empty Threshold Value.
 448:../../../firmware/n32h7xx_std_periph_driver/src/n32h7xx_i2s.c **** *\*\param   I2Sx :
 449:../../../firmware/n32h7xx_std_periph_driver/src/n32h7xx_i2s.c **** *\*\          - I2S1
 450:../../../firmware/n32h7xx_std_periph_driver/src/n32h7xx_i2s.c **** *\*\          - I2S2
 451:../../../firmware/n32h7xx_std_periph_driver/src/n32h7xx_i2s.c **** *\*\          - I2S3
 452:../../../firmware/n32h7xx_std_periph_driver/src/n32h7xx_i2s.c **** *\*\          - I2S4
 453:../../../firmware/n32h7xx_std_periph_driver/src/n32h7xx_i2s.c **** *\*\return  None
 454:../../../firmware/n32h7xx_std_periph_driver/src/n32h7xx_i2s.c **** **/
 455:../../../firmware/n32h7xx_std_periph_driver/src/n32h7xx_i2s.c **** void I2S_Rx_Fifo_Half_Full_Threshold_Cfg(I2S_Module* I2Sx, uint8_t threshold)
 456:../../../firmware/n32h7xx_std_periph_driver/src/n32h7xx_i2s.c **** {
 1122              		.loc 1 456 1
 1123              		.cfi_startproc
 1124              		@ args = 0, pretend = 0, frame = 8
 1125              		@ frame_needed = 1, uses_anonymous_args = 0
 1126              		@ link register save eliminated.
 1127 0000 80B4     		push	{r7}
 1128              	.LCFI95:
 1129              		.cfi_def_cfa_offset 4
 1130              		.cfi_offset 7, -4
 1131 0002 83B0     		sub	sp, sp, #12
 1132              	.LCFI96:
 1133              		.cfi_def_cfa_offset 16
 1134 0004 00AF     		add	r7, sp, #0
 1135              	.LCFI97:
 1136              		.cfi_def_cfa_register 7
 1137 0006 7860     		str	r0, [r7, #4]
 1138 0008 0B46     		mov	r3, r1
 1139 000a FB70     		strb	r3, [r7, #3]
 457:../../../firmware/n32h7xx_std_periph_driver/src/n32h7xx_i2s.c ****     /* Configure RX FIFO Half Empty Threshold Value */
 458:../../../firmware/n32h7xx_std_periph_driver/src/n32h7xx_i2s.c ****     I2Sx->FIFONUM |= ((threshold >> 4) & I2S_FIFO_BURST_NUM_RX);
 1140              		.loc 1 458 9
 1141 000c 7B68     		ldr	r3, [r7, #4]
 1142 000e 1B8D     		ldrh	r3, [r3, #40]	@ movhi
 1143 0010 9BB2     		uxth	r3, r3
 1144 0012 1AB2     		sxth	r2, r3
 1145              		.loc 1 458 40
 1146 0014 FB78     		ldrb	r3, [r7, #3]	@ zero_extendqisi2
 1147 0016 1B09     		lsrs	r3, r3, #4
 1148 0018 DBB2     		uxtb	r3, r3
 1149 001a 1BB2     		sxth	r3, r3
 1150 001c 03F07003 		and	r3, r3, #112
 1151 0020 1BB2     		sxth	r3, r3
 1152              		.loc 1 458 19
 1153 0022 1343     		orrs	r3, r3, r2
 1154 0024 1BB2     		sxth	r3, r3
 1155 0026 9AB2     		uxth	r2, r3
 1156 0028 7B68     		ldr	r3, [r7, #4]
 1157 002a 1A85     		strh	r2, [r3, #40]	@ movhi
 459:../../../firmware/n32h7xx_std_periph_driver/src/n32h7xx_i2s.c **** }
 1158              		.loc 1 459 1
 1159 002c 00BF     		nop
 1160 002e 0C37     		adds	r7, r7, #12
 1161              	.LCFI98:
 1162              		.cfi_def_cfa_offset 4
 1163 0030 BD46     		mov	sp, r7
 1164              	.LCFI99:
 1165              		.cfi_def_cfa_register 13
ARM GAS  /tmp/ccAqlqeu.s 			page 29


 1166              		@ sp needed
 1167 0032 80BC     		pop	{r7}
 1168              	.LCFI100:
 1169              		.cfi_restore 7
 1170              		.cfi_def_cfa_offset 0
 1171 0034 7047     		bx	lr
 1172              		.cfi_endproc
 1173              	.LFE163:
 1175              		.section	.text.I2S_GetStatus,"ax",%progbits
 1176              		.align	1
 1177              		.global	I2S_GetStatus
 1178              		.syntax unified
 1179              		.thumb
 1180              		.thumb_func
 1182              	I2S_GetStatus:
 1183              	.LFB164:
 460:../../../firmware/n32h7xx_std_periph_driver/src/n32h7xx_i2s.c **** 
 461:../../../firmware/n32h7xx_std_periph_driver/src/n32h7xx_i2s.c **** /**
 462:../../../firmware/n32h7xx_std_periph_driver/src/n32h7xx_i2s.c **** *\*\name    SPI_I2S_GetStatus.
 463:../../../firmware/n32h7xx_std_periph_driver/src/n32h7xx_i2s.c **** *\*\fun     Checks whether the specified SPI/I2S flag is set or not.
 464:../../../firmware/n32h7xx_std_periph_driver/src/n32h7xx_i2s.c **** *\*\param   SPIx :
 465:../../../firmware/n32h7xx_std_periph_driver/src/n32h7xx_i2s.c **** *\*\				 - 1, 2, 3, 4, 5 or 6 in SPI mode
 466:../../../firmware/n32h7xx_std_periph_driver/src/n32h7xx_i2s.c **** *\*\				 - 2 or 3 in I2S mode
 467:../../../firmware/n32h7xx_std_periph_driver/src/n32h7xx_i2s.c **** *\*\param   SPI_I2S_FLAG :
 468:../../../firmware/n32h7xx_std_periph_driver/src/n32h7xx_i2s.c **** *\*\				 - SPI_I2S_BUSY_FLAG
 469:../../../firmware/n32h7xx_std_periph_driver/src/n32h7xx_i2s.c **** *\*\				 - SPI_I2S_OVER_FLAG
 470:../../../firmware/n32h7xx_std_periph_driver/src/n32h7xx_i2s.c **** *\*\				 - SPI_MODERR_FLAG
 471:../../../firmware/n32h7xx_std_periph_driver/src/n32h7xx_i2s.c **** *\*\				 - SPI_CRCERR_FLAG
 472:../../../firmware/n32h7xx_std_periph_driver/src/n32h7xx_i2s.c **** *\*\				 - I2S_UNDER_FLAG
 473:../../../firmware/n32h7xx_std_periph_driver/src/n32h7xx_i2s.c **** *\*\				 - I2S_CHSIDE_FLAG
 474:../../../firmware/n32h7xx_std_periph_driver/src/n32h7xx_i2s.c **** *\*\				 - SPI_I2S_TE_FLAG
 475:../../../firmware/n32h7xx_std_periph_driver/src/n32h7xx_i2s.c **** *\*\				 - SPI_I2S_RNE_FLAG
 476:../../../firmware/n32h7xx_std_periph_driver/src/n32h7xx_i2s.c **** *\*\				 - SPI_I2S_RXONLYC_FLAG
 477:../../../firmware/n32h7xx_std_periph_driver/src/n32h7xx_i2s.c **** *\*\				 - SPI_I2S_RXFIFOF_FLAG
 478:../../../firmware/n32h7xx_std_periph_driver/src/n32h7xx_i2s.c **** *\*\				 - SPI_I2S_TXFIFOE_FLAG
 479:../../../firmware/n32h7xx_std_periph_driver/src/n32h7xx_i2s.c **** *\*\				 - SPI_I2S_RXFIFOHF_FLAG
 480:../../../firmware/n32h7xx_std_periph_driver/src/n32h7xx_i2s.c **** *\*\				 - SPI_I2S_TXFIFOHE_FLAG
 481:../../../firmware/n32h7xx_std_periph_driver/src/n32h7xx_i2s.c **** *\*\return  The new state of SPI_I2S_FLAG (SET or RESET).
 482:../../../firmware/n32h7xx_std_periph_driver/src/n32h7xx_i2s.c **** **/
 483:../../../firmware/n32h7xx_std_periph_driver/src/n32h7xx_i2s.c **** FlagStatus I2S_GetStatus(I2S_Module* I2Sx, uint8_t i2s_flag)
 484:../../../firmware/n32h7xx_std_periph_driver/src/n32h7xx_i2s.c **** {
 1184              		.loc 1 484 1
 1185              		.cfi_startproc
 1186              		@ args = 0, pretend = 0, frame = 16
 1187              		@ frame_needed = 1, uses_anonymous_args = 0
 1188              		@ link register save eliminated.
 1189 0000 80B4     		push	{r7}
 1190              	.LCFI101:
 1191              		.cfi_def_cfa_offset 4
 1192              		.cfi_offset 7, -4
 1193 0002 85B0     		sub	sp, sp, #20
 1194              	.LCFI102:
 1195              		.cfi_def_cfa_offset 24
 1196 0004 00AF     		add	r7, sp, #0
 1197              	.LCFI103:
 1198              		.cfi_def_cfa_register 7
 1199 0006 7860     		str	r0, [r7, #4]
ARM GAS  /tmp/ccAqlqeu.s 			page 30


 1200 0008 0B46     		mov	r3, r1
 1201 000a FB70     		strb	r3, [r7, #3]
 485:../../../firmware/n32h7xx_std_periph_driver/src/n32h7xx_i2s.c ****     FlagStatus bitstatus;
 486:../../../firmware/n32h7xx_std_periph_driver/src/n32h7xx_i2s.c **** 
 487:../../../firmware/n32h7xx_std_periph_driver/src/n32h7xx_i2s.c ****     /* Check the status of the specified SPI/I2S flag */
 488:../../../firmware/n32h7xx_std_periph_driver/src/n32h7xx_i2s.c ****     if ((I2Sx->SR & i2s_flag) != (uint16_t)RESET)
 1202              		.loc 1 488 14
 1203 000c 7B68     		ldr	r3, [r7, #4]
 1204 000e 1B89     		ldrh	r3, [r3, #8]	@ movhi
 1205 0010 9BB2     		uxth	r3, r3
 1206 0012 1A46     		mov	r2, r3
 1207              		.loc 1 488 19
 1208 0014 FB78     		ldrb	r3, [r7, #3]	@ zero_extendqisi2
 1209 0016 1340     		ands	r3, r3, r2
 1210              		.loc 1 488 8
 1211 0018 002B     		cmp	r3, #0
 1212 001a 02D0     		beq	.L39
 489:../../../firmware/n32h7xx_std_periph_driver/src/n32h7xx_i2s.c ****     {
 490:../../../firmware/n32h7xx_std_periph_driver/src/n32h7xx_i2s.c ****         /* SPI_I2S_FLAG is set */
 491:../../../firmware/n32h7xx_std_periph_driver/src/n32h7xx_i2s.c ****         bitstatus = SET;
 1213              		.loc 1 491 19
 1214 001c 0123     		movs	r3, #1
 1215 001e FB73     		strb	r3, [r7, #15]
 1216 0020 01E0     		b	.L40
 1217              	.L39:
 492:../../../firmware/n32h7xx_std_periph_driver/src/n32h7xx_i2s.c ****     }
 493:../../../firmware/n32h7xx_std_periph_driver/src/n32h7xx_i2s.c ****     else
 494:../../../firmware/n32h7xx_std_periph_driver/src/n32h7xx_i2s.c ****     {
 495:../../../firmware/n32h7xx_std_periph_driver/src/n32h7xx_i2s.c ****         /* SPI_I2S_FLAG is reset */
 496:../../../firmware/n32h7xx_std_periph_driver/src/n32h7xx_i2s.c ****         bitstatus = RESET;
 1218              		.loc 1 496 19
 1219 0022 0023     		movs	r3, #0
 1220 0024 FB73     		strb	r3, [r7, #15]
 1221              	.L40:
 497:../../../firmware/n32h7xx_std_periph_driver/src/n32h7xx_i2s.c ****     }
 498:../../../firmware/n32h7xx_std_periph_driver/src/n32h7xx_i2s.c **** 
 499:../../../firmware/n32h7xx_std_periph_driver/src/n32h7xx_i2s.c ****     /* Return the SPI_I2S_FLAG status */
 500:../../../firmware/n32h7xx_std_periph_driver/src/n32h7xx_i2s.c ****     return bitstatus;
 1222              		.loc 1 500 12
 1223 0026 FB7B     		ldrb	r3, [r7, #15]	@ zero_extendqisi2
 501:../../../firmware/n32h7xx_std_periph_driver/src/n32h7xx_i2s.c **** }
 1224              		.loc 1 501 1
 1225 0028 1846     		mov	r0, r3
 1226 002a 1437     		adds	r7, r7, #20
 1227              	.LCFI104:
 1228              		.cfi_def_cfa_offset 4
 1229 002c BD46     		mov	sp, r7
 1230              	.LCFI105:
 1231              		.cfi_def_cfa_register 13
 1232              		@ sp needed
 1233 002e 80BC     		pop	{r7}
 1234              	.LCFI106:
 1235              		.cfi_restore 7
 1236              		.cfi_def_cfa_offset 0
 1237 0030 7047     		bx	lr
 1238              		.cfi_endproc
 1239              	.LFE164:
ARM GAS  /tmp/ccAqlqeu.s 			page 31


 1241              		.section	.text.I2S_GetIntStatus,"ax",%progbits
 1242              		.align	1
 1243              		.global	I2S_GetIntStatus
 1244              		.syntax unified
 1245              		.thumb
 1246              		.thumb_func
 1248              	I2S_GetIntStatus:
 1249              	.LFB165:
 502:../../../firmware/n32h7xx_std_periph_driver/src/n32h7xx_i2s.c **** 
 503:../../../firmware/n32h7xx_std_periph_driver/src/n32h7xx_i2s.c **** /**
 504:../../../firmware/n32h7xx_std_periph_driver/src/n32h7xx_i2s.c **** *\*\name    I2S_GetIntStatus.
 505:../../../firmware/n32h7xx_std_periph_driver/src/n32h7xx_i2s.c **** *\*\fun     Checks whether the specified SPI/I2S interrupt has occurred or not.
 506:../../../firmware/n32h7xx_std_periph_driver/src/n32h7xx_i2s.c **** *\*\param   SPIx :
 507:../../../firmware/n32h7xx_std_periph_driver/src/n32h7xx_i2s.c **** *\*\				 - 1, 2, 3, 4, 5 or 6 in SPI mode
 508:../../../firmware/n32h7xx_std_periph_driver/src/n32h7xx_i2s.c **** *\*\				 - 2 or 3 in I2S mode
 509:../../../firmware/n32h7xx_std_periph_driver/src/n32h7xx_i2s.c **** *\*\param   SPI_I2S_IT :
 510:../../../firmware/n32h7xx_std_periph_driver/src/n32h7xx_i2s.c **** *\*\         - SPI_I2S_INT_TE
 511:../../../firmware/n32h7xx_std_periph_driver/src/n32h7xx_i2s.c **** *\*\         - SPI_I2S_INT_RNE
 512:../../../firmware/n32h7xx_std_periph_driver/src/n32h7xx_i2s.c **** *\*\         - SPI_I2S_INT_RXONLYC
 513:../../../firmware/n32h7xx_std_periph_driver/src/n32h7xx_i2s.c **** *\*\         - SPI_I2S_INT_RXFIFOF
 514:../../../firmware/n32h7xx_std_periph_driver/src/n32h7xx_i2s.c **** *\*\         - SPI_I2S_INT_RXFIFOHF
 515:../../../firmware/n32h7xx_std_periph_driver/src/n32h7xx_i2s.c **** *\*\         - SPI_I2S_INT_TXFIFOHE
 516:../../../firmware/n32h7xx_std_periph_driver/src/n32h7xx_i2s.c **** *\*\         - SPI_I2S_INT_CRCERR
 517:../../../firmware/n32h7xx_std_periph_driver/src/n32h7xx_i2s.c **** *\*\         - SPI_I2S_INT_MODERR
 518:../../../firmware/n32h7xx_std_periph_driver/src/n32h7xx_i2s.c **** *\*\         - SPI_I2S_INT_OVERERR
 519:../../../firmware/n32h7xx_std_periph_driver/src/n32h7xx_i2s.c **** *\*\         - I2S_I2S_INT_UNDER
 520:../../../firmware/n32h7xx_std_periph_driver/src/n32h7xx_i2s.c **** *\*\return  The new state of SPI_I2S_IT (SET or RESET).
 521:../../../firmware/n32h7xx_std_periph_driver/src/n32h7xx_i2s.c **** **/
 522:../../../firmware/n32h7xx_std_periph_driver/src/n32h7xx_i2s.c **** 
 523:../../../firmware/n32h7xx_std_periph_driver/src/n32h7xx_i2s.c **** INTStatus I2S_GetIntStatus(const I2S_Module* I2sx, uint8_t I2S_IT)
 524:../../../firmware/n32h7xx_std_periph_driver/src/n32h7xx_i2s.c **** {
 1250              		.loc 1 524 1
 1251              		.cfi_startproc
 1252              		@ args = 0, pretend = 0, frame = 16
 1253              		@ frame_needed = 1, uses_anonymous_args = 0
 1254              		@ link register save eliminated.
 1255 0000 80B4     		push	{r7}
 1256              	.LCFI107:
 1257              		.cfi_def_cfa_offset 4
 1258              		.cfi_offset 7, -4
 1259 0002 85B0     		sub	sp, sp, #20
 1260              	.LCFI108:
 1261              		.cfi_def_cfa_offset 24
 1262 0004 00AF     		add	r7, sp, #0
 1263              	.LCFI109:
 1264              		.cfi_def_cfa_register 7
 1265 0006 7860     		str	r0, [r7, #4]
 1266 0008 0B46     		mov	r3, r1
 1267 000a FB70     		strb	r3, [r7, #3]
 525:../../../firmware/n32h7xx_std_periph_driver/src/n32h7xx_i2s.c ****     INTStatus bitstatus = RESET;
 1268              		.loc 1 525 15
 1269 000c 0023     		movs	r3, #0
 1270 000e FB73     		strb	r3, [r7, #15]
 526:../../../firmware/n32h7xx_std_periph_driver/src/n32h7xx_i2s.c ****     uint16_t itpos = 0, itmask = 0, enablestatus = 0;
 1271              		.loc 1 526 14
 1272 0010 0023     		movs	r3, #0
 1273 0012 BB81     		strh	r3, [r7, #12]	@ movhi
ARM GAS  /tmp/ccAqlqeu.s 			page 32


 1274              		.loc 1 526 25
 1275 0014 0023     		movs	r3, #0
 1276 0016 7B81     		strh	r3, [r7, #10]	@ movhi
 1277              		.loc 1 526 37
 1278 0018 0023     		movs	r3, #0
 1279 001a 3B81     		strh	r3, [r7, #8]	@ movhi
 527:../../../firmware/n32h7xx_std_periph_driver/src/n32h7xx_i2s.c **** 
 528:../../../firmware/n32h7xx_std_periph_driver/src/n32h7xx_i2s.c ****     /* Get the SPI/I2S IT index */
 529:../../../firmware/n32h7xx_std_periph_driver/src/n32h7xx_i2s.c ****     itpos = 0x01 << (I2S_IT & 0x0F);
 1280              		.loc 1 529 29
 1281 001c FB78     		ldrb	r3, [r7, #3]	@ zero_extendqisi2
 1282 001e 03F00F03 		and	r3, r3, #15
 1283              		.loc 1 529 18
 1284 0022 0122     		movs	r2, #1
 1285 0024 02FA03F3 		lsl	r3, r2, r3
 1286              		.loc 1 529 11
 1287 0028 BB81     		strh	r3, [r7, #12]	@ movhi
 530:../../../firmware/n32h7xx_std_periph_driver/src/n32h7xx_i2s.c **** 
 531:../../../firmware/n32h7xx_std_periph_driver/src/n32h7xx_i2s.c ****     /* Get the SPI/I2S IT mask */
 532:../../../firmware/n32h7xx_std_periph_driver/src/n32h7xx_i2s.c ****     itmask = I2S_IT >> 4;
 1288              		.loc 1 532 12
 1289 002a FB78     		ldrb	r3, [r7, #3]	@ zero_extendqisi2
 1290 002c 1B09     		lsrs	r3, r3, #4
 1291 002e DBB2     		uxtb	r3, r3
 1292 0030 7B81     		strh	r3, [r7, #10]	@ movhi
 533:../../../firmware/n32h7xx_std_periph_driver/src/n32h7xx_i2s.c **** 
 534:../../../firmware/n32h7xx_std_periph_driver/src/n32h7xx_i2s.c ****     /* Set the IT mask */
 535:../../../firmware/n32h7xx_std_periph_driver/src/n32h7xx_i2s.c ****     itmask = 0x01 << itmask;
 1293              		.loc 1 535 19
 1294 0032 7B89     		ldrh	r3, [r7, #10]
 1295 0034 0122     		movs	r2, #1
 1296 0036 02FA03F3 		lsl	r3, r2, r3
 1297              		.loc 1 535 12
 1298 003a 7B81     		strh	r3, [r7, #10]	@ movhi
 536:../../../firmware/n32h7xx_std_periph_driver/src/n32h7xx_i2s.c **** 
 537:../../../firmware/n32h7xx_std_periph_driver/src/n32h7xx_i2s.c ****     /* Get the SPI_I2S_IT enable bit status */
 538:../../../firmware/n32h7xx_std_periph_driver/src/n32h7xx_i2s.c ****     enablestatus = (I2sx->CR2 & itmask);
 1299              		.loc 1 538 25
 1300 003c 7B68     		ldr	r3, [r7, #4]
 1301 003e 9B88     		ldrh	r3, [r3, #4]	@ movhi
 1302 0040 9AB2     		uxth	r2, r3
 1303              		.loc 1 538 18
 1304 0042 7B89     		ldrh	r3, [r7, #10]	@ movhi
 1305 0044 1340     		ands	r3, r3, r2
 1306 0046 3B81     		strh	r3, [r7, #8]	@ movhi
 539:../../../firmware/n32h7xx_std_periph_driver/src/n32h7xx_i2s.c **** 
 540:../../../firmware/n32h7xx_std_periph_driver/src/n32h7xx_i2s.c ****     /* Check the status of the specified SPI/I2S interrupt */
 541:../../../firmware/n32h7xx_std_periph_driver/src/n32h7xx_i2s.c ****     if (((I2sx->SR & itpos) != (uint16_t)RESET) && enablestatus)
 1307              		.loc 1 541 15
 1308 0048 7B68     		ldr	r3, [r7, #4]
 1309 004a 1B89     		ldrh	r3, [r3, #8]	@ movhi
 1310 004c 9AB2     		uxth	r2, r3
 1311              		.loc 1 541 29
 1312 004e BB89     		ldrh	r3, [r7, #12]	@ movhi
 1313 0050 1340     		ands	r3, r3, r2
 1314 0052 9BB2     		uxth	r3, r3
 1315              		.loc 1 541 8
ARM GAS  /tmp/ccAqlqeu.s 			page 33


 1316 0054 002B     		cmp	r3, #0
 1317 0056 05D0     		beq	.L43
 1318              		.loc 1 541 49 discriminator 1
 1319 0058 3B89     		ldrh	r3, [r7, #8]
 1320 005a 002B     		cmp	r3, #0
 1321 005c 02D0     		beq	.L43
 542:../../../firmware/n32h7xx_std_periph_driver/src/n32h7xx_i2s.c ****     {
 543:../../../firmware/n32h7xx_std_periph_driver/src/n32h7xx_i2s.c ****         /* SPI_I2S_IT is set */
 544:../../../firmware/n32h7xx_std_periph_driver/src/n32h7xx_i2s.c ****         bitstatus = SET;
 1322              		.loc 1 544 19
 1323 005e 0123     		movs	r3, #1
 1324 0060 FB73     		strb	r3, [r7, #15]
 1325 0062 01E0     		b	.L44
 1326              	.L43:
 545:../../../firmware/n32h7xx_std_periph_driver/src/n32h7xx_i2s.c ****     }
 546:../../../firmware/n32h7xx_std_periph_driver/src/n32h7xx_i2s.c ****     else
 547:../../../firmware/n32h7xx_std_periph_driver/src/n32h7xx_i2s.c ****     {
 548:../../../firmware/n32h7xx_std_periph_driver/src/n32h7xx_i2s.c ****         /* SPI_I2S_IT is reset */
 549:../../../firmware/n32h7xx_std_periph_driver/src/n32h7xx_i2s.c ****         bitstatus = RESET;
 1327              		.loc 1 549 19
 1328 0064 0023     		movs	r3, #0
 1329 0066 FB73     		strb	r3, [r7, #15]
 1330              	.L44:
 550:../../../firmware/n32h7xx_std_periph_driver/src/n32h7xx_i2s.c ****     }
 551:../../../firmware/n32h7xx_std_periph_driver/src/n32h7xx_i2s.c **** 
 552:../../../firmware/n32h7xx_std_periph_driver/src/n32h7xx_i2s.c ****     /* Return the SPI_I2S_IT status */
 553:../../../firmware/n32h7xx_std_periph_driver/src/n32h7xx_i2s.c ****     return bitstatus;
 1331              		.loc 1 553 12
 1332 0068 FB7B     		ldrb	r3, [r7, #15]	@ zero_extendqisi2
 554:../../../firmware/n32h7xx_std_periph_driver/src/n32h7xx_i2s.c **** }
 1333              		.loc 1 554 1
 1334 006a 1846     		mov	r0, r3
 1335 006c 1437     		adds	r7, r7, #20
 1336              	.LCFI110:
 1337              		.cfi_def_cfa_offset 4
 1338 006e BD46     		mov	sp, r7
 1339              	.LCFI111:
 1340              		.cfi_def_cfa_register 13
 1341              		@ sp needed
 1342 0070 80BC     		pop	{r7}
 1343              	.LCFI112:
 1344              		.cfi_restore 7
 1345              		.cfi_def_cfa_offset 0
 1346 0072 7047     		bx	lr
 1347              		.cfi_endproc
 1348              	.LFE165:
 1350              		.section	.text.I2S_ClrITPendingBit,"ax",%progbits
 1351              		.align	1
 1352              		.global	I2S_ClrITPendingBit
 1353              		.syntax unified
 1354              		.thumb
 1355              		.thumb_func
 1357              	I2S_ClrITPendingBit:
 1358              	.LFB166:
 555:../../../firmware/n32h7xx_std_periph_driver/src/n32h7xx_i2s.c **** 
 556:../../../firmware/n32h7xx_std_periph_driver/src/n32h7xx_i2s.c **** 
 557:../../../firmware/n32h7xx_std_periph_driver/src/n32h7xx_i2s.c **** /**
ARM GAS  /tmp/ccAqlqeu.s 			page 34


 558:../../../firmware/n32h7xx_std_periph_driver/src/n32h7xx_i2s.c **** *\*\name    I2S_ClrITPendingBit.
 559:../../../firmware/n32h7xx_std_periph_driver/src/n32h7xx_i2s.c **** *\*\fun     Clears the SPIx CRC Error (CRCERR) interrupt pending bit.
 560:../../../firmware/n32h7xx_std_periph_driver/src/n32h7xx_i2s.c **** *\*\param   SPIx :
 561:../../../firmware/n32h7xx_std_periph_driver/src/n32h7xx_i2s.c **** *\*\				 - 1, 2, 3, 4, 5 or 6 in SPI mode
 562:../../../firmware/n32h7xx_std_periph_driver/src/n32h7xx_i2s.c **** *\*\				 - 2 or 3 in I2S mode
 563:../../../firmware/n32h7xx_std_periph_driver/src/n32h7xx_i2s.c **** *\*\param   SPI_I2S_IT :
 564:../../../firmware/n32h7xx_std_periph_driver/src/n32h7xx_i2s.c **** *\*\				 - SPI_INT_CRCERR
 565:../../../firmware/n32h7xx_std_periph_driver/src/n32h7xx_i2s.c **** *\*\return  none.
 566:../../../firmware/n32h7xx_std_periph_driver/src/n32h7xx_i2s.c **** **/
 567:../../../firmware/n32h7xx_std_periph_driver/src/n32h7xx_i2s.c **** void I2S_ClrITPendingBit(I2S_Module* I2Sx, uint8_t I2S_IT)
 568:../../../firmware/n32h7xx_std_periph_driver/src/n32h7xx_i2s.c **** {
 1359              		.loc 1 568 1
 1360              		.cfi_startproc
 1361              		@ args = 0, pretend = 0, frame = 16
 1362              		@ frame_needed = 1, uses_anonymous_args = 0
 1363              		@ link register save eliminated.
 1364 0000 80B4     		push	{r7}
 1365              	.LCFI113:
 1366              		.cfi_def_cfa_offset 4
 1367              		.cfi_offset 7, -4
 1368 0002 85B0     		sub	sp, sp, #20
 1369              	.LCFI114:
 1370              		.cfi_def_cfa_offset 24
 1371 0004 00AF     		add	r7, sp, #0
 1372              	.LCFI115:
 1373              		.cfi_def_cfa_register 7
 1374 0006 7860     		str	r0, [r7, #4]
 1375 0008 0B46     		mov	r3, r1
 1376 000a FB70     		strb	r3, [r7, #3]
 569:../../../firmware/n32h7xx_std_periph_driver/src/n32h7xx_i2s.c ****     uint16_t itpos;
 570:../../../firmware/n32h7xx_std_periph_driver/src/n32h7xx_i2s.c **** 
 571:../../../firmware/n32h7xx_std_periph_driver/src/n32h7xx_i2s.c ****     /* Get the SPI IT index */
 572:../../../firmware/n32h7xx_std_periph_driver/src/n32h7xx_i2s.c ****     itpos = 0x0001 << (I2S_IT & 0x0F);
 1377              		.loc 1 572 31
 1378 000c FB78     		ldrb	r3, [r7, #3]	@ zero_extendqisi2
 1379 000e 03F00F03 		and	r3, r3, #15
 1380              		.loc 1 572 20
 1381 0012 0122     		movs	r2, #1
 1382 0014 02FA03F3 		lsl	r3, r2, r3
 1383              		.loc 1 572 11
 1384 0018 FB81     		strh	r3, [r7, #14]	@ movhi
 573:../../../firmware/n32h7xx_std_periph_driver/src/n32h7xx_i2s.c **** 
 574:../../../firmware/n32h7xx_std_periph_driver/src/n32h7xx_i2s.c ****     /* Clear the selected SPI CRC Error (CRCERR) interrupt pending bit */
 575:../../../firmware/n32h7xx_std_periph_driver/src/n32h7xx_i2s.c ****     I2Sx->SR = (uint16_t)~itpos;
 1385              		.loc 1 575 16
 1386 001a FB89     		ldrh	r3, [r7, #14]	@ movhi
 1387 001c DB43     		mvns	r3, r3
 1388 001e 9AB2     		uxth	r2, r3
 1389              		.loc 1 575 14
 1390 0020 7B68     		ldr	r3, [r7, #4]
 1391 0022 1A81     		strh	r2, [r3, #8]	@ movhi
 576:../../../firmware/n32h7xx_std_periph_driver/src/n32h7xx_i2s.c **** }
 1392              		.loc 1 576 1
 1393 0024 00BF     		nop
 1394 0026 1437     		adds	r7, r7, #20
 1395              	.LCFI116:
 1396              		.cfi_def_cfa_offset 4
ARM GAS  /tmp/ccAqlqeu.s 			page 35


 1397 0028 BD46     		mov	sp, r7
 1398              	.LCFI117:
 1399              		.cfi_def_cfa_register 13
 1400              		@ sp needed
 1401 002a 80BC     		pop	{r7}
 1402              	.LCFI118:
 1403              		.cfi_restore 7
 1404              		.cfi_def_cfa_offset 0
 1405 002c 7047     		bx	lr
 1406              		.cfi_endproc
 1407              	.LFE166:
 1409              		.section	.text.I2S_Reset,"ax",%progbits
 1410              		.align	1
 1411              		.global	I2S_Reset
 1412              		.syntax unified
 1413              		.thumb
 1414              		.thumb_func
 1416              	I2S_Reset:
 1417              	.LFB167:
 577:../../../firmware/n32h7xx_std_periph_driver/src/n32h7xx_i2s.c **** 
 578:../../../firmware/n32h7xx_std_periph_driver/src/n32h7xx_i2s.c **** 
 579:../../../firmware/n32h7xx_std_periph_driver/src/n32h7xx_i2s.c **** void I2S_Reset(I2S_Module* I2Sx)
 580:../../../firmware/n32h7xx_std_periph_driver/src/n32h7xx_i2s.c **** {
 1418              		.loc 1 580 1
 1419              		.cfi_startproc
 1420              		@ args = 0, pretend = 0, frame = 8
 1421              		@ frame_needed = 1, uses_anonymous_args = 0
 1422 0000 80B5     		push	{r7, lr}
 1423              	.LCFI119:
 1424              		.cfi_def_cfa_offset 8
 1425              		.cfi_offset 7, -8
 1426              		.cfi_offset 14, -4
 1427 0002 82B0     		sub	sp, sp, #8
 1428              	.LCFI120:
 1429              		.cfi_def_cfa_offset 16
 1430 0004 00AF     		add	r7, sp, #0
 1431              	.LCFI121:
 1432              		.cfi_def_cfa_register 7
 1433 0006 7860     		str	r0, [r7, #4]
 581:../../../firmware/n32h7xx_std_periph_driver/src/n32h7xx_i2s.c ****     if (I2Sx == I2S1)
 1434              		.loc 1 581 8
 1435 0008 7B68     		ldr	r3, [r7, #4]
 1436 000a 134A     		ldr	r2, .L53
 1437 000c 9342     		cmp	r3, r2
 1438 000e 04D1     		bne	.L48
 582:../../../firmware/n32h7xx_std_periph_driver/src/n32h7xx_i2s.c ****     {
 583:../../../firmware/n32h7xx_std_periph_driver/src/n32h7xx_i2s.c ****         RCC_EnableAPB2PeriphReset2(RCC_APB2_PERIPHRST_I2S1);
 1439              		.loc 1 583 9
 1440 0010 4FF08050 		mov	r0, #268435456
 1441 0014 FFF7FEFF 		bl	RCC_EnableAPB2PeriphReset2
 584:../../../firmware/n32h7xx_std_periph_driver/src/n32h7xx_i2s.c ****     }
 585:../../../firmware/n32h7xx_std_periph_driver/src/n32h7xx_i2s.c **** 
 586:../../../firmware/n32h7xx_std_periph_driver/src/n32h7xx_i2s.c ****     else if (I2Sx == I2S2)
 587:../../../firmware/n32h7xx_std_periph_driver/src/n32h7xx_i2s.c ****     {
 588:../../../firmware/n32h7xx_std_periph_driver/src/n32h7xx_i2s.c ****         RCC_EnableAPB2PeriphReset2(RCC_APB2_PERIPHRST_I2S2);
 589:../../../firmware/n32h7xx_std_periph_driver/src/n32h7xx_i2s.c ****     }
 590:../../../firmware/n32h7xx_std_periph_driver/src/n32h7xx_i2s.c **** 
ARM GAS  /tmp/ccAqlqeu.s 			page 36


 591:../../../firmware/n32h7xx_std_periph_driver/src/n32h7xx_i2s.c ****     else if (I2Sx == I2S3)
 592:../../../firmware/n32h7xx_std_periph_driver/src/n32h7xx_i2s.c ****     {
 593:../../../firmware/n32h7xx_std_periph_driver/src/n32h7xx_i2s.c ****         RCC_EnableAPB1PeriphReset4(RCC_APB1_PERIPHRST_I2S3);
 594:../../../firmware/n32h7xx_std_periph_driver/src/n32h7xx_i2s.c ****     }
 595:../../../firmware/n32h7xx_std_periph_driver/src/n32h7xx_i2s.c **** 
 596:../../../firmware/n32h7xx_std_periph_driver/src/n32h7xx_i2s.c ****     else if (I2Sx == I2S4)
 597:../../../firmware/n32h7xx_std_periph_driver/src/n32h7xx_i2s.c ****     {
 598:../../../firmware/n32h7xx_std_periph_driver/src/n32h7xx_i2s.c ****         RCC_EnableAPB1PeriphReset4(RCC_APB1_PERIPHRST_I2S4);
 599:../../../firmware/n32h7xx_std_periph_driver/src/n32h7xx_i2s.c ****     }
 600:../../../firmware/n32h7xx_std_periph_driver/src/n32h7xx_i2s.c **** }
 1442              		.loc 1 600 1
 1443 0018 19E0     		b	.L52
 1444              	.L48:
 586:../../../firmware/n32h7xx_std_periph_driver/src/n32h7xx_i2s.c ****     {
 1445              		.loc 1 586 13
 1446 001a 7B68     		ldr	r3, [r7, #4]
 1447 001c 0F4A     		ldr	r2, .L53+4
 1448 001e 9342     		cmp	r3, r2
 1449 0020 04D1     		bne	.L50
 588:../../../firmware/n32h7xx_std_periph_driver/src/n32h7xx_i2s.c ****     }
 1450              		.loc 1 588 9
 1451 0022 4FF08070 		mov	r0, #16777216
 1452 0026 FFF7FEFF 		bl	RCC_EnableAPB2PeriphReset2
 1453              		.loc 1 600 1
 1454 002a 10E0     		b	.L52
 1455              	.L50:
 591:../../../firmware/n32h7xx_std_periph_driver/src/n32h7xx_i2s.c ****     {
 1456              		.loc 1 591 13
 1457 002c 7B68     		ldr	r3, [r7, #4]
 1458 002e 0C4A     		ldr	r2, .L53+8
 1459 0030 9342     		cmp	r3, r2
 1460 0032 04D1     		bne	.L51
 593:../../../firmware/n32h7xx_std_periph_driver/src/n32h7xx_i2s.c ****     }
 1461              		.loc 1 593 9
 1462 0034 4FF08050 		mov	r0, #268435456
 1463 0038 FFF7FEFF 		bl	RCC_EnableAPB1PeriphReset4
 1464              		.loc 1 600 1
 1465 003c 07E0     		b	.L52
 1466              	.L51:
 596:../../../firmware/n32h7xx_std_periph_driver/src/n32h7xx_i2s.c ****     {
 1467              		.loc 1 596 13
 1468 003e 7B68     		ldr	r3, [r7, #4]
 1469 0040 084A     		ldr	r2, .L53+12
 1470 0042 9342     		cmp	r3, r2
 1471 0044 03D1     		bne	.L52
 598:../../../firmware/n32h7xx_std_periph_driver/src/n32h7xx_i2s.c ****     }
 1472              		.loc 1 598 9
 1473 0046 4FF08070 		mov	r0, #16777216
 1474 004a FFF7FEFF 		bl	RCC_EnableAPB1PeriphReset4
 1475              	.L52:
 1476              		.loc 1 600 1
 1477 004e 00BF     		nop
 1478 0050 0837     		adds	r7, r7, #8
 1479              	.LCFI122:
 1480              		.cfi_def_cfa_offset 8
 1481 0052 BD46     		mov	sp, r7
 1482              	.LCFI123:
ARM GAS  /tmp/ccAqlqeu.s 			page 37


 1483              		.cfi_def_cfa_register 13
 1484              		@ sp needed
 1485 0054 80BD     		pop	{r7, pc}
 1486              	.L54:
 1487 0056 00BF     		.align	2
 1488              	.L53:
 1489 0058 00B80D40 		.word	1074640896
 1490 005c 00BC0D40 		.word	1074641920
 1491 0060 00F40040 		.word	1073804288
 1492 0064 00F80040 		.word	1073805312
 1493              		.cfi_endproc
 1494              	.LFE167:
 1496              		.section	.text.I2S_Init,"ax",%progbits
 1497              		.align	1
 1498              		.global	I2S_Init
 1499              		.syntax unified
 1500              		.thumb
 1501              		.thumb_func
 1503              	I2S_Init:
 1504              	.LFB168:
 601:../../../firmware/n32h7xx_std_periph_driver/src/n32h7xx_i2s.c **** 
 602:../../../firmware/n32h7xx_std_periph_driver/src/n32h7xx_i2s.c **** /**
 603:../../../firmware/n32h7xx_std_periph_driver/src/n32h7xx_i2s.c **** *\*\name    I2S_Init.
 604:../../../firmware/n32h7xx_std_periph_driver/src/n32h7xx_i2s.c **** *\*\fun     Initializes the SPIx peripheral according to the specified parameters in the I2S_InitSt
 605:../../../firmware/n32h7xx_std_periph_driver/src/n32h7xx_i2s.c **** *\*\param   SPIx :
 606:../../../firmware/n32h7xx_std_periph_driver/src/n32h7xx_i2s.c **** *\*\          - SPI2
 607:../../../firmware/n32h7xx_std_periph_driver/src/n32h7xx_i2s.c **** *\*\          - SPI3
 608:../../../firmware/n32h7xx_std_periph_driver/src/n32h7xx_i2s.c **** *\*\param   I2S_InitStruct :
 609:../../../firmware/n32h7xx_std_periph_driver/src/n32h7xx_i2s.c **** *\*\          - I2sMode
 610:../../../firmware/n32h7xx_std_periph_driver/src/n32h7xx_i2s.c **** *\*\           - I2S_MODE_SlAVE_TX
 611:../../../firmware/n32h7xx_std_periph_driver/src/n32h7xx_i2s.c **** *\*\           - I2S_MODE_SlAVE_RX
 612:../../../firmware/n32h7xx_std_periph_driver/src/n32h7xx_i2s.c **** *\*\           - I2S_MODE_MASTER_TX
 613:../../../firmware/n32h7xx_std_periph_driver/src/n32h7xx_i2s.c **** *\*\           - I2S_MODE_MASTER_RX
 614:../../../firmware/n32h7xx_std_periph_driver/src/n32h7xx_i2s.c **** *\*\          - Standard
 615:../../../firmware/n32h7xx_std_periph_driver/src/n32h7xx_i2s.c **** *\*\           - I2S_STD_PHILLIPS
 616:../../../firmware/n32h7xx_std_periph_driver/src/n32h7xx_i2s.c **** *\*\           - I2S_STD_MSB_ALIGN
 617:../../../firmware/n32h7xx_std_periph_driver/src/n32h7xx_i2s.c **** *\*\           - I2S_STD_LSB_ALIGN
 618:../../../firmware/n32h7xx_std_periph_driver/src/n32h7xx_i2s.c **** *\*\           - I2S_STD_PCM_SHORTFRAME
 619:../../../firmware/n32h7xx_std_periph_driver/src/n32h7xx_i2s.c **** *\*\           - I2S_STD_PCM_LONGFRAME
 620:../../../firmware/n32h7xx_std_periph_driver/src/n32h7xx_i2s.c **** *\*\          - DataFormat
 621:../../../firmware/n32h7xx_std_periph_driver/src/n32h7xx_i2s.c **** *\*\           - I2S_DATA_FMT_16BITS
 622:../../../firmware/n32h7xx_std_periph_driver/src/n32h7xx_i2s.c **** *\*\           - I2S_DATA_FMT_16BITS_EXTENDED
 623:../../../firmware/n32h7xx_std_periph_driver/src/n32h7xx_i2s.c **** *\*\           - I2S_DATA_FMT_24BITS
 624:../../../firmware/n32h7xx_std_periph_driver/src/n32h7xx_i2s.c **** *\*\           - I2S_DATA_FMT_32BITS
 625:../../../firmware/n32h7xx_std_periph_driver/src/n32h7xx_i2s.c **** *\*\          - MCLKEnable
 626:../../../firmware/n32h7xx_std_periph_driver/src/n32h7xx_i2s.c **** *\*\           - I2S_MCLK_ENABLE
 627:../../../firmware/n32h7xx_std_periph_driver/src/n32h7xx_i2s.c **** *\*\           - I2S_MCLK_DISABLE
 628:../../../firmware/n32h7xx_std_periph_driver/src/n32h7xx_i2s.c **** *\*\          - AudioFrequency
 629:../../../firmware/n32h7xx_std_periph_driver/src/n32h7xx_i2s.c **** *\*\           - I2S_AUDIO_FREQ_192K
 630:../../../firmware/n32h7xx_std_periph_driver/src/n32h7xx_i2s.c **** *\*\           - I2S_AUDIO_FREQ_96K
 631:../../../firmware/n32h7xx_std_periph_driver/src/n32h7xx_i2s.c **** *\*\           - I2S_AUDIO_FREQ_48K
 632:../../../firmware/n32h7xx_std_periph_driver/src/n32h7xx_i2s.c **** *\*\           - I2S_AUDIO_FREQ_44K
 633:../../../firmware/n32h7xx_std_periph_driver/src/n32h7xx_i2s.c **** *\*\           - I2S_AUDIO_FREQ_32K
 634:../../../firmware/n32h7xx_std_periph_driver/src/n32h7xx_i2s.c **** *\*\           - I2S_AUDIO_FREQ_22K
 635:../../../firmware/n32h7xx_std_periph_driver/src/n32h7xx_i2s.c **** *\*\           - I2S_AUDIO_FREQ_16K
 636:../../../firmware/n32h7xx_std_periph_driver/src/n32h7xx_i2s.c **** *\*\           - I2S_AUDIO_FREQ_11K
 637:../../../firmware/n32h7xx_std_periph_driver/src/n32h7xx_i2s.c **** *\*\           - I2S_AUDIO_FREQ_8K
ARM GAS  /tmp/ccAqlqeu.s 			page 38


 638:../../../firmware/n32h7xx_std_periph_driver/src/n32h7xx_i2s.c **** *\*\           - I2S_AUDIO_FREQ_DEFAULT
 639:../../../firmware/n32h7xx_std_periph_driver/src/n32h7xx_i2s.c **** *\*\          - CLKPOL
 640:../../../firmware/n32h7xx_std_periph_driver/src/n32h7xx_i2s.c **** *\*\           - I2S_CLKPOL_LOW
 641:../../../firmware/n32h7xx_std_periph_driver/src/n32h7xx_i2s.c **** *\*\           - I2S_CLKPOL_HIGH
 642:../../../firmware/n32h7xx_std_periph_driver/src/n32h7xx_i2s.c **** *\*\          - ClkSrcFrequency
 643:../../../firmware/n32h7xx_std_periph_driver/src/n32h7xx_i2s.c **** *\*\           - RCC_Clocks.SysclkFreq
 644:../../../firmware/n32h7xx_std_periph_driver/src/n32h7xx_i2s.c **** *\*\           - RCC_Clocks.HclkFreq
 645:../../../firmware/n32h7xx_std_periph_driver/src/n32h7xx_i2s.c **** *\*\           - RCC_Clocks.Pclk1Freq
 646:../../../firmware/n32h7xx_std_periph_driver/src/n32h7xx_i2s.c **** *\*\           - RCC_Clocks.Pclk2Freq
 647:../../../firmware/n32h7xx_std_periph_driver/src/n32h7xx_i2s.c **** *\*\           - RCC_Clocks.AdcPllClkFreq
 648:../../../firmware/n32h7xx_std_periph_driver/src/n32h7xx_i2s.c **** *\*\           - RCC_Clocks.AdcHclkFreq
 649:../../../firmware/n32h7xx_std_periph_driver/src/n32h7xx_i2s.c **** *\*\           - RCC_Clocks.ShrtpllFreq
 650:../../../firmware/n32h7xx_std_periph_driver/src/n32h7xx_i2s.c **** *\*\           - user defined
 651:../../../firmware/n32h7xx_std_periph_driver/src/n32h7xx_i2s.c **** **/
 652:../../../firmware/n32h7xx_std_periph_driver/src/n32h7xx_i2s.c **** void I2S_Init(I2S_Module* I2Sx, const I2S_InitType* I2S_InitStruct)
 653:../../../firmware/n32h7xx_std_periph_driver/src/n32h7xx_i2s.c **** {
 1505              		.loc 1 653 1
 1506              		.cfi_startproc
 1507              		@ args = 0, pretend = 0, frame = 32
 1508              		@ frame_needed = 1, uses_anonymous_args = 0
 1509              		@ link register save eliminated.
 1510 0000 80B4     		push	{r7}
 1511              	.LCFI124:
 1512              		.cfi_def_cfa_offset 4
 1513              		.cfi_offset 7, -4
 1514 0002 89B0     		sub	sp, sp, #36
 1515              	.LCFI125:
 1516              		.cfi_def_cfa_offset 40
 1517 0004 00AF     		add	r7, sp, #0
 1518              	.LCFI126:
 1519              		.cfi_def_cfa_register 7
 1520 0006 7860     		str	r0, [r7, #4]
 1521 0008 3960     		str	r1, [r7]
 654:../../../firmware/n32h7xx_std_periph_driver/src/n32h7xx_i2s.c ****     uint16_t tmpreg = 0, i2sdiv = 2, i2sodd = 0, packetlength = 1;
 1522              		.loc 1 654 14
 1523 000a 0023     		movs	r3, #0
 1524 000c 7B82     		strh	r3, [r7, #18]	@ movhi
 1525              		.loc 1 654 26
 1526 000e 0223     		movs	r3, #2
 1527 0010 FB83     		strh	r3, [r7, #30]	@ movhi
 1528              		.loc 1 654 38
 1529 0012 0023     		movs	r3, #0
 1530 0014 BB83     		strh	r3, [r7, #28]	@ movhi
 1531              		.loc 1 654 50
 1532 0016 0123     		movs	r3, #1
 1533 0018 7B83     		strh	r3, [r7, #26]	@ movhi
 655:../../../firmware/n32h7xx_std_periph_driver/src/n32h7xx_i2s.c ****     uint32_t tmp = 0;
 1534              		.loc 1 655 14
 1535 001a 0023     		movs	r3, #0
 1536 001c 7B61     		str	r3, [r7, #20]
 656:../../../firmware/n32h7xx_std_periph_driver/src/n32h7xx_i2s.c **** //    RCC_ClocksTypeDef RCC_Clocks;
 657:../../../firmware/n32h7xx_std_periph_driver/src/n32h7xx_i2s.c ****     uint32_t sourceclock = 0;
 1537              		.loc 1 657 14
 1538 001e 0023     		movs	r3, #0
 1539 0020 FB60     		str	r3, [r7, #12]
 658:../../../firmware/n32h7xx_std_periph_driver/src/n32h7xx_i2s.c **** 
 659:../../../firmware/n32h7xx_std_periph_driver/src/n32h7xx_i2s.c **** 
ARM GAS  /tmp/ccAqlqeu.s 			page 39


 660:../../../firmware/n32h7xx_std_periph_driver/src/n32h7xx_i2s.c ****     /*----------------------- SPIx I2SCFGR & I2SPR Configuration -----------------*/
 661:../../../firmware/n32h7xx_std_periph_driver/src/n32h7xx_i2s.c ****     /* Clear I2SMOD, I2SE, I2SCFG, PCMSYNC, I2SSTD, CKPOL, DATLEN and CHLEN bits */
 662:../../../firmware/n32h7xx_std_periph_driver/src/n32h7xx_i2s.c ****     I2Sx->I2SCFGR &= I2SCFG_CLR_MASK;
 1540              		.loc 1 662 9
 1541 0022 7B68     		ldr	r3, [r7, #4]
 1542 0024 9B8B     		ldrh	r3, [r3, #28]	@ movhi
 1543 0026 9AB2     		uxth	r2, r3
 1544              		.loc 1 662 19
 1545 0028 40F2FC53 		movw	r3, #1532
 1546 002c 1340     		ands	r3, r3, r2
 1547 002e 9AB2     		uxth	r2, r3
 1548 0030 7B68     		ldr	r3, [r7, #4]
 1549 0032 9A83     		strh	r2, [r3, #28]	@ movhi
 663:../../../firmware/n32h7xx_std_periph_driver/src/n32h7xx_i2s.c ****     I2Sx->I2SPR = 0x0002;
 1550              		.loc 1 663 17
 1551 0034 7B68     		ldr	r3, [r7, #4]
 1552 0036 0222     		movs	r2, #2
 1553 0038 1A84     		strh	r2, [r3, #32]	@ movhi
 664:../../../firmware/n32h7xx_std_periph_driver/src/n32h7xx_i2s.c **** 
 665:../../../firmware/n32h7xx_std_periph_driver/src/n32h7xx_i2s.c ****     /* Get the I2SCFGR register value */
 666:../../../firmware/n32h7xx_std_periph_driver/src/n32h7xx_i2s.c ****     tmpreg = I2Sx->I2SCFGR;
 1554              		.loc 1 666 12
 1555 003a 7B68     		ldr	r3, [r7, #4]
 1556 003c 9B8B     		ldrh	r3, [r3, #28]	@ movhi
 1557 003e 7B82     		strh	r3, [r7, #18]	@ movhi
 667:../../../firmware/n32h7xx_std_periph_driver/src/n32h7xx_i2s.c **** 
 668:../../../firmware/n32h7xx_std_periph_driver/src/n32h7xx_i2s.c ****     /* If the default value has to be written, reinitialize i2sdiv and i2sodd*/
 669:../../../firmware/n32h7xx_std_periph_driver/src/n32h7xx_i2s.c **** 
 670:../../../firmware/n32h7xx_std_periph_driver/src/n32h7xx_i2s.c ****     if (I2S_InitStruct->AudioFrequency == I2S_AUDIO_FREQ_DEFAULT)
 1558              		.loc 1 670 23
 1559 0040 3B68     		ldr	r3, [r7]
 1560 0042 9B68     		ldr	r3, [r3, #8]
 1561              		.loc 1 670 8
 1562 0044 022B     		cmp	r3, #2
 1563 0046 04D1     		bne	.L56
 671:../../../firmware/n32h7xx_std_periph_driver/src/n32h7xx_i2s.c ****     {
 672:../../../firmware/n32h7xx_std_periph_driver/src/n32h7xx_i2s.c ****         i2sodd = ( uint16_t )0;
 1564              		.loc 1 672 16
 1565 0048 0023     		movs	r3, #0
 1566 004a BB83     		strh	r3, [r7, #28]	@ movhi
 673:../../../firmware/n32h7xx_std_periph_driver/src/n32h7xx_i2s.c ****         i2sdiv = ( uint16_t )2;
 1567              		.loc 1 673 16
 1568 004c 0223     		movs	r3, #2
 1569 004e FB83     		strh	r3, [r7, #30]	@ movhi
 1570 0050 46E0     		b	.L57
 1571              	.L56:
 674:../../../firmware/n32h7xx_std_periph_driver/src/n32h7xx_i2s.c ****     }
 675:../../../firmware/n32h7xx_std_periph_driver/src/n32h7xx_i2s.c **** 
 676:../../../firmware/n32h7xx_std_periph_driver/src/n32h7xx_i2s.c ****     /* If the requested audio frequency is not the default, compute the prescaler */
 677:../../../firmware/n32h7xx_std_periph_driver/src/n32h7xx_i2s.c ****     else
 678:../../../firmware/n32h7xx_std_periph_driver/src/n32h7xx_i2s.c ****     {
 679:../../../firmware/n32h7xx_std_periph_driver/src/n32h7xx_i2s.c ****         /* Check the frame length (For the Prescaler computing) */
 680:../../../firmware/n32h7xx_std_periph_driver/src/n32h7xx_i2s.c ****         if ( I2S_InitStruct->DataFormat == I2S_DATA_FMT_16BITS )
 1572              		.loc 1 680 28
 1573 0052 3B68     		ldr	r3, [r7]
 1574 0054 9B88     		ldrh	r3, [r3, #4]
 1575              		.loc 1 680 12
ARM GAS  /tmp/ccAqlqeu.s 			page 40


 1576 0056 002B     		cmp	r3, #0
 1577 0058 02D1     		bne	.L58
 681:../../../firmware/n32h7xx_std_periph_driver/src/n32h7xx_i2s.c ****         {
 682:../../../firmware/n32h7xx_std_periph_driver/src/n32h7xx_i2s.c ****             /* Packet length is 16 bits */
 683:../../../firmware/n32h7xx_std_periph_driver/src/n32h7xx_i2s.c ****             packetlength = 1;
 1578              		.loc 1 683 26
 1579 005a 0123     		movs	r3, #1
 1580 005c 7B83     		strh	r3, [r7, #26]	@ movhi
 1581 005e 01E0     		b	.L59
 1582              	.L58:
 684:../../../firmware/n32h7xx_std_periph_driver/src/n32h7xx_i2s.c ****         }
 685:../../../firmware/n32h7xx_std_periph_driver/src/n32h7xx_i2s.c ****         else
 686:../../../firmware/n32h7xx_std_periph_driver/src/n32h7xx_i2s.c ****         {
 687:../../../firmware/n32h7xx_std_periph_driver/src/n32h7xx_i2s.c ****             /* Packet length is 32 bits */
 688:../../../firmware/n32h7xx_std_periph_driver/src/n32h7xx_i2s.c ****             packetlength = 2;
 1583              		.loc 1 688 26
 1584 0060 0223     		movs	r3, #2
 1585 0062 7B83     		strh	r3, [r7, #26]	@ movhi
 1586              	.L59:
 689:../../../firmware/n32h7xx_std_periph_driver/src/n32h7xx_i2s.c ****         }
 690:../../../firmware/n32h7xx_std_periph_driver/src/n32h7xx_i2s.c **** 
 691:../../../firmware/n32h7xx_std_periph_driver/src/n32h7xx_i2s.c ****         /* Get the source clock value: based on System Clock value */
 692:../../../firmware/n32h7xx_std_periph_driver/src/n32h7xx_i2s.c ****         sourceclock = I2S_InitStruct->ClkSrcFrequency;
 1587              		.loc 1 692 21
 1588 0064 3B68     		ldr	r3, [r7]
 1589 0066 1B69     		ldr	r3, [r3, #16]
 1590 0068 FB60     		str	r3, [r7, #12]
 693:../../../firmware/n32h7xx_std_periph_driver/src/n32h7xx_i2s.c **** 
 694:../../../firmware/n32h7xx_std_periph_driver/src/n32h7xx_i2s.c ****         /* Compute the Real divider depending on the MCLK output state with a floating point */
 695:../../../firmware/n32h7xx_std_periph_driver/src/n32h7xx_i2s.c ****         if ( I2S_InitStruct->MCLKEnable == I2S_MCLK_ENABLE )
 1591              		.loc 1 695 28
 1592 006a 3B68     		ldr	r3, [r7]
 1593 006c DB88     		ldrh	r3, [r3, #6]
 1594              		.loc 1 695 12
 1595 006e B3F5006F 		cmp	r3, #2048
 1596 0072 0FD1     		bne	.L60
 696:../../../firmware/n32h7xx_std_periph_driver/src/n32h7xx_i2s.c ****         {
 697:../../../firmware/n32h7xx_std_periph_driver/src/n32h7xx_i2s.c ****             /* MCLK output is enabled */
 698:../../../firmware/n32h7xx_std_periph_driver/src/n32h7xx_i2s.c ****             tmp = ( uint16_t )((((( sourceclock / 256 ) * 10 ) / I2S_InitStruct->AudioFrequency ) )
 1597              		.loc 1 698 49
 1598 0074 FB68     		ldr	r3, [r7, #12]
 1599 0076 1A0A     		lsrs	r2, r3, #8
 1600              		.loc 1 698 57
 1601 0078 1346     		mov	r3, r2
 1602 007a 9B00     		lsls	r3, r3, #2
 1603 007c 1344     		add	r3, r3, r2
 1604 007e 5B00     		lsls	r3, r3, #1
 1605 0080 1A46     		mov	r2, r3
 1606              		.loc 1 698 80
 1607 0082 3B68     		ldr	r3, [r7]
 1608 0084 9B68     		ldr	r3, [r3, #8]
 1609              		.loc 1 698 64
 1610 0086 B2FBF3F3 		udiv	r3, r2, r3
 1611              		.loc 1 698 19
 1612 008a 9BB2     		uxth	r3, r3
 1613 008c 0533     		adds	r3, r3, #5
 1614 008e 9BB2     		uxth	r3, r3
ARM GAS  /tmp/ccAqlqeu.s 			page 41


 1615              		.loc 1 698 17
 1616 0090 7B61     		str	r3, [r7, #20]
 1617 0092 12E0     		b	.L61
 1618              	.L60:
 699:../../../firmware/n32h7xx_std_periph_driver/src/n32h7xx_i2s.c ****         }
 700:../../../firmware/n32h7xx_std_periph_driver/src/n32h7xx_i2s.c ****         else
 701:../../../firmware/n32h7xx_std_periph_driver/src/n32h7xx_i2s.c ****         {
 702:../../../firmware/n32h7xx_std_periph_driver/src/n32h7xx_i2s.c ****             /* MCLK output is disabled */
 703:../../../firmware/n32h7xx_std_periph_driver/src/n32h7xx_i2s.c ****             tmp = ( uint16_t )((((( sourceclock / ( 32 * packetlength ) ) * 10 ) / I2S_InitStruct->
 1619              		.loc 1 703 56
 1620 0094 7B8B     		ldrh	r3, [r7, #26]
 1621 0096 5B01     		lsls	r3, r3, #5
 1622 0098 1A46     		mov	r2, r3
 1623              		.loc 1 703 49
 1624 009a FB68     		ldr	r3, [r7, #12]
 1625 009c B3FBF2F2 		udiv	r2, r3, r2
 1626              		.loc 1 703 75
 1627 00a0 1346     		mov	r3, r2
 1628 00a2 9B00     		lsls	r3, r3, #2
 1629 00a4 1344     		add	r3, r3, r2
 1630 00a6 5B00     		lsls	r3, r3, #1
 1631 00a8 1A46     		mov	r2, r3
 1632              		.loc 1 703 98
 1633 00aa 3B68     		ldr	r3, [r7]
 1634 00ac 9B68     		ldr	r3, [r3, #8]
 1635              		.loc 1 703 82
 1636 00ae B2FBF3F3 		udiv	r3, r2, r3
 1637              		.loc 1 703 19
 1638 00b2 9BB2     		uxth	r3, r3
 1639 00b4 0533     		adds	r3, r3, #5
 1640 00b6 9BB2     		uxth	r3, r3
 1641              		.loc 1 703 17
 1642 00b8 7B61     		str	r3, [r7, #20]
 1643              	.L61:
 704:../../../firmware/n32h7xx_std_periph_driver/src/n32h7xx_i2s.c ****         }
 705:../../../firmware/n32h7xx_std_periph_driver/src/n32h7xx_i2s.c **** 
 706:../../../firmware/n32h7xx_std_periph_driver/src/n32h7xx_i2s.c ****         /* Remove the floating point */
 707:../../../firmware/n32h7xx_std_periph_driver/src/n32h7xx_i2s.c ****         tmp = tmp / 10;
 1644              		.loc 1 707 13
 1645 00ba 7B69     		ldr	r3, [r7, #20]
 1646 00bc 214A     		ldr	r2, .L64
 1647 00be A2FB0323 		umull	r2, r3, r2, r3
 1648 00c2 DB08     		lsrs	r3, r3, #3
 1649 00c4 7B61     		str	r3, [r7, #20]
 708:../../../firmware/n32h7xx_std_periph_driver/src/n32h7xx_i2s.c **** 
 709:../../../firmware/n32h7xx_std_periph_driver/src/n32h7xx_i2s.c ****         /* Check the parity of the divider */
 710:../../../firmware/n32h7xx_std_periph_driver/src/n32h7xx_i2s.c ****         i2sodd = ( uint16_t )( tmp & ( uint16_t )0x0001 );
 1650              		.loc 1 710 18
 1651 00c6 7B69     		ldr	r3, [r7, #20]
 1652 00c8 9BB2     		uxth	r3, r3
 1653              		.loc 1 710 16
 1654 00ca 03F00103 		and	r3, r3, #1
 1655 00ce BB83     		strh	r3, [r7, #28]	@ movhi
 711:../../../firmware/n32h7xx_std_periph_driver/src/n32h7xx_i2s.c **** 
 712:../../../firmware/n32h7xx_std_periph_driver/src/n32h7xx_i2s.c ****         /* Compute the i2sdiv prescaler */
 713:../../../firmware/n32h7xx_std_periph_driver/src/n32h7xx_i2s.c ****         i2sdiv = ( uint16_t )(( tmp - i2sodd ) / 2 );
 1656              		.loc 1 713 37
ARM GAS  /tmp/ccAqlqeu.s 			page 42


 1657 00d0 BB8B     		ldrh	r3, [r7, #28]
 1658 00d2 7A69     		ldr	r2, [r7, #20]
 1659 00d4 D31A     		subs	r3, r2, r3
 1660              		.loc 1 713 48
 1661 00d6 5B08     		lsrs	r3, r3, #1
 1662              		.loc 1 713 16
 1663 00d8 FB83     		strh	r3, [r7, #30]	@ movhi
 714:../../../firmware/n32h7xx_std_periph_driver/src/n32h7xx_i2s.c **** 
 715:../../../firmware/n32h7xx_std_periph_driver/src/n32h7xx_i2s.c ****         /* Get the Mask for the Odd bit (SPI_I2SPR[10]) register */
 716:../../../firmware/n32h7xx_std_periph_driver/src/n32h7xx_i2s.c ****         i2sodd = ( uint16_t )( i2sodd << 10 );
 1664              		.loc 1 716 16
 1665 00da BB8B     		ldrh	r3, [r7, #28]	@ movhi
 1666 00dc 9B02     		lsls	r3, r3, #10
 1667 00de BB83     		strh	r3, [r7, #28]	@ movhi
 1668              	.L57:
 717:../../../firmware/n32h7xx_std_periph_driver/src/n32h7xx_i2s.c ****     }
 718:../../../firmware/n32h7xx_std_periph_driver/src/n32h7xx_i2s.c **** 
 719:../../../firmware/n32h7xx_std_periph_driver/src/n32h7xx_i2s.c ****     /* Test if the divider is 1 or 0 or greater than 0xFF */
 720:../../../firmware/n32h7xx_std_periph_driver/src/n32h7xx_i2s.c ****     if (( i2sdiv < 2 ) || ( i2sdiv > 0x3FF ) )
 1669              		.loc 1 720 8
 1670 00e0 FB8B     		ldrh	r3, [r7, #30]
 1671 00e2 012B     		cmp	r3, #1
 1672 00e4 03D9     		bls	.L62
 1673              		.loc 1 720 24 discriminator 1
 1674 00e6 FB8B     		ldrh	r3, [r7, #30]
 1675 00e8 B3F5806F 		cmp	r3, #1024
 1676 00ec 03D3     		bcc	.L63
 1677              	.L62:
 721:../../../firmware/n32h7xx_std_periph_driver/src/n32h7xx_i2s.c ****     {
 722:../../../firmware/n32h7xx_std_periph_driver/src/n32h7xx_i2s.c ****         /* Set the default values */
 723:../../../firmware/n32h7xx_std_periph_driver/src/n32h7xx_i2s.c ****         i2sdiv = 2;
 1678              		.loc 1 723 16
 1679 00ee 0223     		movs	r3, #2
 1680 00f0 FB83     		strh	r3, [r7, #30]	@ movhi
 724:../../../firmware/n32h7xx_std_periph_driver/src/n32h7xx_i2s.c ****         i2sodd = 0;
 1681              		.loc 1 724 16
 1682 00f2 0023     		movs	r3, #0
 1683 00f4 BB83     		strh	r3, [r7, #28]	@ movhi
 1684              	.L63:
 725:../../../firmware/n32h7xx_std_periph_driver/src/n32h7xx_i2s.c ****     }
 726:../../../firmware/n32h7xx_std_periph_driver/src/n32h7xx_i2s.c **** 
 727:../../../firmware/n32h7xx_std_periph_driver/src/n32h7xx_i2s.c ****     /* Write to SPIx I2SPR register the computed value */
 728:../../../firmware/n32h7xx_std_periph_driver/src/n32h7xx_i2s.c ****     I2Sx->I2SPR = ( uint16_t )( i2sdiv | ( uint16_t )( i2sodd | ( uint16_t )I2S_InitStruct->MCLKEna
 1685              		.loc 1 728 91
 1686 00f6 3B68     		ldr	r3, [r7]
 1687 00f8 DA88     		ldrh	r2, [r3, #6]
 1688              		.loc 1 728 42
 1689 00fa BB8B     		ldrh	r3, [r7, #28]	@ movhi
 1690 00fc 1343     		orrs	r3, r3, r2
 1691 00fe 9AB2     		uxth	r2, r3
 1692              		.loc 1 728 19
 1693 0100 FB8B     		ldrh	r3, [r7, #30]	@ movhi
 1694 0102 1343     		orrs	r3, r3, r2
 1695 0104 9AB2     		uxth	r2, r3
 1696              		.loc 1 728 17
 1697 0106 7B68     		ldr	r3, [r7, #4]
 1698 0108 1A84     		strh	r2, [r3, #32]	@ movhi
ARM GAS  /tmp/ccAqlqeu.s 			page 43


 729:../../../firmware/n32h7xx_std_periph_driver/src/n32h7xx_i2s.c **** 
 730:../../../firmware/n32h7xx_std_periph_driver/src/n32h7xx_i2s.c ****     /* Configure the I2S with the SPI_InitStruct values */
 731:../../../firmware/n32h7xx_std_periph_driver/src/n32h7xx_i2s.c ****     tmpreg |= ( uint16_t )( I2S_MODE_ENABLE | ( uint16_t )( I2S_InitStruct->I2sMode | \
 1699              		.loc 1 731 75
 1700 010a 3B68     		ldr	r3, [r7]
 1701 010c 1A88     		ldrh	r2, [r3]
 732:../../../firmware/n32h7xx_std_periph_driver/src/n32h7xx_i2s.c ****                             ( uint16_t )( I2S_InitStruct->Standard | ( uint16_t )( I2S_InitStruct->
 1702              		.loc 1 732 57
 1703 010e 3B68     		ldr	r3, [r7]
 1704 0110 5988     		ldrh	r1, [r3, #2]
 1705              		.loc 1 732 98
 1706 0112 3B68     		ldr	r3, [r7]
 1707 0114 9888     		ldrh	r0, [r3, #4]
 733:../../../firmware/n32h7xx_std_periph_driver/src/n32h7xx_i2s.c ****                                           ( uint16_t )I2S_InitStruct->CLKPOL ) ) ) );
 1708              		.loc 1 733 69
 1709 0116 3B68     		ldr	r3, [r7]
 1710 0118 9B89     		ldrh	r3, [r3, #12]
 732:../../../firmware/n32h7xx_std_periph_driver/src/n32h7xx_i2s.c ****                             ( uint16_t )( I2S_InitStruct->Standard | ( uint16_t )( I2S_InitStruct->
 1711              		.loc 1 732 70
 1712 011a 0343     		orrs	r3, r3, r0
 1713 011c 9BB2     		uxth	r3, r3
 732:../../../firmware/n32h7xx_std_periph_driver/src/n32h7xx_i2s.c ****                             ( uint16_t )( I2S_InitStruct->Standard | ( uint16_t )( I2S_InitStruct->
 1714              		.loc 1 732 29
 1715 011e 0B43     		orrs	r3, r3, r1
 1716 0120 9BB2     		uxth	r3, r3
 731:../../../firmware/n32h7xx_std_periph_driver/src/n32h7xx_i2s.c ****                             ( uint16_t )( I2S_InitStruct->Standard | ( uint16_t )( I2S_InitStruct->
 1717              		.loc 1 731 47
 1718 0122 1343     		orrs	r3, r3, r2
 1719 0124 9AB2     		uxth	r2, r3
 731:../../../firmware/n32h7xx_std_periph_driver/src/n32h7xx_i2s.c ****                             ( uint16_t )( I2S_InitStruct->Standard | ( uint16_t )( I2S_InitStruct->
 1720              		.loc 1 731 12
 1721 0126 7B8A     		ldrh	r3, [r7, #18]	@ movhi
 1722 0128 1343     		orrs	r3, r3, r2
 1723 012a 9BB2     		uxth	r3, r3
 1724 012c 43F00203 		orr	r3, r3, #2
 1725 0130 7B82     		strh	r3, [r7, #18]	@ movhi
 734:../../../firmware/n32h7xx_std_periph_driver/src/n32h7xx_i2s.c **** 
 735:../../../firmware/n32h7xx_std_periph_driver/src/n32h7xx_i2s.c ****     /* Write to SPIx I2SCFGR */
 736:../../../firmware/n32h7xx_std_periph_driver/src/n32h7xx_i2s.c ****     I2Sx->I2SCFGR = tmpreg;
 1726              		.loc 1 736 19
 1727 0132 7B68     		ldr	r3, [r7, #4]
 1728 0134 7A8A     		ldrh	r2, [r7, #18]	@ movhi
 1729 0136 9A83     		strh	r2, [r3, #28]	@ movhi
 737:../../../firmware/n32h7xx_std_periph_driver/src/n32h7xx_i2s.c **** }
 1730              		.loc 1 737 1
 1731 0138 00BF     		nop
 1732 013a 2437     		adds	r7, r7, #36
 1733              	.LCFI127:
 1734              		.cfi_def_cfa_offset 4
 1735 013c BD46     		mov	sp, r7
 1736              	.LCFI128:
 1737              		.cfi_def_cfa_register 13
 1738              		@ sp needed
 1739 013e 80BC     		pop	{r7}
 1740              	.LCFI129:
 1741              		.cfi_restore 7
 1742              		.cfi_def_cfa_offset 0
ARM GAS  /tmp/ccAqlqeu.s 			page 44


 1743 0140 7047     		bx	lr
 1744              	.L65:
 1745 0142 00BF     		.align	2
 1746              	.L64:
 1747 0144 CDCCCCCC 		.word	-858993459
 1748              		.cfi_endproc
 1749              	.LFE168:
 1751              		.section	.text.I2S_Enable,"ax",%progbits
 1752              		.align	1
 1753              		.global	I2S_Enable
 1754              		.syntax unified
 1755              		.thumb
 1756              		.thumb_func
 1758              	I2S_Enable:
 1759              	.LFB169:
 738:../../../firmware/n32h7xx_std_periph_driver/src/n32h7xx_i2s.c **** 
 739:../../../firmware/n32h7xx_std_periph_driver/src/n32h7xx_i2s.c **** /**
 740:../../../firmware/n32h7xx_std_periph_driver/src/n32h7xx_i2s.c **** *\*\name    I2S_Enable.
 741:../../../firmware/n32h7xx_std_periph_driver/src/n32h7xx_i2s.c **** *\*\fun     Enables or disables the specified SPI peripheral (in I2S mode).
 742:../../../firmware/n32h7xx_std_periph_driver/src/n32h7xx_i2s.c **** *\*\param   SPIx :
 743:../../../firmware/n32h7xx_std_periph_driver/src/n32h7xx_i2s.c **** *\*\          - SPI2
 744:../../../firmware/n32h7xx_std_periph_driver/src/n32h7xx_i2s.c **** *\*\          - SPI3
 745:../../../firmware/n32h7xx_std_periph_driver/src/n32h7xx_i2s.c **** *\*\param   Cmd :
 746:../../../firmware/n32h7xx_std_periph_driver/src/n32h7xx_i2s.c **** *\*\          - ENABLE
 747:../../../firmware/n32h7xx_std_periph_driver/src/n32h7xx_i2s.c **** *\*\          - DISABLE
 748:../../../firmware/n32h7xx_std_periph_driver/src/n32h7xx_i2s.c **** *\*\return  none
 749:../../../firmware/n32h7xx_std_periph_driver/src/n32h7xx_i2s.c **** **/
 750:../../../firmware/n32h7xx_std_periph_driver/src/n32h7xx_i2s.c **** void I2S_Enable(I2S_Module* I2Sx, FunctionalState Cmd)
 751:../../../firmware/n32h7xx_std_periph_driver/src/n32h7xx_i2s.c **** {
 1760              		.loc 1 751 1
 1761              		.cfi_startproc
 1762              		@ args = 0, pretend = 0, frame = 8
 1763              		@ frame_needed = 1, uses_anonymous_args = 0
 1764              		@ link register save eliminated.
 1765 0000 80B4     		push	{r7}
 1766              	.LCFI130:
 1767              		.cfi_def_cfa_offset 4
 1768              		.cfi_offset 7, -4
 1769 0002 83B0     		sub	sp, sp, #12
 1770              	.LCFI131:
 1771              		.cfi_def_cfa_offset 16
 1772 0004 00AF     		add	r7, sp, #0
 1773              	.LCFI132:
 1774              		.cfi_def_cfa_register 7
 1775 0006 7860     		str	r0, [r7, #4]
 1776 0008 0B46     		mov	r3, r1
 1777 000a FB70     		strb	r3, [r7, #3]
 752:../../../firmware/n32h7xx_std_periph_driver/src/n32h7xx_i2s.c ****     if (Cmd != DISABLE)
 1778              		.loc 1 752 8
 1779 000c FB78     		ldrb	r3, [r7, #3]	@ zero_extendqisi2
 1780 000e 002B     		cmp	r3, #0
 1781 0010 08D0     		beq	.L67
 753:../../../firmware/n32h7xx_std_periph_driver/src/n32h7xx_i2s.c ****     {
 754:../../../firmware/n32h7xx_std_periph_driver/src/n32h7xx_i2s.c ****         /* Enable the selected SPI peripheral (in I2S mode) */
 755:../../../firmware/n32h7xx_std_periph_driver/src/n32h7xx_i2s.c ****         I2Sx->I2SCFGR |= I2SCFG_I2SEN_ENABLE;
 1782              		.loc 1 755 13
 1783 0012 7B68     		ldr	r3, [r7, #4]
ARM GAS  /tmp/ccAqlqeu.s 			page 45


 1784 0014 9B8B     		ldrh	r3, [r3, #28]	@ movhi
 1785 0016 9BB2     		uxth	r3, r3
 1786              		.loc 1 755 23
 1787 0018 43F00103 		orr	r3, r3, #1
 1788 001c 9AB2     		uxth	r2, r3
 1789 001e 7B68     		ldr	r3, [r7, #4]
 1790 0020 9A83     		strh	r2, [r3, #28]	@ movhi
 756:../../../firmware/n32h7xx_std_periph_driver/src/n32h7xx_i2s.c ****     }
 757:../../../firmware/n32h7xx_std_periph_driver/src/n32h7xx_i2s.c ****     else
 758:../../../firmware/n32h7xx_std_periph_driver/src/n32h7xx_i2s.c ****     {
 759:../../../firmware/n32h7xx_std_periph_driver/src/n32h7xx_i2s.c ****         /* Disable the selected SPI peripheral (in I2S mode) */
 760:../../../firmware/n32h7xx_std_periph_driver/src/n32h7xx_i2s.c ****         I2Sx->I2SCFGR &= I2SCFG_I2SEN_DISABLE;
 761:../../../firmware/n32h7xx_std_periph_driver/src/n32h7xx_i2s.c ****     }
 762:../../../firmware/n32h7xx_std_periph_driver/src/n32h7xx_i2s.c **** }
 1791              		.loc 1 762 1
 1792 0022 07E0     		b	.L69
 1793              	.L67:
 760:../../../firmware/n32h7xx_std_periph_driver/src/n32h7xx_i2s.c ****     }
 1794              		.loc 1 760 13
 1795 0024 7B68     		ldr	r3, [r7, #4]
 1796 0026 9B8B     		ldrh	r3, [r3, #28]	@ movhi
 1797 0028 9BB2     		uxth	r3, r3
 760:../../../firmware/n32h7xx_std_periph_driver/src/n32h7xx_i2s.c ****     }
 1798              		.loc 1 760 23
 1799 002a 23F00103 		bic	r3, r3, #1
 1800 002e 9AB2     		uxth	r2, r3
 1801 0030 7B68     		ldr	r3, [r7, #4]
 1802 0032 9A83     		strh	r2, [r3, #28]	@ movhi
 1803              	.L69:
 1804              		.loc 1 762 1
 1805 0034 00BF     		nop
 1806 0036 0C37     		adds	r7, r7, #12
 1807              	.LCFI133:
 1808              		.cfi_def_cfa_offset 4
 1809 0038 BD46     		mov	sp, r7
 1810              	.LCFI134:
 1811              		.cfi_def_cfa_register 13
 1812              		@ sp needed
 1813 003a 80BC     		pop	{r7}
 1814              	.LCFI135:
 1815              		.cfi_restore 7
 1816              		.cfi_def_cfa_offset 0
 1817 003c 7047     		bx	lr
 1818              		.cfi_endproc
 1819              	.LFE169:
 1821              		.section	.text.I2S_EXTInit,"ax",%progbits
 1822              		.align	1
 1823              		.global	I2S_EXTInit
 1824              		.syntax unified
 1825              		.thumb
 1826              		.thumb_func
 1828              	I2S_EXTInit:
 1829              	.LFB170:
 763:../../../firmware/n32h7xx_std_periph_driver/src/n32h7xx_i2s.c **** 
 764:../../../firmware/n32h7xx_std_periph_driver/src/n32h7xx_i2s.c **** /* I2S_EXT  */
 765:../../../firmware/n32h7xx_std_periph_driver/src/n32h7xx_i2s.c **** /**
 766:../../../firmware/n32h7xx_std_periph_driver/src/n32h7xx_i2s.c **** *\*\name    I2S_EXTInit.
ARM GAS  /tmp/ccAqlqeu.s 			page 46


 767:../../../firmware/n32h7xx_std_periph_driver/src/n32h7xx_i2s.c **** *\*\fun     Initializes the I2Sx_EXT peripheral according to the specified parameters in the I2S_EX
 768:../../../firmware/n32h7xx_std_periph_driver/src/n32h7xx_i2s.c **** *\*\param   I2Sx_EXT :
 769:../../../firmware/n32h7xx_std_periph_driver/src/n32h7xx_i2s.c **** *\*\          - I2S2_EXT
 770:../../../firmware/n32h7xx_std_periph_driver/src/n32h7xx_i2s.c **** *\*\          - I2S3_EXT
 771:../../../firmware/n32h7xx_std_periph_driver/src/n32h7xx_i2s.c **** *\*\param   I2S_InitStruct:
 772:../../../firmware/n32h7xx_std_periph_driver/src/n32h7xx_i2s.c **** *\*\          - I2sMode
 773:../../../firmware/n32h7xx_std_periph_driver/src/n32h7xx_i2s.c **** *\*\           - I2S_MODE_SlAVE_TX
 774:../../../firmware/n32h7xx_std_periph_driver/src/n32h7xx_i2s.c **** *\*\           - I2S_MODE_SlAVE_RX
 775:../../../firmware/n32h7xx_std_periph_driver/src/n32h7xx_i2s.c **** *\*\           - I2S_MODE_MASTER_TX
 776:../../../firmware/n32h7xx_std_periph_driver/src/n32h7xx_i2s.c **** *\*\           - I2S_MODE_MASTER_RX
 777:../../../firmware/n32h7xx_std_periph_driver/src/n32h7xx_i2s.c **** *\*\          - Standard
 778:../../../firmware/n32h7xx_std_periph_driver/src/n32h7xx_i2s.c **** *\*\           - I2S_STD_PHILLIPS
 779:../../../firmware/n32h7xx_std_periph_driver/src/n32h7xx_i2s.c **** *\*\           - I2S_STD_MSB_ALIGN
 780:../../../firmware/n32h7xx_std_periph_driver/src/n32h7xx_i2s.c **** *\*\           - I2S_STD_LSB_ALIGN
 781:../../../firmware/n32h7xx_std_periph_driver/src/n32h7xx_i2s.c **** *\*\           - I2S_STD_PCM_SHORTFRAME
 782:../../../firmware/n32h7xx_std_periph_driver/src/n32h7xx_i2s.c **** *\*\           - I2S_STD_PCM_LONGFRAME
 783:../../../firmware/n32h7xx_std_periph_driver/src/n32h7xx_i2s.c **** *\*\          - DataFormat
 784:../../../firmware/n32h7xx_std_periph_driver/src/n32h7xx_i2s.c **** *\*\           - I2S_DATA_FMT_16BITS
 785:../../../firmware/n32h7xx_std_periph_driver/src/n32h7xx_i2s.c **** *\*\           - I2S_DATA_FMT_16BITS_EXTENDED
 786:../../../firmware/n32h7xx_std_periph_driver/src/n32h7xx_i2s.c **** *\*\           - I2S_DATA_FMT_24BITS
 787:../../../firmware/n32h7xx_std_periph_driver/src/n32h7xx_i2s.c **** *\*\           - I2S_DATA_FMT_32BITS
 788:../../../firmware/n32h7xx_std_periph_driver/src/n32h7xx_i2s.c **** *\*\          - CLKPOL
 789:../../../firmware/n32h7xx_std_periph_driver/src/n32h7xx_i2s.c **** *\*\           - I2S_CLKPOL_LOW
 790:../../../firmware/n32h7xx_std_periph_driver/src/n32h7xx_i2s.c **** *\*\           - I2S_CLKPOL_HIGH
 791:../../../firmware/n32h7xx_std_periph_driver/src/n32h7xx_i2s.c **** *\*\return  none
 792:../../../firmware/n32h7xx_std_periph_driver/src/n32h7xx_i2s.c **** **/
 793:../../../firmware/n32h7xx_std_periph_driver/src/n32h7xx_i2s.c **** void I2S_EXTInit(I2S_EXT_Module* I2Sx_EXT, const I2S_InitType* I2S_EXT_InitStruct)
 794:../../../firmware/n32h7xx_std_periph_driver/src/n32h7xx_i2s.c **** {
 1830              		.loc 1 794 1
 1831              		.cfi_startproc
 1832              		@ args = 0, pretend = 0, frame = 112
 1833              		@ frame_needed = 1, uses_anonymous_args = 0
 1834 0000 80B5     		push	{r7, lr}
 1835              	.LCFI136:
 1836              		.cfi_def_cfa_offset 8
 1837              		.cfi_offset 7, -8
 1838              		.cfi_offset 14, -4
 1839 0002 9CB0     		sub	sp, sp, #112
 1840              	.LCFI137:
 1841              		.cfi_def_cfa_offset 120
 1842 0004 00AF     		add	r7, sp, #0
 1843              	.LCFI138:
 1844              		.cfi_def_cfa_register 7
 1845 0006 7860     		str	r0, [r7, #4]
 1846 0008 3960     		str	r1, [r7]
 795:../../../firmware/n32h7xx_std_periph_driver/src/n32h7xx_i2s.c ****     uint16_t tmpregister;
 796:../../../firmware/n32h7xx_std_periph_driver/src/n32h7xx_i2s.c ****     RCC_ClocksTypeDef RCC_Clocks;
 797:../../../firmware/n32h7xx_std_periph_driver/src/n32h7xx_i2s.c **** 
 798:../../../firmware/n32h7xx_std_periph_driver/src/n32h7xx_i2s.c ****     /*----------------------- I2Sx_EXT I2S_CFGR Configuration -----------------*/
 799:../../../firmware/n32h7xx_std_periph_driver/src/n32h7xx_i2s.c ****     /* Clear I2SMOD, I2SE, MODCFG, PCMSYNC, STDSEL, CLKPOL, TDATLEN and CHLEN bits */
 800:../../../firmware/n32h7xx_std_periph_driver/src/n32h7xx_i2s.c ****     I2Sx_EXT->I2S_CFGR &= I2SCFG_CLR_MASK;
 1847              		.loc 1 800 13
 1848 000a 7B68     		ldr	r3, [r7, #4]
 1849 000c 9B8B     		ldrh	r3, [r3, #28]	@ movhi
 1850 000e 9AB2     		uxth	r2, r3
 1851              		.loc 1 800 24
 1852 0010 40F2FC53 		movw	r3, #1532
ARM GAS  /tmp/ccAqlqeu.s 			page 47


 1853 0014 1340     		ands	r3, r3, r2
 1854 0016 9AB2     		uxth	r2, r3
 1855 0018 7B68     		ldr	r3, [r7, #4]
 1856 001a 9A83     		strh	r2, [r3, #28]	@ movhi
 801:../../../firmware/n32h7xx_std_periph_driver/src/n32h7xx_i2s.c **** 
 802:../../../firmware/n32h7xx_std_periph_driver/src/n32h7xx_i2s.c ****     /* Get the SPI_I2S_CFGR register value */
 803:../../../firmware/n32h7xx_std_periph_driver/src/n32h7xx_i2s.c ****     tmpregister = I2Sx_EXT->I2S_CFGR;
 1857              		.loc 1 803 17
 1858 001c 7B68     		ldr	r3, [r7, #4]
 1859 001e 9B8B     		ldrh	r3, [r3, #28]	@ movhi
 1860 0020 A7F86E30 		strh	r3, [r7, #110]	@ movhi
 804:../../../firmware/n32h7xx_std_periph_driver/src/n32h7xx_i2s.c **** 
 805:../../../firmware/n32h7xx_std_periph_driver/src/n32h7xx_i2s.c **** 
 806:../../../firmware/n32h7xx_std_periph_driver/src/n32h7xx_i2s.c **** 
 807:../../../firmware/n32h7xx_std_periph_driver/src/n32h7xx_i2s.c ****     /* I2S Clock source is System clock: Get System Clock frequency */
 808:../../../firmware/n32h7xx_std_periph_driver/src/n32h7xx_i2s.c ****     RCC_GetClocksFreqValue(&RCC_Clocks);
 1861              		.loc 1 808 5
 1862 0024 07F10C03 		add	r3, r7, #12
 1863 0028 1846     		mov	r0, r3
 1864 002a FFF7FEFF 		bl	RCC_GetClocksFreqValue
 809:../../../firmware/n32h7xx_std_periph_driver/src/n32h7xx_i2s.c **** 
 810:../../../firmware/n32h7xx_std_periph_driver/src/n32h7xx_i2s.c **** 
 811:../../../firmware/n32h7xx_std_periph_driver/src/n32h7xx_i2s.c **** 
 812:../../../firmware/n32h7xx_std_periph_driver/src/n32h7xx_i2s.c ****     /* Configure the I2S with the SPI_InitStruct values */
 813:../../../firmware/n32h7xx_std_periph_driver/src/n32h7xx_i2s.c ****     tmpregister |= (uint16_t)(
 814:../../../firmware/n32h7xx_std_periph_driver/src/n32h7xx_i2s.c ****                        I2S_MODE_ENABLE
 815:../../../firmware/n32h7xx_std_periph_driver/src/n32h7xx_i2s.c ****                        | (uint16_t)(I2S_EXT_InitStruct->I2sMode
 1865              		.loc 1 815 55
 1866 002e 3B68     		ldr	r3, [r7]
 1867 0030 1A88     		ldrh	r2, [r3]
 816:../../../firmware/n32h7xx_std_periph_driver/src/n32h7xx_i2s.c ****                                     | (uint16_t)(I2S_EXT_InitStruct->Standard
 1868              		.loc 1 816 68
 1869 0032 3B68     		ldr	r3, [r7]
 1870 0034 5988     		ldrh	r1, [r3, #2]
 817:../../../firmware/n32h7xx_std_periph_driver/src/n32h7xx_i2s.c ****                                             | (uint16_t)(I2S_EXT_InitStruct->DataFormat | (uint16_t
 1871              		.loc 1 817 76
 1872 0036 3B68     		ldr	r3, [r7]
 1873 0038 9888     		ldrh	r0, [r3, #4]
 1874              		.loc 1 817 119
 1875 003a 3B68     		ldr	r3, [r7]
 1876 003c 9B89     		ldrh	r3, [r3, #12]
 1877              		.loc 1 817 47
 1878 003e 0343     		orrs	r3, r3, r0
 1879 0040 9BB2     		uxth	r3, r3
 816:../../../firmware/n32h7xx_std_periph_driver/src/n32h7xx_i2s.c ****                                     | (uint16_t)(I2S_EXT_InitStruct->Standard
 1880              		.loc 1 816 39
 1881 0042 0B43     		orrs	r3, r3, r1
 1882 0044 9BB2     		uxth	r3, r3
 815:../../../firmware/n32h7xx_std_periph_driver/src/n32h7xx_i2s.c ****                                     | (uint16_t)(I2S_EXT_InitStruct->Standard
 1883              		.loc 1 815 26
 1884 0046 1343     		orrs	r3, r3, r2
 1885 0048 9AB2     		uxth	r2, r3
 813:../../../firmware/n32h7xx_std_periph_driver/src/n32h7xx_i2s.c ****                        I2S_MODE_ENABLE
 1886              		.loc 1 813 17
 1887 004a B7F86E30 		ldrh	r3, [r7, #110]	@ movhi
 1888 004e 1343     		orrs	r3, r3, r2
 1889 0050 9BB2     		uxth	r3, r3
ARM GAS  /tmp/ccAqlqeu.s 			page 48


 1890 0052 43F00203 		orr	r3, r3, #2
 1891 0056 A7F86E30 		strh	r3, [r7, #110]	@ movhi
 818:../../../firmware/n32h7xx_std_periph_driver/src/n32h7xx_i2s.c **** 
 819:../../../firmware/n32h7xx_std_periph_driver/src/n32h7xx_i2s.c ****     /* Write to I2Sx_EXT SPI_I2S_CFGR */
 820:../../../firmware/n32h7xx_std_periph_driver/src/n32h7xx_i2s.c ****     I2Sx_EXT->I2S_CFGR = tmpregister;
 1892              		.loc 1 820 24
 1893 005a 7B68     		ldr	r3, [r7, #4]
 1894 005c B7F86E20 		ldrh	r2, [r7, #110]	@ movhi
 1895 0060 9A83     		strh	r2, [r3, #28]	@ movhi
 821:../../../firmware/n32h7xx_std_periph_driver/src/n32h7xx_i2s.c **** }
 1896              		.loc 1 821 1
 1897 0062 00BF     		nop
 1898 0064 7037     		adds	r7, r7, #112
 1899              	.LCFI139:
 1900              		.cfi_def_cfa_offset 8
 1901 0066 BD46     		mov	sp, r7
 1902              	.LCFI140:
 1903              		.cfi_def_cfa_register 13
 1904              		@ sp needed
 1905 0068 80BD     		pop	{r7, pc}
 1906              		.cfi_endproc
 1907              	.LFE170:
 1909              		.section	.text.I2S_EXTInitStruct,"ax",%progbits
 1910              		.align	1
 1911              		.global	I2S_EXTInitStruct
 1912              		.syntax unified
 1913              		.thumb
 1914              		.thumb_func
 1916              	I2S_EXTInitStruct:
 1917              	.LFB171:
 822:../../../firmware/n32h7xx_std_periph_driver/src/n32h7xx_i2s.c **** 
 823:../../../firmware/n32h7xx_std_periph_driver/src/n32h7xx_i2s.c **** 
 824:../../../firmware/n32h7xx_std_periph_driver/src/n32h7xx_i2s.c **** /**
 825:../../../firmware/n32h7xx_std_periph_driver/src/n32h7xx_i2s.c **** *\*\name    I2S_EXT_InitStruct.
 826:../../../firmware/n32h7xx_std_periph_driver/src/n32h7xx_i2s.c **** *\*\fun     Fills each I2S_EXT_InitStruct member with its default value.
 827:../../../firmware/n32h7xx_std_periph_driver/src/n32h7xx_i2s.c **** *\*\param   I2S_EXT_InitStruct :
 828:../../../firmware/n32h7xx_std_periph_driver/src/n32h7xx_i2s.c **** *\*\          - I2sMode
 829:../../../firmware/n32h7xx_std_periph_driver/src/n32h7xx_i2s.c **** *\*\          - Standard
 830:../../../firmware/n32h7xx_std_periph_driver/src/n32h7xx_i2s.c **** *\*\          - DataFormat
 831:../../../firmware/n32h7xx_std_periph_driver/src/n32h7xx_i2s.c **** *\*\          - CLKPOL
 832:../../../firmware/n32h7xx_std_periph_driver/src/n32h7xx_i2s.c **** *\*\return  none
 833:../../../firmware/n32h7xx_std_periph_driver/src/n32h7xx_i2s.c **** **/
 834:../../../firmware/n32h7xx_std_periph_driver/src/n32h7xx_i2s.c **** void I2S_EXTInitStruct(I2S_InitType* I2S_EXT_InitStruct)
 835:../../../firmware/n32h7xx_std_periph_driver/src/n32h7xx_i2s.c **** {
 1918              		.loc 1 835 1
 1919              		.cfi_startproc
 1920              		@ args = 0, pretend = 0, frame = 8
 1921              		@ frame_needed = 1, uses_anonymous_args = 0
 1922              		@ link register save eliminated.
 1923 0000 80B4     		push	{r7}
 1924              	.LCFI141:
 1925              		.cfi_def_cfa_offset 4
 1926              		.cfi_offset 7, -4
 1927 0002 83B0     		sub	sp, sp, #12
 1928              	.LCFI142:
 1929              		.cfi_def_cfa_offset 16
 1930 0004 00AF     		add	r7, sp, #0
ARM GAS  /tmp/ccAqlqeu.s 			page 49


 1931              	.LCFI143:
 1932              		.cfi_def_cfa_register 7
 1933 0006 7860     		str	r0, [r7, #4]
 836:../../../firmware/n32h7xx_std_periph_driver/src/n32h7xx_i2s.c ****     /*--------------- Reset I2S init structure parameters values -----------------*/
 837:../../../firmware/n32h7xx_std_periph_driver/src/n32h7xx_i2s.c ****     /* Initialize the I2sMode member */
 838:../../../firmware/n32h7xx_std_periph_driver/src/n32h7xx_i2s.c ****     I2S_EXT_InitStruct->I2sMode = I2S_MODE_SlAVE_TX;
 1934              		.loc 1 838 33
 1935 0008 7B68     		ldr	r3, [r7, #4]
 1936 000a 0022     		movs	r2, #0
 1937 000c 1A80     		strh	r2, [r3]	@ movhi
 839:../../../firmware/n32h7xx_std_periph_driver/src/n32h7xx_i2s.c **** 
 840:../../../firmware/n32h7xx_std_periph_driver/src/n32h7xx_i2s.c ****     /* Initialize the Standard member */
 841:../../../firmware/n32h7xx_std_periph_driver/src/n32h7xx_i2s.c ****     I2S_EXT_InitStruct->Standard = I2S_STD_PHILLIPS;
 1938              		.loc 1 841 34
 1939 000e 7B68     		ldr	r3, [r7, #4]
 1940 0010 0022     		movs	r2, #0
 1941 0012 5A80     		strh	r2, [r3, #2]	@ movhi
 842:../../../firmware/n32h7xx_std_periph_driver/src/n32h7xx_i2s.c **** 
 843:../../../firmware/n32h7xx_std_periph_driver/src/n32h7xx_i2s.c ****     /* Initialize the DataFormat member */
 844:../../../firmware/n32h7xx_std_periph_driver/src/n32h7xx_i2s.c ****     I2S_EXT_InitStruct->DataFormat = I2S_DATA_FMT_16BITS;
 1942              		.loc 1 844 36
 1943 0014 7B68     		ldr	r3, [r7, #4]
 1944 0016 0022     		movs	r2, #0
 1945 0018 9A80     		strh	r2, [r3, #4]	@ movhi
 845:../../../firmware/n32h7xx_std_periph_driver/src/n32h7xx_i2s.c **** 
 846:../../../firmware/n32h7xx_std_periph_driver/src/n32h7xx_i2s.c ****     /* Initialize the CLKPOL member */
 847:../../../firmware/n32h7xx_std_periph_driver/src/n32h7xx_i2s.c ****     I2S_EXT_InitStruct->CLKPOL = I2S_CLKPOL_LOW;
 1946              		.loc 1 847 32
 1947 001a 7B68     		ldr	r3, [r7, #4]
 1948 001c 0022     		movs	r2, #0
 1949 001e 9A81     		strh	r2, [r3, #12]	@ movhi
 848:../../../firmware/n32h7xx_std_periph_driver/src/n32h7xx_i2s.c **** }
 1950              		.loc 1 848 1
 1951 0020 00BF     		nop
 1952 0022 0C37     		adds	r7, r7, #12
 1953              	.LCFI144:
 1954              		.cfi_def_cfa_offset 4
 1955 0024 BD46     		mov	sp, r7
 1956              	.LCFI145:
 1957              		.cfi_def_cfa_register 13
 1958              		@ sp needed
 1959 0026 80BC     		pop	{r7}
 1960              	.LCFI146:
 1961              		.cfi_restore 7
 1962              		.cfi_def_cfa_offset 0
 1963 0028 7047     		bx	lr
 1964              		.cfi_endproc
 1965              	.LFE171:
 1967              		.section	.text.I2S_EXTEnable,"ax",%progbits
 1968              		.align	1
 1969              		.global	I2S_EXTEnable
 1970              		.syntax unified
 1971              		.thumb
 1972              		.thumb_func
 1974              	I2S_EXTEnable:
 1975              	.LFB172:
 849:../../../firmware/n32h7xx_std_periph_driver/src/n32h7xx_i2s.c **** 
ARM GAS  /tmp/ccAqlqeu.s 			page 50


 850:../../../firmware/n32h7xx_std_periph_driver/src/n32h7xx_i2s.c **** /**
 851:../../../firmware/n32h7xx_std_periph_driver/src/n32h7xx_i2s.c **** *\*\name    I2S_EXTEnable.
 852:../../../firmware/n32h7xx_std_periph_driver/src/n32h7xx_i2s.c **** *\*\fun     Enables or disables the specified I2S EXT peripheral.
 853:../../../firmware/n32h7xx_std_periph_driver/src/n32h7xx_i2s.c **** *\*\param   I2Sx_EXT :
 854:../../../firmware/n32h7xx_std_periph_driver/src/n32h7xx_i2s.c **** *\*\          - I2S2_EXT
 855:../../../firmware/n32h7xx_std_periph_driver/src/n32h7xx_i2s.c **** *\*\          - I2S3_EXT
 856:../../../firmware/n32h7xx_std_periph_driver/src/n32h7xx_i2s.c **** *\*\param   Cmd :
 857:../../../firmware/n32h7xx_std_periph_driver/src/n32h7xx_i2s.c **** *\*\          - ENABLE
 858:../../../firmware/n32h7xx_std_periph_driver/src/n32h7xx_i2s.c **** *\*\          - DISABLE
 859:../../../firmware/n32h7xx_std_periph_driver/src/n32h7xx_i2s.c **** *\*\return  none
 860:../../../firmware/n32h7xx_std_periph_driver/src/n32h7xx_i2s.c **** **/
 861:../../../firmware/n32h7xx_std_periph_driver/src/n32h7xx_i2s.c **** void I2S_EXTEnable(I2S_EXT_Module* I2Sx_EXT, FunctionalState Cmd)
 862:../../../firmware/n32h7xx_std_periph_driver/src/n32h7xx_i2s.c **** {
 1976              		.loc 1 862 1
 1977              		.cfi_startproc
 1978              		@ args = 0, pretend = 0, frame = 8
 1979              		@ frame_needed = 1, uses_anonymous_args = 0
 1980              		@ link register save eliminated.
 1981 0000 80B4     		push	{r7}
 1982              	.LCFI147:
 1983              		.cfi_def_cfa_offset 4
 1984              		.cfi_offset 7, -4
 1985 0002 83B0     		sub	sp, sp, #12
 1986              	.LCFI148:
 1987              		.cfi_def_cfa_offset 16
 1988 0004 00AF     		add	r7, sp, #0
 1989              	.LCFI149:
 1990              		.cfi_def_cfa_register 7
 1991 0006 7860     		str	r0, [r7, #4]
 1992 0008 0B46     		mov	r3, r1
 1993 000a FB70     		strb	r3, [r7, #3]
 863:../../../firmware/n32h7xx_std_periph_driver/src/n32h7xx_i2s.c ****     if (Cmd != DISABLE)
 1994              		.loc 1 863 8
 1995 000c FB78     		ldrb	r3, [r7, #3]	@ zero_extendqisi2
 1996 000e 002B     		cmp	r3, #0
 1997 0010 08D0     		beq	.L73
 864:../../../firmware/n32h7xx_std_periph_driver/src/n32h7xx_i2s.c ****     {
 865:../../../firmware/n32h7xx_std_periph_driver/src/n32h7xx_i2s.c ****         /* Enable the selected I2S_EXT peripheral */
 866:../../../firmware/n32h7xx_std_periph_driver/src/n32h7xx_i2s.c ****         I2Sx_EXT->I2S_CFGR |= I2SCFG_I2SEN_ENABLE;
 1998              		.loc 1 866 17
 1999 0012 7B68     		ldr	r3, [r7, #4]
 2000 0014 9B8B     		ldrh	r3, [r3, #28]	@ movhi
 2001 0016 9BB2     		uxth	r3, r3
 2002              		.loc 1 866 28
 2003 0018 43F00103 		orr	r3, r3, #1
 2004 001c 9AB2     		uxth	r2, r3
 2005 001e 7B68     		ldr	r3, [r7, #4]
 2006 0020 9A83     		strh	r2, [r3, #28]	@ movhi
 867:../../../firmware/n32h7xx_std_periph_driver/src/n32h7xx_i2s.c ****     }
 868:../../../firmware/n32h7xx_std_periph_driver/src/n32h7xx_i2s.c ****     else
 869:../../../firmware/n32h7xx_std_periph_driver/src/n32h7xx_i2s.c ****     {
 870:../../../firmware/n32h7xx_std_periph_driver/src/n32h7xx_i2s.c ****         /* Disable the selected I2S_EXT peripheral */
 871:../../../firmware/n32h7xx_std_periph_driver/src/n32h7xx_i2s.c ****         I2Sx_EXT->I2S_CFGR &= I2SCFG_I2SEN_DISABLE;
 872:../../../firmware/n32h7xx_std_periph_driver/src/n32h7xx_i2s.c ****     }
 873:../../../firmware/n32h7xx_std_periph_driver/src/n32h7xx_i2s.c **** }
 2007              		.loc 1 873 1
 2008 0022 07E0     		b	.L75
ARM GAS  /tmp/ccAqlqeu.s 			page 51


 2009              	.L73:
 871:../../../firmware/n32h7xx_std_periph_driver/src/n32h7xx_i2s.c ****     }
 2010              		.loc 1 871 17
 2011 0024 7B68     		ldr	r3, [r7, #4]
 2012 0026 9B8B     		ldrh	r3, [r3, #28]	@ movhi
 2013 0028 9BB2     		uxth	r3, r3
 871:../../../firmware/n32h7xx_std_periph_driver/src/n32h7xx_i2s.c ****     }
 2014              		.loc 1 871 28
 2015 002a 23F00103 		bic	r3, r3, #1
 2016 002e 9AB2     		uxth	r2, r3
 2017 0030 7B68     		ldr	r3, [r7, #4]
 2018 0032 9A83     		strh	r2, [r3, #28]	@ movhi
 2019              	.L75:
 2020              		.loc 1 873 1
 2021 0034 00BF     		nop
 2022 0036 0C37     		adds	r7, r7, #12
 2023              	.LCFI150:
 2024              		.cfi_def_cfa_offset 4
 2025 0038 BD46     		mov	sp, r7
 2026              	.LCFI151:
 2027              		.cfi_def_cfa_register 13
 2028              		@ sp needed
 2029 003a 80BC     		pop	{r7}
 2030              	.LCFI152:
 2031              		.cfi_restore 7
 2032              		.cfi_def_cfa_offset 0
 2033 003c 7047     		bx	lr
 2034              		.cfi_endproc
 2035              	.LFE172:
 2037              		.section	.text.I2S_EXTTransmitData,"ax",%progbits
 2038              		.align	1
 2039              		.global	I2S_EXTTransmitData
 2040              		.syntax unified
 2041              		.thumb
 2042              		.thumb_func
 2044              	I2S_EXTTransmitData:
 2045              	.LFB173:
 874:../../../firmware/n32h7xx_std_periph_driver/src/n32h7xx_i2s.c **** 
 875:../../../firmware/n32h7xx_std_periph_driver/src/n32h7xx_i2s.c **** /**
 876:../../../firmware/n32h7xx_std_periph_driver/src/n32h7xx_i2s.c **** *\*\name    I2S_EXT_TransmitData.
 877:../../../firmware/n32h7xx_std_periph_driver/src/n32h7xx_i2s.c **** *\*\fun     Transmits a Data through the I2Sx_EXT peripheral.
 878:../../../firmware/n32h7xx_std_periph_driver/src/n32h7xx_i2s.c **** *\*\param   I2Sx :
 879:../../../firmware/n32h7xx_std_periph_driver/src/n32h7xx_i2s.c **** *\*\				 - I2S2_EXT
 880:../../../firmware/n32h7xx_std_periph_driver/src/n32h7xx_i2s.c **** *\*\				 - I2S3_EXT
 881:../../../firmware/n32h7xx_std_periph_driver/src/n32h7xx_i2s.c **** *\*\param   Data 			\* Data to be transmitted *\
 882:../../../firmware/n32h7xx_std_periph_driver/src/n32h7xx_i2s.c **** *\*\return  none
 883:../../../firmware/n32h7xx_std_periph_driver/src/n32h7xx_i2s.c **** **/
 884:../../../firmware/n32h7xx_std_periph_driver/src/n32h7xx_i2s.c **** void I2S_EXTTransmitData(I2S_EXT_Module* I2Sx, uint16_t Data)
 885:../../../firmware/n32h7xx_std_periph_driver/src/n32h7xx_i2s.c **** {
 2046              		.loc 1 885 1
 2047              		.cfi_startproc
 2048              		@ args = 0, pretend = 0, frame = 8
 2049              		@ frame_needed = 1, uses_anonymous_args = 0
 2050              		@ link register save eliminated.
 2051 0000 80B4     		push	{r7}
 2052              	.LCFI153:
 2053              		.cfi_def_cfa_offset 4
ARM GAS  /tmp/ccAqlqeu.s 			page 52


 2054              		.cfi_offset 7, -4
 2055 0002 83B0     		sub	sp, sp, #12
 2056              	.LCFI154:
 2057              		.cfi_def_cfa_offset 16
 2058 0004 00AF     		add	r7, sp, #0
 2059              	.LCFI155:
 2060              		.cfi_def_cfa_register 7
 2061 0006 7860     		str	r0, [r7, #4]
 2062 0008 0B46     		mov	r3, r1
 2063 000a 7B80     		strh	r3, [r7, #2]	@ movhi
 886:../../../firmware/n32h7xx_std_periph_driver/src/n32h7xx_i2s.c ****     /* Write in the DAT register the data to be sent */
 887:../../../firmware/n32h7xx_std_periph_driver/src/n32h7xx_i2s.c ****     I2Sx->I2S_DAT = Data;
 2064              		.loc 1 887 19
 2065 000c 7B68     		ldr	r3, [r7, #4]
 2066 000e 7A88     		ldrh	r2, [r7, #2]	@ movhi
 2067 0010 9A81     		strh	r2, [r3, #12]	@ movhi
 888:../../../firmware/n32h7xx_std_periph_driver/src/n32h7xx_i2s.c **** }
 2068              		.loc 1 888 1
 2069 0012 00BF     		nop
 2070 0014 0C37     		adds	r7, r7, #12
 2071              	.LCFI156:
 2072              		.cfi_def_cfa_offset 4
 2073 0016 BD46     		mov	sp, r7
 2074              	.LCFI157:
 2075              		.cfi_def_cfa_register 13
 2076              		@ sp needed
 2077 0018 80BC     		pop	{r7}
 2078              	.LCFI158:
 2079              		.cfi_restore 7
 2080              		.cfi_def_cfa_offset 0
 2081 001a 7047     		bx	lr
 2082              		.cfi_endproc
 2083              	.LFE173:
 2085              		.section	.text.I2S_EXTReceiveData,"ax",%progbits
 2086              		.align	1
 2087              		.global	I2S_EXTReceiveData
 2088              		.syntax unified
 2089              		.thumb
 2090              		.thumb_func
 2092              	I2S_EXTReceiveData:
 2093              	.LFB174:
 889:../../../firmware/n32h7xx_std_periph_driver/src/n32h7xx_i2s.c **** 
 890:../../../firmware/n32h7xx_std_periph_driver/src/n32h7xx_i2s.c **** 
 891:../../../firmware/n32h7xx_std_periph_driver/src/n32h7xx_i2s.c **** /**
 892:../../../firmware/n32h7xx_std_periph_driver/src/n32h7xx_i2s.c **** *\*\name    I2S_EXTReceiveData.
 893:../../../firmware/n32h7xx_std_periph_driver/src/n32h7xx_i2s.c **** *\*\fun     Returns the most recent received data by the I2Sx_EXT peripheral.
 894:../../../firmware/n32h7xx_std_periph_driver/src/n32h7xx_i2s.c **** *\*\param   I2Sx :
 895:../../../firmware/n32h7xx_std_periph_driver/src/n32h7xx_i2s.c **** *\*\				 - I2S1_EXT
 896:../../../firmware/n32h7xx_std_periph_driver/src/n32h7xx_i2s.c **** *\*\				 - I2S2_EXT
 897:../../../firmware/n32h7xx_std_periph_driver/src/n32h7xx_i2s.c **** *\*\				 - I2S3_EXT
 898:../../../firmware/n32h7xx_std_periph_driver/src/n32h7xx_i2s.c **** *\*\				 - I2S4_EXT
 899:../../../firmware/n32h7xx_std_periph_driver/src/n32h7xx_i2s.c **** *\*\return  The data in the I2S_DAT register.
 900:../../../firmware/n32h7xx_std_periph_driver/src/n32h7xx_i2s.c **** **/
 901:../../../firmware/n32h7xx_std_periph_driver/src/n32h7xx_i2s.c **** uint16_t I2S_EXTReceiveData(const I2S_EXT_Module* I2Sx)
 902:../../../firmware/n32h7xx_std_periph_driver/src/n32h7xx_i2s.c **** {
 2094              		.loc 1 902 1
 2095              		.cfi_startproc
ARM GAS  /tmp/ccAqlqeu.s 			page 53


 2096              		@ args = 0, pretend = 0, frame = 8
 2097              		@ frame_needed = 1, uses_anonymous_args = 0
 2098              		@ link register save eliminated.
 2099 0000 80B4     		push	{r7}
 2100              	.LCFI159:
 2101              		.cfi_def_cfa_offset 4
 2102              		.cfi_offset 7, -4
 2103 0002 83B0     		sub	sp, sp, #12
 2104              	.LCFI160:
 2105              		.cfi_def_cfa_offset 16
 2106 0004 00AF     		add	r7, sp, #0
 2107              	.LCFI161:
 2108              		.cfi_def_cfa_register 7
 2109 0006 7860     		str	r0, [r7, #4]
 903:../../../firmware/n32h7xx_std_periph_driver/src/n32h7xx_i2s.c ****     /* Return the data in the DAT register */
 904:../../../firmware/n32h7xx_std_periph_driver/src/n32h7xx_i2s.c ****     return I2Sx->I2S_DAT;
 2110              		.loc 1 904 16
 2111 0008 7B68     		ldr	r3, [r7, #4]
 2112 000a 9B89     		ldrh	r3, [r3, #12]	@ movhi
 2113 000c 9BB2     		uxth	r3, r3
 905:../../../firmware/n32h7xx_std_periph_driver/src/n32h7xx_i2s.c **** }
 2114              		.loc 1 905 1
 2115 000e 1846     		mov	r0, r3
 2116 0010 0C37     		adds	r7, r7, #12
 2117              	.LCFI162:
 2118              		.cfi_def_cfa_offset 4
 2119 0012 BD46     		mov	sp, r7
 2120              	.LCFI163:
 2121              		.cfi_def_cfa_register 13
 2122              		@ sp needed
 2123 0014 80BC     		pop	{r7}
 2124              	.LCFI164:
 2125              		.cfi_restore 7
 2126              		.cfi_def_cfa_offset 0
 2127 0016 7047     		bx	lr
 2128              		.cfi_endproc
 2129              	.LFE174:
 2131              		.section	.text.I2S_EXTEnableDma,"ax",%progbits
 2132              		.align	1
 2133              		.global	I2S_EXTEnableDma
 2134              		.syntax unified
 2135              		.thumb
 2136              		.thumb_func
 2138              	I2S_EXTEnableDma:
 2139              	.LFB175:
 906:../../../firmware/n32h7xx_std_periph_driver/src/n32h7xx_i2s.c **** 
 907:../../../firmware/n32h7xx_std_periph_driver/src/n32h7xx_i2s.c **** 
 908:../../../firmware/n32h7xx_std_periph_driver/src/n32h7xx_i2s.c **** /**
 909:../../../firmware/n32h7xx_std_periph_driver/src/n32h7xx_i2s.c **** *\*\name    I2S_EXTEnableDma.
 910:../../../firmware/n32h7xx_std_periph_driver/src/n32h7xx_i2s.c **** *\*\fun     Enables or disables the I2Sx DMA interface.
 911:../../../firmware/n32h7xx_std_periph_driver/src/n32h7xx_i2s.c **** *\*\param   I2Sx :
 912:../../../firmware/n32h7xx_std_periph_driver/src/n32h7xx_i2s.c **** *\*\				 - I2S1_EXT
 913:../../../firmware/n32h7xx_std_periph_driver/src/n32h7xx_i2s.c **** *\*\				 - I2S2_EXT
 914:../../../firmware/n32h7xx_std_periph_driver/src/n32h7xx_i2s.c **** *\*\				 - I2S3_EXT
 915:../../../firmware/n32h7xx_std_periph_driver/src/n32h7xx_i2s.c **** *\*\				 - I2S4_EXT
 916:../../../firmware/n32h7xx_std_periph_driver/src/n32h7xx_i2s.c **** *\*\param   I2S_EXT_DMAReq :
 917:../../../firmware/n32h7xx_std_periph_driver/src/n32h7xx_i2s.c **** *\*\         - I2S_EXT_DMA_TX
ARM GAS  /tmp/ccAqlqeu.s 			page 54


 918:../../../firmware/n32h7xx_std_periph_driver/src/n32h7xx_i2s.c **** *\*\         - I2S_EXT_DMA_RX
 919:../../../firmware/n32h7xx_std_periph_driver/src/n32h7xx_i2s.c **** *\*\param   Cmd :
 920:../../../firmware/n32h7xx_std_periph_driver/src/n32h7xx_i2s.c **** *\*\         - ENABLE
 921:../../../firmware/n32h7xx_std_periph_driver/src/n32h7xx_i2s.c **** *\*\         - DISABLE
 922:../../../firmware/n32h7xx_std_periph_driver/src/n32h7xx_i2s.c **** *\*\return  none
 923:../../../firmware/n32h7xx_std_periph_driver/src/n32h7xx_i2s.c **** **/
 924:../../../firmware/n32h7xx_std_periph_driver/src/n32h7xx_i2s.c **** void I2S_EXTEnableDma(I2S_EXT_Module* I2Sx, uint16_t I2S_EXT_DMAReq, FunctionalState Cmd)
 925:../../../firmware/n32h7xx_std_periph_driver/src/n32h7xx_i2s.c **** {
 2140              		.loc 1 925 1
 2141              		.cfi_startproc
 2142              		@ args = 0, pretend = 0, frame = 8
 2143              		@ frame_needed = 1, uses_anonymous_args = 0
 2144              		@ link register save eliminated.
 2145 0000 80B4     		push	{r7}
 2146              	.LCFI165:
 2147              		.cfi_def_cfa_offset 4
 2148              		.cfi_offset 7, -4
 2149 0002 83B0     		sub	sp, sp, #12
 2150              	.LCFI166:
 2151              		.cfi_def_cfa_offset 16
 2152 0004 00AF     		add	r7, sp, #0
 2153              	.LCFI167:
 2154              		.cfi_def_cfa_register 7
 2155 0006 7860     		str	r0, [r7, #4]
 2156 0008 0B46     		mov	r3, r1
 2157 000a 7B80     		strh	r3, [r7, #2]	@ movhi
 2158 000c 1346     		mov	r3, r2
 2159 000e 7B70     		strb	r3, [r7, #1]
 926:../../../firmware/n32h7xx_std_periph_driver/src/n32h7xx_i2s.c ****     if (Cmd != DISABLE)
 2160              		.loc 1 926 8
 2161 0010 7B78     		ldrb	r3, [r7, #1]	@ zero_extendqisi2
 2162 0012 002B     		cmp	r3, #0
 2163 0014 08D0     		beq	.L80
 927:../../../firmware/n32h7xx_std_periph_driver/src/n32h7xx_i2s.c ****     {
 928:../../../firmware/n32h7xx_std_periph_driver/src/n32h7xx_i2s.c ****         /* Enable the selected I2S_EXT DMA requests */
 929:../../../firmware/n32h7xx_std_periph_driver/src/n32h7xx_i2s.c ****         I2Sx->I2S_CTRL2 |= I2S_EXT_DMAReq;
 2164              		.loc 1 929 13
 2165 0016 7B68     		ldr	r3, [r7, #4]
 2166 0018 9B88     		ldrh	r3, [r3, #4]	@ movhi
 2167 001a 9AB2     		uxth	r2, r3
 2168              		.loc 1 929 25
 2169 001c 7B88     		ldrh	r3, [r7, #2]	@ movhi
 2170 001e 1343     		orrs	r3, r3, r2
 2171 0020 9AB2     		uxth	r2, r3
 2172 0022 7B68     		ldr	r3, [r7, #4]
 2173 0024 9A80     		strh	r2, [r3, #4]	@ movhi
 930:../../../firmware/n32h7xx_std_periph_driver/src/n32h7xx_i2s.c ****     }
 931:../../../firmware/n32h7xx_std_periph_driver/src/n32h7xx_i2s.c ****     else
 932:../../../firmware/n32h7xx_std_periph_driver/src/n32h7xx_i2s.c ****     {
 933:../../../firmware/n32h7xx_std_periph_driver/src/n32h7xx_i2s.c ****         /* Disable the selected I2S_EXT DMA requests */
 934:../../../firmware/n32h7xx_std_periph_driver/src/n32h7xx_i2s.c ****         I2Sx->I2S_CTRL2 &= (uint16_t)~I2S_EXT_DMAReq;
 935:../../../firmware/n32h7xx_std_periph_driver/src/n32h7xx_i2s.c ****     }
 936:../../../firmware/n32h7xx_std_periph_driver/src/n32h7xx_i2s.c **** }
 2174              		.loc 1 936 1
 2175 0026 09E0     		b	.L82
 2176              	.L80:
 934:../../../firmware/n32h7xx_std_periph_driver/src/n32h7xx_i2s.c ****     }
ARM GAS  /tmp/ccAqlqeu.s 			page 55


 2177              		.loc 1 934 13
 2178 0028 7B68     		ldr	r3, [r7, #4]
 2179 002a 9B88     		ldrh	r3, [r3, #4]	@ movhi
 2180 002c 9AB2     		uxth	r2, r3
 934:../../../firmware/n32h7xx_std_periph_driver/src/n32h7xx_i2s.c ****     }
 2181              		.loc 1 934 28
 2182 002e 7B88     		ldrh	r3, [r7, #2]	@ movhi
 2183 0030 DB43     		mvns	r3, r3
 2184 0032 9BB2     		uxth	r3, r3
 934:../../../firmware/n32h7xx_std_periph_driver/src/n32h7xx_i2s.c ****     }
 2185              		.loc 1 934 25
 2186 0034 1340     		ands	r3, r3, r2
 2187 0036 9AB2     		uxth	r2, r3
 2188 0038 7B68     		ldr	r3, [r7, #4]
 2189 003a 9A80     		strh	r2, [r3, #4]	@ movhi
 2190              	.L82:
 2191              		.loc 1 936 1
 2192 003c 00BF     		nop
 2193 003e 0C37     		adds	r7, r7, #12
 2194              	.LCFI168:
 2195              		.cfi_def_cfa_offset 4
 2196 0040 BD46     		mov	sp, r7
 2197              	.LCFI169:
 2198              		.cfi_def_cfa_register 13
 2199              		@ sp needed
 2200 0042 80BC     		pop	{r7}
 2201              	.LCFI170:
 2202              		.cfi_restore 7
 2203              		.cfi_def_cfa_offset 0
 2204 0044 7047     		bx	lr
 2205              		.cfi_endproc
 2206              	.LFE175:
 2208              		.section	.text.I2S_EXTEnableInt,"ax",%progbits
 2209              		.align	1
 2210              		.global	I2S_EXTEnableInt
 2211              		.syntax unified
 2212              		.thumb
 2213              		.thumb_func
 2215              	I2S_EXTEnableInt:
 2216              	.LFB176:
 937:../../../firmware/n32h7xx_std_periph_driver/src/n32h7xx_i2s.c **** 
 938:../../../firmware/n32h7xx_std_periph_driver/src/n32h7xx_i2s.c **** /**
 939:../../../firmware/n32h7xx_std_periph_driver/src/n32h7xx_i2s.c **** *\*\name    I2S_EXTEnableInt.
 940:../../../firmware/n32h7xx_std_periph_driver/src/n32h7xx_i2s.c **** *\*\fun     Enables or disables the specified I2S_EXT interrupts.
 941:../../../firmware/n32h7xx_std_periph_driver/src/n32h7xx_i2s.c **** *\*\param   I2Sx :
 942:../../../firmware/n32h7xx_std_periph_driver/src/n32h7xx_i2s.c **** *\*\				 - I2S1_EXT
 943:../../../firmware/n32h7xx_std_periph_driver/src/n32h7xx_i2s.c **** *\*\				 - I2S2_EXT
 944:../../../firmware/n32h7xx_std_periph_driver/src/n32h7xx_i2s.c **** *\*\				 - I2S3_EXT
 945:../../../firmware/n32h7xx_std_periph_driver/src/n32h7xx_i2s.c **** *\*\				 - I2S4_EXT
 946:../../../firmware/n32h7xx_std_periph_driver/src/n32h7xx_i2s.c **** *\*\param   I2S_EXT_IT :
 947:../../../firmware/n32h7xx_std_periph_driver/src/n32h7xx_i2s.c **** *\*\      	 - I2S_EXT_INT_TEINTEN
 948:../../../firmware/n32h7xx_std_periph_driver/src/n32h7xx_i2s.c **** *\*\      	 - I2S_EXT_INT_RNEINTEN
 949:../../../firmware/n32h7xx_std_periph_driver/src/n32h7xx_i2s.c **** *\*\      	 - I2S_EXT_INT_ERRINTEN
 950:../../../firmware/n32h7xx_std_periph_driver/src/n32h7xx_i2s.c **** *\*\param   Cmd :
 951:../../../firmware/n32h7xx_std_periph_driver/src/n32h7xx_i2s.c **** *\*\         - ENABLE
 952:../../../firmware/n32h7xx_std_periph_driver/src/n32h7xx_i2s.c **** *\*\         - DISABLE
 953:../../../firmware/n32h7xx_std_periph_driver/src/n32h7xx_i2s.c **** *\*\return  none
ARM GAS  /tmp/ccAqlqeu.s 			page 56


 954:../../../firmware/n32h7xx_std_periph_driver/src/n32h7xx_i2s.c **** **/
 955:../../../firmware/n32h7xx_std_periph_driver/src/n32h7xx_i2s.c **** void I2S_EXTEnableInt(I2S_EXT_Module* I2Sx, uint8_t I2S_EXT_IT, FunctionalState Cmd)
 956:../../../firmware/n32h7xx_std_periph_driver/src/n32h7xx_i2s.c **** {
 2217              		.loc 1 956 1
 2218              		.cfi_startproc
 2219              		@ args = 0, pretend = 0, frame = 16
 2220              		@ frame_needed = 1, uses_anonymous_args = 0
 2221              		@ link register save eliminated.
 2222 0000 80B4     		push	{r7}
 2223              	.LCFI171:
 2224              		.cfi_def_cfa_offset 4
 2225              		.cfi_offset 7, -4
 2226 0002 85B0     		sub	sp, sp, #20
 2227              	.LCFI172:
 2228              		.cfi_def_cfa_offset 24
 2229 0004 00AF     		add	r7, sp, #0
 2230              	.LCFI173:
 2231              		.cfi_def_cfa_register 7
 2232 0006 7860     		str	r0, [r7, #4]
 2233 0008 0B46     		mov	r3, r1
 2234 000a FB70     		strb	r3, [r7, #3]
 2235 000c 1346     		mov	r3, r2
 2236 000e BB70     		strb	r3, [r7, #2]
 957:../../../firmware/n32h7xx_std_periph_driver/src/n32h7xx_i2s.c ****     uint16_t itmask;
 958:../../../firmware/n32h7xx_std_periph_driver/src/n32h7xx_i2s.c **** 
 959:../../../firmware/n32h7xx_std_periph_driver/src/n32h7xx_i2s.c ****     /* Set the IT mask */
 960:../../../firmware/n32h7xx_std_periph_driver/src/n32h7xx_i2s.c ****     itmask = I2S_EXT_IT;
 2237              		.loc 1 960 12
 2238 0010 FB78     		ldrb	r3, [r7, #3]	@ zero_extendqisi2
 2239 0012 FB81     		strh	r3, [r7, #14]	@ movhi
 961:../../../firmware/n32h7xx_std_periph_driver/src/n32h7xx_i2s.c **** 
 962:../../../firmware/n32h7xx_std_periph_driver/src/n32h7xx_i2s.c ****     if (Cmd != DISABLE)
 2240              		.loc 1 962 8
 2241 0014 BB78     		ldrb	r3, [r7, #2]	@ zero_extendqisi2
 2242 0016 002B     		cmp	r3, #0
 2243 0018 08D0     		beq	.L84
 963:../../../firmware/n32h7xx_std_periph_driver/src/n32h7xx_i2s.c ****     {
 964:../../../firmware/n32h7xx_std_periph_driver/src/n32h7xx_i2s.c ****         /* Enable the selected I2S interrupt */
 965:../../../firmware/n32h7xx_std_periph_driver/src/n32h7xx_i2s.c ****         I2Sx->I2S_CTRL2 |= itmask;
 2244              		.loc 1 965 13
 2245 001a 7B68     		ldr	r3, [r7, #4]
 2246 001c 9B88     		ldrh	r3, [r3, #4]	@ movhi
 2247 001e 9AB2     		uxth	r2, r3
 2248              		.loc 1 965 25
 2249 0020 FB89     		ldrh	r3, [r7, #14]	@ movhi
 2250 0022 1343     		orrs	r3, r3, r2
 2251 0024 9AB2     		uxth	r2, r3
 2252 0026 7B68     		ldr	r3, [r7, #4]
 2253 0028 9A80     		strh	r2, [r3, #4]	@ movhi
 966:../../../firmware/n32h7xx_std_periph_driver/src/n32h7xx_i2s.c ****     }
 967:../../../firmware/n32h7xx_std_periph_driver/src/n32h7xx_i2s.c ****     else
 968:../../../firmware/n32h7xx_std_periph_driver/src/n32h7xx_i2s.c ****     {
 969:../../../firmware/n32h7xx_std_periph_driver/src/n32h7xx_i2s.c ****         /* Disable the selected I2S interrupt */
 970:../../../firmware/n32h7xx_std_periph_driver/src/n32h7xx_i2s.c ****         I2Sx->I2S_CTRL2 &= (uint16_t)~itmask;
 971:../../../firmware/n32h7xx_std_periph_driver/src/n32h7xx_i2s.c ****     }
 972:../../../firmware/n32h7xx_std_periph_driver/src/n32h7xx_i2s.c **** }
 2254              		.loc 1 972 1
ARM GAS  /tmp/ccAqlqeu.s 			page 57


 2255 002a 09E0     		b	.L86
 2256              	.L84:
 970:../../../firmware/n32h7xx_std_periph_driver/src/n32h7xx_i2s.c ****     }
 2257              		.loc 1 970 13
 2258 002c 7B68     		ldr	r3, [r7, #4]
 2259 002e 9B88     		ldrh	r3, [r3, #4]	@ movhi
 2260 0030 9AB2     		uxth	r2, r3
 970:../../../firmware/n32h7xx_std_periph_driver/src/n32h7xx_i2s.c ****     }
 2261              		.loc 1 970 28
 2262 0032 FB89     		ldrh	r3, [r7, #14]	@ movhi
 2263 0034 DB43     		mvns	r3, r3
 2264 0036 9BB2     		uxth	r3, r3
 970:../../../firmware/n32h7xx_std_periph_driver/src/n32h7xx_i2s.c ****     }
 2265              		.loc 1 970 25
 2266 0038 1340     		ands	r3, r3, r2
 2267 003a 9AB2     		uxth	r2, r3
 2268 003c 7B68     		ldr	r3, [r7, #4]
 2269 003e 9A80     		strh	r2, [r3, #4]	@ movhi
 2270              	.L86:
 2271              		.loc 1 972 1
 2272 0040 00BF     		nop
 2273 0042 1437     		adds	r7, r7, #20
 2274              	.LCFI174:
 2275              		.cfi_def_cfa_offset 4
 2276 0044 BD46     		mov	sp, r7
 2277              	.LCFI175:
 2278              		.cfi_def_cfa_register 13
 2279              		@ sp needed
 2280 0046 80BC     		pop	{r7}
 2281              	.LCFI176:
 2282              		.cfi_restore 7
 2283              		.cfi_def_cfa_offset 0
 2284 0048 7047     		bx	lr
 2285              		.cfi_endproc
 2286              	.LFE176:
 2288              		.section	.text.I2S_EXTGetStatus,"ax",%progbits
 2289              		.align	1
 2290              		.global	I2S_EXTGetStatus
 2291              		.syntax unified
 2292              		.thumb
 2293              		.thumb_func
 2295              	I2S_EXTGetStatus:
 2296              	.LFB177:
 973:../../../firmware/n32h7xx_std_periph_driver/src/n32h7xx_i2s.c **** 
 974:../../../firmware/n32h7xx_std_periph_driver/src/n32h7xx_i2s.c **** /**
 975:../../../firmware/n32h7xx_std_periph_driver/src/n32h7xx_i2s.c **** *\*\name    I2S_EXT_GetStatus.
 976:../../../firmware/n32h7xx_std_periph_driver/src/n32h7xx_i2s.c **** *\*\fun     Checks whether the specified I2S_EXT flag is set or not.
 977:../../../firmware/n32h7xx_std_periph_driver/src/n32h7xx_i2s.c **** *\*\param   I2Sx :
 978:../../../firmware/n32h7xx_std_periph_driver/src/n32h7xx_i2s.c **** *\*\				 - I2S2_EXT
 979:../../../firmware/n32h7xx_std_periph_driver/src/n32h7xx_i2s.c **** *\*\				 - I2S3_EXT
 980:../../../firmware/n32h7xx_std_periph_driver/src/n32h7xx_i2s.c **** *\*\param   I2S_EXT_FLAG :
 981:../../../firmware/n32h7xx_std_periph_driver/src/n32h7xx_i2s.c **** *\*\				 - I2S_EXT_BUSY_FLAG
 982:../../../firmware/n32h7xx_std_periph_driver/src/n32h7xx_i2s.c **** *\*\				 - I2S_EXT_OVER_FLAG
 983:../../../firmware/n32h7xx_std_periph_driver/src/n32h7xx_i2s.c **** *\*\				 - I2S_EXT_UNDER_FLAG
 984:../../../firmware/n32h7xx_std_periph_driver/src/n32h7xx_i2s.c **** *\*\				 - I2S_EXT_CHSIDE_FLAG
 985:../../../firmware/n32h7xx_std_periph_driver/src/n32h7xx_i2s.c **** *\*\				 - I2S_EXT_TE_FLAG
 986:../../../firmware/n32h7xx_std_periph_driver/src/n32h7xx_i2s.c **** *\*\				 - I2S_EXT_RNE_FLAG
ARM GAS  /tmp/ccAqlqeu.s 			page 58


 987:../../../firmware/n32h7xx_std_periph_driver/src/n32h7xx_i2s.c **** *\*\return  The new state of I2S_EXT_FLAG (SET or RESET).
 988:../../../firmware/n32h7xx_std_periph_driver/src/n32h7xx_i2s.c **** **/
 989:../../../firmware/n32h7xx_std_periph_driver/src/n32h7xx_i2s.c **** FlagStatus I2S_EXTGetStatus(const I2S_EXT_Module* I2Sx, uint16_t I2S_EXT_FLAG)
 990:../../../firmware/n32h7xx_std_periph_driver/src/n32h7xx_i2s.c **** {
 2297              		.loc 1 990 1
 2298              		.cfi_startproc
 2299              		@ args = 0, pretend = 0, frame = 16
 2300              		@ frame_needed = 1, uses_anonymous_args = 0
 2301              		@ link register save eliminated.
 2302 0000 80B4     		push	{r7}
 2303              	.LCFI177:
 2304              		.cfi_def_cfa_offset 4
 2305              		.cfi_offset 7, -4
 2306 0002 85B0     		sub	sp, sp, #20
 2307              	.LCFI178:
 2308              		.cfi_def_cfa_offset 24
 2309 0004 00AF     		add	r7, sp, #0
 2310              	.LCFI179:
 2311              		.cfi_def_cfa_register 7
 2312 0006 7860     		str	r0, [r7, #4]
 2313 0008 0B46     		mov	r3, r1
 2314 000a 7B80     		strh	r3, [r7, #2]	@ movhi
 991:../../../firmware/n32h7xx_std_periph_driver/src/n32h7xx_i2s.c ****     FlagStatus bitstatus;
 992:../../../firmware/n32h7xx_std_periph_driver/src/n32h7xx_i2s.c **** 
 993:../../../firmware/n32h7xx_std_periph_driver/src/n32h7xx_i2s.c ****     /* Check the status of the specified I2S_EXT flag */
 994:../../../firmware/n32h7xx_std_periph_driver/src/n32h7xx_i2s.c ****     if ((I2Sx->I2S_STS & I2S_EXT_FLAG) != (uint16_t)RESET)
 2315              		.loc 1 994 14
 2316 000c 7B68     		ldr	r3, [r7, #4]
 2317 000e 1B89     		ldrh	r3, [r3, #8]	@ movhi
 2318 0010 9AB2     		uxth	r2, r3
 2319              		.loc 1 994 40
 2320 0012 7B88     		ldrh	r3, [r7, #2]	@ movhi
 2321 0014 1340     		ands	r3, r3, r2
 2322 0016 9BB2     		uxth	r3, r3
 2323              		.loc 1 994 8
 2324 0018 002B     		cmp	r3, #0
 2325 001a 02D0     		beq	.L88
 995:../../../firmware/n32h7xx_std_periph_driver/src/n32h7xx_i2s.c ****     {
 996:../../../firmware/n32h7xx_std_periph_driver/src/n32h7xx_i2s.c ****         /* I2S_EXT_FLAG is set */
 997:../../../firmware/n32h7xx_std_periph_driver/src/n32h7xx_i2s.c ****         bitstatus = SET;
 2326              		.loc 1 997 19
 2327 001c 0123     		movs	r3, #1
 2328 001e FB73     		strb	r3, [r7, #15]
 2329 0020 01E0     		b	.L89
 2330              	.L88:
 998:../../../firmware/n32h7xx_std_periph_driver/src/n32h7xx_i2s.c ****     }
 999:../../../firmware/n32h7xx_std_periph_driver/src/n32h7xx_i2s.c ****     else
1000:../../../firmware/n32h7xx_std_periph_driver/src/n32h7xx_i2s.c ****     {
1001:../../../firmware/n32h7xx_std_periph_driver/src/n32h7xx_i2s.c ****         /* I2S_EXT_FLAG is reset */
1002:../../../firmware/n32h7xx_std_periph_driver/src/n32h7xx_i2s.c ****         bitstatus = RESET;
 2331              		.loc 1 1002 19
 2332 0022 0023     		movs	r3, #0
 2333 0024 FB73     		strb	r3, [r7, #15]
 2334              	.L89:
1003:../../../firmware/n32h7xx_std_periph_driver/src/n32h7xx_i2s.c ****     }
1004:../../../firmware/n32h7xx_std_periph_driver/src/n32h7xx_i2s.c **** 
1005:../../../firmware/n32h7xx_std_periph_driver/src/n32h7xx_i2s.c ****     /* Return the I2S_EXT_FLAG status */
ARM GAS  /tmp/ccAqlqeu.s 			page 59


1006:../../../firmware/n32h7xx_std_periph_driver/src/n32h7xx_i2s.c ****     return bitstatus;
 2335              		.loc 1 1006 12
 2336 0026 FB7B     		ldrb	r3, [r7, #15]	@ zero_extendqisi2
1007:../../../firmware/n32h7xx_std_periph_driver/src/n32h7xx_i2s.c **** }
 2337              		.loc 1 1007 1
 2338 0028 1846     		mov	r0, r3
 2339 002a 1437     		adds	r7, r7, #20
 2340              	.LCFI180:
 2341              		.cfi_def_cfa_offset 4
 2342 002c BD46     		mov	sp, r7
 2343              	.LCFI181:
 2344              		.cfi_def_cfa_register 13
 2345              		@ sp needed
 2346 002e 80BC     		pop	{r7}
 2347              	.LCFI182:
 2348              		.cfi_restore 7
 2349              		.cfi_def_cfa_offset 0
 2350 0030 7047     		bx	lr
 2351              		.cfi_endproc
 2352              	.LFE177:
 2354              		.section	.text.I2S_EXTGetIntStatus,"ax",%progbits
 2355              		.align	1
 2356              		.global	I2S_EXTGetIntStatus
 2357              		.syntax unified
 2358              		.thumb
 2359              		.thumb_func
 2361              	I2S_EXTGetIntStatus:
 2362              	.LFB178:
1008:../../../firmware/n32h7xx_std_periph_driver/src/n32h7xx_i2s.c **** 
1009:../../../firmware/n32h7xx_std_periph_driver/src/n32h7xx_i2s.c **** /**
1010:../../../firmware/n32h7xx_std_periph_driver/src/n32h7xx_i2s.c **** *\*\name    I2S_EXTGetIntStatus.
1011:../../../firmware/n32h7xx_std_periph_driver/src/n32h7xx_i2s.c **** *\*\fun     Checks whether the specified I2S_EXT interrupt has occurred or not.
1012:../../../firmware/n32h7xx_std_periph_driver/src/n32h7xx_i2s.c **** *\*\param   I2Sx :
1013:../../../firmware/n32h7xx_std_periph_driver/src/n32h7xx_i2s.c **** *\*\				 - I2S2_EXT
1014:../../../firmware/n32h7xx_std_periph_driver/src/n32h7xx_i2s.c **** *\*\				 - I2S3_EXT
1015:../../../firmware/n32h7xx_std_periph_driver/src/n32h7xx_i2s.c **** *\*\param   I2S_EXT_IT :
1016:../../../firmware/n32h7xx_std_periph_driver/src/n32h7xx_i2s.c **** *\*\      	 - I2S_EXT_TE_FLAG
1017:../../../firmware/n32h7xx_std_periph_driver/src/n32h7xx_i2s.c **** *\*\      	 - I2S_EXT_RNE_FLAG
1018:../../../firmware/n32h7xx_std_periph_driver/src/n32h7xx_i2s.c **** *\*\      	 - I2S_EXT_BUSY_FLAG
1019:../../../firmware/n32h7xx_std_periph_driver/src/n32h7xx_i2s.c **** *\*\      	 - I2S_EXT_OVER_FLAG
1020:../../../firmware/n32h7xx_std_periph_driver/src/n32h7xx_i2s.c **** *\*\      	 - I2S_EXT_UNDER_FLAG
1021:../../../firmware/n32h7xx_std_periph_driver/src/n32h7xx_i2s.c **** *\*\      	 - I2S_EXT_CHSIDE_FLAG
1022:../../../firmware/n32h7xx_std_periph_driver/src/n32h7xx_i2s.c **** *\*\return  The new state of I2S_EXT_IT (SET or RESET).
1023:../../../firmware/n32h7xx_std_periph_driver/src/n32h7xx_i2s.c **** **/
1024:../../../firmware/n32h7xx_std_periph_driver/src/n32h7xx_i2s.c **** 
1025:../../../firmware/n32h7xx_std_periph_driver/src/n32h7xx_i2s.c **** INTStatus I2S_EXTGetIntStatus(const I2S_EXT_Module* I2Sx, uint8_t I2S_EXT_IT)
1026:../../../firmware/n32h7xx_std_periph_driver/src/n32h7xx_i2s.c **** {
 2363              		.loc 1 1026 1
 2364              		.cfi_startproc
 2365              		@ args = 0, pretend = 0, frame = 16
 2366              		@ frame_needed = 1, uses_anonymous_args = 0
 2367              		@ link register save eliminated.
 2368 0000 80B4     		push	{r7}
 2369              	.LCFI183:
 2370              		.cfi_def_cfa_offset 4
 2371              		.cfi_offset 7, -4
 2372 0002 85B0     		sub	sp, sp, #20
ARM GAS  /tmp/ccAqlqeu.s 			page 60


 2373              	.LCFI184:
 2374              		.cfi_def_cfa_offset 24
 2375 0004 00AF     		add	r7, sp, #0
 2376              	.LCFI185:
 2377              		.cfi_def_cfa_register 7
 2378 0006 7860     		str	r0, [r7, #4]
 2379 0008 0B46     		mov	r3, r1
 2380 000a FB70     		strb	r3, [r7, #3]
1027:../../../firmware/n32h7xx_std_periph_driver/src/n32h7xx_i2s.c ****     INTStatus bitstatus = RESET;
 2381              		.loc 1 1027 15
 2382 000c 0023     		movs	r3, #0
 2383 000e FB73     		strb	r3, [r7, #15]
1028:../../../firmware/n32h7xx_std_periph_driver/src/n32h7xx_i2s.c ****     uint16_t itpos = 0, itmask = 0, enablestatus = 0;
 2384              		.loc 1 1028 14
 2385 0010 0023     		movs	r3, #0
 2386 0012 BB81     		strh	r3, [r7, #12]	@ movhi
 2387              		.loc 1 1028 25
 2388 0014 0023     		movs	r3, #0
 2389 0016 7B81     		strh	r3, [r7, #10]	@ movhi
 2390              		.loc 1 1028 37
 2391 0018 0023     		movs	r3, #0
 2392 001a 3B81     		strh	r3, [r7, #8]	@ movhi
1029:../../../firmware/n32h7xx_std_periph_driver/src/n32h7xx_i2s.c **** 
1030:../../../firmware/n32h7xx_std_periph_driver/src/n32h7xx_i2s.c ****     /* Get the SPI/I2S IT index */
1031:../../../firmware/n32h7xx_std_periph_driver/src/n32h7xx_i2s.c ****     itpos = 0x01 << (I2S_EXT_IT & 0x0F);
 2393              		.loc 1 1031 33
 2394 001c FB78     		ldrb	r3, [r7, #3]	@ zero_extendqisi2
 2395 001e 03F00F03 		and	r3, r3, #15
 2396              		.loc 1 1031 18
 2397 0022 0122     		movs	r2, #1
 2398 0024 02FA03F3 		lsl	r3, r2, r3
 2399              		.loc 1 1031 11
 2400 0028 BB81     		strh	r3, [r7, #12]	@ movhi
1032:../../../firmware/n32h7xx_std_periph_driver/src/n32h7xx_i2s.c **** 
1033:../../../firmware/n32h7xx_std_periph_driver/src/n32h7xx_i2s.c ****     /* Get the SPI/I2S IT mask */
1034:../../../firmware/n32h7xx_std_periph_driver/src/n32h7xx_i2s.c ****     itmask = I2S_EXT_IT >> 4;
 2401              		.loc 1 1034 12
 2402 002a FB78     		ldrb	r3, [r7, #3]	@ zero_extendqisi2
 2403 002c 1B09     		lsrs	r3, r3, #4
 2404 002e DBB2     		uxtb	r3, r3
 2405 0030 7B81     		strh	r3, [r7, #10]	@ movhi
1035:../../../firmware/n32h7xx_std_periph_driver/src/n32h7xx_i2s.c **** 
1036:../../../firmware/n32h7xx_std_periph_driver/src/n32h7xx_i2s.c ****     /* Set the IT mask */
1037:../../../firmware/n32h7xx_std_periph_driver/src/n32h7xx_i2s.c ****     itmask = 0x01 << itmask;
 2406              		.loc 1 1037 19
 2407 0032 7B89     		ldrh	r3, [r7, #10]
 2408 0034 0122     		movs	r2, #1
 2409 0036 02FA03F3 		lsl	r3, r2, r3
 2410              		.loc 1 1037 12
 2411 003a 7B81     		strh	r3, [r7, #10]	@ movhi
1038:../../../firmware/n32h7xx_std_periph_driver/src/n32h7xx_i2s.c **** 
1039:../../../firmware/n32h7xx_std_periph_driver/src/n32h7xx_i2s.c ****     /* Get the SPI_I2S_IT enable bit status */
1040:../../../firmware/n32h7xx_std_periph_driver/src/n32h7xx_i2s.c ****     enablestatus = (I2Sx->I2S_CTRL2 & itmask);
 2412              		.loc 1 1040 25
 2413 003c 7B68     		ldr	r3, [r7, #4]
 2414 003e 9B88     		ldrh	r3, [r3, #4]	@ movhi
 2415 0040 9AB2     		uxth	r2, r3
ARM GAS  /tmp/ccAqlqeu.s 			page 61


 2416              		.loc 1 1040 18
 2417 0042 7B89     		ldrh	r3, [r7, #10]	@ movhi
 2418 0044 1340     		ands	r3, r3, r2
 2419 0046 3B81     		strh	r3, [r7, #8]	@ movhi
1041:../../../firmware/n32h7xx_std_periph_driver/src/n32h7xx_i2s.c **** 
1042:../../../firmware/n32h7xx_std_periph_driver/src/n32h7xx_i2s.c ****     /* Check the status of the specified SPI/I2S interrupt */
1043:../../../firmware/n32h7xx_std_periph_driver/src/n32h7xx_i2s.c ****     if (((I2Sx->I2S_STS & itpos) != (uint16_t)RESET) && enablestatus)
 2420              		.loc 1 1043 15
 2421 0048 7B68     		ldr	r3, [r7, #4]
 2422 004a 1B89     		ldrh	r3, [r3, #8]	@ movhi
 2423 004c 9AB2     		uxth	r2, r3
 2424              		.loc 1 1043 34
 2425 004e BB89     		ldrh	r3, [r7, #12]	@ movhi
 2426 0050 1340     		ands	r3, r3, r2
 2427 0052 9BB2     		uxth	r3, r3
 2428              		.loc 1 1043 8
 2429 0054 002B     		cmp	r3, #0
 2430 0056 05D0     		beq	.L92
 2431              		.loc 1 1043 54 discriminator 1
 2432 0058 3B89     		ldrh	r3, [r7, #8]
 2433 005a 002B     		cmp	r3, #0
 2434 005c 02D0     		beq	.L92
1044:../../../firmware/n32h7xx_std_periph_driver/src/n32h7xx_i2s.c ****     {
1045:../../../firmware/n32h7xx_std_periph_driver/src/n32h7xx_i2s.c ****         /* SPI_I2S_IT is set */
1046:../../../firmware/n32h7xx_std_periph_driver/src/n32h7xx_i2s.c ****         bitstatus = SET;
 2435              		.loc 1 1046 19
 2436 005e 0123     		movs	r3, #1
 2437 0060 FB73     		strb	r3, [r7, #15]
 2438 0062 01E0     		b	.L93
 2439              	.L92:
1047:../../../firmware/n32h7xx_std_periph_driver/src/n32h7xx_i2s.c ****     }
1048:../../../firmware/n32h7xx_std_periph_driver/src/n32h7xx_i2s.c ****     else
1049:../../../firmware/n32h7xx_std_periph_driver/src/n32h7xx_i2s.c ****     {
1050:../../../firmware/n32h7xx_std_periph_driver/src/n32h7xx_i2s.c ****         /* SPI_I2S_IT is reset */
1051:../../../firmware/n32h7xx_std_periph_driver/src/n32h7xx_i2s.c ****         bitstatus = RESET;
 2440              		.loc 1 1051 19
 2441 0064 0023     		movs	r3, #0
 2442 0066 FB73     		strb	r3, [r7, #15]
 2443              	.L93:
1052:../../../firmware/n32h7xx_std_periph_driver/src/n32h7xx_i2s.c ****     }
1053:../../../firmware/n32h7xx_std_periph_driver/src/n32h7xx_i2s.c **** 
1054:../../../firmware/n32h7xx_std_periph_driver/src/n32h7xx_i2s.c ****     /* Return the SPI_I2S_IT status */
1055:../../../firmware/n32h7xx_std_periph_driver/src/n32h7xx_i2s.c ****     return bitstatus;
 2444              		.loc 1 1055 12
 2445 0068 FB7B     		ldrb	r3, [r7, #15]	@ zero_extendqisi2
1056:../../../firmware/n32h7xx_std_periph_driver/src/n32h7xx_i2s.c **** 
1057:../../../firmware/n32h7xx_std_periph_driver/src/n32h7xx_i2s.c **** }
 2446              		.loc 1 1057 1
 2447 006a 1846     		mov	r0, r3
 2448 006c 1437     		adds	r7, r7, #20
 2449              	.LCFI186:
 2450              		.cfi_def_cfa_offset 4
 2451 006e BD46     		mov	sp, r7
 2452              	.LCFI187:
 2453              		.cfi_def_cfa_register 13
 2454              		@ sp needed
 2455 0070 80BC     		pop	{r7}
ARM GAS  /tmp/ccAqlqeu.s 			page 62


 2456              	.LCFI188:
 2457              		.cfi_restore 7
 2458              		.cfi_def_cfa_offset 0
 2459 0072 7047     		bx	lr
 2460              		.cfi_endproc
 2461              	.LFE178:
 2463              		.section	.text.I2S_EXTClrITPendingBit,"ax",%progbits
 2464              		.align	1
 2465              		.global	I2S_EXTClrITPendingBit
 2466              		.syntax unified
 2467              		.thumb
 2468              		.thumb_func
 2470              	I2S_EXTClrITPendingBit:
 2471              	.LFB179:
1058:../../../firmware/n32h7xx_std_periph_driver/src/n32h7xx_i2s.c **** 
1059:../../../firmware/n32h7xx_std_periph_driver/src/n32h7xx_i2s.c **** /**
1060:../../../firmware/n32h7xx_std_periph_driver/src/n32h7xx_i2s.c **** *\*\name    I2S_EXTClrITPendingBit.
1061:../../../firmware/n32h7xx_std_periph_driver/src/n32h7xx_i2s.c **** *\*\fun     Clears the SPI_EXTx CRC Error (CRCERR) interrupt pending bit.
1062:../../../firmware/n32h7xx_std_periph_driver/src/n32h7xx_i2s.c **** *\*\param   SPIx :
1063:../../../firmware/n32h7xx_std_periph_driver/src/n32h7xx_i2s.c **** *\*\				 - 1, 2, 3, 4, 5 or 6 in SPI mode
1064:../../../firmware/n32h7xx_std_periph_driver/src/n32h7xx_i2s.c **** *\*\				 - 2 or 3 in I2S mode
1065:../../../firmware/n32h7xx_std_periph_driver/src/n32h7xx_i2s.c **** *\*\param   SPI_I2S_IT :
1066:../../../firmware/n32h7xx_std_periph_driver/src/n32h7xx_i2s.c **** *\*\				 - SPI_INT_CRCERR
1067:../../../firmware/n32h7xx_std_periph_driver/src/n32h7xx_i2s.c **** *\*\return  none.
1068:../../../firmware/n32h7xx_std_periph_driver/src/n32h7xx_i2s.c **** **/
1069:../../../firmware/n32h7xx_std_periph_driver/src/n32h7xx_i2s.c **** void I2S_EXTClrITPendingBit(I2S_EXT_Module* I2Sx, uint8_t I2S_EXT_IT)
1070:../../../firmware/n32h7xx_std_periph_driver/src/n32h7xx_i2s.c **** {
 2472              		.loc 1 1070 1
 2473              		.cfi_startproc
 2474              		@ args = 0, pretend = 0, frame = 16
 2475              		@ frame_needed = 1, uses_anonymous_args = 0
 2476              		@ link register save eliminated.
 2477 0000 80B4     		push	{r7}
 2478              	.LCFI189:
 2479              		.cfi_def_cfa_offset 4
 2480              		.cfi_offset 7, -4
 2481 0002 85B0     		sub	sp, sp, #20
 2482              	.LCFI190:
 2483              		.cfi_def_cfa_offset 24
 2484 0004 00AF     		add	r7, sp, #0
 2485              	.LCFI191:
 2486              		.cfi_def_cfa_register 7
 2487 0006 7860     		str	r0, [r7, #4]
 2488 0008 0B46     		mov	r3, r1
 2489 000a FB70     		strb	r3, [r7, #3]
1071:../../../firmware/n32h7xx_std_periph_driver/src/n32h7xx_i2s.c ****     uint16_t itpos;
1072:../../../firmware/n32h7xx_std_periph_driver/src/n32h7xx_i2s.c **** 
1073:../../../firmware/n32h7xx_std_periph_driver/src/n32h7xx_i2s.c ****     /* Get the SPI IT index */
1074:../../../firmware/n32h7xx_std_periph_driver/src/n32h7xx_i2s.c ****     itpos = 0x0001 << (I2S_EXT_IT & 0x0F);
 2490              		.loc 1 1074 35
 2491 000c FB78     		ldrb	r3, [r7, #3]	@ zero_extendqisi2
 2492 000e 03F00F03 		and	r3, r3, #15
 2493              		.loc 1 1074 20
 2494 0012 0122     		movs	r2, #1
 2495 0014 02FA03F3 		lsl	r3, r2, r3
 2496              		.loc 1 1074 11
 2497 0018 FB81     		strh	r3, [r7, #14]	@ movhi
ARM GAS  /tmp/ccAqlqeu.s 			page 63


1075:../../../firmware/n32h7xx_std_periph_driver/src/n32h7xx_i2s.c **** 
1076:../../../firmware/n32h7xx_std_periph_driver/src/n32h7xx_i2s.c ****     /* Clear the selected SPI CRC Error (CRCERR) interrupt pending bit */
1077:../../../firmware/n32h7xx_std_periph_driver/src/n32h7xx_i2s.c ****     I2Sx->I2S_STS = (uint16_t)~itpos;
 2498              		.loc 1 1077 21
 2499 001a FB89     		ldrh	r3, [r7, #14]	@ movhi
 2500 001c DB43     		mvns	r3, r3
 2501 001e 9AB2     		uxth	r2, r3
 2502              		.loc 1 1077 19
 2503 0020 7B68     		ldr	r3, [r7, #4]
 2504 0022 1A81     		strh	r2, [r3, #8]	@ movhi
1078:../../../firmware/n32h7xx_std_periph_driver/src/n32h7xx_i2s.c **** }
 2505              		.loc 1 1078 1
 2506 0024 00BF     		nop
 2507 0026 1437     		adds	r7, r7, #20
 2508              	.LCFI192:
 2509              		.cfi_def_cfa_offset 4
 2510 0028 BD46     		mov	sp, r7
 2511              	.LCFI193:
 2512              		.cfi_def_cfa_register 13
 2513              		@ sp needed
 2514 002a 80BC     		pop	{r7}
 2515              	.LCFI194:
 2516              		.cfi_restore 7
 2517              		.cfi_def_cfa_offset 0
 2518 002c 7047     		bx	lr
 2519              		.cfi_endproc
 2520              	.LFE179:
 2522              		.section	.text.I2S_EnableDma,"ax",%progbits
 2523              		.align	1
 2524              		.global	I2S_EnableDma
 2525              		.syntax unified
 2526              		.thumb
 2527              		.thumb_func
 2529              	I2S_EnableDma:
 2530              	.LFB180:
1079:../../../firmware/n32h7xx_std_periph_driver/src/n32h7xx_i2s.c **** 
1080:../../../firmware/n32h7xx_std_periph_driver/src/n32h7xx_i2s.c **** /**
1081:../../../firmware/n32h7xx_std_periph_driver/src/n32h7xx_i2s.c **** *\*\name    SPI_I2S_EnableDma.
1082:../../../firmware/n32h7xx_std_periph_driver/src/n32h7xx_i2s.c **** *\*\fun     Enables or disables the SPIx/I2Sx DMA interface.
1083:../../../firmware/n32h7xx_std_periph_driver/src/n32h7xx_i2s.c **** *\*\param   SPIx :
1084:../../../firmware/n32h7xx_std_periph_driver/src/n32h7xx_i2s.c **** *\*\				 - 1, 2, 3, 4, 5 or 6 in SPI mode
1085:../../../firmware/n32h7xx_std_periph_driver/src/n32h7xx_i2s.c **** *\*\				 - 2 or 3 in I2S mode
1086:../../../firmware/n32h7xx_std_periph_driver/src/n32h7xx_i2s.c **** *\*\param   SPI_I2S_DMAReq :
1087:../../../firmware/n32h7xx_std_periph_driver/src/n32h7xx_i2s.c **** *\*\         - SPI_I2S_DMA_TX
1088:../../../firmware/n32h7xx_std_periph_driver/src/n32h7xx_i2s.c **** *\*\         - SPI_I2S_DMA_RX
1089:../../../firmware/n32h7xx_std_periph_driver/src/n32h7xx_i2s.c **** *\*\param   Cmd :
1090:../../../firmware/n32h7xx_std_periph_driver/src/n32h7xx_i2s.c **** *\*\         - ENABLE
1091:../../../firmware/n32h7xx_std_periph_driver/src/n32h7xx_i2s.c **** *\*\         - DISABLE
1092:../../../firmware/n32h7xx_std_periph_driver/src/n32h7xx_i2s.c **** *\*\return  none
1093:../../../firmware/n32h7xx_std_periph_driver/src/n32h7xx_i2s.c **** **/
1094:../../../firmware/n32h7xx_std_periph_driver/src/n32h7xx_i2s.c **** void I2S_EnableDma(I2S_Module* I2Sx, uint16_t I2S_DMAReq, FunctionalState Cmd)
1095:../../../firmware/n32h7xx_std_periph_driver/src/n32h7xx_i2s.c **** {
 2531              		.loc 1 1095 1
 2532              		.cfi_startproc
 2533              		@ args = 0, pretend = 0, frame = 8
 2534              		@ frame_needed = 1, uses_anonymous_args = 0
 2535              		@ link register save eliminated.
ARM GAS  /tmp/ccAqlqeu.s 			page 64


 2536 0000 80B4     		push	{r7}
 2537              	.LCFI195:
 2538              		.cfi_def_cfa_offset 4
 2539              		.cfi_offset 7, -4
 2540 0002 83B0     		sub	sp, sp, #12
 2541              	.LCFI196:
 2542              		.cfi_def_cfa_offset 16
 2543 0004 00AF     		add	r7, sp, #0
 2544              	.LCFI197:
 2545              		.cfi_def_cfa_register 7
 2546 0006 7860     		str	r0, [r7, #4]
 2547 0008 0B46     		mov	r3, r1
 2548 000a 7B80     		strh	r3, [r7, #2]	@ movhi
 2549 000c 1346     		mov	r3, r2
 2550 000e 7B70     		strb	r3, [r7, #1]
1096:../../../firmware/n32h7xx_std_periph_driver/src/n32h7xx_i2s.c ****     if (Cmd != DISABLE)
 2551              		.loc 1 1096 8
 2552 0010 7B78     		ldrb	r3, [r7, #1]	@ zero_extendqisi2
 2553 0012 002B     		cmp	r3, #0
 2554 0014 08D0     		beq	.L97
1097:../../../firmware/n32h7xx_std_periph_driver/src/n32h7xx_i2s.c ****     {
1098:../../../firmware/n32h7xx_std_periph_driver/src/n32h7xx_i2s.c ****         /* Enable the selected SPI/I2S DMA requests */
1099:../../../firmware/n32h7xx_std_periph_driver/src/n32h7xx_i2s.c ****         I2Sx->CR2 |= I2S_DMAReq;
 2555              		.loc 1 1099 13
 2556 0016 7B68     		ldr	r3, [r7, #4]
 2557 0018 9B88     		ldrh	r3, [r3, #4]	@ movhi
 2558 001a 9AB2     		uxth	r2, r3
 2559              		.loc 1 1099 19
 2560 001c 7B88     		ldrh	r3, [r7, #2]	@ movhi
 2561 001e 1343     		orrs	r3, r3, r2
 2562 0020 9AB2     		uxth	r2, r3
 2563 0022 7B68     		ldr	r3, [r7, #4]
 2564 0024 9A80     		strh	r2, [r3, #4]	@ movhi
1100:../../../firmware/n32h7xx_std_periph_driver/src/n32h7xx_i2s.c ****     }
1101:../../../firmware/n32h7xx_std_periph_driver/src/n32h7xx_i2s.c ****     else
1102:../../../firmware/n32h7xx_std_periph_driver/src/n32h7xx_i2s.c ****     {
1103:../../../firmware/n32h7xx_std_periph_driver/src/n32h7xx_i2s.c ****         /* Disable the selected SPI/I2S DMA requests */
1104:../../../firmware/n32h7xx_std_periph_driver/src/n32h7xx_i2s.c ****         I2Sx->CR2 &= (uint16_t)~I2S_DMAReq;
1105:../../../firmware/n32h7xx_std_periph_driver/src/n32h7xx_i2s.c ****     }
1106:../../../firmware/n32h7xx_std_periph_driver/src/n32h7xx_i2s.c **** }
 2565              		.loc 1 1106 1
 2566 0026 09E0     		b	.L99
 2567              	.L97:
1104:../../../firmware/n32h7xx_std_periph_driver/src/n32h7xx_i2s.c ****     }
 2568              		.loc 1 1104 13
 2569 0028 7B68     		ldr	r3, [r7, #4]
 2570 002a 9B88     		ldrh	r3, [r3, #4]	@ movhi
 2571 002c 9AB2     		uxth	r2, r3
1104:../../../firmware/n32h7xx_std_periph_driver/src/n32h7xx_i2s.c ****     }
 2572              		.loc 1 1104 22
 2573 002e 7B88     		ldrh	r3, [r7, #2]	@ movhi
 2574 0030 DB43     		mvns	r3, r3
 2575 0032 9BB2     		uxth	r3, r3
1104:../../../firmware/n32h7xx_std_periph_driver/src/n32h7xx_i2s.c ****     }
 2576              		.loc 1 1104 19
 2577 0034 1340     		ands	r3, r3, r2
 2578 0036 9AB2     		uxth	r2, r3
ARM GAS  /tmp/ccAqlqeu.s 			page 65


 2579 0038 7B68     		ldr	r3, [r7, #4]
 2580 003a 9A80     		strh	r2, [r3, #4]	@ movhi
 2581              	.L99:
 2582              		.loc 1 1106 1
 2583 003c 00BF     		nop
 2584 003e 0C37     		adds	r7, r7, #12
 2585              	.LCFI198:
 2586              		.cfi_def_cfa_offset 4
 2587 0040 BD46     		mov	sp, r7
 2588              	.LCFI199:
 2589              		.cfi_def_cfa_register 13
 2590              		@ sp needed
 2591 0042 80BC     		pop	{r7}
 2592              	.LCFI200:
 2593              		.cfi_restore 7
 2594              		.cfi_def_cfa_offset 0
 2595 0044 7047     		bx	lr
 2596              		.cfi_endproc
 2597              	.LFE180:
 2599              		.text
 2600              	.Letext0:
 2601              		.file 2 "/usr/lib/gcc/arm-none-eabi/13.2.1/include/stdint.h"
 2602              		.file 3 "../../../firmware/CMSIS/device/n32h7xx.h"
 2603              		.file 4 "../../../firmware/n32h7xx_std_periph_driver/inc/n32h7xx_rcc.h"
 2604              		.file 5 "../../../firmware/n32h7xx_std_periph_driver/inc/n32h7xx_i2s.h"
ARM GAS  /tmp/ccAqlqeu.s 			page 66


DEFINED SYMBOLS
                            *ABS*:00000000 n32h7xx_i2s.c
     /tmp/ccAqlqeu.s:19     .text.I2S_InitStruct:00000000 $t
     /tmp/ccAqlqeu.s:25     .text.I2S_InitStruct:00000000 I2S_InitStruct
     /tmp/ccAqlqeu.s:85     .text.I2S_SPIModeSelect:00000000 $t
     /tmp/ccAqlqeu.s:91     .text.I2S_SPIModeSelect:00000000 I2S_SPIModeSelect
     /tmp/ccAqlqeu.s:148    .text.I2S_ModeConfig:00000000 $t
     /tmp/ccAqlqeu.s:154    .text.I2S_ModeConfig:00000000 I2S_ModeConfig
     /tmp/ccAqlqeu.s:211    .text.I2S_StandardConfig:00000000 $t
     /tmp/ccAqlqeu.s:217    .text.I2S_StandardConfig:00000000 I2S_StandardConfig
     /tmp/ccAqlqeu.s:274    .text.I2S_DataFormatConfig:00000000 $t
     /tmp/ccAqlqeu.s:280    .text.I2S_DataFormatConfig:00000000 I2S_DataFormatConfig
     /tmp/ccAqlqeu.s:337    .text.I2S_MclkEnable:00000000 $t
     /tmp/ccAqlqeu.s:343    .text.I2S_MclkEnable:00000000 I2S_MclkEnable
     /tmp/ccAqlqeu.s:405    .text.I2S_AudioFrequencyConfig:00000000 $t
     /tmp/ccAqlqeu.s:411    .text.I2S_AudioFrequencyConfig:00000000 I2S_AudioFrequencyConfig
     /tmp/ccAqlqeu.s:609    .text.I2S_AudioFrequencyConfig:0000012c $d
     /tmp/ccAqlqeu.s:614    .text.I2S_ClkPolConfig:00000000 $t
     /tmp/ccAqlqeu.s:620    .text.I2S_ClkPolConfig:00000000 I2S_ClkPolConfig
     /tmp/ccAqlqeu.s:677    .text.I2S_EnableInt:00000000 $t
     /tmp/ccAqlqeu.s:683    .text.I2S_EnableInt:00000000 I2S_EnableInt
     /tmp/ccAqlqeu.s:766    .text.I2S_TransmitData:00000000 $t
     /tmp/ccAqlqeu.s:772    .text.I2S_TransmitData:00000000 I2S_TransmitData
     /tmp/ccAqlqeu.s:814    .text.I2S_DataFifoTransmit:00000000 $t
     /tmp/ccAqlqeu.s:820    .text.I2S_DataFifoTransmit:00000000 I2S_DataFifoTransmit
     /tmp/ccAqlqeu.s:862    .text.I2S_ReceiveData:00000000 $t
     /tmp/ccAqlqeu.s:868    .text.I2S_ReceiveData:00000000 I2S_ReceiveData
     /tmp/ccAqlqeu.s:908    .text.I2S_DataFifoGet:00000000 $t
     /tmp/ccAqlqeu.s:914    .text.I2S_DataFifoGet:00000000 I2S_DataFifoGet
     /tmp/ccAqlqeu.s:954    .text.I2S_Rx_Fifo_Num_Get:00000000 $t
     /tmp/ccAqlqeu.s:960    .text.I2S_Rx_Fifo_Num_Get:00000000 I2S_Rx_Fifo_Num_Get
     /tmp/ccAqlqeu.s:1005   .text.I2S_Tx_Fifo_Num_Get:00000000 $t
     /tmp/ccAqlqeu.s:1011   .text.I2S_Tx_Fifo_Num_Get:00000000 I2S_Tx_Fifo_Num_Get
     /tmp/ccAqlqeu.s:1054   .text.I2S_Tx_Fifo_Half_Full_Threshold_Cfg:00000000 $t
     /tmp/ccAqlqeu.s:1060   .text.I2S_Tx_Fifo_Half_Full_Threshold_Cfg:00000000 I2S_Tx_Fifo_Half_Full_Threshold_Cfg
     /tmp/ccAqlqeu.s:1114   .text.I2S_Rx_Fifo_Half_Full_Threshold_Cfg:00000000 $t
     /tmp/ccAqlqeu.s:1120   .text.I2S_Rx_Fifo_Half_Full_Threshold_Cfg:00000000 I2S_Rx_Fifo_Half_Full_Threshold_Cfg
     /tmp/ccAqlqeu.s:1176   .text.I2S_GetStatus:00000000 $t
     /tmp/ccAqlqeu.s:1182   .text.I2S_GetStatus:00000000 I2S_GetStatus
     /tmp/ccAqlqeu.s:1242   .text.I2S_GetIntStatus:00000000 $t
     /tmp/ccAqlqeu.s:1248   .text.I2S_GetIntStatus:00000000 I2S_GetIntStatus
     /tmp/ccAqlqeu.s:1351   .text.I2S_ClrITPendingBit:00000000 $t
     /tmp/ccAqlqeu.s:1357   .text.I2S_ClrITPendingBit:00000000 I2S_ClrITPendingBit
     /tmp/ccAqlqeu.s:1410   .text.I2S_Reset:00000000 $t
     /tmp/ccAqlqeu.s:1416   .text.I2S_Reset:00000000 I2S_Reset
     /tmp/ccAqlqeu.s:1489   .text.I2S_Reset:00000058 $d
     /tmp/ccAqlqeu.s:1497   .text.I2S_Init:00000000 $t
     /tmp/ccAqlqeu.s:1503   .text.I2S_Init:00000000 I2S_Init
     /tmp/ccAqlqeu.s:1747   .text.I2S_Init:00000144 $d
     /tmp/ccAqlqeu.s:1752   .text.I2S_Enable:00000000 $t
     /tmp/ccAqlqeu.s:1758   .text.I2S_Enable:00000000 I2S_Enable
     /tmp/ccAqlqeu.s:1822   .text.I2S_EXTInit:00000000 $t
     /tmp/ccAqlqeu.s:1828   .text.I2S_EXTInit:00000000 I2S_EXTInit
     /tmp/ccAqlqeu.s:1910   .text.I2S_EXTInitStruct:00000000 $t
     /tmp/ccAqlqeu.s:1916   .text.I2S_EXTInitStruct:00000000 I2S_EXTInitStruct
     /tmp/ccAqlqeu.s:1968   .text.I2S_EXTEnable:00000000 $t
     /tmp/ccAqlqeu.s:1974   .text.I2S_EXTEnable:00000000 I2S_EXTEnable
ARM GAS  /tmp/ccAqlqeu.s 			page 67


     /tmp/ccAqlqeu.s:2038   .text.I2S_EXTTransmitData:00000000 $t
     /tmp/ccAqlqeu.s:2044   .text.I2S_EXTTransmitData:00000000 I2S_EXTTransmitData
     /tmp/ccAqlqeu.s:2086   .text.I2S_EXTReceiveData:00000000 $t
     /tmp/ccAqlqeu.s:2092   .text.I2S_EXTReceiveData:00000000 I2S_EXTReceiveData
     /tmp/ccAqlqeu.s:2132   .text.I2S_EXTEnableDma:00000000 $t
     /tmp/ccAqlqeu.s:2138   .text.I2S_EXTEnableDma:00000000 I2S_EXTEnableDma
     /tmp/ccAqlqeu.s:2209   .text.I2S_EXTEnableInt:00000000 $t
     /tmp/ccAqlqeu.s:2215   .text.I2S_EXTEnableInt:00000000 I2S_EXTEnableInt
     /tmp/ccAqlqeu.s:2289   .text.I2S_EXTGetStatus:00000000 $t
     /tmp/ccAqlqeu.s:2295   .text.I2S_EXTGetStatus:00000000 I2S_EXTGetStatus
     /tmp/ccAqlqeu.s:2355   .text.I2S_EXTGetIntStatus:00000000 $t
     /tmp/ccAqlqeu.s:2361   .text.I2S_EXTGetIntStatus:00000000 I2S_EXTGetIntStatus
     /tmp/ccAqlqeu.s:2464   .text.I2S_EXTClrITPendingBit:00000000 $t
     /tmp/ccAqlqeu.s:2470   .text.I2S_EXTClrITPendingBit:00000000 I2S_EXTClrITPendingBit
     /tmp/ccAqlqeu.s:2523   .text.I2S_EnableDma:00000000 $t
     /tmp/ccAqlqeu.s:2529   .text.I2S_EnableDma:00000000 I2S_EnableDma

UNDEFINED SYMBOLS
RCC_GetClocksFreqValue
RCC_EnableAPB2PeriphReset2
RCC_EnableAPB1PeriphReset4
