ARM GAS  /tmp/ccZh0YON.s 			page 1


   1              		.cpu cortex-m7
   2              		.arch armv7e-m
   3              		.fpu softvfp
   4              		.eabi_attribute 20, 1
   5              		.eabi_attribute 21, 1
   6              		.eabi_attribute 23, 3
   7              		.eabi_attribute 24, 1
   8              		.eabi_attribute 25, 1
   9              		.eabi_attribute 26, 1
  10              		.eabi_attribute 30, 6
  11              		.eabi_attribute 34, 1
  12              		.eabi_attribute 18, 4
  13              		.file	"n32h7xx_dvp.c"
  14              		.text
  15              	.Ltext0:
  16              		.cfi_sections	.debug_frame
  17              		.file 1 "../../../firmware/n32h7xx_std_periph_driver/src/n32h7xx_dvp.c"
  18              		.section	.text.DVP_DeInit,"ax",%progbits
  19              		.align	1
  20              		.global	DVP_DeInit
  21              		.syntax unified
  22              		.thumb
  23              		.thumb_func
  25              	DVP_DeInit:
  26              	.LFB147:
   1:../../../firmware/n32h7xx_std_periph_driver/src/n32h7xx_dvp.c **** /**
   2:../../../firmware/n32h7xx_std_periph_driver/src/n32h7xx_dvp.c **** *     Copyright (c) 2025, Nations Technologies Inc.
   3:../../../firmware/n32h7xx_std_periph_driver/src/n32h7xx_dvp.c **** *
   4:../../../firmware/n32h7xx_std_periph_driver/src/n32h7xx_dvp.c **** *     All rights reserved.
   5:../../../firmware/n32h7xx_std_periph_driver/src/n32h7xx_dvp.c **** *
   6:../../../firmware/n32h7xx_std_periph_driver/src/n32h7xx_dvp.c **** *     This software is the exclusive property of Nations Technologies Inc. (Hereinafter
   7:../../../firmware/n32h7xx_std_periph_driver/src/n32h7xx_dvp.c **** * referred to as NATIONS). This software, and the product of NATIONS described herein
   8:../../../firmware/n32h7xx_std_periph_driver/src/n32h7xx_dvp.c **** * (Hereinafter referred to as the Product) are owned by NATIONS under the laws and treaties
   9:../../../firmware/n32h7xx_std_periph_driver/src/n32h7xx_dvp.c **** * of the People's Republic of China and other applicable jurisdictions worldwide.
  10:../../../firmware/n32h7xx_std_periph_driver/src/n32h7xx_dvp.c **** *
  11:../../../firmware/n32h7xx_std_periph_driver/src/n32h7xx_dvp.c **** *     NATIONS does not grant any license under its patents, copyrights, trademarks, or other
  12:../../../firmware/n32h7xx_std_periph_driver/src/n32h7xx_dvp.c **** * intellectual property rights. Names and brands of third party may be mentioned or referred
  13:../../../firmware/n32h7xx_std_periph_driver/src/n32h7xx_dvp.c **** * thereto (if any) for identification purposes only.
  14:../../../firmware/n32h7xx_std_periph_driver/src/n32h7xx_dvp.c **** *
  15:../../../firmware/n32h7xx_std_periph_driver/src/n32h7xx_dvp.c **** *     NATIONS reserves the right to make changes, corrections, enhancements, modifications, and
  16:../../../firmware/n32h7xx_std_periph_driver/src/n32h7xx_dvp.c **** * improvements to this software at any time without notice. Please contact NATIONS and obtain
  17:../../../firmware/n32h7xx_std_periph_driver/src/n32h7xx_dvp.c **** * the latest version of this software before placing orders.
  18:../../../firmware/n32h7xx_std_periph_driver/src/n32h7xx_dvp.c **** 
  19:../../../firmware/n32h7xx_std_periph_driver/src/n32h7xx_dvp.c **** *     Although NATIONS has attempted to provide accurate and reliable information, NATIONS assumes
  20:../../../firmware/n32h7xx_std_periph_driver/src/n32h7xx_dvp.c **** * no responsibility for the accuracy and reliability of this software.
  21:../../../firmware/n32h7xx_std_periph_driver/src/n32h7xx_dvp.c **** *
  22:../../../firmware/n32h7xx_std_periph_driver/src/n32h7xx_dvp.c **** *     It is the responsibility of the user of this software to properly design, program, and test
  23:../../../firmware/n32h7xx_std_periph_driver/src/n32h7xx_dvp.c **** * the functionality and safety of any application made of this information and any resulting produc
  24:../../../firmware/n32h7xx_std_periph_driver/src/n32h7xx_dvp.c **** * In no event shall NATIONS be liable for any direct, indirect, incidental, special,exemplary, or
  25:../../../firmware/n32h7xx_std_periph_driver/src/n32h7xx_dvp.c **** * consequential damages arising in any way out of the use of this software or the Product.
  26:../../../firmware/n32h7xx_std_periph_driver/src/n32h7xx_dvp.c **** *
  27:../../../firmware/n32h7xx_std_periph_driver/src/n32h7xx_dvp.c **** *     NATIONS Products are neither intended nor warranted for usage in systems or equipment, any
  28:../../../firmware/n32h7xx_std_periph_driver/src/n32h7xx_dvp.c **** * malfunction or failure of which may cause loss of human life, bodily injury or severe property
  29:../../../firmware/n32h7xx_std_periph_driver/src/n32h7xx_dvp.c **** * damage. Such applications are deemed, "Insecure Usage".
  30:../../../firmware/n32h7xx_std_periph_driver/src/n32h7xx_dvp.c **** *
  31:../../../firmware/n32h7xx_std_periph_driver/src/n32h7xx_dvp.c **** *     All Insecure Usage shall be made at user's risk. User shall indemnify NATIONS and hold NATION
  32:../../../firmware/n32h7xx_std_periph_driver/src/n32h7xx_dvp.c **** * harmless from and against all claims, costs, damages, and other liabilities, arising from or rela
ARM GAS  /tmp/ccZh0YON.s 			page 2


  33:../../../firmware/n32h7xx_std_periph_driver/src/n32h7xx_dvp.c **** * to any customer's Insecure Usage.
  34:../../../firmware/n32h7xx_std_periph_driver/src/n32h7xx_dvp.c **** 
  35:../../../firmware/n32h7xx_std_periph_driver/src/n32h7xx_dvp.c **** *     Any express or implied warranty with regard to this software or the Product, including,but no
  36:../../../firmware/n32h7xx_std_periph_driver/src/n32h7xx_dvp.c **** * limited to, the warranties of merchantability, fitness for a particular purpose and non-infringem
  37:../../../firmware/n32h7xx_std_periph_driver/src/n32h7xx_dvp.c **** * are disclaimed to the fullest extent permitted by law.
  38:../../../firmware/n32h7xx_std_periph_driver/src/n32h7xx_dvp.c **** 
  39:../../../firmware/n32h7xx_std_periph_driver/src/n32h7xx_dvp.c **** *     Unless otherwise explicitly permitted by NATIONS, anyone may not duplicate, modify, transcrib
  40:../../../firmware/n32h7xx_std_periph_driver/src/n32h7xx_dvp.c **** * or otherwise distribute this software for any purposes, in whole or in part.
  41:../../../firmware/n32h7xx_std_periph_driver/src/n32h7xx_dvp.c **** *
  42:../../../firmware/n32h7xx_std_periph_driver/src/n32h7xx_dvp.c **** *     NATIONS products and technologies shall not be used for or incorporated into any products or 
  43:../../../firmware/n32h7xx_std_periph_driver/src/n32h7xx_dvp.c **** * whose manufacture, use, or sale is prohibited under any applicable domestic or foreign laws or re
  44:../../../firmware/n32h7xx_std_periph_driver/src/n32h7xx_dvp.c **** * User shall comply with any applicable export control laws and regulations promulgated and adminis
  45:../../../firmware/n32h7xx_std_periph_driver/src/n32h7xx_dvp.c **** * the governments of any countries asserting jurisdiction over the parties or transactions.
  46:../../../firmware/n32h7xx_std_periph_driver/src/n32h7xx_dvp.c **** **/
  47:../../../firmware/n32h7xx_std_periph_driver/src/n32h7xx_dvp.c **** 
  48:../../../firmware/n32h7xx_std_periph_driver/src/n32h7xx_dvp.c **** /**
  49:../../../firmware/n32h7xx_std_periph_driver/src/n32h7xx_dvp.c **** *\*\file n32h7xx_dvp.c
  50:../../../firmware/n32h7xx_std_periph_driver/src/n32h7xx_dvp.c **** *\*\author Nations
  51:../../../firmware/n32h7xx_std_periph_driver/src/n32h7xx_dvp.c **** *\*\version v1.0.0
  52:../../../firmware/n32h7xx_std_periph_driver/src/n32h7xx_dvp.c **** *\*\copyright Copyright (c) 2025, Nations Technologies Inc. All rights reserved.
  53:../../../firmware/n32h7xx_std_periph_driver/src/n32h7xx_dvp.c **** **/
  54:../../../firmware/n32h7xx_std_periph_driver/src/n32h7xx_dvp.c **** 
  55:../../../firmware/n32h7xx_std_periph_driver/src/n32h7xx_dvp.c **** #include "n32h7xx_dvp.h"
  56:../../../firmware/n32h7xx_std_periph_driver/src/n32h7xx_dvp.c **** #include "n32h7xx_rcc.h"
  57:../../../firmware/n32h7xx_std_periph_driver/src/n32h7xx_dvp.c **** 
  58:../../../firmware/n32h7xx_std_periph_driver/src/n32h7xx_dvp.c **** /**
  59:../../../firmware/n32h7xx_std_periph_driver/src/n32h7xx_dvp.c **** *\*\name    DVP_DeInit.
  60:../../../firmware/n32h7xx_std_periph_driver/src/n32h7xx_dvp.c **** *\*\fun     Deinitializes the DVP peripheral registers to their default reset values.
  61:../../../firmware/n32h7xx_std_periph_driver/src/n32h7xx_dvp.c **** *\*\param  DVPx:
  62:../../../firmware/n32h7xx_std_periph_driver/src/n32h7xx_dvp.c **** *\*\          - DVP1
  63:../../../firmware/n32h7xx_std_periph_driver/src/n32h7xx_dvp.c **** *\*\          - DVP2
  64:../../../firmware/n32h7xx_std_periph_driver/src/n32h7xx_dvp.c **** *\*\return  none
  65:../../../firmware/n32h7xx_std_periph_driver/src/n32h7xx_dvp.c **** **/
  66:../../../firmware/n32h7xx_std_periph_driver/src/n32h7xx_dvp.c **** void DVP_DeInit(DVP_Module *DVPx)
  67:../../../firmware/n32h7xx_std_periph_driver/src/n32h7xx_dvp.c **** {
  27              		.loc 1 67 1
  28              		.cfi_startproc
  29              		@ args = 0, pretend = 0, frame = 8
  30              		@ frame_needed = 1, uses_anonymous_args = 0
  31 0000 80B5     		push	{r7, lr}
  32              	.LCFI0:
  33              		.cfi_def_cfa_offset 8
  34              		.cfi_offset 7, -8
  35              		.cfi_offset 14, -4
  36 0002 82B0     		sub	sp, sp, #8
  37              	.LCFI1:
  38              		.cfi_def_cfa_offset 16
  39 0004 00AF     		add	r7, sp, #0
  40              	.LCFI2:
  41              		.cfi_def_cfa_register 7
  42 0006 7860     		str	r0, [r7, #4]
  68:../../../firmware/n32h7xx_std_periph_driver/src/n32h7xx_dvp.c ****     if(DVPx == DVP1)
  43              		.loc 1 68 7
  44 0008 7B68     		ldr	r3, [r7, #4]
  45 000a 084A     		ldr	r2, .L5
  46 000c 9342     		cmp	r3, r2
  47 000e 04D1     		bne	.L2
ARM GAS  /tmp/ccZh0YON.s 			page 3


  69:../../../firmware/n32h7xx_std_periph_driver/src/n32h7xx_dvp.c ****     {
  70:../../../firmware/n32h7xx_std_periph_driver/src/n32h7xx_dvp.c ****         RCC_EnableAXIPeriphReset2(RCC_AXI_PERIPHRST_DVP1);
  48              		.loc 1 70 9
  49 0010 4FF48030 		mov	r0, #65536
  50 0014 FFF7FEFF 		bl	RCC_EnableAXIPeriphReset2
  71:../../../firmware/n32h7xx_std_periph_driver/src/n32h7xx_dvp.c ****     }
  72:../../../firmware/n32h7xx_std_periph_driver/src/n32h7xx_dvp.c ****     else
  73:../../../firmware/n32h7xx_std_periph_driver/src/n32h7xx_dvp.c ****     {
  74:../../../firmware/n32h7xx_std_periph_driver/src/n32h7xx_dvp.c ****         RCC_EnableAXIPeriphReset2(RCC_AXI_PERIPHRST_DVP2);
  75:../../../firmware/n32h7xx_std_periph_driver/src/n32h7xx_dvp.c ****     }
  76:../../../firmware/n32h7xx_std_periph_driver/src/n32h7xx_dvp.c **** }
  51              		.loc 1 76 1
  52 0018 03E0     		b	.L4
  53              	.L2:
  74:../../../firmware/n32h7xx_std_periph_driver/src/n32h7xx_dvp.c ****     }
  54              		.loc 1 74 9
  55 001a 4FF48070 		mov	r0, #256
  56 001e FFF7FEFF 		bl	RCC_EnableAXIPeriphReset2
  57              	.L4:
  58              		.loc 1 76 1
  59 0022 00BF     		nop
  60 0024 0837     		adds	r7, r7, #8
  61              	.LCFI3:
  62              		.cfi_def_cfa_offset 8
  63 0026 BD46     		mov	sp, r7
  64              	.LCFI4:
  65              		.cfi_def_cfa_register 13
  66              		@ sp needed
  67 0028 80BD     		pop	{r7, pc}
  68              	.L6:
  69 002a 00BF     		.align	2
  70              	.L5:
  71 002c 00800450 		.word	1342472192
  72              		.cfi_endproc
  73              	.LFE147:
  75              		.section	.text.DVP_Init,"ax",%progbits
  76              		.align	1
  77              		.global	DVP_Init
  78              		.syntax unified
  79              		.thumb
  80              		.thumb_func
  82              	DVP_Init:
  83              	.LFB148:
  77:../../../firmware/n32h7xx_std_periph_driver/src/n32h7xx_dvp.c **** 
  78:../../../firmware/n32h7xx_std_periph_driver/src/n32h7xx_dvp.c **** /**
  79:../../../firmware/n32h7xx_std_periph_driver/src/n32h7xx_dvp.c **** *\*\name    DVP_Init.
  80:../../../firmware/n32h7xx_std_periph_driver/src/n32h7xx_dvp.c **** *\*\fun     Initializes the DVP peripheral according to the specified
  81:../../../firmware/n32h7xx_std_periph_driver/src/n32h7xx_dvp.c **** *\*\        parameters in the DVP_InitParam .
  82:../../../firmware/n32h7xx_std_periph_driver/src/n32h7xx_dvp.c **** *\*\param  DVPx:
  83:../../../firmware/n32h7xx_std_periph_driver/src/n32h7xx_dvp.c **** *\*\          - DVP1
  84:../../../firmware/n32h7xx_std_periph_driver/src/n32h7xx_dvp.c **** *\*\          - DVP2
  85:../../../firmware/n32h7xx_std_periph_driver/src/n32h7xx_dvp.c **** *\*\param   DVP_InitParam (The input parameters must be the following values):
  86:../../../firmware/n32h7xx_std_periph_driver/src/n32h7xx_dvp.c **** *\*\          - CaptureMode
  87:../../../firmware/n32h7xx_std_periph_driver/src/n32h7xx_dvp.c **** *\*\            - DVP_CAPTURE_MODE_CONTINUE
  88:../../../firmware/n32h7xx_std_periph_driver/src/n32h7xx_dvp.c **** *\*\            - DVP_CAPTURE_MODE_SINGLE
  89:../../../firmware/n32h7xx_std_periph_driver/src/n32h7xx_dvp.c **** *\*\          - CropMode
  90:../../../firmware/n32h7xx_std_periph_driver/src/n32h7xx_dvp.c **** *\*\            - DVP_NORMAL_MODE
ARM GAS  /tmp/ccZh0YON.s 			page 4


  91:../../../firmware/n32h7xx_std_periph_driver/src/n32h7xx_dvp.c **** *\*\            - DVP_CROP_MODE
  92:../../../firmware/n32h7xx_std_periph_driver/src/n32h7xx_dvp.c **** *\*\          - SynchroMode
  93:../../../firmware/n32h7xx_std_periph_driver/src/n32h7xx_dvp.c **** *\*\            - DVP_SYNC_MODE_SOFTWARE
  94:../../../firmware/n32h7xx_std_periph_driver/src/n32h7xx_dvp.c **** *\*\            - DVP_SYNC_MODE_HARDWARE
  95:../../../firmware/n32h7xx_std_periph_driver/src/n32h7xx_dvp.c **** *\*\          - CropStartX
  96:../../../firmware/n32h7xx_std_periph_driver/src/n32h7xx_dvp.c **** *\*\          - CropStartY
  97:../../../firmware/n32h7xx_std_periph_driver/src/n32h7xx_dvp.c **** *\*\          - CropEndX
  98:../../../firmware/n32h7xx_std_periph_driver/src/n32h7xx_dvp.c **** *\*\          - CropEndY
  99:../../../firmware/n32h7xx_std_periph_driver/src/n32h7xx_dvp.c **** *\*\          - BFilter
 100:../../../firmware/n32h7xx_std_periph_driver/src/n32h7xx_dvp.c **** *\*\          - PixelClkPolarity
 101:../../../firmware/n32h7xx_std_periph_driver/src/n32h7xx_dvp.c **** *\*\            - DVP_PIXEL_POLARITY_RISING
 102:../../../firmware/n32h7xx_std_periph_driver/src/n32h7xx_dvp.c **** *\*\            - DVP_PIXEL_POLARITY_FALLING
 103:../../../firmware/n32h7xx_std_periph_driver/src/n32h7xx_dvp.c **** *\*\          - HsyncPolarity
 104:../../../firmware/n32h7xx_std_periph_driver/src/n32h7xx_dvp.c **** *\*\            - DVP_HSYNC_POLARITY_HIGH
 105:../../../firmware/n32h7xx_std_periph_driver/src/n32h7xx_dvp.c **** *\*\            - DVP_HSYNC_POLARITY_LOW
 106:../../../firmware/n32h7xx_std_periph_driver/src/n32h7xx_dvp.c **** *\*\          - VsyncPolarity
 107:../../../firmware/n32h7xx_std_periph_driver/src/n32h7xx_dvp.c **** *\*\            - DVP_VSYNC_POLARITY_HIGH
 108:../../../firmware/n32h7xx_std_periph_driver/src/n32h7xx_dvp.c **** *\*\            - DVP_VSYNC_POLARITY_LOW
 109:../../../firmware/n32h7xx_std_periph_driver/src/n32h7xx_dvp.c **** *\*\          - DataInvert
 110:../../../firmware/n32h7xx_std_periph_driver/src/n32h7xx_dvp.c **** *\*\            - DVP_DATA_INVERT
 111:../../../firmware/n32h7xx_std_periph_driver/src/n32h7xx_dvp.c **** *\*\            - DVP_DATA_NOTINVERT
 112:../../../firmware/n32h7xx_std_periph_driver/src/n32h7xx_dvp.c **** *\*\          - DataReverse
 113:../../../firmware/n32h7xx_std_periph_driver/src/n32h7xx_dvp.c **** *\*\            - DVP_DATA_REVERSE
 114:../../../firmware/n32h7xx_std_periph_driver/src/n32h7xx_dvp.c **** *\*\            - DVP_DATA_NOTREVERSE
 115:../../../firmware/n32h7xx_std_periph_driver/src/n32h7xx_dvp.c **** *\*\          - DataMode
 116:../../../firmware/n32h7xx_std_periph_driver/src/n32h7xx_dvp.c **** *\*\            - DVP_DATA_MODE1
 117:../../../firmware/n32h7xx_std_periph_driver/src/n32h7xx_dvp.c **** *\*\            - DVP_DATA_MODE2
 118:../../../firmware/n32h7xx_std_periph_driver/src/n32h7xx_dvp.c **** *\*\            - DVP_DATA_MODE3
 119:../../../firmware/n32h7xx_std_periph_driver/src/n32h7xx_dvp.c **** *\*\            - DVP_DATA_MODE4
 120:../../../firmware/n32h7xx_std_periph_driver/src/n32h7xx_dvp.c **** *\*\            - DVP_DATA_MODE5
 121:../../../firmware/n32h7xx_std_periph_driver/src/n32h7xx_dvp.c **** *\*\            - DVP_DATA_MODE6
 122:../../../firmware/n32h7xx_std_periph_driver/src/n32h7xx_dvp.c **** *\*\            - DVP_DATA_MODE7
 123:../../../firmware/n32h7xx_std_periph_driver/src/n32h7xx_dvp.c **** *\*\            - DVP_DATA_MODE8
 124:../../../firmware/n32h7xx_std_periph_driver/src/n32h7xx_dvp.c **** *\*\          - PixelByte
 125:../../../firmware/n32h7xx_std_periph_driver/src/n32h7xx_dvp.c **** *\*\            - DVP_PIXEL_BYTE1
 126:../../../firmware/n32h7xx_std_periph_driver/src/n32h7xx_dvp.c **** *\*\            - DVP_PIXEL_BYTE2
 127:../../../firmware/n32h7xx_std_periph_driver/src/n32h7xx_dvp.c **** *\*\return  none
 128:../../../firmware/n32h7xx_std_periph_driver/src/n32h7xx_dvp.c **** **/
 129:../../../firmware/n32h7xx_std_periph_driver/src/n32h7xx_dvp.c **** void DVP_Init(DVP_Module *DVPx, DVP_InitType* DVP_InitParam)
 130:../../../firmware/n32h7xx_std_periph_driver/src/n32h7xx_dvp.c **** {
  84              		.loc 1 130 1
  85              		.cfi_startproc
  86              		@ args = 0, pretend = 0, frame = 16
  87              		@ frame_needed = 1, uses_anonymous_args = 0
  88              		@ link register save eliminated.
  89 0000 80B4     		push	{r7}
  90              	.LCFI5:
  91              		.cfi_def_cfa_offset 4
  92              		.cfi_offset 7, -4
  93 0002 85B0     		sub	sp, sp, #20
  94              	.LCFI6:
  95              		.cfi_def_cfa_offset 24
  96 0004 00AF     		add	r7, sp, #0
  97              	.LCFI7:
  98              		.cfi_def_cfa_register 7
  99 0006 7860     		str	r0, [r7, #4]
 100 0008 3960     		str	r1, [r7]
ARM GAS  /tmp/ccZh0YON.s 			page 5


 131:../../../firmware/n32h7xx_std_periph_driver/src/n32h7xx_dvp.c ****     uint32_t tmpregister;
 132:../../../firmware/n32h7xx_std_periph_driver/src/n32h7xx_dvp.c ****     uint32_t tmp;
 133:../../../firmware/n32h7xx_std_periph_driver/src/n32h7xx_dvp.c **** 
 134:../../../firmware/n32h7xx_std_periph_driver/src/n32h7xx_dvp.c ****     if(DVP_InitParam->CropMode == DVP_CROP_MODE)
 101              		.loc 1 134 21
 102 000a 3B68     		ldr	r3, [r7]
 103 000c 5B68     		ldr	r3, [r3, #4]
 104              		.loc 1 134 7
 105 000e B3F5807F 		cmp	r3, #256
 106 0012 13D1     		bne	.L8
 135:../../../firmware/n32h7xx_std_periph_driver/src/n32h7xx_dvp.c ****     {
 136:../../../firmware/n32h7xx_std_periph_driver/src/n32h7xx_dvp.c ****         /*---------------------------- DVP_CSXY Configuration -----------------------*/
 137:../../../firmware/n32h7xx_std_periph_driver/src/n32h7xx_dvp.c ****         tmp = ((uint32_t)DVP_InitParam->CropStartY << 16) | DVP_InitParam->CropStartX;
 107              		.loc 1 137 39
 108 0014 3B68     		ldr	r3, [r7]
 109 0016 DB89     		ldrh	r3, [r3, #14]
 110              		.loc 1 137 52
 111 0018 1B04     		lsls	r3, r3, #16
 112              		.loc 1 137 74
 113 001a 3A68     		ldr	r2, [r7]
 114 001c 9289     		ldrh	r2, [r2, #12]
 115              		.loc 1 137 13
 116 001e 1343     		orrs	r3, r3, r2
 117 0020 FB60     		str	r3, [r7, #12]
 138:../../../firmware/n32h7xx_std_periph_driver/src/n32h7xx_dvp.c ****         DVPx->CSXY = tmp;
 118              		.loc 1 138 20
 119 0022 7B68     		ldr	r3, [r7, #4]
 120 0024 FA68     		ldr	r2, [r7, #12]
 121 0026 9A62     		str	r2, [r3, #40]
 139:../../../firmware/n32h7xx_std_periph_driver/src/n32h7xx_dvp.c ****         /*---------------------------- DVP_CEXY Configuration -----------------------*/
 140:../../../firmware/n32h7xx_std_periph_driver/src/n32h7xx_dvp.c ****         tmp = ((uint32_t)DVP_InitParam->CropEndY << 16) | DVP_InitParam->CropEndX;
 122              		.loc 1 140 39
 123 0028 3B68     		ldr	r3, [r7]
 124 002a 5B8A     		ldrh	r3, [r3, #18]
 125              		.loc 1 140 50
 126 002c 1B04     		lsls	r3, r3, #16
 127              		.loc 1 140 72
 128 002e 3A68     		ldr	r2, [r7]
 129 0030 128A     		ldrh	r2, [r2, #16]
 130              		.loc 1 140 13
 131 0032 1343     		orrs	r3, r3, r2
 132 0034 FB60     		str	r3, [r7, #12]
 141:../../../firmware/n32h7xx_std_periph_driver/src/n32h7xx_dvp.c ****         DVPx->CEXY = tmp;
 133              		.loc 1 141 20
 134 0036 7B68     		ldr	r3, [r7, #4]
 135 0038 FA68     		ldr	r2, [r7, #12]
 136 003a DA62     		str	r2, [r3, #44]
 137              	.L8:
 142:../../../firmware/n32h7xx_std_periph_driver/src/n32h7xx_dvp.c ****     }
 143:../../../firmware/n32h7xx_std_periph_driver/src/n32h7xx_dvp.c **** 
 144:../../../firmware/n32h7xx_std_periph_driver/src/n32h7xx_dvp.c ****     /*---------------------------- DVP_CTRL Configuration -----------------------*/
 145:../../../firmware/n32h7xx_std_periph_driver/src/n32h7xx_dvp.c ****     tmpregister = DVPx->CTRL;
 138              		.loc 1 145 17
 139 003c 7B68     		ldr	r3, [r7, #4]
 140 003e 1B68     		ldr	r3, [r3]
 141 0040 BB60     		str	r3, [r7, #8]
 146:../../../firmware/n32h7xx_std_periph_driver/src/n32h7xx_dvp.c ****     tmpregister = tmpregister & DVP_VBFLT_MASK & DVP_CAPTURE_MODE_MASK & DVP_CROP_MODE_MASK;
ARM GAS  /tmp/ccZh0YON.s 			page 6


 142              		.loc 1 146 17
 143 0042 BA68     		ldr	r2, [r7, #8]
 144 0044 1E4B     		ldr	r3, .L10
 145 0046 1340     		ands	r3, r3, r2
 146 0048 BB60     		str	r3, [r7, #8]
 147:../../../firmware/n32h7xx_std_periph_driver/src/n32h7xx_dvp.c ****     tmpregister |= ((uint32_t)DVP_InitParam->VBFilter << 28) | DVP_InitParam->CaptureMode | DVP_Ini
 147              		.loc 1 147 44
 148 004a 3B68     		ldr	r3, [r7]
 149 004c 1B7D     		ldrb	r3, [r3, #20]	@ zero_extendqisi2
 150              		.loc 1 147 55
 151 004e 1A07     		lsls	r2, r3, #28
 152              		.loc 1 147 77
 153 0050 3B68     		ldr	r3, [r7]
 154 0052 1B68     		ldr	r3, [r3]
 155              		.loc 1 147 62
 156 0054 1A43     		orrs	r2, r2, r3
 157              		.loc 1 147 106
 158 0056 3B68     		ldr	r3, [r7]
 159 0058 5B68     		ldr	r3, [r3, #4]
 160              		.loc 1 147 91
 161 005a 1343     		orrs	r3, r3, r2
 162              		.loc 1 147 17
 163 005c BA68     		ldr	r2, [r7, #8]
 164 005e 1343     		orrs	r3, r3, r2
 165 0060 BB60     		str	r3, [r7, #8]
 148:../../../firmware/n32h7xx_std_periph_driver/src/n32h7xx_dvp.c ****     DVPx->CTRL = tmpregister;
 166              		.loc 1 148 16
 167 0062 7B68     		ldr	r3, [r7, #4]
 168 0064 BA68     		ldr	r2, [r7, #8]
 169 0066 1A60     		str	r2, [r3]
 149:../../../firmware/n32h7xx_std_periph_driver/src/n32h7xx_dvp.c **** 
 150:../../../firmware/n32h7xx_std_periph_driver/src/n32h7xx_dvp.c ****     /*---------------------------- DVP_PORTCFG Configuration -----------------------*/
 151:../../../firmware/n32h7xx_std_periph_driver/src/n32h7xx_dvp.c ****     tmp = DVPx->PORTCFG;
 170              		.loc 1 151 9
 171 0068 7B68     		ldr	r3, [r7, #4]
 172 006a DB68     		ldr	r3, [r3, #12]
 173 006c FB60     		str	r3, [r7, #12]
 152:../../../firmware/n32h7xx_std_periph_driver/src/n32h7xx_dvp.c ****     tmp |=  DVP_InitParam->PixelClkPolarity | DVP_InitParam->HsyncPolarity
 174              		.loc 1 152 26
 175 006e 3B68     		ldr	r3, [r7]
 176 0070 9A69     		ldr	r2, [r3, #24]
 177              		.loc 1 152 60
 178 0072 3B68     		ldr	r3, [r7]
 179 0074 DB69     		ldr	r3, [r3, #28]
 180              		.loc 1 152 45
 181 0076 1A43     		orrs	r2, r2, r3
 153:../../../firmware/n32h7xx_std_periph_driver/src/n32h7xx_dvp.c ****             | DVP_InitParam->VsyncPolarity    | DVP_InitParam->DataInvert
 182              		.loc 1 153 28
 183 0078 3B68     		ldr	r3, [r7]
 184 007a 1B6A     		ldr	r3, [r3, #32]
 185              		.loc 1 153 13
 186 007c 1A43     		orrs	r2, r2, r3
 187              		.loc 1 153 62
 188 007e 3B68     		ldr	r3, [r7]
 189 0080 5B6A     		ldr	r3, [r3, #36]
 190              		.loc 1 153 47
 191 0082 1A43     		orrs	r2, r2, r3
ARM GAS  /tmp/ccZh0YON.s 			page 7


 154:../../../firmware/n32h7xx_std_periph_driver/src/n32h7xx_dvp.c ****             | DVP_InitParam->DataReverse      | DVP_InitParam->DataMode
 192              		.loc 1 154 28
 193 0084 3B68     		ldr	r3, [r7]
 194 0086 9B6A     		ldr	r3, [r3, #40]
 195              		.loc 1 154 13
 196 0088 1A43     		orrs	r2, r2, r3
 197              		.loc 1 154 62
 198 008a 3B68     		ldr	r3, [r7]
 199 008c DB6A     		ldr	r3, [r3, #44]
 200              		.loc 1 154 47
 201 008e 1A43     		orrs	r2, r2, r3
 155:../../../firmware/n32h7xx_std_periph_driver/src/n32h7xx_dvp.c ****             | DVP_InitParam->SynchroMode;
 202              		.loc 1 155 28
 203 0090 3B68     		ldr	r3, [r7]
 204 0092 9B68     		ldr	r3, [r3, #8]
 205              		.loc 1 155 13
 206 0094 1343     		orrs	r3, r3, r2
 152:../../../firmware/n32h7xx_std_periph_driver/src/n32h7xx_dvp.c ****             | DVP_InitParam->VsyncPolarity    | DVP_InitParam->DataInvert
 207              		.loc 1 152 9
 208 0096 FA68     		ldr	r2, [r7, #12]
 209 0098 1343     		orrs	r3, r3, r2
 210 009a FB60     		str	r3, [r7, #12]
 156:../../../firmware/n32h7xx_std_periph_driver/src/n32h7xx_dvp.c **** 
 157:../../../firmware/n32h7xx_std_periph_driver/src/n32h7xx_dvp.c ****     if(DVP_InitParam->CropMode == DVP_CROP_MODE)
 211              		.loc 1 157 21
 212 009c 3B68     		ldr	r3, [r7]
 213 009e 5B68     		ldr	r3, [r3, #4]
 214              		.loc 1 157 7
 215 00a0 B3F5807F 		cmp	r3, #256
 216 00a4 04D1     		bne	.L9
 158:../../../firmware/n32h7xx_std_periph_driver/src/n32h7xx_dvp.c ****     {
 159:../../../firmware/n32h7xx_std_periph_driver/src/n32h7xx_dvp.c ****         tmp |= DVP_InitParam->PixelByte;
 217              		.loc 1 159 29
 218 00a6 3B68     		ldr	r3, [r7]
 219 00a8 1B6B     		ldr	r3, [r3, #48]
 220              		.loc 1 159 13
 221 00aa FA68     		ldr	r2, [r7, #12]
 222 00ac 1343     		orrs	r3, r3, r2
 223 00ae FB60     		str	r3, [r7, #12]
 224              	.L9:
 160:../../../firmware/n32h7xx_std_periph_driver/src/n32h7xx_dvp.c ****     }
 161:../../../firmware/n32h7xx_std_periph_driver/src/n32h7xx_dvp.c **** 
 162:../../../firmware/n32h7xx_std_periph_driver/src/n32h7xx_dvp.c ****     DVPx->PORTCFG = tmp;
 225              		.loc 1 162 19
 226 00b0 7B68     		ldr	r3, [r7, #4]
 227 00b2 FA68     		ldr	r2, [r7, #12]
 228 00b4 DA60     		str	r2, [r3, #12]
 163:../../../firmware/n32h7xx_std_periph_driver/src/n32h7xx_dvp.c **** 
 164:../../../firmware/n32h7xx_std_periph_driver/src/n32h7xx_dvp.c **** }
 229              		.loc 1 164 1
 230 00b6 00BF     		nop
 231 00b8 1437     		adds	r7, r7, #20
 232              	.LCFI8:
 233              		.cfi_def_cfa_offset 4
 234 00ba BD46     		mov	sp, r7
 235              	.LCFI9:
 236              		.cfi_def_cfa_register 13
ARM GAS  /tmp/ccZh0YON.s 			page 8


 237              		@ sp needed
 238 00bc 80BC     		pop	{r7}
 239              	.LCFI10:
 240              		.cfi_restore 7
 241              		.cfi_def_cfa_offset 0
 242 00be 7047     		bx	lr
 243              	.L11:
 244              		.align	2
 245              	.L10:
 246 00c0 FDFEFF0F 		.word	268435197
 247              		.cfi_endproc
 248              	.LFE148:
 250              		.section	.text.DVP_StructInit,"ax",%progbits
 251              		.align	1
 252              		.global	DVP_StructInit
 253              		.syntax unified
 254              		.thumb
 255              		.thumb_func
 257              	DVP_StructInit:
 258              	.LFB149:
 165:../../../firmware/n32h7xx_std_periph_driver/src/n32h7xx_dvp.c **** 
 166:../../../firmware/n32h7xx_std_periph_driver/src/n32h7xx_dvp.c **** /**
 167:../../../firmware/n32h7xx_std_periph_driver/src/n32h7xx_dvp.c **** *\*\name    DVP_StructInit.
 168:../../../firmware/n32h7xx_std_periph_driver/src/n32h7xx_dvp.c **** *\*\fun     Initializes the structure parameter of type DVP_InitType used to
 169:../../../firmware/n32h7xx_std_periph_driver/src/n32h7xx_dvp.c **** *\*\        initialize DVP. This function is usually called before initializing
 170:../../../firmware/n32h7xx_std_periph_driver/src/n32h7xx_dvp.c **** *\*\        a parameter of type DVP_InitType.
 171:../../../firmware/n32h7xx_std_periph_driver/src/n32h7xx_dvp.c **** *\*\param   DVP_InitParam :
 172:../../../firmware/n32h7xx_std_periph_driver/src/n32h7xx_dvp.c **** *\*\          - Pointer to the DVP_InitType structure which will be initialized.
 173:../../../firmware/n32h7xx_std_periph_driver/src/n32h7xx_dvp.c **** *\*\return  none
 174:../../../firmware/n32h7xx_std_periph_driver/src/n32h7xx_dvp.c **** **/
 175:../../../firmware/n32h7xx_std_periph_driver/src/n32h7xx_dvp.c **** void DVP_StructInit(DVP_InitType* DVP_InitParam)
 176:../../../firmware/n32h7xx_std_periph_driver/src/n32h7xx_dvp.c **** {
 259              		.loc 1 176 1
 260              		.cfi_startproc
 261              		@ args = 0, pretend = 0, frame = 8
 262              		@ frame_needed = 1, uses_anonymous_args = 0
 263              		@ link register save eliminated.
 264 0000 80B4     		push	{r7}
 265              	.LCFI11:
 266              		.cfi_def_cfa_offset 4
 267              		.cfi_offset 7, -4
 268 0002 83B0     		sub	sp, sp, #12
 269              	.LCFI12:
 270              		.cfi_def_cfa_offset 16
 271 0004 00AF     		add	r7, sp, #0
 272              	.LCFI13:
 273              		.cfi_def_cfa_register 7
 274 0006 7860     		str	r0, [r7, #4]
 177:../../../firmware/n32h7xx_std_periph_driver/src/n32h7xx_dvp.c ****     /* DVP_InitParam members default value */
 178:../../../firmware/n32h7xx_std_periph_driver/src/n32h7xx_dvp.c ****     DVP_InitParam->CaptureMode      = DVP_CAPTURE_MODE_CONTINUE;
 275              		.loc 1 178 37
 276 0008 7B68     		ldr	r3, [r7, #4]
 277 000a 0022     		movs	r2, #0
 278 000c 1A60     		str	r2, [r3]
 179:../../../firmware/n32h7xx_std_periph_driver/src/n32h7xx_dvp.c ****     DVP_InitParam->CropMode         = DVP_NORMAL_MODE;
 279              		.loc 1 179 37
 280 000e 7B68     		ldr	r3, [r7, #4]
ARM GAS  /tmp/ccZh0YON.s 			page 9


 281 0010 0022     		movs	r2, #0
 282 0012 5A60     		str	r2, [r3, #4]
 180:../../../firmware/n32h7xx_std_periph_driver/src/n32h7xx_dvp.c ****     DVP_InitParam->SynchroMode      = DVP_SYNC_MODE_HARDWARE;
 283              		.loc 1 180 37
 284 0014 7B68     		ldr	r3, [r7, #4]
 285 0016 0022     		movs	r2, #0
 286 0018 9A60     		str	r2, [r3, #8]
 181:../../../firmware/n32h7xx_std_periph_driver/src/n32h7xx_dvp.c ****     DVP_InitParam->CropStartX       = 0;
 287              		.loc 1 181 37
 288 001a 7B68     		ldr	r3, [r7, #4]
 289 001c 0022     		movs	r2, #0
 290 001e 9A81     		strh	r2, [r3, #12]	@ movhi
 182:../../../firmware/n32h7xx_std_periph_driver/src/n32h7xx_dvp.c ****     DVP_InitParam->CropStartY       = 0;
 291              		.loc 1 182 37
 292 0020 7B68     		ldr	r3, [r7, #4]
 293 0022 0022     		movs	r2, #0
 294 0024 DA81     		strh	r2, [r3, #14]	@ movhi
 183:../../../firmware/n32h7xx_std_periph_driver/src/n32h7xx_dvp.c ****     DVP_InitParam->CropEndX         = 0;
 295              		.loc 1 183 37
 296 0026 7B68     		ldr	r3, [r7, #4]
 297 0028 0022     		movs	r2, #0
 298 002a 1A82     		strh	r2, [r3, #16]	@ movhi
 184:../../../firmware/n32h7xx_std_periph_driver/src/n32h7xx_dvp.c ****     DVP_InitParam->CropEndY         = 0;
 299              		.loc 1 184 37
 300 002c 7B68     		ldr	r3, [r7, #4]
 301 002e 0022     		movs	r2, #0
 302 0030 5A82     		strh	r2, [r3, #18]	@ movhi
 185:../../../firmware/n32h7xx_std_periph_driver/src/n32h7xx_dvp.c ****     DVP_InitParam->VBFilter         = 8;
 303              		.loc 1 185 37
 304 0032 7B68     		ldr	r3, [r7, #4]
 305 0034 0822     		movs	r2, #8
 306 0036 1A75     		strb	r2, [r3, #20]
 186:../../../firmware/n32h7xx_std_periph_driver/src/n32h7xx_dvp.c ****     DVP_InitParam->PixelClkPolarity = DVP_PIXEL_POLARITY_RISING;
 307              		.loc 1 186 37
 308 0038 7B68     		ldr	r3, [r7, #4]
 309 003a 0022     		movs	r2, #0
 310 003c 9A61     		str	r2, [r3, #24]
 187:../../../firmware/n32h7xx_std_periph_driver/src/n32h7xx_dvp.c ****     DVP_InitParam->HsyncPolarity    = DVP_HSYNC_POLARITY_HIGH;
 311              		.loc 1 187 37
 312 003e 7B68     		ldr	r3, [r7, #4]
 313 0040 0022     		movs	r2, #0
 314 0042 DA61     		str	r2, [r3, #28]
 188:../../../firmware/n32h7xx_std_periph_driver/src/n32h7xx_dvp.c ****     DVP_InitParam->VsyncPolarity    = DVP_VSYNC_POLARITY_LOW;
 315              		.loc 1 188 37
 316 0044 7B68     		ldr	r3, [r7, #4]
 317 0046 0022     		movs	r2, #0
 318 0048 1A62     		str	r2, [r3, #32]
 189:../../../firmware/n32h7xx_std_periph_driver/src/n32h7xx_dvp.c ****     DVP_InitParam->DataInvert       = DVP_DATA_NOTINVERT;
 319              		.loc 1 189 37
 320 004a 7B68     		ldr	r3, [r7, #4]
 321 004c 0022     		movs	r2, #0
 322 004e 5A62     		str	r2, [r3, #36]
 190:../../../firmware/n32h7xx_std_periph_driver/src/n32h7xx_dvp.c ****     DVP_InitParam->DataReverse      = DVP_DATA_NOTREVERSE;
 323              		.loc 1 190 37
 324 0050 7B68     		ldr	r3, [r7, #4]
 325 0052 0022     		movs	r2, #0
 326 0054 9A62     		str	r2, [r3, #40]
ARM GAS  /tmp/ccZh0YON.s 			page 10


 191:../../../firmware/n32h7xx_std_periph_driver/src/n32h7xx_dvp.c ****     DVP_InitParam->DataMode         = DVP_DATA_MODE1;
 327              		.loc 1 191 37
 328 0056 7B68     		ldr	r3, [r7, #4]
 329 0058 0022     		movs	r2, #0
 330 005a DA62     		str	r2, [r3, #44]
 192:../../../firmware/n32h7xx_std_periph_driver/src/n32h7xx_dvp.c ****     DVP_InitParam->PixelByte        = DVP_PIXEL_BYTE1;
 331              		.loc 1 192 37
 332 005c 7B68     		ldr	r3, [r7, #4]
 333 005e 0022     		movs	r2, #0
 334 0060 1A63     		str	r2, [r3, #48]
 193:../../../firmware/n32h7xx_std_periph_driver/src/n32h7xx_dvp.c **** 
 194:../../../firmware/n32h7xx_std_periph_driver/src/n32h7xx_dvp.c **** }
 335              		.loc 1 194 1
 336 0062 00BF     		nop
 337 0064 0C37     		adds	r7, r7, #12
 338              	.LCFI14:
 339              		.cfi_def_cfa_offset 4
 340 0066 BD46     		mov	sp, r7
 341              	.LCFI15:
 342              		.cfi_def_cfa_register 13
 343              		@ sp needed
 344 0068 80BC     		pop	{r7}
 345              	.LCFI16:
 346              		.cfi_restore 7
 347              		.cfi_def_cfa_offset 0
 348 006a 7047     		bx	lr
 349              		.cfi_endproc
 350              	.LFE149:
 352              		.section	.text.DVP_ConfigDma,"ax",%progbits
 353              		.align	1
 354              		.global	DVP_ConfigDma
 355              		.syntax unified
 356              		.thumb
 357              		.thumb_func
 359              	DVP_ConfigDma:
 360              	.LFB150:
 195:../../../firmware/n32h7xx_std_periph_driver/src/n32h7xx_dvp.c **** 
 196:../../../firmware/n32h7xx_std_periph_driver/src/n32h7xx_dvp.c **** /**
 197:../../../firmware/n32h7xx_std_periph_driver/src/n32h7xx_dvp.c **** *\*\name    DVP_ConfigDma.
 198:../../../firmware/n32h7xx_std_periph_driver/src/n32h7xx_dvp.c **** *\*\fun     Initializes the structure parameter of type DVP_DMAInitType used to
 199:../../../firmware/n32h7xx_std_periph_driver/src/n32h7xx_dvp.c **** *\*\        initialize DVP DMA. This function is usually called before initializing
 200:../../../firmware/n32h7xx_std_periph_driver/src/n32h7xx_dvp.c **** *\*\        a parameter of type DVP_DMAInitType.
 201:../../../firmware/n32h7xx_std_periph_driver/src/n32h7xx_dvp.c **** *\*\param  DVPx:
 202:../../../firmware/n32h7xx_std_periph_driver/src/n32h7xx_dvp.c **** *\*\          - DVP1
 203:../../../firmware/n32h7xx_std_periph_driver/src/n32h7xx_dvp.c **** *\*\          - DVP2
 204:../../../firmware/n32h7xx_std_periph_driver/src/n32h7xx_dvp.c **** *\*\param   DVP_DMAInitType :
 205:../../../firmware/n32h7xx_std_periph_driver/src/n32h7xx_dvp.c **** *\*\          - FrameBufferNum
 206:../../../firmware/n32h7xx_std_periph_driver/src/n32h7xx_dvp.c **** *\*\          - FrameBufferAddress1
 207:../../../firmware/n32h7xx_std_periph_driver/src/n32h7xx_dvp.c **** *\*\          - FrameBufferAddress2
 208:../../../firmware/n32h7xx_std_periph_driver/src/n32h7xx_dvp.c **** *\*\          - DisplayStatus
 209:../../../firmware/n32h7xx_std_periph_driver/src/n32h7xx_dvp.c **** *\*\            - DVP_DISPLAY_ADDRESS
 210:../../../firmware/n32h7xx_std_periph_driver/src/n32h7xx_dvp.c **** *\*\            - DVP_DISPLAY_NUMBER
 211:../../../firmware/n32h7xx_std_periph_driver/src/n32h7xx_dvp.c **** *\*\          - BurstSize
 212:../../../firmware/n32h7xx_std_periph_driver/src/n32h7xx_dvp.c **** *\*\            - DVP_BURST_SIZE_BYTE_8
 213:../../../firmware/n32h7xx_std_periph_driver/src/n32h7xx_dvp.c **** *\*\            - DVP_BURST_SIZE_BYTE_16
 214:../../../firmware/n32h7xx_std_periph_driver/src/n32h7xx_dvp.c **** *\*\            - DVP_BURST_SIZE_BYTE_24
 215:../../../firmware/n32h7xx_std_periph_driver/src/n32h7xx_dvp.c **** *\*\            - DVP_BURST_SIZE_BYTE_32
ARM GAS  /tmp/ccZh0YON.s 			page 11


 216:../../../firmware/n32h7xx_std_periph_driver/src/n32h7xx_dvp.c **** *\*\            - DVP_BURST_SIZE_BYTE_40
 217:../../../firmware/n32h7xx_std_periph_driver/src/n32h7xx_dvp.c **** *\*\            - DVP_BURST_SIZE_BYTE_48
 218:../../../firmware/n32h7xx_std_periph_driver/src/n32h7xx_dvp.c **** *\*\            - DVP_BURST_SIZE_BYTE_56
 219:../../../firmware/n32h7xx_std_periph_driver/src/n32h7xx_dvp.c **** *\*\            - DVP_BURST_SIZE_BYTE_64
 220:../../../firmware/n32h7xx_std_periph_driver/src/n32h7xx_dvp.c **** *\*\          - FifoThreshold
 221:../../../firmware/n32h7xx_std_periph_driver/src/n32h7xx_dvp.c **** *\*\            - DVP_FIFO_THRSEHOLD_BYTE_8
 222:../../../firmware/n32h7xx_std_periph_driver/src/n32h7xx_dvp.c **** *\*\            - DVP_FIFO_THRSEHOLD_BYTE_16
 223:../../../firmware/n32h7xx_std_periph_driver/src/n32h7xx_dvp.c **** *\*\            - DVP_FIFO_THRSEHOLD_BYTE_32
 224:../../../firmware/n32h7xx_std_periph_driver/src/n32h7xx_dvp.c **** *\*\            - DVP_FIFO_THRSEHOLD_BYTE_64
 225:../../../firmware/n32h7xx_std_periph_driver/src/n32h7xx_dvp.c **** *\*\            - DVP_FIFO_THRSEHOLD_BYTE_128
 226:../../../firmware/n32h7xx_std_periph_driver/src/n32h7xx_dvp.c **** *\*\            - DVP_FIFO_THRSEHOLD_BYTE_256
 227:../../../firmware/n32h7xx_std_periph_driver/src/n32h7xx_dvp.c **** *\*\            - DVP_FIFO_THRSEHOLD_BYTE_512
 228:../../../firmware/n32h7xx_std_periph_driver/src/n32h7xx_dvp.c **** *\*\            - DVP_FIFO_THRSEHOLD_BYTE_1024
 229:../../../firmware/n32h7xx_std_periph_driver/src/n32h7xx_dvp.c **** *\*\          - FrameBufferSize
 230:../../../firmware/n32h7xx_std_periph_driver/src/n32h7xx_dvp.c **** *\*\return  none
 231:../../../firmware/n32h7xx_std_periph_driver/src/n32h7xx_dvp.c **** **/
 232:../../../firmware/n32h7xx_std_periph_driver/src/n32h7xx_dvp.c **** void DVP_ConfigDma(DVP_Module *DVPx, DVP_DMAInitType* DVP_DMAInitParam)
 233:../../../firmware/n32h7xx_std_periph_driver/src/n32h7xx_dvp.c **** {
 361              		.loc 1 233 1
 362              		.cfi_startproc
 363              		@ args = 0, pretend = 0, frame = 16
 364              		@ frame_needed = 1, uses_anonymous_args = 0
 365              		@ link register save eliminated.
 366 0000 80B4     		push	{r7}
 367              	.LCFI17:
 368              		.cfi_def_cfa_offset 4
 369              		.cfi_offset 7, -4
 370 0002 85B0     		sub	sp, sp, #20
 371              	.LCFI18:
 372              		.cfi_def_cfa_offset 24
 373 0004 00AF     		add	r7, sp, #0
 374              	.LCFI19:
 375              		.cfi_def_cfa_register 7
 376 0006 7860     		str	r0, [r7, #4]
 377 0008 3960     		str	r1, [r7]
 234:../../../firmware/n32h7xx_std_periph_driver/src/n32h7xx_dvp.c ****     uint32_t tmpregister;
 235:../../../firmware/n32h7xx_std_periph_driver/src/n32h7xx_dvp.c **** 
 236:../../../firmware/n32h7xx_std_periph_driver/src/n32h7xx_dvp.c ****     /*---------------------------- DVP_FIFOCFG Configuration -----------------------*/
 237:../../../firmware/n32h7xx_std_periph_driver/src/n32h7xx_dvp.c ****     tmpregister = DVPx->FIFOCFG;
 378              		.loc 1 237 17
 379 000a 7B68     		ldr	r3, [r7, #4]
 380 000c 1B69     		ldr	r3, [r3, #16]
 381 000e FB60     		str	r3, [r7, #12]
 238:../../../firmware/n32h7xx_std_periph_driver/src/n32h7xx_dvp.c ****     tmpregister &= DVP_DISPLAY_STATUS_MASK & DVP_FIFO_THRSEHOLD_MASK & DVP_BURST_SIZE_MASK;
 382              		.loc 1 238 17
 383 0010 FA68     		ldr	r2, [r7, #12]
 384 0012 154B     		ldr	r3, .L17
 385 0014 1340     		ands	r3, r3, r2
 386 0016 FB60     		str	r3, [r7, #12]
 239:../../../firmware/n32h7xx_std_periph_driver/src/n32h7xx_dvp.c **** 
 240:../../../firmware/n32h7xx_std_periph_driver/src/n32h7xx_dvp.c ****     tmpregister |= DVP_DMAInitParam->DisplayStatus | DVP_DMAInitParam->FifoThreshold | DVP_DMAInitP
 387              		.loc 1 240 36
 388 0018 3B68     		ldr	r3, [r7]
 389 001a DA68     		ldr	r2, [r3, #12]
 390              		.loc 1 240 70
 391 001c 3B68     		ldr	r3, [r7]
 392 001e 1B69     		ldr	r3, [r3, #16]
ARM GAS  /tmp/ccZh0YON.s 			page 12


 393              		.loc 1 240 52
 394 0020 1A43     		orrs	r2, r2, r3
 395              		.loc 1 240 104
 396 0022 3B68     		ldr	r3, [r7]
 397 0024 5B69     		ldr	r3, [r3, #20]
 398              		.loc 1 240 86
 399 0026 1343     		orrs	r3, r3, r2
 400              		.loc 1 240 17
 401 0028 FA68     		ldr	r2, [r7, #12]
 402 002a 1343     		orrs	r3, r3, r2
 403 002c FB60     		str	r3, [r7, #12]
 241:../../../firmware/n32h7xx_std_periph_driver/src/n32h7xx_dvp.c ****     DVPx->FIFOCFG = tmpregister;
 404              		.loc 1 241 19
 405 002e 7B68     		ldr	r3, [r7, #4]
 406 0030 FA68     		ldr	r2, [r7, #12]
 407 0032 1A61     		str	r2, [r3, #16]
 242:../../../firmware/n32h7xx_std_periph_driver/src/n32h7xx_dvp.c **** 
 243:../../../firmware/n32h7xx_std_periph_driver/src/n32h7xx_dvp.c ****     /*---------------------------- DVP_FBS Configuration -----------------------*/
 244:../../../firmware/n32h7xx_std_periph_driver/src/n32h7xx_dvp.c ****     DVPx->FBS = (uint32_t)DVP_DMAInitParam->FrameBufferSize;
 408              		.loc 1 244 43
 409 0034 3B68     		ldr	r3, [r7]
 410 0036 9A69     		ldr	r2, [r3, #24]
 411              		.loc 1 244 15
 412 0038 7B68     		ldr	r3, [r7, #4]
 413 003a DA61     		str	r2, [r3, #28]
 245:../../../firmware/n32h7xx_std_periph_driver/src/n32h7xx_dvp.c **** 
 246:../../../firmware/n32h7xx_std_periph_driver/src/n32h7xx_dvp.c ****     /*---------------------------- DVP_SMADDRx Configuration -----------------------*/
 247:../../../firmware/n32h7xx_std_periph_driver/src/n32h7xx_dvp.c ****     if(DVP_DMAInitParam->FrameBufferNum == 2u)
 414              		.loc 1 247 24
 415 003c 3B68     		ldr	r3, [r7]
 416 003e 1B78     		ldrb	r3, [r3]	@ zero_extendqisi2
 417              		.loc 1 247 7
 418 0040 022B     		cmp	r3, #2
 419 0042 08D1     		bne	.L14
 248:../../../firmware/n32h7xx_std_periph_driver/src/n32h7xx_dvp.c ****     {
 249:../../../firmware/n32h7xx_std_periph_driver/src/n32h7xx_dvp.c ****         DVPx->SMADDR1 = DVP_DMAInitParam->FrameBufferAddress1;
 420              		.loc 1 249 41
 421 0044 3B68     		ldr	r3, [r7]
 422 0046 5A68     		ldr	r2, [r3, #4]
 423              		.loc 1 249 23
 424 0048 7B68     		ldr	r3, [r7, #4]
 425 004a 5A61     		str	r2, [r3, #20]
 250:../../../firmware/n32h7xx_std_periph_driver/src/n32h7xx_dvp.c ****         DVPx->SMADDR2 = DVP_DMAInitParam->FrameBufferAddress2;
 426              		.loc 1 250 41
 427 004c 3B68     		ldr	r3, [r7]
 428 004e 9A68     		ldr	r2, [r3, #8]
 429              		.loc 1 250 23
 430 0050 7B68     		ldr	r3, [r7, #4]
 431 0052 9A61     		str	r2, [r3, #24]
 251:../../../firmware/n32h7xx_std_periph_driver/src/n32h7xx_dvp.c ****     }
 252:../../../firmware/n32h7xx_std_periph_driver/src/n32h7xx_dvp.c ****     else
 253:../../../firmware/n32h7xx_std_periph_driver/src/n32h7xx_dvp.c ****     {
 254:../../../firmware/n32h7xx_std_periph_driver/src/n32h7xx_dvp.c ****         DVPx->SMADDR1 = DVP_DMAInitParam->FrameBufferAddress1;
 255:../../../firmware/n32h7xx_std_periph_driver/src/n32h7xx_dvp.c ****     }
 256:../../../firmware/n32h7xx_std_periph_driver/src/n32h7xx_dvp.c **** 
 257:../../../firmware/n32h7xx_std_periph_driver/src/n32h7xx_dvp.c **** }
 432              		.loc 1 257 1
ARM GAS  /tmp/ccZh0YON.s 			page 13


 433 0054 03E0     		b	.L16
 434              	.L14:
 254:../../../firmware/n32h7xx_std_periph_driver/src/n32h7xx_dvp.c ****     }
 435              		.loc 1 254 41
 436 0056 3B68     		ldr	r3, [r7]
 437 0058 5A68     		ldr	r2, [r3, #4]
 254:../../../firmware/n32h7xx_std_periph_driver/src/n32h7xx_dvp.c ****     }
 438              		.loc 1 254 23
 439 005a 7B68     		ldr	r3, [r7, #4]
 440 005c 5A61     		str	r2, [r3, #20]
 441              	.L16:
 442              		.loc 1 257 1
 443 005e 00BF     		nop
 444 0060 1437     		adds	r7, r7, #20
 445              	.LCFI20:
 446              		.cfi_def_cfa_offset 4
 447 0062 BD46     		mov	sp, r7
 448              	.LCFI21:
 449              		.cfi_def_cfa_register 13
 450              		@ sp needed
 451 0064 80BC     		pop	{r7}
 452              	.LCFI22:
 453              		.cfi_restore 7
 454              		.cfi_def_cfa_offset 0
 455 0066 7047     		bx	lr
 456              	.L18:
 457              		.align	2
 458              	.L17:
 459 0068 EFF8F8FF 		.word	-460561
 460              		.cfi_endproc
 461              	.LFE150:
 463              		.section	.text.DVP_DMAStructInit,"ax",%progbits
 464              		.align	1
 465              		.global	DVP_DMAStructInit
 466              		.syntax unified
 467              		.thumb
 468              		.thumb_func
 470              	DVP_DMAStructInit:
 471              	.LFB151:
 258:../../../firmware/n32h7xx_std_periph_driver/src/n32h7xx_dvp.c **** 
 259:../../../firmware/n32h7xx_std_periph_driver/src/n32h7xx_dvp.c **** /**
 260:../../../firmware/n32h7xx_std_periph_driver/src/n32h7xx_dvp.c **** *\*\name    DVP_DMAStructInit.
 261:../../../firmware/n32h7xx_std_periph_driver/src/n32h7xx_dvp.c **** *\*\fun     Initializes the structure parameter of type DVP_DMAInitType used to
 262:../../../firmware/n32h7xx_std_periph_driver/src/n32h7xx_dvp.c **** *\*\        initialize DVP. This function is usually called before initializing
 263:../../../firmware/n32h7xx_std_periph_driver/src/n32h7xx_dvp.c **** *\*\        a parameter of type DVP_DMAInitType.
 264:../../../firmware/n32h7xx_std_periph_driver/src/n32h7xx_dvp.c **** *\*\param   DVP_DMAInitParam :
 265:../../../firmware/n32h7xx_std_periph_driver/src/n32h7xx_dvp.c **** *\*\          - Pointer to the DVP_DMAInitType structure which will be initialized.
 266:../../../firmware/n32h7xx_std_periph_driver/src/n32h7xx_dvp.c **** *\*\return  none
 267:../../../firmware/n32h7xx_std_periph_driver/src/n32h7xx_dvp.c **** **/
 268:../../../firmware/n32h7xx_std_periph_driver/src/n32h7xx_dvp.c **** void DVP_DMAStructInit(DVP_DMAInitType* DVP_DMAInitParam)
 269:../../../firmware/n32h7xx_std_periph_driver/src/n32h7xx_dvp.c **** {
 472              		.loc 1 269 1
 473              		.cfi_startproc
 474              		@ args = 0, pretend = 0, frame = 8
 475              		@ frame_needed = 1, uses_anonymous_args = 0
 476              		@ link register save eliminated.
 477 0000 80B4     		push	{r7}
ARM GAS  /tmp/ccZh0YON.s 			page 14


 478              	.LCFI23:
 479              		.cfi_def_cfa_offset 4
 480              		.cfi_offset 7, -4
 481 0002 83B0     		sub	sp, sp, #12
 482              	.LCFI24:
 483              		.cfi_def_cfa_offset 16
 484 0004 00AF     		add	r7, sp, #0
 485              	.LCFI25:
 486              		.cfi_def_cfa_register 7
 487 0006 7860     		str	r0, [r7, #4]
 270:../../../firmware/n32h7xx_std_periph_driver/src/n32h7xx_dvp.c **** 
 271:../../../firmware/n32h7xx_std_periph_driver/src/n32h7xx_dvp.c ****     /* DVP_DMAInitParam members default value */
 272:../../../firmware/n32h7xx_std_periph_driver/src/n32h7xx_dvp.c ****     DVP_DMAInitParam->FrameBufferNum      = 1;
 488              		.loc 1 272 43
 489 0008 7B68     		ldr	r3, [r7, #4]
 490 000a 0122     		movs	r2, #1
 491 000c 1A70     		strb	r2, [r3]
 273:../../../firmware/n32h7xx_std_periph_driver/src/n32h7xx_dvp.c ****     DVP_DMAInitParam->FrameBufferAddress1 = 0;
 492              		.loc 1 273 43
 493 000e 7B68     		ldr	r3, [r7, #4]
 494 0010 0022     		movs	r2, #0
 495 0012 5A60     		str	r2, [r3, #4]
 274:../../../firmware/n32h7xx_std_periph_driver/src/n32h7xx_dvp.c ****     DVP_DMAInitParam->FrameBufferAddress2 = 0;
 496              		.loc 1 274 43
 497 0014 7B68     		ldr	r3, [r7, #4]
 498 0016 0022     		movs	r2, #0
 499 0018 9A60     		str	r2, [r3, #8]
 275:../../../firmware/n32h7xx_std_periph_driver/src/n32h7xx_dvp.c ****     DVP_DMAInitParam->DisplayStatus       = DVP_DISPLAY_NUMBER;
 500              		.loc 1 275 43
 501 001a 7B68     		ldr	r3, [r7, #4]
 502 001c 0022     		movs	r2, #0
 503 001e DA60     		str	r2, [r3, #12]
 276:../../../firmware/n32h7xx_std_periph_driver/src/n32h7xx_dvp.c ****     DVP_DMAInitParam->BurstSize           = DVP_BURST_SIZE_BYTE_8;
 504              		.loc 1 276 43
 505 0020 7B68     		ldr	r3, [r7, #4]
 506 0022 0022     		movs	r2, #0
 507 0024 5A61     		str	r2, [r3, #20]
 277:../../../firmware/n32h7xx_std_periph_driver/src/n32h7xx_dvp.c ****     DVP_DMAInitParam->FifoThreshold       = DVP_FIFO_THRSEHOLD_BYTE_8;
 508              		.loc 1 277 43
 509 0026 7B68     		ldr	r3, [r7, #4]
 510 0028 0022     		movs	r2, #0
 511 002a 1A61     		str	r2, [r3, #16]
 278:../../../firmware/n32h7xx_std_periph_driver/src/n32h7xx_dvp.c ****     DVP_DMAInitParam->FrameBufferSize     = 32;
 512              		.loc 1 278 43
 513 002c 7B68     		ldr	r3, [r7, #4]
 514 002e 2022     		movs	r2, #32
 515 0030 9A61     		str	r2, [r3, #24]
 279:../../../firmware/n32h7xx_std_periph_driver/src/n32h7xx_dvp.c **** 
 280:../../../firmware/n32h7xx_std_periph_driver/src/n32h7xx_dvp.c **** }
 516              		.loc 1 280 1
 517 0032 00BF     		nop
 518 0034 0C37     		adds	r7, r7, #12
 519              	.LCFI26:
 520              		.cfi_def_cfa_offset 4
 521 0036 BD46     		mov	sp, r7
 522              	.LCFI27:
 523              		.cfi_def_cfa_register 13
ARM GAS  /tmp/ccZh0YON.s 			page 15


 524              		@ sp needed
 525 0038 80BC     		pop	{r7}
 526              	.LCFI28:
 527              		.cfi_restore 7
 528              		.cfi_def_cfa_offset 0
 529 003a 7047     		bx	lr
 530              		.cfi_endproc
 531              	.LFE151:
 533              		.section	.text.DVP_EnablePort,"ax",%progbits
 534              		.align	1
 535              		.global	DVP_EnablePort
 536              		.syntax unified
 537              		.thumb
 538              		.thumb_func
 540              	DVP_EnablePort:
 541              	.LFB152:
 281:../../../firmware/n32h7xx_std_periph_driver/src/n32h7xx_dvp.c **** 
 282:../../../firmware/n32h7xx_std_periph_driver/src/n32h7xx_dvp.c **** 
 283:../../../firmware/n32h7xx_std_periph_driver/src/n32h7xx_dvp.c **** /**
 284:../../../firmware/n32h7xx_std_periph_driver/src/n32h7xx_dvp.c **** *\*\name   DVP_EnablePort.
 285:../../../firmware/n32h7xx_std_periph_driver/src/n32h7xx_dvp.c **** *\*\fun    DVP interface enable.
 286:../../../firmware/n32h7xx_std_periph_driver/src/n32h7xx_dvp.c **** *\*\param  DVPx:
 287:../../../firmware/n32h7xx_std_periph_driver/src/n32h7xx_dvp.c **** *\*\          - DVP1
 288:../../../firmware/n32h7xx_std_periph_driver/src/n32h7xx_dvp.c **** *\*\          - DVP2
 289:../../../firmware/n32h7xx_std_periph_driver/src/n32h7xx_dvp.c **** *\*\param  Cmd:
 290:../../../firmware/n32h7xx_std_periph_driver/src/n32h7xx_dvp.c **** *\*\          - ENABLE
 291:../../../firmware/n32h7xx_std_periph_driver/src/n32h7xx_dvp.c **** *\*\          - DISABLE
 292:../../../firmware/n32h7xx_std_periph_driver/src/n32h7xx_dvp.c **** *\*\return  none
 293:../../../firmware/n32h7xx_std_periph_driver/src/n32h7xx_dvp.c **** **/
 294:../../../firmware/n32h7xx_std_periph_driver/src/n32h7xx_dvp.c **** void DVP_EnablePort(DVP_Module *DVPx, FunctionalState Cmd)
 295:../../../firmware/n32h7xx_std_periph_driver/src/n32h7xx_dvp.c **** {
 542              		.loc 1 295 1
 543              		.cfi_startproc
 544              		@ args = 0, pretend = 0, frame = 8
 545              		@ frame_needed = 1, uses_anonymous_args = 0
 546              		@ link register save eliminated.
 547 0000 80B4     		push	{r7}
 548              	.LCFI29:
 549              		.cfi_def_cfa_offset 4
 550              		.cfi_offset 7, -4
 551 0002 83B0     		sub	sp, sp, #12
 552              	.LCFI30:
 553              		.cfi_def_cfa_offset 16
 554 0004 00AF     		add	r7, sp, #0
 555              	.LCFI31:
 556              		.cfi_def_cfa_register 7
 557 0006 7860     		str	r0, [r7, #4]
 558 0008 0B46     		mov	r3, r1
 559 000a FB70     		strb	r3, [r7, #3]
 296:../../../firmware/n32h7xx_std_periph_driver/src/n32h7xx_dvp.c **** 
 297:../../../firmware/n32h7xx_std_periph_driver/src/n32h7xx_dvp.c ****     if (Cmd != DISABLE)
 560              		.loc 1 297 8
 561 000c FB78     		ldrb	r3, [r7, #3]	@ zero_extendqisi2
 562 000e 002B     		cmp	r3, #0
 563 0010 06D0     		beq	.L21
 298:../../../firmware/n32h7xx_std_periph_driver/src/n32h7xx_dvp.c ****     {
 299:../../../firmware/n32h7xx_std_periph_driver/src/n32h7xx_dvp.c ****         /* Enable the DVP by setting ENABLE bit */
ARM GAS  /tmp/ccZh0YON.s 			page 16


 300:../../../firmware/n32h7xx_std_periph_driver/src/n32h7xx_dvp.c ****         DVPx->CTRL |= DVP_ENABLE;
 564              		.loc 1 300 13
 565 0012 7B68     		ldr	r3, [r7, #4]
 566 0014 1B68     		ldr	r3, [r3]
 567              		.loc 1 300 20
 568 0016 43F00102 		orr	r2, r3, #1
 569 001a 7B68     		ldr	r3, [r7, #4]
 570 001c 1A60     		str	r2, [r3]
 301:../../../firmware/n32h7xx_std_periph_driver/src/n32h7xx_dvp.c ****     }
 302:../../../firmware/n32h7xx_std_periph_driver/src/n32h7xx_dvp.c ****     else
 303:../../../firmware/n32h7xx_std_periph_driver/src/n32h7xx_dvp.c ****     {
 304:../../../firmware/n32h7xx_std_periph_driver/src/n32h7xx_dvp.c ****         /* Disable the DVP by clearing ENABLE bit */
 305:../../../firmware/n32h7xx_std_periph_driver/src/n32h7xx_dvp.c ****         DVPx->INTSTS |= DVP_DISABLE;
 306:../../../firmware/n32h7xx_std_periph_driver/src/n32h7xx_dvp.c ****     }
 307:../../../firmware/n32h7xx_std_periph_driver/src/n32h7xx_dvp.c **** 
 308:../../../firmware/n32h7xx_std_periph_driver/src/n32h7xx_dvp.c **** }
 571              		.loc 1 308 1
 572 001e 05E0     		b	.L23
 573              	.L21:
 305:../../../firmware/n32h7xx_std_periph_driver/src/n32h7xx_dvp.c ****     }
 574              		.loc 1 305 13
 575 0020 7B68     		ldr	r3, [r7, #4]
 576 0022 9B68     		ldr	r3, [r3, #8]
 305:../../../firmware/n32h7xx_std_periph_driver/src/n32h7xx_dvp.c ****     }
 577              		.loc 1 305 22
 578 0024 43F08072 		orr	r2, r3, #16777216
 579 0028 7B68     		ldr	r3, [r7, #4]
 580 002a 9A60     		str	r2, [r3, #8]
 581              	.L23:
 582              		.loc 1 308 1
 583 002c 00BF     		nop
 584 002e 0C37     		adds	r7, r7, #12
 585              	.LCFI32:
 586              		.cfi_def_cfa_offset 4
 587 0030 BD46     		mov	sp, r7
 588              	.LCFI33:
 589              		.cfi_def_cfa_register 13
 590              		@ sp needed
 591 0032 80BC     		pop	{r7}
 592              	.LCFI34:
 593              		.cfi_restore 7
 594              		.cfi_def_cfa_offset 0
 595 0034 7047     		bx	lr
 596              		.cfi_endproc
 597              	.LFE152:
 599              		.section	.text.DVP_EnableCrop,"ax",%progbits
 600              		.align	1
 601              		.global	DVP_EnableCrop
 602              		.syntax unified
 603              		.thumb
 604              		.thumb_func
 606              	DVP_EnableCrop:
 607              	.LFB153:
 309:../../../firmware/n32h7xx_std_periph_driver/src/n32h7xx_dvp.c **** 
 310:../../../firmware/n32h7xx_std_periph_driver/src/n32h7xx_dvp.c **** /**
 311:../../../firmware/n32h7xx_std_periph_driver/src/n32h7xx_dvp.c **** *\*\name    DVP_EnableCrop.
 312:../../../firmware/n32h7xx_std_periph_driver/src/n32h7xx_dvp.c **** *\*\fun     DVP crop feature enable.
ARM GAS  /tmp/ccZh0YON.s 			page 17


 313:../../../firmware/n32h7xx_std_periph_driver/src/n32h7xx_dvp.c **** *\*\param  DVPx:
 314:../../../firmware/n32h7xx_std_periph_driver/src/n32h7xx_dvp.c **** *\*\          - DVP1
 315:../../../firmware/n32h7xx_std_periph_driver/src/n32h7xx_dvp.c **** *\*\          - DVP2
 316:../../../firmware/n32h7xx_std_periph_driver/src/n32h7xx_dvp.c **** *\*\param  Cmd:
 317:../../../firmware/n32h7xx_std_periph_driver/src/n32h7xx_dvp.c **** *\*\          - ENABLE
 318:../../../firmware/n32h7xx_std_periph_driver/src/n32h7xx_dvp.c **** *\*\          - DISABLE
 319:../../../firmware/n32h7xx_std_periph_driver/src/n32h7xx_dvp.c **** *\*\return  none
 320:../../../firmware/n32h7xx_std_periph_driver/src/n32h7xx_dvp.c **** **/
 321:../../../firmware/n32h7xx_std_periph_driver/src/n32h7xx_dvp.c **** void DVP_EnableCrop(DVP_Module *DVPx, FunctionalState Cmd)
 322:../../../firmware/n32h7xx_std_periph_driver/src/n32h7xx_dvp.c **** {
 608              		.loc 1 322 1
 609              		.cfi_startproc
 610              		@ args = 0, pretend = 0, frame = 8
 611              		@ frame_needed = 1, uses_anonymous_args = 0
 612              		@ link register save eliminated.
 613 0000 80B4     		push	{r7}
 614              	.LCFI35:
 615              		.cfi_def_cfa_offset 4
 616              		.cfi_offset 7, -4
 617 0002 83B0     		sub	sp, sp, #12
 618              	.LCFI36:
 619              		.cfi_def_cfa_offset 16
 620 0004 00AF     		add	r7, sp, #0
 621              	.LCFI37:
 622              		.cfi_def_cfa_register 7
 623 0006 7860     		str	r0, [r7, #4]
 624 0008 0B46     		mov	r3, r1
 625 000a FB70     		strb	r3, [r7, #3]
 323:../../../firmware/n32h7xx_std_periph_driver/src/n32h7xx_dvp.c ****     if (Cmd != DISABLE)
 626              		.loc 1 323 8
 627 000c FB78     		ldrb	r3, [r7, #3]	@ zero_extendqisi2
 628 000e 002B     		cmp	r3, #0
 629 0010 06D0     		beq	.L25
 324:../../../firmware/n32h7xx_std_periph_driver/src/n32h7xx_dvp.c ****     {
 325:../../../firmware/n32h7xx_std_periph_driver/src/n32h7xx_dvp.c ****         /* Enable the DVP Crop feature */
 326:../../../firmware/n32h7xx_std_periph_driver/src/n32h7xx_dvp.c ****         DVPx->CTRL |= DVP_CROP_MODE;
 630              		.loc 1 326 13
 631 0012 7B68     		ldr	r3, [r7, #4]
 632 0014 1B68     		ldr	r3, [r3]
 633              		.loc 1 326 20
 634 0016 43F48072 		orr	r2, r3, #256
 635 001a 7B68     		ldr	r3, [r7, #4]
 636 001c 1A60     		str	r2, [r3]
 327:../../../firmware/n32h7xx_std_periph_driver/src/n32h7xx_dvp.c ****     }
 328:../../../firmware/n32h7xx_std_periph_driver/src/n32h7xx_dvp.c ****     else
 329:../../../firmware/n32h7xx_std_periph_driver/src/n32h7xx_dvp.c ****     {
 330:../../../firmware/n32h7xx_std_periph_driver/src/n32h7xx_dvp.c ****         /* Disable the DVP Crop feature */
 331:../../../firmware/n32h7xx_std_periph_driver/src/n32h7xx_dvp.c ****         DVPx->CTRL &= DVP_CROP_MODE_MASK;
 332:../../../firmware/n32h7xx_std_periph_driver/src/n32h7xx_dvp.c ****     }
 333:../../../firmware/n32h7xx_std_periph_driver/src/n32h7xx_dvp.c **** }
 637              		.loc 1 333 1
 638 001e 05E0     		b	.L27
 639              	.L25:
 331:../../../firmware/n32h7xx_std_periph_driver/src/n32h7xx_dvp.c ****     }
 640              		.loc 1 331 13
 641 0020 7B68     		ldr	r3, [r7, #4]
 642 0022 1B68     		ldr	r3, [r3]
ARM GAS  /tmp/ccZh0YON.s 			page 18


 331:../../../firmware/n32h7xx_std_periph_driver/src/n32h7xx_dvp.c ****     }
 643              		.loc 1 331 20
 644 0024 23F48072 		bic	r2, r3, #256
 645 0028 7B68     		ldr	r3, [r7, #4]
 646 002a 1A60     		str	r2, [r3]
 647              	.L27:
 648              		.loc 1 333 1
 649 002c 00BF     		nop
 650 002e 0C37     		adds	r7, r7, #12
 651              	.LCFI38:
 652              		.cfi_def_cfa_offset 4
 653 0030 BD46     		mov	sp, r7
 654              	.LCFI39:
 655              		.cfi_def_cfa_register 13
 656              		@ sp needed
 657 0032 80BC     		pop	{r7}
 658              	.LCFI40:
 659              		.cfi_restore 7
 660              		.cfi_def_cfa_offset 0
 661 0034 7047     		bx	lr
 662              		.cfi_endproc
 663              	.LFE153:
 665              		.section	.text.DVP_ConfigVBlankFilter,"ax",%progbits
 666              		.align	1
 667              		.global	DVP_ConfigVBlankFilter
 668              		.syntax unified
 669              		.thumb
 670              		.thumb_func
 672              	DVP_ConfigVBlankFilter:
 673              	.LFB154:
 334:../../../firmware/n32h7xx_std_periph_driver/src/n32h7xx_dvp.c **** 
 335:../../../firmware/n32h7xx_std_periph_driver/src/n32h7xx_dvp.c **** /**
 336:../../../firmware/n32h7xx_std_periph_driver/src/n32h7xx_dvp.c **** *\*\name    DVP_ConfigVBFLT.
 337:../../../firmware/n32h7xx_std_periph_driver/src/n32h7xx_dvp.c **** *\*\fun     VSYNC blanking glitch filtering control.
 338:../../../firmware/n32h7xx_std_periph_driver/src/n32h7xx_dvp.c **** *\*\param  DVPx:
 339:../../../firmware/n32h7xx_std_periph_driver/src/n32h7xx_dvp.c **** *\*\          - DVP1
 340:../../../firmware/n32h7xx_std_periph_driver/src/n32h7xx_dvp.c **** *\*\          - DVP2
 341:../../../firmware/n32h7xx_std_periph_driver/src/n32h7xx_dvp.c **** *\*\param  Filt:(The input parameters must be the following values)
 342:../../../firmware/n32h7xx_std_periph_driver/src/n32h7xx_dvp.c **** *\*\            - 0~0xF
 343:../../../firmware/n32h7xx_std_periph_driver/src/n32h7xx_dvp.c **** *\*\return  none
 344:../../../firmware/n32h7xx_std_periph_driver/src/n32h7xx_dvp.c **** **/
 345:../../../firmware/n32h7xx_std_periph_driver/src/n32h7xx_dvp.c **** void DVP_ConfigVBlankFilter(DVP_Module *DVPx, uint8_t Filt)
 346:../../../firmware/n32h7xx_std_periph_driver/src/n32h7xx_dvp.c **** {
 674              		.loc 1 346 1
 675              		.cfi_startproc
 676              		@ args = 0, pretend = 0, frame = 16
 677              		@ frame_needed = 1, uses_anonymous_args = 0
 678              		@ link register save eliminated.
 679 0000 80B4     		push	{r7}
 680              	.LCFI41:
 681              		.cfi_def_cfa_offset 4
 682              		.cfi_offset 7, -4
 683 0002 85B0     		sub	sp, sp, #20
 684              	.LCFI42:
 685              		.cfi_def_cfa_offset 24
 686 0004 00AF     		add	r7, sp, #0
 687              	.LCFI43:
ARM GAS  /tmp/ccZh0YON.s 			page 19


 688              		.cfi_def_cfa_register 7
 689 0006 7860     		str	r0, [r7, #4]
 690 0008 0B46     		mov	r3, r1
 691 000a FB70     		strb	r3, [r7, #3]
 347:../../../firmware/n32h7xx_std_periph_driver/src/n32h7xx_dvp.c **** 
 348:../../../firmware/n32h7xx_std_periph_driver/src/n32h7xx_dvp.c ****     uint32_t tmpregister;
 349:../../../firmware/n32h7xx_std_periph_driver/src/n32h7xx_dvp.c ****     tmpregister = DVPx->CTRL;
 692              		.loc 1 349 17
 693 000c 7B68     		ldr	r3, [r7, #4]
 694 000e 1B68     		ldr	r3, [r3]
 695 0010 FB60     		str	r3, [r7, #12]
 350:../../../firmware/n32h7xx_std_periph_driver/src/n32h7xx_dvp.c ****     tmpregister = (uint32_t)(tmpregister & (uint32_t)DVP_VBFLT_MASK);
 696              		.loc 1 350 17
 697 0012 FB68     		ldr	r3, [r7, #12]
 698 0014 23F07043 		bic	r3, r3, #-268435456
 699 0018 FB60     		str	r3, [r7, #12]
 351:../../../firmware/n32h7xx_std_periph_driver/src/n32h7xx_dvp.c ****     tmpregister |= (uint32_t)Filt << 28u;
 700              		.loc 1 351 20
 701 001a FB78     		ldrb	r3, [r7, #3]	@ zero_extendqisi2
 702              		.loc 1 351 35
 703 001c 1B07     		lsls	r3, r3, #28
 704              		.loc 1 351 17
 705 001e FA68     		ldr	r2, [r7, #12]
 706 0020 1343     		orrs	r3, r3, r2
 707 0022 FB60     		str	r3, [r7, #12]
 352:../../../firmware/n32h7xx_std_periph_driver/src/n32h7xx_dvp.c ****     DVPx->CTRL = tmpregister;
 708              		.loc 1 352 16
 709 0024 7B68     		ldr	r3, [r7, #4]
 710 0026 FA68     		ldr	r2, [r7, #12]
 711 0028 1A60     		str	r2, [r3]
 353:../../../firmware/n32h7xx_std_periph_driver/src/n32h7xx_dvp.c **** 
 354:../../../firmware/n32h7xx_std_periph_driver/src/n32h7xx_dvp.c **** }
 712              		.loc 1 354 1
 713 002a 00BF     		nop
 714 002c 1437     		adds	r7, r7, #20
 715              	.LCFI44:
 716              		.cfi_def_cfa_offset 4
 717 002e BD46     		mov	sp, r7
 718              	.LCFI45:
 719              		.cfi_def_cfa_register 13
 720              		@ sp needed
 721 0030 80BC     		pop	{r7}
 722              	.LCFI46:
 723              		.cfi_restore 7
 724              		.cfi_def_cfa_offset 0
 725 0032 7047     		bx	lr
 726              		.cfi_endproc
 727              	.LFE154:
 729              		.section	.text.DVP_ConfigInt,"ax",%progbits
 730              		.align	1
 731              		.global	DVP_ConfigInt
 732              		.syntax unified
 733              		.thumb
 734              		.thumb_func
 736              	DVP_ConfigInt:
 737              	.LFB155:
 355:../../../firmware/n32h7xx_std_periph_driver/src/n32h7xx_dvp.c **** 
ARM GAS  /tmp/ccZh0YON.s 			page 20


 356:../../../firmware/n32h7xx_std_periph_driver/src/n32h7xx_dvp.c **** /**
 357:../../../firmware/n32h7xx_std_periph_driver/src/n32h7xx_dvp.c **** *\*\name    DVP_ConfigInt.
 358:../../../firmware/n32h7xx_std_periph_driver/src/n32h7xx_dvp.c **** *\*\fun     DVP interrupts enable.
 359:../../../firmware/n32h7xx_std_periph_driver/src/n32h7xx_dvp.c **** *\*\param  DVPx:
 360:../../../firmware/n32h7xx_std_periph_driver/src/n32h7xx_dvp.c **** *\*\          - DVP1
 361:../../../firmware/n32h7xx_std_periph_driver/src/n32h7xx_dvp.c **** *\*\          - DVP2
 362:../../../firmware/n32h7xx_std_periph_driver/src/n32h7xx_dvp.c **** *\*\param   DVPInt (The input parameters must be the following values):
 363:../../../firmware/n32h7xx_std_periph_driver/src/n32h7xx_dvp.c **** *\*\          - DVP_INT_M1S
 364:../../../firmware/n32h7xx_std_periph_driver/src/n32h7xx_dvp.c **** *\*\          - DVP_INT_M2S
 365:../../../firmware/n32h7xx_std_periph_driver/src/n32h7xx_dvp.c **** *\*\          - DVP_INT_M1TC
 366:../../../firmware/n32h7xx_std_periph_driver/src/n32h7xx_dvp.c **** *\*\          - DVP_INT_M2TC
 367:../../../firmware/n32h7xx_std_periph_driver/src/n32h7xx_dvp.c **** *\*\          - DVP_INT_FO
 368:../../../firmware/n32h7xx_std_periph_driver/src/n32h7xx_dvp.c **** *\*\          - DVP_INT_AHBERR
 369:../../../firmware/n32h7xx_std_periph_driver/src/n32h7xx_dvp.c **** *\*\          - DVP_INT_MO
 370:../../../firmware/n32h7xx_std_periph_driver/src/n32h7xx_dvp.c **** *\*\          - DVP_INT_SKIP
 371:../../../firmware/n32h7xx_std_periph_driver/src/n32h7xx_dvp.c **** *\*\          - DVP_INT_CERR
 372:../../../firmware/n32h7xx_std_periph_driver/src/n32h7xx_dvp.c **** *\*\          - DVP_INT_SERR
 373:../../../firmware/n32h7xx_std_periph_driver/src/n32h7xx_dvp.c **** *\*\          - DVP_INT_FMS
 374:../../../firmware/n32h7xx_std_periph_driver/src/n32h7xx_dvp.c **** *\*\param   Cmd:(The input parameters must be the following values)
 375:../../../firmware/n32h7xx_std_periph_driver/src/n32h7xx_dvp.c **** *\*\            - ENABLE
 376:../../../firmware/n32h7xx_std_periph_driver/src/n32h7xx_dvp.c **** *\*\            - DISABLE
 377:../../../firmware/n32h7xx_std_periph_driver/src/n32h7xx_dvp.c **** *\*\return  none
 378:../../../firmware/n32h7xx_std_periph_driver/src/n32h7xx_dvp.c **** **/
 379:../../../firmware/n32h7xx_std_periph_driver/src/n32h7xx_dvp.c **** void DVP_ConfigInt(DVP_Module *DVPx, uint32_t DVPInt, FunctionalState Cmd)
 380:../../../firmware/n32h7xx_std_periph_driver/src/n32h7xx_dvp.c **** {
 738              		.loc 1 380 1
 739              		.cfi_startproc
 740              		@ args = 0, pretend = 0, frame = 16
 741              		@ frame_needed = 1, uses_anonymous_args = 0
 742              		@ link register save eliminated.
 743 0000 80B4     		push	{r7}
 744              	.LCFI47:
 745              		.cfi_def_cfa_offset 4
 746              		.cfi_offset 7, -4
 747 0002 85B0     		sub	sp, sp, #20
 748              	.LCFI48:
 749              		.cfi_def_cfa_offset 24
 750 0004 00AF     		add	r7, sp, #0
 751              	.LCFI49:
 752              		.cfi_def_cfa_register 7
 753 0006 F860     		str	r0, [r7, #12]
 754 0008 B960     		str	r1, [r7, #8]
 755 000a 1346     		mov	r3, r2
 756 000c FB71     		strb	r3, [r7, #7]
 381:../../../firmware/n32h7xx_std_periph_driver/src/n32h7xx_dvp.c **** 
 382:../../../firmware/n32h7xx_std_periph_driver/src/n32h7xx_dvp.c ****     if (Cmd != DISABLE)
 757              		.loc 1 382 8
 758 000e FB79     		ldrb	r3, [r7, #7]	@ zero_extendqisi2
 759 0010 002B     		cmp	r3, #0
 760 0012 06D0     		beq	.L30
 383:../../../firmware/n32h7xx_std_periph_driver/src/n32h7xx_dvp.c ****     {
 384:../../../firmware/n32h7xx_std_periph_driver/src/n32h7xx_dvp.c ****         /* Enable the Interrupt sources */
 385:../../../firmware/n32h7xx_std_periph_driver/src/n32h7xx_dvp.c ****         DVPx->INTEN |= DVPInt;
 761              		.loc 1 385 13
 762 0014 FB68     		ldr	r3, [r7, #12]
 763 0016 5A68     		ldr	r2, [r3, #4]
 764              		.loc 1 385 21
ARM GAS  /tmp/ccZh0YON.s 			page 21


 765 0018 BB68     		ldr	r3, [r7, #8]
 766 001a 1A43     		orrs	r2, r2, r3
 767 001c FB68     		ldr	r3, [r7, #12]
 768 001e 5A60     		str	r2, [r3, #4]
 386:../../../firmware/n32h7xx_std_periph_driver/src/n32h7xx_dvp.c ****     }
 387:../../../firmware/n32h7xx_std_periph_driver/src/n32h7xx_dvp.c ****     else
 388:../../../firmware/n32h7xx_std_periph_driver/src/n32h7xx_dvp.c ****     {
 389:../../../firmware/n32h7xx_std_periph_driver/src/n32h7xx_dvp.c ****         /* Disable the Interrupt sources */
 390:../../../firmware/n32h7xx_std_periph_driver/src/n32h7xx_dvp.c ****         DVPx->INTEN &= ~DVPInt;
 391:../../../firmware/n32h7xx_std_periph_driver/src/n32h7xx_dvp.c ****     }
 392:../../../firmware/n32h7xx_std_periph_driver/src/n32h7xx_dvp.c **** 
 393:../../../firmware/n32h7xx_std_periph_driver/src/n32h7xx_dvp.c **** }
 769              		.loc 1 393 1
 770 0020 06E0     		b	.L32
 771              	.L30:
 390:../../../firmware/n32h7xx_std_periph_driver/src/n32h7xx_dvp.c ****     }
 772              		.loc 1 390 13
 773 0022 FB68     		ldr	r3, [r7, #12]
 774 0024 5A68     		ldr	r2, [r3, #4]
 390:../../../firmware/n32h7xx_std_periph_driver/src/n32h7xx_dvp.c ****     }
 775              		.loc 1 390 24
 776 0026 BB68     		ldr	r3, [r7, #8]
 777 0028 DB43     		mvns	r3, r3
 390:../../../firmware/n32h7xx_std_periph_driver/src/n32h7xx_dvp.c ****     }
 778              		.loc 1 390 21
 779 002a 1A40     		ands	r2, r2, r3
 780 002c FB68     		ldr	r3, [r7, #12]
 781 002e 5A60     		str	r2, [r3, #4]
 782              	.L32:
 783              		.loc 1 393 1
 784 0030 00BF     		nop
 785 0032 1437     		adds	r7, r7, #20
 786              	.LCFI50:
 787              		.cfi_def_cfa_offset 4
 788 0034 BD46     		mov	sp, r7
 789              	.LCFI51:
 790              		.cfi_def_cfa_register 13
 791              		@ sp needed
 792 0036 80BC     		pop	{r7}
 793              	.LCFI52:
 794              		.cfi_restore 7
 795              		.cfi_def_cfa_offset 0
 796 0038 7047     		bx	lr
 797              		.cfi_endproc
 798              	.LFE155:
 800              		.section	.text.DVP_GetFlagStatus,"ax",%progbits
 801              		.align	1
 802              		.global	DVP_GetFlagStatus
 803              		.syntax unified
 804              		.thumb
 805              		.thumb_func
 807              	DVP_GetFlagStatus:
 808              	.LFB156:
 394:../../../firmware/n32h7xx_std_periph_driver/src/n32h7xx_dvp.c **** 
 395:../../../firmware/n32h7xx_std_periph_driver/src/n32h7xx_dvp.c **** /**
 396:../../../firmware/n32h7xx_std_periph_driver/src/n32h7xx_dvp.c **** *\*\name    DVP_GetFlagStatus.
 397:../../../firmware/n32h7xx_std_periph_driver/src/n32h7xx_dvp.c **** *\*\fun     Get DVP flag status.
ARM GAS  /tmp/ccZh0YON.s 			page 22


 398:../../../firmware/n32h7xx_std_periph_driver/src/n32h7xx_dvp.c **** *\*\param  DVPx:
 399:../../../firmware/n32h7xx_std_periph_driver/src/n32h7xx_dvp.c **** *\*\          - DVP1
 400:../../../firmware/n32h7xx_std_periph_driver/src/n32h7xx_dvp.c **** *\*\          - DVP2
 401:../../../firmware/n32h7xx_std_periph_driver/src/n32h7xx_dvp.c **** *\*\param   DVP_Flag (The input parameters must be the following values):
 402:../../../firmware/n32h7xx_std_periph_driver/src/n32h7xx_dvp.c **** *\*\           - DVP_FLAG_M1S
 403:../../../firmware/n32h7xx_std_periph_driver/src/n32h7xx_dvp.c **** *\*\           - DVP_FLAG_M2S
 404:../../../firmware/n32h7xx_std_periph_driver/src/n32h7xx_dvp.c **** *\*\           - DVP_FLAG_M1TC
 405:../../../firmware/n32h7xx_std_periph_driver/src/n32h7xx_dvp.c **** *\*\           - DVP_FLAG_M2TC
 406:../../../firmware/n32h7xx_std_periph_driver/src/n32h7xx_dvp.c **** *\*\           - DVP_FLAG_M1FO
 407:../../../firmware/n32h7xx_std_periph_driver/src/n32h7xx_dvp.c **** *\*\           - DVP_FLAG_M2FO
 408:../../../firmware/n32h7xx_std_periph_driver/src/n32h7xx_dvp.c **** *\*\           - DVP_FLAG_AHBERR1
 409:../../../firmware/n32h7xx_std_periph_driver/src/n32h7xx_dvp.c **** *\*\           - DVP_FLAG_AHBERR2
 410:../../../firmware/n32h7xx_std_periph_driver/src/n32h7xx_dvp.c **** *\*\           - DVP_FLAG_M1O
 411:../../../firmware/n32h7xx_std_periph_driver/src/n32h7xx_dvp.c **** *\*\           - DVP_FLAG_M2O
 412:../../../firmware/n32h7xx_std_periph_driver/src/n32h7xx_dvp.c **** *\*\           - DVP_FLAG_SKIP
 413:../../../firmware/n32h7xx_std_periph_driver/src/n32h7xx_dvp.c **** *\*\           - DVP_FLAG_CERR
 414:../../../firmware/n32h7xx_std_periph_driver/src/n32h7xx_dvp.c **** *\*\           - DVP_FLAG_SERR
 415:../../../firmware/n32h7xx_std_periph_driver/src/n32h7xx_dvp.c **** *\*\           - DVP_FLAG_FMS
 416:../../../firmware/n32h7xx_std_periph_driver/src/n32h7xx_dvp.c **** *\*\return  SET or RESET.
 417:../../../firmware/n32h7xx_std_periph_driver/src/n32h7xx_dvp.c **** **/
 418:../../../firmware/n32h7xx_std_periph_driver/src/n32h7xx_dvp.c **** FlagStatus DVP_GetFlagStatus(DVP_Module *DVPx, uint32_t DVP_Flag)
 419:../../../firmware/n32h7xx_std_periph_driver/src/n32h7xx_dvp.c **** {
 809              		.loc 1 419 1
 810              		.cfi_startproc
 811              		@ args = 0, pretend = 0, frame = 16
 812              		@ frame_needed = 1, uses_anonymous_args = 0
 813              		@ link register save eliminated.
 814 0000 80B4     		push	{r7}
 815              	.LCFI53:
 816              		.cfi_def_cfa_offset 4
 817              		.cfi_offset 7, -4
 818 0002 85B0     		sub	sp, sp, #20
 819              	.LCFI54:
 820              		.cfi_def_cfa_offset 24
 821 0004 00AF     		add	r7, sp, #0
 822              	.LCFI55:
 823              		.cfi_def_cfa_register 7
 824 0006 7860     		str	r0, [r7, #4]
 825 0008 3960     		str	r1, [r7]
 420:../../../firmware/n32h7xx_std_periph_driver/src/n32h7xx_dvp.c **** 
 421:../../../firmware/n32h7xx_std_periph_driver/src/n32h7xx_dvp.c ****     FlagStatus bitstatus;
 422:../../../firmware/n32h7xx_std_periph_driver/src/n32h7xx_dvp.c ****     uint32_t tmpregister;
 423:../../../firmware/n32h7xx_std_periph_driver/src/n32h7xx_dvp.c **** 
 424:../../../firmware/n32h7xx_std_periph_driver/src/n32h7xx_dvp.c ****     tmpregister = DVPx->INTSTS;
 826              		.loc 1 424 17
 827 000a 7B68     		ldr	r3, [r7, #4]
 828 000c 9B68     		ldr	r3, [r3, #8]
 829 000e BB60     		str	r3, [r7, #8]
 425:../../../firmware/n32h7xx_std_periph_driver/src/n32h7xx_dvp.c **** 
 426:../../../firmware/n32h7xx_std_periph_driver/src/n32h7xx_dvp.c ****     if ((tmpregister & DVP_Flag) != (uint32_t)RESET )
 830              		.loc 1 426 22
 831 0010 BA68     		ldr	r2, [r7, #8]
 832 0012 3B68     		ldr	r3, [r7]
 833 0014 1340     		ands	r3, r3, r2
 834              		.loc 1 426 8
 835 0016 002B     		cmp	r3, #0
 836 0018 02D0     		beq	.L34
ARM GAS  /tmp/ccZh0YON.s 			page 23


 427:../../../firmware/n32h7xx_std_periph_driver/src/n32h7xx_dvp.c ****     {
 428:../../../firmware/n32h7xx_std_periph_driver/src/n32h7xx_dvp.c ****         bitstatus = SET;
 837              		.loc 1 428 19
 838 001a 0123     		movs	r3, #1
 839 001c FB73     		strb	r3, [r7, #15]
 840 001e 01E0     		b	.L35
 841              	.L34:
 429:../../../firmware/n32h7xx_std_periph_driver/src/n32h7xx_dvp.c ****     }
 430:../../../firmware/n32h7xx_std_periph_driver/src/n32h7xx_dvp.c ****     else
 431:../../../firmware/n32h7xx_std_periph_driver/src/n32h7xx_dvp.c ****     {
 432:../../../firmware/n32h7xx_std_periph_driver/src/n32h7xx_dvp.c ****         bitstatus = RESET;
 842              		.loc 1 432 19
 843 0020 0023     		movs	r3, #0
 844 0022 FB73     		strb	r3, [r7, #15]
 845              	.L35:
 433:../../../firmware/n32h7xx_std_periph_driver/src/n32h7xx_dvp.c ****     }
 434:../../../firmware/n32h7xx_std_periph_driver/src/n32h7xx_dvp.c **** 
 435:../../../firmware/n32h7xx_std_periph_driver/src/n32h7xx_dvp.c ****     /* Return the DVP_Flag status */
 436:../../../firmware/n32h7xx_std_periph_driver/src/n32h7xx_dvp.c ****     return  bitstatus;
 846              		.loc 1 436 13
 847 0024 FB7B     		ldrb	r3, [r7, #15]	@ zero_extendqisi2
 437:../../../firmware/n32h7xx_std_periph_driver/src/n32h7xx_dvp.c **** 
 438:../../../firmware/n32h7xx_std_periph_driver/src/n32h7xx_dvp.c **** }
 848              		.loc 1 438 1
 849 0026 1846     		mov	r0, r3
 850 0028 1437     		adds	r7, r7, #20
 851              	.LCFI56:
 852              		.cfi_def_cfa_offset 4
 853 002a BD46     		mov	sp, r7
 854              	.LCFI57:
 855              		.cfi_def_cfa_register 13
 856              		@ sp needed
 857 002c 80BC     		pop	{r7}
 858              	.LCFI58:
 859              		.cfi_restore 7
 860              		.cfi_def_cfa_offset 0
 861 002e 7047     		bx	lr
 862              		.cfi_endproc
 863              	.LFE156:
 865              		.section	.text.DVP_ClearFlag,"ax",%progbits
 866              		.align	1
 867              		.global	DVP_ClearFlag
 868              		.syntax unified
 869              		.thumb
 870              		.thumb_func
 872              	DVP_ClearFlag:
 873              	.LFB157:
 439:../../../firmware/n32h7xx_std_periph_driver/src/n32h7xx_dvp.c **** 
 440:../../../firmware/n32h7xx_std_periph_driver/src/n32h7xx_dvp.c **** 
 441:../../../firmware/n32h7xx_std_periph_driver/src/n32h7xx_dvp.c **** /**
 442:../../../firmware/n32h7xx_std_periph_driver/src/n32h7xx_dvp.c **** *\*\name    DVP_ClearFlag.
 443:../../../firmware/n32h7xx_std_periph_driver/src/n32h7xx_dvp.c **** *\*\fun     Clears DVP flag status.
 444:../../../firmware/n32h7xx_std_periph_driver/src/n32h7xx_dvp.c **** *\*\param   DVPx:
 445:../../../firmware/n32h7xx_std_periph_driver/src/n32h7xx_dvp.c **** *\*\          - DVP1
 446:../../../firmware/n32h7xx_std_periph_driver/src/n32h7xx_dvp.c **** *\*\          - DVP2
 447:../../../firmware/n32h7xx_std_periph_driver/src/n32h7xx_dvp.c **** *\*\param   DVP_Flag (The input parameters must be the following values):
 448:../../../firmware/n32h7xx_std_periph_driver/src/n32h7xx_dvp.c **** *\*\           - DVP_FLAG_M1S
ARM GAS  /tmp/ccZh0YON.s 			page 24


 449:../../../firmware/n32h7xx_std_periph_driver/src/n32h7xx_dvp.c **** *\*\           - DVP_FLAG_M2S
 450:../../../firmware/n32h7xx_std_periph_driver/src/n32h7xx_dvp.c **** *\*\           - DVP_FLAG_M1TC
 451:../../../firmware/n32h7xx_std_periph_driver/src/n32h7xx_dvp.c **** *\*\           - DVP_FLAG_M2TC
 452:../../../firmware/n32h7xx_std_periph_driver/src/n32h7xx_dvp.c **** *\*\           - DVP_FLAG_M1FO
 453:../../../firmware/n32h7xx_std_periph_driver/src/n32h7xx_dvp.c **** *\*\           - DVP_FLAG_M2FO
 454:../../../firmware/n32h7xx_std_periph_driver/src/n32h7xx_dvp.c **** *\*\           - DVP_FLAG_AHBERR1
 455:../../../firmware/n32h7xx_std_periph_driver/src/n32h7xx_dvp.c **** *\*\           - DVP_FLAG_AHBERR2
 456:../../../firmware/n32h7xx_std_periph_driver/src/n32h7xx_dvp.c **** *\*\           - DVP_FLAG_M1O
 457:../../../firmware/n32h7xx_std_periph_driver/src/n32h7xx_dvp.c **** *\*\           - DVP_FLAG_M2O
 458:../../../firmware/n32h7xx_std_periph_driver/src/n32h7xx_dvp.c **** *\*\           - DVP_FLAG_SKIP
 459:../../../firmware/n32h7xx_std_periph_driver/src/n32h7xx_dvp.c **** *\*\           - DVP_FLAG_CERR
 460:../../../firmware/n32h7xx_std_periph_driver/src/n32h7xx_dvp.c **** *\*\           - DVP_FLAG_SERR
 461:../../../firmware/n32h7xx_std_periph_driver/src/n32h7xx_dvp.c **** *\*\           - DVP_FLAG_FMS
 462:../../../firmware/n32h7xx_std_periph_driver/src/n32h7xx_dvp.c **** *\*\return  none.
 463:../../../firmware/n32h7xx_std_periph_driver/src/n32h7xx_dvp.c **** **/
 464:../../../firmware/n32h7xx_std_periph_driver/src/n32h7xx_dvp.c **** void DVP_ClearFlag(DVP_Module *DVPx, uint32_t DVP_Flag)
 465:../../../firmware/n32h7xx_std_periph_driver/src/n32h7xx_dvp.c **** {
 874              		.loc 1 465 1
 875              		.cfi_startproc
 876              		@ args = 0, pretend = 0, frame = 8
 877              		@ frame_needed = 1, uses_anonymous_args = 0
 878              		@ link register save eliminated.
 879 0000 80B4     		push	{r7}
 880              	.LCFI59:
 881              		.cfi_def_cfa_offset 4
 882              		.cfi_offset 7, -4
 883 0002 83B0     		sub	sp, sp, #12
 884              	.LCFI60:
 885              		.cfi_def_cfa_offset 16
 886 0004 00AF     		add	r7, sp, #0
 887              	.LCFI61:
 888              		.cfi_def_cfa_register 7
 889 0006 7860     		str	r0, [r7, #4]
 890 0008 3960     		str	r1, [r7]
 466:../../../firmware/n32h7xx_std_periph_driver/src/n32h7xx_dvp.c **** 
 467:../../../firmware/n32h7xx_std_periph_driver/src/n32h7xx_dvp.c ****     DVPx->INTSTS = DVP_Flag;
 891              		.loc 1 467 18
 892 000a 7B68     		ldr	r3, [r7, #4]
 893 000c 3A68     		ldr	r2, [r7]
 894 000e 9A60     		str	r2, [r3, #8]
 468:../../../firmware/n32h7xx_std_periph_driver/src/n32h7xx_dvp.c **** 
 469:../../../firmware/n32h7xx_std_periph_driver/src/n32h7xx_dvp.c **** }
 895              		.loc 1 469 1
 896 0010 00BF     		nop
 897 0012 0C37     		adds	r7, r7, #12
 898              	.LCFI62:
 899              		.cfi_def_cfa_offset 4
 900 0014 BD46     		mov	sp, r7
 901              	.LCFI63:
 902              		.cfi_def_cfa_register 13
 903              		@ sp needed
 904 0016 80BC     		pop	{r7}
 905              	.LCFI64:
 906              		.cfi_restore 7
 907              		.cfi_def_cfa_offset 0
 908 0018 7047     		bx	lr
 909              		.cfi_endproc
ARM GAS  /tmp/ccZh0YON.s 			page 25


 910              	.LFE157:
 912              		.section	.text.DVP_GetIntStatus,"ax",%progbits
 913              		.align	1
 914              		.global	DVP_GetIntStatus
 915              		.syntax unified
 916              		.thumb
 917              		.thumb_func
 919              	DVP_GetIntStatus:
 920              	.LFB158:
 470:../../../firmware/n32h7xx_std_periph_driver/src/n32h7xx_dvp.c **** 
 471:../../../firmware/n32h7xx_std_periph_driver/src/n32h7xx_dvp.c **** /**
 472:../../../firmware/n32h7xx_std_periph_driver/src/n32h7xx_dvp.c **** *\*\name    DVP_GetIntStatus.
 473:../../../firmware/n32h7xx_std_periph_driver/src/n32h7xx_dvp.c **** *\*\fun     Get DVP interrupt status.
 474:../../../firmware/n32h7xx_std_periph_driver/src/n32h7xx_dvp.c **** *\*\param   DVPx:
 475:../../../firmware/n32h7xx_std_periph_driver/src/n32h7xx_dvp.c **** *\*\          - DVP1
 476:../../../firmware/n32h7xx_std_periph_driver/src/n32h7xx_dvp.c **** *\*\          - DVP2
 477:../../../firmware/n32h7xx_std_periph_driver/src/n32h7xx_dvp.c **** *\*\param   DVP_Int (The input parameters must be the following values):
 478:../../../firmware/n32h7xx_std_periph_driver/src/n32h7xx_dvp.c **** *\*\           - DVP_INT_M1S
 479:../../../firmware/n32h7xx_std_periph_driver/src/n32h7xx_dvp.c **** *\*\           - DVP_INT_M2S
 480:../../../firmware/n32h7xx_std_periph_driver/src/n32h7xx_dvp.c **** *\*\           - DVP_INT_M1TC
 481:../../../firmware/n32h7xx_std_periph_driver/src/n32h7xx_dvp.c **** *\*\           - DVP_INT_M2TC
 482:../../../firmware/n32h7xx_std_periph_driver/src/n32h7xx_dvp.c **** *\*\           - DVP_INT_FO
 483:../../../firmware/n32h7xx_std_periph_driver/src/n32h7xx_dvp.c **** *\*\           - DVP_INT_AHBERR
 484:../../../firmware/n32h7xx_std_periph_driver/src/n32h7xx_dvp.c **** *\*\           - DVP_INT_MO
 485:../../../firmware/n32h7xx_std_periph_driver/src/n32h7xx_dvp.c **** *\*\           - DVP_INT_SKIP
 486:../../../firmware/n32h7xx_std_periph_driver/src/n32h7xx_dvp.c **** *\*\           - DVP_INT_CERR
 487:../../../firmware/n32h7xx_std_periph_driver/src/n32h7xx_dvp.c **** *\*\           - DVP_INT_SERR
 488:../../../firmware/n32h7xx_std_periph_driver/src/n32h7xx_dvp.c **** *\*\           - DVP_INT_FMS
 489:../../../firmware/n32h7xx_std_periph_driver/src/n32h7xx_dvp.c **** *\*\return  SET or RESET.
 490:../../../firmware/n32h7xx_std_periph_driver/src/n32h7xx_dvp.c **** **/
 491:../../../firmware/n32h7xx_std_periph_driver/src/n32h7xx_dvp.c **** INTStatus DVP_GetIntStatus(DVP_Module *DVPx, uint32_t DVP_Int)
 492:../../../firmware/n32h7xx_std_periph_driver/src/n32h7xx_dvp.c **** {
 921              		.loc 1 492 1
 922              		.cfi_startproc
 923              		@ args = 0, pretend = 0, frame = 24
 924              		@ frame_needed = 1, uses_anonymous_args = 0
 925              		@ link register save eliminated.
 926 0000 80B4     		push	{r7}
 927              	.LCFI65:
 928              		.cfi_def_cfa_offset 4
 929              		.cfi_offset 7, -4
 930 0002 87B0     		sub	sp, sp, #28
 931              	.LCFI66:
 932              		.cfi_def_cfa_offset 32
 933 0004 00AF     		add	r7, sp, #0
 934              	.LCFI67:
 935              		.cfi_def_cfa_register 7
 936 0006 7860     		str	r0, [r7, #4]
 937 0008 3960     		str	r1, [r7]
 493:../../../firmware/n32h7xx_std_periph_driver/src/n32h7xx_dvp.c **** 
 494:../../../firmware/n32h7xx_std_periph_driver/src/n32h7xx_dvp.c ****     INTStatus bitstatus;
 495:../../../firmware/n32h7xx_std_periph_driver/src/n32h7xx_dvp.c ****     uint32_t intstatus, enablestatus;
 496:../../../firmware/n32h7xx_std_periph_driver/src/n32h7xx_dvp.c **** 
 497:../../../firmware/n32h7xx_std_periph_driver/src/n32h7xx_dvp.c ****     if(DVP_Int == DVP_INT_FO)
 938              		.loc 1 497 7
 939 000a 3B68     		ldr	r3, [r7]
 940 000c 202B     		cmp	r3, #32
ARM GAS  /tmp/ccZh0YON.s 			page 26


 941 000e 0AD1     		bne	.L39
 498:../../../firmware/n32h7xx_std_periph_driver/src/n32h7xx_dvp.c ****     {
 499:../../../firmware/n32h7xx_std_periph_driver/src/n32h7xx_dvp.c ****         enablestatus = DVPx->INTEN & DVP_Int;
 942              		.loc 1 499 28
 943 0010 7B68     		ldr	r3, [r7, #4]
 944 0012 5B68     		ldr	r3, [r3, #4]
 945              		.loc 1 499 22
 946 0014 3A68     		ldr	r2, [r7]
 947 0016 1340     		ands	r3, r3, r2
 948 0018 FB60     		str	r3, [r7, #12]
 500:../../../firmware/n32h7xx_std_periph_driver/src/n32h7xx_dvp.c ****         intstatus = DVPx->INTSTS & (DVP_FLAG_M1FO | DVP_FLAG_M2FO);
 949              		.loc 1 500 25
 950 001a 7B68     		ldr	r3, [r7, #4]
 951 001c 9B68     		ldr	r3, [r3, #8]
 952              		.loc 1 500 19
 953 001e 03F03003 		and	r3, r3, #48
 954 0022 3B61     		str	r3, [r7, #16]
 955 0024 26E0     		b	.L40
 956              	.L39:
 501:../../../firmware/n32h7xx_std_periph_driver/src/n32h7xx_dvp.c ****     }
 502:../../../firmware/n32h7xx_std_periph_driver/src/n32h7xx_dvp.c ****     else if(DVP_Int == DVP_INT_AHBERR)
 957              		.loc 1 502 12
 958 0026 3B68     		ldr	r3, [r7]
 959 0028 802B     		cmp	r3, #128
 960 002a 0AD1     		bne	.L41
 503:../../../firmware/n32h7xx_std_periph_driver/src/n32h7xx_dvp.c ****     {
 504:../../../firmware/n32h7xx_std_periph_driver/src/n32h7xx_dvp.c ****         enablestatus = DVPx->INTEN & DVP_Int;
 961              		.loc 1 504 28
 962 002c 7B68     		ldr	r3, [r7, #4]
 963 002e 5B68     		ldr	r3, [r3, #4]
 964              		.loc 1 504 22
 965 0030 3A68     		ldr	r2, [r7]
 966 0032 1340     		ands	r3, r3, r2
 967 0034 FB60     		str	r3, [r7, #12]
 505:../../../firmware/n32h7xx_std_periph_driver/src/n32h7xx_dvp.c ****         intstatus = DVPx->INTSTS & (DVP_FLAG_AHBERR1 | DVP_FLAG_AHBERR2);
 968              		.loc 1 505 25
 969 0036 7B68     		ldr	r3, [r7, #4]
 970 0038 9B68     		ldr	r3, [r3, #8]
 971              		.loc 1 505 19
 972 003a 03F0C003 		and	r3, r3, #192
 973 003e 3B61     		str	r3, [r7, #16]
 974 0040 18E0     		b	.L40
 975              	.L41:
 506:../../../firmware/n32h7xx_std_periph_driver/src/n32h7xx_dvp.c ****     }
 507:../../../firmware/n32h7xx_std_periph_driver/src/n32h7xx_dvp.c ****     else if(DVP_Int == DVP_INT_MO)
 976              		.loc 1 507 12
 977 0042 3B68     		ldr	r3, [r7]
 978 0044 B3F5807F 		cmp	r3, #256
 979 0048 0AD1     		bne	.L42
 508:../../../firmware/n32h7xx_std_periph_driver/src/n32h7xx_dvp.c ****     {
 509:../../../firmware/n32h7xx_std_periph_driver/src/n32h7xx_dvp.c ****         enablestatus = DVPx->INTEN & DVP_Int;
 980              		.loc 1 509 28
 981 004a 7B68     		ldr	r3, [r7, #4]
 982 004c 5B68     		ldr	r3, [r3, #4]
 983              		.loc 1 509 22
 984 004e 3A68     		ldr	r2, [r7]
 985 0050 1340     		ands	r3, r3, r2
ARM GAS  /tmp/ccZh0YON.s 			page 27


 986 0052 FB60     		str	r3, [r7, #12]
 510:../../../firmware/n32h7xx_std_periph_driver/src/n32h7xx_dvp.c ****         intstatus = DVPx->INTSTS & (DVP_FLAG_M1O | DVP_FLAG_M2O);
 987              		.loc 1 510 25
 988 0054 7B68     		ldr	r3, [r7, #4]
 989 0056 9B68     		ldr	r3, [r3, #8]
 990              		.loc 1 510 19
 991 0058 03F44073 		and	r3, r3, #768
 992 005c 3B61     		str	r3, [r7, #16]
 993 005e 09E0     		b	.L40
 994              	.L42:
 511:../../../firmware/n32h7xx_std_periph_driver/src/n32h7xx_dvp.c ****     }
 512:../../../firmware/n32h7xx_std_periph_driver/src/n32h7xx_dvp.c ****     else
 513:../../../firmware/n32h7xx_std_periph_driver/src/n32h7xx_dvp.c ****     {
 514:../../../firmware/n32h7xx_std_periph_driver/src/n32h7xx_dvp.c ****         enablestatus = DVPx->INTEN & DVP_Int;
 995              		.loc 1 514 28
 996 0060 7B68     		ldr	r3, [r7, #4]
 997 0062 5B68     		ldr	r3, [r3, #4]
 998              		.loc 1 514 22
 999 0064 3A68     		ldr	r2, [r7]
 1000 0066 1340     		ands	r3, r3, r2
 1001 0068 FB60     		str	r3, [r7, #12]
 515:../../../firmware/n32h7xx_std_periph_driver/src/n32h7xx_dvp.c ****         intstatus = DVPx->INTSTS & DVP_Int;
 1002              		.loc 1 515 25
 1003 006a 7B68     		ldr	r3, [r7, #4]
 1004 006c 9B68     		ldr	r3, [r3, #8]
 1005              		.loc 1 515 19
 1006 006e 3A68     		ldr	r2, [r7]
 1007 0070 1340     		ands	r3, r3, r2
 1008 0072 3B61     		str	r3, [r7, #16]
 1009              	.L40:
 516:../../../firmware/n32h7xx_std_periph_driver/src/n32h7xx_dvp.c ****     }
 517:../../../firmware/n32h7xx_std_periph_driver/src/n32h7xx_dvp.c **** 
 518:../../../firmware/n32h7xx_std_periph_driver/src/n32h7xx_dvp.c ****     if ((intstatus != (uint32_t)RESET) && (enablestatus != (uint32_t)RESET))
 1010              		.loc 1 518 8
 1011 0074 3B69     		ldr	r3, [r7, #16]
 1012 0076 002B     		cmp	r3, #0
 1013 0078 05D0     		beq	.L43
 1014              		.loc 1 518 40 discriminator 1
 1015 007a FB68     		ldr	r3, [r7, #12]
 1016 007c 002B     		cmp	r3, #0
 1017 007e 02D0     		beq	.L43
 519:../../../firmware/n32h7xx_std_periph_driver/src/n32h7xx_dvp.c ****     {
 520:../../../firmware/n32h7xx_std_periph_driver/src/n32h7xx_dvp.c ****         bitstatus = SET;
 1018              		.loc 1 520 19
 1019 0080 0123     		movs	r3, #1
 1020 0082 FB75     		strb	r3, [r7, #23]
 1021 0084 01E0     		b	.L44
 1022              	.L43:
 521:../../../firmware/n32h7xx_std_periph_driver/src/n32h7xx_dvp.c ****     }
 522:../../../firmware/n32h7xx_std_periph_driver/src/n32h7xx_dvp.c ****     else
 523:../../../firmware/n32h7xx_std_periph_driver/src/n32h7xx_dvp.c ****     {
 524:../../../firmware/n32h7xx_std_periph_driver/src/n32h7xx_dvp.c ****         bitstatus = RESET;
 1023              		.loc 1 524 19
 1024 0086 0023     		movs	r3, #0
 1025 0088 FB75     		strb	r3, [r7, #23]
 1026              	.L44:
 525:../../../firmware/n32h7xx_std_periph_driver/src/n32h7xx_dvp.c ****     }
ARM GAS  /tmp/ccZh0YON.s 			page 28


 526:../../../firmware/n32h7xx_std_periph_driver/src/n32h7xx_dvp.c **** 
 527:../../../firmware/n32h7xx_std_periph_driver/src/n32h7xx_dvp.c ****     return bitstatus;
 1027              		.loc 1 527 12
 1028 008a FB7D     		ldrb	r3, [r7, #23]	@ zero_extendqisi2
 528:../../../firmware/n32h7xx_std_periph_driver/src/n32h7xx_dvp.c **** 
 529:../../../firmware/n32h7xx_std_periph_driver/src/n32h7xx_dvp.c **** }
 1029              		.loc 1 529 1
 1030 008c 1846     		mov	r0, r3
 1031 008e 1C37     		adds	r7, r7, #28
 1032              	.LCFI68:
 1033              		.cfi_def_cfa_offset 4
 1034 0090 BD46     		mov	sp, r7
 1035              	.LCFI69:
 1036              		.cfi_def_cfa_register 13
 1037              		@ sp needed
 1038 0092 80BC     		pop	{r7}
 1039              	.LCFI70:
 1040              		.cfi_restore 7
 1041              		.cfi_def_cfa_offset 0
 1042 0094 7047     		bx	lr
 1043              		.cfi_endproc
 1044              	.LFE158:
 1046              		.section	.text.DVP_ClrIntPendingBit,"ax",%progbits
 1047              		.align	1
 1048              		.global	DVP_ClrIntPendingBit
 1049              		.syntax unified
 1050              		.thumb
 1051              		.thumb_func
 1053              	DVP_ClrIntPendingBit:
 1054              	.LFB159:
 530:../../../firmware/n32h7xx_std_periph_driver/src/n32h7xx_dvp.c **** 
 531:../../../firmware/n32h7xx_std_periph_driver/src/n32h7xx_dvp.c **** /**
 532:../../../firmware/n32h7xx_std_periph_driver/src/n32h7xx_dvp.c **** *\*\name    DVP_ClrIntPendingBit.
 533:../../../firmware/n32h7xx_std_periph_driver/src/n32h7xx_dvp.c **** *\*\fun     Clear DVP interrupt status bits.
 534:../../../firmware/n32h7xx_std_periph_driver/src/n32h7xx_dvp.c **** *\*\param   DVPx:
 535:../../../firmware/n32h7xx_std_periph_driver/src/n32h7xx_dvp.c **** *\*\          - DVP1
 536:../../../firmware/n32h7xx_std_periph_driver/src/n32h7xx_dvp.c **** *\*\          - DVP2
 537:../../../firmware/n32h7xx_std_periph_driver/src/n32h7xx_dvp.c **** *\*\param   DVP_Int (The input parameters must be the following values):
 538:../../../firmware/n32h7xx_std_periph_driver/src/n32h7xx_dvp.c **** *\*\           - DVP_INT_M1S
 539:../../../firmware/n32h7xx_std_periph_driver/src/n32h7xx_dvp.c **** *\*\           - DVP_INT_M2S
 540:../../../firmware/n32h7xx_std_periph_driver/src/n32h7xx_dvp.c **** *\*\           - DVP_INT_M1TC
 541:../../../firmware/n32h7xx_std_periph_driver/src/n32h7xx_dvp.c **** *\*\           - DVP_INT_M2TC
 542:../../../firmware/n32h7xx_std_periph_driver/src/n32h7xx_dvp.c **** *\*\           - DVP_INT_FO
 543:../../../firmware/n32h7xx_std_periph_driver/src/n32h7xx_dvp.c **** *\*\           - DVP_INT_AHBERR
 544:../../../firmware/n32h7xx_std_periph_driver/src/n32h7xx_dvp.c **** *\*\           - DVP_INT_MO
 545:../../../firmware/n32h7xx_std_periph_driver/src/n32h7xx_dvp.c **** *\*\           - DVP_INT_SKIP
 546:../../../firmware/n32h7xx_std_periph_driver/src/n32h7xx_dvp.c **** *\*\           - DVP_INT_CERR
 547:../../../firmware/n32h7xx_std_periph_driver/src/n32h7xx_dvp.c **** *\*\           - DVP_INT_SERR
 548:../../../firmware/n32h7xx_std_periph_driver/src/n32h7xx_dvp.c **** *\*\           - DVP_INT_FMS
 549:../../../firmware/n32h7xx_std_periph_driver/src/n32h7xx_dvp.c **** *\*\return  none.
 550:../../../firmware/n32h7xx_std_periph_driver/src/n32h7xx_dvp.c **** **/
 551:../../../firmware/n32h7xx_std_periph_driver/src/n32h7xx_dvp.c **** void DVP_ClrIntPendingBit(DVP_Module *DVPx, uint32_t DVP_Int)
 552:../../../firmware/n32h7xx_std_periph_driver/src/n32h7xx_dvp.c **** {
 1055              		.loc 1 552 1
 1056              		.cfi_startproc
 1057              		@ args = 0, pretend = 0, frame = 8
 1058              		@ frame_needed = 1, uses_anonymous_args = 0
ARM GAS  /tmp/ccZh0YON.s 			page 29


 1059              		@ link register save eliminated.
 1060 0000 80B4     		push	{r7}
 1061              	.LCFI71:
 1062              		.cfi_def_cfa_offset 4
 1063              		.cfi_offset 7, -4
 1064 0002 83B0     		sub	sp, sp, #12
 1065              	.LCFI72:
 1066              		.cfi_def_cfa_offset 16
 1067 0004 00AF     		add	r7, sp, #0
 1068              	.LCFI73:
 1069              		.cfi_def_cfa_register 7
 1070 0006 7860     		str	r0, [r7, #4]
 1071 0008 3960     		str	r1, [r7]
 553:../../../firmware/n32h7xx_std_periph_driver/src/n32h7xx_dvp.c **** 
 554:../../../firmware/n32h7xx_std_periph_driver/src/n32h7xx_dvp.c ****     if(DVP_Int == DVP_INT_FO)
 1072              		.loc 1 554 7
 1073 000a 3B68     		ldr	r3, [r7]
 1074 000c 202B     		cmp	r3, #32
 1075 000e 03D1     		bne	.L47
 555:../../../firmware/n32h7xx_std_periph_driver/src/n32h7xx_dvp.c ****     {
 556:../../../firmware/n32h7xx_std_periph_driver/src/n32h7xx_dvp.c ****         DVPx->INTSTS = (DVP_FLAG_M1FO | DVP_FLAG_M2FO);
 1076              		.loc 1 556 22
 1077 0010 7B68     		ldr	r3, [r7, #4]
 1078 0012 3022     		movs	r2, #48
 1079 0014 9A60     		str	r2, [r3, #8]
 557:../../../firmware/n32h7xx_std_periph_driver/src/n32h7xx_dvp.c ****     }
 558:../../../firmware/n32h7xx_std_periph_driver/src/n32h7xx_dvp.c ****     else if(DVP_Int == DVP_INT_AHBERR)
 559:../../../firmware/n32h7xx_std_periph_driver/src/n32h7xx_dvp.c ****     {
 560:../../../firmware/n32h7xx_std_periph_driver/src/n32h7xx_dvp.c ****         DVPx->INTSTS = (DVP_FLAG_AHBERR1 | DVP_FLAG_AHBERR2);
 561:../../../firmware/n32h7xx_std_periph_driver/src/n32h7xx_dvp.c ****     }
 562:../../../firmware/n32h7xx_std_periph_driver/src/n32h7xx_dvp.c ****     else if(DVP_Int == DVP_INT_MO)
 563:../../../firmware/n32h7xx_std_periph_driver/src/n32h7xx_dvp.c ****     {
 564:../../../firmware/n32h7xx_std_periph_driver/src/n32h7xx_dvp.c ****         DVPx->INTSTS = (DVP_FLAG_M1O | DVP_FLAG_M2O);
 565:../../../firmware/n32h7xx_std_periph_driver/src/n32h7xx_dvp.c ****     }
 566:../../../firmware/n32h7xx_std_periph_driver/src/n32h7xx_dvp.c ****     else
 567:../../../firmware/n32h7xx_std_periph_driver/src/n32h7xx_dvp.c ****     {
 568:../../../firmware/n32h7xx_std_periph_driver/src/n32h7xx_dvp.c ****         DVPx->INTSTS = DVP_Int;
 569:../../../firmware/n32h7xx_std_periph_driver/src/n32h7xx_dvp.c ****     }
 570:../../../firmware/n32h7xx_std_periph_driver/src/n32h7xx_dvp.c **** 
 571:../../../firmware/n32h7xx_std_periph_driver/src/n32h7xx_dvp.c **** }
 1080              		.loc 1 571 1
 1081 0016 12E0     		b	.L51
 1082              	.L47:
 558:../../../firmware/n32h7xx_std_periph_driver/src/n32h7xx_dvp.c ****     {
 1083              		.loc 1 558 12
 1084 0018 3B68     		ldr	r3, [r7]
 1085 001a 802B     		cmp	r3, #128
 1086 001c 03D1     		bne	.L49
 560:../../../firmware/n32h7xx_std_periph_driver/src/n32h7xx_dvp.c ****     }
 1087              		.loc 1 560 22
 1088 001e 7B68     		ldr	r3, [r7, #4]
 1089 0020 C022     		movs	r2, #192
 1090 0022 9A60     		str	r2, [r3, #8]
 1091              		.loc 1 571 1
 1092 0024 0BE0     		b	.L51
 1093              	.L49:
 562:../../../firmware/n32h7xx_std_periph_driver/src/n32h7xx_dvp.c ****     {
ARM GAS  /tmp/ccZh0YON.s 			page 30


 1094              		.loc 1 562 12
 1095 0026 3B68     		ldr	r3, [r7]
 1096 0028 B3F5807F 		cmp	r3, #256
 1097 002c 04D1     		bne	.L50
 564:../../../firmware/n32h7xx_std_periph_driver/src/n32h7xx_dvp.c ****     }
 1098              		.loc 1 564 22
 1099 002e 7B68     		ldr	r3, [r7, #4]
 1100 0030 4FF44072 		mov	r2, #768
 1101 0034 9A60     		str	r2, [r3, #8]
 1102              		.loc 1 571 1
 1103 0036 02E0     		b	.L51
 1104              	.L50:
 568:../../../firmware/n32h7xx_std_periph_driver/src/n32h7xx_dvp.c ****     }
 1105              		.loc 1 568 22
 1106 0038 7B68     		ldr	r3, [r7, #4]
 1107 003a 3A68     		ldr	r2, [r7]
 1108 003c 9A60     		str	r2, [r3, #8]
 1109              	.L51:
 1110              		.loc 1 571 1
 1111 003e 00BF     		nop
 1112 0040 0C37     		adds	r7, r7, #12
 1113              	.LCFI74:
 1114              		.cfi_def_cfa_offset 4
 1115 0042 BD46     		mov	sp, r7
 1116              	.LCFI75:
 1117              		.cfi_def_cfa_register 13
 1118              		@ sp needed
 1119 0044 80BC     		pop	{r7}
 1120              	.LCFI76:
 1121              		.cfi_restore 7
 1122              		.cfi_def_cfa_offset 0
 1123 0046 7047     		bx	lr
 1124              		.cfi_endproc
 1125              	.LFE159:
 1127              		.section	.text.DVP_ConfigPixelClockPolarity,"ax",%progbits
 1128              		.align	1
 1129              		.global	DVP_ConfigPixelClockPolarity
 1130              		.syntax unified
 1131              		.thumb
 1132              		.thumb_func
 1134              	DVP_ConfigPixelClockPolarity:
 1135              	.LFB160:
 572:../../../firmware/n32h7xx_std_periph_driver/src/n32h7xx_dvp.c **** 
 573:../../../firmware/n32h7xx_std_periph_driver/src/n32h7xx_dvp.c **** /**
 574:../../../firmware/n32h7xx_std_periph_driver/src/n32h7xx_dvp.c **** *\*\name    DVP_ConfigPixelClockPolarity.
 575:../../../firmware/n32h7xx_std_periph_driver/src/n32h7xx_dvp.c **** *\*\fun     DVP port pixel clock polarity control.
 576:../../../firmware/n32h7xx_std_periph_driver/src/n32h7xx_dvp.c **** *\*\param   DVPx:
 577:../../../firmware/n32h7xx_std_periph_driver/src/n32h7xx_dvp.c **** *\*\          - DVP1
 578:../../../firmware/n32h7xx_std_periph_driver/src/n32h7xx_dvp.c **** *\*\          - DVP2
 579:../../../firmware/n32h7xx_std_periph_driver/src/n32h7xx_dvp.c **** *\*\param   PLCK_POL (The input parameters must be the following values):
 580:../../../firmware/n32h7xx_std_periph_driver/src/n32h7xx_dvp.c **** *\*\           - DVP_PIXEL_POLARITY_RISING
 581:../../../firmware/n32h7xx_std_periph_driver/src/n32h7xx_dvp.c **** *\*\           - DVP_PIXEL_POLARITY_FALLING
 582:../../../firmware/n32h7xx_std_periph_driver/src/n32h7xx_dvp.c **** *\*\return  none.
 583:../../../firmware/n32h7xx_std_periph_driver/src/n32h7xx_dvp.c **** **/
 584:../../../firmware/n32h7xx_std_periph_driver/src/n32h7xx_dvp.c **** void DVP_ConfigPixelClockPolarity(DVP_Module *DVPx, uint32_t PLCK_POL)
 585:../../../firmware/n32h7xx_std_periph_driver/src/n32h7xx_dvp.c **** {
 1136              		.loc 1 585 1
ARM GAS  /tmp/ccZh0YON.s 			page 31


 1137              		.cfi_startproc
 1138              		@ args = 0, pretend = 0, frame = 16
 1139              		@ frame_needed = 1, uses_anonymous_args = 0
 1140              		@ link register save eliminated.
 1141 0000 80B4     		push	{r7}
 1142              	.LCFI77:
 1143              		.cfi_def_cfa_offset 4
 1144              		.cfi_offset 7, -4
 1145 0002 85B0     		sub	sp, sp, #20
 1146              	.LCFI78:
 1147              		.cfi_def_cfa_offset 24
 1148 0004 00AF     		add	r7, sp, #0
 1149              	.LCFI79:
 1150              		.cfi_def_cfa_register 7
 1151 0006 7860     		str	r0, [r7, #4]
 1152 0008 3960     		str	r1, [r7]
 586:../../../firmware/n32h7xx_std_periph_driver/src/n32h7xx_dvp.c **** 
 587:../../../firmware/n32h7xx_std_periph_driver/src/n32h7xx_dvp.c ****     uint32_t tmpregister;
 588:../../../firmware/n32h7xx_std_periph_driver/src/n32h7xx_dvp.c ****     tmpregister = DVPx->PORTCFG;
 1153              		.loc 1 588 17
 1154 000a 7B68     		ldr	r3, [r7, #4]
 1155 000c DB68     		ldr	r3, [r3, #12]
 1156 000e FB60     		str	r3, [r7, #12]
 589:../../../firmware/n32h7xx_std_periph_driver/src/n32h7xx_dvp.c ****     tmpregister &= DVP_PIXEL_POLARITY_MASK;
 1157              		.loc 1 589 17
 1158 0010 FB68     		ldr	r3, [r7, #12]
 1159 0012 23F00103 		bic	r3, r3, #1
 1160 0016 FB60     		str	r3, [r7, #12]
 590:../../../firmware/n32h7xx_std_periph_driver/src/n32h7xx_dvp.c ****     tmpregister |= PLCK_POL;
 1161              		.loc 1 590 17
 1162 0018 FA68     		ldr	r2, [r7, #12]
 1163 001a 3B68     		ldr	r3, [r7]
 1164 001c 1343     		orrs	r3, r3, r2
 1165 001e FB60     		str	r3, [r7, #12]
 591:../../../firmware/n32h7xx_std_periph_driver/src/n32h7xx_dvp.c ****     DVPx->PORTCFG = (uint32_t)tmpregister;
 1166              		.loc 1 591 19
 1167 0020 7B68     		ldr	r3, [r7, #4]
 1168 0022 FA68     		ldr	r2, [r7, #12]
 1169 0024 DA60     		str	r2, [r3, #12]
 592:../../../firmware/n32h7xx_std_periph_driver/src/n32h7xx_dvp.c **** 
 593:../../../firmware/n32h7xx_std_periph_driver/src/n32h7xx_dvp.c **** }
 1170              		.loc 1 593 1
 1171 0026 00BF     		nop
 1172 0028 1437     		adds	r7, r7, #20
 1173              	.LCFI80:
 1174              		.cfi_def_cfa_offset 4
 1175 002a BD46     		mov	sp, r7
 1176              	.LCFI81:
 1177              		.cfi_def_cfa_register 13
 1178              		@ sp needed
 1179 002c 80BC     		pop	{r7}
 1180              	.LCFI82:
 1181              		.cfi_restore 7
 1182              		.cfi_def_cfa_offset 0
 1183 002e 7047     		bx	lr
 1184              		.cfi_endproc
 1185              	.LFE160:
ARM GAS  /tmp/ccZh0YON.s 			page 32


 1187              		.section	.text.DVP_ConfigHSyncPolarity,"ax",%progbits
 1188              		.align	1
 1189              		.global	DVP_ConfigHSyncPolarity
 1190              		.syntax unified
 1191              		.thumb
 1192              		.thumb_func
 1194              	DVP_ConfigHSyncPolarity:
 1195              	.LFB161:
 594:../../../firmware/n32h7xx_std_periph_driver/src/n32h7xx_dvp.c **** 
 595:../../../firmware/n32h7xx_std_periph_driver/src/n32h7xx_dvp.c **** /**
 596:../../../firmware/n32h7xx_std_periph_driver/src/n32h7xx_dvp.c **** *\*\name    DVP_ConfigHSyncPolarity.
 597:../../../firmware/n32h7xx_std_periph_driver/src/n32h7xx_dvp.c **** *\*\fun     DVP HSYNC polarity control.
 598:../../../firmware/n32h7xx_std_periph_driver/src/n32h7xx_dvp.c **** *\*\param   DVPx:
 599:../../../firmware/n32h7xx_std_periph_driver/src/n32h7xx_dvp.c **** *\*\          - DVP1
 600:../../../firmware/n32h7xx_std_periph_driver/src/n32h7xx_dvp.c **** *\*\          - DVP2
 601:../../../firmware/n32h7xx_std_periph_driver/src/n32h7xx_dvp.c **** *\*\param   HSYNC_POL (The input parameters must be the following values):
 602:../../../firmware/n32h7xx_std_periph_driver/src/n32h7xx_dvp.c **** *\*\           - DVP_HSYNC_POLARITY_HIGH
 603:../../../firmware/n32h7xx_std_periph_driver/src/n32h7xx_dvp.c **** *\*\           - DVP_HSYNC_POLARITY_LOW
 604:../../../firmware/n32h7xx_std_periph_driver/src/n32h7xx_dvp.c **** *\*\return  none.
 605:../../../firmware/n32h7xx_std_periph_driver/src/n32h7xx_dvp.c **** **/
 606:../../../firmware/n32h7xx_std_periph_driver/src/n32h7xx_dvp.c **** void DVP_ConfigHSyncPolarity(DVP_Module *DVPx, uint32_t HSYNC_POL)
 607:../../../firmware/n32h7xx_std_periph_driver/src/n32h7xx_dvp.c **** {
 1196              		.loc 1 607 1
 1197              		.cfi_startproc
 1198              		@ args = 0, pretend = 0, frame = 16
 1199              		@ frame_needed = 1, uses_anonymous_args = 0
 1200              		@ link register save eliminated.
 1201 0000 80B4     		push	{r7}
 1202              	.LCFI83:
 1203              		.cfi_def_cfa_offset 4
 1204              		.cfi_offset 7, -4
 1205 0002 85B0     		sub	sp, sp, #20
 1206              	.LCFI84:
 1207              		.cfi_def_cfa_offset 24
 1208 0004 00AF     		add	r7, sp, #0
 1209              	.LCFI85:
 1210              		.cfi_def_cfa_register 7
 1211 0006 7860     		str	r0, [r7, #4]
 1212 0008 3960     		str	r1, [r7]
 608:../../../firmware/n32h7xx_std_periph_driver/src/n32h7xx_dvp.c **** 
 609:../../../firmware/n32h7xx_std_periph_driver/src/n32h7xx_dvp.c ****     uint32_t tmpregister;
 610:../../../firmware/n32h7xx_std_periph_driver/src/n32h7xx_dvp.c ****     tmpregister = DVPx->PORTCFG;
 1213              		.loc 1 610 17
 1214 000a 7B68     		ldr	r3, [r7, #4]
 1215 000c DB68     		ldr	r3, [r3, #12]
 1216 000e FB60     		str	r3, [r7, #12]
 611:../../../firmware/n32h7xx_std_periph_driver/src/n32h7xx_dvp.c ****     tmpregister &= DVP_HSYNC_POLARITY_MASK;
 1217              		.loc 1 611 17
 1218 0010 FB68     		ldr	r3, [r7, #12]
 1219 0012 23F00203 		bic	r3, r3, #2
 1220 0016 FB60     		str	r3, [r7, #12]
 612:../../../firmware/n32h7xx_std_periph_driver/src/n32h7xx_dvp.c ****     tmpregister |= HSYNC_POL;
 1221              		.loc 1 612 17
 1222 0018 FA68     		ldr	r2, [r7, #12]
 1223 001a 3B68     		ldr	r3, [r7]
 1224 001c 1343     		orrs	r3, r3, r2
 1225 001e FB60     		str	r3, [r7, #12]
ARM GAS  /tmp/ccZh0YON.s 			page 33


 613:../../../firmware/n32h7xx_std_periph_driver/src/n32h7xx_dvp.c ****     DVPx->PORTCFG = (uint32_t)tmpregister;
 1226              		.loc 1 613 19
 1227 0020 7B68     		ldr	r3, [r7, #4]
 1228 0022 FA68     		ldr	r2, [r7, #12]
 1229 0024 DA60     		str	r2, [r3, #12]
 614:../../../firmware/n32h7xx_std_periph_driver/src/n32h7xx_dvp.c **** 
 615:../../../firmware/n32h7xx_std_periph_driver/src/n32h7xx_dvp.c **** }
 1230              		.loc 1 615 1
 1231 0026 00BF     		nop
 1232 0028 1437     		adds	r7, r7, #20
 1233              	.LCFI86:
 1234              		.cfi_def_cfa_offset 4
 1235 002a BD46     		mov	sp, r7
 1236              	.LCFI87:
 1237              		.cfi_def_cfa_register 13
 1238              		@ sp needed
 1239 002c 80BC     		pop	{r7}
 1240              	.LCFI88:
 1241              		.cfi_restore 7
 1242              		.cfi_def_cfa_offset 0
 1243 002e 7047     		bx	lr
 1244              		.cfi_endproc
 1245              	.LFE161:
 1247              		.section	.text.DVP_ConfigVSyncPolarity,"ax",%progbits
 1248              		.align	1
 1249              		.global	DVP_ConfigVSyncPolarity
 1250              		.syntax unified
 1251              		.thumb
 1252              		.thumb_func
 1254              	DVP_ConfigVSyncPolarity:
 1255              	.LFB162:
 616:../../../firmware/n32h7xx_std_periph_driver/src/n32h7xx_dvp.c **** 
 617:../../../firmware/n32h7xx_std_periph_driver/src/n32h7xx_dvp.c **** /**
 618:../../../firmware/n32h7xx_std_periph_driver/src/n32h7xx_dvp.c **** *\*\name    DVP_ConfigVSyncPolarity.
 619:../../../firmware/n32h7xx_std_periph_driver/src/n32h7xx_dvp.c **** *\*\fun     DVP VSYNC polarity control.
 620:../../../firmware/n32h7xx_std_periph_driver/src/n32h7xx_dvp.c **** *\*\param   DVPx:
 621:../../../firmware/n32h7xx_std_periph_driver/src/n32h7xx_dvp.c **** *\*\          - DVP1
 622:../../../firmware/n32h7xx_std_periph_driver/src/n32h7xx_dvp.c **** *\*\          - DVP2
 623:../../../firmware/n32h7xx_std_periph_driver/src/n32h7xx_dvp.c **** *\*\param   VSYNC_POL (The input parameters must be the following values):
 624:../../../firmware/n32h7xx_std_periph_driver/src/n32h7xx_dvp.c **** *\*\           - DVP_VSYNC_POLARITY_HIGH
 625:../../../firmware/n32h7xx_std_periph_driver/src/n32h7xx_dvp.c **** *\*\           - DVP_VSYNC_POLARITY_LOW
 626:../../../firmware/n32h7xx_std_periph_driver/src/n32h7xx_dvp.c **** *\*\return  none.
 627:../../../firmware/n32h7xx_std_periph_driver/src/n32h7xx_dvp.c **** **/
 628:../../../firmware/n32h7xx_std_periph_driver/src/n32h7xx_dvp.c **** void DVP_ConfigVSyncPolarity(DVP_Module *DVPx, uint32_t VSYNC_POL)
 629:../../../firmware/n32h7xx_std_periph_driver/src/n32h7xx_dvp.c **** {
 1256              		.loc 1 629 1
 1257              		.cfi_startproc
 1258              		@ args = 0, pretend = 0, frame = 16
 1259              		@ frame_needed = 1, uses_anonymous_args = 0
 1260              		@ link register save eliminated.
 1261 0000 80B4     		push	{r7}
 1262              	.LCFI89:
 1263              		.cfi_def_cfa_offset 4
 1264              		.cfi_offset 7, -4
 1265 0002 85B0     		sub	sp, sp, #20
 1266              	.LCFI90:
 1267              		.cfi_def_cfa_offset 24
ARM GAS  /tmp/ccZh0YON.s 			page 34


 1268 0004 00AF     		add	r7, sp, #0
 1269              	.LCFI91:
 1270              		.cfi_def_cfa_register 7
 1271 0006 7860     		str	r0, [r7, #4]
 1272 0008 3960     		str	r1, [r7]
 630:../../../firmware/n32h7xx_std_periph_driver/src/n32h7xx_dvp.c **** 
 631:../../../firmware/n32h7xx_std_periph_driver/src/n32h7xx_dvp.c ****     uint32_t tmpregister;
 632:../../../firmware/n32h7xx_std_periph_driver/src/n32h7xx_dvp.c ****     tmpregister = DVPx->PORTCFG;
 1273              		.loc 1 632 17
 1274 000a 7B68     		ldr	r3, [r7, #4]
 1275 000c DB68     		ldr	r3, [r3, #12]
 1276 000e FB60     		str	r3, [r7, #12]
 633:../../../firmware/n32h7xx_std_periph_driver/src/n32h7xx_dvp.c ****     tmpregister &= DVP_VSYNC_POLARITY_MASK;
 1277              		.loc 1 633 17
 1278 0010 FB68     		ldr	r3, [r7, #12]
 1279 0012 23F00403 		bic	r3, r3, #4
 1280 0016 FB60     		str	r3, [r7, #12]
 634:../../../firmware/n32h7xx_std_periph_driver/src/n32h7xx_dvp.c ****     tmpregister |= VSYNC_POL;
 1281              		.loc 1 634 17
 1282 0018 FA68     		ldr	r2, [r7, #12]
 1283 001a 3B68     		ldr	r3, [r7]
 1284 001c 1343     		orrs	r3, r3, r2
 1285 001e FB60     		str	r3, [r7, #12]
 635:../../../firmware/n32h7xx_std_periph_driver/src/n32h7xx_dvp.c ****     DVPx->PORTCFG = (uint32_t)tmpregister;
 1286              		.loc 1 635 19
 1287 0020 7B68     		ldr	r3, [r7, #4]
 1288 0022 FA68     		ldr	r2, [r7, #12]
 1289 0024 DA60     		str	r2, [r3, #12]
 636:../../../firmware/n32h7xx_std_periph_driver/src/n32h7xx_dvp.c **** 
 637:../../../firmware/n32h7xx_std_periph_driver/src/n32h7xx_dvp.c **** }
 1290              		.loc 1 637 1
 1291 0026 00BF     		nop
 1292 0028 1437     		adds	r7, r7, #20
 1293              	.LCFI92:
 1294              		.cfi_def_cfa_offset 4
 1295 002a BD46     		mov	sp, r7
 1296              	.LCFI93:
 1297              		.cfi_def_cfa_register 13
 1298              		@ sp needed
 1299 002c 80BC     		pop	{r7}
 1300              	.LCFI94:
 1301              		.cfi_restore 7
 1302              		.cfi_def_cfa_offset 0
 1303 002e 7047     		bx	lr
 1304              		.cfi_endproc
 1305              	.LFE162:
 1307              		.section	.text.DVP_EnableDataInvert,"ax",%progbits
 1308              		.align	1
 1309              		.global	DVP_EnableDataInvert
 1310              		.syntax unified
 1311              		.thumb
 1312              		.thumb_func
 1314              	DVP_EnableDataInvert:
 1315              	.LFB163:
 638:../../../firmware/n32h7xx_std_periph_driver/src/n32h7xx_dvp.c **** 
 639:../../../firmware/n32h7xx_std_periph_driver/src/n32h7xx_dvp.c **** /**
 640:../../../firmware/n32h7xx_std_periph_driver/src/n32h7xx_dvp.c **** *\*\name    DVP_EnableDataInvert.
ARM GAS  /tmp/ccZh0YON.s 			page 35


 641:../../../firmware/n32h7xx_std_periph_driver/src/n32h7xx_dvp.c **** *\*\fun     DVP data inversion enable.
 642:../../../firmware/n32h7xx_std_periph_driver/src/n32h7xx_dvp.c **** *\*\param   DVPx:
 643:../../../firmware/n32h7xx_std_periph_driver/src/n32h7xx_dvp.c **** *\*\          - DVP1
 644:../../../firmware/n32h7xx_std_periph_driver/src/n32h7xx_dvp.c **** *\*\          - DVP2
 645:../../../firmware/n32h7xx_std_periph_driver/src/n32h7xx_dvp.c **** *\*\param  Cmd:(The input parameters must be the following values)
 646:../../../firmware/n32h7xx_std_periph_driver/src/n32h7xx_dvp.c **** *\*\            - ENABLE
 647:../../../firmware/n32h7xx_std_periph_driver/src/n32h7xx_dvp.c **** *\*\            - DISABLE
 648:../../../firmware/n32h7xx_std_periph_driver/src/n32h7xx_dvp.c **** *\*\return  none
 649:../../../firmware/n32h7xx_std_periph_driver/src/n32h7xx_dvp.c **** **/
 650:../../../firmware/n32h7xx_std_periph_driver/src/n32h7xx_dvp.c **** void DVP_EnableDataInvert(DVP_Module *DVPx, FunctionalState Cmd)
 651:../../../firmware/n32h7xx_std_periph_driver/src/n32h7xx_dvp.c **** {
 1316              		.loc 1 651 1
 1317              		.cfi_startproc
 1318              		@ args = 0, pretend = 0, frame = 8
 1319              		@ frame_needed = 1, uses_anonymous_args = 0
 1320              		@ link register save eliminated.
 1321 0000 80B4     		push	{r7}
 1322              	.LCFI95:
 1323              		.cfi_def_cfa_offset 4
 1324              		.cfi_offset 7, -4
 1325 0002 83B0     		sub	sp, sp, #12
 1326              	.LCFI96:
 1327              		.cfi_def_cfa_offset 16
 1328 0004 00AF     		add	r7, sp, #0
 1329              	.LCFI97:
 1330              		.cfi_def_cfa_register 7
 1331 0006 7860     		str	r0, [r7, #4]
 1332 0008 0B46     		mov	r3, r1
 1333 000a FB70     		strb	r3, [r7, #3]
 652:../../../firmware/n32h7xx_std_periph_driver/src/n32h7xx_dvp.c **** 
 653:../../../firmware/n32h7xx_std_periph_driver/src/n32h7xx_dvp.c ****     if (Cmd != DISABLE)
 1334              		.loc 1 653 8
 1335 000c FB78     		ldrb	r3, [r7, #3]	@ zero_extendqisi2
 1336 000e 002B     		cmp	r3, #0
 1337 0010 06D0     		beq	.L56
 654:../../../firmware/n32h7xx_std_periph_driver/src/n32h7xx_dvp.c ****     {
 655:../../../firmware/n32h7xx_std_periph_driver/src/n32h7xx_dvp.c ****         DVPx->PORTCFG |= (uint32_t)DVP_DATA_INVERT;
 1338              		.loc 1 655 13
 1339 0012 7B68     		ldr	r3, [r7, #4]
 1340 0014 DB68     		ldr	r3, [r3, #12]
 1341              		.loc 1 655 23
 1342 0016 43F00802 		orr	r2, r3, #8
 1343 001a 7B68     		ldr	r3, [r7, #4]
 1344 001c DA60     		str	r2, [r3, #12]
 656:../../../firmware/n32h7xx_std_periph_driver/src/n32h7xx_dvp.c ****     }
 657:../../../firmware/n32h7xx_std_periph_driver/src/n32h7xx_dvp.c ****     else
 658:../../../firmware/n32h7xx_std_periph_driver/src/n32h7xx_dvp.c ****     {
 659:../../../firmware/n32h7xx_std_periph_driver/src/n32h7xx_dvp.c ****         DVPx->PORTCFG &= DVP_DATA_INVERT_MASK;
 660:../../../firmware/n32h7xx_std_periph_driver/src/n32h7xx_dvp.c ****     }
 661:../../../firmware/n32h7xx_std_periph_driver/src/n32h7xx_dvp.c **** 
 662:../../../firmware/n32h7xx_std_periph_driver/src/n32h7xx_dvp.c **** }
 1345              		.loc 1 662 1
 1346 001e 05E0     		b	.L58
 1347              	.L56:
 659:../../../firmware/n32h7xx_std_periph_driver/src/n32h7xx_dvp.c ****     }
 1348              		.loc 1 659 13
 1349 0020 7B68     		ldr	r3, [r7, #4]
ARM GAS  /tmp/ccZh0YON.s 			page 36


 1350 0022 DB68     		ldr	r3, [r3, #12]
 659:../../../firmware/n32h7xx_std_periph_driver/src/n32h7xx_dvp.c ****     }
 1351              		.loc 1 659 23
 1352 0024 23F00802 		bic	r2, r3, #8
 1353 0028 7B68     		ldr	r3, [r7, #4]
 1354 002a DA60     		str	r2, [r3, #12]
 1355              	.L58:
 1356              		.loc 1 662 1
 1357 002c 00BF     		nop
 1358 002e 0C37     		adds	r7, r7, #12
 1359              	.LCFI98:
 1360              		.cfi_def_cfa_offset 4
 1361 0030 BD46     		mov	sp, r7
 1362              	.LCFI99:
 1363              		.cfi_def_cfa_register 13
 1364              		@ sp needed
 1365 0032 80BC     		pop	{r7}
 1366              	.LCFI100:
 1367              		.cfi_restore 7
 1368              		.cfi_def_cfa_offset 0
 1369 0034 7047     		bx	lr
 1370              		.cfi_endproc
 1371              	.LFE163:
 1373              		.section	.text.DVP_EnableDataReverse,"ax",%progbits
 1374              		.align	1
 1375              		.global	DVP_EnableDataReverse
 1376              		.syntax unified
 1377              		.thumb
 1378              		.thumb_func
 1380              	DVP_EnableDataReverse:
 1381              	.LFB164:
 663:../../../firmware/n32h7xx_std_periph_driver/src/n32h7xx_dvp.c **** 
 664:../../../firmware/n32h7xx_std_periph_driver/src/n32h7xx_dvp.c **** /**
 665:../../../firmware/n32h7xx_std_periph_driver/src/n32h7xx_dvp.c **** *\*\name    DVP_EnableDataReverse.
 666:../../../firmware/n32h7xx_std_periph_driver/src/n32h7xx_dvp.c **** *\*\fun     DVP data Reverse enable.
 667:../../../firmware/n32h7xx_std_periph_driver/src/n32h7xx_dvp.c **** *\*\param   DVPx:
 668:../../../firmware/n32h7xx_std_periph_driver/src/n32h7xx_dvp.c **** *\*\          - DVP1
 669:../../../firmware/n32h7xx_std_periph_driver/src/n32h7xx_dvp.c **** *\*\          - DVP2
 670:../../../firmware/n32h7xx_std_periph_driver/src/n32h7xx_dvp.c **** *\*\param  Cmd:(The input parameters must be the following values)
 671:../../../firmware/n32h7xx_std_periph_driver/src/n32h7xx_dvp.c **** *\*\            - ENABLE
 672:../../../firmware/n32h7xx_std_periph_driver/src/n32h7xx_dvp.c **** *\*\            - DISABLE
 673:../../../firmware/n32h7xx_std_periph_driver/src/n32h7xx_dvp.c **** *\*\return  none
 674:../../../firmware/n32h7xx_std_periph_driver/src/n32h7xx_dvp.c **** **/
 675:../../../firmware/n32h7xx_std_periph_driver/src/n32h7xx_dvp.c **** void DVP_EnableDataReverse(DVP_Module *DVPx, FunctionalState Cmd)
 676:../../../firmware/n32h7xx_std_periph_driver/src/n32h7xx_dvp.c **** {
 1382              		.loc 1 676 1
 1383              		.cfi_startproc
 1384              		@ args = 0, pretend = 0, frame = 8
 1385              		@ frame_needed = 1, uses_anonymous_args = 0
 1386              		@ link register save eliminated.
 1387 0000 80B4     		push	{r7}
 1388              	.LCFI101:
 1389              		.cfi_def_cfa_offset 4
 1390              		.cfi_offset 7, -4
 1391 0002 83B0     		sub	sp, sp, #12
 1392              	.LCFI102:
 1393              		.cfi_def_cfa_offset 16
ARM GAS  /tmp/ccZh0YON.s 			page 37


 1394 0004 00AF     		add	r7, sp, #0
 1395              	.LCFI103:
 1396              		.cfi_def_cfa_register 7
 1397 0006 7860     		str	r0, [r7, #4]
 1398 0008 0B46     		mov	r3, r1
 1399 000a FB70     		strb	r3, [r7, #3]
 677:../../../firmware/n32h7xx_std_periph_driver/src/n32h7xx_dvp.c **** 
 678:../../../firmware/n32h7xx_std_periph_driver/src/n32h7xx_dvp.c **** 
 679:../../../firmware/n32h7xx_std_periph_driver/src/n32h7xx_dvp.c ****     if (Cmd != DISABLE)
 1400              		.loc 1 679 8
 1401 000c FB78     		ldrb	r3, [r7, #3]	@ zero_extendqisi2
 1402 000e 002B     		cmp	r3, #0
 1403 0010 06D0     		beq	.L60
 680:../../../firmware/n32h7xx_std_periph_driver/src/n32h7xx_dvp.c ****     {
 681:../../../firmware/n32h7xx_std_periph_driver/src/n32h7xx_dvp.c ****         DVPx->PORTCFG |= DVP_DATA_REVERSE;
 1404              		.loc 1 681 13
 1405 0012 7B68     		ldr	r3, [r7, #4]
 1406 0014 DB68     		ldr	r3, [r3, #12]
 1407              		.loc 1 681 23
 1408 0016 43F01002 		orr	r2, r3, #16
 1409 001a 7B68     		ldr	r3, [r7, #4]
 1410 001c DA60     		str	r2, [r3, #12]
 682:../../../firmware/n32h7xx_std_periph_driver/src/n32h7xx_dvp.c ****     }
 683:../../../firmware/n32h7xx_std_periph_driver/src/n32h7xx_dvp.c ****     else
 684:../../../firmware/n32h7xx_std_periph_driver/src/n32h7xx_dvp.c ****     {
 685:../../../firmware/n32h7xx_std_periph_driver/src/n32h7xx_dvp.c ****         DVPx->PORTCFG &= DVP_DATA_REVERSE_MASK;
 686:../../../firmware/n32h7xx_std_periph_driver/src/n32h7xx_dvp.c ****     }
 687:../../../firmware/n32h7xx_std_periph_driver/src/n32h7xx_dvp.c **** }
 1411              		.loc 1 687 1
 1412 001e 05E0     		b	.L62
 1413              	.L60:
 685:../../../firmware/n32h7xx_std_periph_driver/src/n32h7xx_dvp.c ****     }
 1414              		.loc 1 685 13
 1415 0020 7B68     		ldr	r3, [r7, #4]
 1416 0022 DB68     		ldr	r3, [r3, #12]
 685:../../../firmware/n32h7xx_std_periph_driver/src/n32h7xx_dvp.c ****     }
 1417              		.loc 1 685 23
 1418 0024 23F01002 		bic	r2, r3, #16
 1419 0028 7B68     		ldr	r3, [r7, #4]
 1420 002a DA60     		str	r2, [r3, #12]
 1421              	.L62:
 1422              		.loc 1 687 1
 1423 002c 00BF     		nop
 1424 002e 0C37     		adds	r7, r7, #12
 1425              	.LCFI104:
 1426              		.cfi_def_cfa_offset 4
 1427 0030 BD46     		mov	sp, r7
 1428              	.LCFI105:
 1429              		.cfi_def_cfa_register 13
 1430              		@ sp needed
 1431 0032 80BC     		pop	{r7}
 1432              	.LCFI106:
 1433              		.cfi_restore 7
 1434              		.cfi_def_cfa_offset 0
 1435 0034 7047     		bx	lr
 1436              		.cfi_endproc
 1437              	.LFE164:
ARM GAS  /tmp/ccZh0YON.s 			page 38


 1439              		.section	.text.DVP_ConfigEmbSyncPos,"ax",%progbits
 1440              		.align	1
 1441              		.global	DVP_ConfigEmbSyncPos
 1442              		.syntax unified
 1443              		.thumb
 1444              		.thumb_func
 1446              	DVP_ConfigEmbSyncPos:
 1447              	.LFB165:
 688:../../../firmware/n32h7xx_std_periph_driver/src/n32h7xx_dvp.c **** 
 689:../../../firmware/n32h7xx_std_periph_driver/src/n32h7xx_dvp.c **** 
 690:../../../firmware/n32h7xx_std_periph_driver/src/n32h7xx_dvp.c **** /**
 691:../../../firmware/n32h7xx_std_periph_driver/src/n32h7xx_dvp.c **** *\*\name    DVP_ConfigEmbSyncPos.
 692:../../../firmware/n32h7xx_std_periph_driver/src/n32h7xx_dvp.c **** *\*\fun     Embedded Synchronization Code Position.
 693:../../../firmware/n32h7xx_std_periph_driver/src/n32h7xx_dvp.c **** *\*\param   DVPx:
 694:../../../firmware/n32h7xx_std_periph_driver/src/n32h7xx_dvp.c **** *\*\          - DVP1
 695:../../../firmware/n32h7xx_std_periph_driver/src/n32h7xx_dvp.c **** *\*\          - DVP2
 696:../../../firmware/n32h7xx_std_periph_driver/src/n32h7xx_dvp.c **** *\*\param   SYNC_Pos (The input parameters must be the following values):
 697:../../../firmware/n32h7xx_std_periph_driver/src/n32h7xx_dvp.c **** *\*\           - DVP_EMBSYNC_LSB
 698:../../../firmware/n32h7xx_std_periph_driver/src/n32h7xx_dvp.c **** *\*\           - DVP_EMBSYNC_MSB
 699:../../../firmware/n32h7xx_std_periph_driver/src/n32h7xx_dvp.c **** *\*\return  none.
 700:../../../firmware/n32h7xx_std_periph_driver/src/n32h7xx_dvp.c **** **/
 701:../../../firmware/n32h7xx_std_periph_driver/src/n32h7xx_dvp.c **** void DVP_ConfigEmbSyncPos(DVP_Module *DVPx, uint32_t SYNC_Pos)
 702:../../../firmware/n32h7xx_std_periph_driver/src/n32h7xx_dvp.c **** {
 1448              		.loc 1 702 1
 1449              		.cfi_startproc
 1450              		@ args = 0, pretend = 0, frame = 16
 1451              		@ frame_needed = 1, uses_anonymous_args = 0
 1452              		@ link register save eliminated.
 1453 0000 80B4     		push	{r7}
 1454              	.LCFI107:
 1455              		.cfi_def_cfa_offset 4
 1456              		.cfi_offset 7, -4
 1457 0002 85B0     		sub	sp, sp, #20
 1458              	.LCFI108:
 1459              		.cfi_def_cfa_offset 24
 1460 0004 00AF     		add	r7, sp, #0
 1461              	.LCFI109:
 1462              		.cfi_def_cfa_register 7
 1463 0006 7860     		str	r0, [r7, #4]
 1464 0008 3960     		str	r1, [r7]
 703:../../../firmware/n32h7xx_std_periph_driver/src/n32h7xx_dvp.c **** 
 704:../../../firmware/n32h7xx_std_periph_driver/src/n32h7xx_dvp.c ****     uint32_t tmpregister;
 705:../../../firmware/n32h7xx_std_periph_driver/src/n32h7xx_dvp.c ****     tmpregister = DVPx->PORTCFG;
 1465              		.loc 1 705 17
 1466 000a 7B68     		ldr	r3, [r7, #4]
 1467 000c DB68     		ldr	r3, [r3, #12]
 1468 000e FB60     		str	r3, [r7, #12]
 706:../../../firmware/n32h7xx_std_periph_driver/src/n32h7xx_dvp.c ****     tmpregister &= DVP_EMBSYNC_POS_MASK;
 1469              		.loc 1 706 17
 1470 0010 FB68     		ldr	r3, [r7, #12]
 1471 0012 23F04003 		bic	r3, r3, #64
 1472 0016 FB60     		str	r3, [r7, #12]
 707:../../../firmware/n32h7xx_std_periph_driver/src/n32h7xx_dvp.c ****     tmpregister |= SYNC_Pos;
 1473              		.loc 1 707 17
 1474 0018 FA68     		ldr	r2, [r7, #12]
 1475 001a 3B68     		ldr	r3, [r7]
 1476 001c 1343     		orrs	r3, r3, r2
ARM GAS  /tmp/ccZh0YON.s 			page 39


 1477 001e FB60     		str	r3, [r7, #12]
 708:../../../firmware/n32h7xx_std_periph_driver/src/n32h7xx_dvp.c ****     DVPx->PORTCFG = (uint32_t)tmpregister;
 1478              		.loc 1 708 19
 1479 0020 7B68     		ldr	r3, [r7, #4]
 1480 0022 FA68     		ldr	r2, [r7, #12]
 1481 0024 DA60     		str	r2, [r3, #12]
 709:../../../firmware/n32h7xx_std_periph_driver/src/n32h7xx_dvp.c **** 
 710:../../../firmware/n32h7xx_std_periph_driver/src/n32h7xx_dvp.c **** }
 1482              		.loc 1 710 1
 1483 0026 00BF     		nop
 1484 0028 1437     		adds	r7, r7, #20
 1485              	.LCFI110:
 1486              		.cfi_def_cfa_offset 4
 1487 002a BD46     		mov	sp, r7
 1488              	.LCFI111:
 1489              		.cfi_def_cfa_register 13
 1490              		@ sp needed
 1491 002c 80BC     		pop	{r7}
 1492              	.LCFI112:
 1493              		.cfi_restore 7
 1494              		.cfi_def_cfa_offset 0
 1495 002e 7047     		bx	lr
 1496              		.cfi_endproc
 1497              	.LFE165:
 1499              		.section	.text.DVP_ConfigEmbSyncData,"ax",%progbits
 1500              		.align	1
 1501              		.global	DVP_ConfigEmbSyncData
 1502              		.syntax unified
 1503              		.thumb
 1504              		.thumb_func
 1506              	DVP_ConfigEmbSyncData:
 1507              	.LFB166:
 711:../../../firmware/n32h7xx_std_periph_driver/src/n32h7xx_dvp.c **** 
 712:../../../firmware/n32h7xx_std_periph_driver/src/n32h7xx_dvp.c **** /**
 713:../../../firmware/n32h7xx_std_periph_driver/src/n32h7xx_dvp.c **** *\*\name    DVP_ConfigEmbSyncData.
 714:../../../firmware/n32h7xx_std_periph_driver/src/n32h7xx_dvp.c **** *\*\fun     Embedded Synchronization Code Position.
 715:../../../firmware/n32h7xx_std_periph_driver/src/n32h7xx_dvp.c **** *\*\param   DVPx:
 716:../../../firmware/n32h7xx_std_periph_driver/src/n32h7xx_dvp.c **** *\*\          - DVP1
 717:../../../firmware/n32h7xx_std_periph_driver/src/n32h7xx_dvp.c **** *\*\          - DVP2
 718:../../../firmware/n32h7xx_std_periph_driver/src/n32h7xx_dvp.c **** *\*\param   FrameStartValue/FrameEndValue/LineStartValue/LineEndValue (The input parameters must be
 719:../../../firmware/n32h7xx_std_periph_driver/src/n32h7xx_dvp.c **** *\*\           - 0x00 ~ 0xFF
 720:../../../firmware/n32h7xx_std_periph_driver/src/n32h7xx_dvp.c **** *\*\return  none.
 721:../../../firmware/n32h7xx_std_periph_driver/src/n32h7xx_dvp.c **** **/
 722:../../../firmware/n32h7xx_std_periph_driver/src/n32h7xx_dvp.c **** void DVP_ConfigEmbSyncData(DVP_Module *DVPx, uint8_t FrameStartValue, uint8_t FrameEndValue, uint8_
 723:../../../firmware/n32h7xx_std_periph_driver/src/n32h7xx_dvp.c **** {
 1508              		.loc 1 723 1
 1509              		.cfi_startproc
 1510              		@ args = 4, pretend = 0, frame = 16
 1511              		@ frame_needed = 1, uses_anonymous_args = 0
 1512              		@ link register save eliminated.
 1513 0000 80B4     		push	{r7}
 1514              	.LCFI113:
 1515              		.cfi_def_cfa_offset 4
 1516              		.cfi_offset 7, -4
 1517 0002 85B0     		sub	sp, sp, #20
 1518              	.LCFI114:
 1519              		.cfi_def_cfa_offset 24
ARM GAS  /tmp/ccZh0YON.s 			page 40


 1520 0004 00AF     		add	r7, sp, #0
 1521              	.LCFI115:
 1522              		.cfi_def_cfa_register 7
 1523 0006 7860     		str	r0, [r7, #4]
 1524 0008 0846     		mov	r0, r1
 1525 000a 1146     		mov	r1, r2
 1526 000c 1A46     		mov	r2, r3
 1527 000e 0346     		mov	r3, r0
 1528 0010 FB70     		strb	r3, [r7, #3]
 1529 0012 0B46     		mov	r3, r1
 1530 0014 BB70     		strb	r3, [r7, #2]
 1531 0016 1346     		mov	r3, r2
 1532 0018 7B70     		strb	r3, [r7, #1]
 724:../../../firmware/n32h7xx_std_periph_driver/src/n32h7xx_dvp.c **** 
 725:../../../firmware/n32h7xx_std_periph_driver/src/n32h7xx_dvp.c ****     uint32_t temp_value;
 726:../../../firmware/n32h7xx_std_periph_driver/src/n32h7xx_dvp.c ****     temp_value = ((uint32_t)FrameStartValue | ((uint32_t)FrameEndValue << 8)
 1533              		.loc 1 726 19
 1534 001a FA78     		ldrb	r2, [r7, #3]	@ zero_extendqisi2
 1535              		.loc 1 726 48
 1536 001c BB78     		ldrb	r3, [r7, #2]	@ zero_extendqisi2
 1537              		.loc 1 726 72
 1538 001e 1B02     		lsls	r3, r3, #8
 1539              		.loc 1 726 45
 1540 0020 1A43     		orrs	r2, r2, r3
 727:../../../firmware/n32h7xx_std_periph_driver/src/n32h7xx_dvp.c ****                   | ((uint32_t)LineStartValue << 16) | ((uint32_t)LineEndValue << 24));
 1541              		.loc 1 727 22
 1542 0022 7B78     		ldrb	r3, [r7, #1]	@ zero_extendqisi2
 1543              		.loc 1 727 47
 1544 0024 1B04     		lsls	r3, r3, #16
 1545              		.loc 1 727 19
 1546 0026 1A43     		orrs	r2, r2, r3
 1547              		.loc 1 727 57
 1548 0028 3B7E     		ldrb	r3, [r7, #24]	@ zero_extendqisi2
 1549              		.loc 1 727 80
 1550 002a 1B06     		lsls	r3, r3, #24
 726:../../../firmware/n32h7xx_std_periph_driver/src/n32h7xx_dvp.c ****                   | ((uint32_t)LineStartValue << 16) | ((uint32_t)LineEndValue << 24));
 1551              		.loc 1 726 16
 1552 002c 1343     		orrs	r3, r3, r2
 1553 002e FB60     		str	r3, [r7, #12]
 728:../../../firmware/n32h7xx_std_periph_driver/src/n32h7xx_dvp.c ****     DVPx->EMSC |= temp_value;
 1554              		.loc 1 728 9
 1555 0030 7B68     		ldr	r3, [r7, #4]
 1556 0032 1A6B     		ldr	r2, [r3, #48]
 1557              		.loc 1 728 16
 1558 0034 FB68     		ldr	r3, [r7, #12]
 1559 0036 1A43     		orrs	r2, r2, r3
 1560 0038 7B68     		ldr	r3, [r7, #4]
 1561 003a 1A63     		str	r2, [r3, #48]
 729:../../../firmware/n32h7xx_std_periph_driver/src/n32h7xx_dvp.c **** 
 730:../../../firmware/n32h7xx_std_periph_driver/src/n32h7xx_dvp.c **** }
 1562              		.loc 1 730 1
 1563 003c 00BF     		nop
 1564 003e 1437     		adds	r7, r7, #20
 1565              	.LCFI116:
 1566              		.cfi_def_cfa_offset 4
 1567 0040 BD46     		mov	sp, r7
 1568              	.LCFI117:
ARM GAS  /tmp/ccZh0YON.s 			page 41


 1569              		.cfi_def_cfa_register 13
 1570              		@ sp needed
 1571 0042 80BC     		pop	{r7}
 1572              	.LCFI118:
 1573              		.cfi_restore 7
 1574              		.cfi_def_cfa_offset 0
 1575 0044 7047     		bx	lr
 1576              		.cfi_endproc
 1577              	.LFE166:
 1579              		.section	.text.DVP_ConfigEmbSyncDataMask,"ax",%progbits
 1580              		.align	1
 1581              		.global	DVP_ConfigEmbSyncDataMask
 1582              		.syntax unified
 1583              		.thumb
 1584              		.thumb_func
 1586              	DVP_ConfigEmbSyncDataMask:
 1587              	.LFB167:
 731:../../../firmware/n32h7xx_std_periph_driver/src/n32h7xx_dvp.c **** 
 732:../../../firmware/n32h7xx_std_periph_driver/src/n32h7xx_dvp.c **** /**
 733:../../../firmware/n32h7xx_std_periph_driver/src/n32h7xx_dvp.c **** *\*\name    DVP_ConfigEmbSyncDataMask.
 734:../../../firmware/n32h7xx_std_periph_driver/src/n32h7xx_dvp.c **** *\*\fun     Embedded Synchronization Code Position.
 735:../../../firmware/n32h7xx_std_periph_driver/src/n32h7xx_dvp.c **** *\*\param   DVPx:
 736:../../../firmware/n32h7xx_std_periph_driver/src/n32h7xx_dvp.c **** *\*\          - DVP1
 737:../../../firmware/n32h7xx_std_periph_driver/src/n32h7xx_dvp.c **** *\*\          - DVP2
 738:../../../firmware/n32h7xx_std_periph_driver/src/n32h7xx_dvp.c **** *\*\param   FrameStartMask/FrameEndMask/LineStartMask/LineEndMask (The input parameters must be the
 739:../../../firmware/n32h7xx_std_periph_driver/src/n32h7xx_dvp.c **** *\*\           - 0x00 ~ 0xFF
 740:../../../firmware/n32h7xx_std_periph_driver/src/n32h7xx_dvp.c **** *\*\return  none.
 741:../../../firmware/n32h7xx_std_periph_driver/src/n32h7xx_dvp.c **** **/
 742:../../../firmware/n32h7xx_std_periph_driver/src/n32h7xx_dvp.c **** void DVP_ConfigEmbSyncDataMask(DVP_Module *DVPx, uint8_t FrameStartMask, uint8_t FrameEndMask, uint
 743:../../../firmware/n32h7xx_std_periph_driver/src/n32h7xx_dvp.c **** {
 1588              		.loc 1 743 1
 1589              		.cfi_startproc
 1590              		@ args = 4, pretend = 0, frame = 16
 1591              		@ frame_needed = 1, uses_anonymous_args = 0
 1592              		@ link register save eliminated.
 1593 0000 80B4     		push	{r7}
 1594              	.LCFI119:
 1595              		.cfi_def_cfa_offset 4
 1596              		.cfi_offset 7, -4
 1597 0002 85B0     		sub	sp, sp, #20
 1598              	.LCFI120:
 1599              		.cfi_def_cfa_offset 24
 1600 0004 00AF     		add	r7, sp, #0
 1601              	.LCFI121:
 1602              		.cfi_def_cfa_register 7
 1603 0006 7860     		str	r0, [r7, #4]
 1604 0008 0846     		mov	r0, r1
 1605 000a 1146     		mov	r1, r2
 1606 000c 1A46     		mov	r2, r3
 1607 000e 0346     		mov	r3, r0
 1608 0010 FB70     		strb	r3, [r7, #3]
 1609 0012 0B46     		mov	r3, r1
 1610 0014 BB70     		strb	r3, [r7, #2]
 1611 0016 1346     		mov	r3, r2
 1612 0018 7B70     		strb	r3, [r7, #1]
 744:../../../firmware/n32h7xx_std_periph_driver/src/n32h7xx_dvp.c **** 
 745:../../../firmware/n32h7xx_std_periph_driver/src/n32h7xx_dvp.c ****     uint32_t temp_value;
ARM GAS  /tmp/ccZh0YON.s 			page 42


 746:../../../firmware/n32h7xx_std_periph_driver/src/n32h7xx_dvp.c ****     temp_value = ((uint32_t)FrameStartMask | ((uint32_t)FrameEndMask << 8)
 1613              		.loc 1 746 19
 1614 001a FA78     		ldrb	r2, [r7, #3]	@ zero_extendqisi2
 1615              		.loc 1 746 47
 1616 001c BB78     		ldrb	r3, [r7, #2]	@ zero_extendqisi2
 1617              		.loc 1 746 70
 1618 001e 1B02     		lsls	r3, r3, #8
 1619              		.loc 1 746 44
 1620 0020 1A43     		orrs	r2, r2, r3
 747:../../../firmware/n32h7xx_std_periph_driver/src/n32h7xx_dvp.c ****                   | ((uint32_t)LineStartMask << 16) | ((uint32_t)LineEndMask << 24));
 1621              		.loc 1 747 22
 1622 0022 7B78     		ldrb	r3, [r7, #1]	@ zero_extendqisi2
 1623              		.loc 1 747 46
 1624 0024 1B04     		lsls	r3, r3, #16
 1625              		.loc 1 747 19
 1626 0026 1A43     		orrs	r2, r2, r3
 1627              		.loc 1 747 56
 1628 0028 3B7E     		ldrb	r3, [r7, #24]	@ zero_extendqisi2
 1629              		.loc 1 747 78
 1630 002a 1B06     		lsls	r3, r3, #24
 746:../../../firmware/n32h7xx_std_periph_driver/src/n32h7xx_dvp.c ****                   | ((uint32_t)LineStartMask << 16) | ((uint32_t)LineEndMask << 24));
 1631              		.loc 1 746 16
 1632 002c 1343     		orrs	r3, r3, r2
 1633 002e FB60     		str	r3, [r7, #12]
 748:../../../firmware/n32h7xx_std_periph_driver/src/n32h7xx_dvp.c ****     DVPx->EMSCM |= temp_value;
 1634              		.loc 1 748 9
 1635 0030 7B68     		ldr	r3, [r7, #4]
 1636 0032 5A6B     		ldr	r2, [r3, #52]
 1637              		.loc 1 748 17
 1638 0034 FB68     		ldr	r3, [r7, #12]
 1639 0036 1A43     		orrs	r2, r2, r3
 1640 0038 7B68     		ldr	r3, [r7, #4]
 1641 003a 5A63     		str	r2, [r3, #52]
 749:../../../firmware/n32h7xx_std_periph_driver/src/n32h7xx_dvp.c **** 
 750:../../../firmware/n32h7xx_std_periph_driver/src/n32h7xx_dvp.c **** }
 1642              		.loc 1 750 1
 1643 003c 00BF     		nop
 1644 003e 1437     		adds	r7, r7, #20
 1645              	.LCFI122:
 1646              		.cfi_def_cfa_offset 4
 1647 0040 BD46     		mov	sp, r7
 1648              	.LCFI123:
 1649              		.cfi_def_cfa_register 13
 1650              		@ sp needed
 1651 0042 80BC     		pop	{r7}
 1652              	.LCFI124:
 1653              		.cfi_restore 7
 1654              		.cfi_def_cfa_offset 0
 1655 0044 7047     		bx	lr
 1656              		.cfi_endproc
 1657              	.LFE167:
 1659              		.section	.text.DVP_EnableEmbSyncMode,"ax",%progbits
 1660              		.align	1
 1661              		.global	DVP_EnableEmbSyncMode
 1662              		.syntax unified
 1663              		.thumb
 1664              		.thumb_func
ARM GAS  /tmp/ccZh0YON.s 			page 43


 1666              	DVP_EnableEmbSyncMode:
 1667              	.LFB168:
 751:../../../firmware/n32h7xx_std_periph_driver/src/n32h7xx_dvp.c **** 
 752:../../../firmware/n32h7xx_std_periph_driver/src/n32h7xx_dvp.c **** /**
 753:../../../firmware/n32h7xx_std_periph_driver/src/n32h7xx_dvp.c **** *\*\name    DVP_EnableEmbSyncMode.
 754:../../../firmware/n32h7xx_std_periph_driver/src/n32h7xx_dvp.c **** *\*\fun     Embedded Synchronization Mode enable bit.
 755:../../../firmware/n32h7xx_std_periph_driver/src/n32h7xx_dvp.c **** *\*\param   DVPx:
 756:../../../firmware/n32h7xx_std_periph_driver/src/n32h7xx_dvp.c **** *\*\          - DVP1
 757:../../../firmware/n32h7xx_std_periph_driver/src/n32h7xx_dvp.c **** *\*\          - DVP2
 758:../../../firmware/n32h7xx_std_periph_driver/src/n32h7xx_dvp.c **** *\*\param  Cmd:(The input parameters must be the following values)
 759:../../../firmware/n32h7xx_std_periph_driver/src/n32h7xx_dvp.c **** *\*\            - ENABLE
 760:../../../firmware/n32h7xx_std_periph_driver/src/n32h7xx_dvp.c **** *\*\            - DISABLE
 761:../../../firmware/n32h7xx_std_periph_driver/src/n32h7xx_dvp.c **** *\*\return  none
 762:../../../firmware/n32h7xx_std_periph_driver/src/n32h7xx_dvp.c **** **/
 763:../../../firmware/n32h7xx_std_periph_driver/src/n32h7xx_dvp.c **** void DVP_EnableEmbSyncMode(DVP_Module *DVPx, FunctionalState Cmd)
 764:../../../firmware/n32h7xx_std_periph_driver/src/n32h7xx_dvp.c **** {
 1668              		.loc 1 764 1
 1669              		.cfi_startproc
 1670              		@ args = 0, pretend = 0, frame = 8
 1671              		@ frame_needed = 1, uses_anonymous_args = 0
 1672              		@ link register save eliminated.
 1673 0000 80B4     		push	{r7}
 1674              	.LCFI125:
 1675              		.cfi_def_cfa_offset 4
 1676              		.cfi_offset 7, -4
 1677 0002 83B0     		sub	sp, sp, #12
 1678              	.LCFI126:
 1679              		.cfi_def_cfa_offset 16
 1680 0004 00AF     		add	r7, sp, #0
 1681              	.LCFI127:
 1682              		.cfi_def_cfa_register 7
 1683 0006 7860     		str	r0, [r7, #4]
 1684 0008 0B46     		mov	r3, r1
 1685 000a FB70     		strb	r3, [r7, #3]
 765:../../../firmware/n32h7xx_std_periph_driver/src/n32h7xx_dvp.c **** 
 766:../../../firmware/n32h7xx_std_periph_driver/src/n32h7xx_dvp.c ****     if (Cmd != DISABLE)
 1686              		.loc 1 766 8
 1687 000c FB78     		ldrb	r3, [r7, #3]	@ zero_extendqisi2
 1688 000e 002B     		cmp	r3, #0
 1689 0010 06D0     		beq	.L67
 767:../../../firmware/n32h7xx_std_periph_driver/src/n32h7xx_dvp.c ****     {
 768:../../../firmware/n32h7xx_std_periph_driver/src/n32h7xx_dvp.c ****         DVPx->PORTCFG |= DVP_SYNC_MODE_SOFTWARE;
 1690              		.loc 1 768 13
 1691 0012 7B68     		ldr	r3, [r7, #4]
 1692 0014 DB68     		ldr	r3, [r3, #12]
 1693              		.loc 1 768 23
 1694 0016 43F08002 		orr	r2, r3, #128
 1695 001a 7B68     		ldr	r3, [r7, #4]
 1696 001c DA60     		str	r2, [r3, #12]
 769:../../../firmware/n32h7xx_std_periph_driver/src/n32h7xx_dvp.c ****     }
 770:../../../firmware/n32h7xx_std_periph_driver/src/n32h7xx_dvp.c ****     else
 771:../../../firmware/n32h7xx_std_periph_driver/src/n32h7xx_dvp.c ****     {
 772:../../../firmware/n32h7xx_std_periph_driver/src/n32h7xx_dvp.c ****         DVPx->PORTCFG &= DVP_EMBSYNC_MASK;
 773:../../../firmware/n32h7xx_std_periph_driver/src/n32h7xx_dvp.c ****     }
 774:../../../firmware/n32h7xx_std_periph_driver/src/n32h7xx_dvp.c **** 
 775:../../../firmware/n32h7xx_std_periph_driver/src/n32h7xx_dvp.c **** }
 1697              		.loc 1 775 1
ARM GAS  /tmp/ccZh0YON.s 			page 44


 1698 001e 05E0     		b	.L69
 1699              	.L67:
 772:../../../firmware/n32h7xx_std_periph_driver/src/n32h7xx_dvp.c ****     }
 1700              		.loc 1 772 13
 1701 0020 7B68     		ldr	r3, [r7, #4]
 1702 0022 DB68     		ldr	r3, [r3, #12]
 772:../../../firmware/n32h7xx_std_periph_driver/src/n32h7xx_dvp.c ****     }
 1703              		.loc 1 772 23
 1704 0024 23F08002 		bic	r2, r3, #128
 1705 0028 7B68     		ldr	r3, [r7, #4]
 1706 002a DA60     		str	r2, [r3, #12]
 1707              	.L69:
 1708              		.loc 1 775 1
 1709 002c 00BF     		nop
 1710 002e 0C37     		adds	r7, r7, #12
 1711              	.LCFI128:
 1712              		.cfi_def_cfa_offset 4
 1713 0030 BD46     		mov	sp, r7
 1714              	.LCFI129:
 1715              		.cfi_def_cfa_register 13
 1716              		@ sp needed
 1717 0032 80BC     		pop	{r7}
 1718              	.LCFI130:
 1719              		.cfi_restore 7
 1720              		.cfi_def_cfa_offset 0
 1721 0034 7047     		bx	lr
 1722              		.cfi_endproc
 1723              	.LFE168:
 1725              		.section	.text.DVP_ConfigDataMode,"ax",%progbits
 1726              		.align	1
 1727              		.global	DVP_ConfigDataMode
 1728              		.syntax unified
 1729              		.thumb
 1730              		.thumb_func
 1732              	DVP_ConfigDataMode:
 1733              	.LFB169:
 776:../../../firmware/n32h7xx_std_periph_driver/src/n32h7xx_dvp.c **** 
 777:../../../firmware/n32h7xx_std_periph_driver/src/n32h7xx_dvp.c **** /**
 778:../../../firmware/n32h7xx_std_periph_driver/src/n32h7xx_dvp.c **** *\*\name    DVP_ConfigDataMode.
 779:../../../firmware/n32h7xx_std_periph_driver/src/n32h7xx_dvp.c **** *\*\fun     Config DVP data port mode.
 780:../../../firmware/n32h7xx_std_periph_driver/src/n32h7xx_dvp.c **** *\*\param   DVPx:
 781:../../../firmware/n32h7xx_std_periph_driver/src/n32h7xx_dvp.c **** *\*\          - DVP1
 782:../../../firmware/n32h7xx_std_periph_driver/src/n32h7xx_dvp.c **** *\*\          - DVP2
 783:../../../firmware/n32h7xx_std_periph_driver/src/n32h7xx_dvp.c **** *\*\param   Mode (The input parameters must be the following values):
 784:../../../firmware/n32h7xx_std_periph_driver/src/n32h7xx_dvp.c **** *\*\           - DVP_DATA_MODE1
 785:../../../firmware/n32h7xx_std_periph_driver/src/n32h7xx_dvp.c **** *\*\           - DVP_DATA_MODE2
 786:../../../firmware/n32h7xx_std_periph_driver/src/n32h7xx_dvp.c **** *\*\           - DVP_DATA_MODE3
 787:../../../firmware/n32h7xx_std_periph_driver/src/n32h7xx_dvp.c **** *\*\           - DVP_DATA_MODE4
 788:../../../firmware/n32h7xx_std_periph_driver/src/n32h7xx_dvp.c **** *\*\           - DVP_DATA_MODE5
 789:../../../firmware/n32h7xx_std_periph_driver/src/n32h7xx_dvp.c **** *\*\           - DVP_DATA_MODE6
 790:../../../firmware/n32h7xx_std_periph_driver/src/n32h7xx_dvp.c **** *\*\           - DVP_DATA_MODE7
 791:../../../firmware/n32h7xx_std_periph_driver/src/n32h7xx_dvp.c **** *\*\           - DVP_DATA_MODE8
 792:../../../firmware/n32h7xx_std_periph_driver/src/n32h7xx_dvp.c **** *\*\return  none.
 793:../../../firmware/n32h7xx_std_periph_driver/src/n32h7xx_dvp.c **** **/
 794:../../../firmware/n32h7xx_std_periph_driver/src/n32h7xx_dvp.c **** void DVP_ConfigDataMode(DVP_Module *DVPx, uint32_t Mode)
 795:../../../firmware/n32h7xx_std_periph_driver/src/n32h7xx_dvp.c **** {
 1734              		.loc 1 795 1
ARM GAS  /tmp/ccZh0YON.s 			page 45


 1735              		.cfi_startproc
 1736              		@ args = 0, pretend = 0, frame = 16
 1737              		@ frame_needed = 1, uses_anonymous_args = 0
 1738              		@ link register save eliminated.
 1739 0000 80B4     		push	{r7}
 1740              	.LCFI131:
 1741              		.cfi_def_cfa_offset 4
 1742              		.cfi_offset 7, -4
 1743 0002 85B0     		sub	sp, sp, #20
 1744              	.LCFI132:
 1745              		.cfi_def_cfa_offset 24
 1746 0004 00AF     		add	r7, sp, #0
 1747              	.LCFI133:
 1748              		.cfi_def_cfa_register 7
 1749 0006 7860     		str	r0, [r7, #4]
 1750 0008 3960     		str	r1, [r7]
 796:../../../firmware/n32h7xx_std_periph_driver/src/n32h7xx_dvp.c **** 
 797:../../../firmware/n32h7xx_std_periph_driver/src/n32h7xx_dvp.c ****     uint32_t tmpregister;
 798:../../../firmware/n32h7xx_std_periph_driver/src/n32h7xx_dvp.c ****     tmpregister = DVPx->PORTCFG;
 1751              		.loc 1 798 17
 1752 000a 7B68     		ldr	r3, [r7, #4]
 1753 000c DB68     		ldr	r3, [r3, #12]
 1754 000e FB60     		str	r3, [r7, #12]
 799:../../../firmware/n32h7xx_std_periph_driver/src/n32h7xx_dvp.c ****     tmpregister &= DVP_DATA_MODE_MASK;
 1755              		.loc 1 799 17
 1756 0010 FB68     		ldr	r3, [r7, #12]
 1757 0012 23F4E063 		bic	r3, r3, #1792
 1758 0016 FB60     		str	r3, [r7, #12]
 800:../../../firmware/n32h7xx_std_periph_driver/src/n32h7xx_dvp.c ****     tmpregister |= Mode;
 1759              		.loc 1 800 17
 1760 0018 FA68     		ldr	r2, [r7, #12]
 1761 001a 3B68     		ldr	r3, [r7]
 1762 001c 1343     		orrs	r3, r3, r2
 1763 001e FB60     		str	r3, [r7, #12]
 801:../../../firmware/n32h7xx_std_periph_driver/src/n32h7xx_dvp.c ****     DVPx->PORTCFG = (uint32_t)tmpregister;
 1764              		.loc 1 801 19
 1765 0020 7B68     		ldr	r3, [r7, #4]
 1766 0022 FA68     		ldr	r2, [r7, #12]
 1767 0024 DA60     		str	r2, [r3, #12]
 802:../../../firmware/n32h7xx_std_periph_driver/src/n32h7xx_dvp.c **** 
 803:../../../firmware/n32h7xx_std_periph_driver/src/n32h7xx_dvp.c **** }
 1768              		.loc 1 803 1
 1769 0026 00BF     		nop
 1770 0028 1437     		adds	r7, r7, #20
 1771              	.LCFI134:
 1772              		.cfi_def_cfa_offset 4
 1773 002a BD46     		mov	sp, r7
 1774              	.LCFI135:
 1775              		.cfi_def_cfa_register 13
 1776              		@ sp needed
 1777 002c 80BC     		pop	{r7}
 1778              	.LCFI136:
 1779              		.cfi_restore 7
 1780              		.cfi_def_cfa_offset 0
 1781 002e 7047     		bx	lr
 1782              		.cfi_endproc
 1783              	.LFE169:
ARM GAS  /tmp/ccZh0YON.s 			page 46


 1785              		.section	.text.DVP_ConfigPixelByte,"ax",%progbits
 1786              		.align	1
 1787              		.global	DVP_ConfigPixelByte
 1788              		.syntax unified
 1789              		.thumb
 1790              		.thumb_func
 1792              	DVP_ConfigPixelByte:
 1793              	.LFB170:
 804:../../../firmware/n32h7xx_std_periph_driver/src/n32h7xx_dvp.c **** 
 805:../../../firmware/n32h7xx_std_periph_driver/src/n32h7xx_dvp.c **** /**
 806:../../../firmware/n32h7xx_std_periph_driver/src/n32h7xx_dvp.c **** *\*\name    DVP_ConfigPixelByte.
 807:../../../firmware/n32h7xx_std_periph_driver/src/n32h7xx_dvp.c **** *\*\fun     Config DVP pixel bytes.
 808:../../../firmware/n32h7xx_std_periph_driver/src/n32h7xx_dvp.c **** *\*\param   DVPx:
 809:../../../firmware/n32h7xx_std_periph_driver/src/n32h7xx_dvp.c **** *\*\          - DVP1
 810:../../../firmware/n32h7xx_std_periph_driver/src/n32h7xx_dvp.c **** *\*\          - DVP2
 811:../../../firmware/n32h7xx_std_periph_driver/src/n32h7xx_dvp.c **** *\*\param   Pixel_Byte (The input parameters must be the following values):
 812:../../../firmware/n32h7xx_std_periph_driver/src/n32h7xx_dvp.c **** *\*\           - DVP_PIXEL_BYTE1
 813:../../../firmware/n32h7xx_std_periph_driver/src/n32h7xx_dvp.c **** *\*\           - DVP_PIXEL_BYTE2
 814:../../../firmware/n32h7xx_std_periph_driver/src/n32h7xx_dvp.c **** *\*\return  none.
 815:../../../firmware/n32h7xx_std_periph_driver/src/n32h7xx_dvp.c **** **/
 816:../../../firmware/n32h7xx_std_periph_driver/src/n32h7xx_dvp.c **** void DVP_ConfigPixelByte(DVP_Module *DVPx, uint32_t Pixel_Byte)
 817:../../../firmware/n32h7xx_std_periph_driver/src/n32h7xx_dvp.c **** {
 1794              		.loc 1 817 1
 1795              		.cfi_startproc
 1796              		@ args = 0, pretend = 0, frame = 16
 1797              		@ frame_needed = 1, uses_anonymous_args = 0
 1798              		@ link register save eliminated.
 1799 0000 80B4     		push	{r7}
 1800              	.LCFI137:
 1801              		.cfi_def_cfa_offset 4
 1802              		.cfi_offset 7, -4
 1803 0002 85B0     		sub	sp, sp, #20
 1804              	.LCFI138:
 1805              		.cfi_def_cfa_offset 24
 1806 0004 00AF     		add	r7, sp, #0
 1807              	.LCFI139:
 1808              		.cfi_def_cfa_register 7
 1809 0006 7860     		str	r0, [r7, #4]
 1810 0008 3960     		str	r1, [r7]
 818:../../../firmware/n32h7xx_std_periph_driver/src/n32h7xx_dvp.c **** 
 819:../../../firmware/n32h7xx_std_periph_driver/src/n32h7xx_dvp.c ****     uint32_t tmpregister;
 820:../../../firmware/n32h7xx_std_periph_driver/src/n32h7xx_dvp.c ****     tmpregister = DVPx->PORTCFG;
 1811              		.loc 1 820 17
 1812 000a 7B68     		ldr	r3, [r7, #4]
 1813 000c DB68     		ldr	r3, [r3, #12]
 1814 000e FB60     		str	r3, [r7, #12]
 821:../../../firmware/n32h7xx_std_periph_driver/src/n32h7xx_dvp.c ****     tmpregister &= DVP_PIXEL_BYTE_MASK;
 1815              		.loc 1 821 17
 1816 0010 FB68     		ldr	r3, [r7, #12]
 1817 0012 23F48053 		bic	r3, r3, #4096
 1818 0016 FB60     		str	r3, [r7, #12]
 822:../../../firmware/n32h7xx_std_periph_driver/src/n32h7xx_dvp.c ****     tmpregister |= Pixel_Byte;
 1819              		.loc 1 822 17
 1820 0018 FA68     		ldr	r2, [r7, #12]
 1821 001a 3B68     		ldr	r3, [r7]
 1822 001c 1343     		orrs	r3, r3, r2
 1823 001e FB60     		str	r3, [r7, #12]
ARM GAS  /tmp/ccZh0YON.s 			page 47


 823:../../../firmware/n32h7xx_std_periph_driver/src/n32h7xx_dvp.c ****     DVPx->PORTCFG = (uint32_t)tmpregister;
 1824              		.loc 1 823 19
 1825 0020 7B68     		ldr	r3, [r7, #4]
 1826 0022 FA68     		ldr	r2, [r7, #12]
 1827 0024 DA60     		str	r2, [r3, #12]
 824:../../../firmware/n32h7xx_std_periph_driver/src/n32h7xx_dvp.c **** 
 825:../../../firmware/n32h7xx_std_periph_driver/src/n32h7xx_dvp.c **** }
 1828              		.loc 1 825 1
 1829 0026 00BF     		nop
 1830 0028 1437     		adds	r7, r7, #20
 1831              	.LCFI140:
 1832              		.cfi_def_cfa_offset 4
 1833 002a BD46     		mov	sp, r7
 1834              	.LCFI141:
 1835              		.cfi_def_cfa_register 13
 1836              		@ sp needed
 1837 002c 80BC     		pop	{r7}
 1838              	.LCFI142:
 1839              		.cfi_restore 7
 1840              		.cfi_def_cfa_offset 0
 1841 002e 7047     		bx	lr
 1842              		.cfi_endproc
 1843              	.LFE170:
 1845              		.section	.text.DVP_ConfigDATAByteOrder,"ax",%progbits
 1846              		.align	1
 1847              		.global	DVP_ConfigDATAByteOrder
 1848              		.syntax unified
 1849              		.thumb
 1850              		.thumb_func
 1852              	DVP_ConfigDATAByteOrder:
 1853              	.LFB171:
 826:../../../firmware/n32h7xx_std_periph_driver/src/n32h7xx_dvp.c **** 
 827:../../../firmware/n32h7xx_std_periph_driver/src/n32h7xx_dvp.c **** /**
 828:../../../firmware/n32h7xx_std_periph_driver/src/n32h7xx_dvp.c **** *\*\name    DVP_ConfigDATAByteOrder.
 829:../../../firmware/n32h7xx_std_periph_driver/src/n32h7xx_dvp.c **** *\*\fun     Config DVP DATA order.
 830:../../../firmware/n32h7xx_std_periph_driver/src/n32h7xx_dvp.c **** *\*\param   DVPx:
 831:../../../firmware/n32h7xx_std_periph_driver/src/n32h7xx_dvp.c **** *\*\          - DVP1
 832:../../../firmware/n32h7xx_std_periph_driver/src/n32h7xx_dvp.c **** *\*\          - DVP2
 833:../../../firmware/n32h7xx_std_periph_driver/src/n32h7xx_dvp.c **** *\*\param   Byte0 (The input parameters must be the following values):
 834:../../../firmware/n32h7xx_std_periph_driver/src/n32h7xx_dvp.c **** *\*\           - DVP_BYTE0_ORDER1
 835:../../../firmware/n32h7xx_std_periph_driver/src/n32h7xx_dvp.c **** *\*\           - DVP_BYTE0_ORDER2
 836:../../../firmware/n32h7xx_std_periph_driver/src/n32h7xx_dvp.c **** *\*\           - DVP_BYTE0_ORDER3
 837:../../../firmware/n32h7xx_std_periph_driver/src/n32h7xx_dvp.c **** *\*\           - DVP_BYTE0_ORDER4
 838:../../../firmware/n32h7xx_std_periph_driver/src/n32h7xx_dvp.c **** *\*\param   Byte1 (The input parameters must be the following values):
 839:../../../firmware/n32h7xx_std_periph_driver/src/n32h7xx_dvp.c **** *\*\           - DVP_BYTE1_ORDER1
 840:../../../firmware/n32h7xx_std_periph_driver/src/n32h7xx_dvp.c **** *\*\           - DVP_BYTE1_ORDER2
 841:../../../firmware/n32h7xx_std_periph_driver/src/n32h7xx_dvp.c **** *\*\           - DVP_BYTE1_ORDER3
 842:../../../firmware/n32h7xx_std_periph_driver/src/n32h7xx_dvp.c **** *\*\           - DVP_BYTE1_ORDER4
 843:../../../firmware/n32h7xx_std_periph_driver/src/n32h7xx_dvp.c **** *\*\param   Byte2 (The input parameters must be the following values):
 844:../../../firmware/n32h7xx_std_periph_driver/src/n32h7xx_dvp.c **** *\*\           - DVP_BYTE2_ORDER1
 845:../../../firmware/n32h7xx_std_periph_driver/src/n32h7xx_dvp.c **** *\*\           - DVP_BYTE2_ORDER2
 846:../../../firmware/n32h7xx_std_periph_driver/src/n32h7xx_dvp.c **** *\*\           - DVP_BYTE2_ORDER3
 847:../../../firmware/n32h7xx_std_periph_driver/src/n32h7xx_dvp.c **** *\*\           - DVP_BYTE2_ORDER4
 848:../../../firmware/n32h7xx_std_periph_driver/src/n32h7xx_dvp.c **** *\*\param   Byte3 (The input parameters must be the following values):
 849:../../../firmware/n32h7xx_std_periph_driver/src/n32h7xx_dvp.c **** *\*\           - DVP_BYTE3_ORDER1
 850:../../../firmware/n32h7xx_std_periph_driver/src/n32h7xx_dvp.c **** *\*\           - DVP_BYTE3_ORDER2
 851:../../../firmware/n32h7xx_std_periph_driver/src/n32h7xx_dvp.c **** *\*\           - DVP_BYTE3_ORDER3
ARM GAS  /tmp/ccZh0YON.s 			page 48


 852:../../../firmware/n32h7xx_std_periph_driver/src/n32h7xx_dvp.c **** *\*\           - DVP_BYTE3_ORDER4
 853:../../../firmware/n32h7xx_std_periph_driver/src/n32h7xx_dvp.c **** *\*\return  none.
 854:../../../firmware/n32h7xx_std_periph_driver/src/n32h7xx_dvp.c **** **/
 855:../../../firmware/n32h7xx_std_periph_driver/src/n32h7xx_dvp.c **** void DVP_ConfigDATAByteOrder(DVP_Module *DVPx, uint32_t Byte0, uint32_t Byte1, uint32_t Byte2, uint
 856:../../../firmware/n32h7xx_std_periph_driver/src/n32h7xx_dvp.c **** {
 1854              		.loc 1 856 1
 1855              		.cfi_startproc
 1856              		@ args = 4, pretend = 0, frame = 24
 1857              		@ frame_needed = 1, uses_anonymous_args = 0
 1858              		@ link register save eliminated.
 1859 0000 80B4     		push	{r7}
 1860              	.LCFI143:
 1861              		.cfi_def_cfa_offset 4
 1862              		.cfi_offset 7, -4
 1863 0002 87B0     		sub	sp, sp, #28
 1864              	.LCFI144:
 1865              		.cfi_def_cfa_offset 32
 1866 0004 00AF     		add	r7, sp, #0
 1867              	.LCFI145:
 1868              		.cfi_def_cfa_register 7
 1869 0006 F860     		str	r0, [r7, #12]
 1870 0008 B960     		str	r1, [r7, #8]
 1871 000a 7A60     		str	r2, [r7, #4]
 1872 000c 3B60     		str	r3, [r7]
 857:../../../firmware/n32h7xx_std_periph_driver/src/n32h7xx_dvp.c **** 
 858:../../../firmware/n32h7xx_std_periph_driver/src/n32h7xx_dvp.c ****     uint32_t temp_value;
 859:../../../firmware/n32h7xx_std_periph_driver/src/n32h7xx_dvp.c ****     temp_value = (Byte0 | Byte1 | Byte2 | Byte3);
 1873              		.loc 1 859 25
 1874 000e BA68     		ldr	r2, [r7, #8]
 1875 0010 7B68     		ldr	r3, [r7, #4]
 1876 0012 1A43     		orrs	r2, r2, r3
 1877              		.loc 1 859 33
 1878 0014 3B68     		ldr	r3, [r7]
 1879 0016 1343     		orrs	r3, r3, r2
 1880              		.loc 1 859 16
 1881 0018 3A6A     		ldr	r2, [r7, #32]
 1882 001a 1343     		orrs	r3, r3, r2
 1883 001c 7B61     		str	r3, [r7, #20]
 860:../../../firmware/n32h7xx_std_periph_driver/src/n32h7xx_dvp.c ****     DVPx->PORTCFG &= DVP_BYTE_ORDER_MASK;
 1884              		.loc 1 860 9
 1885 001e FB68     		ldr	r3, [r7, #12]
 1886 0020 DB68     		ldr	r3, [r3, #12]
 1887              		.loc 1 860 19
 1888 0022 23F47F02 		bic	r2, r3, #16711680
 1889 0026 FB68     		ldr	r3, [r7, #12]
 1890 0028 DA60     		str	r2, [r3, #12]
 861:../../../firmware/n32h7xx_std_periph_driver/src/n32h7xx_dvp.c ****     DVPx->PORTCFG |= temp_value;
 1891              		.loc 1 861 9
 1892 002a FB68     		ldr	r3, [r7, #12]
 1893 002c DA68     		ldr	r2, [r3, #12]
 1894              		.loc 1 861 19
 1895 002e 7B69     		ldr	r3, [r7, #20]
 1896 0030 1A43     		orrs	r2, r2, r3
 1897 0032 FB68     		ldr	r3, [r7, #12]
 1898 0034 DA60     		str	r2, [r3, #12]
 862:../../../firmware/n32h7xx_std_periph_driver/src/n32h7xx_dvp.c **** 
 863:../../../firmware/n32h7xx_std_periph_driver/src/n32h7xx_dvp.c **** }
ARM GAS  /tmp/ccZh0YON.s 			page 49


 1899              		.loc 1 863 1
 1900 0036 00BF     		nop
 1901 0038 1C37     		adds	r7, r7, #28
 1902              	.LCFI146:
 1903              		.cfi_def_cfa_offset 4
 1904 003a BD46     		mov	sp, r7
 1905              	.LCFI147:
 1906              		.cfi_def_cfa_register 13
 1907              		@ sp needed
 1908 003c 80BC     		pop	{r7}
 1909              	.LCFI148:
 1910              		.cfi_restore 7
 1911              		.cfi_def_cfa_offset 0
 1912 003e 7047     		bx	lr
 1913              		.cfi_endproc
 1914              	.LFE171:
 1916              		.section	.text.DVP_ConfigInitSKIP,"ax",%progbits
 1917              		.align	1
 1918              		.global	DVP_ConfigInitSKIP
 1919              		.syntax unified
 1920              		.thumb
 1921              		.thumb_func
 1923              	DVP_ConfigInitSKIP:
 1924              	.LFB172:
 864:../../../firmware/n32h7xx_std_periph_driver/src/n32h7xx_dvp.c **** 
 865:../../../firmware/n32h7xx_std_periph_driver/src/n32h7xx_dvp.c **** /**
 866:../../../firmware/n32h7xx_std_periph_driver/src/n32h7xx_dvp.c **** *\*\name    DVP_ConfigInitSKIP.
 867:../../../firmware/n32h7xx_std_periph_driver/src/n32h7xx_dvp.c **** *\*\fun     Config Initial Frame Line Skip .
 868:../../../firmware/n32h7xx_std_periph_driver/src/n32h7xx_dvp.c **** *\*\param   DVPx:
 869:../../../firmware/n32h7xx_std_periph_driver/src/n32h7xx_dvp.c **** *\*\          - DVP1
 870:../../../firmware/n32h7xx_std_periph_driver/src/n32h7xx_dvp.c **** *\*\          - DVP2
 871:../../../firmware/n32h7xx_std_periph_driver/src/n32h7xx_dvp.c **** *\*\param   Line (The input parameters must be the following values):
 872:../../../firmware/n32h7xx_std_periph_driver/src/n32h7xx_dvp.c **** *\*\           - DVP_SKIP_LINE1
 873:../../../firmware/n32h7xx_std_periph_driver/src/n32h7xx_dvp.c **** *\*\           - DVP_SKIP_LINE2
 874:../../../firmware/n32h7xx_std_periph_driver/src/n32h7xx_dvp.c **** *\*\           - DVP_SKIP_LINE3
 875:../../../firmware/n32h7xx_std_periph_driver/src/n32h7xx_dvp.c **** *\*\           - DVP_SKIP_LINE4
 876:../../../firmware/n32h7xx_std_periph_driver/src/n32h7xx_dvp.c **** *\*\           - DVP_SKIP_LINE5
 877:../../../firmware/n32h7xx_std_periph_driver/src/n32h7xx_dvp.c **** *\*\           - DVP_SKIP_LINE6
 878:../../../firmware/n32h7xx_std_periph_driver/src/n32h7xx_dvp.c **** *\*\           - DVP_SKIP_LINE7
 879:../../../firmware/n32h7xx_std_periph_driver/src/n32h7xx_dvp.c **** *\*\           - DVP_SKIP_LINE8
 880:../../../firmware/n32h7xx_std_periph_driver/src/n32h7xx_dvp.c **** *\*\           - DVP_SKIP_LINE9
 881:../../../firmware/n32h7xx_std_periph_driver/src/n32h7xx_dvp.c **** *\*\           - DVP_SKIP_LINE10
 882:../../../firmware/n32h7xx_std_periph_driver/src/n32h7xx_dvp.c **** *\*\           - DVP_SKIP_LINE11
 883:../../../firmware/n32h7xx_std_periph_driver/src/n32h7xx_dvp.c **** *\*\           - DVP_SKIP_LINE12
 884:../../../firmware/n32h7xx_std_periph_driver/src/n32h7xx_dvp.c **** *\*\           - DVP_SKIP_LINE13
 885:../../../firmware/n32h7xx_std_periph_driver/src/n32h7xx_dvp.c **** *\*\           - DVP_SKIP_LINE14
 886:../../../firmware/n32h7xx_std_periph_driver/src/n32h7xx_dvp.c **** *\*\           - DVP_SKIP_LINE15
 887:../../../firmware/n32h7xx_std_periph_driver/src/n32h7xx_dvp.c **** *\*\return  none.
 888:../../../firmware/n32h7xx_std_periph_driver/src/n32h7xx_dvp.c **** **/
 889:../../../firmware/n32h7xx_std_periph_driver/src/n32h7xx_dvp.c **** void DVP_ConfigInitSKIP(DVP_Module *DVPx, uint32_t Line)
 890:../../../firmware/n32h7xx_std_periph_driver/src/n32h7xx_dvp.c **** {
 1925              		.loc 1 890 1
 1926              		.cfi_startproc
 1927              		@ args = 0, pretend = 0, frame = 16
 1928              		@ frame_needed = 1, uses_anonymous_args = 0
 1929              		@ link register save eliminated.
 1930 0000 80B4     		push	{r7}
ARM GAS  /tmp/ccZh0YON.s 			page 50


 1931              	.LCFI149:
 1932              		.cfi_def_cfa_offset 4
 1933              		.cfi_offset 7, -4
 1934 0002 85B0     		sub	sp, sp, #20
 1935              	.LCFI150:
 1936              		.cfi_def_cfa_offset 24
 1937 0004 00AF     		add	r7, sp, #0
 1938              	.LCFI151:
 1939              		.cfi_def_cfa_register 7
 1940 0006 7860     		str	r0, [r7, #4]
 1941 0008 3960     		str	r1, [r7]
 891:../../../firmware/n32h7xx_std_periph_driver/src/n32h7xx_dvp.c **** 
 892:../../../firmware/n32h7xx_std_periph_driver/src/n32h7xx_dvp.c ****     uint32_t temp_value;
 893:../../../firmware/n32h7xx_std_periph_driver/src/n32h7xx_dvp.c ****     temp_value = (uint32_t)(Line << 24);
 1942              		.loc 1 893 16
 1943 000a 3B68     		ldr	r3, [r7]
 1944 000c 1B06     		lsls	r3, r3, #24
 1945 000e FB60     		str	r3, [r7, #12]
 894:../../../firmware/n32h7xx_std_periph_driver/src/n32h7xx_dvp.c ****     DVPx->PORTCFG &= DVP_ISKIP_MASK;
 1946              		.loc 1 894 9
 1947 0010 7B68     		ldr	r3, [r7, #4]
 1948 0012 DB68     		ldr	r3, [r3, #12]
 1949              		.loc 1 894 19
 1950 0014 23F07062 		bic	r2, r3, #251658240
 1951 0018 7B68     		ldr	r3, [r7, #4]
 1952 001a DA60     		str	r2, [r3, #12]
 895:../../../firmware/n32h7xx_std_periph_driver/src/n32h7xx_dvp.c ****     DVPx->PORTCFG |= temp_value;
 1953              		.loc 1 895 9
 1954 001c 7B68     		ldr	r3, [r7, #4]
 1955 001e DA68     		ldr	r2, [r3, #12]
 1956              		.loc 1 895 19
 1957 0020 FB68     		ldr	r3, [r7, #12]
 1958 0022 1A43     		orrs	r2, r2, r3
 1959 0024 7B68     		ldr	r3, [r7, #4]
 1960 0026 DA60     		str	r2, [r3, #12]
 896:../../../firmware/n32h7xx_std_periph_driver/src/n32h7xx_dvp.c **** 
 897:../../../firmware/n32h7xx_std_periph_driver/src/n32h7xx_dvp.c **** }
 1961              		.loc 1 897 1
 1962 0028 00BF     		nop
 1963 002a 1437     		adds	r7, r7, #20
 1964              	.LCFI152:
 1965              		.cfi_def_cfa_offset 4
 1966 002c BD46     		mov	sp, r7
 1967              	.LCFI153:
 1968              		.cfi_def_cfa_register 13
 1969              		@ sp needed
 1970 002e 80BC     		pop	{r7}
 1971              	.LCFI154:
 1972              		.cfi_restore 7
 1973              		.cfi_def_cfa_offset 0
 1974 0030 7047     		bx	lr
 1975              		.cfi_endproc
 1976              	.LFE172:
 1978              		.section	.text.DVP_ConfigRepeatSKIP,"ax",%progbits
 1979              		.align	1
 1980              		.global	DVP_ConfigRepeatSKIP
 1981              		.syntax unified
ARM GAS  /tmp/ccZh0YON.s 			page 51


 1982              		.thumb
 1983              		.thumb_func
 1985              	DVP_ConfigRepeatSKIP:
 1986              	.LFB173:
 898:../../../firmware/n32h7xx_std_periph_driver/src/n32h7xx_dvp.c **** 
 899:../../../firmware/n32h7xx_std_periph_driver/src/n32h7xx_dvp.c **** /**
 900:../../../firmware/n32h7xx_std_periph_driver/src/n32h7xx_dvp.c **** *\*\name    DVP_ConfigRepeatSKIP.
 901:../../../firmware/n32h7xx_std_periph_driver/src/n32h7xx_dvp.c **** *\*\fun     Config Repeat Frame Line Skip .
 902:../../../firmware/n32h7xx_std_periph_driver/src/n32h7xx_dvp.c **** *\*\param   DVPx:
 903:../../../firmware/n32h7xx_std_periph_driver/src/n32h7xx_dvp.c **** *\*\          - DVP1
 904:../../../firmware/n32h7xx_std_periph_driver/src/n32h7xx_dvp.c **** *\*\          - DVP2
 905:../../../firmware/n32h7xx_std_periph_driver/src/n32h7xx_dvp.c **** *\*\param   Line (The input parameters must be the following values):
 906:../../../firmware/n32h7xx_std_periph_driver/src/n32h7xx_dvp.c **** *\*\           - DVP_SKIP_LINE1
 907:../../../firmware/n32h7xx_std_periph_driver/src/n32h7xx_dvp.c **** *\*\           - DVP_SKIP_LINE2
 908:../../../firmware/n32h7xx_std_periph_driver/src/n32h7xx_dvp.c **** *\*\           - DVP_SKIP_LINE3
 909:../../../firmware/n32h7xx_std_periph_driver/src/n32h7xx_dvp.c **** *\*\           - DVP_SKIP_LINE4
 910:../../../firmware/n32h7xx_std_periph_driver/src/n32h7xx_dvp.c **** *\*\           - DVP_SKIP_LINE5
 911:../../../firmware/n32h7xx_std_periph_driver/src/n32h7xx_dvp.c **** *\*\           - DVP_SKIP_LINE6
 912:../../../firmware/n32h7xx_std_periph_driver/src/n32h7xx_dvp.c **** *\*\           - DVP_SKIP_LINE7
 913:../../../firmware/n32h7xx_std_periph_driver/src/n32h7xx_dvp.c **** *\*\           - DVP_SKIP_LINE8
 914:../../../firmware/n32h7xx_std_periph_driver/src/n32h7xx_dvp.c **** *\*\           - DVP_SKIP_LINE9
 915:../../../firmware/n32h7xx_std_periph_driver/src/n32h7xx_dvp.c **** *\*\           - DVP_SKIP_LINE10
 916:../../../firmware/n32h7xx_std_periph_driver/src/n32h7xx_dvp.c **** *\*\           - DVP_SKIP_LINE11
 917:../../../firmware/n32h7xx_std_periph_driver/src/n32h7xx_dvp.c **** *\*\           - DVP_SKIP_LINE12
 918:../../../firmware/n32h7xx_std_periph_driver/src/n32h7xx_dvp.c **** *\*\           - DVP_SKIP_LINE13
 919:../../../firmware/n32h7xx_std_periph_driver/src/n32h7xx_dvp.c **** *\*\           - DVP_ODD_LINE
 920:../../../firmware/n32h7xx_std_periph_driver/src/n32h7xx_dvp.c **** *\*\           - DVP_EVEN_LINE
 921:../../../firmware/n32h7xx_std_periph_driver/src/n32h7xx_dvp.c **** *\*\return  none.
 922:../../../firmware/n32h7xx_std_periph_driver/src/n32h7xx_dvp.c **** **/
 923:../../../firmware/n32h7xx_std_periph_driver/src/n32h7xx_dvp.c **** void DVP_ConfigRepeatSKIP(DVP_Module *DVPx, uint32_t Line)
 924:../../../firmware/n32h7xx_std_periph_driver/src/n32h7xx_dvp.c **** {
 1987              		.loc 1 924 1
 1988              		.cfi_startproc
 1989              		@ args = 0, pretend = 0, frame = 16
 1990              		@ frame_needed = 1, uses_anonymous_args = 0
 1991              		@ link register save eliminated.
 1992 0000 80B4     		push	{r7}
 1993              	.LCFI155:
 1994              		.cfi_def_cfa_offset 4
 1995              		.cfi_offset 7, -4
 1996 0002 85B0     		sub	sp, sp, #20
 1997              	.LCFI156:
 1998              		.cfi_def_cfa_offset 24
 1999 0004 00AF     		add	r7, sp, #0
 2000              	.LCFI157:
 2001              		.cfi_def_cfa_register 7
 2002 0006 7860     		str	r0, [r7, #4]
 2003 0008 3960     		str	r1, [r7]
 925:../../../firmware/n32h7xx_std_periph_driver/src/n32h7xx_dvp.c **** 
 926:../../../firmware/n32h7xx_std_periph_driver/src/n32h7xx_dvp.c ****     uint32_t temp_value;
 927:../../../firmware/n32h7xx_std_periph_driver/src/n32h7xx_dvp.c ****     temp_value = (uint32_t)(Line << 28);
 2004              		.loc 1 927 16
 2005 000a 3B68     		ldr	r3, [r7]
 2006 000c 1B07     		lsls	r3, r3, #28
 2007 000e FB60     		str	r3, [r7, #12]
 928:../../../firmware/n32h7xx_std_periph_driver/src/n32h7xx_dvp.c ****     DVPx->PORTCFG &= DVP_RSKIP_MASK;
 2008              		.loc 1 928 9
ARM GAS  /tmp/ccZh0YON.s 			page 52


 2009 0010 7B68     		ldr	r3, [r7, #4]
 2010 0012 DB68     		ldr	r3, [r3, #12]
 2011              		.loc 1 928 19
 2012 0014 23F07042 		bic	r2, r3, #-268435456
 2013 0018 7B68     		ldr	r3, [r7, #4]
 2014 001a DA60     		str	r2, [r3, #12]
 929:../../../firmware/n32h7xx_std_periph_driver/src/n32h7xx_dvp.c ****     DVPx->PORTCFG |= temp_value;
 2015              		.loc 1 929 9
 2016 001c 7B68     		ldr	r3, [r7, #4]
 2017 001e DA68     		ldr	r2, [r3, #12]
 2018              		.loc 1 929 19
 2019 0020 FB68     		ldr	r3, [r7, #12]
 2020 0022 1A43     		orrs	r2, r2, r3
 2021 0024 7B68     		ldr	r3, [r7, #4]
 2022 0026 DA60     		str	r2, [r3, #12]
 930:../../../firmware/n32h7xx_std_periph_driver/src/n32h7xx_dvp.c **** 
 931:../../../firmware/n32h7xx_std_periph_driver/src/n32h7xx_dvp.c **** }
 2023              		.loc 1 931 1
 2024 0028 00BF     		nop
 2025 002a 1437     		adds	r7, r7, #20
 2026              	.LCFI158:
 2027              		.cfi_def_cfa_offset 4
 2028 002c BD46     		mov	sp, r7
 2029              	.LCFI159:
 2030              		.cfi_def_cfa_register 13
 2031              		@ sp needed
 2032 002e 80BC     		pop	{r7}
 2033              	.LCFI160:
 2034              		.cfi_restore 7
 2035              		.cfi_def_cfa_offset 0
 2036 0030 7047     		bx	lr
 2037              		.cfi_endproc
 2038              	.LFE173:
 2040              		.section	.text.DVP_EnableBuffer1,"ax",%progbits
 2041              		.align	1
 2042              		.global	DVP_EnableBuffer1
 2043              		.syntax unified
 2044              		.thumb
 2045              		.thumb_func
 2047              	DVP_EnableBuffer1:
 2048              	.LFB174:
 932:../../../firmware/n32h7xx_std_periph_driver/src/n32h7xx_dvp.c **** 
 933:../../../firmware/n32h7xx_std_periph_driver/src/n32h7xx_dvp.c **** /**
 934:../../../firmware/n32h7xx_std_periph_driver/src/n32h7xx_dvp.c **** *\*\name    DVP_EnableBuffer1.
 935:../../../firmware/n32h7xx_std_periph_driver/src/n32h7xx_dvp.c **** *\*\fun     Frame Buffer 1 enable.
 936:../../../firmware/n32h7xx_std_periph_driver/src/n32h7xx_dvp.c **** *\*\param   DVPx:
 937:../../../firmware/n32h7xx_std_periph_driver/src/n32h7xx_dvp.c **** *\*\          - DVP1
 938:../../../firmware/n32h7xx_std_periph_driver/src/n32h7xx_dvp.c **** *\*\          - DVP2
 939:../../../firmware/n32h7xx_std_periph_driver/src/n32h7xx_dvp.c **** *\*\param  Cmd:(The input parameters must be the following values)
 940:../../../firmware/n32h7xx_std_periph_driver/src/n32h7xx_dvp.c **** *\*\            - ENABLE
 941:../../../firmware/n32h7xx_std_periph_driver/src/n32h7xx_dvp.c **** *\*\            - DISABLE
 942:../../../firmware/n32h7xx_std_periph_driver/src/n32h7xx_dvp.c **** *\*\return  none
 943:../../../firmware/n32h7xx_std_periph_driver/src/n32h7xx_dvp.c **** **/
 944:../../../firmware/n32h7xx_std_periph_driver/src/n32h7xx_dvp.c **** void DVP_EnableBuffer1(DVP_Module *DVPx, FunctionalState Cmd)
 945:../../../firmware/n32h7xx_std_periph_driver/src/n32h7xx_dvp.c **** {
 2049              		.loc 1 945 1
 2050              		.cfi_startproc
ARM GAS  /tmp/ccZh0YON.s 			page 53


 2051              		@ args = 0, pretend = 0, frame = 8
 2052              		@ frame_needed = 1, uses_anonymous_args = 0
 2053              		@ link register save eliminated.
 2054 0000 80B4     		push	{r7}
 2055              	.LCFI161:
 2056              		.cfi_def_cfa_offset 4
 2057              		.cfi_offset 7, -4
 2058 0002 83B0     		sub	sp, sp, #12
 2059              	.LCFI162:
 2060              		.cfi_def_cfa_offset 16
 2061 0004 00AF     		add	r7, sp, #0
 2062              	.LCFI163:
 2063              		.cfi_def_cfa_register 7
 2064 0006 7860     		str	r0, [r7, #4]
 2065 0008 0B46     		mov	r3, r1
 2066 000a FB70     		strb	r3, [r7, #3]
 946:../../../firmware/n32h7xx_std_periph_driver/src/n32h7xx_dvp.c **** 
 947:../../../firmware/n32h7xx_std_periph_driver/src/n32h7xx_dvp.c ****     if (Cmd != DISABLE)
 2067              		.loc 1 947 8
 2068 000c FB78     		ldrb	r3, [r7, #3]	@ zero_extendqisi2
 2069 000e 002B     		cmp	r3, #0
 2070 0010 06D0     		beq	.L76
 948:../../../firmware/n32h7xx_std_periph_driver/src/n32h7xx_dvp.c ****     {
 949:../../../firmware/n32h7xx_std_periph_driver/src/n32h7xx_dvp.c ****         DVPx->FIFOCFG |= DVP_BUFFER1;
 2071              		.loc 1 949 13
 2072 0012 7B68     		ldr	r3, [r7, #4]
 2073 0014 1B69     		ldr	r3, [r3, #16]
 2074              		.loc 1 949 23
 2075 0016 43F00102 		orr	r2, r3, #1
 2076 001a 7B68     		ldr	r3, [r7, #4]
 2077 001c 1A61     		str	r2, [r3, #16]
 950:../../../firmware/n32h7xx_std_periph_driver/src/n32h7xx_dvp.c ****     }
 951:../../../firmware/n32h7xx_std_periph_driver/src/n32h7xx_dvp.c ****     else
 952:../../../firmware/n32h7xx_std_periph_driver/src/n32h7xx_dvp.c ****     {
 953:../../../firmware/n32h7xx_std_periph_driver/src/n32h7xx_dvp.c ****         DVPx->FIFOCFG &= DVP_BUFFER1_MASK;
 954:../../../firmware/n32h7xx_std_periph_driver/src/n32h7xx_dvp.c ****     }
 955:../../../firmware/n32h7xx_std_periph_driver/src/n32h7xx_dvp.c **** 
 956:../../../firmware/n32h7xx_std_periph_driver/src/n32h7xx_dvp.c **** }
 2078              		.loc 1 956 1
 2079 001e 05E0     		b	.L78
 2080              	.L76:
 953:../../../firmware/n32h7xx_std_periph_driver/src/n32h7xx_dvp.c ****     }
 2081              		.loc 1 953 13
 2082 0020 7B68     		ldr	r3, [r7, #4]
 2083 0022 1B69     		ldr	r3, [r3, #16]
 953:../../../firmware/n32h7xx_std_periph_driver/src/n32h7xx_dvp.c ****     }
 2084              		.loc 1 953 23
 2085 0024 23F00102 		bic	r2, r3, #1
 2086 0028 7B68     		ldr	r3, [r7, #4]
 2087 002a 1A61     		str	r2, [r3, #16]
 2088              	.L78:
 2089              		.loc 1 956 1
 2090 002c 00BF     		nop
 2091 002e 0C37     		adds	r7, r7, #12
 2092              	.LCFI164:
 2093              		.cfi_def_cfa_offset 4
 2094 0030 BD46     		mov	sp, r7
ARM GAS  /tmp/ccZh0YON.s 			page 54


 2095              	.LCFI165:
 2096              		.cfi_def_cfa_register 13
 2097              		@ sp needed
 2098 0032 80BC     		pop	{r7}
 2099              	.LCFI166:
 2100              		.cfi_restore 7
 2101              		.cfi_def_cfa_offset 0
 2102 0034 7047     		bx	lr
 2103              		.cfi_endproc
 2104              	.LFE174:
 2106              		.section	.text.DVP_SetBuffer1Address,"ax",%progbits
 2107              		.align	1
 2108              		.global	DVP_SetBuffer1Address
 2109              		.syntax unified
 2110              		.thumb
 2111              		.thumb_func
 2113              	DVP_SetBuffer1Address:
 2114              	.LFB175:
 957:../../../firmware/n32h7xx_std_periph_driver/src/n32h7xx_dvp.c **** 
 958:../../../firmware/n32h7xx_std_periph_driver/src/n32h7xx_dvp.c **** /**
 959:../../../firmware/n32h7xx_std_periph_driver/src/n32h7xx_dvp.c **** *\*\name    DVP_SetBuffer1Address.
 960:../../../firmware/n32h7xx_std_periph_driver/src/n32h7xx_dvp.c **** *\*\fun     Set Frame Buffer 1 Start Address.
 961:../../../firmware/n32h7xx_std_periph_driver/src/n32h7xx_dvp.c **** *\*\param   DVPx:
 962:../../../firmware/n32h7xx_std_periph_driver/src/n32h7xx_dvp.c **** *\*\          - DVP1
 963:../../../firmware/n32h7xx_std_periph_driver/src/n32h7xx_dvp.c **** *\*\          - DVP2
 964:../../../firmware/n32h7xx_std_periph_driver/src/n32h7xx_dvp.c **** *\*\param  Addres:(The input parameters must be the following values)
 965:../../../firmware/n32h7xx_std_periph_driver/src/n32h7xx_dvp.c **** *\*\            - 0x00000000~0xFFFFFFFF
 966:../../../firmware/n32h7xx_std_periph_driver/src/n32h7xx_dvp.c **** *\*\return  none
 967:../../../firmware/n32h7xx_std_periph_driver/src/n32h7xx_dvp.c **** **/
 968:../../../firmware/n32h7xx_std_periph_driver/src/n32h7xx_dvp.c **** void DVP_SetBuffer1Address(DVP_Module *DVPx, uint32_t Addres)
 969:../../../firmware/n32h7xx_std_periph_driver/src/n32h7xx_dvp.c **** {
 2115              		.loc 1 969 1
 2116              		.cfi_startproc
 2117              		@ args = 0, pretend = 0, frame = 8
 2118              		@ frame_needed = 1, uses_anonymous_args = 0
 2119              		@ link register save eliminated.
 2120 0000 80B4     		push	{r7}
 2121              	.LCFI167:
 2122              		.cfi_def_cfa_offset 4
 2123              		.cfi_offset 7, -4
 2124 0002 83B0     		sub	sp, sp, #12
 2125              	.LCFI168:
 2126              		.cfi_def_cfa_offset 16
 2127 0004 00AF     		add	r7, sp, #0
 2128              	.LCFI169:
 2129              		.cfi_def_cfa_register 7
 2130 0006 7860     		str	r0, [r7, #4]
 2131 0008 3960     		str	r1, [r7]
 970:../../../firmware/n32h7xx_std_periph_driver/src/n32h7xx_dvp.c **** 
 971:../../../firmware/n32h7xx_std_periph_driver/src/n32h7xx_dvp.c ****     DVPx->SMADDR1 = (uint32_t)Addres;
 2132              		.loc 1 971 19
 2133 000a 7B68     		ldr	r3, [r7, #4]
 2134 000c 3A68     		ldr	r2, [r7]
 2135 000e 5A61     		str	r2, [r3, #20]
 972:../../../firmware/n32h7xx_std_periph_driver/src/n32h7xx_dvp.c **** 
 973:../../../firmware/n32h7xx_std_periph_driver/src/n32h7xx_dvp.c **** }
 2136              		.loc 1 973 1
ARM GAS  /tmp/ccZh0YON.s 			page 55


 2137 0010 00BF     		nop
 2138 0012 0C37     		adds	r7, r7, #12
 2139              	.LCFI170:
 2140              		.cfi_def_cfa_offset 4
 2141 0014 BD46     		mov	sp, r7
 2142              	.LCFI171:
 2143              		.cfi_def_cfa_register 13
 2144              		@ sp needed
 2145 0016 80BC     		pop	{r7}
 2146              	.LCFI172:
 2147              		.cfi_restore 7
 2148              		.cfi_def_cfa_offset 0
 2149 0018 7047     		bx	lr
 2150              		.cfi_endproc
 2151              	.LFE175:
 2153              		.section	.text.DVP_EnableBuffer2,"ax",%progbits
 2154              		.align	1
 2155              		.global	DVP_EnableBuffer2
 2156              		.syntax unified
 2157              		.thumb
 2158              		.thumb_func
 2160              	DVP_EnableBuffer2:
 2161              	.LFB176:
 974:../../../firmware/n32h7xx_std_periph_driver/src/n32h7xx_dvp.c **** 
 975:../../../firmware/n32h7xx_std_periph_driver/src/n32h7xx_dvp.c **** /**
 976:../../../firmware/n32h7xx_std_periph_driver/src/n32h7xx_dvp.c **** *\*\name    DVP_EnableBuffer2.
 977:../../../firmware/n32h7xx_std_periph_driver/src/n32h7xx_dvp.c **** *\*\fun     Frame Buffer 2 enable.
 978:../../../firmware/n32h7xx_std_periph_driver/src/n32h7xx_dvp.c **** *\*\param   DVPx:
 979:../../../firmware/n32h7xx_std_periph_driver/src/n32h7xx_dvp.c **** *\*\          - DVP1
 980:../../../firmware/n32h7xx_std_periph_driver/src/n32h7xx_dvp.c **** *\*\          - DVP2
 981:../../../firmware/n32h7xx_std_periph_driver/src/n32h7xx_dvp.c **** *\*\param  Cmd:(The input parameters must be the following values)
 982:../../../firmware/n32h7xx_std_periph_driver/src/n32h7xx_dvp.c **** *\*\            - ENABLE
 983:../../../firmware/n32h7xx_std_periph_driver/src/n32h7xx_dvp.c **** *\*\            - DISABLE
 984:../../../firmware/n32h7xx_std_periph_driver/src/n32h7xx_dvp.c **** *\*\return  none
 985:../../../firmware/n32h7xx_std_periph_driver/src/n32h7xx_dvp.c **** **/
 986:../../../firmware/n32h7xx_std_periph_driver/src/n32h7xx_dvp.c **** void DVP_EnableBuffer2(DVP_Module *DVPx, FunctionalState Cmd)
 987:../../../firmware/n32h7xx_std_periph_driver/src/n32h7xx_dvp.c **** {
 2162              		.loc 1 987 1
 2163              		.cfi_startproc
 2164              		@ args = 0, pretend = 0, frame = 8
 2165              		@ frame_needed = 1, uses_anonymous_args = 0
 2166              		@ link register save eliminated.
 2167 0000 80B4     		push	{r7}
 2168              	.LCFI173:
 2169              		.cfi_def_cfa_offset 4
 2170              		.cfi_offset 7, -4
 2171 0002 83B0     		sub	sp, sp, #12
 2172              	.LCFI174:
 2173              		.cfi_def_cfa_offset 16
 2174 0004 00AF     		add	r7, sp, #0
 2175              	.LCFI175:
 2176              		.cfi_def_cfa_register 7
 2177 0006 7860     		str	r0, [r7, #4]
 2178 0008 0B46     		mov	r3, r1
 2179 000a FB70     		strb	r3, [r7, #3]
 988:../../../firmware/n32h7xx_std_periph_driver/src/n32h7xx_dvp.c **** 
 989:../../../firmware/n32h7xx_std_periph_driver/src/n32h7xx_dvp.c ****     if (Cmd != DISABLE)
ARM GAS  /tmp/ccZh0YON.s 			page 56


 2180              		.loc 1 989 8
 2181 000c FB78     		ldrb	r3, [r7, #3]	@ zero_extendqisi2
 2182 000e 002B     		cmp	r3, #0
 2183 0010 06D0     		beq	.L81
 990:../../../firmware/n32h7xx_std_periph_driver/src/n32h7xx_dvp.c ****     {
 991:../../../firmware/n32h7xx_std_periph_driver/src/n32h7xx_dvp.c ****         DVPx->FIFOCFG |= DVP_BUFFER2;
 2184              		.loc 1 991 13
 2185 0012 7B68     		ldr	r3, [r7, #4]
 2186 0014 1B69     		ldr	r3, [r3, #16]
 2187              		.loc 1 991 23
 2188 0016 43F00202 		orr	r2, r3, #2
 2189 001a 7B68     		ldr	r3, [r7, #4]
 2190 001c 1A61     		str	r2, [r3, #16]
 992:../../../firmware/n32h7xx_std_periph_driver/src/n32h7xx_dvp.c ****     }
 993:../../../firmware/n32h7xx_std_periph_driver/src/n32h7xx_dvp.c ****     else
 994:../../../firmware/n32h7xx_std_periph_driver/src/n32h7xx_dvp.c ****     {
 995:../../../firmware/n32h7xx_std_periph_driver/src/n32h7xx_dvp.c ****         DVPx->FIFOCFG &= DVP_BUFFER2_MASK;
 996:../../../firmware/n32h7xx_std_periph_driver/src/n32h7xx_dvp.c ****     }
 997:../../../firmware/n32h7xx_std_periph_driver/src/n32h7xx_dvp.c **** 
 998:../../../firmware/n32h7xx_std_periph_driver/src/n32h7xx_dvp.c **** }
 2191              		.loc 1 998 1
 2192 001e 05E0     		b	.L83
 2193              	.L81:
 995:../../../firmware/n32h7xx_std_periph_driver/src/n32h7xx_dvp.c ****     }
 2194              		.loc 1 995 13
 2195 0020 7B68     		ldr	r3, [r7, #4]
 2196 0022 1B69     		ldr	r3, [r3, #16]
 995:../../../firmware/n32h7xx_std_periph_driver/src/n32h7xx_dvp.c ****     }
 2197              		.loc 1 995 23
 2198 0024 23F00202 		bic	r2, r3, #2
 2199 0028 7B68     		ldr	r3, [r7, #4]
 2200 002a 1A61     		str	r2, [r3, #16]
 2201              	.L83:
 2202              		.loc 1 998 1
 2203 002c 00BF     		nop
 2204 002e 0C37     		adds	r7, r7, #12
 2205              	.LCFI176:
 2206              		.cfi_def_cfa_offset 4
 2207 0030 BD46     		mov	sp, r7
 2208              	.LCFI177:
 2209              		.cfi_def_cfa_register 13
 2210              		@ sp needed
 2211 0032 80BC     		pop	{r7}
 2212              	.LCFI178:
 2213              		.cfi_restore 7
 2214              		.cfi_def_cfa_offset 0
 2215 0034 7047     		bx	lr
 2216              		.cfi_endproc
 2217              	.LFE176:
 2219              		.section	.text.DVP_SetBuffer2Address,"ax",%progbits
 2220              		.align	1
 2221              		.global	DVP_SetBuffer2Address
 2222              		.syntax unified
 2223              		.thumb
 2224              		.thumb_func
 2226              	DVP_SetBuffer2Address:
 2227              	.LFB177:
ARM GAS  /tmp/ccZh0YON.s 			page 57


 999:../../../firmware/n32h7xx_std_periph_driver/src/n32h7xx_dvp.c **** 
1000:../../../firmware/n32h7xx_std_periph_driver/src/n32h7xx_dvp.c **** /**
1001:../../../firmware/n32h7xx_std_periph_driver/src/n32h7xx_dvp.c **** *\*\name    DVP_SetBuffer2Address.
1002:../../../firmware/n32h7xx_std_periph_driver/src/n32h7xx_dvp.c **** *\*\fun     Set Frame Buffer 2 Start Address.
1003:../../../firmware/n32h7xx_std_periph_driver/src/n32h7xx_dvp.c **** *\*\param   DVPx:
1004:../../../firmware/n32h7xx_std_periph_driver/src/n32h7xx_dvp.c **** *\*\          - DVP1
1005:../../../firmware/n32h7xx_std_periph_driver/src/n32h7xx_dvp.c **** *\*\          - DVP2
1006:../../../firmware/n32h7xx_std_periph_driver/src/n32h7xx_dvp.c **** *\*\param  Addres:(The input parameters must be the following values)
1007:../../../firmware/n32h7xx_std_periph_driver/src/n32h7xx_dvp.c **** *\*\            - 0x00000000~0xFFFFFFFF
1008:../../../firmware/n32h7xx_std_periph_driver/src/n32h7xx_dvp.c **** *\*\return  none
1009:../../../firmware/n32h7xx_std_periph_driver/src/n32h7xx_dvp.c **** **/
1010:../../../firmware/n32h7xx_std_periph_driver/src/n32h7xx_dvp.c **** void DVP_SetBuffer2Address(DVP_Module *DVPx, uint32_t Addres)
1011:../../../firmware/n32h7xx_std_periph_driver/src/n32h7xx_dvp.c **** {
 2228              		.loc 1 1011 1
 2229              		.cfi_startproc
 2230              		@ args = 0, pretend = 0, frame = 8
 2231              		@ frame_needed = 1, uses_anonymous_args = 0
 2232              		@ link register save eliminated.
 2233 0000 80B4     		push	{r7}
 2234              	.LCFI179:
 2235              		.cfi_def_cfa_offset 4
 2236              		.cfi_offset 7, -4
 2237 0002 83B0     		sub	sp, sp, #12
 2238              	.LCFI180:
 2239              		.cfi_def_cfa_offset 16
 2240 0004 00AF     		add	r7, sp, #0
 2241              	.LCFI181:
 2242              		.cfi_def_cfa_register 7
 2243 0006 7860     		str	r0, [r7, #4]
 2244 0008 3960     		str	r1, [r7]
1012:../../../firmware/n32h7xx_std_periph_driver/src/n32h7xx_dvp.c **** 
1013:../../../firmware/n32h7xx_std_periph_driver/src/n32h7xx_dvp.c ****     DVPx->SMADDR2 = (uint32_t)Addres;
 2245              		.loc 1 1013 19
 2246 000a 7B68     		ldr	r3, [r7, #4]
 2247 000c 3A68     		ldr	r2, [r7]
 2248 000e 9A61     		str	r2, [r3, #24]
1014:../../../firmware/n32h7xx_std_periph_driver/src/n32h7xx_dvp.c **** 
1015:../../../firmware/n32h7xx_std_periph_driver/src/n32h7xx_dvp.c **** }
 2249              		.loc 1 1015 1
 2250 0010 00BF     		nop
 2251 0012 0C37     		adds	r7, r7, #12
 2252              	.LCFI182:
 2253              		.cfi_def_cfa_offset 4
 2254 0014 BD46     		mov	sp, r7
 2255              	.LCFI183:
 2256              		.cfi_def_cfa_register 13
 2257              		@ sp needed
 2258 0016 80BC     		pop	{r7}
 2259              	.LCFI184:
 2260              		.cfi_restore 7
 2261              		.cfi_def_cfa_offset 0
 2262 0018 7047     		bx	lr
 2263              		.cfi_endproc
 2264              	.LFE177:
 2266              		.section	.text.DVP_SetBufferSize,"ax",%progbits
 2267              		.align	1
 2268              		.global	DVP_SetBufferSize
ARM GAS  /tmp/ccZh0YON.s 			page 58


 2269              		.syntax unified
 2270              		.thumb
 2271              		.thumb_func
 2273              	DVP_SetBufferSize:
 2274              	.LFB178:
1016:../../../firmware/n32h7xx_std_periph_driver/src/n32h7xx_dvp.c **** 
1017:../../../firmware/n32h7xx_std_periph_driver/src/n32h7xx_dvp.c **** /**
1018:../../../firmware/n32h7xx_std_periph_driver/src/n32h7xx_dvp.c **** *\*\name    DVP_SetBufferSize.
1019:../../../firmware/n32h7xx_std_periph_driver/src/n32h7xx_dvp.c **** *\*\fun     Set Frame Buffer Size.
1020:../../../firmware/n32h7xx_std_periph_driver/src/n32h7xx_dvp.c **** *\*\param   DVPx:
1021:../../../firmware/n32h7xx_std_periph_driver/src/n32h7xx_dvp.c **** *\*\          - DVP1
1022:../../../firmware/n32h7xx_std_periph_driver/src/n32h7xx_dvp.c **** *\*\          - DVP2
1023:../../../firmware/n32h7xx_std_periph_driver/src/n32h7xx_dvp.c **** *\*\param  Size:(The input parameters must be the following values)
1024:../../../firmware/n32h7xx_std_periph_driver/src/n32h7xx_dvp.c **** *\*\            - 0 ~ 4194303
1025:../../../firmware/n32h7xx_std_periph_driver/src/n32h7xx_dvp.c **** *\*\return  none
1026:../../../firmware/n32h7xx_std_periph_driver/src/n32h7xx_dvp.c **** **/
1027:../../../firmware/n32h7xx_std_periph_driver/src/n32h7xx_dvp.c **** void DVP_SetBufferSize(DVP_Module *DVPx, uint32_t Size)
1028:../../../firmware/n32h7xx_std_periph_driver/src/n32h7xx_dvp.c **** {
 2275              		.loc 1 1028 1
 2276              		.cfi_startproc
 2277              		@ args = 0, pretend = 0, frame = 8
 2278              		@ frame_needed = 1, uses_anonymous_args = 0
 2279              		@ link register save eliminated.
 2280 0000 80B4     		push	{r7}
 2281              	.LCFI185:
 2282              		.cfi_def_cfa_offset 4
 2283              		.cfi_offset 7, -4
 2284 0002 83B0     		sub	sp, sp, #12
 2285              	.LCFI186:
 2286              		.cfi_def_cfa_offset 16
 2287 0004 00AF     		add	r7, sp, #0
 2288              	.LCFI187:
 2289              		.cfi_def_cfa_register 7
 2290 0006 7860     		str	r0, [r7, #4]
 2291 0008 3960     		str	r1, [r7]
1029:../../../firmware/n32h7xx_std_periph_driver/src/n32h7xx_dvp.c **** 
1030:../../../firmware/n32h7xx_std_periph_driver/src/n32h7xx_dvp.c ****     DVPx->FBS = (uint32_t)Size;
 2292              		.loc 1 1030 15
 2293 000a 7B68     		ldr	r3, [r7, #4]
 2294 000c 3A68     		ldr	r2, [r7]
 2295 000e DA61     		str	r2, [r3, #28]
1031:../../../firmware/n32h7xx_std_periph_driver/src/n32h7xx_dvp.c **** 
1032:../../../firmware/n32h7xx_std_periph_driver/src/n32h7xx_dvp.c **** }
 2296              		.loc 1 1032 1
 2297 0010 00BF     		nop
 2298 0012 0C37     		adds	r7, r7, #12
 2299              	.LCFI188:
 2300              		.cfi_def_cfa_offset 4
 2301 0014 BD46     		mov	sp, r7
 2302              	.LCFI189:
 2303              		.cfi_def_cfa_register 13
 2304              		@ sp needed
 2305 0016 80BC     		pop	{r7}
 2306              	.LCFI190:
 2307              		.cfi_restore 7
 2308              		.cfi_def_cfa_offset 0
 2309 0018 7047     		bx	lr
ARM GAS  /tmp/ccZh0YON.s 			page 59


 2310              		.cfi_endproc
 2311              	.LFE178:
 2313              		.section	.text.DVP_SetDisplayBufferStatus,"ax",%progbits
 2314              		.align	1
 2315              		.global	DVP_SetDisplayBufferStatus
 2316              		.syntax unified
 2317              		.thumb
 2318              		.thumb_func
 2320              	DVP_SetDisplayBufferStatus:
 2321              	.LFB179:
1033:../../../firmware/n32h7xx_std_periph_driver/src/n32h7xx_dvp.c **** 
1034:../../../firmware/n32h7xx_std_periph_driver/src/n32h7xx_dvp.c **** /**
1035:../../../firmware/n32h7xx_std_periph_driver/src/n32h7xx_dvp.c **** *\*\name    DVP_SetDisplayBufferStatus.
1036:../../../firmware/n32h7xx_std_periph_driver/src/n32h7xx_dvp.c **** *\*\fun     Set show current frame buffer status.
1037:../../../firmware/n32h7xx_std_periph_driver/src/n32h7xx_dvp.c **** *\*\param   DVPx:
1038:../../../firmware/n32h7xx_std_periph_driver/src/n32h7xx_dvp.c **** *\*\          - DVP1
1039:../../../firmware/n32h7xx_std_periph_driver/src/n32h7xx_dvp.c **** *\*\          - DVP2
1040:../../../firmware/n32h7xx_std_periph_driver/src/n32h7xx_dvp.c **** *\*\param  State_Mode:(The input parameters must be the following values)
1041:../../../firmware/n32h7xx_std_periph_driver/src/n32h7xx_dvp.c **** *\*\            - DVP_DISPLAY_ADDRESS
1042:../../../firmware/n32h7xx_std_periph_driver/src/n32h7xx_dvp.c **** *\*\            - DVP_DISPLAY_NUMBER
1043:../../../firmware/n32h7xx_std_periph_driver/src/n32h7xx_dvp.c **** *\*\return  none
1044:../../../firmware/n32h7xx_std_periph_driver/src/n32h7xx_dvp.c **** **/
1045:../../../firmware/n32h7xx_std_periph_driver/src/n32h7xx_dvp.c **** void DVP_SetDisplayBufferStatus(DVP_Module *DVPx, uint32_t State_Mode)
1046:../../../firmware/n32h7xx_std_periph_driver/src/n32h7xx_dvp.c **** {
 2322              		.loc 1 1046 1
 2323              		.cfi_startproc
 2324              		@ args = 0, pretend = 0, frame = 16
 2325              		@ frame_needed = 1, uses_anonymous_args = 0
 2326              		@ link register save eliminated.
 2327 0000 80B4     		push	{r7}
 2328              	.LCFI191:
 2329              		.cfi_def_cfa_offset 4
 2330              		.cfi_offset 7, -4
 2331 0002 85B0     		sub	sp, sp, #20
 2332              	.LCFI192:
 2333              		.cfi_def_cfa_offset 24
 2334 0004 00AF     		add	r7, sp, #0
 2335              	.LCFI193:
 2336              		.cfi_def_cfa_register 7
 2337 0006 7860     		str	r0, [r7, #4]
 2338 0008 3960     		str	r1, [r7]
1047:../../../firmware/n32h7xx_std_periph_driver/src/n32h7xx_dvp.c **** 
1048:../../../firmware/n32h7xx_std_periph_driver/src/n32h7xx_dvp.c ****     uint32_t tmpregister;
1049:../../../firmware/n32h7xx_std_periph_driver/src/n32h7xx_dvp.c ****     tmpregister = DVPx->FIFOCFG;
 2339              		.loc 1 1049 17
 2340 000a 7B68     		ldr	r3, [r7, #4]
 2341 000c 1B69     		ldr	r3, [r3, #16]
 2342 000e FB60     		str	r3, [r7, #12]
1050:../../../firmware/n32h7xx_std_periph_driver/src/n32h7xx_dvp.c ****     tmpregister &= DVP_DISPLAY_STATUS_MASK;
 2343              		.loc 1 1050 17
 2344 0010 FB68     		ldr	r3, [r7, #12]
 2345 0012 23F01003 		bic	r3, r3, #16
 2346 0016 FB60     		str	r3, [r7, #12]
1051:../../../firmware/n32h7xx_std_periph_driver/src/n32h7xx_dvp.c ****     tmpregister |= State_Mode;
 2347              		.loc 1 1051 17
 2348 0018 FA68     		ldr	r2, [r7, #12]
 2349 001a 3B68     		ldr	r3, [r7]
ARM GAS  /tmp/ccZh0YON.s 			page 60


 2350 001c 1343     		orrs	r3, r3, r2
 2351 001e FB60     		str	r3, [r7, #12]
1052:../../../firmware/n32h7xx_std_periph_driver/src/n32h7xx_dvp.c ****     DVPx->FIFOCFG = (uint32_t)tmpregister;
 2352              		.loc 1 1052 19
 2353 0020 7B68     		ldr	r3, [r7, #4]
 2354 0022 FA68     		ldr	r2, [r7, #12]
 2355 0024 1A61     		str	r2, [r3, #16]
1053:../../../firmware/n32h7xx_std_periph_driver/src/n32h7xx_dvp.c **** 
1054:../../../firmware/n32h7xx_std_periph_driver/src/n32h7xx_dvp.c **** }
 2356              		.loc 1 1054 1
 2357 0026 00BF     		nop
 2358 0028 1437     		adds	r7, r7, #20
 2359              	.LCFI194:
 2360              		.cfi_def_cfa_offset 4
 2361 002a BD46     		mov	sp, r7
 2362              	.LCFI195:
 2363              		.cfi_def_cfa_register 13
 2364              		@ sp needed
 2365 002c 80BC     		pop	{r7}
 2366              	.LCFI196:
 2367              		.cfi_restore 7
 2368              		.cfi_def_cfa_offset 0
 2369 002e 7047     		bx	lr
 2370              		.cfi_endproc
 2371              	.LFE179:
 2373              		.section	.text.DVP_GetDisplayBufferStatus1,"ax",%progbits
 2374              		.align	1
 2375              		.global	DVP_GetDisplayBufferStatus1
 2376              		.syntax unified
 2377              		.thumb
 2378              		.thumb_func
 2380              	DVP_GetDisplayBufferStatus1:
 2381              	.LFB180:
1055:../../../firmware/n32h7xx_std_periph_driver/src/n32h7xx_dvp.c **** 
1056:../../../firmware/n32h7xx_std_periph_driver/src/n32h7xx_dvp.c **** /**
1057:../../../firmware/n32h7xx_std_periph_driver/src/n32h7xx_dvp.c **** *\*\name    DVP_GetDisplayBufferStatus1.
1058:../../../firmware/n32h7xx_std_periph_driver/src/n32h7xx_dvp.c **** *\*\fun     Get current frame buffer 1 status.
1059:../../../firmware/n32h7xx_std_periph_driver/src/n32h7xx_dvp.c **** *\*\param   DVPx:
1060:../../../firmware/n32h7xx_std_periph_driver/src/n32h7xx_dvp.c **** *\*\          - DVP1
1061:../../../firmware/n32h7xx_std_periph_driver/src/n32h7xx_dvp.c **** *\*\          - DVP2
1062:../../../firmware/n32h7xx_std_periph_driver/src/n32h7xx_dvp.c **** *\*\return  Frame Buffer 1 address or Number of data bytes
1063:../../../firmware/n32h7xx_std_periph_driver/src/n32h7xx_dvp.c **** **/
1064:../../../firmware/n32h7xx_std_periph_driver/src/n32h7xx_dvp.c **** uint32_t DVP_GetDisplayBufferStatus1(DVP_Module *DVPx)
1065:../../../firmware/n32h7xx_std_periph_driver/src/n32h7xx_dvp.c **** {
 2382              		.loc 1 1065 1
 2383              		.cfi_startproc
 2384              		@ args = 0, pretend = 0, frame = 8
 2385              		@ frame_needed = 1, uses_anonymous_args = 0
 2386              		@ link register save eliminated.
 2387 0000 80B4     		push	{r7}
 2388              	.LCFI197:
 2389              		.cfi_def_cfa_offset 4
 2390              		.cfi_offset 7, -4
 2391 0002 83B0     		sub	sp, sp, #12
 2392              	.LCFI198:
 2393              		.cfi_def_cfa_offset 16
 2394 0004 00AF     		add	r7, sp, #0
ARM GAS  /tmp/ccZh0YON.s 			page 61


 2395              	.LCFI199:
 2396              		.cfi_def_cfa_register 7
 2397 0006 7860     		str	r0, [r7, #4]
1066:../../../firmware/n32h7xx_std_periph_driver/src/n32h7xx_dvp.c **** 
1067:../../../firmware/n32h7xx_std_periph_driver/src/n32h7xx_dvp.c ****     return DVPx->FPBC1;
 2398              		.loc 1 1067 16
 2399 0008 7B68     		ldr	r3, [r7, #4]
 2400 000a 1B6A     		ldr	r3, [r3, #32]
1068:../../../firmware/n32h7xx_std_periph_driver/src/n32h7xx_dvp.c **** 
1069:../../../firmware/n32h7xx_std_periph_driver/src/n32h7xx_dvp.c **** }
 2401              		.loc 1 1069 1
 2402 000c 1846     		mov	r0, r3
 2403 000e 0C37     		adds	r7, r7, #12
 2404              	.LCFI200:
 2405              		.cfi_def_cfa_offset 4
 2406 0010 BD46     		mov	sp, r7
 2407              	.LCFI201:
 2408              		.cfi_def_cfa_register 13
 2409              		@ sp needed
 2410 0012 80BC     		pop	{r7}
 2411              	.LCFI202:
 2412              		.cfi_restore 7
 2413              		.cfi_def_cfa_offset 0
 2414 0014 7047     		bx	lr
 2415              		.cfi_endproc
 2416              	.LFE180:
 2418              		.section	.text.DVP_GetDisplayBufferStatus2,"ax",%progbits
 2419              		.align	1
 2420              		.global	DVP_GetDisplayBufferStatus2
 2421              		.syntax unified
 2422              		.thumb
 2423              		.thumb_func
 2425              	DVP_GetDisplayBufferStatus2:
 2426              	.LFB181:
1070:../../../firmware/n32h7xx_std_periph_driver/src/n32h7xx_dvp.c **** 
1071:../../../firmware/n32h7xx_std_periph_driver/src/n32h7xx_dvp.c **** /**
1072:../../../firmware/n32h7xx_std_periph_driver/src/n32h7xx_dvp.c **** *\*\name    DVP_GetDisplayBufferStatus2.
1073:../../../firmware/n32h7xx_std_periph_driver/src/n32h7xx_dvp.c **** *\*\fun     Get current frame buffer 2 status.
1074:../../../firmware/n32h7xx_std_periph_driver/src/n32h7xx_dvp.c **** *\*\param   DVPx:
1075:../../../firmware/n32h7xx_std_periph_driver/src/n32h7xx_dvp.c **** *\*\          - DVP1
1076:../../../firmware/n32h7xx_std_periph_driver/src/n32h7xx_dvp.c **** *\*\          - DVP2
1077:../../../firmware/n32h7xx_std_periph_driver/src/n32h7xx_dvp.c **** *\*\return  Frame Buffer 2 address or Number of data bytes
1078:../../../firmware/n32h7xx_std_periph_driver/src/n32h7xx_dvp.c **** **/
1079:../../../firmware/n32h7xx_std_periph_driver/src/n32h7xx_dvp.c **** uint32_t DVP_GetDisplayBufferStatus2(DVP_Module *DVPx)
1080:../../../firmware/n32h7xx_std_periph_driver/src/n32h7xx_dvp.c **** {
 2427              		.loc 1 1080 1
 2428              		.cfi_startproc
 2429              		@ args = 0, pretend = 0, frame = 8
 2430              		@ frame_needed = 1, uses_anonymous_args = 0
 2431              		@ link register save eliminated.
 2432 0000 80B4     		push	{r7}
 2433              	.LCFI203:
 2434              		.cfi_def_cfa_offset 4
 2435              		.cfi_offset 7, -4
 2436 0002 83B0     		sub	sp, sp, #12
 2437              	.LCFI204:
 2438              		.cfi_def_cfa_offset 16
ARM GAS  /tmp/ccZh0YON.s 			page 62


 2439 0004 00AF     		add	r7, sp, #0
 2440              	.LCFI205:
 2441              		.cfi_def_cfa_register 7
 2442 0006 7860     		str	r0, [r7, #4]
1081:../../../firmware/n32h7xx_std_periph_driver/src/n32h7xx_dvp.c **** 
1082:../../../firmware/n32h7xx_std_periph_driver/src/n32h7xx_dvp.c ****     return DVPx->FPBC2;
 2443              		.loc 1 1082 16
 2444 0008 7B68     		ldr	r3, [r7, #4]
 2445 000a 5B6A     		ldr	r3, [r3, #36]
1083:../../../firmware/n32h7xx_std_periph_driver/src/n32h7xx_dvp.c **** 
1084:../../../firmware/n32h7xx_std_periph_driver/src/n32h7xx_dvp.c **** }
 2446              		.loc 1 1084 1
 2447 000c 1846     		mov	r0, r3
 2448 000e 0C37     		adds	r7, r7, #12
 2449              	.LCFI206:
 2450              		.cfi_def_cfa_offset 4
 2451 0010 BD46     		mov	sp, r7
 2452              	.LCFI207:
 2453              		.cfi_def_cfa_register 13
 2454              		@ sp needed
 2455 0012 80BC     		pop	{r7}
 2456              	.LCFI208:
 2457              		.cfi_restore 7
 2458              		.cfi_def_cfa_offset 0
 2459 0014 7047     		bx	lr
 2460              		.cfi_endproc
 2461              	.LFE181:
 2463              		.section	.text.DVP_EnableAcross1KBoundary,"ax",%progbits
 2464              		.align	1
 2465              		.global	DVP_EnableAcross1KBoundary
 2466              		.syntax unified
 2467              		.thumb
 2468              		.thumb_func
 2470              	DVP_EnableAcross1KBoundary:
 2471              	.LFB182:
1085:../../../firmware/n32h7xx_std_periph_driver/src/n32h7xx_dvp.c **** 
1086:../../../firmware/n32h7xx_std_periph_driver/src/n32h7xx_dvp.c **** /**
1087:../../../firmware/n32h7xx_std_periph_driver/src/n32h7xx_dvp.c **** *\*\name    DVP_EnableAcross1KBoundary.
1088:../../../firmware/n32h7xx_std_periph_driver/src/n32h7xx_dvp.c **** *\*\fun     Increamental bursting across 1K boundary is allowed/enabled
1089:../../../firmware/n32h7xx_std_periph_driver/src/n32h7xx_dvp.c **** *\*\param   DVPx:
1090:../../../firmware/n32h7xx_std_periph_driver/src/n32h7xx_dvp.c **** *\*\          - DVP1
1091:../../../firmware/n32h7xx_std_periph_driver/src/n32h7xx_dvp.c **** *\*\          - DVP2
1092:../../../firmware/n32h7xx_std_periph_driver/src/n32h7xx_dvp.c **** *\*\param  Cmd:(The input parameters must be the following values)
1093:../../../firmware/n32h7xx_std_periph_driver/src/n32h7xx_dvp.c **** *\*\            - ENABLE
1094:../../../firmware/n32h7xx_std_periph_driver/src/n32h7xx_dvp.c **** *\*\            - DISABLE
1095:../../../firmware/n32h7xx_std_periph_driver/src/n32h7xx_dvp.c **** *\*\return  none
1096:../../../firmware/n32h7xx_std_periph_driver/src/n32h7xx_dvp.c **** **/
1097:../../../firmware/n32h7xx_std_periph_driver/src/n32h7xx_dvp.c **** void DVP_EnableAcross1KBoundary(DVP_Module *DVPx, FunctionalState Cmd)
1098:../../../firmware/n32h7xx_std_periph_driver/src/n32h7xx_dvp.c **** {
 2472              		.loc 1 1098 1
 2473              		.cfi_startproc
 2474              		@ args = 0, pretend = 0, frame = 8
 2475              		@ frame_needed = 1, uses_anonymous_args = 0
 2476              		@ link register save eliminated.
 2477 0000 80B4     		push	{r7}
 2478              	.LCFI209:
 2479              		.cfi_def_cfa_offset 4
ARM GAS  /tmp/ccZh0YON.s 			page 63


 2480              		.cfi_offset 7, -4
 2481 0002 83B0     		sub	sp, sp, #12
 2482              	.LCFI210:
 2483              		.cfi_def_cfa_offset 16
 2484 0004 00AF     		add	r7, sp, #0
 2485              	.LCFI211:
 2486              		.cfi_def_cfa_register 7
 2487 0006 7860     		str	r0, [r7, #4]
 2488 0008 0B46     		mov	r3, r1
 2489 000a FB70     		strb	r3, [r7, #3]
1099:../../../firmware/n32h7xx_std_periph_driver/src/n32h7xx_dvp.c **** 
1100:../../../firmware/n32h7xx_std_periph_driver/src/n32h7xx_dvp.c ****     if (Cmd != DISABLE)
 2490              		.loc 1 1100 8
 2491 000c FB78     		ldrb	r3, [r7, #3]	@ zero_extendqisi2
 2492 000e 002B     		cmp	r3, #0
 2493 0010 06D0     		beq	.L92
1101:../../../firmware/n32h7xx_std_periph_driver/src/n32h7xx_dvp.c ****     {
1102:../../../firmware/n32h7xx_std_periph_driver/src/n32h7xx_dvp.c ****         DVPx->FIFOCFG |= DVP_1K_BOUNDARY_ENABLE;
 2494              		.loc 1 1102 13
 2495 0012 7B68     		ldr	r3, [r7, #4]
 2496 0014 1B69     		ldr	r3, [r3, #16]
 2497              		.loc 1 1102 23
 2498 0016 43F02002 		orr	r2, r3, #32
 2499 001a 7B68     		ldr	r3, [r7, #4]
 2500 001c 1A61     		str	r2, [r3, #16]
1103:../../../firmware/n32h7xx_std_periph_driver/src/n32h7xx_dvp.c ****     }
1104:../../../firmware/n32h7xx_std_periph_driver/src/n32h7xx_dvp.c ****     else
1105:../../../firmware/n32h7xx_std_periph_driver/src/n32h7xx_dvp.c ****     {
1106:../../../firmware/n32h7xx_std_periph_driver/src/n32h7xx_dvp.c ****         DVPx->FIFOCFG &= DVP_1K_BOUNDARY_MASK;
1107:../../../firmware/n32h7xx_std_periph_driver/src/n32h7xx_dvp.c ****     }
1108:../../../firmware/n32h7xx_std_periph_driver/src/n32h7xx_dvp.c **** 
1109:../../../firmware/n32h7xx_std_periph_driver/src/n32h7xx_dvp.c **** }
 2501              		.loc 1 1109 1
 2502 001e 05E0     		b	.L94
 2503              	.L92:
1106:../../../firmware/n32h7xx_std_periph_driver/src/n32h7xx_dvp.c ****     }
 2504              		.loc 1 1106 13
 2505 0020 7B68     		ldr	r3, [r7, #4]
 2506 0022 1B69     		ldr	r3, [r3, #16]
1106:../../../firmware/n32h7xx_std_periph_driver/src/n32h7xx_dvp.c ****     }
 2507              		.loc 1 1106 23
 2508 0024 23F02002 		bic	r2, r3, #32
 2509 0028 7B68     		ldr	r3, [r7, #4]
 2510 002a 1A61     		str	r2, [r3, #16]
 2511              	.L94:
 2512              		.loc 1 1109 1
 2513 002c 00BF     		nop
 2514 002e 0C37     		adds	r7, r7, #12
 2515              	.LCFI212:
 2516              		.cfi_def_cfa_offset 4
 2517 0030 BD46     		mov	sp, r7
 2518              	.LCFI213:
 2519              		.cfi_def_cfa_register 13
 2520              		@ sp needed
 2521 0032 80BC     		pop	{r7}
 2522              	.LCFI214:
 2523              		.cfi_restore 7
ARM GAS  /tmp/ccZh0YON.s 			page 64


 2524              		.cfi_def_cfa_offset 0
 2525 0034 7047     		bx	lr
 2526              		.cfi_endproc
 2527              	.LFE182:
 2529              		.section	.text.DVP_ConfigCROPStart,"ax",%progbits
 2530              		.align	1
 2531              		.global	DVP_ConfigCROPStart
 2532              		.syntax unified
 2533              		.thumb
 2534              		.thumb_func
 2536              	DVP_ConfigCROPStart:
 2537              	.LFB183:
1110:../../../firmware/n32h7xx_std_periph_driver/src/n32h7xx_dvp.c **** 
1111:../../../firmware/n32h7xx_std_periph_driver/src/n32h7xx_dvp.c **** /**
1112:../../../firmware/n32h7xx_std_periph_driver/src/n32h7xx_dvp.c **** *\*\name    DVP_ConfigCROPStart.
1113:../../../firmware/n32h7xx_std_periph_driver/src/n32h7xx_dvp.c **** *\*\fun     Config Y-coordinate and X-coordinate of crop image start point.
1114:../../../firmware/n32h7xx_std_periph_driver/src/n32h7xx_dvp.c **** *\*\param   DVPx:
1115:../../../firmware/n32h7xx_std_periph_driver/src/n32h7xx_dvp.c **** *\*\          - DVP1
1116:../../../firmware/n32h7xx_std_periph_driver/src/n32h7xx_dvp.c **** *\*\          - DVP2
1117:../../../firmware/n32h7xx_std_periph_driver/src/n32h7xx_dvp.c **** *\*\param  (X,Y):(The input parameters must be the following values)
1118:../../../firmware/n32h7xx_std_periph_driver/src/n32h7xx_dvp.c **** *\*\            - (0,0) ~ (2047,2047)
1119:../../../firmware/n32h7xx_std_periph_driver/src/n32h7xx_dvp.c **** *\*\return  none
1120:../../../firmware/n32h7xx_std_periph_driver/src/n32h7xx_dvp.c **** **/
1121:../../../firmware/n32h7xx_std_periph_driver/src/n32h7xx_dvp.c **** void DVP_ConfigCROPStart(DVP_Module *DVPx, uint16_t X, uint16_t Y)
1122:../../../firmware/n32h7xx_std_periph_driver/src/n32h7xx_dvp.c **** {
 2538              		.loc 1 1122 1
 2539              		.cfi_startproc
 2540              		@ args = 0, pretend = 0, frame = 8
 2541              		@ frame_needed = 1, uses_anonymous_args = 0
 2542              		@ link register save eliminated.
 2543 0000 80B4     		push	{r7}
 2544              	.LCFI215:
 2545              		.cfi_def_cfa_offset 4
 2546              		.cfi_offset 7, -4
 2547 0002 83B0     		sub	sp, sp, #12
 2548              	.LCFI216:
 2549              		.cfi_def_cfa_offset 16
 2550 0004 00AF     		add	r7, sp, #0
 2551              	.LCFI217:
 2552              		.cfi_def_cfa_register 7
 2553 0006 7860     		str	r0, [r7, #4]
 2554 0008 0B46     		mov	r3, r1
 2555 000a 7B80     		strh	r3, [r7, #2]	@ movhi
 2556 000c 1346     		mov	r3, r2	@ movhi
 2557 000e 3B80     		strh	r3, [r7]	@ movhi
1123:../../../firmware/n32h7xx_std_periph_driver/src/n32h7xx_dvp.c **** 
1124:../../../firmware/n32h7xx_std_periph_driver/src/n32h7xx_dvp.c ****     DVPx->CSXY = DVP_REG_BIT_FIELD_MASK;
 2558              		.loc 1 1124 16
 2559 0010 7B68     		ldr	r3, [r7, #4]
 2560 0012 0022     		movs	r2, #0
 2561 0014 9A62     		str	r2, [r3, #40]
1125:../../../firmware/n32h7xx_std_periph_driver/src/n32h7xx_dvp.c ****     DVPx->CSXY |= X;
 2562              		.loc 1 1125 9
 2563 0016 7B68     		ldr	r3, [r7, #4]
 2564 0018 9A6A     		ldr	r2, [r3, #40]
 2565              		.loc 1 1125 16
 2566 001a 7B88     		ldrh	r3, [r7, #2]
ARM GAS  /tmp/ccZh0YON.s 			page 65


 2567 001c 1A43     		orrs	r2, r2, r3
 2568 001e 7B68     		ldr	r3, [r7, #4]
 2569 0020 9A62     		str	r2, [r3, #40]
1126:../../../firmware/n32h7xx_std_periph_driver/src/n32h7xx_dvp.c ****     DVPx->CSXY |= ((uint32_t)Y << 16);
 2570              		.loc 1 1126 9
 2571 0022 7B68     		ldr	r3, [r7, #4]
 2572 0024 9A6A     		ldr	r2, [r3, #40]
 2573              		.loc 1 1126 20
 2574 0026 3B88     		ldrh	r3, [r7]
 2575              		.loc 1 1126 32
 2576 0028 1B04     		lsls	r3, r3, #16
 2577              		.loc 1 1126 16
 2578 002a 1A43     		orrs	r2, r2, r3
 2579 002c 7B68     		ldr	r3, [r7, #4]
 2580 002e 9A62     		str	r2, [r3, #40]
1127:../../../firmware/n32h7xx_std_periph_driver/src/n32h7xx_dvp.c **** 
1128:../../../firmware/n32h7xx_std_periph_driver/src/n32h7xx_dvp.c **** }
 2581              		.loc 1 1128 1
 2582 0030 00BF     		nop
 2583 0032 0C37     		adds	r7, r7, #12
 2584              	.LCFI218:
 2585              		.cfi_def_cfa_offset 4
 2586 0034 BD46     		mov	sp, r7
 2587              	.LCFI219:
 2588              		.cfi_def_cfa_register 13
 2589              		@ sp needed
 2590 0036 80BC     		pop	{r7}
 2591              	.LCFI220:
 2592              		.cfi_restore 7
 2593              		.cfi_def_cfa_offset 0
 2594 0038 7047     		bx	lr
 2595              		.cfi_endproc
 2596              	.LFE183:
 2598              		.section	.text.DVP_ConfigCROPEnd,"ax",%progbits
 2599              		.align	1
 2600              		.global	DVP_ConfigCROPEnd
 2601              		.syntax unified
 2602              		.thumb
 2603              		.thumb_func
 2605              	DVP_ConfigCROPEnd:
 2606              	.LFB184:
1129:../../../firmware/n32h7xx_std_periph_driver/src/n32h7xx_dvp.c **** 
1130:../../../firmware/n32h7xx_std_periph_driver/src/n32h7xx_dvp.c **** /**
1131:../../../firmware/n32h7xx_std_periph_driver/src/n32h7xx_dvp.c **** *\*\name    DVP_ConfigCROPEnd.
1132:../../../firmware/n32h7xx_std_periph_driver/src/n32h7xx_dvp.c **** *\*\fun     Config Y-coordinate and X-coordinate of crop image end point.
1133:../../../firmware/n32h7xx_std_periph_driver/src/n32h7xx_dvp.c **** *\*\param   DVPx:
1134:../../../firmware/n32h7xx_std_periph_driver/src/n32h7xx_dvp.c **** *\*\          - DVP1
1135:../../../firmware/n32h7xx_std_periph_driver/src/n32h7xx_dvp.c **** *\*\          - DVP2
1136:../../../firmware/n32h7xx_std_periph_driver/src/n32h7xx_dvp.c **** *\*\param  (X,Y):(The input parameters must be the following values)
1137:../../../firmware/n32h7xx_std_periph_driver/src/n32h7xx_dvp.c **** *\*\            - (0,0) ~ (2047,2047)
1138:../../../firmware/n32h7xx_std_periph_driver/src/n32h7xx_dvp.c **** *\*\return  none
1139:../../../firmware/n32h7xx_std_periph_driver/src/n32h7xx_dvp.c **** **/
1140:../../../firmware/n32h7xx_std_periph_driver/src/n32h7xx_dvp.c **** void DVP_ConfigCROPEnd(DVP_Module *DVPx, uint16_t X, uint16_t Y)
1141:../../../firmware/n32h7xx_std_periph_driver/src/n32h7xx_dvp.c **** {
 2607              		.loc 1 1141 1
 2608              		.cfi_startproc
 2609              		@ args = 0, pretend = 0, frame = 8
ARM GAS  /tmp/ccZh0YON.s 			page 66


 2610              		@ frame_needed = 1, uses_anonymous_args = 0
 2611              		@ link register save eliminated.
 2612 0000 80B4     		push	{r7}
 2613              	.LCFI221:
 2614              		.cfi_def_cfa_offset 4
 2615              		.cfi_offset 7, -4
 2616 0002 83B0     		sub	sp, sp, #12
 2617              	.LCFI222:
 2618              		.cfi_def_cfa_offset 16
 2619 0004 00AF     		add	r7, sp, #0
 2620              	.LCFI223:
 2621              		.cfi_def_cfa_register 7
 2622 0006 7860     		str	r0, [r7, #4]
 2623 0008 0B46     		mov	r3, r1
 2624 000a 7B80     		strh	r3, [r7, #2]	@ movhi
 2625 000c 1346     		mov	r3, r2	@ movhi
 2626 000e 3B80     		strh	r3, [r7]	@ movhi
1142:../../../firmware/n32h7xx_std_periph_driver/src/n32h7xx_dvp.c **** 
1143:../../../firmware/n32h7xx_std_periph_driver/src/n32h7xx_dvp.c ****     DVPx->CEXY = DVP_REG_BIT_FIELD_MASK;
 2627              		.loc 1 1143 16
 2628 0010 7B68     		ldr	r3, [r7, #4]
 2629 0012 0022     		movs	r2, #0
 2630 0014 DA62     		str	r2, [r3, #44]
1144:../../../firmware/n32h7xx_std_periph_driver/src/n32h7xx_dvp.c ****     DVPx->CEXY |= X;
 2631              		.loc 1 1144 9
 2632 0016 7B68     		ldr	r3, [r7, #4]
 2633 0018 DA6A     		ldr	r2, [r3, #44]
 2634              		.loc 1 1144 16
 2635 001a 7B88     		ldrh	r3, [r7, #2]
 2636 001c 1A43     		orrs	r2, r2, r3
 2637 001e 7B68     		ldr	r3, [r7, #4]
 2638 0020 DA62     		str	r2, [r3, #44]
1145:../../../firmware/n32h7xx_std_periph_driver/src/n32h7xx_dvp.c ****     DVPx->CEXY |= ((uint32_t)Y << 16);
 2639              		.loc 1 1145 9
 2640 0022 7B68     		ldr	r3, [r7, #4]
 2641 0024 DA6A     		ldr	r2, [r3, #44]
 2642              		.loc 1 1145 20
 2643 0026 3B88     		ldrh	r3, [r7]
 2644              		.loc 1 1145 32
 2645 0028 1B04     		lsls	r3, r3, #16
 2646              		.loc 1 1145 16
 2647 002a 1A43     		orrs	r2, r2, r3
 2648 002c 7B68     		ldr	r3, [r7, #4]
 2649 002e DA62     		str	r2, [r3, #44]
1146:../../../firmware/n32h7xx_std_periph_driver/src/n32h7xx_dvp.c **** 
1147:../../../firmware/n32h7xx_std_periph_driver/src/n32h7xx_dvp.c **** }
 2650              		.loc 1 1147 1
 2651 0030 00BF     		nop
 2652 0032 0C37     		adds	r7, r7, #12
 2653              	.LCFI224:
 2654              		.cfi_def_cfa_offset 4
 2655 0034 BD46     		mov	sp, r7
 2656              	.LCFI225:
 2657              		.cfi_def_cfa_register 13
 2658              		@ sp needed
 2659 0036 80BC     		pop	{r7}
 2660              	.LCFI226:
ARM GAS  /tmp/ccZh0YON.s 			page 67


 2661              		.cfi_restore 7
 2662              		.cfi_def_cfa_offset 0
 2663 0038 7047     		bx	lr
 2664              		.cfi_endproc
 2665              	.LFE184:
 2667              		.text
 2668              	.Letext0:
 2669              		.file 2 "/usr/lib/gcc/arm-none-eabi/13.2.1/include/stdint.h"
 2670              		.file 3 "../../../firmware/CMSIS/device/n32h7xx.h"
 2671              		.file 4 "../../../firmware/n32h7xx_std_periph_driver/inc/n32h7xx_dvp.h"
 2672              		.file 5 "../../../firmware/n32h7xx_std_periph_driver/inc/n32h7xx_rcc.h"
ARM GAS  /tmp/ccZh0YON.s 			page 68


DEFINED SYMBOLS
                            *ABS*:00000000 n32h7xx_dvp.c
     /tmp/ccZh0YON.s:19     .text.DVP_DeInit:00000000 $t
     /tmp/ccZh0YON.s:25     .text.DVP_DeInit:00000000 DVP_DeInit
     /tmp/ccZh0YON.s:71     .text.DVP_DeInit:0000002c $d
     /tmp/ccZh0YON.s:76     .text.DVP_Init:00000000 $t
     /tmp/ccZh0YON.s:82     .text.DVP_Init:00000000 DVP_Init
     /tmp/ccZh0YON.s:246    .text.DVP_Init:000000c0 $d
     /tmp/ccZh0YON.s:251    .text.DVP_StructInit:00000000 $t
     /tmp/ccZh0YON.s:257    .text.DVP_StructInit:00000000 DVP_StructInit
     /tmp/ccZh0YON.s:353    .text.DVP_ConfigDma:00000000 $t
     /tmp/ccZh0YON.s:359    .text.DVP_ConfigDma:00000000 DVP_ConfigDma
     /tmp/ccZh0YON.s:459    .text.DVP_ConfigDma:00000068 $d
     /tmp/ccZh0YON.s:464    .text.DVP_DMAStructInit:00000000 $t
     /tmp/ccZh0YON.s:470    .text.DVP_DMAStructInit:00000000 DVP_DMAStructInit
     /tmp/ccZh0YON.s:534    .text.DVP_EnablePort:00000000 $t
     /tmp/ccZh0YON.s:540    .text.DVP_EnablePort:00000000 DVP_EnablePort
     /tmp/ccZh0YON.s:600    .text.DVP_EnableCrop:00000000 $t
     /tmp/ccZh0YON.s:606    .text.DVP_EnableCrop:00000000 DVP_EnableCrop
     /tmp/ccZh0YON.s:666    .text.DVP_ConfigVBlankFilter:00000000 $t
     /tmp/ccZh0YON.s:672    .text.DVP_ConfigVBlankFilter:00000000 DVP_ConfigVBlankFilter
     /tmp/ccZh0YON.s:730    .text.DVP_ConfigInt:00000000 $t
     /tmp/ccZh0YON.s:736    .text.DVP_ConfigInt:00000000 DVP_ConfigInt
     /tmp/ccZh0YON.s:801    .text.DVP_GetFlagStatus:00000000 $t
     /tmp/ccZh0YON.s:807    .text.DVP_GetFlagStatus:00000000 DVP_GetFlagStatus
     /tmp/ccZh0YON.s:866    .text.DVP_ClearFlag:00000000 $t
     /tmp/ccZh0YON.s:872    .text.DVP_ClearFlag:00000000 DVP_ClearFlag
     /tmp/ccZh0YON.s:913    .text.DVP_GetIntStatus:00000000 $t
     /tmp/ccZh0YON.s:919    .text.DVP_GetIntStatus:00000000 DVP_GetIntStatus
     /tmp/ccZh0YON.s:1047   .text.DVP_ClrIntPendingBit:00000000 $t
     /tmp/ccZh0YON.s:1053   .text.DVP_ClrIntPendingBit:00000000 DVP_ClrIntPendingBit
     /tmp/ccZh0YON.s:1128   .text.DVP_ConfigPixelClockPolarity:00000000 $t
     /tmp/ccZh0YON.s:1134   .text.DVP_ConfigPixelClockPolarity:00000000 DVP_ConfigPixelClockPolarity
     /tmp/ccZh0YON.s:1188   .text.DVP_ConfigHSyncPolarity:00000000 $t
     /tmp/ccZh0YON.s:1194   .text.DVP_ConfigHSyncPolarity:00000000 DVP_ConfigHSyncPolarity
     /tmp/ccZh0YON.s:1248   .text.DVP_ConfigVSyncPolarity:00000000 $t
     /tmp/ccZh0YON.s:1254   .text.DVP_ConfigVSyncPolarity:00000000 DVP_ConfigVSyncPolarity
     /tmp/ccZh0YON.s:1308   .text.DVP_EnableDataInvert:00000000 $t
     /tmp/ccZh0YON.s:1314   .text.DVP_EnableDataInvert:00000000 DVP_EnableDataInvert
     /tmp/ccZh0YON.s:1374   .text.DVP_EnableDataReverse:00000000 $t
     /tmp/ccZh0YON.s:1380   .text.DVP_EnableDataReverse:00000000 DVP_EnableDataReverse
     /tmp/ccZh0YON.s:1440   .text.DVP_ConfigEmbSyncPos:00000000 $t
     /tmp/ccZh0YON.s:1446   .text.DVP_ConfigEmbSyncPos:00000000 DVP_ConfigEmbSyncPos
     /tmp/ccZh0YON.s:1500   .text.DVP_ConfigEmbSyncData:00000000 $t
     /tmp/ccZh0YON.s:1506   .text.DVP_ConfigEmbSyncData:00000000 DVP_ConfigEmbSyncData
     /tmp/ccZh0YON.s:1580   .text.DVP_ConfigEmbSyncDataMask:00000000 $t
     /tmp/ccZh0YON.s:1586   .text.DVP_ConfigEmbSyncDataMask:00000000 DVP_ConfigEmbSyncDataMask
     /tmp/ccZh0YON.s:1660   .text.DVP_EnableEmbSyncMode:00000000 $t
     /tmp/ccZh0YON.s:1666   .text.DVP_EnableEmbSyncMode:00000000 DVP_EnableEmbSyncMode
     /tmp/ccZh0YON.s:1726   .text.DVP_ConfigDataMode:00000000 $t
     /tmp/ccZh0YON.s:1732   .text.DVP_ConfigDataMode:00000000 DVP_ConfigDataMode
     /tmp/ccZh0YON.s:1786   .text.DVP_ConfigPixelByte:00000000 $t
     /tmp/ccZh0YON.s:1792   .text.DVP_ConfigPixelByte:00000000 DVP_ConfigPixelByte
     /tmp/ccZh0YON.s:1846   .text.DVP_ConfigDATAByteOrder:00000000 $t
     /tmp/ccZh0YON.s:1852   .text.DVP_ConfigDATAByteOrder:00000000 DVP_ConfigDATAByteOrder
     /tmp/ccZh0YON.s:1917   .text.DVP_ConfigInitSKIP:00000000 $t
     /tmp/ccZh0YON.s:1923   .text.DVP_ConfigInitSKIP:00000000 DVP_ConfigInitSKIP
ARM GAS  /tmp/ccZh0YON.s 			page 69


     /tmp/ccZh0YON.s:1979   .text.DVP_ConfigRepeatSKIP:00000000 $t
     /tmp/ccZh0YON.s:1985   .text.DVP_ConfigRepeatSKIP:00000000 DVP_ConfigRepeatSKIP
     /tmp/ccZh0YON.s:2041   .text.DVP_EnableBuffer1:00000000 $t
     /tmp/ccZh0YON.s:2047   .text.DVP_EnableBuffer1:00000000 DVP_EnableBuffer1
     /tmp/ccZh0YON.s:2107   .text.DVP_SetBuffer1Address:00000000 $t
     /tmp/ccZh0YON.s:2113   .text.DVP_SetBuffer1Address:00000000 DVP_SetBuffer1Address
     /tmp/ccZh0YON.s:2154   .text.DVP_EnableBuffer2:00000000 $t
     /tmp/ccZh0YON.s:2160   .text.DVP_EnableBuffer2:00000000 DVP_EnableBuffer2
     /tmp/ccZh0YON.s:2220   .text.DVP_SetBuffer2Address:00000000 $t
     /tmp/ccZh0YON.s:2226   .text.DVP_SetBuffer2Address:00000000 DVP_SetBuffer2Address
     /tmp/ccZh0YON.s:2267   .text.DVP_SetBufferSize:00000000 $t
     /tmp/ccZh0YON.s:2273   .text.DVP_SetBufferSize:00000000 DVP_SetBufferSize
     /tmp/ccZh0YON.s:2314   .text.DVP_SetDisplayBufferStatus:00000000 $t
     /tmp/ccZh0YON.s:2320   .text.DVP_SetDisplayBufferStatus:00000000 DVP_SetDisplayBufferStatus
     /tmp/ccZh0YON.s:2374   .text.DVP_GetDisplayBufferStatus1:00000000 $t
     /tmp/ccZh0YON.s:2380   .text.DVP_GetDisplayBufferStatus1:00000000 DVP_GetDisplayBufferStatus1
     /tmp/ccZh0YON.s:2419   .text.DVP_GetDisplayBufferStatus2:00000000 $t
     /tmp/ccZh0YON.s:2425   .text.DVP_GetDisplayBufferStatus2:00000000 DVP_GetDisplayBufferStatus2
     /tmp/ccZh0YON.s:2464   .text.DVP_EnableAcross1KBoundary:00000000 $t
     /tmp/ccZh0YON.s:2470   .text.DVP_EnableAcross1KBoundary:00000000 DVP_EnableAcross1KBoundary
     /tmp/ccZh0YON.s:2530   .text.DVP_ConfigCROPStart:00000000 $t
     /tmp/ccZh0YON.s:2536   .text.DVP_ConfigCROPStart:00000000 DVP_ConfigCROPStart
     /tmp/ccZh0YON.s:2599   .text.DVP_ConfigCROPEnd:00000000 $t
     /tmp/ccZh0YON.s:2605   .text.DVP_ConfigCROPEnd:00000000 DVP_ConfigCROPEnd

UNDEFINED SYMBOLS
RCC_EnableAXIPeriphReset2
