ARM GAS  /tmp/ccIS8uvp.s 			page 1


   1              		.cpu cortex-m7
   2              		.arch armv7e-m
   3              		.fpu softvfp
   4              		.eabi_attribute 20, 1
   5              		.eabi_attribute 21, 1
   6              		.eabi_attribute 23, 3
   7              		.eabi_attribute 24, 1
   8              		.eabi_attribute 25, 1
   9              		.eabi_attribute 26, 1
  10              		.eabi_attribute 30, 6
  11              		.eabi_attribute 34, 1
  12              		.eabi_attribute 18, 4
  13              		.file	"n32h7xx_sdmmc.c"
  14              		.text
  15              	.Ltext0:
  16              		.cfi_sections	.debug_frame
  17              		.file 1 "../../../firmware/n32h7xx_std_periph_driver/src/n32h7xx_sdmmc.c"
  18              		.section	.text.SDMMC_DeInit,"ax",%progbits
  19              		.align	1
  20              		.global	SDMMC_DeInit
  21              		.syntax unified
  22              		.thumb
  23              		.thumb_func
  25              	SDMMC_DeInit:
  26              	.LFB147:
   1:../../../firmware/n32h7xx_std_periph_driver/src/n32h7xx_sdmmc.c **** /**
   2:../../../firmware/n32h7xx_std_periph_driver/src/n32h7xx_sdmmc.c **** *     Copyright (c) 2025, Nations Technologies Inc.
   3:../../../firmware/n32h7xx_std_periph_driver/src/n32h7xx_sdmmc.c **** *
   4:../../../firmware/n32h7xx_std_periph_driver/src/n32h7xx_sdmmc.c **** *     All rights reserved.
   5:../../../firmware/n32h7xx_std_periph_driver/src/n32h7xx_sdmmc.c **** *
   6:../../../firmware/n32h7xx_std_periph_driver/src/n32h7xx_sdmmc.c **** *     This software is the exclusive property of Nations Technologies Inc. (Hereinafter
   7:../../../firmware/n32h7xx_std_periph_driver/src/n32h7xx_sdmmc.c **** * referred to as NATIONS). This software, and the product of NATIONS described herein
   8:../../../firmware/n32h7xx_std_periph_driver/src/n32h7xx_sdmmc.c **** * (Hereinafter referred to as the Product) are owned by NATIONS under the laws and treaties
   9:../../../firmware/n32h7xx_std_periph_driver/src/n32h7xx_sdmmc.c **** * of the People's Republic of China and other applicable jurisdictions worldwide.
  10:../../../firmware/n32h7xx_std_periph_driver/src/n32h7xx_sdmmc.c **** *
  11:../../../firmware/n32h7xx_std_periph_driver/src/n32h7xx_sdmmc.c **** *     NATIONS does not grant any license under its patents, copyrights, trademarks, or other
  12:../../../firmware/n32h7xx_std_periph_driver/src/n32h7xx_sdmmc.c **** * intellectual property rights. Names and brands of third party may be mentioned or referred
  13:../../../firmware/n32h7xx_std_periph_driver/src/n32h7xx_sdmmc.c **** * thereto (if any) for identification purposes only.
  14:../../../firmware/n32h7xx_std_periph_driver/src/n32h7xx_sdmmc.c **** *
  15:../../../firmware/n32h7xx_std_periph_driver/src/n32h7xx_sdmmc.c **** *     NATIONS reserves the right to make changes, corrections, enhancements, modifications, and
  16:../../../firmware/n32h7xx_std_periph_driver/src/n32h7xx_sdmmc.c **** * improvements to this software at any time without notice. Please contact NATIONS and obtain
  17:../../../firmware/n32h7xx_std_periph_driver/src/n32h7xx_sdmmc.c **** * the latest version of this software before placing orders.
  18:../../../firmware/n32h7xx_std_periph_driver/src/n32h7xx_sdmmc.c **** 
  19:../../../firmware/n32h7xx_std_periph_driver/src/n32h7xx_sdmmc.c **** *     Although NATIONS has attempted to provide accurate and reliable information, NATIONS assumes
  20:../../../firmware/n32h7xx_std_periph_driver/src/n32h7xx_sdmmc.c **** * no responsibility for the accuracy and reliability of this software.
  21:../../../firmware/n32h7xx_std_periph_driver/src/n32h7xx_sdmmc.c **** *
  22:../../../firmware/n32h7xx_std_periph_driver/src/n32h7xx_sdmmc.c **** *     It is the responsibility of the user of this software to properly design, program, and test
  23:../../../firmware/n32h7xx_std_periph_driver/src/n32h7xx_sdmmc.c **** * the functionality and safety of any application made of this information and any resulting produc
  24:../../../firmware/n32h7xx_std_periph_driver/src/n32h7xx_sdmmc.c **** * In no event shall NATIONS be liable for any direct, indirect, incidental, special,exemplary, or
  25:../../../firmware/n32h7xx_std_periph_driver/src/n32h7xx_sdmmc.c **** * consequential damages arising in any way out of the use of this software or the Product.
  26:../../../firmware/n32h7xx_std_periph_driver/src/n32h7xx_sdmmc.c **** *
  27:../../../firmware/n32h7xx_std_periph_driver/src/n32h7xx_sdmmc.c **** *     NATIONS Products are neither intended nor warranted for usage in systems or equipment, any
  28:../../../firmware/n32h7xx_std_periph_driver/src/n32h7xx_sdmmc.c **** * malfunction or failure of which may cause loss of human life, bodily injury or severe property
  29:../../../firmware/n32h7xx_std_periph_driver/src/n32h7xx_sdmmc.c **** * damage. Such applications are deemed, "Insecure Usage".
  30:../../../firmware/n32h7xx_std_periph_driver/src/n32h7xx_sdmmc.c **** *
  31:../../../firmware/n32h7xx_std_periph_driver/src/n32h7xx_sdmmc.c **** *     All Insecure Usage shall be made at user's risk. User shall indemnify NATIONS and hold NATION
  32:../../../firmware/n32h7xx_std_periph_driver/src/n32h7xx_sdmmc.c **** * harmless from and against all claims, costs, damages, and other liabilities, arising from or rela
ARM GAS  /tmp/ccIS8uvp.s 			page 2


  33:../../../firmware/n32h7xx_std_periph_driver/src/n32h7xx_sdmmc.c **** * to any customer's Insecure Usage.
  34:../../../firmware/n32h7xx_std_periph_driver/src/n32h7xx_sdmmc.c **** 
  35:../../../firmware/n32h7xx_std_periph_driver/src/n32h7xx_sdmmc.c **** *     Any express or implied warranty with regard to this software or the Product, including,but no
  36:../../../firmware/n32h7xx_std_periph_driver/src/n32h7xx_sdmmc.c **** * limited to, the warranties of merchantability, fitness for a particular purpose and non-infringem
  37:../../../firmware/n32h7xx_std_periph_driver/src/n32h7xx_sdmmc.c **** * are disclaimed to the fullest extent permitted by law.
  38:../../../firmware/n32h7xx_std_periph_driver/src/n32h7xx_sdmmc.c **** 
  39:../../../firmware/n32h7xx_std_periph_driver/src/n32h7xx_sdmmc.c **** *     Unless otherwise explicitly permitted by NATIONS, anyone may not duplicate, modify, transcrib
  40:../../../firmware/n32h7xx_std_periph_driver/src/n32h7xx_sdmmc.c **** * or otherwise distribute this software for any purposes, in whole or in part.
  41:../../../firmware/n32h7xx_std_periph_driver/src/n32h7xx_sdmmc.c **** *
  42:../../../firmware/n32h7xx_std_periph_driver/src/n32h7xx_sdmmc.c **** *     NATIONS products and technologies shall not be used for or incorporated into any products or 
  43:../../../firmware/n32h7xx_std_periph_driver/src/n32h7xx_sdmmc.c **** * whose manufacture, use, or sale is prohibited under any applicable domestic or foreign laws or re
  44:../../../firmware/n32h7xx_std_periph_driver/src/n32h7xx_sdmmc.c **** * User shall comply with any applicable export control laws and regulations promulgated and adminis
  45:../../../firmware/n32h7xx_std_periph_driver/src/n32h7xx_sdmmc.c **** * the governments of any countries asserting jurisdiction over the parties or transactions.
  46:../../../firmware/n32h7xx_std_periph_driver/src/n32h7xx_sdmmc.c **** **/
  47:../../../firmware/n32h7xx_std_periph_driver/src/n32h7xx_sdmmc.c **** 
  48:../../../firmware/n32h7xx_std_periph_driver/src/n32h7xx_sdmmc.c **** /**
  49:../../../firmware/n32h7xx_std_periph_driver/src/n32h7xx_sdmmc.c ****  *\*\file n32h7xx_sdmmc.c
  50:../../../firmware/n32h7xx_std_periph_driver/src/n32h7xx_sdmmc.c ****  *\*\author Nations
  51:../../../firmware/n32h7xx_std_periph_driver/src/n32h7xx_sdmmc.c ****  *\*\version v1.0.1
  52:../../../firmware/n32h7xx_std_periph_driver/src/n32h7xx_sdmmc.c ****  *\*\copyright Copyright (c) 2023, Nations Technologies Inc. All rights reserved.
  53:../../../firmware/n32h7xx_std_periph_driver/src/n32h7xx_sdmmc.c ****  **/
  54:../../../firmware/n32h7xx_std_periph_driver/src/n32h7xx_sdmmc.c **** 
  55:../../../firmware/n32h7xx_std_periph_driver/src/n32h7xx_sdmmc.c **** #include "n32h7xx_sdmmc.h"
  56:../../../firmware/n32h7xx_std_periph_driver/src/n32h7xx_sdmmc.c **** #include "n32h7xx_rcc.h"
  57:../../../firmware/n32h7xx_std_periph_driver/src/n32h7xx_sdmmc.c **** 
  58:../../../firmware/n32h7xx_std_periph_driver/src/n32h7xx_sdmmc.c **** /**
  59:../../../firmware/n32h7xx_std_periph_driver/src/n32h7xx_sdmmc.c ****  *\*\name   SDMMC_DeInit.
  60:../../../firmware/n32h7xx_std_periph_driver/src/n32h7xx_sdmmc.c ****  *\*\fun    Reset the SDMMCx peripheral registers to their default reset values.
  61:../../../firmware/n32h7xx_std_periph_driver/src/n32h7xx_sdmmc.c ****  *\*\param  SDMMCx :
  62:../../../firmware/n32h7xx_std_periph_driver/src/n32h7xx_sdmmc.c ****  *\*\          - SDMMC1
  63:../../../firmware/n32h7xx_std_periph_driver/src/n32h7xx_sdmmc.c ****  *\*\          - SDMMC2
  64:../../../firmware/n32h7xx_std_periph_driver/src/n32h7xx_sdmmc.c ****  *\*\return none
  65:../../../firmware/n32h7xx_std_periph_driver/src/n32h7xx_sdmmc.c ****  */
  66:../../../firmware/n32h7xx_std_periph_driver/src/n32h7xx_sdmmc.c **** void SDMMC_DeInit(SDMMC_Module* SDMMCx)
  67:../../../firmware/n32h7xx_std_periph_driver/src/n32h7xx_sdmmc.c **** {
  27              		.loc 1 67 1
  28              		.cfi_startproc
  29              		@ args = 0, pretend = 0, frame = 8
  30              		@ frame_needed = 1, uses_anonymous_args = 0
  31 0000 80B5     		push	{r7, lr}
  32              	.LCFI0:
  33              		.cfi_def_cfa_offset 8
  34              		.cfi_offset 7, -8
  35              		.cfi_offset 14, -4
  36 0002 82B0     		sub	sp, sp, #8
  37              	.LCFI1:
  38              		.cfi_def_cfa_offset 16
  39 0004 00AF     		add	r7, sp, #0
  40              	.LCFI2:
  41              		.cfi_def_cfa_register 7
  42 0006 7860     		str	r0, [r7, #4]
  68:../../../firmware/n32h7xx_std_periph_driver/src/n32h7xx_sdmmc.c ****     if (SDMMCx == SDMMC1)
  43              		.loc 1 68 8
  44 0008 7B68     		ldr	r3, [r7, #4]
  45 000a 0E4A     		ldr	r2, .L5
  46 000c 9342     		cmp	r3, r2
  47 000e 08D1     		bne	.L2
ARM GAS  /tmp/ccIS8uvp.s 			page 3


  69:../../../firmware/n32h7xx_std_periph_driver/src/n32h7xx_sdmmc.c ****     {
  70:../../../firmware/n32h7xx_std_periph_driver/src/n32h7xx_sdmmc.c ****         RCC_EnableAXIPeriphReset1(RCC_AXI_PERIPHRST_SDMMC1);
  48              		.loc 1 70 9
  49 0010 4FF40070 		mov	r0, #512
  50 0014 FFF7FEFF 		bl	RCC_EnableAXIPeriphReset1
  71:../../../firmware/n32h7xx_std_periph_driver/src/n32h7xx_sdmmc.c ****         RCC_EnableAXIPeriphReset1(RCC_AXI_PERIPHRST_SDHOST1);
  51              		.loc 1 71 9
  52 0018 4FF48070 		mov	r0, #256
  53 001c FFF7FEFF 		bl	RCC_EnableAXIPeriphReset1
  72:../../../firmware/n32h7xx_std_periph_driver/src/n32h7xx_sdmmc.c ****     }
  73:../../../firmware/n32h7xx_std_periph_driver/src/n32h7xx_sdmmc.c ****     else if (SDMMCx == SDMMC2)
  74:../../../firmware/n32h7xx_std_periph_driver/src/n32h7xx_sdmmc.c ****     {
  75:../../../firmware/n32h7xx_std_periph_driver/src/n32h7xx_sdmmc.c ****         RCC_EnableAHB1PeriphReset1(RCC_AHB1_PERIPHRST_SDMMC2);
  76:../../../firmware/n32h7xx_std_periph_driver/src/n32h7xx_sdmmc.c ****         RCC_EnableAHB1PeriphReset1(RCC_AHB1_PERIPHRST_SDHOST2);
  77:../../../firmware/n32h7xx_std_periph_driver/src/n32h7xx_sdmmc.c ****     }
  78:../../../firmware/n32h7xx_std_periph_driver/src/n32h7xx_sdmmc.c ****     else
  79:../../../firmware/n32h7xx_std_periph_driver/src/n32h7xx_sdmmc.c ****     {
  80:../../../firmware/n32h7xx_std_periph_driver/src/n32h7xx_sdmmc.c ****         /* no process */
  81:../../../firmware/n32h7xx_std_periph_driver/src/n32h7xx_sdmmc.c ****     }
  82:../../../firmware/n32h7xx_std_periph_driver/src/n32h7xx_sdmmc.c **** }
  54              		.loc 1 82 1
  55 0020 0BE0     		b	.L4
  56              	.L2:
  73:../../../firmware/n32h7xx_std_periph_driver/src/n32h7xx_sdmmc.c ****     {
  57              		.loc 1 73 13
  58 0022 7B68     		ldr	r3, [r7, #4]
  59 0024 084A     		ldr	r2, .L5+4
  60 0026 9342     		cmp	r3, r2
  61 0028 07D1     		bne	.L4
  75:../../../firmware/n32h7xx_std_periph_driver/src/n32h7xx_sdmmc.c ****         RCC_EnableAHB1PeriphReset1(RCC_AHB1_PERIPHRST_SDHOST2);
  62              		.loc 1 75 9
  63 002a 4FF00050 		mov	r0, #536870912
  64 002e FFF7FEFF 		bl	RCC_EnableAHB1PeriphReset1
  76:../../../firmware/n32h7xx_std_periph_driver/src/n32h7xx_sdmmc.c ****     }
  65              		.loc 1 76 9
  66 0032 4FF08050 		mov	r0, #268435456
  67 0036 FFF7FEFF 		bl	RCC_EnableAHB1PeriphReset1
  68              	.L4:
  69              		.loc 1 82 1
  70 003a 00BF     		nop
  71 003c 0837     		adds	r7, r7, #8
  72              	.LCFI3:
  73              		.cfi_def_cfa_offset 8
  74 003e BD46     		mov	sp, r7
  75              	.LCFI4:
  76              		.cfi_def_cfa_register 13
  77              		@ sp needed
  78 0040 80BD     		pop	{r7, pc}
  79              	.L6:
  80 0042 00BF     		.align	2
  81              	.L5:
  82 0044 00701051 		.word	1360031744
  83 0048 00A00440 		.word	1074044928
  84              		.cfi_endproc
  85              	.LFE147:
  87              		.section	.text.SDMMC_WrapperConfig,"ax",%progbits
  88              		.align	1
ARM GAS  /tmp/ccIS8uvp.s 			page 4


  89              		.global	SDMMC_WrapperConfig
  90              		.syntax unified
  91              		.thumb
  92              		.thumb_func
  94              	SDMMC_WrapperConfig:
  95              	.LFB148:
  83:../../../firmware/n32h7xx_std_periph_driver/src/n32h7xx_sdmmc.c **** 
  84:../../../firmware/n32h7xx_std_periph_driver/src/n32h7xx_sdmmc.c **** 
  85:../../../firmware/n32h7xx_std_periph_driver/src/n32h7xx_sdmmc.c **** /**
  86:../../../firmware/n32h7xx_std_periph_driver/src/n32h7xx_sdmmc.c ****  *\*\name   SDMMC_WrapperConfig.
  87:../../../firmware/n32h7xx_std_periph_driver/src/n32h7xx_sdmmc.c ****  *\*\fun    Initializes the SDMMC peripheral according to the specified
  88:../../../firmware/n32h7xx_std_periph_driver/src/n32h7xx_sdmmc.c ****  *\*\       parameters in the SDMMC_WrapperParam.
  89:../../../firmware/n32h7xx_std_periph_driver/src/n32h7xx_sdmmc.c ****  *\*\fun    Configure SDMMC wrapper register values.
  90:../../../firmware/n32h7xx_std_periph_driver/src/n32h7xx_sdmmc.c ****  *\*\param  SDMMCx pointer to specified SDMMC,must be one of the following value:
  91:../../../firmware/n32h7xx_std_periph_driver/src/n32h7xx_sdmmc.c ****  *\*\          - SDMMC1
  92:../../../firmware/n32h7xx_std_periph_driver/src/n32h7xx_sdmmc.c ****  *\*\          - SDMMC2
  93:../../../firmware/n32h7xx_std_periph_driver/src/n32h7xx_sdmmc.c ****  *\*\param  SDMMC_WrapperParam: pointer to a SDMMC_WrapperType structure.
  94:../../../firmware/n32h7xx_std_periph_driver/src/n32h7xx_sdmmc.c ****  *\*\           - MaxBlockLen  : Maximum Block Length supported by the Core/Device
  95:../../../firmware/n32h7xx_std_periph_driver/src/n32h7xx_sdmmc.c ****  *\*\               - SDMMC_MAXBLOCKLEN_512B
  96:../../../firmware/n32h7xx_std_periph_driver/src/n32h7xx_sdmmc.c ****  *\*\               - SDMMC_MAXBLOCKLEN_1024B
  97:../../../firmware/n32h7xx_std_periph_driver/src/n32h7xx_sdmmc.c ****  *\*\               - SDMMC_MAXBLOCKLEN_2048B
  98:../../../firmware/n32h7xx_std_periph_driver/src/n32h7xx_sdmmc.c ****  *\*\           - SDBaseCLKFreq :  xin_clk, Base Clock Frequency for SD Clock
  99:../../../firmware/n32h7xx_std_periph_driver/src/n32h7xx_sdmmc.c ****  *\*\               - 0x0A~0x68,Unit MHz
 100:../../../firmware/n32h7xx_std_periph_driver/src/n32h7xx_sdmmc.c ****  *\*\           - TimeOutUnit   :  the unit of base clock frequency used to detect Data Timeout Err
 101:../../../firmware/n32h7xx_std_periph_driver/src/n32h7xx_sdmmc.c ****  *\*\               - SDMMC_TIMEOUTCLKUNIT_KHZ
 102:../../../firmware/n32h7xx_std_periph_driver/src/n32h7xx_sdmmc.c ****  *\*\               - SDMMC_TIMEOUTCLKUNIT_MHZ
 103:../../../firmware/n32h7xx_std_periph_driver/src/n32h7xx_sdmmc.c ****  *\*\           - TuningCNT     : the number of delay taps that are supported for tuning the rxclk_
 104:../../../firmware/n32h7xx_std_periph_driver/src/n32h7xx_sdmmc.c ****  *\*\               - 0x00~0x20
 105:../../../firmware/n32h7xx_std_periph_driver/src/n32h7xx_sdmmc.c ****  *\*\           - WKUPSignalMode :   Wakeup Signal Generation Mode
 106:../../../firmware/n32h7xx_std_periph_driver/src/n32h7xx_sdmmc.c ****  *\*\               - SDMMC_SYNCWKUP
 107:../../../firmware/n32h7xx_std_periph_driver/src/n32h7xx_sdmmc.c ****  *\*\               - SDMMC_ASYNCWKUP
 108:../../../firmware/n32h7xx_std_periph_driver/src/n32h7xx_sdmmc.c ****  *\*\           - SPIBlockMode  :    SPI Block Mode
 109:../../../firmware/n32h7xx_std_periph_driver/src/n32h7xx_sdmmc.c ****  *\*\               - SDMMC_SPIBLOCKMODESUPPORT
 110:../../../firmware/n32h7xx_std_periph_driver/src/n32h7xx_sdmmc.c ****  *\*\               - SDMMC_SPIBLOCKMODEUNSUPPORT
 111:../../../firmware/n32h7xx_std_periph_driver/src/n32h7xx_sdmmc.c ****  *\*\           - SPIMode       :   SPI Mode Support
 112:../../../firmware/n32h7xx_std_periph_driver/src/n32h7xx_sdmmc.c ****  *\*\               - SDMMC_SPIMODESUPPORT
 113:../../../firmware/n32h7xx_std_periph_driver/src/n32h7xx_sdmmc.c ****  *\*\               - SDMMC_SPIMODEUNSUPPORT
 114:../../../firmware/n32h7xx_std_periph_driver/src/n32h7xx_sdmmc.c ****  *\*\           - DDR50         : DDR50 Support
 115:../../../firmware/n32h7xx_std_periph_driver/src/n32h7xx_sdmmc.c ****  *\*\               - SDMMC_DDR50SUPPORT
 116:../../../firmware/n32h7xx_std_periph_driver/src/n32h7xx_sdmmc.c ****  *\*\               - SDMMC_DDR50UNSUPPORT
 117:../../../firmware/n32h7xx_std_periph_driver/src/n32h7xx_sdmmc.c ****  *\*\           - SDR104        : SDR104 Support
 118:../../../firmware/n32h7xx_std_periph_driver/src/n32h7xx_sdmmc.c ****  *\*\               - SDMMC_SDR104SUPPORT
 119:../../../firmware/n32h7xx_std_periph_driver/src/n32h7xx_sdmmc.c ****  *\*\               - SDMMC_SDR104UNSUPPORT
 120:../../../firmware/n32h7xx_std_periph_driver/src/n32h7xx_sdmmc.c ****  *\*\           - SDR50         : SDR50 Support
 121:../../../firmware/n32h7xx_std_periph_driver/src/n32h7xx_sdmmc.c ****  *\*\               - SDMMC_SDR50SUPPORT
 122:../../../firmware/n32h7xx_std_periph_driver/src/n32h7xx_sdmmc.c ****  *\*\               - SDMMC_SDR50UNSUPPORT
 123:../../../firmware/n32h7xx_std_periph_driver/src/n32h7xx_sdmmc.c ****  *\*\           - SlotType      : Slot Type
 124:../../../firmware/n32h7xx_std_periph_driver/src/n32h7xx_sdmmc.c ****  *\*\               - SDMMC_SDTYPE
 125:../../../firmware/n32h7xx_std_periph_driver/src/n32h7xx_sdmmc.c ****  *\*\               - SDMMC_EMMCTYPE
 126:../../../firmware/n32h7xx_std_periph_driver/src/n32h7xx_sdmmc.c ****  *\*\           - AsyncInt      : Asynchronous Interrupt Support
 127:../../../firmware/n32h7xx_std_periph_driver/src/n32h7xx_sdmmc.c ****  *\*\               - SDMMC_ASYNCINTSUPPORT
 128:../../../firmware/n32h7xx_std_periph_driver/src/n32h7xx_sdmmc.c ****  *\*\               - SDMMC_ASYNCINTUNSUPPORT
 129:../../../firmware/n32h7xx_std_periph_driver/src/n32h7xx_sdmmc.c ****  *\*\           - Suspend_Resume : Suspend/Resume Support
 130:../../../firmware/n32h7xx_std_periph_driver/src/n32h7xx_sdmmc.c ****  *\*\               - SDMMC_SUSRESSUPPORT
 131:../../../firmware/n32h7xx_std_periph_driver/src/n32h7xx_sdmmc.c ****  *\*\               - SDMMC_SUSRESUNSUPPORT
 132:../../../firmware/n32h7xx_std_periph_driver/src/n32h7xx_sdmmc.c ****  *\*\           - SDMA           : SDMA Support
 133:../../../firmware/n32h7xx_std_periph_driver/src/n32h7xx_sdmmc.c ****  *\*\               - SDMMC_SDMASUPPORT
ARM GAS  /tmp/ccIS8uvp.s 			page 5


 134:../../../firmware/n32h7xx_std_periph_driver/src/n32h7xx_sdmmc.c ****  *\*\               - SDMMC_SDMAUNSUPPORT
 135:../../../firmware/n32h7xx_std_periph_driver/src/n32h7xx_sdmmc.c ****  *\*\           - HS             : High Speed Support
 136:../../../firmware/n32h7xx_std_periph_driver/src/n32h7xx_sdmmc.c ****  *\*\               - SDMMC_HSSUPPORT
 137:../../../firmware/n32h7xx_std_periph_driver/src/n32h7xx_sdmmc.c ****  *\*\               - SDMMC_HSUNSUPPORT
 138:../../../firmware/n32h7xx_std_periph_driver/src/n32h7xx_sdmmc.c ****  *\*\           - ADMA2          : ADMA2 Support
 139:../../../firmware/n32h7xx_std_periph_driver/src/n32h7xx_sdmmc.c ****  *\*\               - SDMMC_ADMA2SUPPORT
 140:../../../firmware/n32h7xx_std_periph_driver/src/n32h7xx_sdmmc.c ****  *\*\               - SDMMC_ADMA2UNSUPPORT
 141:../../../firmware/n32h7xx_std_periph_driver/src/n32h7xx_sdmmc.c ****  *\*\           - Embedded_8bit   : 8-bit Support for Embedded Device
 142:../../../firmware/n32h7xx_std_periph_driver/src/n32h7xx_sdmmc.c ****  *\*\               - SDMMC_EMBEDDEDSUPPORT
 143:../../../firmware/n32h7xx_std_periph_driver/src/n32h7xx_sdmmc.c ****  *\*\               - SDMMC_EMBEDDEDUNSUPPORT
 144:../../../firmware/n32h7xx_std_periph_driver/src/n32h7xx_sdmmc.c ****  *\*\           - UseTuningSDR50  : Use Tuning for SDR50
 145:../../../firmware/n32h7xx_std_periph_driver/src/n32h7xx_sdmmc.c ****  *\*\               - SDMMC_SDR50TUNING
 146:../../../firmware/n32h7xx_std_periph_driver/src/n32h7xx_sdmmc.c ****  *\*\               - SDMMC_SDR50UNTUNING
 147:../../../firmware/n32h7xx_std_periph_driver/src/n32h7xx_sdmmc.c ****  *\*\           - DSSDCLKFreq      : SDCLK Frequency Select Value for Default Speed
 148:../../../firmware/n32h7xx_std_periph_driver/src/n32h7xx_sdmmc.c ****  *\*\               - 0x00~0x3FF ; 2N frequency division
 149:../../../firmware/n32h7xx_std_periph_driver/src/n32h7xx_sdmmc.c ****  *\*\           - INITSDCLKFreq    :SDCLK Frequency Select Value for Initialization
 150:../../../firmware/n32h7xx_std_periph_driver/src/n32h7xx_sdmmc.c ****  *\*\               - 0x00~0x3FF ; 2N frequency division
 151:../../../firmware/n32h7xx_std_periph_driver/src/n32h7xx_sdmmc.c ****  *\*\           - SDR12SDCLKFreq  : SDCLK Frequency Select Value for SDR12
 152:../../../firmware/n32h7xx_std_periph_driver/src/n32h7xx_sdmmc.c ****  *\*\               - 0x00~0x3FF ; 2N frequency division
 153:../../../firmware/n32h7xx_std_periph_driver/src/n32h7xx_sdmmc.c ****  *\*\           - HSSDCLKFreq     : SDCLK Frequency Select Value for High Speed
 154:../../../firmware/n32h7xx_std_periph_driver/src/n32h7xx_sdmmc.c ****  *\*\               - 0x00~0x3FF ; 2N frequency division
 155:../../../firmware/n32h7xx_std_periph_driver/src/n32h7xx_sdmmc.c ****  *\*\           - SDR50SDCLKFreq  : SDCLK Frequency Select Value for SDR50
 156:../../../firmware/n32h7xx_std_periph_driver/src/n32h7xx_sdmmc.c ****  *\*\               - 0x00~0x3FF ; 2N frequency division
 157:../../../firmware/n32h7xx_std_periph_driver/src/n32h7xx_sdmmc.c ****  *\*\           - SDR25SDCLKFreq   : SDCLK Frequency Select Value for SDR25
 158:../../../firmware/n32h7xx_std_periph_driver/src/n32h7xx_sdmmc.c ****  *\*\               - 0x00~0x3FF ; 2N frequency division
 159:../../../firmware/n32h7xx_std_periph_driver/src/n32h7xx_sdmmc.c ****  *\*\           - SDR104SDCLKFreq  : SDCLK Frequency Select Value for SDR104
 160:../../../firmware/n32h7xx_std_periph_driver/src/n32h7xx_sdmmc.c ****  *\*\               - 0x00~0x3FF ; 2N frequency division
 161:../../../firmware/n32h7xx_std_periph_driver/src/n32h7xx_sdmmc.c ****  *\*\           - DDR50SDCLKFreq   : SDCLK Frequency Select Value for DDR50
 162:../../../firmware/n32h7xx_std_periph_driver/src/n32h7xx_sdmmc.c ****  *\*\               - 0x00~0x3FF ; 2N frequency division
 163:../../../firmware/n32h7xx_std_periph_driver/src/n32h7xx_sdmmc.c ****  *\*\return ErrorStatus
 164:../../../firmware/n32h7xx_std_periph_driver/src/n32h7xx_sdmmc.c ****  *\*\          - SUCCESS
 165:../../../firmware/n32h7xx_std_periph_driver/src/n32h7xx_sdmmc.c ****  *\*\          - ERROR
 166:../../../firmware/n32h7xx_std_periph_driver/src/n32h7xx_sdmmc.c ****  *\*\note  This function can only be used when SDMMC is not working.
 167:../../../firmware/n32h7xx_std_periph_driver/src/n32h7xx_sdmmc.c ****  *\*       Call configuration support function before SD initialization.
 168:../../../firmware/n32h7xx_std_periph_driver/src/n32h7xx_sdmmc.c ****  */
 169:../../../firmware/n32h7xx_std_periph_driver/src/n32h7xx_sdmmc.c **** ErrorStatus SDMMC_WrapperConfig(SDMMC_Module* SDMMCx, SDMMC_WrapperType *SDMMC_WrapperParam)
 170:../../../firmware/n32h7xx_std_periph_driver/src/n32h7xx_sdmmc.c **** {
  96              		.loc 1 170 1
  97              		.cfi_startproc
  98              		@ args = 0, pretend = 0, frame = 16
  99              		@ frame_needed = 1, uses_anonymous_args = 0
 100              		@ link register save eliminated.
 101 0000 80B4     		push	{r7}
 102              	.LCFI5:
 103              		.cfi_def_cfa_offset 4
 104              		.cfi_offset 7, -4
 105 0002 85B0     		sub	sp, sp, #20
 106              	.LCFI6:
 107              		.cfi_def_cfa_offset 24
 108 0004 00AF     		add	r7, sp, #0
 109              	.LCFI7:
 110              		.cfi_def_cfa_register 7
 111 0006 7860     		str	r0, [r7, #4]
 112 0008 3960     		str	r1, [r7]
 171:../../../firmware/n32h7xx_std_periph_driver/src/n32h7xx_sdmmc.c ****     uint32_t tempReg;
 172:../../../firmware/n32h7xx_std_periph_driver/src/n32h7xx_sdmmc.c ****     SDHOST_Module* SDHOSTx;
 173:../../../firmware/n32h7xx_std_periph_driver/src/n32h7xx_sdmmc.c **** 
ARM GAS  /tmp/ccIS8uvp.s 			page 6


 174:../../../firmware/n32h7xx_std_periph_driver/src/n32h7xx_sdmmc.c ****     if(SDMMCx == SDMMC1)
 113              		.loc 1 174 7
 114 000a 7B68     		ldr	r3, [r7, #4]
 115 000c 5E4A     		ldr	r2, .L12
 116 000e 9342     		cmp	r3, r2
 117 0010 02D1     		bne	.L8
 175:../../../firmware/n32h7xx_std_periph_driver/src/n32h7xx_sdmmc.c ****     {
 176:../../../firmware/n32h7xx_std_periph_driver/src/n32h7xx_sdmmc.c ****         SDHOSTx = SDHOST1;
 118              		.loc 1 176 17
 119 0012 5E4B     		ldr	r3, .L12+4
 120 0014 FB60     		str	r3, [r7, #12]
 121 0016 01E0     		b	.L9
 122              	.L8:
 177:../../../firmware/n32h7xx_std_periph_driver/src/n32h7xx_sdmmc.c ****     }
 178:../../../firmware/n32h7xx_std_periph_driver/src/n32h7xx_sdmmc.c ****     else
 179:../../../firmware/n32h7xx_std_periph_driver/src/n32h7xx_sdmmc.c ****     {
 180:../../../firmware/n32h7xx_std_periph_driver/src/n32h7xx_sdmmc.c ****         SDHOSTx = SDHOST2;
 123              		.loc 1 180 17
 124 0018 5D4B     		ldr	r3, .L12+8
 125 001a FB60     		str	r3, [r7, #12]
 126              	.L9:
 181:../../../firmware/n32h7xx_std_periph_driver/src/n32h7xx_sdmmc.c ****     }
 182:../../../firmware/n32h7xx_std_periph_driver/src/n32h7xx_sdmmc.c **** 
 183:../../../firmware/n32h7xx_std_periph_driver/src/n32h7xx_sdmmc.c ****     /* The SDMMC registers can only be configured when SDMMC is not operational */
 184:../../../firmware/n32h7xx_std_periph_driver/src/n32h7xx_sdmmc.c ****     if((SDHOSTx->PRESTS & (SDHOST_PRESTS_RTRANACT | SDHOST_PRESTS_WTRANACT)) != RESET)
 127              		.loc 1 184 16
 128 001c FB68     		ldr	r3, [r7, #12]
 129 001e 5B6A     		ldr	r3, [r3, #36]
 130              		.loc 1 184 25
 131 0020 03F44073 		and	r3, r3, #768
 132              		.loc 1 184 7
 133 0024 002B     		cmp	r3, #0
 134 0026 01D0     		beq	.L10
 185:../../../firmware/n32h7xx_std_periph_driver/src/n32h7xx_sdmmc.c ****     {
 186:../../../firmware/n32h7xx_std_periph_driver/src/n32h7xx_sdmmc.c ****         return ERROR;
 135              		.loc 1 186 16
 136 0028 0023     		movs	r3, #0
 137 002a A8E0     		b	.L11
 138              	.L10:
 187:../../../firmware/n32h7xx_std_periph_driver/src/n32h7xx_sdmmc.c ****     }
 188:../../../firmware/n32h7xx_std_periph_driver/src/n32h7xx_sdmmc.c **** 
 189:../../../firmware/n32h7xx_std_periph_driver/src/n32h7xx_sdmmc.c ****     /* Configure SDMMC_CFG1, including block length, xin_clk size,Timeout Clock Unit,
 190:../../../firmware/n32h7xx_std_periph_driver/src/n32h7xx_sdmmc.c ****        Tuning Count, Wakeup Signal Generation Mode */
 191:../../../firmware/n32h7xx_std_periph_driver/src/n32h7xx_sdmmc.c ****     tempReg = SDMMCx->CFG1;
 139              		.loc 1 191 13
 140 002c 7B68     		ldr	r3, [r7, #4]
 141 002e 1B68     		ldr	r3, [r3]
 142 0030 BB60     		str	r3, [r7, #8]
 192:../../../firmware/n32h7xx_std_periph_driver/src/n32h7xx_sdmmc.c ****     tempReg &= (~(SDMMC_CFG1_MBL | SDMMC_CFG1_BCLKF | SDMMC_CFG1_TCLKU | SDMMC_CFG1_TCNT | SDMMC_CF
 143              		.loc 1 192 13
 144 0032 BA68     		ldr	r2, [r7, #8]
 145 0034 574B     		ldr	r3, .L12+12
 146 0036 1340     		ands	r3, r3, r2
 147 0038 BB60     		str	r3, [r7, #8]
 193:../../../firmware/n32h7xx_std_periph_driver/src/n32h7xx_sdmmc.c ****     tempReg |= (SDMMC_WrapperParam->MaxBlockLen | (SDMMC_WrapperParam->SDBaseCLKFreq << SDMMC_CFG1_
 148              		.loc 1 193 35
 149 003a 3B68     		ldr	r3, [r7]
ARM GAS  /tmp/ccIS8uvp.s 			page 7


 150 003c 1A68     		ldr	r2, [r3]
 151              		.loc 1 193 70
 152 003e 3B68     		ldr	r3, [r7]
 153 0040 5B68     		ldr	r3, [r3, #4]
 154              		.loc 1 193 86
 155 0042 9B03     		lsls	r3, r3, #14
 156              		.loc 1 193 49
 157 0044 1A43     		orrs	r2, r2, r3
 158              		.loc 1 193 134
 159 0046 3B68     		ldr	r3, [r7]
 160 0048 9B68     		ldr	r3, [r3, #8]
 161              		.loc 1 193 114
 162 004a 1A43     		orrs	r2, r2, r3
 194:../../../firmware/n32h7xx_std_periph_driver/src/n32h7xx_sdmmc.c ****                 | (SDMMC_WrapperParam->TuningCNT << SDMMC_CFG1_TCNT_OFFSET) | SDMMC_WrapperParam->W
 163              		.loc 1 194 38
 164 004c 3B68     		ldr	r3, [r7]
 165 004e DB68     		ldr	r3, [r3, #12]
 166              		.loc 1 194 50
 167 0050 5B00     		lsls	r3, r3, #1
 168              		.loc 1 194 17
 169 0052 1A43     		orrs	r2, r2, r3
 170              		.loc 1 194 97
 171 0054 3B68     		ldr	r3, [r7]
 172 0056 1B69     		ldr	r3, [r3, #16]
 173              		.loc 1 194 77
 174 0058 1343     		orrs	r3, r3, r2
 193:../../../firmware/n32h7xx_std_periph_driver/src/n32h7xx_sdmmc.c ****     tempReg |= (SDMMC_WrapperParam->MaxBlockLen | (SDMMC_WrapperParam->SDBaseCLKFreq << SDMMC_CFG1_
 175              		.loc 1 193 13
 176 005a BA68     		ldr	r2, [r7, #8]
 177 005c 1343     		orrs	r3, r3, r2
 178 005e BB60     		str	r3, [r7, #8]
 195:../../../firmware/n32h7xx_std_periph_driver/src/n32h7xx_sdmmc.c ****     SDMMCx->CFG1 = tempReg;
 179              		.loc 1 195 18
 180 0060 7B68     		ldr	r3, [r7, #4]
 181 0062 BA68     		ldr	r2, [r7, #8]
 182 0064 1A60     		str	r2, [r3]
 196:../../../firmware/n32h7xx_std_periph_driver/src/n32h7xx_sdmmc.c **** 
 197:../../../firmware/n32h7xx_std_periph_driver/src/n32h7xx_sdmmc.c ****     /* Configure SDMMC_CFG2, including SPI block mode, SPI mode,DDR50,SDR104,SDR50,Slot Type,
 198:../../../firmware/n32h7xx_std_periph_driver/src/n32h7xx_sdmmc.c ****        Asynchronous Interrupt,Suspend/Resume Support,SDMA,HS,ADMA2,8-bit Support for Embedded Devic
 199:../../../firmware/n32h7xx_std_periph_driver/src/n32h7xx_sdmmc.c ****     tempReg = SDMMCx->CFG2;
 183              		.loc 1 199 13
 184 0066 7B68     		ldr	r3, [r7, #4]
 185 0068 5B68     		ldr	r3, [r3, #4]
 186 006a BB60     		str	r3, [r7, #8]
 200:../../../firmware/n32h7xx_std_periph_driver/src/n32h7xx_sdmmc.c ****     tempReg &= (~(SDMMC_CFG2_SPIBMOD | SDMMC_CFG2_SPIMOD | SDMMC_CFG2_DDR50 | SDMMC_CFG2_SDR104 | S
 187              		.loc 1 200 13
 188 006c BA68     		ldr	r2, [r7, #8]
 189 006e 4A4B     		ldr	r3, .L12+16
 190 0070 1340     		ands	r3, r3, r2
 191 0072 BB60     		str	r3, [r7, #8]
 201:../../../firmware/n32h7xx_std_periph_driver/src/n32h7xx_sdmmc.c ****                   | SDMMC_CFG2_STYP | SDMMC_CFG2_ASYNCINT | SDMMC_CFG2_SDMA | SDMMC_CFG2_HS | SDMMC
 202:../../../firmware/n32h7xx_std_periph_driver/src/n32h7xx_sdmmc.c ****     tempReg |= (SDMMC_WrapperParam->SPIBlockMode | SDMMC_WrapperParam->SPIMode | SDMMC_WrapperParam
 192              		.loc 1 202 35
 193 0074 3B68     		ldr	r3, [r7]
 194 0076 5A69     		ldr	r2, [r3, #20]
 195              		.loc 1 202 70
 196 0078 3B68     		ldr	r3, [r7]
ARM GAS  /tmp/ccIS8uvp.s 			page 8


 197 007a 9B69     		ldr	r3, [r3, #24]
 198              		.loc 1 202 50
 199 007c 1A43     		orrs	r2, r2, r3
 200              		.loc 1 202 100
 201 007e 3B68     		ldr	r3, [r7]
 202 0080 DB69     		ldr	r3, [r3, #28]
 203              		.loc 1 202 80
 204 0082 1A43     		orrs	r2, r2, r3
 203:../../../firmware/n32h7xx_std_periph_driver/src/n32h7xx_sdmmc.c ****                 | SDMMC_WrapperParam->SDR104 | SDMMC_WrapperParam->SDR50 | SDMMC_WrapperParam->Slot
 205              		.loc 1 203 37
 206 0084 3B68     		ldr	r3, [r7]
 207 0086 1B6A     		ldr	r3, [r3, #32]
 208              		.loc 1 203 17
 209 0088 1A43     		orrs	r2, r2, r3
 210              		.loc 1 203 66
 211 008a 3B68     		ldr	r3, [r7]
 212 008c 5B6A     		ldr	r3, [r3, #36]
 213              		.loc 1 203 46
 214 008e 1A43     		orrs	r2, r2, r3
 215              		.loc 1 203 94
 216 0090 3B68     		ldr	r3, [r7]
 217 0092 9B6A     		ldr	r3, [r3, #40]
 218              		.loc 1 203 74
 219 0094 1A43     		orrs	r2, r2, r3
 204:../../../firmware/n32h7xx_std_periph_driver/src/n32h7xx_sdmmc.c ****                 | SDMMC_WrapperParam->AsyncInt | SDMMC_WrapperParam->Suspend_Resume | SDMMC_Wrapper
 220              		.loc 1 204 37
 221 0096 3B68     		ldr	r3, [r7]
 222 0098 DB6A     		ldr	r3, [r3, #44]
 223              		.loc 1 204 17
 224 009a 1A43     		orrs	r2, r2, r3
 225              		.loc 1 204 68
 226 009c 3B68     		ldr	r3, [r7]
 227 009e 1B6B     		ldr	r3, [r3, #48]
 228              		.loc 1 204 48
 229 00a0 1A43     		orrs	r2, r2, r3
 230              		.loc 1 204 105
 231 00a2 3B68     		ldr	r3, [r7]
 232 00a4 5B6B     		ldr	r3, [r3, #52]
 233              		.loc 1 204 85
 234 00a6 1A43     		orrs	r2, r2, r3
 205:../../../firmware/n32h7xx_std_periph_driver/src/n32h7xx_sdmmc.c ****                 | SDMMC_WrapperParam->HS  | SDMMC_WrapperParam->ADMA2 | SDMMC_WrapperParam->Embedde
 235              		.loc 1 205 37
 236 00a8 3B68     		ldr	r3, [r7]
 237 00aa 9B6B     		ldr	r3, [r3, #56]
 238              		.loc 1 205 17
 239 00ac 1A43     		orrs	r2, r2, r3
 240              		.loc 1 205 63
 241 00ae 3B68     		ldr	r3, [r7]
 242 00b0 DB6B     		ldr	r3, [r3, #60]
 243              		.loc 1 205 43
 244 00b2 1A43     		orrs	r2, r2, r3
 245              		.loc 1 205 91
 246 00b4 3B68     		ldr	r3, [r7]
 247 00b6 1B6C     		ldr	r3, [r3, #64]
 248              		.loc 1 205 71
 249 00b8 1343     		orrs	r3, r3, r2
 202:../../../firmware/n32h7xx_std_periph_driver/src/n32h7xx_sdmmc.c ****                 | SDMMC_WrapperParam->SDR104 | SDMMC_WrapperParam->SDR50 | SDMMC_WrapperParam->Slot
ARM GAS  /tmp/ccIS8uvp.s 			page 9


 250              		.loc 1 202 13
 251 00ba BA68     		ldr	r2, [r7, #8]
 252 00bc 1343     		orrs	r3, r3, r2
 253 00be BB60     		str	r3, [r7, #8]
 206:../../../firmware/n32h7xx_std_periph_driver/src/n32h7xx_sdmmc.c ****     SDMMCx->CFG2 = tempReg;
 254              		.loc 1 206 18
 255 00c0 7B68     		ldr	r3, [r7, #4]
 256 00c2 BA68     		ldr	r2, [r7, #8]
 257 00c4 5A60     		str	r2, [r3, #4]
 207:../../../firmware/n32h7xx_std_periph_driver/src/n32h7xx_sdmmc.c **** 
 208:../../../firmware/n32h7xx_std_periph_driver/src/n32h7xx_sdmmc.c ****     /* Configure SDMMC_CFG3, including Use Tuning for SDR50 */
 209:../../../firmware/n32h7xx_std_periph_driver/src/n32h7xx_sdmmc.c ****     tempReg = SDMMCx->CFG3;
 258              		.loc 1 209 13
 259 00c6 7B68     		ldr	r3, [r7, #4]
 260 00c8 9B68     		ldr	r3, [r3, #8]
 261 00ca BB60     		str	r3, [r7, #8]
 210:../../../firmware/n32h7xx_std_periph_driver/src/n32h7xx_sdmmc.c ****     tempReg &= (~SDMMC_CFG3_UTFSDR50);
 262              		.loc 1 210 13
 263 00cc BB68     		ldr	r3, [r7, #8]
 264 00ce 23F01003 		bic	r3, r3, #16
 265 00d2 BB60     		str	r3, [r7, #8]
 211:../../../firmware/n32h7xx_std_periph_driver/src/n32h7xx_sdmmc.c ****     tempReg |= SDMMC_WrapperParam->UseTuningSDR50;
 266              		.loc 1 211 34
 267 00d4 3B68     		ldr	r3, [r7]
 268 00d6 5B6C     		ldr	r3, [r3, #68]
 269              		.loc 1 211 13
 270 00d8 BA68     		ldr	r2, [r7, #8]
 271 00da 1343     		orrs	r3, r3, r2
 272 00dc BB60     		str	r3, [r7, #8]
 212:../../../firmware/n32h7xx_std_periph_driver/src/n32h7xx_sdmmc.c ****     SDMMCx->CFG3 = tempReg;
 273              		.loc 1 212 18
 274 00de 7B68     		ldr	r3, [r7, #4]
 275 00e0 BA68     		ldr	r2, [r7, #8]
 276 00e2 9A60     		str	r2, [r3, #8]
 213:../../../firmware/n32h7xx_std_periph_driver/src/n32h7xx_sdmmc.c **** 
 214:../../../firmware/n32h7xx_std_periph_driver/src/n32h7xx_sdmmc.c ****     /* Configure SDMMC_PV0CTRL, including SDCLK Frequency Select Value for Default Speed and Initia
 215:../../../firmware/n32h7xx_std_periph_driver/src/n32h7xx_sdmmc.c ****     tempReg = SDMMCx->PV0CTRL;
 277              		.loc 1 215 13
 278 00e4 7B68     		ldr	r3, [r7, #4]
 279 00e6 DB68     		ldr	r3, [r3, #12]
 280 00e8 BB60     		str	r3, [r7, #8]
 216:../../../firmware/n32h7xx_std_periph_driver/src/n32h7xx_sdmmc.c ****     tempReg &= (~(SDMMC_PV0CTRL_CLKFS_DS | SDMMC_PV0CTRL_CLKFS_INIT));
 281              		.loc 1 216 13
 282 00ea BA68     		ldr	r2, [r7, #8]
 283 00ec 2B4B     		ldr	r3, .L12+20
 284 00ee 1340     		ands	r3, r3, r2
 285 00f0 BB60     		str	r3, [r7, #8]
 217:../../../firmware/n32h7xx_std_periph_driver/src/n32h7xx_sdmmc.c ****     tempReg |= ((SDMMC_WrapperParam->DSSDCLKFreq << SDMMC_PV0CTRL_CLKFS_OFFSET) | SDMMC_WrapperPara
 286              		.loc 1 217 36
 287 00f2 3B68     		ldr	r3, [r7]
 288 00f4 9B6C     		ldr	r3, [r3, #72]
 289              		.loc 1 217 50
 290 00f6 5A03     		lsls	r2, r3, #13
 291              		.loc 1 217 101
 292 00f8 3B68     		ldr	r3, [r7]
 293 00fa DB6C     		ldr	r3, [r3, #76]
 294              		.loc 1 217 81
ARM GAS  /tmp/ccIS8uvp.s 			page 10


 295 00fc 1343     		orrs	r3, r3, r2
 296              		.loc 1 217 13
 297 00fe BA68     		ldr	r2, [r7, #8]
 298 0100 1343     		orrs	r3, r3, r2
 299 0102 BB60     		str	r3, [r7, #8]
 218:../../../firmware/n32h7xx_std_periph_driver/src/n32h7xx_sdmmc.c ****     SDMMCx->PV0CTRL = tempReg;
 300              		.loc 1 218 21
 301 0104 7B68     		ldr	r3, [r7, #4]
 302 0106 BA68     		ldr	r2, [r7, #8]
 303 0108 DA60     		str	r2, [r3, #12]
 219:../../../firmware/n32h7xx_std_periph_driver/src/n32h7xx_sdmmc.c **** 
 220:../../../firmware/n32h7xx_std_periph_driver/src/n32h7xx_sdmmc.c ****     /* Configure SDMMC_PV1CTRL, including SDCLK Frequency Select Value for SDR12 and HS */
 221:../../../firmware/n32h7xx_std_periph_driver/src/n32h7xx_sdmmc.c ****     tempReg = SDMMCx->PV1CTRL;
 304              		.loc 1 221 13
 305 010a 7B68     		ldr	r3, [r7, #4]
 306 010c 1B69     		ldr	r3, [r3, #16]
 307 010e BB60     		str	r3, [r7, #8]
 222:../../../firmware/n32h7xx_std_periph_driver/src/n32h7xx_sdmmc.c ****     tempReg &= (~(SDMMC_PV1CTRL_CLKFS_SDR12 | SDMMC_PV1CTRL_CLKFS_HS));
 308              		.loc 1 222 13
 309 0110 BA68     		ldr	r2, [r7, #8]
 310 0112 224B     		ldr	r3, .L12+20
 311 0114 1340     		ands	r3, r3, r2
 312 0116 BB60     		str	r3, [r7, #8]
 223:../../../firmware/n32h7xx_std_periph_driver/src/n32h7xx_sdmmc.c ****     tempReg |= ((SDMMC_WrapperParam->SDR12SDCLKFreq << SDMMC_PV0CTRL_CLKFS_OFFSET) | SDMMC_WrapperP
 313              		.loc 1 223 36
 314 0118 3B68     		ldr	r3, [r7]
 315 011a 1B6D     		ldr	r3, [r3, #80]
 316              		.loc 1 223 53
 317 011c 5A03     		lsls	r2, r3, #13
 318              		.loc 1 223 104
 319 011e 3B68     		ldr	r3, [r7]
 320 0120 5B6D     		ldr	r3, [r3, #84]
 321              		.loc 1 223 84
 322 0122 1343     		orrs	r3, r3, r2
 323              		.loc 1 223 13
 324 0124 BA68     		ldr	r2, [r7, #8]
 325 0126 1343     		orrs	r3, r3, r2
 326 0128 BB60     		str	r3, [r7, #8]
 224:../../../firmware/n32h7xx_std_periph_driver/src/n32h7xx_sdmmc.c ****     SDMMCx->PV1CTRL = tempReg;
 327              		.loc 1 224 21
 328 012a 7B68     		ldr	r3, [r7, #4]
 329 012c BA68     		ldr	r2, [r7, #8]
 330 012e 1A61     		str	r2, [r3, #16]
 225:../../../firmware/n32h7xx_std_periph_driver/src/n32h7xx_sdmmc.c **** 
 226:../../../firmware/n32h7xx_std_periph_driver/src/n32h7xx_sdmmc.c ****     /* Configure SDMMC_PV2CTRL, including SDCLK Frequency Select Value for SDR50 and SDR25 */
 227:../../../firmware/n32h7xx_std_periph_driver/src/n32h7xx_sdmmc.c ****     tempReg = SDMMCx->PV2CTRL;
 331              		.loc 1 227 13
 332 0130 7B68     		ldr	r3, [r7, #4]
 333 0132 5B69     		ldr	r3, [r3, #20]
 334 0134 BB60     		str	r3, [r7, #8]
 228:../../../firmware/n32h7xx_std_periph_driver/src/n32h7xx_sdmmc.c ****     tempReg &= (~(SDMMC_PV2CTRL_CLKFS_SDR50 | SDMMC_PV2CTRL_CLKFS_SDR25));
 335              		.loc 1 228 13
 336 0136 BA68     		ldr	r2, [r7, #8]
 337 0138 184B     		ldr	r3, .L12+20
 338 013a 1340     		ands	r3, r3, r2
 339 013c BB60     		str	r3, [r7, #8]
 229:../../../firmware/n32h7xx_std_periph_driver/src/n32h7xx_sdmmc.c ****     tempReg |= ((SDMMC_WrapperParam->SDR50SDCLKFreq << SDMMC_PV0CTRL_CLKFS_OFFSET) | SDMMC_WrapperP
ARM GAS  /tmp/ccIS8uvp.s 			page 11


 340              		.loc 1 229 36
 341 013e 3B68     		ldr	r3, [r7]
 342 0140 9B6D     		ldr	r3, [r3, #88]
 343              		.loc 1 229 53
 344 0142 5A03     		lsls	r2, r3, #13
 345              		.loc 1 229 104
 346 0144 3B68     		ldr	r3, [r7]
 347 0146 DB6D     		ldr	r3, [r3, #92]
 348              		.loc 1 229 84
 349 0148 1343     		orrs	r3, r3, r2
 350              		.loc 1 229 13
 351 014a BA68     		ldr	r2, [r7, #8]
 352 014c 1343     		orrs	r3, r3, r2
 353 014e BB60     		str	r3, [r7, #8]
 230:../../../firmware/n32h7xx_std_periph_driver/src/n32h7xx_sdmmc.c ****     SDMMCx->PV2CTRL = tempReg;
 354              		.loc 1 230 21
 355 0150 7B68     		ldr	r3, [r7, #4]
 356 0152 BA68     		ldr	r2, [r7, #8]
 357 0154 5A61     		str	r2, [r3, #20]
 231:../../../firmware/n32h7xx_std_periph_driver/src/n32h7xx_sdmmc.c **** 
 232:../../../firmware/n32h7xx_std_periph_driver/src/n32h7xx_sdmmc.c ****     /* Configure SDMMC_PV3CTRL, including SDCLK Frequency Select Value for DDR50 and SDR104 */
 233:../../../firmware/n32h7xx_std_periph_driver/src/n32h7xx_sdmmc.c ****     tempReg = SDMMCx->PV3CTRL;
 358              		.loc 1 233 13
 359 0156 7B68     		ldr	r3, [r7, #4]
 360 0158 9B69     		ldr	r3, [r3, #24]
 361 015a BB60     		str	r3, [r7, #8]
 234:../../../firmware/n32h7xx_std_periph_driver/src/n32h7xx_sdmmc.c ****     tempReg &= (~(SDMMC_PV3CTRL_CLKFS_SDR104 | SDMMC_PV3CTRL_CLKFS_DDR50));
 362              		.loc 1 234 13
 363 015c BA68     		ldr	r2, [r7, #8]
 364 015e 0F4B     		ldr	r3, .L12+20
 365 0160 1340     		ands	r3, r3, r2
 366 0162 BB60     		str	r3, [r7, #8]
 235:../../../firmware/n32h7xx_std_periph_driver/src/n32h7xx_sdmmc.c ****     tempReg |= ((SDMMC_WrapperParam->SDR104SDCLKFreq << SDMMC_PV0CTRL_CLKFS_OFFSET) | SDMMC_Wrapper
 367              		.loc 1 235 36
 368 0164 3B68     		ldr	r3, [r7]
 369 0166 1B6E     		ldr	r3, [r3, #96]
 370              		.loc 1 235 54
 371 0168 5A03     		lsls	r2, r3, #13
 372              		.loc 1 235 105
 373 016a 3B68     		ldr	r3, [r7]
 374 016c 5B6E     		ldr	r3, [r3, #100]
 375              		.loc 1 235 85
 376 016e 1343     		orrs	r3, r3, r2
 377              		.loc 1 235 13
 378 0170 BA68     		ldr	r2, [r7, #8]
 379 0172 1343     		orrs	r3, r3, r2
 380 0174 BB60     		str	r3, [r7, #8]
 236:../../../firmware/n32h7xx_std_periph_driver/src/n32h7xx_sdmmc.c ****     SDMMCx->PV3CTRL = tempReg;
 381              		.loc 1 236 21
 382 0176 7B68     		ldr	r3, [r7, #4]
 383 0178 BA68     		ldr	r2, [r7, #8]
 384 017a 9A61     		str	r2, [r3, #24]
 237:../../../firmware/n32h7xx_std_periph_driver/src/n32h7xx_sdmmc.c **** 
 238:../../../firmware/n32h7xx_std_periph_driver/src/n32h7xx_sdmmc.c ****     return SUCCESS;
 385              		.loc 1 238 12
 386 017c 0123     		movs	r3, #1
 387              	.L11:
ARM GAS  /tmp/ccIS8uvp.s 			page 12


 239:../../../firmware/n32h7xx_std_periph_driver/src/n32h7xx_sdmmc.c **** }
 388              		.loc 1 239 1
 389 017e 1846     		mov	r0, r3
 390 0180 1437     		adds	r7, r7, #20
 391              	.LCFI8:
 392              		.cfi_def_cfa_offset 4
 393 0182 BD46     		mov	sp, r7
 394              	.LCFI9:
 395              		.cfi_def_cfa_register 13
 396              		@ sp needed
 397 0184 80BC     		pop	{r7}
 398              	.LCFI10:
 399              		.cfi_restore 7
 400              		.cfi_def_cfa_offset 0
 401 0186 7047     		bx	lr
 402              	.L13:
 403              		.align	2
 404              	.L12:
 405 0188 00701051 		.word	1360031744
 406 018c 00001151 		.word	1360068608
 407 0190 00000540 		.word	1074069504
 408 0194 801F00FF 		.word	-16769152
 409 0198 F081F3FF 		.word	-818704
 410 019c 000080FF 		.word	-8388608
 411              		.cfi_endproc
 412              	.LFE148:
 414              		.section	.text.SDMMC_StructWrapperInit,"ax",%progbits
 415              		.align	1
 416              		.global	SDMMC_StructWrapperInit
 417              		.syntax unified
 418              		.thumb
 419              		.thumb_func
 421              	SDMMC_StructWrapperInit:
 422              	.LFB149:
 240:../../../firmware/n32h7xx_std_periph_driver/src/n32h7xx_sdmmc.c **** 
 241:../../../firmware/n32h7xx_std_periph_driver/src/n32h7xx_sdmmc.c **** 
 242:../../../firmware/n32h7xx_std_periph_driver/src/n32h7xx_sdmmc.c **** /**
 243:../../../firmware/n32h7xx_std_periph_driver/src/n32h7xx_sdmmc.c ****  *\*\name   SDMMC_StructWrapperInit.
 244:../../../firmware/n32h7xx_std_periph_driver/src/n32h7xx_sdmmc.c ****  *\*\fun    Fills each SDMMC_WrapperStruct member with its default value.
 245:../../../firmware/n32h7xx_std_periph_driver/src/n32h7xx_sdmmc.c ****  *\*\param  SDMMC_WrapperStruct: pointer to a SDMMC_WrapperType structure.
 246:../../../firmware/n32h7xx_std_periph_driver/src/n32h7xx_sdmmc.c ****  *\*\           - MaxBlockLen
 247:../../../firmware/n32h7xx_std_periph_driver/src/n32h7xx_sdmmc.c ****  *\*\           - SDBaseCLKFreq
 248:../../../firmware/n32h7xx_std_periph_driver/src/n32h7xx_sdmmc.c ****  *\*\           - TimeOutUnit
 249:../../../firmware/n32h7xx_std_periph_driver/src/n32h7xx_sdmmc.c ****  *\*\           - TuningCNT
 250:../../../firmware/n32h7xx_std_periph_driver/src/n32h7xx_sdmmc.c ****  *\*\           - WKUPSignalMode
 251:../../../firmware/n32h7xx_std_periph_driver/src/n32h7xx_sdmmc.c ****  *\*\           - SPIBlockMode
 252:../../../firmware/n32h7xx_std_periph_driver/src/n32h7xx_sdmmc.c ****  *\*\           - SPIMode
 253:../../../firmware/n32h7xx_std_periph_driver/src/n32h7xx_sdmmc.c ****  *\*\           - DDR50
 254:../../../firmware/n32h7xx_std_periph_driver/src/n32h7xx_sdmmc.c ****  *\*\           - SDR104
 255:../../../firmware/n32h7xx_std_periph_driver/src/n32h7xx_sdmmc.c ****  *\*\           - SDR50
 256:../../../firmware/n32h7xx_std_periph_driver/src/n32h7xx_sdmmc.c ****  *\*\           - SlotType
 257:../../../firmware/n32h7xx_std_periph_driver/src/n32h7xx_sdmmc.c ****  *\*\           - AsyncInt
 258:../../../firmware/n32h7xx_std_periph_driver/src/n32h7xx_sdmmc.c ****  *\*\           - Suspend_Resume
 259:../../../firmware/n32h7xx_std_periph_driver/src/n32h7xx_sdmmc.c ****  *\*\           - SDMA
 260:../../../firmware/n32h7xx_std_periph_driver/src/n32h7xx_sdmmc.c ****  *\*\           - HS
 261:../../../firmware/n32h7xx_std_periph_driver/src/n32h7xx_sdmmc.c ****  *\*\           - ADMA2
 262:../../../firmware/n32h7xx_std_periph_driver/src/n32h7xx_sdmmc.c ****  *\*\           - Embedded_8bit
ARM GAS  /tmp/ccIS8uvp.s 			page 13


 263:../../../firmware/n32h7xx_std_periph_driver/src/n32h7xx_sdmmc.c ****  *\*\           - UseTuningSDR50
 264:../../../firmware/n32h7xx_std_periph_driver/src/n32h7xx_sdmmc.c ****  *\*\           - DSSDCLKFreq
 265:../../../firmware/n32h7xx_std_periph_driver/src/n32h7xx_sdmmc.c ****  *\*\           - INITSDCLKFreq
 266:../../../firmware/n32h7xx_std_periph_driver/src/n32h7xx_sdmmc.c ****  *\*\           - SDR12SDCLKFreq
 267:../../../firmware/n32h7xx_std_periph_driver/src/n32h7xx_sdmmc.c ****  *\*\           - HSSDCLKFreq
 268:../../../firmware/n32h7xx_std_periph_driver/src/n32h7xx_sdmmc.c ****  *\*\           - SDR50SDCLKFreq
 269:../../../firmware/n32h7xx_std_periph_driver/src/n32h7xx_sdmmc.c ****  *\*\           - SDR25SDCLKFreq
 270:../../../firmware/n32h7xx_std_periph_driver/src/n32h7xx_sdmmc.c ****  *\*\           - SDR104SDCLKFreq
 271:../../../firmware/n32h7xx_std_periph_driver/src/n32h7xx_sdmmc.c ****  *\*\           - DDR50SDCLKFreq
 272:../../../firmware/n32h7xx_std_periph_driver/src/n32h7xx_sdmmc.c ****  *\*\return none
 273:../../../firmware/n32h7xx_std_periph_driver/src/n32h7xx_sdmmc.c ****  */
 274:../../../firmware/n32h7xx_std_periph_driver/src/n32h7xx_sdmmc.c **** void SDMMC_StructWrapperInit(SDMMC_WrapperType *SDMMC_WrapperStruct)
 275:../../../firmware/n32h7xx_std_periph_driver/src/n32h7xx_sdmmc.c **** {
 423              		.loc 1 275 1
 424              		.cfi_startproc
 425              		@ args = 0, pretend = 0, frame = 8
 426              		@ frame_needed = 1, uses_anonymous_args = 0
 427              		@ link register save eliminated.
 428 0000 80B4     		push	{r7}
 429              	.LCFI11:
 430              		.cfi_def_cfa_offset 4
 431              		.cfi_offset 7, -4
 432 0002 83B0     		sub	sp, sp, #12
 433              	.LCFI12:
 434              		.cfi_def_cfa_offset 16
 435 0004 00AF     		add	r7, sp, #0
 436              	.LCFI13:
 437              		.cfi_def_cfa_register 7
 438 0006 7860     		str	r0, [r7, #4]
 276:../../../firmware/n32h7xx_std_periph_driver/src/n32h7xx_sdmmc.c ****     /* SDMMC_WrapperStruct members default value */
 277:../../../firmware/n32h7xx_std_periph_driver/src/n32h7xx_sdmmc.c ****     SDMMC_WrapperStruct->MaxBlockLen     = SDMMC_MAXBLOCKLEN_512B;
 439              		.loc 1 277 42
 440 0008 7B68     		ldr	r3, [r7, #4]
 441 000a 0022     		movs	r2, #0
 442 000c 1A60     		str	r2, [r3]
 278:../../../firmware/n32h7xx_std_periph_driver/src/n32h7xx_sdmmc.c ****     SDMMC_WrapperStruct->SDBaseCLKFreq   = 0x68;
 443              		.loc 1 278 42
 444 000e 7B68     		ldr	r3, [r7, #4]
 445 0010 6822     		movs	r2, #104
 446 0012 5A60     		str	r2, [r3, #4]
 279:../../../firmware/n32h7xx_std_periph_driver/src/n32h7xx_sdmmc.c ****     SDMMC_WrapperStruct->TimeOutUnit     = SDMMC_TIMEOUTCLKUNIT_KHZ;
 447              		.loc 1 279 42
 448 0014 7B68     		ldr	r3, [r7, #4]
 449 0016 0022     		movs	r2, #0
 450 0018 9A60     		str	r2, [r3, #8]
 280:../../../firmware/n32h7xx_std_periph_driver/src/n32h7xx_sdmmc.c ****     SDMMC_WrapperStruct->TuningCNT       = 0x20;
 451              		.loc 1 280 42
 452 001a 7B68     		ldr	r3, [r7, #4]
 453 001c 2022     		movs	r2, #32
 454 001e DA60     		str	r2, [r3, #12]
 281:../../../firmware/n32h7xx_std_periph_driver/src/n32h7xx_sdmmc.c ****     SDMMC_WrapperStruct->WKUPSignalMode  = SDMMC_ASYNCWKUP;
 455              		.loc 1 281 42
 456 0020 7B68     		ldr	r3, [r7, #4]
 457 0022 0122     		movs	r2, #1
 458 0024 1A61     		str	r2, [r3, #16]
 282:../../../firmware/n32h7xx_std_periph_driver/src/n32h7xx_sdmmc.c ****     SDMMC_WrapperStruct->SPIBlockMode    = SDMMC_SPIBLOCKMODEUNSUPPORT;
 459              		.loc 1 282 42
ARM GAS  /tmp/ccIS8uvp.s 			page 14


 460 0026 7B68     		ldr	r3, [r7, #4]
 461 0028 0022     		movs	r2, #0
 462 002a 5A61     		str	r2, [r3, #20]
 283:../../../firmware/n32h7xx_std_periph_driver/src/n32h7xx_sdmmc.c ****     SDMMC_WrapperStruct->SPIMode         = SDMMC_SPIMODEUNSUPPORT;
 463              		.loc 1 283 42
 464 002c 7B68     		ldr	r3, [r7, #4]
 465 002e 0022     		movs	r2, #0
 466 0030 9A61     		str	r2, [r3, #24]
 284:../../../firmware/n32h7xx_std_periph_driver/src/n32h7xx_sdmmc.c ****     SDMMC_WrapperStruct->DDR50           = SDMMC_DDR50SUPPORT;
 467              		.loc 1 284 42
 468 0032 7B68     		ldr	r3, [r7, #4]
 469 0034 4FF48042 		mov	r2, #16384
 470 0038 DA61     		str	r2, [r3, #28]
 285:../../../firmware/n32h7xx_std_periph_driver/src/n32h7xx_sdmmc.c ****     SDMMC_WrapperStruct->SDR104          = SDMMC_SDR104SUPPORT;
 471              		.loc 1 285 42
 472 003a 7B68     		ldr	r3, [r7, #4]
 473 003c 4FF40052 		mov	r2, #8192
 474 0040 1A62     		str	r2, [r3, #32]
 286:../../../firmware/n32h7xx_std_periph_driver/src/n32h7xx_sdmmc.c ****     SDMMC_WrapperStruct->SDR50           = SDMMC_SDR50SUPPORT;
 475              		.loc 1 286 42
 476 0042 7B68     		ldr	r3, [r7, #4]
 477 0044 4FF48052 		mov	r2, #4096
 478 0048 5A62     		str	r2, [r3, #36]
 287:../../../firmware/n32h7xx_std_periph_driver/src/n32h7xx_sdmmc.c ****     SDMMC_WrapperStruct->SlotType        = SDMMC_SDTYPE;
 479              		.loc 1 287 42
 480 004a 7B68     		ldr	r3, [r7, #4]
 481 004c 0022     		movs	r2, #0
 482 004e 9A62     		str	r2, [r3, #40]
 288:../../../firmware/n32h7xx_std_periph_driver/src/n32h7xx_sdmmc.c ****     SDMMC_WrapperStruct->AsyncInt        = SDMMC_ASYNCINTSUPPORT;
 483              		.loc 1 288 42
 484 0050 7B68     		ldr	r3, [r7, #4]
 485 0052 4FF40072 		mov	r2, #512
 486 0056 DA62     		str	r2, [r3, #44]
 289:../../../firmware/n32h7xx_std_periph_driver/src/n32h7xx_sdmmc.c ****     SDMMC_WrapperStruct->Suspend_Resume  = SDMMC_SUSRESUNSUPPORT;
 487              		.loc 1 289 42
 488 0058 7B68     		ldr	r3, [r7, #4]
 489 005a 0022     		movs	r2, #0
 490 005c 1A63     		str	r2, [r3, #48]
 290:../../../firmware/n32h7xx_std_periph_driver/src/n32h7xx_sdmmc.c ****     SDMMC_WrapperStruct->SDMA            = SDMMC_SDMASUPPORT;
 491              		.loc 1 290 42
 492 005e 7B68     		ldr	r3, [r7, #4]
 493 0060 0822     		movs	r2, #8
 494 0062 5A63     		str	r2, [r3, #52]
 291:../../../firmware/n32h7xx_std_periph_driver/src/n32h7xx_sdmmc.c ****     SDMMC_WrapperStruct->HS              = SDMMC_HSSUPPORT;
 495              		.loc 1 291 42
 496 0064 7B68     		ldr	r3, [r7, #4]
 497 0066 0422     		movs	r2, #4
 498 0068 9A63     		str	r2, [r3, #56]
 292:../../../firmware/n32h7xx_std_periph_driver/src/n32h7xx_sdmmc.c ****     SDMMC_WrapperStruct->ADMA2           = SDMMC_ADMA2SUPPORT;
 499              		.loc 1 292 42
 500 006a 7B68     		ldr	r3, [r7, #4]
 501 006c 0222     		movs	r2, #2
 502 006e DA63     		str	r2, [r3, #60]
 293:../../../firmware/n32h7xx_std_periph_driver/src/n32h7xx_sdmmc.c ****     SDMMC_WrapperStruct->Embedded_8bit   = SDMMC_EMBEDDEDUNSUPPORT;
 503              		.loc 1 293 42
 504 0070 7B68     		ldr	r3, [r7, #4]
 505 0072 0022     		movs	r2, #0
ARM GAS  /tmp/ccIS8uvp.s 			page 15


 506 0074 1A64     		str	r2, [r3, #64]
 294:../../../firmware/n32h7xx_std_periph_driver/src/n32h7xx_sdmmc.c ****     SDMMC_WrapperStruct->UseTuningSDR50  = SDMMC_SDR50TUNING;
 507              		.loc 1 294 42
 508 0076 7B68     		ldr	r3, [r7, #4]
 509 0078 1022     		movs	r2, #16
 510 007a 5A64     		str	r2, [r3, #68]
 295:../../../firmware/n32h7xx_std_periph_driver/src/n32h7xx_sdmmc.c ****     SDMMC_WrapperStruct->DSSDCLKFreq     = 0x04;
 511              		.loc 1 295 42
 512 007c 7B68     		ldr	r3, [r7, #4]
 513 007e 0422     		movs	r2, #4
 514 0080 9A64     		str	r2, [r3, #72]
 296:../../../firmware/n32h7xx_std_periph_driver/src/n32h7xx_sdmmc.c ****     SDMMC_WrapperStruct->INITSDCLKFreq   = 0x00;
 515              		.loc 1 296 42
 516 0082 7B68     		ldr	r3, [r7, #4]
 517 0084 0022     		movs	r2, #0
 518 0086 DA64     		str	r2, [r3, #76]
 297:../../../firmware/n32h7xx_std_periph_driver/src/n32h7xx_sdmmc.c ****     SDMMC_WrapperStruct->SDR12SDCLKFreq  = 0x04;
 519              		.loc 1 297 42
 520 0088 7B68     		ldr	r3, [r7, #4]
 521 008a 0422     		movs	r2, #4
 522 008c 1A65     		str	r2, [r3, #80]
 298:../../../firmware/n32h7xx_std_periph_driver/src/n32h7xx_sdmmc.c ****     SDMMC_WrapperStruct->HSSDCLKFreq     = 0x02;
 523              		.loc 1 298 42
 524 008e 7B68     		ldr	r3, [r7, #4]
 525 0090 0222     		movs	r2, #2
 526 0092 5A65     		str	r2, [r3, #84]
 299:../../../firmware/n32h7xx_std_periph_driver/src/n32h7xx_sdmmc.c ****     SDMMC_WrapperStruct->SDR50SDCLKFreq  = 0x01;
 527              		.loc 1 299 42
 528 0094 7B68     		ldr	r3, [r7, #4]
 529 0096 0122     		movs	r2, #1
 530 0098 9A65     		str	r2, [r3, #88]
 300:../../../firmware/n32h7xx_std_periph_driver/src/n32h7xx_sdmmc.c ****     SDMMC_WrapperStruct->SDR25SDCLKFreq  = 0x02;
 531              		.loc 1 300 42
 532 009a 7B68     		ldr	r3, [r7, #4]
 533 009c 0222     		movs	r2, #2
 534 009e DA65     		str	r2, [r3, #92]
 301:../../../firmware/n32h7xx_std_periph_driver/src/n32h7xx_sdmmc.c ****     SDMMC_WrapperStruct->SDR104SDCLKFreq = 0x00;
 535              		.loc 1 301 42
 536 00a0 7B68     		ldr	r3, [r7, #4]
 537 00a2 0022     		movs	r2, #0
 538 00a4 1A66     		str	r2, [r3, #96]
 302:../../../firmware/n32h7xx_std_periph_driver/src/n32h7xx_sdmmc.c ****     SDMMC_WrapperStruct->DDR50SDCLKFreq  = 0x02;
 539              		.loc 1 302 42
 540 00a6 7B68     		ldr	r3, [r7, #4]
 541 00a8 0222     		movs	r2, #2
 542 00aa 5A66     		str	r2, [r3, #100]
 303:../../../firmware/n32h7xx_std_periph_driver/src/n32h7xx_sdmmc.c **** }
 543              		.loc 1 303 1
 544 00ac 00BF     		nop
 545 00ae 0C37     		adds	r7, r7, #12
 546              	.LCFI14:
 547              		.cfi_def_cfa_offset 4
 548 00b0 BD46     		mov	sp, r7
 549              	.LCFI15:
 550              		.cfi_def_cfa_register 13
 551              		@ sp needed
 552 00b2 80BC     		pop	{r7}
ARM GAS  /tmp/ccIS8uvp.s 			page 16


 553              	.LCFI16:
 554              		.cfi_restore 7
 555              		.cfi_def_cfa_offset 0
 556 00b4 7047     		bx	lr
 557              		.cfi_endproc
 558              	.LFE149:
 560              		.section	.text.SDMMC_SoftWareReset,"ax",%progbits
 561              		.align	1
 562              		.global	SDMMC_SoftWareReset
 563              		.syntax unified
 564              		.thumb
 565              		.thumb_func
 567              	SDMMC_SoftWareReset:
 568              	.LFB150:
 304:../../../firmware/n32h7xx_std_periph_driver/src/n32h7xx_sdmmc.c **** 
 305:../../../firmware/n32h7xx_std_periph_driver/src/n32h7xx_sdmmc.c **** 
 306:../../../firmware/n32h7xx_std_periph_driver/src/n32h7xx_sdmmc.c **** /**
 307:../../../firmware/n32h7xx_std_periph_driver/src/n32h7xx_sdmmc.c ****  *\*\name   SDMMC_SoftWareReset.
 308:../../../firmware/n32h7xx_std_periph_driver/src/n32h7xx_sdmmc.c ****  *\*\fun    Software Reset for DAT/CMD/ALL Line.
 309:../../../firmware/n32h7xx_std_periph_driver/src/n32h7xx_sdmmc.c ****  *\*\param  SDHOSTx pointer to specified SDHOST,must be one of the following value:
 310:../../../firmware/n32h7xx_std_periph_driver/src/n32h7xx_sdmmc.c ****  *\*\          - SDHOST1
 311:../../../firmware/n32h7xx_std_periph_driver/src/n32h7xx_sdmmc.c ****  *\*\          - SDHOST2
 312:../../../firmware/n32h7xx_std_periph_driver/src/n32h7xx_sdmmc.c ****  *\*\param  LineMask:
 313:../../../firmware/n32h7xx_std_periph_driver/src/n32h7xx_sdmmc.c ****  *\*\          - SDHOST_SOFTWARE_DATALINE
 314:../../../firmware/n32h7xx_std_periph_driver/src/n32h7xx_sdmmc.c ****  *\*\          - SDHOST_SOFTWARE_CMDLINE
 315:../../../firmware/n32h7xx_std_periph_driver/src/n32h7xx_sdmmc.c ****  *\*\          - SDHOST_SOFTWARE_ALLLINE
 316:../../../firmware/n32h7xx_std_periph_driver/src/n32h7xx_sdmmc.c ****  *\*\return ErrorStatus
 317:../../../firmware/n32h7xx_std_periph_driver/src/n32h7xx_sdmmc.c ****  *\*\          - SUCCESS
 318:../../../firmware/n32h7xx_std_periph_driver/src/n32h7xx_sdmmc.c ****  *\*\          - ERROR
 319:../../../firmware/n32h7xx_std_periph_driver/src/n32h7xx_sdmmc.c ****  */
 320:../../../firmware/n32h7xx_std_periph_driver/src/n32h7xx_sdmmc.c **** ErrorStatus SDMMC_SoftWareReset(SDHOST_Module* SDHOSTx, uint32_t LineMask)
 321:../../../firmware/n32h7xx_std_periph_driver/src/n32h7xx_sdmmc.c **** {
 569              		.loc 1 321 1
 570              		.cfi_startproc
 571              		@ args = 0, pretend = 0, frame = 16
 572              		@ frame_needed = 1, uses_anonymous_args = 0
 573              		@ link register save eliminated.
 574 0000 80B4     		push	{r7}
 575              	.LCFI17:
 576              		.cfi_def_cfa_offset 4
 577              		.cfi_offset 7, -4
 578 0002 85B0     		sub	sp, sp, #20
 579              	.LCFI18:
 580              		.cfi_def_cfa_offset 24
 581 0004 00AF     		add	r7, sp, #0
 582              	.LCFI19:
 583              		.cfi_def_cfa_register 7
 584 0006 7860     		str	r0, [r7, #4]
 585 0008 3960     		str	r1, [r7]
 322:../../../firmware/n32h7xx_std_periph_driver/src/n32h7xx_sdmmc.c ****     ErrorStatus stauts_value;
 323:../../../firmware/n32h7xx_std_periph_driver/src/n32h7xx_sdmmc.c ****     uint32_t timeout = 0;
 586              		.loc 1 323 14
 587 000a 0023     		movs	r3, #0
 588 000c BB60     		str	r3, [r7, #8]
 324:../../../firmware/n32h7xx_std_periph_driver/src/n32h7xx_sdmmc.c ****     /* Reset ALL SDHOST. */
 325:../../../firmware/n32h7xx_std_periph_driver/src/n32h7xx_sdmmc.c ****     SDHOSTx->CTRL2 |= LineMask;
 589              		.loc 1 325 12
ARM GAS  /tmp/ccIS8uvp.s 			page 17


 590 000e 7B68     		ldr	r3, [r7, #4]
 591 0010 DA6A     		ldr	r2, [r3, #44]
 592              		.loc 1 325 20
 593 0012 3B68     		ldr	r3, [r7]
 594 0014 1A43     		orrs	r2, r2, r3
 595 0016 7B68     		ldr	r3, [r7, #4]
 596 0018 DA62     		str	r2, [r3, #44]
 326:../../../firmware/n32h7xx_std_periph_driver/src/n32h7xx_sdmmc.c **** 
 327:../../../firmware/n32h7xx_std_periph_driver/src/n32h7xx_sdmmc.c ****     while((SDHOSTx->CTRL2 & LineMask) != RESET)
 597              		.loc 1 327 10
 598 001a 06E0     		b	.L16
 599              	.L18:
 328:../../../firmware/n32h7xx_std_periph_driver/src/n32h7xx_sdmmc.c ****     {
 329:../../../firmware/n32h7xx_std_periph_driver/src/n32h7xx_sdmmc.c ****         timeout++;
 600              		.loc 1 329 16
 601 001c BB68     		ldr	r3, [r7, #8]
 602 001e 0133     		adds	r3, r3, #1
 603 0020 BB60     		str	r3, [r7, #8]
 330:../../../firmware/n32h7xx_std_periph_driver/src/n32h7xx_sdmmc.c **** 
 331:../../../firmware/n32h7xx_std_periph_driver/src/n32h7xx_sdmmc.c ****         if(timeout >= SDMMC_TIMEOUT_VALUE)
 604              		.loc 1 331 11
 605 0022 BB68     		ldr	r3, [r7, #8]
 606 0024 0C4A     		ldr	r2, .L23
 607 0026 9342     		cmp	r3, r2
 608 0028 06D8     		bhi	.L22
 609              	.L16:
 327:../../../firmware/n32h7xx_std_periph_driver/src/n32h7xx_sdmmc.c ****     {
 610              		.loc 1 327 19
 611 002a 7B68     		ldr	r3, [r7, #4]
 612 002c DA6A     		ldr	r2, [r3, #44]
 327:../../../firmware/n32h7xx_std_periph_driver/src/n32h7xx_sdmmc.c ****     {
 613              		.loc 1 327 27
 614 002e 3B68     		ldr	r3, [r7]
 615 0030 1340     		ands	r3, r3, r2
 327:../../../firmware/n32h7xx_std_periph_driver/src/n32h7xx_sdmmc.c ****     {
 616              		.loc 1 327 39
 617 0032 002B     		cmp	r3, #0
 618 0034 F2D1     		bne	.L18
 619 0036 00E0     		b	.L17
 620              	.L22:
 332:../../../firmware/n32h7xx_std_periph_driver/src/n32h7xx_sdmmc.c ****         {
 333:../../../firmware/n32h7xx_std_periph_driver/src/n32h7xx_sdmmc.c ****             break;
 621              		.loc 1 333 13
 622 0038 00BF     		nop
 623              	.L17:
 334:../../../firmware/n32h7xx_std_periph_driver/src/n32h7xx_sdmmc.c ****         }
 335:../../../firmware/n32h7xx_std_periph_driver/src/n32h7xx_sdmmc.c ****     }
 336:../../../firmware/n32h7xx_std_periph_driver/src/n32h7xx_sdmmc.c **** 
 337:../../../firmware/n32h7xx_std_periph_driver/src/n32h7xx_sdmmc.c ****     if(timeout >= SDMMC_TIMEOUT_VALUE)
 624              		.loc 1 337 7
 625 003a BB68     		ldr	r3, [r7, #8]
 626 003c 064A     		ldr	r2, .L23
 627 003e 9342     		cmp	r3, r2
 628 0040 02D9     		bls	.L19
 338:../../../firmware/n32h7xx_std_periph_driver/src/n32h7xx_sdmmc.c ****     {
 339:../../../firmware/n32h7xx_std_periph_driver/src/n32h7xx_sdmmc.c ****         stauts_value = ERROR;
 629              		.loc 1 339 22
ARM GAS  /tmp/ccIS8uvp.s 			page 18


 630 0042 0023     		movs	r3, #0
 631 0044 FB73     		strb	r3, [r7, #15]
 632 0046 01E0     		b	.L20
 633              	.L19:
 340:../../../firmware/n32h7xx_std_periph_driver/src/n32h7xx_sdmmc.c ****     }
 341:../../../firmware/n32h7xx_std_periph_driver/src/n32h7xx_sdmmc.c ****     else
 342:../../../firmware/n32h7xx_std_periph_driver/src/n32h7xx_sdmmc.c ****     {
 343:../../../firmware/n32h7xx_std_periph_driver/src/n32h7xx_sdmmc.c ****         stauts_value = SUCCESS;
 634              		.loc 1 343 22
 635 0048 0123     		movs	r3, #1
 636 004a FB73     		strb	r3, [r7, #15]
 637              	.L20:
 344:../../../firmware/n32h7xx_std_periph_driver/src/n32h7xx_sdmmc.c ****     }
 345:../../../firmware/n32h7xx_std_periph_driver/src/n32h7xx_sdmmc.c **** 
 346:../../../firmware/n32h7xx_std_periph_driver/src/n32h7xx_sdmmc.c ****     return stauts_value;
 638              		.loc 1 346 12
 639 004c FB7B     		ldrb	r3, [r7, #15]	@ zero_extendqisi2
 347:../../../firmware/n32h7xx_std_periph_driver/src/n32h7xx_sdmmc.c **** }
 640              		.loc 1 347 1
 641 004e 1846     		mov	r0, r3
 642 0050 1437     		adds	r7, r7, #20
 643              	.LCFI20:
 644              		.cfi_def_cfa_offset 4
 645 0052 BD46     		mov	sp, r7
 646              	.LCFI21:
 647              		.cfi_def_cfa_register 13
 648              		@ sp needed
 649 0054 80BC     		pop	{r7}
 650              	.LCFI22:
 651              		.cfi_restore 7
 652              		.cfi_def_cfa_offset 0
 653 0056 7047     		bx	lr
 654              	.L24:
 655              		.align	2
 656              	.L23:
 657 0058 BF270900 		.word	599999
 658              		.cfi_endproc
 659              	.LFE150:
 661              		.section	.text.SDMMC_TransferConfig,"ax",%progbits
 662              		.align	1
 663              		.syntax unified
 664              		.thumb
 665              		.thumb_func
 667              	SDMMC_TransferConfig:
 668              	.LFB151:
 348:../../../firmware/n32h7xx_std_periph_driver/src/n32h7xx_sdmmc.c **** 
 349:../../../firmware/n32h7xx_std_periph_driver/src/n32h7xx_sdmmc.c **** 
 350:../../../firmware/n32h7xx_std_periph_driver/src/n32h7xx_sdmmc.c **** /**
 351:../../../firmware/n32h7xx_std_periph_driver/src/n32h7xx_sdmmc.c ****  *\*\name   SDMMC_TransferConfig.
 352:../../../firmware/n32h7xx_std_periph_driver/src/n32h7xx_sdmmc.c ****  *\*\fun    Start transfer according to current transfer state.
 353:../../../firmware/n32h7xx_std_periph_driver/src/n32h7xx_sdmmc.c ****  *\*\param  SDHOSTx pointer to specified SDHOST,must be one of the following value:
 354:../../../firmware/n32h7xx_std_periph_driver/src/n32h7xx_sdmmc.c ****  *\*\          - SDHOST1
 355:../../../firmware/n32h7xx_std_periph_driver/src/n32h7xx_sdmmc.c ****  *\*\          - SDHOST2
 356:../../../firmware/n32h7xx_std_periph_driver/src/n32h7xx_sdmmc.c ****  *\*\param  transferFlags: transfer flags
 357:../../../firmware/n32h7xx_std_periph_driver/src/n32h7xx_sdmmc.c ****  *\*\           - SDMMC_CommandOnly
 358:../../../firmware/n32h7xx_std_periph_driver/src/n32h7xx_sdmmc.c ****  *\*\           - SDMMC_CommandAndTxData
 359:../../../firmware/n32h7xx_std_periph_driver/src/n32h7xx_sdmmc.c ****  *\*\           - SDMMC_CommandAndRxData
ARM GAS  /tmp/ccIS8uvp.s 			page 19


 360:../../../firmware/n32h7xx_std_periph_driver/src/n32h7xx_sdmmc.c ****  *\*\           - SDMMC_DataWithAutoCmd12
 361:../../../firmware/n32h7xx_std_periph_driver/src/n32h7xx_sdmmc.c ****  *\*\           - SDMMC_DataWithAutoCmd23
 362:../../../firmware/n32h7xx_std_periph_driver/src/n32h7xx_sdmmc.c ****  *\*\           - SDMMC_BootData
 363:../../../firmware/n32h7xx_std_periph_driver/src/n32h7xx_sdmmc.c ****  *\*\           - SDMMC_BootDataContinuous
 364:../../../firmware/n32h7xx_std_periph_driver/src/n32h7xx_sdmmc.c ****  *\*\param  blockCount  :
 365:../../../firmware/n32h7xx_std_periph_driver/src/n32h7xx_sdmmc.c ****  *\*\           - The available range is 0 ~ 0xFFFF.
 366:../../../firmware/n32h7xx_std_periph_driver/src/n32h7xx_sdmmc.c ****  *\*\param  blockSize  :
 367:../../../firmware/n32h7xx_std_periph_driver/src/n32h7xx_sdmmc.c ****  *\*\           - The available range is 0 ~ 0x0800.
 368:../../../firmware/n32h7xx_std_periph_driver/src/n32h7xx_sdmmc.c ****  *\*\param  TMODE_struct: pointer to a SDHOST_TMODE_struct structure.
 369:../../../firmware/n32h7xx_std_periph_driver/src/n32h7xx_sdmmc.c ****  *\*\           - DMAE
 370:../../../firmware/n32h7xx_std_periph_driver/src/n32h7xx_sdmmc.c ****  *\*\                - SDHOST_TMODE_DMADISABLE
 371:../../../firmware/n32h7xx_std_periph_driver/src/n32h7xx_sdmmc.c ****  *\*\                - SDHOST_TMODE_DMAENABLE
 372:../../../firmware/n32h7xx_std_periph_driver/src/n32h7xx_sdmmc.c ****  *\*\           - BCNTE
 373:../../../firmware/n32h7xx_std_periph_driver/src/n32h7xx_sdmmc.c ****  *\*\                - SDHOST_TMODE_BLOCKCNTDISABLE
 374:../../../firmware/n32h7xx_std_periph_driver/src/n32h7xx_sdmmc.c ****  *\*\                - SDHOST_TMODE_BLOCKCNTENABLE
 375:../../../firmware/n32h7xx_std_periph_driver/src/n32h7xx_sdmmc.c ****  *\*\           - ACMDE
 376:../../../firmware/n32h7xx_std_periph_driver/src/n32h7xx_sdmmc.c ****  *\*\                - SDHOST_TMODE_NOACMDEN
 377:../../../firmware/n32h7xx_std_periph_driver/src/n32h7xx_sdmmc.c ****  *\*\                - SDHOST_TMODE_AC12EN
 378:../../../firmware/n32h7xx_std_periph_driver/src/n32h7xx_sdmmc.c ****  *\*\                - SDHOST_TMODE_AC23EN
 379:../../../firmware/n32h7xx_std_periph_driver/src/n32h7xx_sdmmc.c ****  *\*\           - DATDIR
 380:../../../firmware/n32h7xx_std_periph_driver/src/n32h7xx_sdmmc.c ****  *\*\                - SDHOST_TMODE_DATDIR_WRITE
 381:../../../firmware/n32h7xx_std_periph_driver/src/n32h7xx_sdmmc.c ****  *\*\                - SDHOST_TMODE_DATDIR_READ
 382:../../../firmware/n32h7xx_std_periph_driver/src/n32h7xx_sdmmc.c ****  *\*\           - BLKSEL
 383:../../../firmware/n32h7xx_std_periph_driver/src/n32h7xx_sdmmc.c ****  *\*\                - SDHOST_TMODE_SINGLEBLK
 384:../../../firmware/n32h7xx_std_periph_driver/src/n32h7xx_sdmmc.c ****  *\*\                - SDHOST_TMODE_MULTIBLK
 385:../../../firmware/n32h7xx_std_periph_driver/src/n32h7xx_sdmmc.c ****  *\*\return SDMMC_STS
 386:../../../firmware/n32h7xx_std_periph_driver/src/n32h7xx_sdmmc.c ****  *\*\           - SDMMC_BusyTransferring
 387:../../../firmware/n32h7xx_std_periph_driver/src/n32h7xx_sdmmc.c ****  *\*\           - SDMMC_SUCCESS
 388:../../../firmware/n32h7xx_std_periph_driver/src/n32h7xx_sdmmc.c ****  *\*\           - SDMMC_ERROR
 389:../../../firmware/n32h7xx_std_periph_driver/src/n32h7xx_sdmmc.c ****  */
 390:../../../firmware/n32h7xx_std_periph_driver/src/n32h7xx_sdmmc.c **** static SDMMC_STS SDMMC_TransferConfig(SDHOST_Module* SDHOSTx, uint32_t transferFlags, uint32_t bloc
 391:../../../firmware/n32h7xx_std_periph_driver/src/n32h7xx_sdmmc.c ****                                       uint32_t blockCount, SDHOST_TMODE_struct *TMODE_struct)
 392:../../../firmware/n32h7xx_std_periph_driver/src/n32h7xx_sdmmc.c **** {
 669              		.loc 1 392 1
 670              		.cfi_startproc
 671              		@ args = 4, pretend = 0, frame = 24
 672              		@ frame_needed = 1, uses_anonymous_args = 0
 673              		@ link register save eliminated.
 674 0000 80B4     		push	{r7}
 675              	.LCFI23:
 676              		.cfi_def_cfa_offset 4
 677              		.cfi_offset 7, -4
 678 0002 87B0     		sub	sp, sp, #28
 679              	.LCFI24:
 680              		.cfi_def_cfa_offset 32
 681 0004 00AF     		add	r7, sp, #0
 682              	.LCFI25:
 683              		.cfi_def_cfa_register 7
 684 0006 F860     		str	r0, [r7, #12]
 685 0008 B960     		str	r1, [r7, #8]
 686 000a 7A60     		str	r2, [r7, #4]
 687 000c 3B60     		str	r3, [r7]
 393:../../../firmware/n32h7xx_std_periph_driver/src/n32h7xx_sdmmc.c ****     uint32_t tempReg_BLK;
 394:../../../firmware/n32h7xx_std_periph_driver/src/n32h7xx_sdmmc.c **** 
 395:../../../firmware/n32h7xx_std_periph_driver/src/n32h7xx_sdmmc.c ****     if((transferFlags & ((uint32_t)SDMMC_CommandOnly)) != 0U)
 688              		.loc 1 395 23
 689 000e BB68     		ldr	r3, [r7, #8]
ARM GAS  /tmp/ccIS8uvp.s 			page 20


 690 0010 03F00103 		and	r3, r3, #1
 691              		.loc 1 395 7
 692 0014 002B     		cmp	r3, #0
 693 0016 13D0     		beq	.L26
 396:../../../firmware/n32h7xx_std_periph_driver/src/n32h7xx_sdmmc.c ****     {
 397:../../../firmware/n32h7xx_std_periph_driver/src/n32h7xx_sdmmc.c ****         /* clear data flags */
 398:../../../firmware/n32h7xx_std_periph_driver/src/n32h7xx_sdmmc.c ****         TMODE_struct->DATDIR = SDHOST_TMODE_DATDIR_WRITE;
 694              		.loc 1 398 30
 695 0018 3B6A     		ldr	r3, [r7, #32]
 696 001a 0022     		movs	r2, #0
 697 001c DA60     		str	r2, [r3, #12]
 399:../../../firmware/n32h7xx_std_periph_driver/src/n32h7xx_sdmmc.c ****         TMODE_struct->BCNTE = SDHOST_TMODE_BLOCKCNTDISABLE;
 698              		.loc 1 399 29
 699 001e 3B6A     		ldr	r3, [r7, #32]
 700 0020 0022     		movs	r2, #0
 701 0022 5A60     		str	r2, [r3, #4]
 400:../../../firmware/n32h7xx_std_periph_driver/src/n32h7xx_sdmmc.c ****         TMODE_struct->ACMDE = SDHOST_TMODE_NOACMDEN;
 702              		.loc 1 400 29
 703 0024 3B6A     		ldr	r3, [r7, #32]
 704 0026 0022     		movs	r2, #0
 705 0028 9A60     		str	r2, [r3, #8]
 401:../../../firmware/n32h7xx_std_periph_driver/src/n32h7xx_sdmmc.c ****         TMODE_struct->BLKSEL = SDHOST_TMODE_SINGLEBLK;
 706              		.loc 1 401 30
 707 002a 3B6A     		ldr	r3, [r7, #32]
 708 002c 0022     		movs	r2, #0
 709 002e 1A61     		str	r2, [r3, #16]
 402:../../../firmware/n32h7xx_std_periph_driver/src/n32h7xx_sdmmc.c **** 
 403:../../../firmware/n32h7xx_std_periph_driver/src/n32h7xx_sdmmc.c ****         if((SDHOSTx->PRESTS & SDHOST_PRESTS_CMDINHC) == SDHOST_PRESTS_CMDINHC)
 710              		.loc 1 403 20
 711 0030 FB68     		ldr	r3, [r7, #12]
 712 0032 5B6A     		ldr	r3, [r3, #36]
 713              		.loc 1 403 29
 714 0034 03F00103 		and	r3, r3, #1
 715              		.loc 1 403 11
 716 0038 012B     		cmp	r3, #1
 717 003a 6FD1     		bne	.L27
 404:../../../firmware/n32h7xx_std_periph_driver/src/n32h7xx_sdmmc.c ****         {
 405:../../../firmware/n32h7xx_std_periph_driver/src/n32h7xx_sdmmc.c ****             return SDMMC_BusyTransferring;
 718              		.loc 1 405 20
 719 003c 0123     		movs	r3, #1
 720 003e 6EE0     		b	.L28
 721              	.L26:
 406:../../../firmware/n32h7xx_std_periph_driver/src/n32h7xx_sdmmc.c ****         }
 407:../../../firmware/n32h7xx_std_periph_driver/src/n32h7xx_sdmmc.c ****     }
 408:../../../firmware/n32h7xx_std_periph_driver/src/n32h7xx_sdmmc.c ****     else
 409:../../../firmware/n32h7xx_std_periph_driver/src/n32h7xx_sdmmc.c ****     {
 410:../../../firmware/n32h7xx_std_periph_driver/src/n32h7xx_sdmmc.c ****         /* if transfer boot continous, only need set the CONTREQ bit, leave others as it is */
 411:../../../firmware/n32h7xx_std_periph_driver/src/n32h7xx_sdmmc.c ****         if((transferFlags & ((uint32_t)SDMMC_BootDataContinuous)) != 0U)
 722              		.loc 1 411 27
 723 0040 BB68     		ldr	r3, [r7, #8]
 724 0042 03F04003 		and	r3, r3, #64
 725              		.loc 1 411 11
 726 0046 002B     		cmp	r3, #0
 727 0048 0DD0     		beq	.L29
 412:../../../firmware/n32h7xx_std_periph_driver/src/n32h7xx_sdmmc.c ****         {
 413:../../../firmware/n32h7xx_std_periph_driver/src/n32h7xx_sdmmc.c ****             /* clear stop at block gap request */
 414:../../../firmware/n32h7xx_std_periph_driver/src/n32h7xx_sdmmc.c ****             SDHOSTx->CTRL1 &= ~SDHOST_CTRL1_SABGREQ;
ARM GAS  /tmp/ccIS8uvp.s 			page 21


 728              		.loc 1 414 20
 729 004a FB68     		ldr	r3, [r7, #12]
 730 004c 9B6A     		ldr	r3, [r3, #40]
 731              		.loc 1 414 28
 732 004e 23F48032 		bic	r2, r3, #65536
 733 0052 FB68     		ldr	r3, [r7, #12]
 734 0054 9A62     		str	r2, [r3, #40]
 415:../../../firmware/n32h7xx_std_periph_driver/src/n32h7xx_sdmmc.c ****             /* continous transfer data */
 416:../../../firmware/n32h7xx_std_periph_driver/src/n32h7xx_sdmmc.c ****             SDHOSTx->CTRL1 |= SDHOST_CTRL1_CONTREQ;
 735              		.loc 1 416 20
 736 0056 FB68     		ldr	r3, [r7, #12]
 737 0058 9B6A     		ldr	r3, [r3, #40]
 738              		.loc 1 416 28
 739 005a 43F40032 		orr	r2, r3, #131072
 740 005e FB68     		ldr	r3, [r7, #12]
 741 0060 9A62     		str	r2, [r3, #40]
 417:../../../firmware/n32h7xx_std_periph_driver/src/n32h7xx_sdmmc.c ****             return SDMMC_SUCCESS;
 742              		.loc 1 417 20
 743 0062 0C23     		movs	r3, #12
 744 0064 5BE0     		b	.L28
 745              	.L29:
 418:../../../firmware/n32h7xx_std_periph_driver/src/n32h7xx_sdmmc.c ****         }
 419:../../../firmware/n32h7xx_std_periph_driver/src/n32h7xx_sdmmc.c **** 
 420:../../../firmware/n32h7xx_std_periph_driver/src/n32h7xx_sdmmc.c ****         /* check data inhibit flag */
 421:../../../firmware/n32h7xx_std_periph_driver/src/n32h7xx_sdmmc.c ****         if((SDHOSTx->PRESTS & SDHOST_PRESTS_CMDINHD) == SDHOST_PRESTS_CMDINHD)
 746              		.loc 1 421 20
 747 0066 FB68     		ldr	r3, [r7, #12]
 748 0068 5B6A     		ldr	r3, [r3, #36]
 749              		.loc 1 421 29
 750 006a 03F00203 		and	r3, r3, #2
 751              		.loc 1 421 11
 752 006e 022B     		cmp	r3, #2
 753 0070 01D1     		bne	.L30
 422:../../../firmware/n32h7xx_std_periph_driver/src/n32h7xx_sdmmc.c ****         {
 423:../../../firmware/n32h7xx_std_periph_driver/src/n32h7xx_sdmmc.c ****             return SDMMC_BusyTransferring;
 754              		.loc 1 423 20
 755 0072 0123     		movs	r3, #1
 756 0074 53E0     		b	.L28
 757              	.L30:
 424:../../../firmware/n32h7xx_std_periph_driver/src/n32h7xx_sdmmc.c ****         }
 425:../../../firmware/n32h7xx_std_periph_driver/src/n32h7xx_sdmmc.c **** 
 426:../../../firmware/n32h7xx_std_periph_driver/src/n32h7xx_sdmmc.c ****         /* check transfer block count */
 427:../../../firmware/n32h7xx_std_periph_driver/src/n32h7xx_sdmmc.c ****         if ((blockCount > SDHOST_MAX_BLOCK_COUNT))
 758              		.loc 1 427 12
 759 0076 3B68     		ldr	r3, [r7]
 760 0078 B3F5803F 		cmp	r3, #65536
 761 007c 01D3     		bcc	.L31
 428:../../../firmware/n32h7xx_std_periph_driver/src/n32h7xx_sdmmc.c ****         {
 429:../../../firmware/n32h7xx_std_periph_driver/src/n32h7xx_sdmmc.c ****             return SDMMC_ERROR;
 762              		.loc 1 429 20
 763 007e 0D23     		movs	r3, #13
 764 0080 4DE0     		b	.L28
 765              	.L31:
 430:../../../firmware/n32h7xx_std_periph_driver/src/n32h7xx_sdmmc.c ****         }
 431:../../../firmware/n32h7xx_std_periph_driver/src/n32h7xx_sdmmc.c **** 
 432:../../../firmware/n32h7xx_std_periph_driver/src/n32h7xx_sdmmc.c ****         /* config mix parameter */
 433:../../../firmware/n32h7xx_std_periph_driver/src/n32h7xx_sdmmc.c ****         TMODE_struct->DATDIR = SDHOST_TMODE_DATDIR_WRITE;
ARM GAS  /tmp/ccIS8uvp.s 			page 22


 766              		.loc 1 433 30
 767 0082 3B6A     		ldr	r3, [r7, #32]
 768 0084 0022     		movs	r2, #0
 769 0086 DA60     		str	r2, [r3, #12]
 434:../../../firmware/n32h7xx_std_periph_driver/src/n32h7xx_sdmmc.c ****         TMODE_struct->BCNTE = SDHOST_TMODE_BLOCKCNTDISABLE;
 770              		.loc 1 434 29
 771 0088 3B6A     		ldr	r3, [r7, #32]
 772 008a 0022     		movs	r2, #0
 773 008c 5A60     		str	r2, [r3, #4]
 435:../../../firmware/n32h7xx_std_periph_driver/src/n32h7xx_sdmmc.c ****         TMODE_struct->ACMDE = SDHOST_TMODE_NOACMDEN;
 774              		.loc 1 435 29
 775 008e 3B6A     		ldr	r3, [r7, #32]
 776 0090 0022     		movs	r2, #0
 777 0092 9A60     		str	r2, [r3, #8]
 436:../../../firmware/n32h7xx_std_periph_driver/src/n32h7xx_sdmmc.c ****         TMODE_struct->BLKSEL = SDHOST_TMODE_SINGLEBLK;
 778              		.loc 1 436 30
 779 0094 3B6A     		ldr	r3, [r7, #32]
 780 0096 0022     		movs	r2, #0
 781 0098 1A61     		str	r2, [r3, #16]
 437:../../../firmware/n32h7xx_std_periph_driver/src/n32h7xx_sdmmc.c **** 
 438:../../../firmware/n32h7xx_std_periph_driver/src/n32h7xx_sdmmc.c ****         if((transferFlags & ((uint32_t)SDMMC_CommandAndRxData)) != 0U)
 782              		.loc 1 438 27
 783 009a BB68     		ldr	r3, [r7, #8]
 784 009c 03F00403 		and	r3, r3, #4
 785              		.loc 1 438 11
 786 00a0 002B     		cmp	r3, #0
 787 00a2 02D0     		beq	.L32
 439:../../../firmware/n32h7xx_std_periph_driver/src/n32h7xx_sdmmc.c ****         {
 440:../../../firmware/n32h7xx_std_periph_driver/src/n32h7xx_sdmmc.c ****             TMODE_struct->DATDIR = SDHOST_TMODE_DATDIR_READ;
 788              		.loc 1 440 34
 789 00a4 3B6A     		ldr	r3, [r7, #32]
 790 00a6 1022     		movs	r2, #16
 791 00a8 DA60     		str	r2, [r3, #12]
 792              	.L32:
 441:../../../firmware/n32h7xx_std_periph_driver/src/n32h7xx_sdmmc.c ****         }
 442:../../../firmware/n32h7xx_std_periph_driver/src/n32h7xx_sdmmc.c **** 
 443:../../../firmware/n32h7xx_std_periph_driver/src/n32h7xx_sdmmc.c ****         if(blockCount > 1U)
 793              		.loc 1 443 11
 794 00aa 3B68     		ldr	r3, [r7]
 795 00ac 012B     		cmp	r3, #1
 796 00ae 0DD9     		bls	.L33
 444:../../../firmware/n32h7xx_std_periph_driver/src/n32h7xx_sdmmc.c ****         {
 445:../../../firmware/n32h7xx_std_periph_driver/src/n32h7xx_sdmmc.c ****             TMODE_struct->BCNTE = SDHOST_TMODE_BLOCKCNTENABLE;
 797              		.loc 1 445 33
 798 00b0 3B6A     		ldr	r3, [r7, #32]
 799 00b2 0222     		movs	r2, #2
 800 00b4 5A60     		str	r2, [r3, #4]
 446:../../../firmware/n32h7xx_std_periph_driver/src/n32h7xx_sdmmc.c ****             TMODE_struct->BLKSEL = SDHOST_TMODE_MULTIBLK;
 801              		.loc 1 446 34
 802 00b6 3B6A     		ldr	r3, [r7, #32]
 803 00b8 2022     		movs	r2, #32
 804 00ba 1A61     		str	r2, [r3, #16]
 447:../../../firmware/n32h7xx_std_periph_driver/src/n32h7xx_sdmmc.c **** 
 448:../../../firmware/n32h7xx_std_periph_driver/src/n32h7xx_sdmmc.c ****             /* auto command 12 */
 449:../../../firmware/n32h7xx_std_periph_driver/src/n32h7xx_sdmmc.c ****             if((transferFlags & ((uint32_t)SDMMC_DataWithAutoCmd12)) != 0U)
 805              		.loc 1 449 31
 806 00bc BB68     		ldr	r3, [r7, #8]
ARM GAS  /tmp/ccIS8uvp.s 			page 23


 807 00be 03F00803 		and	r3, r3, #8
 808              		.loc 1 449 15
 809 00c2 002B     		cmp	r3, #0
 810 00c4 02D0     		beq	.L33
 450:../../../firmware/n32h7xx_std_periph_driver/src/n32h7xx_sdmmc.c ****             {
 451:../../../firmware/n32h7xx_std_periph_driver/src/n32h7xx_sdmmc.c ****                 TMODE_struct->ACMDE = SDHOST_TMODE_AC12EN;
 811              		.loc 1 451 37
 812 00c6 3B6A     		ldr	r3, [r7, #32]
 813 00c8 0422     		movs	r2, #4
 814 00ca 9A60     		str	r2, [r3, #8]
 815              	.L33:
 452:../../../firmware/n32h7xx_std_periph_driver/src/n32h7xx_sdmmc.c ****             }
 453:../../../firmware/n32h7xx_std_periph_driver/src/n32h7xx_sdmmc.c ****         }
 454:../../../firmware/n32h7xx_std_periph_driver/src/n32h7xx_sdmmc.c **** 
 455:../../../firmware/n32h7xx_std_periph_driver/src/n32h7xx_sdmmc.c ****         /* auto command 23, auto send set block count cmd before multiple read/write */
 456:../../../firmware/n32h7xx_std_periph_driver/src/n32h7xx_sdmmc.c ****         if ((transferFlags & ((uint32_t)SDMMC_DataWithAutoCmd23)) != 0U)
 816              		.loc 1 456 28
 817 00cc BB68     		ldr	r3, [r7, #8]
 818 00ce 03F01003 		and	r3, r3, #16
 819              		.loc 1 456 12
 820 00d2 002B     		cmp	r3, #0
 821 00d4 05D0     		beq	.L34
 457:../../../firmware/n32h7xx_std_periph_driver/src/n32h7xx_sdmmc.c ****         {
 458:../../../firmware/n32h7xx_std_periph_driver/src/n32h7xx_sdmmc.c ****             TMODE_struct->ACMDE = SDHOST_TMODE_AC23EN;
 822              		.loc 1 458 33
 823 00d6 3B6A     		ldr	r3, [r7, #32]
 824 00d8 0822     		movs	r2, #8
 825 00da 9A60     		str	r2, [r3, #8]
 459:../../../firmware/n32h7xx_std_periph_driver/src/n32h7xx_sdmmc.c ****             /* config the block count to DS_ADDR */
 460:../../../firmware/n32h7xx_std_periph_driver/src/n32h7xx_sdmmc.c ****             SDHOSTx->DSADD = blockCount;
 826              		.loc 1 460 28
 827 00dc FB68     		ldr	r3, [r7, #12]
 828 00de 3A68     		ldr	r2, [r7]
 829 00e0 1A60     		str	r2, [r3]
 830              	.L34:
 461:../../../firmware/n32h7xx_std_periph_driver/src/n32h7xx_sdmmc.c ****         }
 462:../../../firmware/n32h7xx_std_periph_driver/src/n32h7xx_sdmmc.c **** 
 463:../../../firmware/n32h7xx_std_periph_driver/src/n32h7xx_sdmmc.c ****         /* if transfer boot data, leave the block count to SDMMC_SetMmcBootConfig function */
 464:../../../firmware/n32h7xx_std_periph_driver/src/n32h7xx_sdmmc.c ****         if ((transferFlags & ((uint32_t)SDMMC_BootData)) == 0U)
 831              		.loc 1 464 28
 832 00e2 BB68     		ldr	r3, [r7, #8]
 833 00e4 03F02003 		and	r3, r3, #32
 834              		.loc 1 464 12
 835 00e8 002B     		cmp	r3, #0
 836 00ea 11D1     		bne	.L35
 465:../../../firmware/n32h7xx_std_periph_driver/src/n32h7xx_sdmmc.c ****         {
 466:../../../firmware/n32h7xx_std_periph_driver/src/n32h7xx_sdmmc.c ****             /* config data block size/block count */
 467:../../../firmware/n32h7xx_std_periph_driver/src/n32h7xx_sdmmc.c ****             tempReg_BLK = SDHOSTx->BLKCFG;
 837              		.loc 1 467 25
 838 00ec FB68     		ldr	r3, [r7, #12]
 839 00ee 5B68     		ldr	r3, [r3, #4]
 840 00f0 7B61     		str	r3, [r7, #20]
 468:../../../firmware/n32h7xx_std_periph_driver/src/n32h7xx_sdmmc.c ****             tempReg_BLK &= (~(SDHOST_BLKCFG_CNT | SDHOST_BLKCFG_SIZE));
 841              		.loc 1 468 25
 842 00f2 7B69     		ldr	r3, [r7, #20]
 843 00f4 03F47043 		and	r3, r3, #61440
 844 00f8 7B61     		str	r3, [r7, #20]
ARM GAS  /tmp/ccIS8uvp.s 			page 24


 469:../../../firmware/n32h7xx_std_periph_driver/src/n32h7xx_sdmmc.c ****             tempReg_BLK |= ((blockCount << SDHOST_BLOCK_COUNT_OFFSET) | blockSize);
 845              		.loc 1 469 41
 846 00fa 3B68     		ldr	r3, [r7]
 847 00fc 1A04     		lsls	r2, r3, #16
 848              		.loc 1 469 71
 849 00fe 7B68     		ldr	r3, [r7, #4]
 850 0100 1343     		orrs	r3, r3, r2
 851              		.loc 1 469 25
 852 0102 7A69     		ldr	r2, [r7, #20]
 853 0104 1343     		orrs	r3, r3, r2
 854 0106 7B61     		str	r3, [r7, #20]
 470:../../../firmware/n32h7xx_std_periph_driver/src/n32h7xx_sdmmc.c ****             SDHOSTx->BLKCFG = tempReg_BLK;
 855              		.loc 1 470 29
 856 0108 FB68     		ldr	r3, [r7, #12]
 857 010a 7A69     		ldr	r2, [r7, #20]
 858 010c 5A60     		str	r2, [r3, #4]
 859 010e 05E0     		b	.L27
 860              	.L35:
 471:../../../firmware/n32h7xx_std_periph_driver/src/n32h7xx_sdmmc.c ****         }
 472:../../../firmware/n32h7xx_std_periph_driver/src/n32h7xx_sdmmc.c ****         else
 473:../../../firmware/n32h7xx_std_periph_driver/src/n32h7xx_sdmmc.c ****         {
 474:../../../firmware/n32h7xx_std_periph_driver/src/n32h7xx_sdmmc.c ****             TMODE_struct->BCNTE = SDHOST_TMODE_BLOCKCNTENABLE;
 861              		.loc 1 474 33
 862 0110 3B6A     		ldr	r3, [r7, #32]
 863 0112 0222     		movs	r2, #2
 864 0114 5A60     		str	r2, [r3, #4]
 475:../../../firmware/n32h7xx_std_periph_driver/src/n32h7xx_sdmmc.c ****             TMODE_struct->BLKSEL = SDHOST_TMODE_MULTIBLK;
 865              		.loc 1 475 34
 866 0116 3B6A     		ldr	r3, [r7, #32]
 867 0118 2022     		movs	r2, #32
 868 011a 1A61     		str	r2, [r3, #16]
 869              	.L27:
 476:../../../firmware/n32h7xx_std_periph_driver/src/n32h7xx_sdmmc.c ****         }
 477:../../../firmware/n32h7xx_std_periph_driver/src/n32h7xx_sdmmc.c ****     }
 478:../../../firmware/n32h7xx_std_periph_driver/src/n32h7xx_sdmmc.c **** 
 479:../../../firmware/n32h7xx_std_periph_driver/src/n32h7xx_sdmmc.c ****     return SDMMC_SUCCESS;
 870              		.loc 1 479 12
 871 011c 0C23     		movs	r3, #12
 872              	.L28:
 480:../../../firmware/n32h7xx_std_periph_driver/src/n32h7xx_sdmmc.c **** }
 873              		.loc 1 480 1
 874 011e 1846     		mov	r0, r3
 875 0120 1C37     		adds	r7, r7, #28
 876              	.LCFI26:
 877              		.cfi_def_cfa_offset 4
 878 0122 BD46     		mov	sp, r7
 879              	.LCFI27:
 880              		.cfi_def_cfa_register 13
 881              		@ sp needed
 882 0124 80BC     		pop	{r7}
 883              	.LCFI28:
 884              		.cfi_restore 7
 885              		.cfi_def_cfa_offset 0
 886 0126 7047     		bx	lr
 887              		.cfi_endproc
 888              	.LFE151:
 890              		.section	.text.SDMMC_ReceiveCommandResponse,"ax",%progbits
ARM GAS  /tmp/ccIS8uvp.s 			page 25


 891              		.align	1
 892              		.syntax unified
 893              		.thumb
 894              		.thumb_func
 896              	SDMMC_ReceiveCommandResponse:
 897              	.LFB152:
 481:../../../firmware/n32h7xx_std_periph_driver/src/n32h7xx_sdmmc.c **** 
 482:../../../firmware/n32h7xx_std_periph_driver/src/n32h7xx_sdmmc.c **** 
 483:../../../firmware/n32h7xx_std_periph_driver/src/n32h7xx_sdmmc.c **** /**
 484:../../../firmware/n32h7xx_std_periph_driver/src/n32h7xx_sdmmc.c ****  *\*\name   SDMMC_ReceiveCommandResponse.
 485:../../../firmware/n32h7xx_std_periph_driver/src/n32h7xx_sdmmc.c ****  *\*\fun    Receive command response.
 486:../../../firmware/n32h7xx_std_periph_driver/src/n32h7xx_sdmmc.c ****  *\*\param  SDHOSTx pointer to specified SDHOST,must be one of the following value:
 487:../../../firmware/n32h7xx_std_periph_driver/src/n32h7xx_sdmmc.c ****  *\*\          - SDHOST1
 488:../../../firmware/n32h7xx_std_periph_driver/src/n32h7xx_sdmmc.c ****  *\*\          - SDHOST2
 489:../../../firmware/n32h7xx_std_periph_driver/src/n32h7xx_sdmmc.c ****  *\*\param  command: Command to be sent
 490:../../../firmware/n32h7xx_std_periph_driver/src/n32h7xx_sdmmc.c ****  *\*\           - index
 491:../../../firmware/n32h7xx_std_periph_driver/src/n32h7xx_sdmmc.c ****  *\*\               - 0~63
 492:../../../firmware/n32h7xx_std_periph_driver/src/n32h7xx_sdmmc.c ****  *\*\           - argument
 493:../../../firmware/n32h7xx_std_periph_driver/src/n32h7xx_sdmmc.c ****  *\*\               - 0x00000000~0xFFFFFFFF
 494:../../../firmware/n32h7xx_std_periph_driver/src/n32h7xx_sdmmc.c ****  *\*\           - type
 495:../../../firmware/n32h7xx_std_periph_driver/src/n32h7xx_sdmmc.c ****  *\*\               - CARD_CommandTypeNormal
 496:../../../firmware/n32h7xx_std_periph_driver/src/n32h7xx_sdmmc.c ****  *\*\               - CARD_CommandTypeSuspend
 497:../../../firmware/n32h7xx_std_periph_driver/src/n32h7xx_sdmmc.c ****  *\*\               - CARD_CommandTypeResume
 498:../../../firmware/n32h7xx_std_periph_driver/src/n32h7xx_sdmmc.c ****  *\*\               - CARD_CommandTypeAbort
 499:../../../firmware/n32h7xx_std_periph_driver/src/n32h7xx_sdmmc.c ****  *\*\               - CARD_CommandTypeEmpty
 500:../../../firmware/n32h7xx_std_periph_driver/src/n32h7xx_sdmmc.c ****  *\*\           - responseType
 501:../../../firmware/n32h7xx_std_periph_driver/src/n32h7xx_sdmmc.c ****  *\*\               - CARD_ResponseTypeNone
 502:../../../firmware/n32h7xx_std_periph_driver/src/n32h7xx_sdmmc.c ****  *\*\               - CARD_ResponseTypeR1
 503:../../../firmware/n32h7xx_std_periph_driver/src/n32h7xx_sdmmc.c ****  *\*\               - CARD_ResponseTypeR1b
 504:../../../firmware/n32h7xx_std_periph_driver/src/n32h7xx_sdmmc.c ****  *\*\               - CARD_ResponseTypeR2
 505:../../../firmware/n32h7xx_std_periph_driver/src/n32h7xx_sdmmc.c ****  *\*\               - CARD_ResponseTypeR3
 506:../../../firmware/n32h7xx_std_periph_driver/src/n32h7xx_sdmmc.c ****  *\*\               - CARD_ResponseTypeR4
 507:../../../firmware/n32h7xx_std_periph_driver/src/n32h7xx_sdmmc.c ****  *\*\               - CARD_ResponseTypeR5
 508:../../../firmware/n32h7xx_std_periph_driver/src/n32h7xx_sdmmc.c ****  *\*\               - CARD_ResponseTypeR5b
 509:../../../firmware/n32h7xx_std_periph_driver/src/n32h7xx_sdmmc.c ****  *\*\               - CARD_ResponseTypeR6
 510:../../../firmware/n32h7xx_std_periph_driver/src/n32h7xx_sdmmc.c ****  *\*\               - CARD_ResponseTypeR7
 511:../../../firmware/n32h7xx_std_periph_driver/src/n32h7xx_sdmmc.c ****  *\*\           - response[4U]: Response for this command.
 512:../../../firmware/n32h7xx_std_periph_driver/src/n32h7xx_sdmmc.c ****  *\*\               - 0x00000000~0xFFFFFFFF
 513:../../../firmware/n32h7xx_std_periph_driver/src/n32h7xx_sdmmc.c ****  *\*\           - responseErrorFlags: Response error flag, which need to check the command reponse.
 514:../../../firmware/n32h7xx_std_periph_driver/src/n32h7xx_sdmmc.c ****  *\*\               - 0x00000000~0xFFFFFFFF
 515:../../../firmware/n32h7xx_std_periph_driver/src/n32h7xx_sdmmc.c ****  *\*\           - flags: Cmd flags.
 516:../../../firmware/n32h7xx_std_periph_driver/src/n32h7xx_sdmmc.c ****  *\*\               - 0x00000000~0xFFFFFFFF
 517:../../../firmware/n32h7xx_std_periph_driver/src/n32h7xx_sdmmc.c ****  *\*\return SDMMC_STS
 518:../../../firmware/n32h7xx_std_periph_driver/src/n32h7xx_sdmmc.c ****  *\*\           - SDMMC_SendCommandFailed
 519:../../../firmware/n32h7xx_std_periph_driver/src/n32h7xx_sdmmc.c ****  *\*\           - SDMMC_SUCCESS
 520:../../../firmware/n32h7xx_std_periph_driver/src/n32h7xx_sdmmc.c ****  */
 521:../../../firmware/n32h7xx_std_periph_driver/src/n32h7xx_sdmmc.c **** static SDMMC_STS SDMMC_ReceiveCommandResponse(SDHOST_Module* SDHOSTx, SDMMC_CMD *command)
 522:../../../firmware/n32h7xx_std_periph_driver/src/n32h7xx_sdmmc.c **** {
 898              		.loc 1 522 1
 899              		.cfi_startproc
 900              		@ args = 0, pretend = 0, frame = 24
 901              		@ frame_needed = 1, uses_anonymous_args = 0
 902              		@ link register save eliminated.
 903 0000 80B4     		push	{r7}
 904              	.LCFI29:
 905              		.cfi_def_cfa_offset 4
 906              		.cfi_offset 7, -4
ARM GAS  /tmp/ccIS8uvp.s 			page 26


 907 0002 87B0     		sub	sp, sp, #28
 908              	.LCFI30:
 909              		.cfi_def_cfa_offset 32
 910 0004 00AF     		add	r7, sp, #0
 911              	.LCFI31:
 912              		.cfi_def_cfa_register 7
 913 0006 7860     		str	r0, [r7, #4]
 914 0008 3960     		str	r1, [r7]
 523:../../../firmware/n32h7xx_std_periph_driver/src/n32h7xx_sdmmc.c ****     uint32_t response0 = SDHOSTx->CMDRSP0;
 915              		.loc 1 523 14
 916 000a 7B68     		ldr	r3, [r7, #4]
 917 000c 1B69     		ldr	r3, [r3, #16]
 918 000e 7B61     		str	r3, [r7, #20]
 524:../../../firmware/n32h7xx_std_periph_driver/src/n32h7xx_sdmmc.c ****     uint32_t response1 = SDHOSTx->CMDRSP1;
 919              		.loc 1 524 14
 920 0010 7B68     		ldr	r3, [r7, #4]
 921 0012 5B69     		ldr	r3, [r3, #20]
 922 0014 3B61     		str	r3, [r7, #16]
 525:../../../firmware/n32h7xx_std_periph_driver/src/n32h7xx_sdmmc.c ****     uint32_t response2 = SDHOSTx->CMDRSP2;
 923              		.loc 1 525 14
 924 0016 7B68     		ldr	r3, [r7, #4]
 925 0018 9B69     		ldr	r3, [r3, #24]
 926 001a FB60     		str	r3, [r7, #12]
 526:../../../firmware/n32h7xx_std_periph_driver/src/n32h7xx_sdmmc.c **** 
 527:../../../firmware/n32h7xx_std_periph_driver/src/n32h7xx_sdmmc.c ****     if (command->responseType != CARD_ResponseTypeNone)
 927              		.loc 1 527 16
 928 001c 3B68     		ldr	r3, [r7]
 929 001e 5B7A     		ldrb	r3, [r3, #9]	@ zero_extendqisi2
 930              		.loc 1 527 8
 931 0020 002B     		cmp	r3, #0
 932 0022 21D0     		beq	.L37
 528:../../../firmware/n32h7xx_std_periph_driver/src/n32h7xx_sdmmc.c ****     {
 529:../../../firmware/n32h7xx_std_periph_driver/src/n32h7xx_sdmmc.c ****         command->response[0U] = response0;
 933              		.loc 1 529 31
 934 0024 3B68     		ldr	r3, [r7]
 935 0026 7A69     		ldr	r2, [r7, #20]
 936 0028 DA60     		str	r2, [r3, #12]
 530:../../../firmware/n32h7xx_std_periph_driver/src/n32h7xx_sdmmc.c **** 
 531:../../../firmware/n32h7xx_std_periph_driver/src/n32h7xx_sdmmc.c ****         if (command->responseType == CARD_ResponseTypeR2)
 937              		.loc 1 531 20
 938 002a 3B68     		ldr	r3, [r7]
 939 002c 5B7A     		ldrb	r3, [r3, #9]	@ zero_extendqisi2
 940              		.loc 1 531 12
 941 002e 032B     		cmp	r3, #3
 942 0030 1AD1     		bne	.L37
 532:../../../firmware/n32h7xx_std_periph_driver/src/n32h7xx_sdmmc.c ****         {
 533:../../../firmware/n32h7xx_std_periph_driver/src/n32h7xx_sdmmc.c ****             /* R3-R2-R1-R0(lowest 8 bit is invalid bit) has the same format as R2 format in SD spec
 534:../../../firmware/n32h7xx_std_periph_driver/src/n32h7xx_sdmmc.c ****             after removed internal CRC7 and end bit. */
 535:../../../firmware/n32h7xx_std_periph_driver/src/n32h7xx_sdmmc.c ****             command->response[0U] <<= 8U;
 943              		.loc 1 535 30
 944 0032 3B68     		ldr	r3, [r7]
 945 0034 DB68     		ldr	r3, [r3, #12]
 946              		.loc 1 535 35
 947 0036 1A02     		lsls	r2, r3, #8
 948 0038 3B68     		ldr	r3, [r7]
 949 003a DA60     		str	r2, [r3, #12]
 536:../../../firmware/n32h7xx_std_periph_driver/src/n32h7xx_sdmmc.c ****             command->response[1U] = (response1 << 8U) | ((response0 & 0xFF000000U) >> 24U);
ARM GAS  /tmp/ccIS8uvp.s 			page 27


 950              		.loc 1 536 48
 951 003c 3B69     		ldr	r3, [r7, #16]
 952 003e 1A02     		lsls	r2, r3, #8
 953              		.loc 1 536 84
 954 0040 7B69     		ldr	r3, [r7, #20]
 955 0042 1B0E     		lsrs	r3, r3, #24
 956              		.loc 1 536 55
 957 0044 1A43     		orrs	r2, r2, r3
 958              		.loc 1 536 35
 959 0046 3B68     		ldr	r3, [r7]
 960 0048 1A61     		str	r2, [r3, #16]
 537:../../../firmware/n32h7xx_std_periph_driver/src/n32h7xx_sdmmc.c ****             command->response[2U] = (response2 << 8U) | ((response1 & 0xFF000000U) >> 24U);
 961              		.loc 1 537 48
 962 004a FB68     		ldr	r3, [r7, #12]
 963 004c 1A02     		lsls	r2, r3, #8
 964              		.loc 1 537 84
 965 004e 3B69     		ldr	r3, [r7, #16]
 966 0050 1B0E     		lsrs	r3, r3, #24
 967              		.loc 1 537 55
 968 0052 1A43     		orrs	r2, r2, r3
 969              		.loc 1 537 35
 970 0054 3B68     		ldr	r3, [r7]
 971 0056 5A61     		str	r2, [r3, #20]
 538:../../../firmware/n32h7xx_std_periph_driver/src/n32h7xx_sdmmc.c ****             command->response[3U] = (SDHOSTx->CMDRSP3 << 8U) | ((response2 & 0xFF000000U) >> 24U);
 972              		.loc 1 538 45
 973 0058 7B68     		ldr	r3, [r7, #4]
 974 005a DB69     		ldr	r3, [r3, #28]
 975              		.loc 1 538 55
 976 005c 1A02     		lsls	r2, r3, #8
 977              		.loc 1 538 91
 978 005e FB68     		ldr	r3, [r7, #12]
 979 0060 1B0E     		lsrs	r3, r3, #24
 980              		.loc 1 538 62
 981 0062 1A43     		orrs	r2, r2, r3
 982              		.loc 1 538 35
 983 0064 3B68     		ldr	r3, [r7]
 984 0066 9A61     		str	r2, [r3, #24]
 985              	.L37:
 539:../../../firmware/n32h7xx_std_periph_driver/src/n32h7xx_sdmmc.c ****         }
 540:../../../firmware/n32h7xx_std_periph_driver/src/n32h7xx_sdmmc.c ****     }
 541:../../../firmware/n32h7xx_std_periph_driver/src/n32h7xx_sdmmc.c **** 
 542:../../../firmware/n32h7xx_std_periph_driver/src/n32h7xx_sdmmc.c ****     /* check response error flag */
 543:../../../firmware/n32h7xx_std_periph_driver/src/n32h7xx_sdmmc.c ****     if ((command->responseErrorFlags != 0U) &&
 986              		.loc 1 543 17
 987 0068 3B68     		ldr	r3, [r7]
 988 006a DB69     		ldr	r3, [r3, #28]
 989              		.loc 1 543 8
 990 006c 002B     		cmp	r3, #0
 991 006e 18D0     		beq	.L38
 544:../../../firmware/n32h7xx_std_periph_driver/src/n32h7xx_sdmmc.c ****             ((command->responseType == CARD_ResponseTypeR1) || (command->responseType == CARD_Respo
 992              		.loc 1 544 22
 993 0070 3B68     		ldr	r3, [r7]
 994 0072 5B7A     		ldrb	r3, [r3, #9]	@ zero_extendqisi2
 543:../../../firmware/n32h7xx_std_periph_driver/src/n32h7xx_sdmmc.c ****             ((command->responseType == CARD_ResponseTypeR1) || (command->responseType == CARD_Respo
 995              		.loc 1 543 45 discriminator 1
 996 0074 012B     		cmp	r3, #1
 997 0076 0BD0     		beq	.L39
ARM GAS  /tmp/ccIS8uvp.s 			page 28


 998              		.loc 1 544 72
 999 0078 3B68     		ldr	r3, [r7]
 1000 007a 5B7A     		ldrb	r3, [r3, #9]	@ zero_extendqisi2
 1001              		.loc 1 544 61
 1002 007c 022B     		cmp	r3, #2
 1003 007e 07D0     		beq	.L39
 545:../../../firmware/n32h7xx_std_periph_driver/src/n32h7xx_sdmmc.c ****              (command->responseType == CARD_ResponseTypeR6) || (command->responseType == CARD_Respo
 1004              		.loc 1 545 22
 1005 0080 3B68     		ldr	r3, [r7]
 1006 0082 5B7A     		ldrb	r3, [r3, #9]	@ zero_extendqisi2
 544:../../../firmware/n32h7xx_std_periph_driver/src/n32h7xx_sdmmc.c ****             ((command->responseType == CARD_ResponseTypeR1) || (command->responseType == CARD_Respo
 1007              		.loc 1 544 112 discriminator 1
 1008 0084 082B     		cmp	r3, #8
 1009 0086 03D0     		beq	.L39
 1010              		.loc 1 545 72
 1011 0088 3B68     		ldr	r3, [r7]
 1012 008a 5B7A     		ldrb	r3, [r3, #9]	@ zero_extendqisi2
 1013              		.loc 1 545 61
 1014 008c 062B     		cmp	r3, #6
 1015 008e 08D1     		bne	.L38
 1016              	.L39:
 546:../../../firmware/n32h7xx_std_periph_driver/src/n32h7xx_sdmmc.c ****     {
 547:../../../firmware/n32h7xx_std_periph_driver/src/n32h7xx_sdmmc.c ****         if (((command->responseErrorFlags) & (command->response[0U])) != 0U)
 1017              		.loc 1 547 22
 1018 0090 3B68     		ldr	r3, [r7]
 1019 0092 DA69     		ldr	r2, [r3, #28]
 1020              		.loc 1 547 64
 1021 0094 3B68     		ldr	r3, [r7]
 1022 0096 DB68     		ldr	r3, [r3, #12]
 1023              		.loc 1 547 44
 1024 0098 1340     		ands	r3, r3, r2
 1025              		.loc 1 547 12
 1026 009a 002B     		cmp	r3, #0
 1027 009c 01D0     		beq	.L38
 548:../../../firmware/n32h7xx_std_periph_driver/src/n32h7xx_sdmmc.c ****         {
 549:../../../firmware/n32h7xx_std_periph_driver/src/n32h7xx_sdmmc.c ****             return SDMMC_SendCommandFailed;
 1028              		.loc 1 549 20
 1029 009e 0323     		movs	r3, #3
 1030 00a0 00E0     		b	.L40
 1031              	.L38:
 550:../../../firmware/n32h7xx_std_periph_driver/src/n32h7xx_sdmmc.c ****         }
 551:../../../firmware/n32h7xx_std_periph_driver/src/n32h7xx_sdmmc.c ****     }
 552:../../../firmware/n32h7xx_std_periph_driver/src/n32h7xx_sdmmc.c **** 
 553:../../../firmware/n32h7xx_std_periph_driver/src/n32h7xx_sdmmc.c ****     return SDMMC_SUCCESS;
 1032              		.loc 1 553 12
 1033 00a2 0C23     		movs	r3, #12
 1034              	.L40:
 554:../../../firmware/n32h7xx_std_periph_driver/src/n32h7xx_sdmmc.c **** }
 1035              		.loc 1 554 1
 1036 00a4 1846     		mov	r0, r3
 1037 00a6 1C37     		adds	r7, r7, #28
 1038              	.LCFI32:
 1039              		.cfi_def_cfa_offset 4
 1040 00a8 BD46     		mov	sp, r7
 1041              	.LCFI33:
 1042              		.cfi_def_cfa_register 13
 1043              		@ sp needed
ARM GAS  /tmp/ccIS8uvp.s 			page 29


 1044 00aa 80BC     		pop	{r7}
 1045              	.LCFI34:
 1046              		.cfi_restore 7
 1047              		.cfi_def_cfa_offset 0
 1048 00ac 7047     		bx	lr
 1049              		.cfi_endproc
 1050              	.LFE152:
 1052              		.section	.text.SDMMC_ReadDataPort,"ax",%progbits
 1053              		.align	1
 1054              		.syntax unified
 1055              		.thumb
 1056              		.thumb_func
 1058              	SDMMC_ReadDataPort:
 1059              	.LFB153:
 555:../../../firmware/n32h7xx_std_periph_driver/src/n32h7xx_sdmmc.c **** 
 556:../../../firmware/n32h7xx_std_periph_driver/src/n32h7xx_sdmmc.c **** 
 557:../../../firmware/n32h7xx_std_periph_driver/src/n32h7xx_sdmmc.c **** /**
 558:../../../firmware/n32h7xx_std_periph_driver/src/n32h7xx_sdmmc.c ****  *\*\name   SDMMC_ReadDataPort.
 559:../../../firmware/n32h7xx_std_periph_driver/src/n32h7xx_sdmmc.c ****  *\*\fun    Read DATAPORT when buffer enable bit is set.
 560:../../../firmware/n32h7xx_std_periph_driver/src/n32h7xx_sdmmc.c ****  *\*\param  SDHOSTx :
 561:../../../firmware/n32h7xx_std_periph_driver/src/n32h7xx_sdmmc.c ****  *\*\          - SDHOST1
 562:../../../firmware/n32h7xx_std_periph_driver/src/n32h7xx_sdmmc.c ****  *\*\          - SDHOST2
 563:../../../firmware/n32h7xx_std_periph_driver/src/n32h7xx_sdmmc.c ****  *\*\param  data  Data descriptor.
 564:../../../firmware/n32h7xx_std_periph_driver/src/n32h7xx_sdmmc.c ****  *\*\          - AutoCommand12_23.
 565:../../../firmware/n32h7xx_std_periph_driver/src/n32h7xx_sdmmc.c ****  *\*\              - AutoCommand12
 566:../../../firmware/n32h7xx_std_periph_driver/src/n32h7xx_sdmmc.c ****  *\*\              - AutoCommand23
 567:../../../firmware/n32h7xx_std_periph_driver/src/n32h7xx_sdmmc.c ****  *\*\              - NoAutoCommand
 568:../../../firmware/n32h7xx_std_periph_driver/src/n32h7xx_sdmmc.c ****  *\*\          - enableIgnoreError.
 569:../../../firmware/n32h7xx_std_periph_driver/src/n32h7xx_sdmmc.c ****  *\*\              - ENABLE
 570:../../../firmware/n32h7xx_std_periph_driver/src/n32h7xx_sdmmc.c ****  *\*\              - DISABLE
 571:../../../firmware/n32h7xx_std_periph_driver/src/n32h7xx_sdmmc.c ****  *\*\          - dataType.
 572:../../../firmware/n32h7xx_std_periph_driver/src/n32h7xx_sdmmc.c ****  *\*\              - SDHOST_TransferDataNormal
 573:../../../firmware/n32h7xx_std_periph_driver/src/n32h7xx_sdmmc.c ****  *\*\              - SDHOST_TransferDataTuning
 574:../../../firmware/n32h7xx_std_periph_driver/src/n32h7xx_sdmmc.c ****  *\*\              - SDHOST_TransferDataBoot
 575:../../../firmware/n32h7xx_std_periph_driver/src/n32h7xx_sdmmc.c ****  *\*\              - SDHOST_TransferDataBootcontinous
 576:../../../firmware/n32h7xx_std_periph_driver/src/n32h7xx_sdmmc.c ****  *\*\           - blockCount  :
 577:../../../firmware/n32h7xx_std_periph_driver/src/n32h7xx_sdmmc.c ****  *\*\               - The available range is 0 ~ 0xFFFF.
 578:../../../firmware/n32h7xx_std_periph_driver/src/n32h7xx_sdmmc.c ****  *\*\           - blockSize  :
 579:../../../firmware/n32h7xx_std_periph_driver/src/n32h7xx_sdmmc.c ****  *\*\               - The available range is 0 ~ 0x0800.
 580:../../../firmware/n32h7xx_std_periph_driver/src/n32h7xx_sdmmc.c ****  *\*\           - rxData  :  Buffer to save data read.
 581:../../../firmware/n32h7xx_std_periph_driver/src/n32h7xx_sdmmc.c ****  *\*\           - txData  :  Data buffer to write.
 582:../../../firmware/n32h7xx_std_periph_driver/src/n32h7xx_sdmmc.c ****  *\*\param  transferredWords  The number of data words have been transferred last time transaction.
 583:../../../firmware/n32h7xx_std_periph_driver/src/n32h7xx_sdmmc.c ****  *\*\           - The available range is 0 ~ 0xFFFFFFFF.
 584:../../../firmware/n32h7xx_std_periph_driver/src/n32h7xx_sdmmc.c ****  *\*\return transferredWords : The number of total data words have been transferred after this time
 585:../../../firmware/n32h7xx_std_periph_driver/src/n32h7xx_sdmmc.c ****  */
 586:../../../firmware/n32h7xx_std_periph_driver/src/n32h7xx_sdmmc.c **** static uint32_t SDMMC_ReadDataPort(SDHOST_Module* SDHOSTx, SDMMC_DATA *data, uint32_t transferredWo
 587:../../../firmware/n32h7xx_std_periph_driver/src/n32h7xx_sdmmc.c **** {
 1060              		.loc 1 587 1
 1061              		.cfi_startproc
 1062              		@ args = 0, pretend = 0, frame = 32
 1063              		@ frame_needed = 1, uses_anonymous_args = 0
 1064 0000 90B5     		push	{r4, r7, lr}
 1065              	.LCFI35:
 1066              		.cfi_def_cfa_offset 12
 1067              		.cfi_offset 4, -12
 1068              		.cfi_offset 7, -8
 1069              		.cfi_offset 14, -4
ARM GAS  /tmp/ccIS8uvp.s 			page 30


 1070 0002 89B0     		sub	sp, sp, #36
 1071              	.LCFI36:
 1072              		.cfi_def_cfa_offset 48
 1073 0004 00AF     		add	r7, sp, #0
 1074              	.LCFI37:
 1075              		.cfi_def_cfa_register 7
 1076 0006 F860     		str	r0, [r7, #12]
 1077 0008 B960     		str	r1, [r7, #8]
 1078 000a 7A60     		str	r2, [r7, #4]
 588:../../../firmware/n32h7xx_std_periph_driver/src/n32h7xx_sdmmc.c ****     uint32_t i;
 589:../../../firmware/n32h7xx_std_periph_driver/src/n32h7xx_sdmmc.c ****     uint32_t blockWords;
 590:../../../firmware/n32h7xx_std_periph_driver/src/n32h7xx_sdmmc.c ****     uint32_t transferredWordsvalue = transferredWords;
 1079              		.loc 1 590 14
 1080 000c 7B68     		ldr	r3, [r7, #4]
 1081 000e BB61     		str	r3, [r7, #24]
 591:../../../firmware/n32h7xx_std_periph_driver/src/n32h7xx_sdmmc.c **** 
 592:../../../firmware/n32h7xx_std_periph_driver/src/n32h7xx_sdmmc.c ****     /* If DMA is enable, do not need to polling data port */
 593:../../../firmware/n32h7xx_std_periph_driver/src/n32h7xx_sdmmc.c ****     if ((SDHOSTx->TMODE & SDHOST_TMODE_DMAE) == 0U)
 1082              		.loc 1 593 17
 1083 0010 FB68     		ldr	r3, [r7, #12]
 1084 0012 DB68     		ldr	r3, [r3, #12]
 1085              		.loc 1 593 25
 1086 0014 03F00103 		and	r3, r3, #1
 1087              		.loc 1 593 8
 1088 0018 002B     		cmp	r3, #0
 1089 001a 27D1     		bne	.L42
 594:../../../firmware/n32h7xx_std_periph_driver/src/n32h7xx_sdmmc.c ****     {
 595:../../../firmware/n32h7xx_std_periph_driver/src/n32h7xx_sdmmc.c ****         /*
 596:../../../firmware/n32h7xx_std_periph_driver/src/n32h7xx_sdmmc.c ****          * Add non aligned access support ,user need make sure your buffer size is big
 597:../../../firmware/n32h7xx_std_periph_driver/src/n32h7xx_sdmmc.c ****          * enough to hold the data,in other words,user need make sure the buffer size
 598:../../../firmware/n32h7xx_std_periph_driver/src/n32h7xx_sdmmc.c ****          * is 4 byte aligned
 599:../../../firmware/n32h7xx_std_periph_driver/src/n32h7xx_sdmmc.c ****          */
 600:../../../firmware/n32h7xx_std_periph_driver/src/n32h7xx_sdmmc.c ****         if ((data->blockSize % 4U) != 0U)
 1090              		.loc 1 600 18
 1091 001c BB68     		ldr	r3, [r7, #8]
 1092 001e 9B68     		ldr	r3, [r3, #8]
 1093              		.loc 1 600 30
 1094 0020 03F00303 		and	r3, r3, #3
 1095              		.loc 1 600 12
 1096 0024 002B     		cmp	r3, #0
 1097 0026 06D0     		beq	.L43
 601:../../../firmware/n32h7xx_std_periph_driver/src/n32h7xx_sdmmc.c ****         {
 602:../../../firmware/n32h7xx_std_periph_driver/src/n32h7xx_sdmmc.c ****             data->blockSize += (4U - (data->blockSize % 4U)); /* make the block size as word-aligne
 1098              		.loc 1 602 43
 1099 0028 BB68     		ldr	r3, [r7, #8]
 1100 002a 9B68     		ldr	r3, [r3, #8]
 1101              		.loc 1 602 29
 1102 002c 23F00303 		bic	r3, r3, #3
 1103 0030 1A1D     		adds	r2, r3, #4
 1104 0032 BB68     		ldr	r3, [r7, #8]
 1105 0034 9A60     		str	r2, [r3, #8]
 1106              	.L43:
 603:../../../firmware/n32h7xx_std_periph_driver/src/n32h7xx_sdmmc.c ****         }
 604:../../../firmware/n32h7xx_std_periph_driver/src/n32h7xx_sdmmc.c **** 
 605:../../../firmware/n32h7xx_std_periph_driver/src/n32h7xx_sdmmc.c ****         blockWords = data->blockSize / 4U;
 1107              		.loc 1 605 26
 1108 0036 BB68     		ldr	r3, [r7, #8]
ARM GAS  /tmp/ccIS8uvp.s 			page 31


 1109 0038 9B68     		ldr	r3, [r3, #8]
 1110              		.loc 1 605 20
 1111 003a 9B08     		lsrs	r3, r3, #2
 1112 003c 7B61     		str	r3, [r7, #20]
 606:../../../firmware/n32h7xx_std_periph_driver/src/n32h7xx_sdmmc.c **** 
 607:../../../firmware/n32h7xx_std_periph_driver/src/n32h7xx_sdmmc.c ****         i = 0U;
 1113              		.loc 1 607 11
 1114 003e 0023     		movs	r3, #0
 1115 0040 FB61     		str	r3, [r7, #28]
 608:../../../firmware/n32h7xx_std_periph_driver/src/n32h7xx_sdmmc.c **** 
 609:../../../firmware/n32h7xx_std_periph_driver/src/n32h7xx_sdmmc.c ****         while (i < blockWords)
 1116              		.loc 1 609 15
 1117 0042 0FE0     		b	.L44
 1118              	.L45:
 610:../../../firmware/n32h7xx_std_periph_driver/src/n32h7xx_sdmmc.c ****         {
 611:../../../firmware/n32h7xx_std_periph_driver/src/n32h7xx_sdmmc.c ****             data->rxData[transferredWordsvalue] = SDMMC_ReadData(SDHOSTx);
 1119              		.loc 1 611 17
 1120 0044 BB68     		ldr	r3, [r7, #8]
 1121 0046 1A69     		ldr	r2, [r3, #16]
 1122              		.loc 1 611 25
 1123 0048 BB69     		ldr	r3, [r7, #24]
 1124 004a 9B00     		lsls	r3, r3, #2
 1125 004c D418     		adds	r4, r2, r3
 1126              		.loc 1 611 51
 1127 004e F868     		ldr	r0, [r7, #12]
 1128 0050 FFF7FEFF 		bl	SDMMC_ReadData
 1129 0054 0346     		mov	r3, r0
 1130              		.loc 1 611 49 discriminator 1
 1131 0056 2360     		str	r3, [r4]
 612:../../../firmware/n32h7xx_std_periph_driver/src/n32h7xx_sdmmc.c ****             transferredWordsvalue++;
 1132              		.loc 1 612 34
 1133 0058 BB69     		ldr	r3, [r7, #24]
 1134 005a 0133     		adds	r3, r3, #1
 1135 005c BB61     		str	r3, [r7, #24]
 613:../../../firmware/n32h7xx_std_periph_driver/src/n32h7xx_sdmmc.c ****             i++;
 1136              		.loc 1 613 14
 1137 005e FB69     		ldr	r3, [r7, #28]
 1138 0060 0133     		adds	r3, r3, #1
 1139 0062 FB61     		str	r3, [r7, #28]
 1140              	.L44:
 609:../../../firmware/n32h7xx_std_periph_driver/src/n32h7xx_sdmmc.c ****         {
 1141              		.loc 1 609 18
 1142 0064 FA69     		ldr	r2, [r7, #28]
 1143 0066 7B69     		ldr	r3, [r7, #20]
 1144 0068 9A42     		cmp	r2, r3
 1145 006a EBD3     		bcc	.L45
 1146              	.L42:
 614:../../../firmware/n32h7xx_std_periph_driver/src/n32h7xx_sdmmc.c ****         }
 615:../../../firmware/n32h7xx_std_periph_driver/src/n32h7xx_sdmmc.c ****     }
 616:../../../firmware/n32h7xx_std_periph_driver/src/n32h7xx_sdmmc.c **** 
 617:../../../firmware/n32h7xx_std_periph_driver/src/n32h7xx_sdmmc.c ****     return transferredWordsvalue;
 1147              		.loc 1 617 12
 1148 006c BB69     		ldr	r3, [r7, #24]
 618:../../../firmware/n32h7xx_std_periph_driver/src/n32h7xx_sdmmc.c **** }
 1149              		.loc 1 618 1
 1150 006e 1846     		mov	r0, r3
 1151 0070 2437     		adds	r7, r7, #36
ARM GAS  /tmp/ccIS8uvp.s 			page 32


 1152              	.LCFI38:
 1153              		.cfi_def_cfa_offset 12
 1154 0072 BD46     		mov	sp, r7
 1155              	.LCFI39:
 1156              		.cfi_def_cfa_register 13
 1157              		@ sp needed
 1158 0074 90BD     		pop	{r4, r7, pc}
 1159              		.cfi_endproc
 1160              	.LFE153:
 1162              		.section	.text.SDMMC_ReadByDataPortBlocking,"ax",%progbits
 1163              		.align	1
 1164              		.syntax unified
 1165              		.thumb
 1166              		.thumb_func
 1168              	SDMMC_ReadByDataPortBlocking:
 1169              	.LFB154:
 619:../../../firmware/n32h7xx_std_periph_driver/src/n32h7xx_sdmmc.c **** 
 620:../../../firmware/n32h7xx_std_periph_driver/src/n32h7xx_sdmmc.c **** /**
 621:../../../firmware/n32h7xx_std_periph_driver/src/n32h7xx_sdmmc.c ****  *\*\name   SDMMC_ReadByDataPortBlocking.
 622:../../../firmware/n32h7xx_std_periph_driver/src/n32h7xx_sdmmc.c ****  *\*\fun    Read data by using DATAPORT polling way.
 623:../../../firmware/n32h7xx_std_periph_driver/src/n32h7xx_sdmmc.c ****  *\*\param  SDHOSTx :
 624:../../../firmware/n32h7xx_std_periph_driver/src/n32h7xx_sdmmc.c ****  *\*\          - SDHOST1
 625:../../../firmware/n32h7xx_std_periph_driver/src/n32h7xx_sdmmc.c ****  *\*\          - SDHOST2
 626:../../../firmware/n32h7xx_std_periph_driver/src/n32h7xx_sdmmc.c ****  *\*\param  data  Data descriptor.
 627:../../../firmware/n32h7xx_std_periph_driver/src/n32h7xx_sdmmc.c ****  *\*\          - AutoCommand12_23.
 628:../../../firmware/n32h7xx_std_periph_driver/src/n32h7xx_sdmmc.c ****  *\*\              - AutoCommand12
 629:../../../firmware/n32h7xx_std_periph_driver/src/n32h7xx_sdmmc.c ****  *\*\              - AutoCommand23
 630:../../../firmware/n32h7xx_std_periph_driver/src/n32h7xx_sdmmc.c ****  *\*\              - NoAutoCommand
 631:../../../firmware/n32h7xx_std_periph_driver/src/n32h7xx_sdmmc.c ****  *\*\          - enableIgnoreError.
 632:../../../firmware/n32h7xx_std_periph_driver/src/n32h7xx_sdmmc.c ****  *\*\              - ENABLE
 633:../../../firmware/n32h7xx_std_periph_driver/src/n32h7xx_sdmmc.c ****  *\*\              - DISABLE
 634:../../../firmware/n32h7xx_std_periph_driver/src/n32h7xx_sdmmc.c ****  *\*\          - dataType.
 635:../../../firmware/n32h7xx_std_periph_driver/src/n32h7xx_sdmmc.c ****  *\*\              - SDHOST_TransferDataNormal
 636:../../../firmware/n32h7xx_std_periph_driver/src/n32h7xx_sdmmc.c ****  *\*\              - SDHOST_TransferDataTuning
 637:../../../firmware/n32h7xx_std_periph_driver/src/n32h7xx_sdmmc.c ****  *\*\              - SDHOST_TransferDataBoot
 638:../../../firmware/n32h7xx_std_periph_driver/src/n32h7xx_sdmmc.c ****  *\*\              - SDHOST_TransferDataBootcontinous
 639:../../../firmware/n32h7xx_std_periph_driver/src/n32h7xx_sdmmc.c ****  *\*\           - blockCount  :
 640:../../../firmware/n32h7xx_std_periph_driver/src/n32h7xx_sdmmc.c ****  *\*\               - The available range is 0 ~ 0xFFFF.
 641:../../../firmware/n32h7xx_std_periph_driver/src/n32h7xx_sdmmc.c ****  *\*\           - blockSize  :
 642:../../../firmware/n32h7xx_std_periph_driver/src/n32h7xx_sdmmc.c ****  *\*\               - The available range is 0 ~ 0x0800.
 643:../../../firmware/n32h7xx_std_periph_driver/src/n32h7xx_sdmmc.c ****  *\*\           - rxData  :  Buffer to save data read.
 644:../../../firmware/n32h7xx_std_periph_driver/src/n32h7xx_sdmmc.c ****  *\*\           - txData  :  Data buffer to write.
 645:../../../firmware/n32h7xx_std_periph_driver/src/n32h7xx_sdmmc.c ****  *\*\return error_status.
 646:../../../firmware/n32h7xx_std_periph_driver/src/n32h7xx_sdmmc.c ****  *\*\           - SUCCESS
 647:../../../firmware/n32h7xx_std_periph_driver/src/n32h7xx_sdmmc.c ****  *\*\           - ERROR
 648:../../../firmware/n32h7xx_std_periph_driver/src/n32h7xx_sdmmc.c ****  */
 649:../../../firmware/n32h7xx_std_periph_driver/src/n32h7xx_sdmmc.c **** static ErrorStatus SDMMC_ReadByDataPortBlocking(SDHOST_Module* SDHOSTx, SDMMC_DATA *data)
 650:../../../firmware/n32h7xx_std_periph_driver/src/n32h7xx_sdmmc.c **** {
 1170              		.loc 1 650 1
 1171              		.cfi_startproc
 1172              		@ args = 0, pretend = 0, frame = 32
 1173              		@ frame_needed = 1, uses_anonymous_args = 0
 1174 0000 80B5     		push	{r7, lr}
 1175              	.LCFI40:
 1176              		.cfi_def_cfa_offset 8
 1177              		.cfi_offset 7, -8
 1178              		.cfi_offset 14, -4
ARM GAS  /tmp/ccIS8uvp.s 			page 33


 1179 0002 88B0     		sub	sp, sp, #32
 1180              	.LCFI41:
 1181              		.cfi_def_cfa_offset 40
 1182 0004 00AF     		add	r7, sp, #0
 1183              	.LCFI42:
 1184              		.cfi_def_cfa_register 7
 1185 0006 7860     		str	r0, [r7, #4]
 1186 0008 3960     		str	r1, [r7]
 651:../../../firmware/n32h7xx_std_periph_driver/src/n32h7xx_sdmmc.c ****     uint32_t totalWords;
 652:../../../firmware/n32h7xx_std_periph_driver/src/n32h7xx_sdmmc.c ****     uint32_t transferredWords = 0U, interruptStatus = 0U;
 1187              		.loc 1 652 14
 1188 000a 0023     		movs	r3, #0
 1189 000c FB61     		str	r3, [r7, #28]
 1190              		.loc 1 652 37
 1191 000e 0023     		movs	r3, #0
 1192 0010 BB61     		str	r3, [r7, #24]
 653:../../../firmware/n32h7xx_std_periph_driver/src/n32h7xx_sdmmc.c ****     ErrorStatus error_status = SUCCESS;
 1193              		.loc 1 653 17
 1194 0012 0123     		movs	r3, #1
 1195 0014 FB75     		strb	r3, [r7, #23]
 654:../../../firmware/n32h7xx_std_periph_driver/src/n32h7xx_sdmmc.c ****     uint32_t timeout = 0xFFFFFF;
 1196              		.loc 1 654 14
 1197 0016 6FF07F43 		mvn	r3, #-16777216
 1198 001a 3B61     		str	r3, [r7, #16]
 655:../../../firmware/n32h7xx_std_periph_driver/src/n32h7xx_sdmmc.c **** 
 656:../../../firmware/n32h7xx_std_periph_driver/src/n32h7xx_sdmmc.c ****     /*
 657:../../../firmware/n32h7xx_std_periph_driver/src/n32h7xx_sdmmc.c ****      * Add non aligned access support ,user need make sure your buffer size is big
 658:../../../firmware/n32h7xx_std_periph_driver/src/n32h7xx_sdmmc.c ****      * enough to hold the data,in other words,user need make sure the buffer size
 659:../../../firmware/n32h7xx_std_periph_driver/src/n32h7xx_sdmmc.c ****      * is 4 byte aligned
 660:../../../firmware/n32h7xx_std_periph_driver/src/n32h7xx_sdmmc.c ****      */
 661:../../../firmware/n32h7xx_std_periph_driver/src/n32h7xx_sdmmc.c ****     if ((data->blockSize % 4U) != 0U)
 1199              		.loc 1 661 14
 1200 001c 3B68     		ldr	r3, [r7]
 1201 001e 9B68     		ldr	r3, [r3, #8]
 1202              		.loc 1 661 26
 1203 0020 03F00303 		and	r3, r3, #3
 1204              		.loc 1 661 8
 1205 0024 002B     		cmp	r3, #0
 1206 0026 06D0     		beq	.L48
 662:../../../firmware/n32h7xx_std_periph_driver/src/n32h7xx_sdmmc.c ****     {
 663:../../../firmware/n32h7xx_std_periph_driver/src/n32h7xx_sdmmc.c ****         data->blockSize += (4U - (data->blockSize % 4U)); /* make the block size as word-aligned */
 1207              		.loc 1 663 39
 1208 0028 3B68     		ldr	r3, [r7]
 1209 002a 9B68     		ldr	r3, [r3, #8]
 1210              		.loc 1 663 25
 1211 002c 23F00303 		bic	r3, r3, #3
 1212 0030 1A1D     		adds	r2, r3, #4
 1213 0032 3B68     		ldr	r3, [r7]
 1214 0034 9A60     		str	r2, [r3, #8]
 1215              	.L48:
 664:../../../firmware/n32h7xx_std_periph_driver/src/n32h7xx_sdmmc.c ****     }
 665:../../../firmware/n32h7xx_std_periph_driver/src/n32h7xx_sdmmc.c **** 
 666:../../../firmware/n32h7xx_std_periph_driver/src/n32h7xx_sdmmc.c ****     totalWords = (data->blockCount * data->blockSize) / 4U;
 1216              		.loc 1 666 23
 1217 0036 3B68     		ldr	r3, [r7]
 1218 0038 DB68     		ldr	r3, [r3, #12]
 1219              		.loc 1 666 42
ARM GAS  /tmp/ccIS8uvp.s 			page 34


 1220 003a 3A68     		ldr	r2, [r7]
 1221 003c 9268     		ldr	r2, [r2, #8]
 1222              		.loc 1 666 36
 1223 003e 02FB03F3 		mul	r3, r2, r3
 1224              		.loc 1 666 16
 1225 0042 9B08     		lsrs	r3, r3, #2
 1226 0044 FB60     		str	r3, [r7, #12]
 667:../../../firmware/n32h7xx_std_periph_driver/src/n32h7xx_sdmmc.c **** 
 668:../../../firmware/n32h7xx_std_periph_driver/src/n32h7xx_sdmmc.c ****     while ((error_status == SUCCESS) && (transferredWords < totalWords))
 1227              		.loc 1 668 11
 1228 0046 41E0     		b	.L49
 1229              	.L59:
 669:../../../firmware/n32h7xx_std_periph_driver/src/n32h7xx_sdmmc.c ****     {
 670:../../../firmware/n32h7xx_std_periph_driver/src/n32h7xx_sdmmc.c ****         timeout = 0xFFFFFF;
 1230              		.loc 1 670 17
 1231 0048 6FF07F43 		mvn	r3, #-16777216
 1232 004c 3B61     		str	r3, [r7, #16]
 671:../../../firmware/n32h7xx_std_periph_driver/src/n32h7xx_sdmmc.c ****         while((interruptStatus & (((uint32_t)SDHOST_BufferReadReadyFlag | (uint32_t)SDHOST_DataErro
 1233              		.loc 1 671 14
 1234 004e 08E0     		b	.L50
 1235              	.L52:
 672:../../../firmware/n32h7xx_std_periph_driver/src/n32h7xx_sdmmc.c ****         {
 673:../../../firmware/n32h7xx_std_periph_driver/src/n32h7xx_sdmmc.c ****             interruptStatus = SDHOSTx->INTSTS;
 1236              		.loc 1 673 29
 1237 0050 7B68     		ldr	r3, [r7, #4]
 1238 0052 1B6B     		ldr	r3, [r3, #48]
 1239 0054 BB61     		str	r3, [r7, #24]
 674:../../../firmware/n32h7xx_std_periph_driver/src/n32h7xx_sdmmc.c ****             timeout--;
 1240              		.loc 1 674 20
 1241 0056 3B69     		ldr	r3, [r7, #16]
 1242 0058 013B     		subs	r3, r3, #1
 1243 005a 3B61     		str	r3, [r7, #16]
 675:../../../firmware/n32h7xx_std_periph_driver/src/n32h7xx_sdmmc.c **** 
 676:../../../firmware/n32h7xx_std_periph_driver/src/n32h7xx_sdmmc.c ****             if(timeout < 2)
 1244              		.loc 1 676 15
 1245 005c 3B69     		ldr	r3, [r7, #16]
 1246 005e 012B     		cmp	r3, #1
 1247 0060 05D9     		bls	.L63
 1248              	.L50:
 671:../../../firmware/n32h7xx_std_periph_driver/src/n32h7xx_sdmmc.c ****         {
 1249              		.loc 1 671 32
 1250 0062 BA69     		ldr	r2, [r7, #24]
 1251 0064 2B4B     		ldr	r3, .L65
 1252 0066 1340     		ands	r3, r3, r2
 671:../../../firmware/n32h7xx_std_periph_driver/src/n32h7xx_sdmmc.c ****         {
 1253              		.loc 1 671 109
 1254 0068 002B     		cmp	r3, #0
 1255 006a F1D0     		beq	.L52
 1256 006c 00E0     		b	.L51
 1257              	.L63:
 677:../../../firmware/n32h7xx_std_periph_driver/src/n32h7xx_sdmmc.c ****             {
 678:../../../firmware/n32h7xx_std_periph_driver/src/n32h7xx_sdmmc.c ****                 break;
 1258              		.loc 1 678 17
 1259 006e 00BF     		nop
 1260              	.L51:
 679:../../../firmware/n32h7xx_std_periph_driver/src/n32h7xx_sdmmc.c ****             }
 680:../../../firmware/n32h7xx_std_periph_driver/src/n32h7xx_sdmmc.c ****         }
ARM GAS  /tmp/ccIS8uvp.s 			page 35


 681:../../../firmware/n32h7xx_std_periph_driver/src/n32h7xx_sdmmc.c **** 
 682:../../../firmware/n32h7xx_std_periph_driver/src/n32h7xx_sdmmc.c ****         /* during std tuning process, software do not need to read data, but wait BRR is enough */
 683:../../../firmware/n32h7xx_std_periph_driver/src/n32h7xx_sdmmc.c ****         if ((data->dataType == (uint32_t)SDHOST_TransferDataTuning) &&
 1261              		.loc 1 683 18
 1262 0070 3B68     		ldr	r3, [r7]
 1263 0072 5B79     		ldrb	r3, [r3, #5]	@ zero_extendqisi2
 1264              		.loc 1 683 12
 1265 0074 012B     		cmp	r3, #1
 1266 0076 0AD1     		bne	.L53
 684:../../../firmware/n32h7xx_std_periph_driver/src/n32h7xx_sdmmc.c ****                 ((interruptStatus & ((uint32_t)SDHOST_BufferReadReadyFlag)) != 0))
 1267              		.loc 1 684 35
 1268 0078 BB69     		ldr	r3, [r7, #24]
 1269 007a 03F02003 		and	r3, r3, #32
 683:../../../firmware/n32h7xx_std_periph_driver/src/n32h7xx_sdmmc.c ****                 ((interruptStatus & ((uint32_t)SDHOST_BufferReadReadyFlag)) != 0))
 1270              		.loc 1 683 69 discriminator 1
 1271 007e 002B     		cmp	r3, #0
 1272 0080 05D0     		beq	.L53
 685:../../../firmware/n32h7xx_std_periph_driver/src/n32h7xx_sdmmc.c ****         {
 686:../../../firmware/n32h7xx_std_periph_driver/src/n32h7xx_sdmmc.c ****             SDMMC_ClrFlag(SDHOSTx, (uint32_t)SDHOST_BufferReadReadyFlag);
 1273              		.loc 1 686 13
 1274 0082 2021     		movs	r1, #32
 1275 0084 7868     		ldr	r0, [r7, #4]
 1276 0086 FFF7FEFF 		bl	SDMMC_ClrFlag
 687:../../../firmware/n32h7xx_std_periph_driver/src/n32h7xx_sdmmc.c ****             return SUCCESS;
 1277              		.loc 1 687 20
 1278 008a 0123     		movs	r3, #1
 1279 008c 3EE0     		b	.L54
 1280              	.L53:
 688:../../../firmware/n32h7xx_std_periph_driver/src/n32h7xx_sdmmc.c ****         }
 689:../../../firmware/n32h7xx_std_periph_driver/src/n32h7xx_sdmmc.c ****         else if ((interruptStatus & ((uint32_t)SDHOST_DataErrorFlag)) != 0)
 1281              		.loc 1 689 35
 1282 008e BB69     		ldr	r3, [r7, #24]
 1283 0090 03F0B873 		and	r3, r3, #24117248
 1284              		.loc 1 689 17
 1285 0094 002B     		cmp	r3, #0
 1286 0096 0AD0     		beq	.L55
 690:../../../firmware/n32h7xx_std_periph_driver/src/n32h7xx_sdmmc.c ****         {
 691:../../../firmware/n32h7xx_std_periph_driver/src/n32h7xx_sdmmc.c ****             if (data->enableIgnoreError == ENABLE)
 1287              		.loc 1 691 21
 1288 0098 3B68     		ldr	r3, [r7]
 1289 009a 1B79     		ldrb	r3, [r3, #4]	@ zero_extendqisi2
 1290              		.loc 1 691 16
 1291 009c 012B     		cmp	r3, #1
 1292 009e 01D1     		bne	.L56
 692:../../../firmware/n32h7xx_std_periph_driver/src/n32h7xx_sdmmc.c ****             {
 693:../../../firmware/n32h7xx_std_periph_driver/src/n32h7xx_sdmmc.c ****                 error_status = ERROR;
 1293              		.loc 1 693 30
 1294 00a0 0023     		movs	r3, #0
 1295 00a2 FB75     		strb	r3, [r7, #23]
 1296              	.L56:
 694:../../../firmware/n32h7xx_std_periph_driver/src/n32h7xx_sdmmc.c ****             }
 695:../../../firmware/n32h7xx_std_periph_driver/src/n32h7xx_sdmmc.c **** 
 696:../../../firmware/n32h7xx_std_periph_driver/src/n32h7xx_sdmmc.c ****             /* clear data error flag */
 697:../../../firmware/n32h7xx_std_periph_driver/src/n32h7xx_sdmmc.c ****             SDMMC_ClrFlag(SDHOSTx, (uint32_t)SDHOST_DataErrorFlag);
 1297              		.loc 1 697 13
 1298 00a4 4FF0B871 		mov	r1, #24117248
 1299 00a8 7868     		ldr	r0, [r7, #4]
ARM GAS  /tmp/ccIS8uvp.s 			page 36


 1300 00aa FFF7FEFF 		bl	SDMMC_ClrFlag
 1301              	.L55:
 698:../../../firmware/n32h7xx_std_periph_driver/src/n32h7xx_sdmmc.c ****         }
 699:../../../firmware/n32h7xx_std_periph_driver/src/n32h7xx_sdmmc.c ****         else
 700:../../../firmware/n32h7xx_std_periph_driver/src/n32h7xx_sdmmc.c ****         {
 701:../../../firmware/n32h7xx_std_periph_driver/src/n32h7xx_sdmmc.c ****             /* Intentional empty */
 702:../../../firmware/n32h7xx_std_periph_driver/src/n32h7xx_sdmmc.c ****         }
 703:../../../firmware/n32h7xx_std_periph_driver/src/n32h7xx_sdmmc.c **** 
 704:../../../firmware/n32h7xx_std_periph_driver/src/n32h7xx_sdmmc.c ****         if (error_status == SUCCESS)
 1302              		.loc 1 704 12
 1303 00ae FB7D     		ldrb	r3, [r7, #23]	@ zero_extendqisi2
 1304 00b0 012B     		cmp	r3, #1
 1305 00b2 0BD1     		bne	.L49
 705:../../../firmware/n32h7xx_std_periph_driver/src/n32h7xx_sdmmc.c ****         {
 706:../../../firmware/n32h7xx_std_periph_driver/src/n32h7xx_sdmmc.c ****             /* clear buffer read ready */
 707:../../../firmware/n32h7xx_std_periph_driver/src/n32h7xx_sdmmc.c ****             SDMMC_ClrFlag(SDHOSTx, (uint32_t)SDHOST_BufferReadReadyFlag);
 1306              		.loc 1 707 13
 1307 00b4 2021     		movs	r1, #32
 1308 00b6 7868     		ldr	r0, [r7, #4]
 1309 00b8 FFF7FEFF 		bl	SDMMC_ClrFlag
 708:../../../firmware/n32h7xx_std_periph_driver/src/n32h7xx_sdmmc.c ****             interruptStatus = 0U;
 1310              		.loc 1 708 29
 1311 00bc 0023     		movs	r3, #0
 1312 00be BB61     		str	r3, [r7, #24]
 709:../../../firmware/n32h7xx_std_periph_driver/src/n32h7xx_sdmmc.c ****             transferredWords = SDMMC_ReadDataPort(SDHOSTx, data, transferredWords);
 1313              		.loc 1 709 32
 1314 00c0 FA69     		ldr	r2, [r7, #28]
 1315 00c2 3968     		ldr	r1, [r7]
 1316 00c4 7868     		ldr	r0, [r7, #4]
 1317 00c6 FFF7FEFF 		bl	SDMMC_ReadDataPort
 1318 00ca F861     		str	r0, [r7, #28]
 1319              	.L49:
 668:../../../firmware/n32h7xx_std_periph_driver/src/n32h7xx_sdmmc.c ****     {
 1320              		.loc 1 668 38
 1321 00cc FB7D     		ldrb	r3, [r7, #23]	@ zero_extendqisi2
 1322 00ce 012B     		cmp	r3, #1
 1323 00d0 03D1     		bne	.L58
 668:../../../firmware/n32h7xx_std_periph_driver/src/n32h7xx_sdmmc.c ****     {
 1324              		.loc 1 668 38 is_stmt 0 discriminator 1
 1325 00d2 FA69     		ldr	r2, [r7, #28]
 1326 00d4 FB68     		ldr	r3, [r7, #12]
 1327 00d6 9A42     		cmp	r2, r3
 1328 00d8 B6D3     		bcc	.L59
 1329              	.L58:
 710:../../../firmware/n32h7xx_std_periph_driver/src/n32h7xx_sdmmc.c ****         }
 711:../../../firmware/n32h7xx_std_periph_driver/src/n32h7xx_sdmmc.c ****     }
 712:../../../firmware/n32h7xx_std_periph_driver/src/n32h7xx_sdmmc.c **** 
 713:../../../firmware/n32h7xx_std_periph_driver/src/n32h7xx_sdmmc.c ****     timeout = 0xFFFFFF;
 1330              		.loc 1 713 13 is_stmt 1
 1331 00da 6FF07F43 		mvn	r3, #-16777216
 1332 00de 3B61     		str	r3, [r7, #16]
 714:../../../firmware/n32h7xx_std_periph_driver/src/n32h7xx_sdmmc.c ****     while((interruptStatus & ((uint32_t)SDHOST_DataCompleteFlag)) == 0)
 1333              		.loc 1 714 10
 1334 00e0 08E0     		b	.L60
 1335              	.L62:
 715:../../../firmware/n32h7xx_std_periph_driver/src/n32h7xx_sdmmc.c ****     {
 716:../../../firmware/n32h7xx_std_periph_driver/src/n32h7xx_sdmmc.c ****         interruptStatus = SDHOSTx->INTSTS;
ARM GAS  /tmp/ccIS8uvp.s 			page 37


 1336              		.loc 1 716 25
 1337 00e2 7B68     		ldr	r3, [r7, #4]
 1338 00e4 1B6B     		ldr	r3, [r3, #48]
 1339 00e6 BB61     		str	r3, [r7, #24]
 717:../../../firmware/n32h7xx_std_periph_driver/src/n32h7xx_sdmmc.c ****         timeout--;
 1340              		.loc 1 717 16
 1341 00e8 3B69     		ldr	r3, [r7, #16]
 1342 00ea 013B     		subs	r3, r3, #1
 1343 00ec 3B61     		str	r3, [r7, #16]
 718:../../../firmware/n32h7xx_std_periph_driver/src/n32h7xx_sdmmc.c **** 
 719:../../../firmware/n32h7xx_std_periph_driver/src/n32h7xx_sdmmc.c ****         if(timeout < 2)
 1344              		.loc 1 719 11
 1345 00ee 3B69     		ldr	r3, [r7, #16]
 1346 00f0 012B     		cmp	r3, #1
 1347 00f2 05D9     		bls	.L64
 1348              	.L60:
 714:../../../firmware/n32h7xx_std_periph_driver/src/n32h7xx_sdmmc.c ****     {
 1349              		.loc 1 714 28
 1350 00f4 BB69     		ldr	r3, [r7, #24]
 1351 00f6 03F00203 		and	r3, r3, #2
 714:../../../firmware/n32h7xx_std_periph_driver/src/n32h7xx_sdmmc.c ****     {
 1352              		.loc 1 714 67
 1353 00fa 002B     		cmp	r3, #0
 1354 00fc F1D0     		beq	.L62
 1355 00fe 00E0     		b	.L61
 1356              	.L64:
 720:../../../firmware/n32h7xx_std_periph_driver/src/n32h7xx_sdmmc.c ****         {
 721:../../../firmware/n32h7xx_std_periph_driver/src/n32h7xx_sdmmc.c ****             break;
 1357              		.loc 1 721 13
 1358 0100 00BF     		nop
 1359              	.L61:
 722:../../../firmware/n32h7xx_std_periph_driver/src/n32h7xx_sdmmc.c ****         }
 723:../../../firmware/n32h7xx_std_periph_driver/src/n32h7xx_sdmmc.c ****     }
 724:../../../firmware/n32h7xx_std_periph_driver/src/n32h7xx_sdmmc.c ****     /* Clear data complete flag after the last read operation. */
 725:../../../firmware/n32h7xx_std_periph_driver/src/n32h7xx_sdmmc.c ****     SDMMC_ClrFlag(SDHOSTx, (uint32_t)SDHOST_DataCompleteFlag);
 1360              		.loc 1 725 5
 1361 0102 0221     		movs	r1, #2
 1362 0104 7868     		ldr	r0, [r7, #4]
 1363 0106 FFF7FEFF 		bl	SDMMC_ClrFlag
 726:../../../firmware/n32h7xx_std_periph_driver/src/n32h7xx_sdmmc.c **** 
 727:../../../firmware/n32h7xx_std_periph_driver/src/n32h7xx_sdmmc.c ****     return error_status;
 1364              		.loc 1 727 12
 1365 010a FB7D     		ldrb	r3, [r7, #23]	@ zero_extendqisi2
 1366              	.L54:
 728:../../../firmware/n32h7xx_std_periph_driver/src/n32h7xx_sdmmc.c **** }
 1367              		.loc 1 728 1
 1368 010c 1846     		mov	r0, r3
 1369 010e 2037     		adds	r7, r7, #32
 1370              	.LCFI43:
 1371              		.cfi_def_cfa_offset 8
 1372 0110 BD46     		mov	sp, r7
 1373              	.LCFI44:
 1374              		.cfi_def_cfa_register 13
 1375              		@ sp needed
 1376 0112 80BD     		pop	{r7, pc}
 1377              	.L66:
 1378              		.align	2
ARM GAS  /tmp/ccIS8uvp.s 			page 38


 1379              	.L65:
 1380 0114 20007001 		.word	24117280
 1381              		.cfi_endproc
 1382              	.LFE154:
 1384              		.section	.text.SDMMC_WriteDataPort,"ax",%progbits
 1385              		.align	1
 1386              		.syntax unified
 1387              		.thumb
 1388              		.thumb_func
 1390              	SDMMC_WriteDataPort:
 1391              	.LFB155:
 729:../../../firmware/n32h7xx_std_periph_driver/src/n32h7xx_sdmmc.c **** 
 730:../../../firmware/n32h7xx_std_periph_driver/src/n32h7xx_sdmmc.c **** 
 731:../../../firmware/n32h7xx_std_periph_driver/src/n32h7xx_sdmmc.c **** /**
 732:../../../firmware/n32h7xx_std_periph_driver/src/n32h7xx_sdmmc.c ****  *\*\name   SDMMC_WriteDataPort.
 733:../../../firmware/n32h7xx_std_periph_driver/src/n32h7xx_sdmmc.c ****  *\*\fun    Write DATAPORT when buffer enable bit is set.
 734:../../../firmware/n32h7xx_std_periph_driver/src/n32h7xx_sdmmc.c ****  *\*\param  SDHOSTx :
 735:../../../firmware/n32h7xx_std_periph_driver/src/n32h7xx_sdmmc.c ****  *\*\          - SDHOST1
 736:../../../firmware/n32h7xx_std_periph_driver/src/n32h7xx_sdmmc.c ****  *\*\          - SDHOST2
 737:../../../firmware/n32h7xx_std_periph_driver/src/n32h7xx_sdmmc.c ****  *\*\param  data  Data descriptor.
 738:../../../firmware/n32h7xx_std_periph_driver/src/n32h7xx_sdmmc.c ****  *\*\          - AutoCommand12_23.
 739:../../../firmware/n32h7xx_std_periph_driver/src/n32h7xx_sdmmc.c ****  *\*\              - AutoCommand12
 740:../../../firmware/n32h7xx_std_periph_driver/src/n32h7xx_sdmmc.c ****  *\*\              - AutoCommand23
 741:../../../firmware/n32h7xx_std_periph_driver/src/n32h7xx_sdmmc.c ****  *\*\              - NoAutoCommand
 742:../../../firmware/n32h7xx_std_periph_driver/src/n32h7xx_sdmmc.c ****  *\*\          - enableIgnoreError.
 743:../../../firmware/n32h7xx_std_periph_driver/src/n32h7xx_sdmmc.c ****  *\*\              - ENABLE
 744:../../../firmware/n32h7xx_std_periph_driver/src/n32h7xx_sdmmc.c ****  *\*\              - DISABLE
 745:../../../firmware/n32h7xx_std_periph_driver/src/n32h7xx_sdmmc.c ****  *\*\          - dataType.
 746:../../../firmware/n32h7xx_std_periph_driver/src/n32h7xx_sdmmc.c ****  *\*\              - SDHOST_TransferDataNormal
 747:../../../firmware/n32h7xx_std_periph_driver/src/n32h7xx_sdmmc.c ****  *\*\              - SDHOST_TransferDataTuning
 748:../../../firmware/n32h7xx_std_periph_driver/src/n32h7xx_sdmmc.c ****  *\*\              - SDHOST_TransferDataBoot
 749:../../../firmware/n32h7xx_std_periph_driver/src/n32h7xx_sdmmc.c ****  *\*\              - SDHOST_TransferDataBootcontinous
 750:../../../firmware/n32h7xx_std_periph_driver/src/n32h7xx_sdmmc.c ****  *\*\           - blockCount  :
 751:../../../firmware/n32h7xx_std_periph_driver/src/n32h7xx_sdmmc.c ****  *\*\               - The available range is 0 ~ 0xFFFF.
 752:../../../firmware/n32h7xx_std_periph_driver/src/n32h7xx_sdmmc.c ****  *\*\           - blockSize  :
 753:../../../firmware/n32h7xx_std_periph_driver/src/n32h7xx_sdmmc.c ****  *\*\               - The available range is 0 ~ 0x0800.
 754:../../../firmware/n32h7xx_std_periph_driver/src/n32h7xx_sdmmc.c ****  *\*\           - rxData  :  Buffer to save data read.
 755:../../../firmware/n32h7xx_std_periph_driver/src/n32h7xx_sdmmc.c ****  *\*\           - txData  :  Data buffer to write.
 756:../../../firmware/n32h7xx_std_periph_driver/src/n32h7xx_sdmmc.c ****  *\*\param  transferredWords  The number of data words have been transferred last time transaction.
 757:../../../firmware/n32h7xx_std_periph_driver/src/n32h7xx_sdmmc.c ****  *\*\           - The available range is 0 ~ 0xFFFFFFFF.
 758:../../../firmware/n32h7xx_std_periph_driver/src/n32h7xx_sdmmc.c ****  *\*\return transferredWords : The number of total data words have been transferred after this time
 759:../../../firmware/n32h7xx_std_periph_driver/src/n32h7xx_sdmmc.c ****  */
 760:../../../firmware/n32h7xx_std_periph_driver/src/n32h7xx_sdmmc.c **** static uint32_t SDMMC_WriteDataPort(SDHOST_Module* SDHOSTx, SDMMC_DATA *data, uint32_t transferredW
 761:../../../firmware/n32h7xx_std_periph_driver/src/n32h7xx_sdmmc.c **** {
 1392              		.loc 1 761 1
 1393              		.cfi_startproc
 1394              		@ args = 0, pretend = 0, frame = 32
 1395              		@ frame_needed = 1, uses_anonymous_args = 0
 1396 0000 80B5     		push	{r7, lr}
 1397              	.LCFI45:
 1398              		.cfi_def_cfa_offset 8
 1399              		.cfi_offset 7, -8
 1400              		.cfi_offset 14, -4
 1401 0002 88B0     		sub	sp, sp, #32
 1402              	.LCFI46:
 1403              		.cfi_def_cfa_offset 40
 1404 0004 00AF     		add	r7, sp, #0
ARM GAS  /tmp/ccIS8uvp.s 			page 39


 1405              	.LCFI47:
 1406              		.cfi_def_cfa_register 7
 1407 0006 F860     		str	r0, [r7, #12]
 1408 0008 B960     		str	r1, [r7, #8]
 1409 000a 7A60     		str	r2, [r7, #4]
 762:../../../firmware/n32h7xx_std_periph_driver/src/n32h7xx_sdmmc.c ****     uint32_t i;
 763:../../../firmware/n32h7xx_std_periph_driver/src/n32h7xx_sdmmc.c ****     uint32_t blockWords;
 764:../../../firmware/n32h7xx_std_periph_driver/src/n32h7xx_sdmmc.c ****     uint32_t transferredWordsvalue = transferredWords;
 1410              		.loc 1 764 14
 1411 000c 7B68     		ldr	r3, [r7, #4]
 1412 000e BB61     		str	r3, [r7, #24]
 765:../../../firmware/n32h7xx_std_periph_driver/src/n32h7xx_sdmmc.c **** 
 766:../../../firmware/n32h7xx_std_periph_driver/src/n32h7xx_sdmmc.c ****     /* If DMA is enable, do not need to polling data port */
 767:../../../firmware/n32h7xx_std_periph_driver/src/n32h7xx_sdmmc.c ****     if ((SDHOSTx->TMODE & SDHOST_TMODE_DMAE) == 0U)
 1413              		.loc 1 767 17
 1414 0010 FB68     		ldr	r3, [r7, #12]
 1415 0012 DB68     		ldr	r3, [r3, #12]
 1416              		.loc 1 767 25
 1417 0014 03F00103 		and	r3, r3, #1
 1418              		.loc 1 767 8
 1419 0018 002B     		cmp	r3, #0
 1420 001a 27D1     		bne	.L68
 768:../../../firmware/n32h7xx_std_periph_driver/src/n32h7xx_sdmmc.c ****     {
 769:../../../firmware/n32h7xx_std_periph_driver/src/n32h7xx_sdmmc.c ****         /*
 770:../../../firmware/n32h7xx_std_periph_driver/src/n32h7xx_sdmmc.c ****          * Add non aligned access support ,user need make sure your buffer size is big
 771:../../../firmware/n32h7xx_std_periph_driver/src/n32h7xx_sdmmc.c ****          * enough to hold the data,in other words,user need make sure the buffer size
 772:../../../firmware/n32h7xx_std_periph_driver/src/n32h7xx_sdmmc.c ****          * is 4 byte aligned
 773:../../../firmware/n32h7xx_std_periph_driver/src/n32h7xx_sdmmc.c ****          */
 774:../../../firmware/n32h7xx_std_periph_driver/src/n32h7xx_sdmmc.c ****         if ((data->blockSize % sizeof(uint32_t)) != 0U)
 1421              		.loc 1 774 18
 1422 001c BB68     		ldr	r3, [r7, #8]
 1423 001e 9B68     		ldr	r3, [r3, #8]
 1424              		.loc 1 774 30
 1425 0020 03F00303 		and	r3, r3, #3
 1426              		.loc 1 774 12
 1427 0024 002B     		cmp	r3, #0
 1428 0026 06D0     		beq	.L69
 775:../../../firmware/n32h7xx_std_periph_driver/src/n32h7xx_sdmmc.c ****         {
 776:../../../firmware/n32h7xx_std_periph_driver/src/n32h7xx_sdmmc.c ****             data->blockSize +=
 777:../../../firmware/n32h7xx_std_periph_driver/src/n32h7xx_sdmmc.c ****                 sizeof(uint32_t) - (data->blockSize % sizeof(uint32_t)); /* make the block size as 
 1429              		.loc 1 777 41
 1430 0028 BB68     		ldr	r3, [r7, #8]
 1431 002a 9B68     		ldr	r3, [r3, #8]
 776:../../../firmware/n32h7xx_std_periph_driver/src/n32h7xx_sdmmc.c ****                 sizeof(uint32_t) - (data->blockSize % sizeof(uint32_t)); /* make the block size as 
 1432              		.loc 1 776 29
 1433 002c 23F00303 		bic	r3, r3, #3
 1434 0030 1A1D     		adds	r2, r3, #4
 1435 0032 BB68     		ldr	r3, [r7, #8]
 1436 0034 9A60     		str	r2, [r3, #8]
 1437              	.L69:
 778:../../../firmware/n32h7xx_std_periph_driver/src/n32h7xx_sdmmc.c ****         }
 779:../../../firmware/n32h7xx_std_periph_driver/src/n32h7xx_sdmmc.c **** 
 780:../../../firmware/n32h7xx_std_periph_driver/src/n32h7xx_sdmmc.c ****         blockWords = data->blockSize / sizeof(uint32_t);
 1438              		.loc 1 780 26
 1439 0036 BB68     		ldr	r3, [r7, #8]
 1440 0038 9B68     		ldr	r3, [r3, #8]
 1441              		.loc 1 780 20
ARM GAS  /tmp/ccIS8uvp.s 			page 40


 1442 003a 9B08     		lsrs	r3, r3, #2
 1443 003c 7B61     		str	r3, [r7, #20]
 781:../../../firmware/n32h7xx_std_periph_driver/src/n32h7xx_sdmmc.c **** 
 782:../../../firmware/n32h7xx_std_periph_driver/src/n32h7xx_sdmmc.c ****         i = 0U;
 1444              		.loc 1 782 11
 1445 003e 0023     		movs	r3, #0
 1446 0040 FB61     		str	r3, [r7, #28]
 783:../../../firmware/n32h7xx_std_periph_driver/src/n32h7xx_sdmmc.c **** 
 784:../../../firmware/n32h7xx_std_periph_driver/src/n32h7xx_sdmmc.c ****         while (i < blockWords)
 1447              		.loc 1 784 15
 1448 0042 0FE0     		b	.L70
 1449              	.L71:
 785:../../../firmware/n32h7xx_std_periph_driver/src/n32h7xx_sdmmc.c ****         {
 786:../../../firmware/n32h7xx_std_periph_driver/src/n32h7xx_sdmmc.c ****             SDMMC_WriteData(SDHOSTx, data->txData[transferredWordsvalue]);
 1450              		.loc 1 786 42
 1451 0044 BB68     		ldr	r3, [r7, #8]
 1452 0046 5A69     		ldr	r2, [r3, #20]
 1453              		.loc 1 786 50
 1454 0048 BB69     		ldr	r3, [r7, #24]
 1455 004a 9B00     		lsls	r3, r3, #2
 1456 004c 1344     		add	r3, r3, r2
 1457              		.loc 1 786 13
 1458 004e 1B68     		ldr	r3, [r3]
 1459 0050 1946     		mov	r1, r3
 1460 0052 F868     		ldr	r0, [r7, #12]
 1461 0054 FFF7FEFF 		bl	SDMMC_WriteData
 787:../../../firmware/n32h7xx_std_periph_driver/src/n32h7xx_sdmmc.c ****             transferredWordsvalue++;
 1462              		.loc 1 787 34
 1463 0058 BB69     		ldr	r3, [r7, #24]
 1464 005a 0133     		adds	r3, r3, #1
 1465 005c BB61     		str	r3, [r7, #24]
 788:../../../firmware/n32h7xx_std_periph_driver/src/n32h7xx_sdmmc.c ****             i++;
 1466              		.loc 1 788 14
 1467 005e FB69     		ldr	r3, [r7, #28]
 1468 0060 0133     		adds	r3, r3, #1
 1469 0062 FB61     		str	r3, [r7, #28]
 1470              	.L70:
 784:../../../firmware/n32h7xx_std_periph_driver/src/n32h7xx_sdmmc.c ****         {
 1471              		.loc 1 784 18
 1472 0064 FA69     		ldr	r2, [r7, #28]
 1473 0066 7B69     		ldr	r3, [r7, #20]
 1474 0068 9A42     		cmp	r2, r3
 1475 006a EBD3     		bcc	.L71
 1476              	.L68:
 789:../../../firmware/n32h7xx_std_periph_driver/src/n32h7xx_sdmmc.c ****         }
 790:../../../firmware/n32h7xx_std_periph_driver/src/n32h7xx_sdmmc.c ****     }
 791:../../../firmware/n32h7xx_std_periph_driver/src/n32h7xx_sdmmc.c **** 
 792:../../../firmware/n32h7xx_std_periph_driver/src/n32h7xx_sdmmc.c ****     return transferredWordsvalue;
 1477              		.loc 1 792 12
 1478 006c BB69     		ldr	r3, [r7, #24]
 793:../../../firmware/n32h7xx_std_periph_driver/src/n32h7xx_sdmmc.c **** }
 1479              		.loc 1 793 1
 1480 006e 1846     		mov	r0, r3
 1481 0070 2037     		adds	r7, r7, #32
 1482              	.LCFI48:
 1483              		.cfi_def_cfa_offset 8
 1484 0072 BD46     		mov	sp, r7
ARM GAS  /tmp/ccIS8uvp.s 			page 41


 1485              	.LCFI49:
 1486              		.cfi_def_cfa_register 13
 1487              		@ sp needed
 1488 0074 80BD     		pop	{r7, pc}
 1489              		.cfi_endproc
 1490              	.LFE155:
 1492              		.section	.text.SDMMC_WriteByDataPortBlocking,"ax",%progbits
 1493              		.align	1
 1494              		.syntax unified
 1495              		.thumb
 1496              		.thumb_func
 1498              	SDMMC_WriteByDataPortBlocking:
 1499              	.LFB156:
 794:../../../firmware/n32h7xx_std_periph_driver/src/n32h7xx_sdmmc.c **** 
 795:../../../firmware/n32h7xx_std_periph_driver/src/n32h7xx_sdmmc.c **** 
 796:../../../firmware/n32h7xx_std_periph_driver/src/n32h7xx_sdmmc.c **** /**
 797:../../../firmware/n32h7xx_std_periph_driver/src/n32h7xx_sdmmc.c ****  *\*\name   SDMMC_ReadByDataPortBlocking.
 798:../../../firmware/n32h7xx_std_periph_driver/src/n32h7xx_sdmmc.c ****  *\*\fun    Write data by using DATAPORT polling way.
 799:../../../firmware/n32h7xx_std_periph_driver/src/n32h7xx_sdmmc.c ****  *\*\param  SDHOSTx :
 800:../../../firmware/n32h7xx_std_periph_driver/src/n32h7xx_sdmmc.c ****  *\*\          - SDHOST1
 801:../../../firmware/n32h7xx_std_periph_driver/src/n32h7xx_sdmmc.c ****  *\*\          - SDHOST2
 802:../../../firmware/n32h7xx_std_periph_driver/src/n32h7xx_sdmmc.c ****  *\*\param  data  Data descriptor.
 803:../../../firmware/n32h7xx_std_periph_driver/src/n32h7xx_sdmmc.c ****  *\*\          - AutoCommand12_23.
 804:../../../firmware/n32h7xx_std_periph_driver/src/n32h7xx_sdmmc.c ****  *\*\              - AutoCommand12
 805:../../../firmware/n32h7xx_std_periph_driver/src/n32h7xx_sdmmc.c ****  *\*\              - AutoCommand23
 806:../../../firmware/n32h7xx_std_periph_driver/src/n32h7xx_sdmmc.c ****  *\*\              - NoAutoCommand
 807:../../../firmware/n32h7xx_std_periph_driver/src/n32h7xx_sdmmc.c ****  *\*\          - enableIgnoreError.
 808:../../../firmware/n32h7xx_std_periph_driver/src/n32h7xx_sdmmc.c ****  *\*\              - ENABLE
 809:../../../firmware/n32h7xx_std_periph_driver/src/n32h7xx_sdmmc.c ****  *\*\              - DISABLE
 810:../../../firmware/n32h7xx_std_periph_driver/src/n32h7xx_sdmmc.c ****  *\*\          - dataType.
 811:../../../firmware/n32h7xx_std_periph_driver/src/n32h7xx_sdmmc.c ****  *\*\              - SDHOST_TransferDataNormal
 812:../../../firmware/n32h7xx_std_periph_driver/src/n32h7xx_sdmmc.c ****  *\*\              - SDHOST_TransferDataTuning
 813:../../../firmware/n32h7xx_std_periph_driver/src/n32h7xx_sdmmc.c ****  *\*\              - SDHOST_TransferDataBoot
 814:../../../firmware/n32h7xx_std_periph_driver/src/n32h7xx_sdmmc.c ****  *\*\              - SDHOST_TransferDataBootcontinous
 815:../../../firmware/n32h7xx_std_periph_driver/src/n32h7xx_sdmmc.c ****  *\*\           - blockCount  :
 816:../../../firmware/n32h7xx_std_periph_driver/src/n32h7xx_sdmmc.c ****  *\*\               - The available range is 0 ~ 0xFFFF.
 817:../../../firmware/n32h7xx_std_periph_driver/src/n32h7xx_sdmmc.c ****  *\*\           - blockSize  :
 818:../../../firmware/n32h7xx_std_periph_driver/src/n32h7xx_sdmmc.c ****  *\*\               - The available range is 0 ~ 0x0800.
 819:../../../firmware/n32h7xx_std_periph_driver/src/n32h7xx_sdmmc.c ****  *\*\           - rxData  :  Buffer to save data read.
 820:../../../firmware/n32h7xx_std_periph_driver/src/n32h7xx_sdmmc.c ****  *\*\           - txData  :  Data buffer to write.
 821:../../../firmware/n32h7xx_std_periph_driver/src/n32h7xx_sdmmc.c ****  *\*\return error_status.
 822:../../../firmware/n32h7xx_std_periph_driver/src/n32h7xx_sdmmc.c ****  *\*\           - SUCCESS
 823:../../../firmware/n32h7xx_std_periph_driver/src/n32h7xx_sdmmc.c ****  *\*\           - ERROR
 824:../../../firmware/n32h7xx_std_periph_driver/src/n32h7xx_sdmmc.c ****  */
 825:../../../firmware/n32h7xx_std_periph_driver/src/n32h7xx_sdmmc.c **** static ErrorStatus SDMMC_WriteByDataPortBlocking(SDHOST_Module* SDHOSTx, SDMMC_DATA *data)
 826:../../../firmware/n32h7xx_std_periph_driver/src/n32h7xx_sdmmc.c **** {
 1500              		.loc 1 826 1
 1501              		.cfi_startproc
 1502              		@ args = 0, pretend = 0, frame = 24
 1503              		@ frame_needed = 1, uses_anonymous_args = 0
 1504 0000 80B5     		push	{r7, lr}
 1505              	.LCFI50:
 1506              		.cfi_def_cfa_offset 8
 1507              		.cfi_offset 7, -8
 1508              		.cfi_offset 14, -4
 1509 0002 86B0     		sub	sp, sp, #24
 1510              	.LCFI51:
ARM GAS  /tmp/ccIS8uvp.s 			page 42


 1511              		.cfi_def_cfa_offset 32
 1512 0004 00AF     		add	r7, sp, #0
 1513              	.LCFI52:
 1514              		.cfi_def_cfa_register 7
 1515 0006 7860     		str	r0, [r7, #4]
 1516 0008 3960     		str	r1, [r7]
 827:../../../firmware/n32h7xx_std_periph_driver/src/n32h7xx_sdmmc.c ****     uint32_t totalWords;
 828:../../../firmware/n32h7xx_std_periph_driver/src/n32h7xx_sdmmc.c **** 
 829:../../../firmware/n32h7xx_std_periph_driver/src/n32h7xx_sdmmc.c ****     uint32_t transferredWords = 0U, interruptStatus = 0U;
 1517              		.loc 1 829 14
 1518 000a 0023     		movs	r3, #0
 1519 000c 7B61     		str	r3, [r7, #20]
 1520              		.loc 1 829 37
 1521 000e 0023     		movs	r3, #0
 1522 0010 3B61     		str	r3, [r7, #16]
 830:../../../firmware/n32h7xx_std_periph_driver/src/n32h7xx_sdmmc.c ****     ErrorStatus error_status = SUCCESS;
 1523              		.loc 1 830 17
 1524 0012 0123     		movs	r3, #1
 1525 0014 FB73     		strb	r3, [r7, #15]
 831:../../../firmware/n32h7xx_std_periph_driver/src/n32h7xx_sdmmc.c **** 
 832:../../../firmware/n32h7xx_std_periph_driver/src/n32h7xx_sdmmc.c ****     /*
 833:../../../firmware/n32h7xx_std_periph_driver/src/n32h7xx_sdmmc.c ****      * Add non aligned access support ,user need make sure your buffer size is big
 834:../../../firmware/n32h7xx_std_periph_driver/src/n32h7xx_sdmmc.c ****      * enough to hold the data,in other words,user need make sure the buffer size
 835:../../../firmware/n32h7xx_std_periph_driver/src/n32h7xx_sdmmc.c ****      * is 4 byte aligned
 836:../../../firmware/n32h7xx_std_periph_driver/src/n32h7xx_sdmmc.c ****      */
 837:../../../firmware/n32h7xx_std_periph_driver/src/n32h7xx_sdmmc.c ****     if ((data->blockSize % sizeof(uint32_t)) != 0U)
 1526              		.loc 1 837 14
 1527 0016 3B68     		ldr	r3, [r7]
 1528 0018 9B68     		ldr	r3, [r3, #8]
 1529              		.loc 1 837 26
 1530 001a 03F00303 		and	r3, r3, #3
 1531              		.loc 1 837 8
 1532 001e 002B     		cmp	r3, #0
 1533 0020 06D0     		beq	.L74
 838:../../../firmware/n32h7xx_std_periph_driver/src/n32h7xx_sdmmc.c ****     {
 839:../../../firmware/n32h7xx_std_periph_driver/src/n32h7xx_sdmmc.c ****         data->blockSize +=
 840:../../../firmware/n32h7xx_std_periph_driver/src/n32h7xx_sdmmc.c ****             sizeof(uint32_t) - (data->blockSize % sizeof(uint32_t)); /* make the block size as word
 1534              		.loc 1 840 37
 1535 0022 3B68     		ldr	r3, [r7]
 1536 0024 9B68     		ldr	r3, [r3, #8]
 839:../../../firmware/n32h7xx_std_periph_driver/src/n32h7xx_sdmmc.c ****             sizeof(uint32_t) - (data->blockSize % sizeof(uint32_t)); /* make the block size as word
 1537              		.loc 1 839 25
 1538 0026 23F00303 		bic	r3, r3, #3
 1539 002a 1A1D     		adds	r2, r3, #4
 1540 002c 3B68     		ldr	r3, [r7]
 1541 002e 9A60     		str	r2, [r3, #8]
 1542              	.L74:
 841:../../../firmware/n32h7xx_std_periph_driver/src/n32h7xx_sdmmc.c ****     }
 842:../../../firmware/n32h7xx_std_periph_driver/src/n32h7xx_sdmmc.c **** 
 843:../../../firmware/n32h7xx_std_periph_driver/src/n32h7xx_sdmmc.c ****     totalWords = (data->blockCount * data->blockSize) / sizeof(uint32_t);
 1543              		.loc 1 843 23
 1544 0030 3B68     		ldr	r3, [r7]
 1545 0032 DB68     		ldr	r3, [r3, #12]
 1546              		.loc 1 843 42
 1547 0034 3A68     		ldr	r2, [r7]
 1548 0036 9268     		ldr	r2, [r2, #8]
 1549              		.loc 1 843 36
ARM GAS  /tmp/ccIS8uvp.s 			page 43


 1550 0038 02FB03F3 		mul	r3, r2, r3
 1551              		.loc 1 843 16
 1552 003c 9B08     		lsrs	r3, r3, #2
 1553 003e BB60     		str	r3, [r7, #8]
 844:../../../firmware/n32h7xx_std_periph_driver/src/n32h7xx_sdmmc.c **** 
 845:../../../firmware/n32h7xx_std_periph_driver/src/n32h7xx_sdmmc.c ****     while ((error_status == SUCCESS) && (transferredWords < totalWords))
 1554              		.loc 1 845 11
 1555 0040 26E0     		b	.L75
 1556              	.L77:
 846:../../../firmware/n32h7xx_std_periph_driver/src/n32h7xx_sdmmc.c ****     {
 847:../../../firmware/n32h7xx_std_periph_driver/src/n32h7xx_sdmmc.c ****         while((interruptStatus & (((uint32_t)SDHOST_BufferWriteReadyFlag | (uint32_t)SDHOST_DataErr
 848:../../../firmware/n32h7xx_std_periph_driver/src/n32h7xx_sdmmc.c ****         {
 849:../../../firmware/n32h7xx_std_periph_driver/src/n32h7xx_sdmmc.c ****             interruptStatus = SDHOSTx->INTSTS;
 1557              		.loc 1 849 29
 1558 0042 7B68     		ldr	r3, [r7, #4]
 1559 0044 1B6B     		ldr	r3, [r3, #48]
 1560 0046 3B61     		str	r3, [r7, #16]
 1561              	.L76:
 847:../../../firmware/n32h7xx_std_periph_driver/src/n32h7xx_sdmmc.c ****         {
 1562              		.loc 1 847 32
 1563 0048 3A69     		ldr	r2, [r7, #16]
 1564 004a 234B     		ldr	r3, .L87
 1565 004c 1340     		ands	r3, r3, r2
 847:../../../firmware/n32h7xx_std_periph_driver/src/n32h7xx_sdmmc.c ****         {
 1566              		.loc 1 847 110
 1567 004e 002B     		cmp	r3, #0
 1568 0050 F7D0     		beq	.L77
 850:../../../firmware/n32h7xx_std_periph_driver/src/n32h7xx_sdmmc.c ****         }
 851:../../../firmware/n32h7xx_std_periph_driver/src/n32h7xx_sdmmc.c **** 
 852:../../../firmware/n32h7xx_std_periph_driver/src/n32h7xx_sdmmc.c ****         if((interruptStatus & ((uint32_t)SDHOST_DataErrorFlag)) != 0)
 1569              		.loc 1 852 29
 1570 0052 3B69     		ldr	r3, [r7, #16]
 1571 0054 03F0B873 		and	r3, r3, #24117248
 1572              		.loc 1 852 11
 1573 0058 002B     		cmp	r3, #0
 1574 005a 0AD0     		beq	.L78
 853:../../../firmware/n32h7xx_std_periph_driver/src/n32h7xx_sdmmc.c ****         {
 854:../../../firmware/n32h7xx_std_periph_driver/src/n32h7xx_sdmmc.c ****             if (data->enableIgnoreError == ENABLE)
 1575              		.loc 1 854 21
 1576 005c 3B68     		ldr	r3, [r7]
 1577 005e 1B79     		ldrb	r3, [r3, #4]	@ zero_extendqisi2
 1578              		.loc 1 854 16
 1579 0060 012B     		cmp	r3, #1
 1580 0062 01D1     		bne	.L79
 855:../../../firmware/n32h7xx_std_periph_driver/src/n32h7xx_sdmmc.c ****             {
 856:../../../firmware/n32h7xx_std_periph_driver/src/n32h7xx_sdmmc.c ****                 error_status = ERROR;
 1581              		.loc 1 856 30
 1582 0064 0023     		movs	r3, #0
 1583 0066 FB73     		strb	r3, [r7, #15]
 1584              	.L79:
 857:../../../firmware/n32h7xx_std_periph_driver/src/n32h7xx_sdmmc.c ****             }
 858:../../../firmware/n32h7xx_std_periph_driver/src/n32h7xx_sdmmc.c **** 
 859:../../../firmware/n32h7xx_std_periph_driver/src/n32h7xx_sdmmc.c ****             /* clear data error flag */
 860:../../../firmware/n32h7xx_std_periph_driver/src/n32h7xx_sdmmc.c ****             SDMMC_ClrFlag(SDHOSTx, (uint32_t)SDHOST_DataErrorFlag);
 1585              		.loc 1 860 13
 1586 0068 4FF0B871 		mov	r1, #24117248
 1587 006c 7868     		ldr	r0, [r7, #4]
ARM GAS  /tmp/ccIS8uvp.s 			page 44


 1588 006e FFF7FEFF 		bl	SDMMC_ClrFlag
 1589              	.L78:
 861:../../../firmware/n32h7xx_std_periph_driver/src/n32h7xx_sdmmc.c ****         }
 862:../../../firmware/n32h7xx_std_periph_driver/src/n32h7xx_sdmmc.c ****         else
 863:../../../firmware/n32h7xx_std_periph_driver/src/n32h7xx_sdmmc.c ****         {
 864:../../../firmware/n32h7xx_std_periph_driver/src/n32h7xx_sdmmc.c ****             /* Intentional empty */
 865:../../../firmware/n32h7xx_std_periph_driver/src/n32h7xx_sdmmc.c ****         }
 866:../../../firmware/n32h7xx_std_periph_driver/src/n32h7xx_sdmmc.c **** 
 867:../../../firmware/n32h7xx_std_periph_driver/src/n32h7xx_sdmmc.c ****         if (error_status == SUCCESS)
 1590              		.loc 1 867 12
 1591 0072 FB7B     		ldrb	r3, [r7, #15]	@ zero_extendqisi2
 1592 0074 012B     		cmp	r3, #1
 1593 0076 0BD1     		bne	.L75
 868:../../../firmware/n32h7xx_std_periph_driver/src/n32h7xx_sdmmc.c ****         {
 869:../../../firmware/n32h7xx_std_periph_driver/src/n32h7xx_sdmmc.c ****             /* clear buffer write ready */
 870:../../../firmware/n32h7xx_std_periph_driver/src/n32h7xx_sdmmc.c ****             SDMMC_ClrFlag(SDHOSTx, (uint32_t)SDHOST_BufferWriteReadyFlag);
 1594              		.loc 1 870 13
 1595 0078 1021     		movs	r1, #16
 1596 007a 7868     		ldr	r0, [r7, #4]
 1597 007c FFF7FEFF 		bl	SDMMC_ClrFlag
 871:../../../firmware/n32h7xx_std_periph_driver/src/n32h7xx_sdmmc.c ****             interruptStatus = 0U;
 1598              		.loc 1 871 29
 1599 0080 0023     		movs	r3, #0
 1600 0082 3B61     		str	r3, [r7, #16]
 872:../../../firmware/n32h7xx_std_periph_driver/src/n32h7xx_sdmmc.c ****             transferredWords = SDMMC_WriteDataPort(SDHOSTx, data, transferredWords);
 1601              		.loc 1 872 32
 1602 0084 7A69     		ldr	r2, [r7, #20]
 1603 0086 3968     		ldr	r1, [r7]
 1604 0088 7868     		ldr	r0, [r7, #4]
 1605 008a FFF7FEFF 		bl	SDMMC_WriteDataPort
 1606 008e 7861     		str	r0, [r7, #20]
 1607              	.L75:
 845:../../../firmware/n32h7xx_std_periph_driver/src/n32h7xx_sdmmc.c ****     {
 1608              		.loc 1 845 38
 1609 0090 FB7B     		ldrb	r3, [r7, #15]	@ zero_extendqisi2
 1610 0092 012B     		cmp	r3, #1
 1611 0094 07D1     		bne	.L83
 845:../../../firmware/n32h7xx_std_periph_driver/src/n32h7xx_sdmmc.c ****     {
 1612              		.loc 1 845 38 is_stmt 0 discriminator 1
 1613 0096 7A69     		ldr	r2, [r7, #20]
 1614 0098 BB68     		ldr	r3, [r7, #8]
 1615 009a 9A42     		cmp	r2, r3
 1616 009c D4D3     		bcc	.L76
 873:../../../firmware/n32h7xx_std_periph_driver/src/n32h7xx_sdmmc.c ****         }
 874:../../../firmware/n32h7xx_std_periph_driver/src/n32h7xx_sdmmc.c ****     }
 875:../../../firmware/n32h7xx_std_periph_driver/src/n32h7xx_sdmmc.c **** 
 876:../../../firmware/n32h7xx_std_periph_driver/src/n32h7xx_sdmmc.c ****     /* Wait write data complete or data transfer error after the last writing operation. */
 877:../../../firmware/n32h7xx_std_periph_driver/src/n32h7xx_sdmmc.c ****     while((interruptStatus & (((uint32_t)SDHOST_DataCompleteFlag | (uint32_t)SDHOST_DataErrorFlag))
 1617              		.loc 1 877 10 is_stmt 1
 1618 009e 02E0     		b	.L83
 1619              	.L84:
 878:../../../firmware/n32h7xx_std_periph_driver/src/n32h7xx_sdmmc.c ****     {
 879:../../../firmware/n32h7xx_std_periph_driver/src/n32h7xx_sdmmc.c ****         interruptStatus = SDHOSTx->INTSTS;
 1620              		.loc 1 879 25
 1621 00a0 7B68     		ldr	r3, [r7, #4]
 1622 00a2 1B6B     		ldr	r3, [r3, #48]
 1623 00a4 3B61     		str	r3, [r7, #16]
ARM GAS  /tmp/ccIS8uvp.s 			page 45


 1624              	.L83:
 877:../../../firmware/n32h7xx_std_periph_driver/src/n32h7xx_sdmmc.c ****     {
 1625              		.loc 1 877 28
 1626 00a6 3A69     		ldr	r2, [r7, #16]
 1627 00a8 0C4B     		ldr	r3, .L87+4
 1628 00aa 1340     		ands	r3, r3, r2
 877:../../../firmware/n32h7xx_std_periph_driver/src/n32h7xx_sdmmc.c ****     {
 1629              		.loc 1 877 102
 1630 00ac 002B     		cmp	r3, #0
 1631 00ae F7D0     		beq	.L84
 880:../../../firmware/n32h7xx_std_periph_driver/src/n32h7xx_sdmmc.c ****     }
 881:../../../firmware/n32h7xx_std_periph_driver/src/n32h7xx_sdmmc.c **** 
 882:../../../firmware/n32h7xx_std_periph_driver/src/n32h7xx_sdmmc.c ****     if ((interruptStatus & ((uint32_t)SDHOST_DataErrorFlag)) != 0UL)
 1632              		.loc 1 882 26
 1633 00b0 3B69     		ldr	r3, [r7, #16]
 1634 00b2 03F0B873 		and	r3, r3, #24117248
 1635              		.loc 1 882 8
 1636 00b6 002B     		cmp	r3, #0
 1637 00b8 05D0     		beq	.L85
 883:../../../firmware/n32h7xx_std_periph_driver/src/n32h7xx_sdmmc.c ****     {
 884:../../../firmware/n32h7xx_std_periph_driver/src/n32h7xx_sdmmc.c ****         if (data->enableIgnoreError == ENABLE)
 1638              		.loc 1 884 17
 1639 00ba 3B68     		ldr	r3, [r7]
 1640 00bc 1B79     		ldrb	r3, [r3, #4]	@ zero_extendqisi2
 1641              		.loc 1 884 12
 1642 00be 012B     		cmp	r3, #1
 1643 00c0 01D1     		bne	.L85
 885:../../../firmware/n32h7xx_std_periph_driver/src/n32h7xx_sdmmc.c ****         {
 886:../../../firmware/n32h7xx_std_periph_driver/src/n32h7xx_sdmmc.c ****             error_status = ERROR;
 1644              		.loc 1 886 26
 1645 00c2 0023     		movs	r3, #0
 1646 00c4 FB73     		strb	r3, [r7, #15]
 1647              	.L85:
 887:../../../firmware/n32h7xx_std_periph_driver/src/n32h7xx_sdmmc.c ****         }
 888:../../../firmware/n32h7xx_std_periph_driver/src/n32h7xx_sdmmc.c ****     }
 889:../../../firmware/n32h7xx_std_periph_driver/src/n32h7xx_sdmmc.c **** 
 890:../../../firmware/n32h7xx_std_periph_driver/src/n32h7xx_sdmmc.c ****     SDMMC_ClrFlag(SDHOSTx, (((uint32_t)SDHOST_DataCompleteFlag | (uint32_t)SDHOST_DataErrorFlag)));
 1648              		.loc 1 890 5
 1649 00c6 0549     		ldr	r1, .L87+4
 1650 00c8 7868     		ldr	r0, [r7, #4]
 1651 00ca FFF7FEFF 		bl	SDMMC_ClrFlag
 891:../../../firmware/n32h7xx_std_periph_driver/src/n32h7xx_sdmmc.c **** 
 892:../../../firmware/n32h7xx_std_periph_driver/src/n32h7xx_sdmmc.c ****     return error_status;
 1652              		.loc 1 892 12
 1653 00ce FB7B     		ldrb	r3, [r7, #15]	@ zero_extendqisi2
 893:../../../firmware/n32h7xx_std_periph_driver/src/n32h7xx_sdmmc.c **** }
 1654              		.loc 1 893 1
 1655 00d0 1846     		mov	r0, r3
 1656 00d2 1837     		adds	r7, r7, #24
 1657              	.LCFI53:
 1658              		.cfi_def_cfa_offset 8
 1659 00d4 BD46     		mov	sp, r7
 1660              	.LCFI54:
 1661              		.cfi_def_cfa_register 13
 1662              		@ sp needed
 1663 00d6 80BD     		pop	{r7, pc}
 1664              	.L88:
ARM GAS  /tmp/ccIS8uvp.s 			page 46


 1665              		.align	2
 1666              	.L87:
 1667 00d8 10007001 		.word	24117264
 1668 00dc 02007001 		.word	24117250
 1669              		.cfi_endproc
 1670              	.LFE156:
 1672              		.section	.text.SDMMC_SendCommand,"ax",%progbits
 1673              		.align	1
 1674              		.global	SDMMC_SendCommand
 1675              		.syntax unified
 1676              		.thumb
 1677              		.thumb_func
 1679              	SDMMC_SendCommand:
 1680              	.LFB157:
 894:../../../firmware/n32h7xx_std_periph_driver/src/n32h7xx_sdmmc.c **** 
 895:../../../firmware/n32h7xx_std_periph_driver/src/n32h7xx_sdmmc.c **** 
 896:../../../firmware/n32h7xx_std_periph_driver/src/n32h7xx_sdmmc.c **** /**
 897:../../../firmware/n32h7xx_std_periph_driver/src/n32h7xx_sdmmc.c ****  *\*\name   SDMMC_SendCommand.
 898:../../../firmware/n32h7xx_std_periph_driver/src/n32h7xx_sdmmc.c ****  *\*\fun    send command function.
 899:../../../firmware/n32h7xx_std_periph_driver/src/n32h7xx_sdmmc.c ****  *\*\param  SDHOSTx pointer to specified SDHOST,must be one of the following value:
 900:../../../firmware/n32h7xx_std_periph_driver/src/n32h7xx_sdmmc.c ****  *\*\          - SDHOST1
 901:../../../firmware/n32h7xx_std_periph_driver/src/n32h7xx_sdmmc.c ****  *\*\          - SDHOST2
 902:../../../firmware/n32h7xx_std_periph_driver/src/n32h7xx_sdmmc.c ****  *\*\param  command: command configuration
 903:../../../firmware/n32h7xx_std_periph_driver/src/n32h7xx_sdmmc.c ****  *\*\           - index
 904:../../../firmware/n32h7xx_std_periph_driver/src/n32h7xx_sdmmc.c ****  *\*\               - 0~63
 905:../../../firmware/n32h7xx_std_periph_driver/src/n32h7xx_sdmmc.c ****  *\*\           - argument
 906:../../../firmware/n32h7xx_std_periph_driver/src/n32h7xx_sdmmc.c ****  *\*\               - 0x00000000~0xFFFFFFFF
 907:../../../firmware/n32h7xx_std_periph_driver/src/n32h7xx_sdmmc.c ****  *\*\           - type
 908:../../../firmware/n32h7xx_std_periph_driver/src/n32h7xx_sdmmc.c ****  *\*\               - CARD_CommandTypeNormal
 909:../../../firmware/n32h7xx_std_periph_driver/src/n32h7xx_sdmmc.c ****  *\*\               - CARD_CommandTypeSuspend
 910:../../../firmware/n32h7xx_std_periph_driver/src/n32h7xx_sdmmc.c ****  *\*\               - CARD_CommandTypeResume
 911:../../../firmware/n32h7xx_std_periph_driver/src/n32h7xx_sdmmc.c ****  *\*\               - CARD_CommandTypeAbort
 912:../../../firmware/n32h7xx_std_periph_driver/src/n32h7xx_sdmmc.c ****  *\*\               - CARD_CommandTypeEmpty
 913:../../../firmware/n32h7xx_std_periph_driver/src/n32h7xx_sdmmc.c ****  *\*\           - responseType
 914:../../../firmware/n32h7xx_std_periph_driver/src/n32h7xx_sdmmc.c ****  *\*\               - CARD_ResponseTypeNone
 915:../../../firmware/n32h7xx_std_periph_driver/src/n32h7xx_sdmmc.c ****  *\*\               - CARD_ResponseTypeR1
 916:../../../firmware/n32h7xx_std_periph_driver/src/n32h7xx_sdmmc.c ****  *\*\               - CARD_ResponseTypeR1b
 917:../../../firmware/n32h7xx_std_periph_driver/src/n32h7xx_sdmmc.c ****  *\*\               - CARD_ResponseTypeR2
 918:../../../firmware/n32h7xx_std_periph_driver/src/n32h7xx_sdmmc.c ****  *\*\               - CARD_ResponseTypeR3
 919:../../../firmware/n32h7xx_std_periph_driver/src/n32h7xx_sdmmc.c ****  *\*\               - CARD_ResponseTypeR4
 920:../../../firmware/n32h7xx_std_periph_driver/src/n32h7xx_sdmmc.c ****  *\*\               - CARD_ResponseTypeR5
 921:../../../firmware/n32h7xx_std_periph_driver/src/n32h7xx_sdmmc.c ****  *\*\               - CARD_ResponseTypeR5b
 922:../../../firmware/n32h7xx_std_periph_driver/src/n32h7xx_sdmmc.c ****  *\*\               - CARD_ResponseTypeR6
 923:../../../firmware/n32h7xx_std_periph_driver/src/n32h7xx_sdmmc.c ****  *\*\               - CARD_ResponseTypeR7
 924:../../../firmware/n32h7xx_std_periph_driver/src/n32h7xx_sdmmc.c ****  *\*\           - response[4U]: Response for this command.
 925:../../../firmware/n32h7xx_std_periph_driver/src/n32h7xx_sdmmc.c ****  *\*\               - 0x00000000~0xFFFFFFFF
 926:../../../firmware/n32h7xx_std_periph_driver/src/n32h7xx_sdmmc.c ****  *\*\           - responseErrorFlags: Response error flag, which need to check the command reponse.
 927:../../../firmware/n32h7xx_std_periph_driver/src/n32h7xx_sdmmc.c ****  *\*\               - 0x00000000~0xFFFFFFFF
 928:../../../firmware/n32h7xx_std_periph_driver/src/n32h7xx_sdmmc.c ****  *\*\           - flags: Cmd flags.
 929:../../../firmware/n32h7xx_std_periph_driver/src/n32h7xx_sdmmc.c ****  *\*\               - 0x00000000~0xFFFFFFFF
 930:../../../firmware/n32h7xx_std_periph_driver/src/n32h7xx_sdmmc.c ****  *\*\param  TMODE_struct: pointer to a SDHOST_TMODE_struct structure.
 931:../../../firmware/n32h7xx_std_periph_driver/src/n32h7xx_sdmmc.c ****  *\*\           - DMAE
 932:../../../firmware/n32h7xx_std_periph_driver/src/n32h7xx_sdmmc.c ****  *\*\                - SDHOST_TMODE_DMADISABLE
 933:../../../firmware/n32h7xx_std_periph_driver/src/n32h7xx_sdmmc.c ****  *\*\                - SDHOST_TMODE_DMAENABLE
 934:../../../firmware/n32h7xx_std_periph_driver/src/n32h7xx_sdmmc.c ****  *\*\           - BCNTE
 935:../../../firmware/n32h7xx_std_periph_driver/src/n32h7xx_sdmmc.c ****  *\*\                - SDHOST_TMODE_BLOCKCNTDISABLE
 936:../../../firmware/n32h7xx_std_periph_driver/src/n32h7xx_sdmmc.c ****  *\*\                - SDHOST_TMODE_BLOCKCNTENABLE
ARM GAS  /tmp/ccIS8uvp.s 			page 47


 937:../../../firmware/n32h7xx_std_periph_driver/src/n32h7xx_sdmmc.c ****  *\*\           - ACMDE
 938:../../../firmware/n32h7xx_std_periph_driver/src/n32h7xx_sdmmc.c ****  *\*\                - SDHOST_TMODE_NOACMDEN
 939:../../../firmware/n32h7xx_std_periph_driver/src/n32h7xx_sdmmc.c ****  *\*\                - SDHOST_TMODE_AC12EN
 940:../../../firmware/n32h7xx_std_periph_driver/src/n32h7xx_sdmmc.c ****  *\*\                - SDHOST_TMODE_AC23EN
 941:../../../firmware/n32h7xx_std_periph_driver/src/n32h7xx_sdmmc.c ****  *\*\           - DATDIR
 942:../../../firmware/n32h7xx_std_periph_driver/src/n32h7xx_sdmmc.c ****  *\*\                - SDHOST_TMODE_DATDIR_WRITE
 943:../../../firmware/n32h7xx_std_periph_driver/src/n32h7xx_sdmmc.c ****  *\*\                - SDHOST_TMODE_DATDIR_READ
 944:../../../firmware/n32h7xx_std_periph_driver/src/n32h7xx_sdmmc.c ****  *\*\           - BLKSEL
 945:../../../firmware/n32h7xx_std_periph_driver/src/n32h7xx_sdmmc.c ****  *\*\                - SDHOST_TMODE_SINGLEBLK
 946:../../../firmware/n32h7xx_std_periph_driver/src/n32h7xx_sdmmc.c ****  *\*\                - SDHOST_TMODE_MULTIBLK
 947:../../../firmware/n32h7xx_std_periph_driver/src/n32h7xx_sdmmc.c ****  *\*\return none
 948:../../../firmware/n32h7xx_std_periph_driver/src/n32h7xx_sdmmc.c ****  */
 949:../../../firmware/n32h7xx_std_periph_driver/src/n32h7xx_sdmmc.c **** void SDMMC_SendCommand(SDHOST_Module* SDHOSTx, SDMMC_CMD *command, const SDHOST_TMODE_struct *TMODE
 950:../../../firmware/n32h7xx_std_periph_driver/src/n32h7xx_sdmmc.c **** {
 1681              		.loc 1 950 1
 1682              		.cfi_startproc
 1683              		@ args = 0, pretend = 0, frame = 24
 1684              		@ frame_needed = 1, uses_anonymous_args = 0
 1685              		@ link register save eliminated.
 1686 0000 80B4     		push	{r7}
 1687              	.LCFI55:
 1688              		.cfi_def_cfa_offset 4
 1689              		.cfi_offset 7, -4
 1690 0002 87B0     		sub	sp, sp, #28
 1691              	.LCFI56:
 1692              		.cfi_def_cfa_offset 32
 1693 0004 00AF     		add	r7, sp, #0
 1694              	.LCFI57:
 1695              		.cfi_def_cfa_register 7
 1696 0006 F860     		str	r0, [r7, #12]
 1697 0008 B960     		str	r1, [r7, #8]
 1698 000a 7A60     		str	r2, [r7, #4]
 951:../../../firmware/n32h7xx_std_periph_driver/src/n32h7xx_sdmmc.c ****     uint32_t xferType;
 952:../../../firmware/n32h7xx_std_periph_driver/src/n32h7xx_sdmmc.c ****     uint32_t flags;
 953:../../../firmware/n32h7xx_std_periph_driver/src/n32h7xx_sdmmc.c ****     flags = command->flags;
 1699              		.loc 1 953 11
 1700 000c BB68     		ldr	r3, [r7, #8]
 1701 000e 1B6A     		ldr	r3, [r3, #32]
 1702 0010 7B61     		str	r3, [r7, #20]
 954:../../../firmware/n32h7xx_std_periph_driver/src/n32h7xx_sdmmc.c **** 
 955:../../../firmware/n32h7xx_std_periph_driver/src/n32h7xx_sdmmc.c ****     if (((SDHOSTx->PRESTS & ((uint32_t)SDHOST_CommandInhibitFlag)) == 0UL) && (command->type != CAR
 1703              		.loc 1 955 18
 1704 0012 FB68     		ldr	r3, [r7, #12]
 1705 0014 5B6A     		ldr	r3, [r3, #36]
 1706              		.loc 1 955 27
 1707 0016 03F00103 		and	r3, r3, #1
 1708              		.loc 1 955 8
 1709 001a 002B     		cmp	r3, #0
 1710 001c 70D1     		bne	.L90
 1711              		.loc 1 955 87 discriminator 1
 1712 001e BB68     		ldr	r3, [r7, #8]
 1713 0020 1B7A     		ldrb	r3, [r3, #8]	@ zero_extendqisi2
 1714              		.loc 1 955 76 discriminator 1
 1715 0022 042B     		cmp	r3, #4
 1716 0024 6CD0     		beq	.L90
 956:../../../firmware/n32h7xx_std_periph_driver/src/n32h7xx_sdmmc.c ****     {
 957:../../../firmware/n32h7xx_std_periph_driver/src/n32h7xx_sdmmc.c ****         if ((command->responseType == CARD_ResponseTypeR1) || (command->responseType == CARD_Respon
ARM GAS  /tmp/ccIS8uvp.s 			page 48


 1717              		.loc 1 957 21
 1718 0026 BB68     		ldr	r3, [r7, #8]
 1719 0028 5B7A     		ldrb	r3, [r3, #9]	@ zero_extendqisi2
 1720              		.loc 1 957 12
 1721 002a 012B     		cmp	r3, #1
 1722 002c 0BD0     		beq	.L91
 1723              		.loc 1 957 71 discriminator 1
 1724 002e BB68     		ldr	r3, [r7, #8]
 1725 0030 5B7A     		ldrb	r3, [r3, #9]	@ zero_extendqisi2
 1726              		.loc 1 957 60 discriminator 1
 1727 0032 062B     		cmp	r3, #6
 1728 0034 07D0     		beq	.L91
 958:../../../firmware/n32h7xx_std_periph_driver/src/n32h7xx_sdmmc.c ****                 (command->responseType == CARD_ResponseTypeR6) || (command->responseType == CARD_Re
 1729              		.loc 1 958 25
 1730 0036 BB68     		ldr	r3, [r7, #8]
 1731 0038 5B7A     		ldrb	r3, [r3, #9]	@ zero_extendqisi2
 957:../../../firmware/n32h7xx_std_periph_driver/src/n32h7xx_sdmmc.c ****                 (command->responseType == CARD_ResponseTypeR6) || (command->responseType == CARD_Re
 1732              		.loc 1 957 110 discriminator 2
 1733 003a 082B     		cmp	r3, #8
 1734 003c 03D0     		beq	.L91
 1735              		.loc 1 958 75
 1736 003e BB68     		ldr	r3, [r7, #8]
 1737 0040 5B7A     		ldrb	r3, [r3, #9]	@ zero_extendqisi2
 1738              		.loc 1 958 64
 1739 0042 092B     		cmp	r3, #9
 1740 0044 04D1     		bne	.L92
 1741              	.L91:
 959:../../../firmware/n32h7xx_std_periph_driver/src/n32h7xx_sdmmc.c ****         {
 960:../../../firmware/n32h7xx_std_periph_driver/src/n32h7xx_sdmmc.c ****             flags |= ((uint32_t)SDHOST_ResponseLength48Flag | (uint32_t)SDHOST_EnableCrcCheckFlag |
 1742              		.loc 1 960 19
 1743 0046 7B69     		ldr	r3, [r7, #20]
 1744 0048 43F4D013 		orr	r3, r3, #1703936
 1745 004c 7B61     		str	r3, [r7, #20]
 1746 004e 21E0     		b	.L93
 1747              	.L92:
 961:../../../firmware/n32h7xx_std_periph_driver/src/n32h7xx_sdmmc.c ****                       (uint32_t)SDHOST_EnableIndexCheckFlag);
 962:../../../firmware/n32h7xx_std_periph_driver/src/n32h7xx_sdmmc.c ****         }
 963:../../../firmware/n32h7xx_std_periph_driver/src/n32h7xx_sdmmc.c ****         else if ((command->responseType == CARD_ResponseTypeR1b) || (command->responseType == CARD_
 1748              		.loc 1 963 26
 1749 0050 BB68     		ldr	r3, [r7, #8]
 1750 0052 5B7A     		ldrb	r3, [r3, #9]	@ zero_extendqisi2
 1751              		.loc 1 963 17
 1752 0054 022B     		cmp	r3, #2
 1753 0056 03D0     		beq	.L94
 1754              		.loc 1 963 77 discriminator 1
 1755 0058 BB68     		ldr	r3, [r7, #8]
 1756 005a 5B7A     		ldrb	r3, [r3, #9]	@ zero_extendqisi2
 1757              		.loc 1 963 66 discriminator 1
 1758 005c 072B     		cmp	r3, #7
 1759 005e 04D1     		bne	.L95
 1760              	.L94:
 964:../../../firmware/n32h7xx_std_periph_driver/src/n32h7xx_sdmmc.c ****         {
 965:../../../firmware/n32h7xx_std_periph_driver/src/n32h7xx_sdmmc.c ****             flags |= ((uint32_t)SDHOST_ResponseLength48BusyFlag | (uint32_t)SDHOST_EnableCrcCheckFl
 1761              		.loc 1 965 19
 1762 0060 7B69     		ldr	r3, [r7, #20]
 1763 0062 43F4D813 		orr	r3, r3, #1769472
 1764 0066 7B61     		str	r3, [r7, #20]
ARM GAS  /tmp/ccIS8uvp.s 			page 49


 1765 0068 14E0     		b	.L93
 1766              	.L95:
 966:../../../firmware/n32h7xx_std_periph_driver/src/n32h7xx_sdmmc.c ****                       (uint32_t)SDHOST_EnableIndexCheckFlag);
 967:../../../firmware/n32h7xx_std_periph_driver/src/n32h7xx_sdmmc.c ****         }
 968:../../../firmware/n32h7xx_std_periph_driver/src/n32h7xx_sdmmc.c ****         else if (command->responseType == CARD_ResponseTypeR2)
 1767              		.loc 1 968 25
 1768 006a BB68     		ldr	r3, [r7, #8]
 1769 006c 5B7A     		ldrb	r3, [r3, #9]	@ zero_extendqisi2
 1770              		.loc 1 968 17
 1771 006e 032B     		cmp	r3, #3
 1772 0070 04D1     		bne	.L96
 969:../../../firmware/n32h7xx_std_periph_driver/src/n32h7xx_sdmmc.c ****         {
 970:../../../firmware/n32h7xx_std_periph_driver/src/n32h7xx_sdmmc.c ****             flags |= ((uint32_t)SDHOST_ResponseLength136Flag | (uint32_t)SDHOST_EnableCrcCheckFlag)
 1773              		.loc 1 970 19
 1774 0072 7B69     		ldr	r3, [r7, #20]
 1775 0074 43F41023 		orr	r3, r3, #589824
 1776 0078 7B61     		str	r3, [r7, #20]
 1777 007a 0BE0     		b	.L93
 1778              	.L96:
 971:../../../firmware/n32h7xx_std_periph_driver/src/n32h7xx_sdmmc.c ****         }
 972:../../../firmware/n32h7xx_std_periph_driver/src/n32h7xx_sdmmc.c ****         else if ((command->responseType == CARD_ResponseTypeR3) || (command->responseType == CARD_R
 1779              		.loc 1 972 26
 1780 007c BB68     		ldr	r3, [r7, #8]
 1781 007e 5B7A     		ldrb	r3, [r3, #9]	@ zero_extendqisi2
 1782              		.loc 1 972 17
 1783 0080 042B     		cmp	r3, #4
 1784 0082 03D0     		beq	.L97
 1785              		.loc 1 972 76 discriminator 1
 1786 0084 BB68     		ldr	r3, [r7, #8]
 1787 0086 5B7A     		ldrb	r3, [r3, #9]	@ zero_extendqisi2
 1788              		.loc 1 972 65 discriminator 1
 1789 0088 052B     		cmp	r3, #5
 1790 008a 03D1     		bne	.L93
 1791              	.L97:
 973:../../../firmware/n32h7xx_std_periph_driver/src/n32h7xx_sdmmc.c ****         {
 974:../../../firmware/n32h7xx_std_periph_driver/src/n32h7xx_sdmmc.c ****             flags |= ((uint32_t)SDHOST_ResponseLength48Flag);
 1792              		.loc 1 974 19
 1793 008c 7B69     		ldr	r3, [r7, #20]
 1794 008e 43F40033 		orr	r3, r3, #131072
 1795 0092 7B61     		str	r3, [r7, #20]
 1796              	.L93:
 975:../../../firmware/n32h7xx_std_periph_driver/src/n32h7xx_sdmmc.c ****         }
 976:../../../firmware/n32h7xx_std_periph_driver/src/n32h7xx_sdmmc.c ****         else
 977:../../../firmware/n32h7xx_std_periph_driver/src/n32h7xx_sdmmc.c ****         {
 978:../../../firmware/n32h7xx_std_periph_driver/src/n32h7xx_sdmmc.c ****             /* Intentional empty */
 979:../../../firmware/n32h7xx_std_periph_driver/src/n32h7xx_sdmmc.c ****         }
 980:../../../firmware/n32h7xx_std_periph_driver/src/n32h7xx_sdmmc.c **** 
 981:../../../firmware/n32h7xx_std_periph_driver/src/n32h7xx_sdmmc.c ****         if (command->type == CARD_CommandTypeAbort)
 1797              		.loc 1 981 20
 1798 0094 BB68     		ldr	r3, [r7, #8]
 1799 0096 1B7A     		ldrb	r3, [r3, #8]	@ zero_extendqisi2
 1800              		.loc 1 981 12
 1801 0098 032B     		cmp	r3, #3
 1802 009a 03D1     		bne	.L98
 982:../../../firmware/n32h7xx_std_periph_driver/src/n32h7xx_sdmmc.c ****         {
 983:../../../firmware/n32h7xx_std_periph_driver/src/n32h7xx_sdmmc.c ****             flags |= (uint32_t)SDHOST_CommandTypeAbortFlag;
 1803              		.loc 1 983 19
ARM GAS  /tmp/ccIS8uvp.s 			page 50


 1804 009c 7B69     		ldr	r3, [r7, #20]
 1805 009e 43F44003 		orr	r3, r3, #12582912
 1806 00a2 7B61     		str	r3, [r7, #20]
 1807              	.L98:
 984:../../../firmware/n32h7xx_std_periph_driver/src/n32h7xx_sdmmc.c ****         }
 985:../../../firmware/n32h7xx_std_periph_driver/src/n32h7xx_sdmmc.c **** 
 986:../../../firmware/n32h7xx_std_periph_driver/src/n32h7xx_sdmmc.c ****         /* config cmd index */
 987:../../../firmware/n32h7xx_std_periph_driver/src/n32h7xx_sdmmc.c ****         xferType = 0x00000000U;
 1808              		.loc 1 987 18
 1809 00a4 0023     		movs	r3, #0
 1810 00a6 3B61     		str	r3, [r7, #16]
 988:../../../firmware/n32h7xx_std_periph_driver/src/n32h7xx_sdmmc.c **** 
 989:../../../firmware/n32h7xx_std_periph_driver/src/n32h7xx_sdmmc.c ****         xferType |=
 990:../../../firmware/n32h7xx_std_periph_driver/src/n32h7xx_sdmmc.c ****             (((command->index << SDHOST_CMD_INDEX_OFFSET) & SDHOST_TMODE_INDEX) |
 1811              		.loc 1 990 23
 1812 00a8 BB68     		ldr	r3, [r7, #8]
 1813 00aa 1B68     		ldr	r3, [r3]
 1814              		.loc 1 990 31
 1815 00ac 1B06     		lsls	r3, r3, #24
 1816              		.loc 1 990 59
 1817 00ae 03F07C52 		and	r2, r3, #1056964608
 991:../../../firmware/n32h7xx_std_periph_driver/src/n32h7xx_sdmmc.c ****              ((flags) & (SDHOST_TMODE_TYPE | SDHOST_TMODE_INDEXCK | SDHOST_TMODE_CRCCK |
 1818              		.loc 1 991 23
 1819 00b2 7B69     		ldr	r3, [r7, #20]
 1820 00b4 03F47B03 		and	r3, r3, #16449536
 990:../../../firmware/n32h7xx_std_periph_driver/src/n32h7xx_sdmmc.c ****              ((flags) & (SDHOST_TMODE_TYPE | SDHOST_TMODE_INDEXCK | SDHOST_TMODE_CRCCK |
 1821              		.loc 1 990 81
 1822 00b8 1343     		orrs	r3, r3, r2
 989:../../../firmware/n32h7xx_std_periph_driver/src/n32h7xx_sdmmc.c ****             (((command->index << SDHOST_CMD_INDEX_OFFSET) & SDHOST_TMODE_INDEX) |
 1823              		.loc 1 989 18
 1824 00ba 3A69     		ldr	r2, [r7, #16]
 1825 00bc 1343     		orrs	r3, r3, r2
 1826 00be 3B61     		str	r3, [r7, #16]
 992:../../../firmware/n32h7xx_std_periph_driver/src/n32h7xx_sdmmc.c ****                          SDHOST_TMODE_RTYPESEL | SDHOST_TMODE_DPRESEL)));
 993:../../../firmware/n32h7xx_std_periph_driver/src/n32h7xx_sdmmc.c **** 
 994:../../../firmware/n32h7xx_std_periph_driver/src/n32h7xx_sdmmc.c ****         xferType |= TMODE_struct->DMAE;
 1827              		.loc 1 994 33
 1828 00c0 7B68     		ldr	r3, [r7, #4]
 1829 00c2 1B68     		ldr	r3, [r3]
 1830              		.loc 1 994 18
 1831 00c4 3A69     		ldr	r2, [r7, #16]
 1832 00c6 1343     		orrs	r3, r3, r2
 1833 00c8 3B61     		str	r3, [r7, #16]
 995:../../../firmware/n32h7xx_std_periph_driver/src/n32h7xx_sdmmc.c ****         xferType |= TMODE_struct->BCNTE;
 1834              		.loc 1 995 33
 1835 00ca 7B68     		ldr	r3, [r7, #4]
 1836 00cc 5B68     		ldr	r3, [r3, #4]
 1837              		.loc 1 995 18
 1838 00ce 3A69     		ldr	r2, [r7, #16]
 1839 00d0 1343     		orrs	r3, r3, r2
 1840 00d2 3B61     		str	r3, [r7, #16]
 996:../../../firmware/n32h7xx_std_periph_driver/src/n32h7xx_sdmmc.c ****         xferType |= TMODE_struct->ACMDE;
 1841              		.loc 1 996 33
 1842 00d4 7B68     		ldr	r3, [r7, #4]
 1843 00d6 9B68     		ldr	r3, [r3, #8]
 1844              		.loc 1 996 18
 1845 00d8 3A69     		ldr	r2, [r7, #16]
ARM GAS  /tmp/ccIS8uvp.s 			page 51


 1846 00da 1343     		orrs	r3, r3, r2
 1847 00dc 3B61     		str	r3, [r7, #16]
 997:../../../firmware/n32h7xx_std_periph_driver/src/n32h7xx_sdmmc.c ****         xferType |= TMODE_struct->DATDIR;
 1848              		.loc 1 997 33
 1849 00de 7B68     		ldr	r3, [r7, #4]
 1850 00e0 DB68     		ldr	r3, [r3, #12]
 1851              		.loc 1 997 18
 1852 00e2 3A69     		ldr	r2, [r7, #16]
 1853 00e4 1343     		orrs	r3, r3, r2
 1854 00e6 3B61     		str	r3, [r7, #16]
 998:../../../firmware/n32h7xx_std_periph_driver/src/n32h7xx_sdmmc.c ****         xferType |= TMODE_struct->BLKSEL;
 1855              		.loc 1 998 33
 1856 00e8 7B68     		ldr	r3, [r7, #4]
 1857 00ea 1B69     		ldr	r3, [r3, #16]
 1858              		.loc 1 998 18
 1859 00ec 3A69     		ldr	r2, [r7, #16]
 1860 00ee 1343     		orrs	r3, r3, r2
 1861 00f0 3B61     		str	r3, [r7, #16]
 999:../../../firmware/n32h7xx_std_periph_driver/src/n32h7xx_sdmmc.c **** 
1000:../../../firmware/n32h7xx_std_periph_driver/src/n32h7xx_sdmmc.c ****         /* config the command xfertype and argument */
1001:../../../firmware/n32h7xx_std_periph_driver/src/n32h7xx_sdmmc.c ****         SDHOSTx->CMDARG1     = command->argument;
 1862              		.loc 1 1001 39
 1863 00f2 BB68     		ldr	r3, [r7, #8]
 1864 00f4 5A68     		ldr	r2, [r3, #4]
 1865              		.loc 1 1001 30
 1866 00f6 FB68     		ldr	r3, [r7, #12]
 1867 00f8 9A60     		str	r2, [r3, #8]
1002:../../../firmware/n32h7xx_std_periph_driver/src/n32h7xx_sdmmc.c ****         SDHOSTx->TMODE = xferType;
 1868              		.loc 1 1002 24
 1869 00fa FB68     		ldr	r3, [r7, #12]
 1870 00fc 3A69     		ldr	r2, [r7, #16]
 1871 00fe DA60     		str	r2, [r3, #12]
 1872              	.L90:
1003:../../../firmware/n32h7xx_std_periph_driver/src/n32h7xx_sdmmc.c ****     }
1004:../../../firmware/n32h7xx_std_periph_driver/src/n32h7xx_sdmmc.c **** 
1005:../../../firmware/n32h7xx_std_periph_driver/src/n32h7xx_sdmmc.c ****     if (command->type == CARD_CommandTypeEmpty)
 1873              		.loc 1 1005 16
 1874 0100 BB68     		ldr	r3, [r7, #8]
 1875 0102 1B7A     		ldrb	r3, [r3, #8]	@ zero_extendqisi2
 1876              		.loc 1 1005 8
 1877 0104 042B     		cmp	r3, #4
 1878 0106 05D1     		bne	.L100
1006:../../../firmware/n32h7xx_std_periph_driver/src/n32h7xx_sdmmc.c ****     {
1007:../../../firmware/n32h7xx_std_periph_driver/src/n32h7xx_sdmmc.c ****         /* disable CMD done interrupt for empty command */
1008:../../../firmware/n32h7xx_std_periph_driver/src/n32h7xx_sdmmc.c ****         SDHOSTx->ISE &= ~SDHOST_ISE_CMDCSE;
 1879              		.loc 1 1008 16
 1880 0108 FB68     		ldr	r3, [r7, #12]
 1881 010a 9B6B     		ldr	r3, [r3, #56]
 1882              		.loc 1 1008 22
 1883 010c 23F00102 		bic	r2, r3, #1
 1884 0110 FB68     		ldr	r3, [r7, #12]
 1885 0112 9A63     		str	r2, [r3, #56]
 1886              	.L100:
1009:../../../firmware/n32h7xx_std_periph_driver/src/n32h7xx_sdmmc.c ****     }
1010:../../../firmware/n32h7xx_std_periph_driver/src/n32h7xx_sdmmc.c **** }
 1887              		.loc 1 1010 1
 1888 0114 00BF     		nop
ARM GAS  /tmp/ccIS8uvp.s 			page 52


 1889 0116 1C37     		adds	r7, r7, #28
 1890              	.LCFI58:
 1891              		.cfi_def_cfa_offset 4
 1892 0118 BD46     		mov	sp, r7
 1893              	.LCFI59:
 1894              		.cfi_def_cfa_register 13
 1895              		@ sp needed
 1896 011a 80BC     		pop	{r7}
 1897              	.LCFI60:
 1898              		.cfi_restore 7
 1899              		.cfi_def_cfa_offset 0
 1900 011c 7047     		bx	lr
 1901              		.cfi_endproc
 1902              	.LFE157:
 1904              		.section	.text.SDMMC_WaitCommandDone,"ax",%progbits
 1905              		.align	1
 1906              		.global	SDMMC_WaitCommandDone
 1907              		.syntax unified
 1908              		.thumb
 1909              		.thumb_func
 1911              	SDMMC_WaitCommandDone:
 1912              	.LFB158:
1011:../../../firmware/n32h7xx_std_periph_driver/src/n32h7xx_sdmmc.c **** 
1012:../../../firmware/n32h7xx_std_periph_driver/src/n32h7xx_sdmmc.c **** 
1013:../../../firmware/n32h7xx_std_periph_driver/src/n32h7xx_sdmmc.c **** /**
1014:../../../firmware/n32h7xx_std_periph_driver/src/n32h7xx_sdmmc.c ****  *\*\name   SDMMC_WaitCommandDone.
1015:../../../firmware/n32h7xx_std_periph_driver/src/n32h7xx_sdmmc.c ****  *\*\fun    wait command done.
1016:../../../firmware/n32h7xx_std_periph_driver/src/n32h7xx_sdmmc.c ****  *\*\param  SDHOSTx pointer to specified SDHOST,must be one of the following value:
1017:../../../firmware/n32h7xx_std_periph_driver/src/n32h7xx_sdmmc.c ****  *\*\          - SDHOST1
1018:../../../firmware/n32h7xx_std_periph_driver/src/n32h7xx_sdmmc.c ****  *\*\          - SDHOST2
1019:../../../firmware/n32h7xx_std_periph_driver/src/n32h7xx_sdmmc.c ****  *\*\param  command: command configuration
1020:../../../firmware/n32h7xx_std_periph_driver/src/n32h7xx_sdmmc.c ****  *\*\           - index
1021:../../../firmware/n32h7xx_std_periph_driver/src/n32h7xx_sdmmc.c ****  *\*\               - 0~63
1022:../../../firmware/n32h7xx_std_periph_driver/src/n32h7xx_sdmmc.c ****  *\*\           - argument
1023:../../../firmware/n32h7xx_std_periph_driver/src/n32h7xx_sdmmc.c ****  *\*\               - 0x00000000~0xFFFFFFFF
1024:../../../firmware/n32h7xx_std_periph_driver/src/n32h7xx_sdmmc.c ****  *\*\           - type
1025:../../../firmware/n32h7xx_std_periph_driver/src/n32h7xx_sdmmc.c ****  *\*\               - CARD_CommandTypeNormal
1026:../../../firmware/n32h7xx_std_periph_driver/src/n32h7xx_sdmmc.c ****  *\*\               - CARD_CommandTypeSuspend
1027:../../../firmware/n32h7xx_std_periph_driver/src/n32h7xx_sdmmc.c ****  *\*\               - CARD_CommandTypeResume
1028:../../../firmware/n32h7xx_std_periph_driver/src/n32h7xx_sdmmc.c ****  *\*\               - CARD_CommandTypeAbort
1029:../../../firmware/n32h7xx_std_periph_driver/src/n32h7xx_sdmmc.c ****  *\*\               - CARD_CommandTypeEmpty
1030:../../../firmware/n32h7xx_std_periph_driver/src/n32h7xx_sdmmc.c ****  *\*\           - responseType
1031:../../../firmware/n32h7xx_std_periph_driver/src/n32h7xx_sdmmc.c ****  *\*\               - CARD_ResponseTypeNone
1032:../../../firmware/n32h7xx_std_periph_driver/src/n32h7xx_sdmmc.c ****  *\*\               - CARD_ResponseTypeR1
1033:../../../firmware/n32h7xx_std_periph_driver/src/n32h7xx_sdmmc.c ****  *\*\               - CARD_ResponseTypeR1b
1034:../../../firmware/n32h7xx_std_periph_driver/src/n32h7xx_sdmmc.c ****  *\*\               - CARD_ResponseTypeR2
1035:../../../firmware/n32h7xx_std_periph_driver/src/n32h7xx_sdmmc.c ****  *\*\               - CARD_ResponseTypeR3
1036:../../../firmware/n32h7xx_std_periph_driver/src/n32h7xx_sdmmc.c ****  *\*\               - CARD_ResponseTypeR4
1037:../../../firmware/n32h7xx_std_periph_driver/src/n32h7xx_sdmmc.c ****  *\*\               - CARD_ResponseTypeR5
1038:../../../firmware/n32h7xx_std_periph_driver/src/n32h7xx_sdmmc.c ****  *\*\               - CARD_ResponseTypeR5b
1039:../../../firmware/n32h7xx_std_periph_driver/src/n32h7xx_sdmmc.c ****  *\*\               - CARD_ResponseTypeR6
1040:../../../firmware/n32h7xx_std_periph_driver/src/n32h7xx_sdmmc.c ****  *\*\               - CARD_ResponseTypeR7
1041:../../../firmware/n32h7xx_std_periph_driver/src/n32h7xx_sdmmc.c ****  *\*\           - response[4U]: Response for this command.
1042:../../../firmware/n32h7xx_std_periph_driver/src/n32h7xx_sdmmc.c ****  *\*\               - 0x00000000~0xFFFFFFFF
1043:../../../firmware/n32h7xx_std_periph_driver/src/n32h7xx_sdmmc.c ****  *\*\           - responseErrorFlags: Response error flag, which need to check the command reponse.
1044:../../../firmware/n32h7xx_std_periph_driver/src/n32h7xx_sdmmc.c ****  *\*\               - 0x00000000~0xFFFFFFFF
1045:../../../firmware/n32h7xx_std_periph_driver/src/n32h7xx_sdmmc.c ****  *\*\           - flags: Cmd flags.
ARM GAS  /tmp/ccIS8uvp.s 			page 53


1046:../../../firmware/n32h7xx_std_periph_driver/src/n32h7xx_sdmmc.c ****  *\*\               - 0x00000000~0xFFFFFFFF
1047:../../../firmware/n32h7xx_std_periph_driver/src/n32h7xx_sdmmc.c ****  *\*\param  pollingCmdDone: polling command done flag
1048:../../../firmware/n32h7xx_std_periph_driver/src/n32h7xx_sdmmc.c ****  *\*\           - ENABLE
1049:../../../firmware/n32h7xx_std_periph_driver/src/n32h7xx_sdmmc.c ****  *\*\           - DISABLE
1050:../../../firmware/n32h7xx_std_periph_driver/src/n32h7xx_sdmmc.c ****  *\*\return SDMMC_STS
1051:../../../firmware/n32h7xx_std_periph_driver/src/n32h7xx_sdmmc.c ****  *\*\           - SDMMC_ERROR
1052:../../../firmware/n32h7xx_std_periph_driver/src/n32h7xx_sdmmc.c ****  *\*\           - SDMMC_SUCCESS
1053:../../../firmware/n32h7xx_std_periph_driver/src/n32h7xx_sdmmc.c ****  *\*\           - SDMMC_SendCommandFailed
1054:../../../firmware/n32h7xx_std_periph_driver/src/n32h7xx_sdmmc.c ****  */
1055:../../../firmware/n32h7xx_std_periph_driver/src/n32h7xx_sdmmc.c **** SDMMC_STS SDMMC_WaitCommandDone(SDHOST_Module* SDHOSTx, SDMMC_CMD *command, FunctionalState polling
1056:../../../firmware/n32h7xx_std_periph_driver/src/n32h7xx_sdmmc.c **** {
 1913              		.loc 1 1056 1
 1914              		.cfi_startproc
 1915              		@ args = 0, pretend = 0, frame = 32
 1916              		@ frame_needed = 1, uses_anonymous_args = 0
 1917 0000 80B5     		push	{r7, lr}
 1918              	.LCFI61:
 1919              		.cfi_def_cfa_offset 8
 1920              		.cfi_offset 7, -8
 1921              		.cfi_offset 14, -4
 1922 0002 88B0     		sub	sp, sp, #32
 1923              	.LCFI62:
 1924              		.cfi_def_cfa_offset 40
 1925 0004 00AF     		add	r7, sp, #0
 1926              	.LCFI63:
 1927              		.cfi_def_cfa_register 7
 1928 0006 F860     		str	r0, [r7, #12]
 1929 0008 B960     		str	r1, [r7, #8]
 1930 000a 1346     		mov	r3, r2
 1931 000c FB71     		strb	r3, [r7, #7]
1057:../../../firmware/n32h7xx_std_periph_driver/src/n32h7xx_sdmmc.c ****     SDMMC_STS error          = SDMMC_SUCCESS;
 1932              		.loc 1 1057 15
 1933 000e 0C23     		movs	r3, #12
 1934 0010 FB77     		strb	r3, [r7, #31]
1058:../../../firmware/n32h7xx_std_periph_driver/src/n32h7xx_sdmmc.c ****     uint32_t interruptStatus = 0U;
 1935              		.loc 1 1058 14
 1936 0012 0023     		movs	r3, #0
 1937 0014 BB61     		str	r3, [r7, #24]
1059:../../../firmware/n32h7xx_std_periph_driver/src/n32h7xx_sdmmc.c ****     uint32_t timeout_value = 0x20000;
 1938              		.loc 1 1059 14
 1939 0016 4FF40033 		mov	r3, #131072
 1940 001a 7B61     		str	r3, [r7, #20]
1060:../../../firmware/n32h7xx_std_periph_driver/src/n32h7xx_sdmmc.c **** 
1061:../../../firmware/n32h7xx_std_periph_driver/src/n32h7xx_sdmmc.c ****     /* check if need polling command done or not */
1062:../../../firmware/n32h7xx_std_periph_driver/src/n32h7xx_sdmmc.c ****     if (pollingCmdDone == ENABLE)
 1941              		.loc 1 1062 8
 1942 001c FB79     		ldrb	r3, [r7, #7]	@ zero_extendqisi2
 1943 001e 012B     		cmp	r3, #1
 1944 0020 28D1     		bne	.L102
1063:../../../firmware/n32h7xx_std_periph_driver/src/n32h7xx_sdmmc.c ****     {
1064:../../../firmware/n32h7xx_std_periph_driver/src/n32h7xx_sdmmc.c ****         /* Wait command complete or SDMMC encounters error. */
1065:../../../firmware/n32h7xx_std_periph_driver/src/n32h7xx_sdmmc.c ****         while(((interruptStatus & ((uint32_t)SDHOST_CommandFlag)) == 0) && (timeout_value > 0))
 1945              		.loc 1 1065 14
 1946 0022 05E0     		b	.L103
 1947              	.L105:
1066:../../../firmware/n32h7xx_std_periph_driver/src/n32h7xx_sdmmc.c ****         {
1067:../../../firmware/n32h7xx_std_periph_driver/src/n32h7xx_sdmmc.c ****             interruptStatus = SDHOSTx->INTSTS;
ARM GAS  /tmp/ccIS8uvp.s 			page 54


 1948              		.loc 1 1067 29
 1949 0024 FB68     		ldr	r3, [r7, #12]
 1950 0026 1B6B     		ldr	r3, [r3, #48]
 1951 0028 BB61     		str	r3, [r7, #24]
1068:../../../firmware/n32h7xx_std_periph_driver/src/n32h7xx_sdmmc.c ****             timeout_value--;
 1952              		.loc 1 1068 26
 1953 002a 7B69     		ldr	r3, [r7, #20]
 1954 002c 013B     		subs	r3, r3, #1
 1955 002e 7B61     		str	r3, [r7, #20]
 1956              	.L103:
1065:../../../firmware/n32h7xx_std_periph_driver/src/n32h7xx_sdmmc.c ****         {
 1957              		.loc 1 1065 33
 1958 0030 BA69     		ldr	r2, [r7, #24]
 1959 0032 134B     		ldr	r3, .L110
 1960 0034 1340     		ands	r3, r3, r2
1065:../../../firmware/n32h7xx_std_periph_driver/src/n32h7xx_sdmmc.c ****         {
 1961              		.loc 1 1065 73
 1962 0036 002B     		cmp	r3, #0
 1963 0038 02D1     		bne	.L104
1065:../../../firmware/n32h7xx_std_periph_driver/src/n32h7xx_sdmmc.c ****         {
 1964              		.loc 1 1065 73 is_stmt 0 discriminator 1
 1965 003a 7B69     		ldr	r3, [r7, #20]
 1966 003c 002B     		cmp	r3, #0
 1967 003e F1D1     		bne	.L105
 1968              	.L104:
1069:../../../firmware/n32h7xx_std_periph_driver/src/n32h7xx_sdmmc.c ****         }
1070:../../../firmware/n32h7xx_std_periph_driver/src/n32h7xx_sdmmc.c **** 
1071:../../../firmware/n32h7xx_std_periph_driver/src/n32h7xx_sdmmc.c ****         if(timeout_value == 0)
 1969              		.loc 1 1071 11 is_stmt 1
 1970 0040 7B69     		ldr	r3, [r7, #20]
 1971 0042 002B     		cmp	r3, #0
 1972 0044 02D1     		bne	.L106
1072:../../../firmware/n32h7xx_std_periph_driver/src/n32h7xx_sdmmc.c ****         {
1073:../../../firmware/n32h7xx_std_periph_driver/src/n32h7xx_sdmmc.c ****             interruptStatus = (uint32_t)SDHOST_CommandTimeoutFlag;
 1973              		.loc 1 1073 29
 1974 0046 4FF48033 		mov	r3, #65536
 1975 004a BB61     		str	r3, [r7, #24]
 1976              	.L106:
1074:../../../firmware/n32h7xx_std_periph_driver/src/n32h7xx_sdmmc.c ****         }
1075:../../../firmware/n32h7xx_std_periph_driver/src/n32h7xx_sdmmc.c **** 
1076:../../../firmware/n32h7xx_std_periph_driver/src/n32h7xx_sdmmc.c ****         if ((interruptStatus & ((uint32_t)SDHOST_CommandErrorFlag)) != 0UL)
 1977              		.loc 1 1076 30
 1978 004c BB69     		ldr	r3, [r7, #24]
 1979 004e 03F47023 		and	r3, r3, #983040
 1980              		.loc 1 1076 12
 1981 0052 002B     		cmp	r3, #0
 1982 0054 01D0     		beq	.L107
1077:../../../firmware/n32h7xx_std_periph_driver/src/n32h7xx_sdmmc.c ****         {
1078:../../../firmware/n32h7xx_std_periph_driver/src/n32h7xx_sdmmc.c ****             error = SDMMC_ERROR;
 1983              		.loc 1 1078 19
 1984 0056 0D23     		movs	r3, #13
 1985 0058 FB77     		strb	r3, [r7, #31]
 1986              	.L107:
1079:../../../firmware/n32h7xx_std_periph_driver/src/n32h7xx_sdmmc.c ****         }
1080:../../../firmware/n32h7xx_std_periph_driver/src/n32h7xx_sdmmc.c **** 
1081:../../../firmware/n32h7xx_std_periph_driver/src/n32h7xx_sdmmc.c ****         /* Receive response when command completes successfully. */
1082:../../../firmware/n32h7xx_std_periph_driver/src/n32h7xx_sdmmc.c ****         if (error == SDMMC_SUCCESS)
ARM GAS  /tmp/ccIS8uvp.s 			page 55


 1987              		.loc 1 1082 12
 1988 005a FB7F     		ldrb	r3, [r7, #31]	@ zero_extendqisi2
 1989 005c 0C2B     		cmp	r3, #12
 1990 005e 05D1     		bne	.L108
1083:../../../firmware/n32h7xx_std_periph_driver/src/n32h7xx_sdmmc.c ****         {
1084:../../../firmware/n32h7xx_std_periph_driver/src/n32h7xx_sdmmc.c ****             error = SDMMC_ReceiveCommandResponse(SDHOSTx, command);
 1991              		.loc 1 1084 21
 1992 0060 B968     		ldr	r1, [r7, #8]
 1993 0062 F868     		ldr	r0, [r7, #12]
 1994 0064 FFF7FEFF 		bl	SDMMC_ReceiveCommandResponse
 1995 0068 0346     		mov	r3, r0
 1996 006a FB77     		strb	r3, [r7, #31]
 1997              	.L108:
1085:../../../firmware/n32h7xx_std_periph_driver/src/n32h7xx_sdmmc.c ****         }
1086:../../../firmware/n32h7xx_std_periph_driver/src/n32h7xx_sdmmc.c **** 
1087:../../../firmware/n32h7xx_std_periph_driver/src/n32h7xx_sdmmc.c ****         SDMMC_ClrFlag(SDHOSTx, (uint32_t)SDHOST_CommandFlag);
 1998              		.loc 1 1087 9
 1999 006c 0449     		ldr	r1, .L110
 2000 006e F868     		ldr	r0, [r7, #12]
 2001 0070 FFF7FEFF 		bl	SDMMC_ClrFlag
 2002              	.L102:
1088:../../../firmware/n32h7xx_std_periph_driver/src/n32h7xx_sdmmc.c ****     }
1089:../../../firmware/n32h7xx_std_periph_driver/src/n32h7xx_sdmmc.c **** 
1090:../../../firmware/n32h7xx_std_periph_driver/src/n32h7xx_sdmmc.c ****     return error;
 2003              		.loc 1 1090 12
 2004 0074 FB7F     		ldrb	r3, [r7, #31]	@ zero_extendqisi2
1091:../../../firmware/n32h7xx_std_periph_driver/src/n32h7xx_sdmmc.c **** }
 2005              		.loc 1 1091 1
 2006 0076 1846     		mov	r0, r3
 2007 0078 2037     		adds	r7, r7, #32
 2008              	.LCFI64:
 2009              		.cfi_def_cfa_offset 8
 2010 007a BD46     		mov	sp, r7
 2011              	.LCFI65:
 2012              		.cfi_def_cfa_register 13
 2013              		@ sp needed
 2014 007c 80BD     		pop	{r7, pc}
 2015              	.L111:
 2016 007e 00BF     		.align	2
 2017              	.L110:
 2018 0080 01000F00 		.word	983041
 2019              		.cfi_endproc
 2020              	.LFE158:
 2022              		.section	.text.SDMMC_TransferDataBlocking,"ax",%progbits
 2023              		.align	1
 2024              		.syntax unified
 2025              		.thumb
 2026              		.thumb_func
 2028              	SDMMC_TransferDataBlocking:
 2029              	.LFB159:
1092:../../../firmware/n32h7xx_std_periph_driver/src/n32h7xx_sdmmc.c **** 
1093:../../../firmware/n32h7xx_std_periph_driver/src/n32h7xx_sdmmc.c **** 
1094:../../../firmware/n32h7xx_std_periph_driver/src/n32h7xx_sdmmc.c **** /**
1095:../../../firmware/n32h7xx_std_periph_driver/src/n32h7xx_sdmmc.c ****  *\*\name   SDMMC_TransferDataBlocking.
1096:../../../firmware/n32h7xx_std_periph_driver/src/n32h7xx_sdmmc.c ****  *\*\fun    Transfer data by polling way.
1097:../../../firmware/n32h7xx_std_periph_driver/src/n32h7xx_sdmmc.c ****  *\*\param  SDHOSTx :
1098:../../../firmware/n32h7xx_std_periph_driver/src/n32h7xx_sdmmc.c ****  *\*\          - SDHOST1
ARM GAS  /tmp/ccIS8uvp.s 			page 56


1099:../../../firmware/n32h7xx_std_periph_driver/src/n32h7xx_sdmmc.c ****  *\*\          - SDHOST2
1100:../../../firmware/n32h7xx_std_periph_driver/src/n32h7xx_sdmmc.c ****  *\*\param  data  Data descriptor.
1101:../../../firmware/n32h7xx_std_periph_driver/src/n32h7xx_sdmmc.c ****  *\*\          - AutoCommand12_23.
1102:../../../firmware/n32h7xx_std_periph_driver/src/n32h7xx_sdmmc.c ****  *\*\              - AutoCommand12
1103:../../../firmware/n32h7xx_std_periph_driver/src/n32h7xx_sdmmc.c ****  *\*\              - AutoCommand23
1104:../../../firmware/n32h7xx_std_periph_driver/src/n32h7xx_sdmmc.c ****  *\*\              - NoAutoCommand
1105:../../../firmware/n32h7xx_std_periph_driver/src/n32h7xx_sdmmc.c ****  *\*\          - enableIgnoreError.
1106:../../../firmware/n32h7xx_std_periph_driver/src/n32h7xx_sdmmc.c ****  *\*\              - ENABLE
1107:../../../firmware/n32h7xx_std_periph_driver/src/n32h7xx_sdmmc.c ****  *\*\              - DISABLE
1108:../../../firmware/n32h7xx_std_periph_driver/src/n32h7xx_sdmmc.c ****  *\*\          - dataType.
1109:../../../firmware/n32h7xx_std_periph_driver/src/n32h7xx_sdmmc.c ****  *\*\              - SDHOST_TransferDataNormal
1110:../../../firmware/n32h7xx_std_periph_driver/src/n32h7xx_sdmmc.c ****  *\*\              - SDHOST_TransferDataTuning
1111:../../../firmware/n32h7xx_std_periph_driver/src/n32h7xx_sdmmc.c ****  *\*\              - SDHOST_TransferDataBoot
1112:../../../firmware/n32h7xx_std_periph_driver/src/n32h7xx_sdmmc.c ****  *\*\              - SDHOST_TransferDataBootcontinous
1113:../../../firmware/n32h7xx_std_periph_driver/src/n32h7xx_sdmmc.c ****  *\*\           - blockCount  :
1114:../../../firmware/n32h7xx_std_periph_driver/src/n32h7xx_sdmmc.c ****  *\*\               - The available range is 0 ~ 0xFFFF.
1115:../../../firmware/n32h7xx_std_periph_driver/src/n32h7xx_sdmmc.c ****  *\*\           - blockSize  :
1116:../../../firmware/n32h7xx_std_periph_driver/src/n32h7xx_sdmmc.c ****  *\*\               - The available range is 0 ~ 0x0800.
1117:../../../firmware/n32h7xx_std_periph_driver/src/n32h7xx_sdmmc.c ****  *\*\           - rxData  :  Buffer to save data read.
1118:../../../firmware/n32h7xx_std_periph_driver/src/n32h7xx_sdmmc.c ****  *\*\           - txData  :  Data buffer to write.
1119:../../../firmware/n32h7xx_std_periph_driver/src/n32h7xx_sdmmc.c ****  *\*\param  DMACmd: DMA flag
1120:../../../firmware/n32h7xx_std_periph_driver/src/n32h7xx_sdmmc.c ****  *\*\           - ENABLE
1121:../../../firmware/n32h7xx_std_periph_driver/src/n32h7xx_sdmmc.c ****  *\*\           - DISABLE
1122:../../../firmware/n32h7xx_std_periph_driver/src/n32h7xx_sdmmc.c ****  *\*\return error.
1123:../../../firmware/n32h7xx_std_periph_driver/src/n32h7xx_sdmmc.c ****  *\*\           - SDMMC_ERROR
1124:../../../firmware/n32h7xx_std_periph_driver/src/n32h7xx_sdmmc.c ****  *\*\           - SDMMC_SUCCESS
1125:../../../firmware/n32h7xx_std_periph_driver/src/n32h7xx_sdmmc.c ****  *\*\           - SDMMC_TransferDataFailed
1126:../../../firmware/n32h7xx_std_periph_driver/src/n32h7xx_sdmmc.c ****  */
1127:../../../firmware/n32h7xx_std_periph_driver/src/n32h7xx_sdmmc.c **** static SDMMC_STS SDMMC_TransferDataBlocking(SDHOST_Module* SDHOSTx, SDMMC_DATA *data, FunctionalSta
1128:../../../firmware/n32h7xx_std_periph_driver/src/n32h7xx_sdmmc.c **** {
 2030              		.loc 1 1128 1
 2031              		.cfi_startproc
 2032              		@ args = 0, pretend = 0, frame = 32
 2033              		@ frame_needed = 1, uses_anonymous_args = 0
 2034 0000 80B5     		push	{r7, lr}
 2035              	.LCFI66:
 2036              		.cfi_def_cfa_offset 8
 2037              		.cfi_offset 7, -8
 2038              		.cfi_offset 14, -4
 2039 0002 88B0     		sub	sp, sp, #32
 2040              	.LCFI67:
 2041              		.cfi_def_cfa_offset 40
 2042 0004 00AF     		add	r7, sp, #0
 2043              	.LCFI68:
 2044              		.cfi_def_cfa_register 7
 2045 0006 F860     		str	r0, [r7, #12]
 2046 0008 B960     		str	r1, [r7, #8]
 2047 000a 1346     		mov	r3, r2
 2048 000c FB71     		strb	r3, [r7, #7]
1129:../../../firmware/n32h7xx_std_periph_driver/src/n32h7xx_sdmmc.c ****     SDMMC_STS error = SDMMC_SUCCESS;
 2049              		.loc 1 1129 15
 2050 000e 0C23     		movs	r3, #12
 2051 0010 FB77     		strb	r3, [r7, #31]
1130:../../../firmware/n32h7xx_std_periph_driver/src/n32h7xx_sdmmc.c ****     ErrorStatus error_status;
1131:../../../firmware/n32h7xx_std_periph_driver/src/n32h7xx_sdmmc.c ****     uint32_t interruptStatus = 0U;
 2052              		.loc 1 1131 14
 2053 0012 0023     		movs	r3, #0
ARM GAS  /tmp/ccIS8uvp.s 			page 57


 2054 0014 BB61     		str	r3, [r7, #24]
1132:../../../firmware/n32h7xx_std_periph_driver/src/n32h7xx_sdmmc.c ****     uint32_t SDMA_address;
1133:../../../firmware/n32h7xx_std_periph_driver/src/n32h7xx_sdmmc.c **** 
1134:../../../firmware/n32h7xx_std_periph_driver/src/n32h7xx_sdmmc.c ****     if (DMACmd == ENABLE)
 2055              		.loc 1 1134 8
 2056 0016 FB79     		ldrb	r3, [r7, #7]	@ zero_extendqisi2
 2057 0018 012B     		cmp	r3, #1
 2058 001a 37D1     		bne	.L113
1135:../../../firmware/n32h7xx_std_periph_driver/src/n32h7xx_sdmmc.c ****     {
1136:../../../firmware/n32h7xx_std_periph_driver/src/n32h7xx_sdmmc.c ****         /* Wait data complete or SDMMC encounters error. */
1137:../../../firmware/n32h7xx_std_periph_driver/src/n32h7xx_sdmmc.c ****         while((interruptStatus & ((uint32_t)SDHOST_DataDMAFlag)) == 0)
 2059              		.loc 1 1137 14
 2060 001c 11E0     		b	.L114
 2061              	.L116:
1138:../../../firmware/n32h7xx_std_periph_driver/src/n32h7xx_sdmmc.c ****         {
1139:../../../firmware/n32h7xx_std_periph_driver/src/n32h7xx_sdmmc.c ****             interruptStatus = SDHOSTx->INTSTS;
 2062              		.loc 1 1139 29
 2063 001e FB68     		ldr	r3, [r7, #12]
 2064 0020 1B6B     		ldr	r3, [r3, #48]
 2065 0022 BB61     		str	r3, [r7, #24]
1140:../../../firmware/n32h7xx_std_periph_driver/src/n32h7xx_sdmmc.c **** 
1141:../../../firmware/n32h7xx_std_periph_driver/src/n32h7xx_sdmmc.c ****             if((interruptStatus & ((uint32_t)SDHOST_DmaCompleteFlag)) == ((uint32_t)SDHOST_DmaCompl
 2066              		.loc 1 1141 33
 2067 0024 BB69     		ldr	r3, [r7, #24]
 2068 0026 03F00803 		and	r3, r3, #8
 2069              		.loc 1 1141 15
 2070 002a 002B     		cmp	r3, #0
 2071 002c 09D0     		beq	.L114
1142:../../../firmware/n32h7xx_std_periph_driver/src/n32h7xx_sdmmc.c ****             {
1143:../../../firmware/n32h7xx_std_periph_driver/src/n32h7xx_sdmmc.c ****                 SDMMC_ClrFlag(SDHOSTx, (uint32_t)SDHOST_DmaCompleteFlag);
 2072              		.loc 1 1143 17
 2073 002e 0821     		movs	r1, #8
 2074 0030 F868     		ldr	r0, [r7, #12]
 2075 0032 FFF7FEFF 		bl	SDMMC_ClrFlag
1144:../../../firmware/n32h7xx_std_periph_driver/src/n32h7xx_sdmmc.c ****                 SDMA_address = SDHOSTx->DSADD;
 2076              		.loc 1 1144 30
 2077 0036 FB68     		ldr	r3, [r7, #12]
 2078 0038 1B68     		ldr	r3, [r3]
 2079 003a 3B61     		str	r3, [r7, #16]
1145:../../../firmware/n32h7xx_std_periph_driver/src/n32h7xx_sdmmc.c ****                 SDHOSTx->DSADD = SDMA_address;
 2080              		.loc 1 1145 32
 2081 003c FB68     		ldr	r3, [r7, #12]
 2082 003e 3A69     		ldr	r2, [r7, #16]
 2083 0040 1A60     		str	r2, [r3]
 2084              	.L114:
1137:../../../firmware/n32h7xx_std_periph_driver/src/n32h7xx_sdmmc.c ****         {
 2085              		.loc 1 1137 32
 2086 0042 BA69     		ldr	r2, [r7, #24]
 2087 0044 214B     		ldr	r3, .L123
 2088 0046 1340     		ands	r3, r3, r2
1137:../../../firmware/n32h7xx_std_periph_driver/src/n32h7xx_sdmmc.c ****         {
 2089              		.loc 1 1137 66
 2090 0048 002B     		cmp	r3, #0
 2091 004a E8D0     		beq	.L116
1146:../../../firmware/n32h7xx_std_periph_driver/src/n32h7xx_sdmmc.c ****             }
1147:../../../firmware/n32h7xx_std_periph_driver/src/n32h7xx_sdmmc.c ****         }
1148:../../../firmware/n32h7xx_std_periph_driver/src/n32h7xx_sdmmc.c **** 
ARM GAS  /tmp/ccIS8uvp.s 			page 58


1149:../../../firmware/n32h7xx_std_periph_driver/src/n32h7xx_sdmmc.c ****         if((interruptStatus & (((uint32_t)SDHOST_DataErrorFlag | (uint32_t)SDHOST_DmaErrorFlag))) !
 2092              		.loc 1 1149 29
 2093 004c BB69     		ldr	r3, [r7, #24]
 2094 004e 03F05C73 		and	r3, r3, #57671680
 2095              		.loc 1 1149 11
 2096 0052 002B     		cmp	r3, #0
 2097 0054 0AD0     		beq	.L117
1150:../../../firmware/n32h7xx_std_periph_driver/src/n32h7xx_sdmmc.c ****         {
1151:../../../firmware/n32h7xx_std_periph_driver/src/n32h7xx_sdmmc.c ****             if (((data->enableIgnoreError == ENABLE)) || ((interruptStatus & ((uint32_t)SDHOST_Data
 2098              		.loc 1 1151 23
 2099 0056 BB68     		ldr	r3, [r7, #8]
 2100 0058 1B79     		ldrb	r3, [r3, #4]	@ zero_extendqisi2
 2101              		.loc 1 1151 16
 2102 005a 012B     		cmp	r3, #1
 2103 005c 04D0     		beq	.L118
 2104              		.loc 1 1151 76 discriminator 1
 2105 005e BB69     		ldr	r3, [r7, #24]
 2106 0060 03F48013 		and	r3, r3, #1048576
 2107              		.loc 1 1151 55 discriminator 1
 2108 0064 002B     		cmp	r3, #0
 2109 0066 01D0     		beq	.L117
 2110              	.L118:
1152:../../../firmware/n32h7xx_std_periph_driver/src/n32h7xx_sdmmc.c ****             {
1153:../../../firmware/n32h7xx_std_periph_driver/src/n32h7xx_sdmmc.c ****                 error = SDMMC_TransferDataFailed;
 2111              		.loc 1 1153 23
 2112 0068 0423     		movs	r3, #4
 2113 006a FB77     		strb	r3, [r7, #31]
 2114              	.L117:
1154:../../../firmware/n32h7xx_std_periph_driver/src/n32h7xx_sdmmc.c ****             }
1155:../../../firmware/n32h7xx_std_periph_driver/src/n32h7xx_sdmmc.c ****         }
1156:../../../firmware/n32h7xx_std_periph_driver/src/n32h7xx_sdmmc.c ****         else
1157:../../../firmware/n32h7xx_std_periph_driver/src/n32h7xx_sdmmc.c ****         {
1158:../../../firmware/n32h7xx_std_periph_driver/src/n32h7xx_sdmmc.c ****             /* Intentional empty */
1159:../../../firmware/n32h7xx_std_periph_driver/src/n32h7xx_sdmmc.c ****         }
1160:../../../firmware/n32h7xx_std_periph_driver/src/n32h7xx_sdmmc.c **** 
1161:../../../firmware/n32h7xx_std_periph_driver/src/n32h7xx_sdmmc.c ****         /* load dummy data */
1162:../../../firmware/n32h7xx_std_periph_driver/src/n32h7xx_sdmmc.c ****         if ((data->dataType == SDHOST_TransferDataBootcontinous) && (error == SDMMC_SUCCESS))
 2115              		.loc 1 1162 18
 2116 006c BB68     		ldr	r3, [r7, #8]
 2117 006e 5B79     		ldrb	r3, [r3, #5]	@ zero_extendqisi2
 2118              		.loc 1 1162 12
 2119 0070 032B     		cmp	r3, #3
 2120 0072 06D1     		bne	.L119
 2121              		.loc 1 1162 66 discriminator 1
 2122 0074 FB7F     		ldrb	r3, [r7, #31]	@ zero_extendqisi2
 2123 0076 0C2B     		cmp	r3, #12
 2124 0078 03D1     		bne	.L119
1163:../../../firmware/n32h7xx_std_periph_driver/src/n32h7xx_sdmmc.c ****         {
1164:../../../firmware/n32h7xx_std_periph_driver/src/n32h7xx_sdmmc.c ****             *(data->rxData) = SDHOST_BOOTDUMMY;
 2125              		.loc 1 1164 19
 2126 007a BB68     		ldr	r3, [r7, #8]
 2127 007c 1B69     		ldr	r3, [r3, #16]
 2128              		.loc 1 1164 29
 2129 007e 144A     		ldr	r2, .L123+4
 2130 0080 1A60     		str	r2, [r3]
 2131              	.L119:
1165:../../../firmware/n32h7xx_std_periph_driver/src/n32h7xx_sdmmc.c ****         }
ARM GAS  /tmp/ccIS8uvp.s 			page 59


1166:../../../firmware/n32h7xx_std_periph_driver/src/n32h7xx_sdmmc.c **** 
1167:../../../firmware/n32h7xx_std_periph_driver/src/n32h7xx_sdmmc.c ****         SDMMC_ClrFlag(SDHOSTx, (uint32_t)SDHOST_DataDMAFlag);
 2132              		.loc 1 1167 9
 2133 0082 1249     		ldr	r1, .L123
 2134 0084 F868     		ldr	r0, [r7, #12]
 2135 0086 FFF7FEFF 		bl	SDMMC_ClrFlag
 2136 008a 19E0     		b	.L120
 2137              	.L113:
1168:../../../firmware/n32h7xx_std_periph_driver/src/n32h7xx_sdmmc.c ****     }
1169:../../../firmware/n32h7xx_std_periph_driver/src/n32h7xx_sdmmc.c ****     else
1170:../../../firmware/n32h7xx_std_periph_driver/src/n32h7xx_sdmmc.c ****     {
1171:../../../firmware/n32h7xx_std_periph_driver/src/n32h7xx_sdmmc.c ****         if (data->rxData != NULL)
 2138              		.loc 1 1171 17
 2139 008c BB68     		ldr	r3, [r7, #8]
 2140 008e 1B69     		ldr	r3, [r3, #16]
 2141              		.loc 1 1171 12
 2142 0090 002B     		cmp	r3, #0
 2143 0092 0AD0     		beq	.L121
1172:../../../firmware/n32h7xx_std_periph_driver/src/n32h7xx_sdmmc.c ****         {
1173:../../../firmware/n32h7xx_std_periph_driver/src/n32h7xx_sdmmc.c ****             error_status = SDMMC_ReadByDataPortBlocking(SDHOSTx, data);
 2144              		.loc 1 1173 28
 2145 0094 B968     		ldr	r1, [r7, #8]
 2146 0096 F868     		ldr	r0, [r7, #12]
 2147 0098 FFF7FEFF 		bl	SDMMC_ReadByDataPortBlocking
 2148 009c 0346     		mov	r3, r0
 2149 009e FB75     		strb	r3, [r7, #23]
1174:../../../firmware/n32h7xx_std_periph_driver/src/n32h7xx_sdmmc.c **** 
1175:../../../firmware/n32h7xx_std_periph_driver/src/n32h7xx_sdmmc.c ****             if (error_status != SUCCESS)
 2150              		.loc 1 1175 16
 2151 00a0 FB7D     		ldrb	r3, [r7, #23]	@ zero_extendqisi2
 2152 00a2 012B     		cmp	r3, #1
 2153 00a4 0CD0     		beq	.L120
1176:../../../firmware/n32h7xx_std_periph_driver/src/n32h7xx_sdmmc.c ****             {
1177:../../../firmware/n32h7xx_std_periph_driver/src/n32h7xx_sdmmc.c ****                 return SDMMC_ERROR;
 2154              		.loc 1 1177 24
 2155 00a6 0D23     		movs	r3, #13
 2156 00a8 0BE0     		b	.L122
 2157              	.L121:
1178:../../../firmware/n32h7xx_std_periph_driver/src/n32h7xx_sdmmc.c ****             }
1179:../../../firmware/n32h7xx_std_periph_driver/src/n32h7xx_sdmmc.c ****         }
1180:../../../firmware/n32h7xx_std_periph_driver/src/n32h7xx_sdmmc.c ****         else
1181:../../../firmware/n32h7xx_std_periph_driver/src/n32h7xx_sdmmc.c ****         {
1182:../../../firmware/n32h7xx_std_periph_driver/src/n32h7xx_sdmmc.c ****             error_status = SDMMC_WriteByDataPortBlocking(SDHOSTx, data);
 2158              		.loc 1 1182 28
 2159 00aa B968     		ldr	r1, [r7, #8]
 2160 00ac F868     		ldr	r0, [r7, #12]
 2161 00ae FFF7FEFF 		bl	SDMMC_WriteByDataPortBlocking
 2162 00b2 0346     		mov	r3, r0
 2163 00b4 FB75     		strb	r3, [r7, #23]
1183:../../../firmware/n32h7xx_std_periph_driver/src/n32h7xx_sdmmc.c **** 
1184:../../../firmware/n32h7xx_std_periph_driver/src/n32h7xx_sdmmc.c ****             if (error_status != SUCCESS)
 2164              		.loc 1 1184 16
 2165 00b6 FB7D     		ldrb	r3, [r7, #23]	@ zero_extendqisi2
 2166 00b8 012B     		cmp	r3, #1
 2167 00ba 01D0     		beq	.L120
1185:../../../firmware/n32h7xx_std_periph_driver/src/n32h7xx_sdmmc.c ****             {
1186:../../../firmware/n32h7xx_std_periph_driver/src/n32h7xx_sdmmc.c ****                 return SDMMC_ERROR;
ARM GAS  /tmp/ccIS8uvp.s 			page 60


 2168              		.loc 1 1186 24
 2169 00bc 0D23     		movs	r3, #13
 2170 00be 00E0     		b	.L122
 2171              	.L120:
1187:../../../firmware/n32h7xx_std_periph_driver/src/n32h7xx_sdmmc.c ****             }
1188:../../../firmware/n32h7xx_std_periph_driver/src/n32h7xx_sdmmc.c ****         }
1189:../../../firmware/n32h7xx_std_periph_driver/src/n32h7xx_sdmmc.c ****     }
1190:../../../firmware/n32h7xx_std_periph_driver/src/n32h7xx_sdmmc.c **** 
1191:../../../firmware/n32h7xx_std_periph_driver/src/n32h7xx_sdmmc.c ****     return error;
 2172              		.loc 1 1191 12
 2173 00c0 FB7F     		ldrb	r3, [r7, #31]	@ zero_extendqisi2
 2174              	.L122:
1192:../../../firmware/n32h7xx_std_periph_driver/src/n32h7xx_sdmmc.c **** }
 2175              		.loc 1 1192 1
 2176 00c2 1846     		mov	r0, r3
 2177 00c4 2037     		adds	r7, r7, #32
 2178              	.LCFI69:
 2179              		.cfi_def_cfa_offset 8
 2180 00c6 BD46     		mov	sp, r7
 2181              	.LCFI70:
 2182              		.cfi_def_cfa_register 13
 2183              		@ sp needed
 2184 00c8 80BD     		pop	{r7, pc}
 2185              	.L124:
 2186 00ca 00BF     		.align	2
 2187              	.L123:
 2188 00cc 02007003 		.word	57671682
 2189 00d0 AAAA5555 		.word	1431677610
 2190              		.cfi_endproc
 2191              	.LFE159:
 2193              		.section	.text.SDMMC_GetCapability,"ax",%progbits
 2194              		.align	1
 2195              		.global	SDMMC_GetCapability
 2196              		.syntax unified
 2197              		.thumb
 2198              		.thumb_func
 2200              	SDMMC_GetCapability:
 2201              	.LFB160:
1193:../../../firmware/n32h7xx_std_periph_driver/src/n32h7xx_sdmmc.c **** 
1194:../../../firmware/n32h7xx_std_periph_driver/src/n32h7xx_sdmmc.c **** 
1195:../../../firmware/n32h7xx_std_periph_driver/src/n32h7xx_sdmmc.c **** /**
1196:../../../firmware/n32h7xx_std_periph_driver/src/n32h7xx_sdmmc.c ****  *\*\name   SDMMC_GetCapability.
1197:../../../firmware/n32h7xx_std_periph_driver/src/n32h7xx_sdmmc.c ****  *\*\fun    Get SDHSOT capability structure value.
1198:../../../firmware/n32h7xx_std_periph_driver/src/n32h7xx_sdmmc.c ****  *\*\param  SDHOSTx :
1199:../../../firmware/n32h7xx_std_periph_driver/src/n32h7xx_sdmmc.c ****  *\*\          - SDHOST1
1200:../../../firmware/n32h7xx_std_periph_driver/src/n32h7xx_sdmmc.c ****  *\*\          - SDHOST2
1201:../../../firmware/n32h7xx_std_periph_driver/src/n32h7xx_sdmmc.c ****  *\*\param  capability: pointer to a SDHOST_capability structure.
1202:../../../firmware/n32h7xx_std_periph_driver/src/n32h7xx_sdmmc.c ****  *\*\           - MaxBlockLen  : Maximum Block Length supported by the Core/Device
1203:../../../firmware/n32h7xx_std_periph_driver/src/n32h7xx_sdmmc.c ****  *\*\               - SDMMC_MAXBLOCKLEN_512B
1204:../../../firmware/n32h7xx_std_periph_driver/src/n32h7xx_sdmmc.c ****  *\*\               - SDMMC_MAXBLOCKLEN_1024B
1205:../../../firmware/n32h7xx_std_periph_driver/src/n32h7xx_sdmmc.c ****  *\*\               - SDMMC_MAXBLOCKLEN_2048B
1206:../../../firmware/n32h7xx_std_periph_driver/src/n32h7xx_sdmmc.c ****  *\*\           - SDBaseCLKFreq :  xin_clk, Base Clock Frequency for SD Clock
1207:../../../firmware/n32h7xx_std_periph_driver/src/n32h7xx_sdmmc.c ****  *\*\               - 0x0A~0x68,Unit MHz
1208:../../../firmware/n32h7xx_std_periph_driver/src/n32h7xx_sdmmc.c ****  *\*\           - TimeOutUnit   :  the unit of base clock frequency used to detect Data Timeout Err
1209:../../../firmware/n32h7xx_std_periph_driver/src/n32h7xx_sdmmc.c ****  *\*\               - SDMMC_TIMEOUTCLKUNIT_KHZ
1210:../../../firmware/n32h7xx_std_periph_driver/src/n32h7xx_sdmmc.c ****  *\*\               - SDMMC_TIMEOUTCLKUNIT_MHZ
1211:../../../firmware/n32h7xx_std_periph_driver/src/n32h7xx_sdmmc.c ****  *\*\           - SPIBlockMode  :    SPI Block Mode
ARM GAS  /tmp/ccIS8uvp.s 			page 61


1212:../../../firmware/n32h7xx_std_periph_driver/src/n32h7xx_sdmmc.c ****  *\*\               - SDMMC_SPIBLOCKMODESUPPORT
1213:../../../firmware/n32h7xx_std_periph_driver/src/n32h7xx_sdmmc.c ****  *\*\               - SDMMC_SPIBLOCKMODEUNSUPPORT
1214:../../../firmware/n32h7xx_std_periph_driver/src/n32h7xx_sdmmc.c ****  *\*\           - SPIMode       :   SPI Mode Support
1215:../../../firmware/n32h7xx_std_periph_driver/src/n32h7xx_sdmmc.c ****  *\*\               - SDMMC_SPIMODESUPPORT
1216:../../../firmware/n32h7xx_std_periph_driver/src/n32h7xx_sdmmc.c ****  *\*\               - SDMMC_SPIMODEUNSUPPORT
1217:../../../firmware/n32h7xx_std_periph_driver/src/n32h7xx_sdmmc.c ****  *\*\           - DDR50         : DDR50 Support
1218:../../../firmware/n32h7xx_std_periph_driver/src/n32h7xx_sdmmc.c ****  *\*\               - SDMMC_DDR50SUPPORT
1219:../../../firmware/n32h7xx_std_periph_driver/src/n32h7xx_sdmmc.c ****  *\*\               - SDMMC_DDR50UNSUPPORT
1220:../../../firmware/n32h7xx_std_periph_driver/src/n32h7xx_sdmmc.c ****  *\*\           - SDR104        : SDR104 Support
1221:../../../firmware/n32h7xx_std_periph_driver/src/n32h7xx_sdmmc.c ****  *\*\               - SDMMC_SDR104SUPPORT
1222:../../../firmware/n32h7xx_std_periph_driver/src/n32h7xx_sdmmc.c ****  *\*\               - SDMMC_SDR104UNSUPPORT
1223:../../../firmware/n32h7xx_std_periph_driver/src/n32h7xx_sdmmc.c ****  *\*\           - SDR50         : SDR50 Support
1224:../../../firmware/n32h7xx_std_periph_driver/src/n32h7xx_sdmmc.c ****  *\*\               - SDMMC_SDR50SUPPORT
1225:../../../firmware/n32h7xx_std_periph_driver/src/n32h7xx_sdmmc.c ****  *\*\               - SDMMC_SDR50UNSUPPORT
1226:../../../firmware/n32h7xx_std_periph_driver/src/n32h7xx_sdmmc.c ****  *\*\           - SlotType      : Slot Type
1227:../../../firmware/n32h7xx_std_periph_driver/src/n32h7xx_sdmmc.c ****  *\*\               - SDMMC_SDTYPE
1228:../../../firmware/n32h7xx_std_periph_driver/src/n32h7xx_sdmmc.c ****  *\*\               - SDMMC_EMMCTYPE
1229:../../../firmware/n32h7xx_std_periph_driver/src/n32h7xx_sdmmc.c ****  *\*\           - AsyncInt      : Asynchronous Interrupt Support
1230:../../../firmware/n32h7xx_std_periph_driver/src/n32h7xx_sdmmc.c ****  *\*\               - SDMMC_ASYNCINTSUPPORT
1231:../../../firmware/n32h7xx_std_periph_driver/src/n32h7xx_sdmmc.c ****  *\*\               - SDMMC_ASYNCINTUNSUPPORT
1232:../../../firmware/n32h7xx_std_periph_driver/src/n32h7xx_sdmmc.c ****  *\*\           - Suspend_Resume : Suspend/Resume Support
1233:../../../firmware/n32h7xx_std_periph_driver/src/n32h7xx_sdmmc.c ****  *\*\               - SDMMC_SUSRESSUPPORT
1234:../../../firmware/n32h7xx_std_periph_driver/src/n32h7xx_sdmmc.c ****  *\*\               - SDMMC_SUSRESUNSUPPORT
1235:../../../firmware/n32h7xx_std_periph_driver/src/n32h7xx_sdmmc.c ****  *\*\           - SDMA           : SDMA Support
1236:../../../firmware/n32h7xx_std_periph_driver/src/n32h7xx_sdmmc.c ****  *\*\               - SDMMC_SDMASUPPORT
1237:../../../firmware/n32h7xx_std_periph_driver/src/n32h7xx_sdmmc.c ****  *\*\               - SDMMC_SDMAUNSUPPORT
1238:../../../firmware/n32h7xx_std_periph_driver/src/n32h7xx_sdmmc.c ****  *\*\           - HS             : High Speed Support
1239:../../../firmware/n32h7xx_std_periph_driver/src/n32h7xx_sdmmc.c ****  *\*\               - SDMMC_HSSUPPORT
1240:../../../firmware/n32h7xx_std_periph_driver/src/n32h7xx_sdmmc.c ****  *\*\               - SDMMC_HSUNSUPPORT
1241:../../../firmware/n32h7xx_std_periph_driver/src/n32h7xx_sdmmc.c ****  *\*\           - ADMA2          : ADMA2 Support
1242:../../../firmware/n32h7xx_std_periph_driver/src/n32h7xx_sdmmc.c ****  *\*\               - SDMMC_ADMA2SUPPORT
1243:../../../firmware/n32h7xx_std_periph_driver/src/n32h7xx_sdmmc.c ****  *\*\               - SDMMC_ADMA2UNSUPPORT
1244:../../../firmware/n32h7xx_std_periph_driver/src/n32h7xx_sdmmc.c ****  *\*\           - Embedded_8bit   : 8-bit Support for Embedded Device
1245:../../../firmware/n32h7xx_std_periph_driver/src/n32h7xx_sdmmc.c ****  *\*\               - SDMMC_EMBEDDEDSUPPORT
1246:../../../firmware/n32h7xx_std_periph_driver/src/n32h7xx_sdmmc.c ****  *\*\               - SDMMC_EMBEDDEDUNSUPPORT
1247:../../../firmware/n32h7xx_std_periph_driver/src/n32h7xx_sdmmc.c ****  *\*\           - UseTuningSDR50  : Use Tuning for SDR50
1248:../../../firmware/n32h7xx_std_periph_driver/src/n32h7xx_sdmmc.c ****  *\*\               - SDMMC_SDR50TUNING
1249:../../../firmware/n32h7xx_std_periph_driver/src/n32h7xx_sdmmc.c ****  *\*\               - SDMMC_SDR50UNTUNING
1250:../../../firmware/n32h7xx_std_periph_driver/src/n32h7xx_sdmmc.c ****  *\*\return none
1251:../../../firmware/n32h7xx_std_periph_driver/src/n32h7xx_sdmmc.c ****  */
1252:../../../firmware/n32h7xx_std_periph_driver/src/n32h7xx_sdmmc.c **** void SDMMC_GetCapability(SDHOST_Module* SDHOSTx, SDHOST_capability *capability)
1253:../../../firmware/n32h7xx_std_periph_driver/src/n32h7xx_sdmmc.c **** {
 2202              		.loc 1 1253 1
 2203              		.cfi_startproc
 2204              		@ args = 0, pretend = 0, frame = 8
 2205              		@ frame_needed = 1, uses_anonymous_args = 0
 2206              		@ link register save eliminated.
 2207 0000 80B4     		push	{r7}
 2208              	.LCFI71:
 2209              		.cfi_def_cfa_offset 4
 2210              		.cfi_offset 7, -4
 2211 0002 83B0     		sub	sp, sp, #12
 2212              	.LCFI72:
 2213              		.cfi_def_cfa_offset 16
 2214 0004 00AF     		add	r7, sp, #0
 2215              	.LCFI73:
 2216              		.cfi_def_cfa_register 7
ARM GAS  /tmp/ccIS8uvp.s 			page 62


 2217 0006 7860     		str	r0, [r7, #4]
 2218 0008 3960     		str	r1, [r7]
1254:../../../firmware/n32h7xx_std_periph_driver/src/n32h7xx_sdmmc.c ****     if((SDHOSTx->CAP0STS & SDHOST_CAP0_ADMA2_MASK) == SDHOST_CAP0_ADMA2_MASK)
 2219              		.loc 1 1254 16
 2220 000a 7B68     		ldr	r3, [r7, #4]
 2221 000c 1B6C     		ldr	r3, [r3, #64]
 2222              		.loc 1 1254 26
 2223 000e 03F40023 		and	r3, r3, #524288
 2224              		.loc 1 1254 7
 2225 0012 B3F5002F 		cmp	r3, #524288
 2226 0016 03D1     		bne	.L126
1255:../../../firmware/n32h7xx_std_periph_driver/src/n32h7xx_sdmmc.c ****     {
1256:../../../firmware/n32h7xx_std_periph_driver/src/n32h7xx_sdmmc.c ****         capability->ADMA2 = SDMMC_ADMA2SUPPORT;
 2227              		.loc 1 1256 27
 2228 0018 3B68     		ldr	r3, [r7]
 2229 001a 0222     		movs	r2, #2
 2230 001c 5A63     		str	r2, [r3, #52]
 2231 001e 02E0     		b	.L127
 2232              	.L126:
1257:../../../firmware/n32h7xx_std_periph_driver/src/n32h7xx_sdmmc.c ****     }
1258:../../../firmware/n32h7xx_std_periph_driver/src/n32h7xx_sdmmc.c ****     else
1259:../../../firmware/n32h7xx_std_periph_driver/src/n32h7xx_sdmmc.c ****     {
1260:../../../firmware/n32h7xx_std_periph_driver/src/n32h7xx_sdmmc.c ****         capability->ADMA2 = SDMMC_ADMA2UNSUPPORT;
 2233              		.loc 1 1260 27
 2234 0020 3B68     		ldr	r3, [r7]
 2235 0022 0022     		movs	r2, #0
 2236 0024 5A63     		str	r2, [r3, #52]
 2237              	.L127:
1261:../../../firmware/n32h7xx_std_periph_driver/src/n32h7xx_sdmmc.c ****     }
1262:../../../firmware/n32h7xx_std_periph_driver/src/n32h7xx_sdmmc.c **** 
1263:../../../firmware/n32h7xx_std_periph_driver/src/n32h7xx_sdmmc.c ****     if((SDHOSTx->CAP0STS & SDHOST_CAP0_ASYNCINT_MASK) == SDHOST_CAP0_ASYNCINT_MASK)
 2238              		.loc 1 1263 16
 2239 0026 7B68     		ldr	r3, [r7, #4]
 2240 0028 1B6C     		ldr	r3, [r3, #64]
 2241              		.loc 1 1263 26
 2242 002a 03F00053 		and	r3, r3, #536870912
 2243              		.loc 1 1263 7
 2244 002e B3F1005F 		cmp	r3, #536870912
 2245 0032 04D1     		bne	.L128
1264:../../../firmware/n32h7xx_std_periph_driver/src/n32h7xx_sdmmc.c ****     {
1265:../../../firmware/n32h7xx_std_periph_driver/src/n32h7xx_sdmmc.c ****         capability->AsyncInt = SDMMC_ASYNCINTSUPPORT;
 2246              		.loc 1 1265 30
 2247 0034 3B68     		ldr	r3, [r7]
 2248 0036 4FF40072 		mov	r2, #512
 2249 003a 5A62     		str	r2, [r3, #36]
 2250 003c 02E0     		b	.L129
 2251              	.L128:
1266:../../../firmware/n32h7xx_std_periph_driver/src/n32h7xx_sdmmc.c ****     }
1267:../../../firmware/n32h7xx_std_periph_driver/src/n32h7xx_sdmmc.c ****     else
1268:../../../firmware/n32h7xx_std_periph_driver/src/n32h7xx_sdmmc.c ****     {
1269:../../../firmware/n32h7xx_std_periph_driver/src/n32h7xx_sdmmc.c ****         capability->AsyncInt = SDMMC_ASYNCINTUNSUPPORT;
 2252              		.loc 1 1269 30
 2253 003e 3B68     		ldr	r3, [r7]
 2254 0040 0022     		movs	r2, #0
 2255 0042 5A62     		str	r2, [r3, #36]
 2256              	.L129:
1270:../../../firmware/n32h7xx_std_periph_driver/src/n32h7xx_sdmmc.c ****     }
ARM GAS  /tmp/ccIS8uvp.s 			page 63


1271:../../../firmware/n32h7xx_std_periph_driver/src/n32h7xx_sdmmc.c **** 
1272:../../../firmware/n32h7xx_std_periph_driver/src/n32h7xx_sdmmc.c ****     if((SDHOSTx->CAP1STS & SDHOST_CAP1_DDR50_MASK) == SDHOST_CAP1_DDR50_MASK)
 2257              		.loc 1 1272 16
 2258 0044 7B68     		ldr	r3, [r7, #4]
 2259 0046 5B6C     		ldr	r3, [r3, #68]
 2260              		.loc 1 1272 26
 2261 0048 03F00403 		and	r3, r3, #4
 2262              		.loc 1 1272 7
 2263 004c 042B     		cmp	r3, #4
 2264 004e 04D1     		bne	.L130
1273:../../../firmware/n32h7xx_std_periph_driver/src/n32h7xx_sdmmc.c ****     {
1274:../../../firmware/n32h7xx_std_periph_driver/src/n32h7xx_sdmmc.c ****         capability->DDR50 = SDMMC_DDR50SUPPORT;
 2265              		.loc 1 1274 27
 2266 0050 3B68     		ldr	r3, [r7]
 2267 0052 4FF48042 		mov	r2, #16384
 2268 0056 5A61     		str	r2, [r3, #20]
 2269 0058 02E0     		b	.L131
 2270              	.L130:
1275:../../../firmware/n32h7xx_std_periph_driver/src/n32h7xx_sdmmc.c ****     }
1276:../../../firmware/n32h7xx_std_periph_driver/src/n32h7xx_sdmmc.c ****     else
1277:../../../firmware/n32h7xx_std_periph_driver/src/n32h7xx_sdmmc.c ****     {
1278:../../../firmware/n32h7xx_std_periph_driver/src/n32h7xx_sdmmc.c ****         capability->DDR50 = SDMMC_DDR50UNSUPPORT;
 2271              		.loc 1 1278 27
 2272 005a 3B68     		ldr	r3, [r7]
 2273 005c 0022     		movs	r2, #0
 2274 005e 5A61     		str	r2, [r3, #20]
 2275              	.L131:
1279:../../../firmware/n32h7xx_std_periph_driver/src/n32h7xx_sdmmc.c ****     }
1280:../../../firmware/n32h7xx_std_periph_driver/src/n32h7xx_sdmmc.c **** 
1281:../../../firmware/n32h7xx_std_periph_driver/src/n32h7xx_sdmmc.c ****     if((SDHOSTx->CAP0STS & SDHOST_CAP0_EMBUS_MASK) == SDHOST_CAP0_EMBUS_MASK)
 2276              		.loc 1 1281 16
 2277 0060 7B68     		ldr	r3, [r7, #4]
 2278 0062 1B6C     		ldr	r3, [r3, #64]
 2279              		.loc 1 1281 26
 2280 0064 03F48023 		and	r3, r3, #262144
 2281              		.loc 1 1281 7
 2282 0068 B3F5802F 		cmp	r3, #262144
 2283 006c 03D1     		bne	.L132
1282:../../../firmware/n32h7xx_std_periph_driver/src/n32h7xx_sdmmc.c ****     {
1283:../../../firmware/n32h7xx_std_periph_driver/src/n32h7xx_sdmmc.c ****         capability->Embedded_8bit = SDMMC_EMBEDDEDSUPPORT;
 2284              		.loc 1 1283 35
 2285 006e 3B68     		ldr	r3, [r7]
 2286 0070 0122     		movs	r2, #1
 2287 0072 9A63     		str	r2, [r3, #56]
 2288 0074 02E0     		b	.L133
 2289              	.L132:
1284:../../../firmware/n32h7xx_std_periph_driver/src/n32h7xx_sdmmc.c ****     }
1285:../../../firmware/n32h7xx_std_periph_driver/src/n32h7xx_sdmmc.c ****     else
1286:../../../firmware/n32h7xx_std_periph_driver/src/n32h7xx_sdmmc.c ****     {
1287:../../../firmware/n32h7xx_std_periph_driver/src/n32h7xx_sdmmc.c ****         capability->Embedded_8bit = SDMMC_EMBEDDEDUNSUPPORT;
 2290              		.loc 1 1287 35
 2291 0076 3B68     		ldr	r3, [r7]
 2292 0078 0022     		movs	r2, #0
 2293 007a 9A63     		str	r2, [r3, #56]
 2294              	.L133:
1288:../../../firmware/n32h7xx_std_periph_driver/src/n32h7xx_sdmmc.c ****     }
1289:../../../firmware/n32h7xx_std_periph_driver/src/n32h7xx_sdmmc.c **** 
ARM GAS  /tmp/ccIS8uvp.s 			page 64


1290:../../../firmware/n32h7xx_std_periph_driver/src/n32h7xx_sdmmc.c ****     if((SDHOSTx->CAP0STS & SDHOST_CAP0_HS_MASK) == SDHOST_CAP0_HS_MASK)
 2295              		.loc 1 1290 16
 2296 007c 7B68     		ldr	r3, [r7, #4]
 2297 007e 1B6C     		ldr	r3, [r3, #64]
 2298              		.loc 1 1290 26
 2299 0080 03F40013 		and	r3, r3, #2097152
 2300              		.loc 1 1290 7
 2301 0084 B3F5001F 		cmp	r3, #2097152
 2302 0088 03D1     		bne	.L134
1291:../../../firmware/n32h7xx_std_periph_driver/src/n32h7xx_sdmmc.c ****     {
1292:../../../firmware/n32h7xx_std_periph_driver/src/n32h7xx_sdmmc.c ****         capability->HS = SDMMC_HSSUPPORT;
 2303              		.loc 1 1292 24
 2304 008a 3B68     		ldr	r3, [r7]
 2305 008c 0422     		movs	r2, #4
 2306 008e 1A63     		str	r2, [r3, #48]
 2307 0090 02E0     		b	.L135
 2308              	.L134:
1293:../../../firmware/n32h7xx_std_periph_driver/src/n32h7xx_sdmmc.c ****     }
1294:../../../firmware/n32h7xx_std_periph_driver/src/n32h7xx_sdmmc.c ****     else
1295:../../../firmware/n32h7xx_std_periph_driver/src/n32h7xx_sdmmc.c ****     {
1296:../../../firmware/n32h7xx_std_periph_driver/src/n32h7xx_sdmmc.c ****         capability->HS = SDMMC_HSUNSUPPORT;
 2309              		.loc 1 1296 24
 2310 0092 3B68     		ldr	r3, [r7]
 2311 0094 0022     		movs	r2, #0
 2312 0096 1A63     		str	r2, [r3, #48]
 2313              	.L135:
1297:../../../firmware/n32h7xx_std_periph_driver/src/n32h7xx_sdmmc.c ****     }
1298:../../../firmware/n32h7xx_std_periph_driver/src/n32h7xx_sdmmc.c **** 
1299:../../../firmware/n32h7xx_std_periph_driver/src/n32h7xx_sdmmc.c ****     if((SDHOSTx->CAP0STS & SDHOST_CAP0_MBL_MASK) == SDMMC_MAXBLOCKLEN_512B)
 2314              		.loc 1 1299 16
 2315 0098 7B68     		ldr	r3, [r7, #4]
 2316 009a 1B6C     		ldr	r3, [r3, #64]
 2317              		.loc 1 1299 26
 2318 009c 03F44033 		and	r3, r3, #196608
 2319              		.loc 1 1299 7
 2320 00a0 002B     		cmp	r3, #0
 2321 00a2 03D1     		bne	.L136
1300:../../../firmware/n32h7xx_std_periph_driver/src/n32h7xx_sdmmc.c ****     {
1301:../../../firmware/n32h7xx_std_periph_driver/src/n32h7xx_sdmmc.c ****         capability->MaxBlockLen = SDMMC_MAXBLOCKLEN_512B;
 2322              		.loc 1 1301 33
 2323 00a4 3B68     		ldr	r3, [r7]
 2324 00a6 0022     		movs	r2, #0
 2325 00a8 1A60     		str	r2, [r3]
 2326 00aa 0FE0     		b	.L137
 2327              	.L136:
1302:../../../firmware/n32h7xx_std_periph_driver/src/n32h7xx_sdmmc.c ****     }
1303:../../../firmware/n32h7xx_std_periph_driver/src/n32h7xx_sdmmc.c ****     else if((SDHOSTx->CAP0STS & SDHOST_CAP0_MBL_MASK) == SDHOST_CAP0STS_MBL_0)
 2328              		.loc 1 1303 21
 2329 00ac 7B68     		ldr	r3, [r7, #4]
 2330 00ae 1B6C     		ldr	r3, [r3, #64]
 2331              		.loc 1 1303 31
 2332 00b0 03F44033 		and	r3, r3, #196608
 2333              		.loc 1 1303 12
 2334 00b4 B3F5803F 		cmp	r3, #65536
 2335 00b8 04D1     		bne	.L138
1304:../../../firmware/n32h7xx_std_periph_driver/src/n32h7xx_sdmmc.c ****     {
1305:../../../firmware/n32h7xx_std_periph_driver/src/n32h7xx_sdmmc.c ****         capability->MaxBlockLen = SDMMC_MAXBLOCKLEN_1024B;
ARM GAS  /tmp/ccIS8uvp.s 			page 65


 2336              		.loc 1 1305 33
 2337 00ba 3B68     		ldr	r3, [r7]
 2338 00bc 4FF48002 		mov	r2, #4194304
 2339 00c0 1A60     		str	r2, [r3]
 2340 00c2 03E0     		b	.L137
 2341              	.L138:
1306:../../../firmware/n32h7xx_std_periph_driver/src/n32h7xx_sdmmc.c ****     }
1307:../../../firmware/n32h7xx_std_periph_driver/src/n32h7xx_sdmmc.c ****     else
1308:../../../firmware/n32h7xx_std_periph_driver/src/n32h7xx_sdmmc.c ****     {
1309:../../../firmware/n32h7xx_std_periph_driver/src/n32h7xx_sdmmc.c ****         capability->MaxBlockLen = SDMMC_MAXBLOCKLEN_2048B;
 2342              		.loc 1 1309 33
 2343 00c4 3B68     		ldr	r3, [r7]
 2344 00c6 4FF40002 		mov	r2, #8388608
 2345 00ca 1A60     		str	r2, [r3]
 2346              	.L137:
1310:../../../firmware/n32h7xx_std_periph_driver/src/n32h7xx_sdmmc.c ****     }
1311:../../../firmware/n32h7xx_std_periph_driver/src/n32h7xx_sdmmc.c **** 
1312:../../../firmware/n32h7xx_std_periph_driver/src/n32h7xx_sdmmc.c ****     capability->SDBaseCLKFreq = ((SDHOSTx->CAP0STS & SDHOST_CAP0_BCLKF_MASK) >> SDHOST_CAP0_BCLKF_O
 2347              		.loc 1 1312 42
 2348 00cc 7B68     		ldr	r3, [r7, #4]
 2349 00ce 1B6C     		ldr	r3, [r3, #64]
 2350              		.loc 1 1312 78
 2351 00d0 1B0A     		lsrs	r3, r3, #8
 2352 00d2 DAB2     		uxtb	r2, r3
 2353              		.loc 1 1312 31
 2354 00d4 3B68     		ldr	r3, [r7]
 2355 00d6 5A60     		str	r2, [r3, #4]
1313:../../../firmware/n32h7xx_std_periph_driver/src/n32h7xx_sdmmc.c **** 
1314:../../../firmware/n32h7xx_std_periph_driver/src/n32h7xx_sdmmc.c ****     if((SDHOSTx->CAP0STS & SDHOST_CAP0_SDMA_MASK) == SDHOST_CAP0_SDMA_MASK)
 2356              		.loc 1 1314 16
 2357 00d8 7B68     		ldr	r3, [r7, #4]
 2358 00da 1B6C     		ldr	r3, [r3, #64]
 2359              		.loc 1 1314 26
 2360 00dc 03F48003 		and	r3, r3, #4194304
 2361              		.loc 1 1314 7
 2362 00e0 B3F5800F 		cmp	r3, #4194304
 2363 00e4 03D1     		bne	.L139
1315:../../../firmware/n32h7xx_std_periph_driver/src/n32h7xx_sdmmc.c ****     {
1316:../../../firmware/n32h7xx_std_periph_driver/src/n32h7xx_sdmmc.c ****         capability->SDMA = SDMMC_SDMASUPPORT;
 2364              		.loc 1 1316 26
 2365 00e6 3B68     		ldr	r3, [r7]
 2366 00e8 0822     		movs	r2, #8
 2367 00ea DA62     		str	r2, [r3, #44]
 2368 00ec 02E0     		b	.L140
 2369              	.L139:
1317:../../../firmware/n32h7xx_std_periph_driver/src/n32h7xx_sdmmc.c ****     }
1318:../../../firmware/n32h7xx_std_periph_driver/src/n32h7xx_sdmmc.c ****     else
1319:../../../firmware/n32h7xx_std_periph_driver/src/n32h7xx_sdmmc.c ****     {
1320:../../../firmware/n32h7xx_std_periph_driver/src/n32h7xx_sdmmc.c ****         capability->SDMA = SDMMC_SDMAUNSUPPORT;
 2370              		.loc 1 1320 26
 2371 00ee 3B68     		ldr	r3, [r7]
 2372 00f0 0022     		movs	r2, #0
 2373 00f2 DA62     		str	r2, [r3, #44]
 2374              	.L140:
1321:../../../firmware/n32h7xx_std_periph_driver/src/n32h7xx_sdmmc.c ****     }
1322:../../../firmware/n32h7xx_std_periph_driver/src/n32h7xx_sdmmc.c **** 
1323:../../../firmware/n32h7xx_std_periph_driver/src/n32h7xx_sdmmc.c ****     if((SDHOSTx->CAP1STS & SDHOST_CAP1_SDR104_MASK) == SDHOST_CAP1_SDR104_MASK)
ARM GAS  /tmp/ccIS8uvp.s 			page 66


 2375              		.loc 1 1323 16
 2376 00f4 7B68     		ldr	r3, [r7, #4]
 2377 00f6 5B6C     		ldr	r3, [r3, #68]
 2378              		.loc 1 1323 26
 2379 00f8 03F00203 		and	r3, r3, #2
 2380              		.loc 1 1323 7
 2381 00fc 022B     		cmp	r3, #2
 2382 00fe 04D1     		bne	.L141
1324:../../../firmware/n32h7xx_std_periph_driver/src/n32h7xx_sdmmc.c ****     {
1325:../../../firmware/n32h7xx_std_periph_driver/src/n32h7xx_sdmmc.c ****         capability->SDR104 = SDMMC_SDR104SUPPORT;
 2383              		.loc 1 1325 28
 2384 0100 3B68     		ldr	r3, [r7]
 2385 0102 4FF40052 		mov	r2, #8192
 2386 0106 9A61     		str	r2, [r3, #24]
 2387 0108 02E0     		b	.L142
 2388              	.L141:
1326:../../../firmware/n32h7xx_std_periph_driver/src/n32h7xx_sdmmc.c ****     }
1327:../../../firmware/n32h7xx_std_periph_driver/src/n32h7xx_sdmmc.c ****     else
1328:../../../firmware/n32h7xx_std_periph_driver/src/n32h7xx_sdmmc.c ****     {
1329:../../../firmware/n32h7xx_std_periph_driver/src/n32h7xx_sdmmc.c ****         capability->SDR104 = SDMMC_SDR104UNSUPPORT;
 2389              		.loc 1 1329 28
 2390 010a 3B68     		ldr	r3, [r7]
 2391 010c 0022     		movs	r2, #0
 2392 010e 9A61     		str	r2, [r3, #24]
 2393              	.L142:
1330:../../../firmware/n32h7xx_std_periph_driver/src/n32h7xx_sdmmc.c ****     }
1331:../../../firmware/n32h7xx_std_periph_driver/src/n32h7xx_sdmmc.c **** 
1332:../../../firmware/n32h7xx_std_periph_driver/src/n32h7xx_sdmmc.c ****     if((SDHOSTx->CAP1STS & SDHOST_CAP1_SDR50_MASK) == SDHOST_CAP1_SDR50_MASK)
 2394              		.loc 1 1332 16
 2395 0110 7B68     		ldr	r3, [r7, #4]
 2396 0112 5B6C     		ldr	r3, [r3, #68]
 2397              		.loc 1 1332 26
 2398 0114 03F00103 		and	r3, r3, #1
 2399              		.loc 1 1332 7
 2400 0118 012B     		cmp	r3, #1
 2401 011a 04D1     		bne	.L143
1333:../../../firmware/n32h7xx_std_periph_driver/src/n32h7xx_sdmmc.c ****     {
1334:../../../firmware/n32h7xx_std_periph_driver/src/n32h7xx_sdmmc.c ****         capability->SDR50 = SDMMC_SDR50SUPPORT;
 2402              		.loc 1 1334 27
 2403 011c 3B68     		ldr	r3, [r7]
 2404 011e 4FF48052 		mov	r2, #4096
 2405 0122 DA61     		str	r2, [r3, #28]
 2406 0124 02E0     		b	.L144
 2407              	.L143:
1335:../../../firmware/n32h7xx_std_periph_driver/src/n32h7xx_sdmmc.c ****     }
1336:../../../firmware/n32h7xx_std_periph_driver/src/n32h7xx_sdmmc.c ****     else
1337:../../../firmware/n32h7xx_std_periph_driver/src/n32h7xx_sdmmc.c ****     {
1338:../../../firmware/n32h7xx_std_periph_driver/src/n32h7xx_sdmmc.c ****         capability->SDR50 = SDMMC_SDR50UNSUPPORT;
 2408              		.loc 1 1338 27
 2409 0126 3B68     		ldr	r3, [r7]
 2410 0128 0022     		movs	r2, #0
 2411 012a DA61     		str	r2, [r3, #28]
 2412              	.L144:
1339:../../../firmware/n32h7xx_std_periph_driver/src/n32h7xx_sdmmc.c ****     }
1340:../../../firmware/n32h7xx_std_periph_driver/src/n32h7xx_sdmmc.c **** 
1341:../../../firmware/n32h7xx_std_periph_driver/src/n32h7xx_sdmmc.c ****     if((SDHOSTx->CAP0STS & SDHOST_CAP0_SLOTTYPE_MASK) == SDHOST_CAP0STS_STYP_0)
 2413              		.loc 1 1341 16
ARM GAS  /tmp/ccIS8uvp.s 			page 67


 2414 012c 7B68     		ldr	r3, [r7, #4]
 2415 012e 1B6C     		ldr	r3, [r3, #64]
 2416              		.loc 1 1341 26
 2417 0130 03F04043 		and	r3, r3, #-1073741824
 2418              		.loc 1 1341 7
 2419 0134 B3F1804F 		cmp	r3, #1073741824
 2420 0138 04D1     		bne	.L145
1342:../../../firmware/n32h7xx_std_periph_driver/src/n32h7xx_sdmmc.c ****     {
1343:../../../firmware/n32h7xx_std_periph_driver/src/n32h7xx_sdmmc.c ****         capability->SlotType = SDMMC_EMMCTYPE;
 2421              		.loc 1 1343 30
 2422 013a 3B68     		ldr	r3, [r7]
 2423 013c 4FF48062 		mov	r2, #1024
 2424 0140 1A62     		str	r2, [r3, #32]
 2425 0142 02E0     		b	.L146
 2426              	.L145:
1344:../../../firmware/n32h7xx_std_periph_driver/src/n32h7xx_sdmmc.c ****     }
1345:../../../firmware/n32h7xx_std_periph_driver/src/n32h7xx_sdmmc.c ****     else
1346:../../../firmware/n32h7xx_std_periph_driver/src/n32h7xx_sdmmc.c ****     {
1347:../../../firmware/n32h7xx_std_periph_driver/src/n32h7xx_sdmmc.c ****         capability->SlotType = SDMMC_SDTYPE;
 2427              		.loc 1 1347 30
 2428 0144 3B68     		ldr	r3, [r7]
 2429 0146 0022     		movs	r2, #0
 2430 0148 1A62     		str	r2, [r3, #32]
 2431              	.L146:
1348:../../../firmware/n32h7xx_std_periph_driver/src/n32h7xx_sdmmc.c ****     }
1349:../../../firmware/n32h7xx_std_periph_driver/src/n32h7xx_sdmmc.c **** 
1350:../../../firmware/n32h7xx_std_periph_driver/src/n32h7xx_sdmmc.c ****     if((SDHOSTx->CAP1STS & SDHOST_CAP1_SPIBMOD_MASK) == SDHOST_CAP1_SPIBMOD_MASK)
 2432              		.loc 1 1350 16
 2433 014a 7B68     		ldr	r3, [r7, #4]
 2434 014c 5B6C     		ldr	r3, [r3, #68]
 2435              		.loc 1 1350 26
 2436 014e 03F00073 		and	r3, r3, #33554432
 2437              		.loc 1 1350 7
 2438 0152 B3F1007F 		cmp	r3, #33554432
 2439 0156 04D1     		bne	.L147
1351:../../../firmware/n32h7xx_std_periph_driver/src/n32h7xx_sdmmc.c ****     {
1352:../../../firmware/n32h7xx_std_periph_driver/src/n32h7xx_sdmmc.c ****         capability->SPIBlockMode = SDMMC_SPIBLOCKMODESUPPORT;
 2440              		.loc 1 1352 34
 2441 0158 3B68     		ldr	r3, [r7]
 2442 015a 4FF40022 		mov	r2, #524288
 2443 015e DA60     		str	r2, [r3, #12]
 2444 0160 02E0     		b	.L148
 2445              	.L147:
1353:../../../firmware/n32h7xx_std_periph_driver/src/n32h7xx_sdmmc.c ****     }
1354:../../../firmware/n32h7xx_std_periph_driver/src/n32h7xx_sdmmc.c ****     else
1355:../../../firmware/n32h7xx_std_periph_driver/src/n32h7xx_sdmmc.c ****     {
1356:../../../firmware/n32h7xx_std_periph_driver/src/n32h7xx_sdmmc.c ****         capability->SPIBlockMode = SDMMC_SPIBLOCKMODEUNSUPPORT;
 2446              		.loc 1 1356 34
 2447 0162 3B68     		ldr	r3, [r7]
 2448 0164 0022     		movs	r2, #0
 2449 0166 DA60     		str	r2, [r3, #12]
 2450              	.L148:
1357:../../../firmware/n32h7xx_std_periph_driver/src/n32h7xx_sdmmc.c ****     }
1358:../../../firmware/n32h7xx_std_periph_driver/src/n32h7xx_sdmmc.c **** 
1359:../../../firmware/n32h7xx_std_periph_driver/src/n32h7xx_sdmmc.c ****     if((SDHOSTx->CAP1STS & SDHOST_CAP1_SPIMOD_MASK) == SDHOST_CAP1_SPIMOD_MASK)
 2451              		.loc 1 1359 16
 2452 0168 7B68     		ldr	r3, [r7, #4]
ARM GAS  /tmp/ccIS8uvp.s 			page 68


 2453 016a 5B6C     		ldr	r3, [r3, #68]
 2454              		.loc 1 1359 26
 2455 016c 03F08073 		and	r3, r3, #16777216
 2456              		.loc 1 1359 7
 2457 0170 B3F1807F 		cmp	r3, #16777216
 2458 0174 04D1     		bne	.L149
1360:../../../firmware/n32h7xx_std_periph_driver/src/n32h7xx_sdmmc.c ****     {
1361:../../../firmware/n32h7xx_std_periph_driver/src/n32h7xx_sdmmc.c ****         capability->SPIMode = SDMMC_SPIMODESUPPORT;
 2459              		.loc 1 1361 29
 2460 0176 3B68     		ldr	r3, [r7]
 2461 0178 4FF48022 		mov	r2, #262144
 2462 017c 1A61     		str	r2, [r3, #16]
 2463 017e 02E0     		b	.L150
 2464              	.L149:
1362:../../../firmware/n32h7xx_std_periph_driver/src/n32h7xx_sdmmc.c ****     }
1363:../../../firmware/n32h7xx_std_periph_driver/src/n32h7xx_sdmmc.c ****     else
1364:../../../firmware/n32h7xx_std_periph_driver/src/n32h7xx_sdmmc.c ****     {
1365:../../../firmware/n32h7xx_std_periph_driver/src/n32h7xx_sdmmc.c ****         capability->SPIMode = SDMMC_SPIMODEUNSUPPORT;
 2465              		.loc 1 1365 29
 2466 0180 3B68     		ldr	r3, [r7]
 2467 0182 0022     		movs	r2, #0
 2468 0184 1A61     		str	r2, [r3, #16]
 2469              	.L150:
1366:../../../firmware/n32h7xx_std_periph_driver/src/n32h7xx_sdmmc.c ****     }
1367:../../../firmware/n32h7xx_std_periph_driver/src/n32h7xx_sdmmc.c **** 
1368:../../../firmware/n32h7xx_std_periph_driver/src/n32h7xx_sdmmc.c ****     if((SDHOSTx->CAP0STS & SDHOST_CAP0_SRS_MASK) == SDHOST_CAP0_SRS_MASK)
 2470              		.loc 1 1368 16
 2471 0186 7B68     		ldr	r3, [r7, #4]
 2472 0188 1B6C     		ldr	r3, [r3, #64]
 2473              		.loc 1 1368 26
 2474 018a 03F40003 		and	r3, r3, #8388608
 2475              		.loc 1 1368 7
 2476 018e B3F5000F 		cmp	r3, #8388608
 2477 0192 03D1     		bne	.L151
1369:../../../firmware/n32h7xx_std_periph_driver/src/n32h7xx_sdmmc.c ****     {
1370:../../../firmware/n32h7xx_std_periph_driver/src/n32h7xx_sdmmc.c ****         capability->Suspend_Resume = SDMMC_SUSRESSUPPORT;
 2478              		.loc 1 1370 36
 2479 0194 3B68     		ldr	r3, [r7]
 2480 0196 1022     		movs	r2, #16
 2481 0198 9A62     		str	r2, [r3, #40]
 2482 019a 02E0     		b	.L152
 2483              	.L151:
1371:../../../firmware/n32h7xx_std_periph_driver/src/n32h7xx_sdmmc.c ****     }
1372:../../../firmware/n32h7xx_std_periph_driver/src/n32h7xx_sdmmc.c ****     else
1373:../../../firmware/n32h7xx_std_periph_driver/src/n32h7xx_sdmmc.c ****     {
1374:../../../firmware/n32h7xx_std_periph_driver/src/n32h7xx_sdmmc.c ****         capability->Suspend_Resume = SDMMC_SUSRESUNSUPPORT;
 2484              		.loc 1 1374 36
 2485 019c 3B68     		ldr	r3, [r7]
 2486 019e 0022     		movs	r2, #0
 2487 01a0 9A62     		str	r2, [r3, #40]
 2488              	.L152:
1375:../../../firmware/n32h7xx_std_periph_driver/src/n32h7xx_sdmmc.c ****     }
1376:../../../firmware/n32h7xx_std_periph_driver/src/n32h7xx_sdmmc.c **** 
1377:../../../firmware/n32h7xx_std_periph_driver/src/n32h7xx_sdmmc.c ****     if((SDHOSTx->CAP0STS & SDHOST_CAP0_TCLKU_MASK) == SDHOST_CAP0_TCLKU_MASK)
 2489              		.loc 1 1377 16
 2490 01a2 7B68     		ldr	r3, [r7, #4]
 2491 01a4 1B6C     		ldr	r3, [r3, #64]
ARM GAS  /tmp/ccIS8uvp.s 			page 69


 2492              		.loc 1 1377 26
 2493 01a6 03F08003 		and	r3, r3, #128
 2494              		.loc 1 1377 7
 2495 01aa 802B     		cmp	r3, #128
 2496 01ac 04D1     		bne	.L153
1378:../../../firmware/n32h7xx_std_periph_driver/src/n32h7xx_sdmmc.c ****     {
1379:../../../firmware/n32h7xx_std_periph_driver/src/n32h7xx_sdmmc.c ****         capability->TimeOutUnit = SDMMC_TIMEOUTCLKUNIT_MHZ;
 2497              		.loc 1 1379 33
 2498 01ae 3B68     		ldr	r3, [r7]
 2499 01b0 4FF40052 		mov	r2, #8192
 2500 01b4 9A60     		str	r2, [r3, #8]
 2501 01b6 02E0     		b	.L154
 2502              	.L153:
1380:../../../firmware/n32h7xx_std_periph_driver/src/n32h7xx_sdmmc.c ****     }
1381:../../../firmware/n32h7xx_std_periph_driver/src/n32h7xx_sdmmc.c ****     else
1382:../../../firmware/n32h7xx_std_periph_driver/src/n32h7xx_sdmmc.c ****     {
1383:../../../firmware/n32h7xx_std_periph_driver/src/n32h7xx_sdmmc.c ****         capability->TimeOutUnit = SDMMC_TIMEOUTCLKUNIT_KHZ;
 2503              		.loc 1 1383 33
 2504 01b8 3B68     		ldr	r3, [r7]
 2505 01ba 0022     		movs	r2, #0
 2506 01bc 9A60     		str	r2, [r3, #8]
 2507              	.L154:
1384:../../../firmware/n32h7xx_std_periph_driver/src/n32h7xx_sdmmc.c ****     }
1385:../../../firmware/n32h7xx_std_periph_driver/src/n32h7xx_sdmmc.c **** 
1386:../../../firmware/n32h7xx_std_periph_driver/src/n32h7xx_sdmmc.c ****     if((SDHOSTx->CAP1STS & SDHOST_CAP1_UTFSDR50_MASK) == SDHOST_CAP1_UTFSDR50_MASK)
 2508              		.loc 1 1386 16
 2509 01be 7B68     		ldr	r3, [r7, #4]
 2510 01c0 5B6C     		ldr	r3, [r3, #68]
 2511              		.loc 1 1386 26
 2512 01c2 03F40053 		and	r3, r3, #8192
 2513              		.loc 1 1386 7
 2514 01c6 B3F5005F 		cmp	r3, #8192
 2515 01ca 03D1     		bne	.L155
1387:../../../firmware/n32h7xx_std_periph_driver/src/n32h7xx_sdmmc.c ****     {
1388:../../../firmware/n32h7xx_std_periph_driver/src/n32h7xx_sdmmc.c ****         capability->UseTuningSDR50 = SDMMC_SDR50TUNING;
 2516              		.loc 1 1388 36
 2517 01cc 3B68     		ldr	r3, [r7]
 2518 01ce 1022     		movs	r2, #16
 2519 01d0 DA63     		str	r2, [r3, #60]
1389:../../../firmware/n32h7xx_std_periph_driver/src/n32h7xx_sdmmc.c ****     }
1390:../../../firmware/n32h7xx_std_periph_driver/src/n32h7xx_sdmmc.c ****     else
1391:../../../firmware/n32h7xx_std_periph_driver/src/n32h7xx_sdmmc.c ****     {
1392:../../../firmware/n32h7xx_std_periph_driver/src/n32h7xx_sdmmc.c ****         capability->UseTuningSDR50 = SDMMC_SDR50UNTUNING;
1393:../../../firmware/n32h7xx_std_periph_driver/src/n32h7xx_sdmmc.c ****     }
1394:../../../firmware/n32h7xx_std_periph_driver/src/n32h7xx_sdmmc.c **** }
 2520              		.loc 1 1394 1
 2521 01d2 02E0     		b	.L157
 2522              	.L155:
1392:../../../firmware/n32h7xx_std_periph_driver/src/n32h7xx_sdmmc.c ****     }
 2523              		.loc 1 1392 36
 2524 01d4 3B68     		ldr	r3, [r7]
 2525 01d6 0022     		movs	r2, #0
 2526 01d8 DA63     		str	r2, [r3, #60]
 2527              	.L157:
 2528              		.loc 1 1394 1
 2529 01da 00BF     		nop
 2530 01dc 0C37     		adds	r7, r7, #12
ARM GAS  /tmp/ccIS8uvp.s 			page 70


 2531              	.LCFI74:
 2532              		.cfi_def_cfa_offset 4
 2533 01de BD46     		mov	sp, r7
 2534              	.LCFI75:
 2535              		.cfi_def_cfa_register 13
 2536              		@ sp needed
 2537 01e0 80BC     		pop	{r7}
 2538              	.LCFI76:
 2539              		.cfi_restore 7
 2540              		.cfi_def_cfa_offset 0
 2541 01e2 7047     		bx	lr
 2542              		.cfi_endproc
 2543              	.LFE160:
 2545              		.section	.text.SDMMC_GetPresetvalue,"ax",%progbits
 2546              		.align	1
 2547              		.global	SDMMC_GetPresetvalue
 2548              		.syntax unified
 2549              		.thumb
 2550              		.thumb_func
 2552              	SDMMC_GetPresetvalue:
 2553              	.LFB161:
1395:../../../firmware/n32h7xx_std_periph_driver/src/n32h7xx_sdmmc.c **** 
1396:../../../firmware/n32h7xx_std_periph_driver/src/n32h7xx_sdmmc.c **** 
1397:../../../firmware/n32h7xx_std_periph_driver/src/n32h7xx_sdmmc.c **** /**
1398:../../../firmware/n32h7xx_std_periph_driver/src/n32h7xx_sdmmc.c ****  *\*\name   SDMMC_GetPresetvalue.
1399:../../../firmware/n32h7xx_std_periph_driver/src/n32h7xx_sdmmc.c ****  *\*\fun    Get SDHSOT presetvalue structure value.
1400:../../../firmware/n32h7xx_std_periph_driver/src/n32h7xx_sdmmc.c ****  *\*\param  SDHOSTx :
1401:../../../firmware/n32h7xx_std_periph_driver/src/n32h7xx_sdmmc.c ****  *\*\          - SDHOST1
1402:../../../firmware/n32h7xx_std_periph_driver/src/n32h7xx_sdmmc.c ****  *\*\          - SDHOST2
1403:../../../firmware/n32h7xx_std_periph_driver/src/n32h7xx_sdmmc.c ****  *\*\param  presetvalue: pointer to a SDHOST_presetvalue structure.
1404:../../../firmware/n32h7xx_std_periph_driver/src/n32h7xx_sdmmc.c ****  *\*\           - DSSDCLKFreq      : SDCLK Frequency Select Value for Default Speed
1405:../../../firmware/n32h7xx_std_periph_driver/src/n32h7xx_sdmmc.c ****  *\*\               - 0x00~0x3FF ; 2N frequency division
1406:../../../firmware/n32h7xx_std_periph_driver/src/n32h7xx_sdmmc.c ****  *\*\           - INITSDCLKFreq    :SDCLK Frequency Select Value for Initialization
1407:../../../firmware/n32h7xx_std_periph_driver/src/n32h7xx_sdmmc.c ****  *\*\               - 0x00~0x3FF ; 2N frequency division
1408:../../../firmware/n32h7xx_std_periph_driver/src/n32h7xx_sdmmc.c ****  *\*\           - SDR12SDCLKFreq  : SDCLK Frequency Select Value for SDR12
1409:../../../firmware/n32h7xx_std_periph_driver/src/n32h7xx_sdmmc.c ****  *\*\               - 0x00~0x3FF ; 2N frequency division
1410:../../../firmware/n32h7xx_std_periph_driver/src/n32h7xx_sdmmc.c ****  *\*\           - HSSDCLKFreq     : SDCLK Frequency Select Value for High Speed
1411:../../../firmware/n32h7xx_std_periph_driver/src/n32h7xx_sdmmc.c ****  *\*\               - 0x00~0x3FF ; 2N frequency division
1412:../../../firmware/n32h7xx_std_periph_driver/src/n32h7xx_sdmmc.c ****  *\*\           - SDR50SDCLKFreq  : SDCLK Frequency Select Value for SDR50
1413:../../../firmware/n32h7xx_std_periph_driver/src/n32h7xx_sdmmc.c ****  *\*\               - 0x00~0x3FF ; 2N frequency division
1414:../../../firmware/n32h7xx_std_periph_driver/src/n32h7xx_sdmmc.c ****  *\*\           - SDR25SDCLKFreq   : SDCLK Frequency Select Value for SDR25
1415:../../../firmware/n32h7xx_std_periph_driver/src/n32h7xx_sdmmc.c ****  *\*\               - 0x00~0x3FF ; 2N frequency division
1416:../../../firmware/n32h7xx_std_periph_driver/src/n32h7xx_sdmmc.c ****  *\*\           - SDR104SDCLKFreq  : SDCLK Frequency Select Value for SDR104
1417:../../../firmware/n32h7xx_std_periph_driver/src/n32h7xx_sdmmc.c ****  *\*\               - 0x00~0x3FF ; 2N frequency division
1418:../../../firmware/n32h7xx_std_periph_driver/src/n32h7xx_sdmmc.c ****  *\*\           - DDR50SDCLKFreq   : SDCLK Frequency Select Value for DDR50
1419:../../../firmware/n32h7xx_std_periph_driver/src/n32h7xx_sdmmc.c ****  *\*\               - 0x00~0x3FF ; 2N frequency division
1420:../../../firmware/n32h7xx_std_periph_driver/src/n32h7xx_sdmmc.c ****  *\*\return none
1421:../../../firmware/n32h7xx_std_periph_driver/src/n32h7xx_sdmmc.c ****  */
1422:../../../firmware/n32h7xx_std_periph_driver/src/n32h7xx_sdmmc.c **** void SDMMC_GetPresetvalue(SDHOST_Module* SDHOSTx, SDHOST_presetvalue *presetvalue)
1423:../../../firmware/n32h7xx_std_periph_driver/src/n32h7xx_sdmmc.c **** {
 2554              		.loc 1 1423 1
 2555              		.cfi_startproc
 2556              		@ args = 0, pretend = 0, frame = 8
 2557              		@ frame_needed = 1, uses_anonymous_args = 0
 2558              		@ link register save eliminated.
 2559 0000 80B4     		push	{r7}
 2560              	.LCFI77:
ARM GAS  /tmp/ccIS8uvp.s 			page 71


 2561              		.cfi_def_cfa_offset 4
 2562              		.cfi_offset 7, -4
 2563 0002 83B0     		sub	sp, sp, #12
 2564              	.LCFI78:
 2565              		.cfi_def_cfa_offset 16
 2566 0004 00AF     		add	r7, sp, #0
 2567              	.LCFI79:
 2568              		.cfi_def_cfa_register 7
 2569 0006 7860     		str	r0, [r7, #4]
 2570 0008 3960     		str	r1, [r7]
1424:../../../firmware/n32h7xx_std_periph_driver/src/n32h7xx_sdmmc.c ****     presetvalue->DSSDCLKFreq     = ((SDHOSTx->PV0STS & SDHOST_PV0_DSCLKFS_MASK) >> SDHOST_PV0_DSCLK
 2571              		.loc 1 1424 45
 2572 000a 7B68     		ldr	r3, [r7, #4]
 2573 000c 1B6E     		ldr	r3, [r3, #96]
 2574              		.loc 1 1424 81
 2575 000e 1B0C     		lsrs	r3, r3, #16
 2576 0010 C3F30902 		ubfx	r2, r3, #0, #10
 2577              		.loc 1 1424 34
 2578 0014 3B68     		ldr	r3, [r7]
 2579 0016 1A60     		str	r2, [r3]
1425:../../../firmware/n32h7xx_std_periph_driver/src/n32h7xx_sdmmc.c ****     presetvalue->INITSDCLKFreq   = (SDHOSTx->PV0STS & SDHOST_PV0_INITCLKFS_MASK);
 2580              		.loc 1 1425 44
 2581 0018 7B68     		ldr	r3, [r7, #4]
 2582 001a 1B6E     		ldr	r3, [r3, #96]
 2583              		.loc 1 1425 53
 2584 001c C3F30902 		ubfx	r2, r3, #0, #10
 2585              		.loc 1 1425 34
 2586 0020 3B68     		ldr	r3, [r7]
 2587 0022 5A60     		str	r2, [r3, #4]
1426:../../../firmware/n32h7xx_std_periph_driver/src/n32h7xx_sdmmc.c ****     presetvalue->SDR12SDCLKFreq  = ((SDHOSTx->PV1STS & SDHOST_PV1_SDR12CLKFS_MASK) >> SDHOST_PV1_SD
 2588              		.loc 1 1426 45
 2589 0024 7B68     		ldr	r3, [r7, #4]
 2590 0026 5B6E     		ldr	r3, [r3, #100]
 2591              		.loc 1 1426 84
 2592 0028 1B0C     		lsrs	r3, r3, #16
 2593 002a C3F30902 		ubfx	r2, r3, #0, #10
 2594              		.loc 1 1426 34
 2595 002e 3B68     		ldr	r3, [r7]
 2596 0030 9A60     		str	r2, [r3, #8]
1427:../../../firmware/n32h7xx_std_periph_driver/src/n32h7xx_sdmmc.c ****     presetvalue->HSSDCLKFreq     = (SDHOSTx->PV1STS & SDHOST_PV1_HSCLKFS_MASK);
 2597              		.loc 1 1427 44
 2598 0032 7B68     		ldr	r3, [r7, #4]
 2599 0034 5B6E     		ldr	r3, [r3, #100]
 2600              		.loc 1 1427 53
 2601 0036 C3F30902 		ubfx	r2, r3, #0, #10
 2602              		.loc 1 1427 34
 2603 003a 3B68     		ldr	r3, [r7]
 2604 003c DA60     		str	r2, [r3, #12]
1428:../../../firmware/n32h7xx_std_periph_driver/src/n32h7xx_sdmmc.c ****     presetvalue->SDR50SDCLKFreq  = ((SDHOSTx->PV2STS & SDHOST_PV2_SDR50CLKFS_MASK) >> SDHOST_PV2_SD
 2605              		.loc 1 1428 45
 2606 003e 7B68     		ldr	r3, [r7, #4]
 2607 0040 9B6E     		ldr	r3, [r3, #104]
 2608              		.loc 1 1428 84
 2609 0042 1B0C     		lsrs	r3, r3, #16
 2610 0044 C3F30902 		ubfx	r2, r3, #0, #10
 2611              		.loc 1 1428 34
 2612 0048 3B68     		ldr	r3, [r7]
ARM GAS  /tmp/ccIS8uvp.s 			page 72


 2613 004a 1A61     		str	r2, [r3, #16]
1429:../../../firmware/n32h7xx_std_periph_driver/src/n32h7xx_sdmmc.c ****     presetvalue->SDR25SDCLKFreq  = (SDHOSTx->PV2STS & SDHOST_PV2_SDR25CLKFS_MASK);
 2614              		.loc 1 1429 44
 2615 004c 7B68     		ldr	r3, [r7, #4]
 2616 004e 9B6E     		ldr	r3, [r3, #104]
 2617              		.loc 1 1429 53
 2618 0050 C3F30902 		ubfx	r2, r3, #0, #10
 2619              		.loc 1 1429 34
 2620 0054 3B68     		ldr	r3, [r7]
 2621 0056 5A61     		str	r2, [r3, #20]
1430:../../../firmware/n32h7xx_std_periph_driver/src/n32h7xx_sdmmc.c ****     presetvalue->DDR50SDCLKFreq  = ((SDHOSTx->PV3STS & SDHOST_PV3_DDR50CLKFS_MASK) >> SDHOST_PV3_DD
 2622              		.loc 1 1430 45
 2623 0058 7B68     		ldr	r3, [r7, #4]
 2624 005a DB6E     		ldr	r3, [r3, #108]
 2625              		.loc 1 1430 84
 2626 005c 1B0C     		lsrs	r3, r3, #16
 2627 005e C3F30902 		ubfx	r2, r3, #0, #10
 2628              		.loc 1 1430 34
 2629 0062 3B68     		ldr	r3, [r7]
 2630 0064 DA61     		str	r2, [r3, #28]
1431:../../../firmware/n32h7xx_std_periph_driver/src/n32h7xx_sdmmc.c ****     presetvalue->SDR104SDCLKFreq = (SDHOSTx->PV3STS & SDHOST_PV3_SDR104CLKFS_MASK);
 2631              		.loc 1 1431 44
 2632 0066 7B68     		ldr	r3, [r7, #4]
 2633 0068 DB6E     		ldr	r3, [r3, #108]
 2634              		.loc 1 1431 53
 2635 006a C3F30902 		ubfx	r2, r3, #0, #10
 2636              		.loc 1 1431 34
 2637 006e 3B68     		ldr	r3, [r7]
 2638 0070 9A61     		str	r2, [r3, #24]
1432:../../../firmware/n32h7xx_std_periph_driver/src/n32h7xx_sdmmc.c **** }
 2639              		.loc 1 1432 1
 2640 0072 00BF     		nop
 2641 0074 0C37     		adds	r7, r7, #12
 2642              	.LCFI80:
 2643              		.cfi_def_cfa_offset 4
 2644 0076 BD46     		mov	sp, r7
 2645              	.LCFI81:
 2646              		.cfi_def_cfa_register 13
 2647              		@ sp needed
 2648 0078 80BC     		pop	{r7}
 2649              	.LCFI82:
 2650              		.cfi_restore 7
 2651              		.cfi_def_cfa_offset 0
 2652 007a 7047     		bx	lr
 2653              		.cfi_endproc
 2654              	.LFE161:
 2656              		.section	.text.SDMMC_EnableSDCLK,"ax",%progbits
 2657              		.align	1
 2658              		.global	SDMMC_EnableSDCLK
 2659              		.syntax unified
 2660              		.thumb
 2661              		.thumb_func
 2663              	SDMMC_EnableSDCLK:
 2664              	.LFB162:
1433:../../../firmware/n32h7xx_std_periph_driver/src/n32h7xx_sdmmc.c **** 
1434:../../../firmware/n32h7xx_std_periph_driver/src/n32h7xx_sdmmc.c **** 
1435:../../../firmware/n32h7xx_std_periph_driver/src/n32h7xx_sdmmc.c **** /**
ARM GAS  /tmp/ccIS8uvp.s 			page 73


1436:../../../firmware/n32h7xx_std_periph_driver/src/n32h7xx_sdmmc.c ****  *\*\name    SDMMC_EnableSDCLK
1437:../../../firmware/n32h7xx_std_periph_driver/src/n32h7xx_sdmmc.c ****  *\*\fun     Enables or disables SD Clock.
1438:../../../firmware/n32h7xx_std_periph_driver/src/n32h7xx_sdmmc.c ****  *\*\param   SDHOSTx :
1439:../../../firmware/n32h7xx_std_periph_driver/src/n32h7xx_sdmmc.c ****  *\*\          - SDHOST1
1440:../../../firmware/n32h7xx_std_periph_driver/src/n32h7xx_sdmmc.c ****  *\*\          - SDHOST2
1441:../../../firmware/n32h7xx_std_periph_driver/src/n32h7xx_sdmmc.c ****  *\*\param   Cmd (The input parameters must be the following values):
1442:../../../firmware/n32h7xx_std_periph_driver/src/n32h7xx_sdmmc.c ****  *\*\          - ENABLE
1443:../../../firmware/n32h7xx_std_periph_driver/src/n32h7xx_sdmmc.c ****  *\*\          - DISABLE
1444:../../../firmware/n32h7xx_std_periph_driver/src/n32h7xx_sdmmc.c ****  *\*\return  none
1445:../../../firmware/n32h7xx_std_periph_driver/src/n32h7xx_sdmmc.c ****  */
1446:../../../firmware/n32h7xx_std_periph_driver/src/n32h7xx_sdmmc.c **** void SDMMC_EnableSDCLK(SDHOST_Module* SDHOSTx, FunctionalState Cmd)
1447:../../../firmware/n32h7xx_std_periph_driver/src/n32h7xx_sdmmc.c **** {
 2665              		.loc 1 1447 1
 2666              		.cfi_startproc
 2667              		@ args = 0, pretend = 0, frame = 8
 2668              		@ frame_needed = 1, uses_anonymous_args = 0
 2669              		@ link register save eliminated.
 2670 0000 80B4     		push	{r7}
 2671              	.LCFI83:
 2672              		.cfi_def_cfa_offset 4
 2673              		.cfi_offset 7, -4
 2674 0002 83B0     		sub	sp, sp, #12
 2675              	.LCFI84:
 2676              		.cfi_def_cfa_offset 16
 2677 0004 00AF     		add	r7, sp, #0
 2678              	.LCFI85:
 2679              		.cfi_def_cfa_register 7
 2680 0006 7860     		str	r0, [r7, #4]
 2681 0008 0B46     		mov	r3, r1
 2682 000a FB70     		strb	r3, [r7, #3]
1448:../../../firmware/n32h7xx_std_periph_driver/src/n32h7xx_sdmmc.c ****     if (Cmd != DISABLE)
 2683              		.loc 1 1448 8
 2684 000c FB78     		ldrb	r3, [r7, #3]	@ zero_extendqisi2
 2685 000e 002B     		cmp	r3, #0
 2686 0010 06D0     		beq	.L160
1449:../../../firmware/n32h7xx_std_periph_driver/src/n32h7xx_sdmmc.c ****     {
1450:../../../firmware/n32h7xx_std_periph_driver/src/n32h7xx_sdmmc.c ****         SDHOSTx->CTRL2 |= (SDHOST_CTRL2_SDCLKE | SDHOST_CTRL2_INCLKE);
 2687              		.loc 1 1450 16
 2688 0012 7B68     		ldr	r3, [r7, #4]
 2689 0014 DB6A     		ldr	r3, [r3, #44]
 2690              		.loc 1 1450 24
 2691 0016 43F00502 		orr	r2, r3, #5
 2692 001a 7B68     		ldr	r3, [r7, #4]
 2693 001c DA62     		str	r2, [r3, #44]
1451:../../../firmware/n32h7xx_std_periph_driver/src/n32h7xx_sdmmc.c ****     }
1452:../../../firmware/n32h7xx_std_periph_driver/src/n32h7xx_sdmmc.c ****     else
1453:../../../firmware/n32h7xx_std_periph_driver/src/n32h7xx_sdmmc.c ****     {
1454:../../../firmware/n32h7xx_std_periph_driver/src/n32h7xx_sdmmc.c ****         SDHOSTx->CTRL2 &= (~(SDHOST_CTRL2_SDCLKE | SDHOST_CTRL2_INCLKE));
1455:../../../firmware/n32h7xx_std_periph_driver/src/n32h7xx_sdmmc.c ****     }
1456:../../../firmware/n32h7xx_std_periph_driver/src/n32h7xx_sdmmc.c **** }
 2694              		.loc 1 1456 1
 2695 001e 05E0     		b	.L162
 2696              	.L160:
1454:../../../firmware/n32h7xx_std_periph_driver/src/n32h7xx_sdmmc.c ****     }
 2697              		.loc 1 1454 16
 2698 0020 7B68     		ldr	r3, [r7, #4]
 2699 0022 DB6A     		ldr	r3, [r3, #44]
ARM GAS  /tmp/ccIS8uvp.s 			page 74


1454:../../../firmware/n32h7xx_std_periph_driver/src/n32h7xx_sdmmc.c ****     }
 2700              		.loc 1 1454 24
 2701 0024 23F00502 		bic	r2, r3, #5
 2702 0028 7B68     		ldr	r3, [r7, #4]
 2703 002a DA62     		str	r2, [r3, #44]
 2704              	.L162:
 2705              		.loc 1 1456 1
 2706 002c 00BF     		nop
 2707 002e 0C37     		adds	r7, r7, #12
 2708              	.LCFI86:
 2709              		.cfi_def_cfa_offset 4
 2710 0030 BD46     		mov	sp, r7
 2711              	.LCFI87:
 2712              		.cfi_def_cfa_register 13
 2713              		@ sp needed
 2714 0032 80BC     		pop	{r7}
 2715              	.LCFI88:
 2716              		.cfi_restore 7
 2717              		.cfi_def_cfa_offset 0
 2718 0034 7047     		bx	lr
 2719              		.cfi_endproc
 2720              	.LFE162:
 2722              		.section	.text.SDMMC_WaitSDCLKStable,"ax",%progbits
 2723              		.align	1
 2724              		.global	SDMMC_WaitSDCLKStable
 2725              		.syntax unified
 2726              		.thumb
 2727              		.thumb_func
 2729              	SDMMC_WaitSDCLKStable:
 2730              	.LFB163:
1457:../../../firmware/n32h7xx_std_periph_driver/src/n32h7xx_sdmmc.c **** 
1458:../../../firmware/n32h7xx_std_periph_driver/src/n32h7xx_sdmmc.c **** /**
1459:../../../firmware/n32h7xx_std_periph_driver/src/n32h7xx_sdmmc.c ****  *\*\name    SDMMC_WaitSDCLKStable
1460:../../../firmware/n32h7xx_std_periph_driver/src/n32h7xx_sdmmc.c ****  *\*\fun     Waiting for SD clock to stabilize.
1461:../../../firmware/n32h7xx_std_periph_driver/src/n32h7xx_sdmmc.c ****  *\*\param   SDHOSTx :
1462:../../../firmware/n32h7xx_std_periph_driver/src/n32h7xx_sdmmc.c ****  *\*\          - SDHOST1
1463:../../../firmware/n32h7xx_std_periph_driver/src/n32h7xx_sdmmc.c ****  *\*\          - SDHOST2
1464:../../../firmware/n32h7xx_std_periph_driver/src/n32h7xx_sdmmc.c ****  *\*\param   Cmd (The input parameters must be the following values):
1465:../../../firmware/n32h7xx_std_periph_driver/src/n32h7xx_sdmmc.c ****  *\*\          - ENABLE
1466:../../../firmware/n32h7xx_std_periph_driver/src/n32h7xx_sdmmc.c ****  *\*\          - DISABLE
1467:../../../firmware/n32h7xx_std_periph_driver/src/n32h7xx_sdmmc.c ****  *\*\return  status_value
1468:../../../firmware/n32h7xx_std_periph_driver/src/n32h7xx_sdmmc.c ****  *\*\          - SDMMC_ERROR
1469:../../../firmware/n32h7xx_std_periph_driver/src/n32h7xx_sdmmc.c ****  *\*\          - SDMMC_SUCCESS
1470:../../../firmware/n32h7xx_std_periph_driver/src/n32h7xx_sdmmc.c ****  */
1471:../../../firmware/n32h7xx_std_periph_driver/src/n32h7xx_sdmmc.c **** SDMMC_STS SDMMC_WaitSDCLKStable(SDHOST_Module* SDHOSTx)
1472:../../../firmware/n32h7xx_std_periph_driver/src/n32h7xx_sdmmc.c **** {
 2731              		.loc 1 1472 1
 2732              		.cfi_startproc
 2733              		@ args = 0, pretend = 0, frame = 16
 2734              		@ frame_needed = 1, uses_anonymous_args = 0
 2735              		@ link register save eliminated.
 2736 0000 80B4     		push	{r7}
 2737              	.LCFI89:
 2738              		.cfi_def_cfa_offset 4
 2739              		.cfi_offset 7, -4
 2740 0002 85B0     		sub	sp, sp, #20
 2741              	.LCFI90:
ARM GAS  /tmp/ccIS8uvp.s 			page 75


 2742              		.cfi_def_cfa_offset 24
 2743 0004 00AF     		add	r7, sp, #0
 2744              	.LCFI91:
 2745              		.cfi_def_cfa_register 7
 2746 0006 7860     		str	r0, [r7, #4]
1473:../../../firmware/n32h7xx_std_periph_driver/src/n32h7xx_sdmmc.c ****     SDMMC_STS status_value;
1474:../../../firmware/n32h7xx_std_periph_driver/src/n32h7xx_sdmmc.c ****     uint32_t timeout         = 0xFFFFUL;
 2747              		.loc 1 1474 14
 2748 0008 4FF6FF73 		movw	r3, #65535
 2749 000c BB60     		str	r3, [r7, #8]
1475:../../../firmware/n32h7xx_std_periph_driver/src/n32h7xx_sdmmc.c **** 
1476:../../../firmware/n32h7xx_std_periph_driver/src/n32h7xx_sdmmc.c ****     /* Wait until the SD clock is stable. */
1477:../../../firmware/n32h7xx_std_periph_driver/src/n32h7xx_sdmmc.c ****     while ((SDHOSTx->CTRL2 & SDHOST_CTRL2_INCLKSTS) != SDHOST_CTRL2_INCLKSTS)
 2750              		.loc 1 1477 11
 2751 000e 05E0     		b	.L164
 2752              	.L166:
1478:../../../firmware/n32h7xx_std_periph_driver/src/n32h7xx_sdmmc.c ****     {
1479:../../../firmware/n32h7xx_std_periph_driver/src/n32h7xx_sdmmc.c ****         timeout--;
 2753              		.loc 1 1479 16
 2754 0010 BB68     		ldr	r3, [r7, #8]
 2755 0012 013B     		subs	r3, r3, #1
 2756 0014 BB60     		str	r3, [r7, #8]
1480:../../../firmware/n32h7xx_std_periph_driver/src/n32h7xx_sdmmc.c **** 
1481:../../../firmware/n32h7xx_std_periph_driver/src/n32h7xx_sdmmc.c ****         if(timeout < 2)
 2757              		.loc 1 1481 11
 2758 0016 BB68     		ldr	r3, [r7, #8]
 2759 0018 012B     		cmp	r3, #1
 2760 001a 06D9     		bls	.L170
 2761              	.L164:
1477:../../../firmware/n32h7xx_std_periph_driver/src/n32h7xx_sdmmc.c ****     {
 2762              		.loc 1 1477 20
 2763 001c 7B68     		ldr	r3, [r7, #4]
 2764 001e DB6A     		ldr	r3, [r3, #44]
1477:../../../firmware/n32h7xx_std_periph_driver/src/n32h7xx_sdmmc.c ****     {
 2765              		.loc 1 1477 28
 2766 0020 03F00203 		and	r3, r3, #2
1477:../../../firmware/n32h7xx_std_periph_driver/src/n32h7xx_sdmmc.c ****     {
 2767              		.loc 1 1477 53
 2768 0024 022B     		cmp	r3, #2
 2769 0026 F3D1     		bne	.L166
 2770 0028 00E0     		b	.L165
 2771              	.L170:
1482:../../../firmware/n32h7xx_std_periph_driver/src/n32h7xx_sdmmc.c ****         {
1483:../../../firmware/n32h7xx_std_periph_driver/src/n32h7xx_sdmmc.c ****             break;
 2772              		.loc 1 1483 13
 2773 002a 00BF     		nop
 2774              	.L165:
1484:../../../firmware/n32h7xx_std_periph_driver/src/n32h7xx_sdmmc.c ****         }
1485:../../../firmware/n32h7xx_std_periph_driver/src/n32h7xx_sdmmc.c ****     }
1486:../../../firmware/n32h7xx_std_periph_driver/src/n32h7xx_sdmmc.c **** 
1487:../../../firmware/n32h7xx_std_periph_driver/src/n32h7xx_sdmmc.c ****     if(timeout < 2 )
 2775              		.loc 1 1487 7
 2776 002c BB68     		ldr	r3, [r7, #8]
 2777 002e 012B     		cmp	r3, #1
 2778 0030 02D8     		bhi	.L167
1488:../../../firmware/n32h7xx_std_periph_driver/src/n32h7xx_sdmmc.c ****     {
1489:../../../firmware/n32h7xx_std_periph_driver/src/n32h7xx_sdmmc.c ****         status_value = SDMMC_ERROR;
ARM GAS  /tmp/ccIS8uvp.s 			page 76


 2779              		.loc 1 1489 22
 2780 0032 0D23     		movs	r3, #13
 2781 0034 FB73     		strb	r3, [r7, #15]
 2782 0036 01E0     		b	.L168
 2783              	.L167:
1490:../../../firmware/n32h7xx_std_periph_driver/src/n32h7xx_sdmmc.c ****     }
1491:../../../firmware/n32h7xx_std_periph_driver/src/n32h7xx_sdmmc.c ****     else
1492:../../../firmware/n32h7xx_std_periph_driver/src/n32h7xx_sdmmc.c ****     {
1493:../../../firmware/n32h7xx_std_periph_driver/src/n32h7xx_sdmmc.c ****         status_value = SDMMC_SUCCESS;
 2784              		.loc 1 1493 22
 2785 0038 0C23     		movs	r3, #12
 2786 003a FB73     		strb	r3, [r7, #15]
 2787              	.L168:
1494:../../../firmware/n32h7xx_std_periph_driver/src/n32h7xx_sdmmc.c ****     }
1495:../../../firmware/n32h7xx_std_periph_driver/src/n32h7xx_sdmmc.c **** 
1496:../../../firmware/n32h7xx_std_periph_driver/src/n32h7xx_sdmmc.c ****     return status_value;
 2788              		.loc 1 1496 12
 2789 003c FB7B     		ldrb	r3, [r7, #15]	@ zero_extendqisi2
1497:../../../firmware/n32h7xx_std_periph_driver/src/n32h7xx_sdmmc.c **** }
 2790              		.loc 1 1497 1
 2791 003e 1846     		mov	r0, r3
 2792 0040 1437     		adds	r7, r7, #20
 2793              	.LCFI92:
 2794              		.cfi_def_cfa_offset 4
 2795 0042 BD46     		mov	sp, r7
 2796              	.LCFI93:
 2797              		.cfi_def_cfa_register 13
 2798              		@ sp needed
 2799 0044 80BC     		pop	{r7}
 2800              	.LCFI94:
 2801              		.cfi_restore 7
 2802              		.cfi_def_cfa_offset 0
 2803 0046 7047     		bx	lr
 2804              		.cfi_endproc
 2805              	.LFE163:
 2807              		.section	.text.SDMMC_SetSdClock,"ax",%progbits
 2808              		.align	1
 2809              		.global	SDMMC_SetSdClock
 2810              		.syntax unified
 2811              		.thumb
 2812              		.thumb_func
 2814              	SDMMC_SetSdClock:
 2815              	.LFB164:
1498:../../../firmware/n32h7xx_std_periph_driver/src/n32h7xx_sdmmc.c **** 
1499:../../../firmware/n32h7xx_std_periph_driver/src/n32h7xx_sdmmc.c **** 
1500:../../../firmware/n32h7xx_std_periph_driver/src/n32h7xx_sdmmc.c **** /**
1501:../../../firmware/n32h7xx_std_periph_driver/src/n32h7xx_sdmmc.c ****  *\*\name   SDMMC_SetSdClock.
1502:../../../firmware/n32h7xx_std_periph_driver/src/n32h7xx_sdmmc.c ****  *\*\fun    Sets the SD bus clock frequency.
1503:../../../firmware/n32h7xx_std_periph_driver/src/n32h7xx_sdmmc.c ****  *\*\param  SDHOSTx :
1504:../../../firmware/n32h7xx_std_periph_driver/src/n32h7xx_sdmmc.c ****  *\*\          - SDHOST1
1505:../../../firmware/n32h7xx_std_periph_driver/src/n32h7xx_sdmmc.c ****  *\*\          - SDHOST2
1506:../../../firmware/n32h7xx_std_periph_driver/src/n32h7xx_sdmmc.c ****  *\*\param  PresetCmd: Whether to use preset value settings.
1507:../../../firmware/n32h7xx_std_periph_driver/src/n32h7xx_sdmmc.c ****  *\*\           - ENABLE
1508:../../../firmware/n32h7xx_std_periph_driver/src/n32h7xx_sdmmc.c ****  *\*\           - DISABLE
1509:../../../firmware/n32h7xx_std_periph_driver/src/n32h7xx_sdmmc.c ****  *\*\param  prescaler: SD bus clock prescaler value.
1510:../../../firmware/n32h7xx_std_periph_driver/src/n32h7xx_sdmmc.c ****  *\*\           - 0~0x3FF  1/2N frequency division
1511:../../../firmware/n32h7xx_std_periph_driver/src/n32h7xx_sdmmc.c ****  *\*\return  status_value
ARM GAS  /tmp/ccIS8uvp.s 			page 77


1512:../../../firmware/n32h7xx_std_periph_driver/src/n32h7xx_sdmmc.c ****  *\*\          - SDMMC_ERROR
1513:../../../firmware/n32h7xx_std_periph_driver/src/n32h7xx_sdmmc.c ****  *\*\          - SDMMC_SUCCESS
1514:../../../firmware/n32h7xx_std_periph_driver/src/n32h7xx_sdmmc.c ****  */
1515:../../../firmware/n32h7xx_std_periph_driver/src/n32h7xx_sdmmc.c **** SDMMC_STS SDMMC_SetSdClock(SDHOST_Module* SDHOSTx, FunctionalState PresetCmd, uint32_t prescaler)
1516:../../../firmware/n32h7xx_std_periph_driver/src/n32h7xx_sdmmc.c **** {
 2816              		.loc 1 1516 1
 2817              		.cfi_startproc
 2818              		@ args = 0, pretend = 0, frame = 24
 2819              		@ frame_needed = 1, uses_anonymous_args = 0
 2820 0000 80B5     		push	{r7, lr}
 2821              	.LCFI95:
 2822              		.cfi_def_cfa_offset 8
 2823              		.cfi_offset 7, -8
 2824              		.cfi_offset 14, -4
 2825 0002 86B0     		sub	sp, sp, #24
 2826              	.LCFI96:
 2827              		.cfi_def_cfa_offset 32
 2828 0004 00AF     		add	r7, sp, #0
 2829              	.LCFI97:
 2830              		.cfi_def_cfa_register 7
 2831 0006 F860     		str	r0, [r7, #12]
 2832 0008 0B46     		mov	r3, r1
 2833 000a 7A60     		str	r2, [r7, #4]
 2834 000c FB72     		strb	r3, [r7, #11]
1517:../../../firmware/n32h7xx_std_periph_driver/src/n32h7xx_sdmmc.c ****     SDMMC_STS status_value;
1518:../../../firmware/n32h7xx_std_periph_driver/src/n32h7xx_sdmmc.c ****     uint32_t temp_value;
1519:../../../firmware/n32h7xx_std_periph_driver/src/n32h7xx_sdmmc.c **** 
1520:../../../firmware/n32h7xx_std_periph_driver/src/n32h7xx_sdmmc.c ****     SDMMC_EnableSDCLK(SDHOSTx, DISABLE);
 2835              		.loc 1 1520 5
 2836 000e 0021     		movs	r1, #0
 2837 0010 F868     		ldr	r0, [r7, #12]
 2838 0012 FFF7FEFF 		bl	SDMMC_EnableSDCLK
1521:../../../firmware/n32h7xx_std_periph_driver/src/n32h7xx_sdmmc.c **** 
1522:../../../firmware/n32h7xx_std_periph_driver/src/n32h7xx_sdmmc.c ****     if(PresetCmd == ENABLE)
 2839              		.loc 1 1522 7
 2840 0016 FB7A     		ldrb	r3, [r7, #11]	@ zero_extendqisi2
 2841 0018 012B     		cmp	r3, #1
 2842 001a 06D1     		bne	.L172
1523:../../../firmware/n32h7xx_std_periph_driver/src/n32h7xx_sdmmc.c ****     {
1524:../../../firmware/n32h7xx_std_periph_driver/src/n32h7xx_sdmmc.c ****         /* Use preset values */
1525:../../../firmware/n32h7xx_std_periph_driver/src/n32h7xx_sdmmc.c ****         SDHOSTx->CTRLSTS |= SDHOST_CTRLSTS_PREVE;
 2843              		.loc 1 1525 16
 2844 001c FB68     		ldr	r3, [r7, #12]
 2845 001e DB6B     		ldr	r3, [r3, #60]
 2846              		.loc 1 1525 26
 2847 0020 43F00042 		orr	r2, r3, #-2147483648
 2848 0024 FB68     		ldr	r3, [r7, #12]
 2849 0026 DA63     		str	r2, [r3, #60]
 2850 0028 19E0     		b	.L173
 2851              	.L172:
1526:../../../firmware/n32h7xx_std_periph_driver/src/n32h7xx_sdmmc.c ****     }
1527:../../../firmware/n32h7xx_std_periph_driver/src/n32h7xx_sdmmc.c ****     else
1528:../../../firmware/n32h7xx_std_periph_driver/src/n32h7xx_sdmmc.c ****     {
1529:../../../firmware/n32h7xx_std_periph_driver/src/n32h7xx_sdmmc.c ****         /* Use HD config values */
1530:../../../firmware/n32h7xx_std_periph_driver/src/n32h7xx_sdmmc.c ****         SDHOSTx->CTRLSTS &= (~SDHOST_CTRLSTS_PREVE);
 2852              		.loc 1 1530 16
 2853 002a FB68     		ldr	r3, [r7, #12]
ARM GAS  /tmp/ccIS8uvp.s 			page 78


 2854 002c DB6B     		ldr	r3, [r3, #60]
 2855              		.loc 1 1530 26
 2856 002e 23F00042 		bic	r2, r3, #-2147483648
 2857 0032 FB68     		ldr	r3, [r7, #12]
 2858 0034 DA63     		str	r2, [r3, #60]
1531:../../../firmware/n32h7xx_std_periph_driver/src/n32h7xx_sdmmc.c **** 
1532:../../../firmware/n32h7xx_std_periph_driver/src/n32h7xx_sdmmc.c ****         /* set prescaler value */
1533:../../../firmware/n32h7xx_std_periph_driver/src/n32h7xx_sdmmc.c ****         temp_value = SDHOSTx->CTRL2;
 2859              		.loc 1 1533 20
 2860 0036 FB68     		ldr	r3, [r7, #12]
 2861 0038 DB6A     		ldr	r3, [r3, #44]
 2862 003a 7B61     		str	r3, [r7, #20]
1534:../../../firmware/n32h7xx_std_periph_driver/src/n32h7xx_sdmmc.c ****         temp_value &= (~SDHOST_CTRL2_SDCLKSEL);
 2863              		.loc 1 1534 20
 2864 003c 7A69     		ldr	r2, [r7, #20]
 2865 003e 0F4B     		ldr	r3, .L175
 2866 0040 1340     		ands	r3, r3, r2
 2867 0042 7B61     		str	r3, [r7, #20]
1535:../../../firmware/n32h7xx_std_periph_driver/src/n32h7xx_sdmmc.c ****         temp_value |= (((prescaler & 0xFFUL) << REG_BIT8_OFFSET) | ((prescaler >> REG_BIT8_OFFSET) 
 2868              		.loc 1 1535 46
 2869 0044 7B68     		ldr	r3, [r7, #4]
 2870 0046 1B02     		lsls	r3, r3, #8
 2871 0048 9AB2     		uxth	r2, r3
 2872              		.loc 1 1535 80
 2873 004a 7B68     		ldr	r3, [r7, #4]
 2874 004c 1B0A     		lsrs	r3, r3, #8
 2875              		.loc 1 1535 100
 2876 004e 9B01     		lsls	r3, r3, #6
 2877              		.loc 1 1535 66
 2878 0050 1343     		orrs	r3, r3, r2
 2879              		.loc 1 1535 20
 2880 0052 7A69     		ldr	r2, [r7, #20]
 2881 0054 1343     		orrs	r3, r3, r2
 2882 0056 7B61     		str	r3, [r7, #20]
1536:../../../firmware/n32h7xx_std_periph_driver/src/n32h7xx_sdmmc.c ****         SDHOSTx->CTRL2 = temp_value;
 2883              		.loc 1 1536 24
 2884 0058 FB68     		ldr	r3, [r7, #12]
 2885 005a 7A69     		ldr	r2, [r7, #20]
 2886 005c DA62     		str	r2, [r3, #44]
 2887              	.L173:
1537:../../../firmware/n32h7xx_std_periph_driver/src/n32h7xx_sdmmc.c ****     }
1538:../../../firmware/n32h7xx_std_periph_driver/src/n32h7xx_sdmmc.c **** 
1539:../../../firmware/n32h7xx_std_periph_driver/src/n32h7xx_sdmmc.c ****     SDMMC_EnableSDCLK(SDHOSTx, ENABLE);
 2888              		.loc 1 1539 5
 2889 005e 0121     		movs	r1, #1
 2890 0060 F868     		ldr	r0, [r7, #12]
 2891 0062 FFF7FEFF 		bl	SDMMC_EnableSDCLK
1540:../../../firmware/n32h7xx_std_periph_driver/src/n32h7xx_sdmmc.c **** 
1541:../../../firmware/n32h7xx_std_periph_driver/src/n32h7xx_sdmmc.c ****     status_value = SDMMC_WaitSDCLKStable(SDHOSTx);
 2892              		.loc 1 1541 20
 2893 0066 F868     		ldr	r0, [r7, #12]
 2894 0068 FFF7FEFF 		bl	SDMMC_WaitSDCLKStable
 2895 006c 0346     		mov	r3, r0
 2896 006e FB74     		strb	r3, [r7, #19]
1542:../../../firmware/n32h7xx_std_periph_driver/src/n32h7xx_sdmmc.c ****     return status_value;
 2897              		.loc 1 1542 12
 2898 0070 FB7C     		ldrb	r3, [r7, #19]	@ zero_extendqisi2
ARM GAS  /tmp/ccIS8uvp.s 			page 79


1543:../../../firmware/n32h7xx_std_periph_driver/src/n32h7xx_sdmmc.c **** }
 2899              		.loc 1 1543 1
 2900 0072 1846     		mov	r0, r3
 2901 0074 1837     		adds	r7, r7, #24
 2902              	.LCFI98:
 2903              		.cfi_def_cfa_offset 8
 2904 0076 BD46     		mov	sp, r7
 2905              	.LCFI99:
 2906              		.cfi_def_cfa_register 13
 2907              		@ sp needed
 2908 0078 80BD     		pop	{r7, pc}
 2909              	.L176:
 2910 007a 00BF     		.align	2
 2911              	.L175:
 2912 007c 3F00FFFF 		.word	-65473
 2913              		.cfi_endproc
 2914              	.LFE164:
 2916              		.section	.text.SDMMC_ConfigemmcBoot,"ax",%progbits
 2917              		.align	1
 2918              		.global	SDMMC_ConfigemmcBoot
 2919              		.syntax unified
 2920              		.thumb
 2921              		.thumb_func
 2923              	SDMMC_ConfigemmcBoot:
 2924              	.LFB165:
1544:../../../firmware/n32h7xx_std_periph_driver/src/n32h7xx_sdmmc.c **** 
1545:../../../firmware/n32h7xx_std_periph_driver/src/n32h7xx_sdmmc.c **** 
1546:../../../firmware/n32h7xx_std_periph_driver/src/n32h7xx_sdmmc.c **** /**
1547:../../../firmware/n32h7xx_std_periph_driver/src/n32h7xx_sdmmc.c ****  *\*\name   SDMMC_ConfigemmcBoot.
1548:../../../firmware/n32h7xx_std_periph_driver/src/n32h7xx_sdmmc.c ****  *\*\fun    Configures the MMC boot feature.
1549:../../../firmware/n32h7xx_std_periph_driver/src/n32h7xx_sdmmc.c ****  *\*\param  SDHOSTx pointer to specified SDHOST,must be one of the following value:
1550:../../../firmware/n32h7xx_std_periph_driver/src/n32h7xx_sdmmc.c ****  *\*\          - SDHOST1
1551:../../../firmware/n32h7xx_std_periph_driver/src/n32h7xx_sdmmc.c ****  *\*\          - SDHOST2
1552:../../../firmware/n32h7xx_std_periph_driver/src/n32h7xx_sdmmc.c ****  *\*\param  config: pointer to a SDHOST_boot_config structure.
1553:../../../firmware/n32h7xx_std_periph_driver/src/n32h7xx_sdmmc.c ****  *\*\           - ackTimeoutCount  : Timeout value for the boot ACK
1554:../../../firmware/n32h7xx_std_periph_driver/src/n32h7xx_sdmmc.c ****  *\*\               - The available range is 0 ~ 0xFFFFFFFF. unit sd clock.
1555:../../../firmware/n32h7xx_std_periph_driver/src/n32h7xx_sdmmc.c ****  *\*\           - bootMode  : Boot mode selection
1556:../../../firmware/n32h7xx_std_periph_driver/src/n32h7xx_sdmmc.c ****  *\*\               - SDHOST_BOOTMODENORMAL       Normal boot
1557:../../../firmware/n32h7xx_std_periph_driver/src/n32h7xx_sdmmc.c ****  *\*\               - SDHOST_BOOTMODEALIERNATIVE  Alternative boot
1558:../../../firmware/n32h7xx_std_periph_driver/src/n32h7xx_sdmmc.c ****  *\*\           - blockCount  :
1559:../../../firmware/n32h7xx_std_periph_driver/src/n32h7xx_sdmmc.c ****  *\*\               - The available range is 0 ~ 0xFFFF.
1560:../../../firmware/n32h7xx_std_periph_driver/src/n32h7xx_sdmmc.c ****  *\*\           - blockSize  :
1561:../../../firmware/n32h7xx_std_periph_driver/src/n32h7xx_sdmmc.c ****  *\*\               - The available range is 0 ~ 0x0800.
1562:../../../firmware/n32h7xx_std_periph_driver/src/n32h7xx_sdmmc.c ****  *\*\           - BootAck  :
1563:../../../firmware/n32h7xx_std_periph_driver/src/n32h7xx_sdmmc.c ****  *\*\               - SDHOST_BOOTACKCHECK
1564:../../../firmware/n32h7xx_std_periph_driver/src/n32h7xx_sdmmc.c ****  *\*\               - SDHOST_BOOTNOACKCHECK
1565:../../../firmware/n32h7xx_std_periph_driver/src/n32h7xx_sdmmc.c ****  *\*\return none
1566:../../../firmware/n32h7xx_std_periph_driver/src/n32h7xx_sdmmc.c ****  */
1567:../../../firmware/n32h7xx_std_periph_driver/src/n32h7xx_sdmmc.c **** void SDMMC_ConfigemmcBoot(SDHOST_Module* SDHOSTx, const SDHOST_boot_config *config)
1568:../../../firmware/n32h7xx_std_periph_driver/src/n32h7xx_sdmmc.c **** {
 2925              		.loc 1 1568 1
 2926              		.cfi_startproc
 2927              		@ args = 0, pretend = 0, frame = 16
 2928              		@ frame_needed = 1, uses_anonymous_args = 0
 2929              		@ link register save eliminated.
 2930 0000 80B4     		push	{r7}
 2931              	.LCFI100:
ARM GAS  /tmp/ccIS8uvp.s 			page 80


 2932              		.cfi_def_cfa_offset 4
 2933              		.cfi_offset 7, -4
 2934 0002 85B0     		sub	sp, sp, #20
 2935              	.LCFI101:
 2936              		.cfi_def_cfa_offset 24
 2937 0004 00AF     		add	r7, sp, #0
 2938              	.LCFI102:
 2939              		.cfi_def_cfa_register 7
 2940 0006 7860     		str	r0, [r7, #4]
 2941 0008 3960     		str	r1, [r7]
1569:../../../firmware/n32h7xx_std_periph_driver/src/n32h7xx_sdmmc.c ****     uint32_t temp_value;
1570:../../../firmware/n32h7xx_std_periph_driver/src/n32h7xx_sdmmc.c ****     SDHOSTx->BOOTTCTRL = config->ackTimeoutCount;
 2942              		.loc 1 1570 32
 2943 000a 3B68     		ldr	r3, [r7]
 2944 000c 1A68     		ldr	r2, [r3]
 2945              		.loc 1 1570 24
 2946 000e 7B68     		ldr	r3, [r7, #4]
 2947 0010 1A67     		str	r2, [r3, #112]
1571:../../../firmware/n32h7xx_std_periph_driver/src/n32h7xx_sdmmc.c **** 
1572:../../../firmware/n32h7xx_std_periph_driver/src/n32h7xx_sdmmc.c ****     temp_value = SDHOSTx->CTRL1;
 2948              		.loc 1 1572 16
 2949 0012 7B68     		ldr	r3, [r7, #4]
 2950 0014 9B6A     		ldr	r3, [r3, #40]
 2951 0016 FB60     		str	r3, [r7, #12]
1573:../../../firmware/n32h7xx_std_periph_driver/src/n32h7xx_sdmmc.c ****     temp_value &= (~(SDHOST_BOOTMODEALIERNATIVE | SDHOST_BOOTACKCHECK));
 2952              		.loc 1 1573 16
 2953 0018 FB68     		ldr	r3, [r7, #12]
 2954 001a 23F44003 		bic	r3, r3, #12582912
 2955 001e FB60     		str	r3, [r7, #12]
1574:../../../firmware/n32h7xx_std_periph_driver/src/n32h7xx_sdmmc.c ****     temp_value |= (config->BootAck | config->bootMode);
 2956              		.loc 1 1574 26
 2957 0020 3B68     		ldr	r3, [r7]
 2958 0022 1A69     		ldr	r2, [r3, #16]
 2959              		.loc 1 1574 44
 2960 0024 3B68     		ldr	r3, [r7]
 2961 0026 5B68     		ldr	r3, [r3, #4]
 2962              		.loc 1 1574 36
 2963 0028 1343     		orrs	r3, r3, r2
 2964              		.loc 1 1574 16
 2965 002a FA68     		ldr	r2, [r7, #12]
 2966 002c 1343     		orrs	r3, r3, r2
 2967 002e FB60     		str	r3, [r7, #12]
1575:../../../firmware/n32h7xx_std_periph_driver/src/n32h7xx_sdmmc.c ****     SDHOSTx->CTRL1 = temp_value;
 2968              		.loc 1 1575 20
 2969 0030 7B68     		ldr	r3, [r7, #4]
 2970 0032 FA68     		ldr	r2, [r7, #12]
 2971 0034 9A62     		str	r2, [r3, #40]
1576:../../../firmware/n32h7xx_std_periph_driver/src/n32h7xx_sdmmc.c **** 
1577:../../../firmware/n32h7xx_std_periph_driver/src/n32h7xx_sdmmc.c ****     temp_value = SDHOSTx->BLKCFG;
 2972              		.loc 1 1577 16
 2973 0036 7B68     		ldr	r3, [r7, #4]
 2974 0038 5B68     		ldr	r3, [r3, #4]
 2975 003a FB60     		str	r3, [r7, #12]
1578:../../../firmware/n32h7xx_std_periph_driver/src/n32h7xx_sdmmc.c ****     temp_value &= (~(SDHOST_BLKCFG_CNT | SDHOST_BLKCFG_SIZE));
 2976              		.loc 1 1578 16
 2977 003c FB68     		ldr	r3, [r7, #12]
 2978 003e 03F47043 		and	r3, r3, #61440
ARM GAS  /tmp/ccIS8uvp.s 			page 81


 2979 0042 FB60     		str	r3, [r7, #12]
1579:../../../firmware/n32h7xx_std_periph_driver/src/n32h7xx_sdmmc.c ****     temp_value |= ((config->blockCount << 16) | config->blockSize);
 2980              		.loc 1 1579 27
 2981 0044 3B68     		ldr	r3, [r7]
 2982 0046 9B68     		ldr	r3, [r3, #8]
 2983              		.loc 1 1579 40
 2984 0048 1A04     		lsls	r2, r3, #16
 2985              		.loc 1 1579 55
 2986 004a 3B68     		ldr	r3, [r7]
 2987 004c DB68     		ldr	r3, [r3, #12]
 2988              		.loc 1 1579 47
 2989 004e 1343     		orrs	r3, r3, r2
 2990              		.loc 1 1579 16
 2991 0050 FA68     		ldr	r2, [r7, #12]
 2992 0052 1343     		orrs	r3, r3, r2
 2993 0054 FB60     		str	r3, [r7, #12]
1580:../../../firmware/n32h7xx_std_periph_driver/src/n32h7xx_sdmmc.c ****     SDHOSTx->BLKCFG = temp_value;
 2994              		.loc 1 1580 21
 2995 0056 7B68     		ldr	r3, [r7, #4]
 2996 0058 FA68     		ldr	r2, [r7, #12]
 2997 005a 5A60     		str	r2, [r3, #4]
1581:../../../firmware/n32h7xx_std_periph_driver/src/n32h7xx_sdmmc.c **** }
 2998              		.loc 1 1581 1
 2999 005c 00BF     		nop
 3000 005e 1437     		adds	r7, r7, #20
 3001              	.LCFI103:
 3002              		.cfi_def_cfa_offset 4
 3003 0060 BD46     		mov	sp, r7
 3004              	.LCFI104:
 3005              		.cfi_def_cfa_register 13
 3006              		@ sp needed
 3007 0062 80BC     		pop	{r7}
 3008              	.LCFI105:
 3009              		.cfi_restore 7
 3010              		.cfi_def_cfa_offset 0
 3011 0064 7047     		bx	lr
 3012              		.cfi_endproc
 3013              	.LFE165:
 3015              		.section	.text.SDMMC_ConfigInternalDma,"ax",%progbits
 3016              		.align	1
 3017              		.syntax unified
 3018              		.thumb
 3019              		.thumb_func
 3021              	SDMMC_ConfigInternalDma:
 3022              	.LFB166:
1582:../../../firmware/n32h7xx_std_periph_driver/src/n32h7xx_sdmmc.c **** 
1583:../../../firmware/n32h7xx_std_periph_driver/src/n32h7xx_sdmmc.c **** /**
1584:../../../firmware/n32h7xx_std_periph_driver/src/n32h7xx_sdmmc.c ****  *\*\name   SDMMC_ConfigInternalDma.
1585:../../../firmware/n32h7xx_std_periph_driver/src/n32h7xx_sdmmc.c ****  *\*\fun    Use to config the Internal DMA related registers.
1586:../../../firmware/n32h7xx_std_periph_driver/src/n32h7xx_sdmmc.c ****  *\*\param  SDHOSTx :
1587:../../../firmware/n32h7xx_std_periph_driver/src/n32h7xx_sdmmc.c ****  *\*\          - SDHOST1
1588:../../../firmware/n32h7xx_std_periph_driver/src/n32h7xx_sdmmc.c ****  *\*\          - SDHOST2
1589:../../../firmware/n32h7xx_std_periph_driver/src/n32h7xx_sdmmc.c ****  *\*\param  dmaConfig
1590:../../../firmware/n32h7xx_std_periph_driver/src/n32h7xx_sdmmc.c ****  *\*\          - dmaMode.
1591:../../../firmware/n32h7xx_std_periph_driver/src/n32h7xx_sdmmc.c ****  *\*\              - DmaModeSimple
1592:../../../firmware/n32h7xx_std_periph_driver/src/n32h7xx_sdmmc.c ****  *\*\              - DmaModeAdma2
1593:../../../firmware/n32h7xx_std_periph_driver/src/n32h7xx_sdmmc.c ****  *\*\          - admaTable Adma table address.
ARM GAS  /tmp/ccIS8uvp.s 			page 82


1594:../../../firmware/n32h7xx_std_periph_driver/src/n32h7xx_sdmmc.c ****  *\*\              - The available range is 0 ~ 0xFFFFFFFF.
1595:../../../firmware/n32h7xx_std_periph_driver/src/n32h7xx_sdmmc.c ****  *\*\          - admaTableWords Adma table length.
1596:../../../firmware/n32h7xx_std_periph_driver/src/n32h7xx_sdmmc.c ****  *\*\               - The available range is 0 ~ 0xFFFF.
1597:../../../firmware/n32h7xx_std_periph_driver/src/n32h7xx_sdmmc.c ****  *\*\param  dataAddr  transfer data address, a simple DMA parameter, if ADMA is used, leave it to N
1598:../../../firmware/n32h7xx_std_periph_driver/src/n32h7xx_sdmmc.c ****  *\*\               - The available range is 0 ~ 0xFFFFFFFF.
1599:../../../firmware/n32h7xx_std_periph_driver/src/n32h7xx_sdmmc.c ****  *\*\param  enAutoCmd23 flag to indicate Auto CMD23 is enable or not, a simple DMA parameter,if ADM
1600:../../../firmware/n32h7xx_std_periph_driver/src/n32h7xx_sdmmc.c ****  *\*\               - ENABLE
1601:../../../firmware/n32h7xx_std_periph_driver/src/n32h7xx_sdmmc.c ****  *\*\               - DISABLE
1602:../../../firmware/n32h7xx_std_periph_driver/src/n32h7xx_sdmmc.c ****  *\*\param  TMODE_struct: pointer to a SDHOST_TMODE_struct structure.
1603:../../../firmware/n32h7xx_std_periph_driver/src/n32h7xx_sdmmc.c ****  *\*\           - DMAE
1604:../../../firmware/n32h7xx_std_periph_driver/src/n32h7xx_sdmmc.c ****  *\*\                - SDHOST_TMODE_DMADISABLE
1605:../../../firmware/n32h7xx_std_periph_driver/src/n32h7xx_sdmmc.c ****  *\*\                - SDHOST_TMODE_DMAENABLE
1606:../../../firmware/n32h7xx_std_periph_driver/src/n32h7xx_sdmmc.c ****  *\*\           - BCNTE
1607:../../../firmware/n32h7xx_std_periph_driver/src/n32h7xx_sdmmc.c ****  *\*\                - SDHOST_TMODE_BLOCKCNTDISABLE
1608:../../../firmware/n32h7xx_std_periph_driver/src/n32h7xx_sdmmc.c ****  *\*\                - SDHOST_TMODE_BLOCKCNTENABLE
1609:../../../firmware/n32h7xx_std_periph_driver/src/n32h7xx_sdmmc.c ****  *\*\           - ACMDE
1610:../../../firmware/n32h7xx_std_periph_driver/src/n32h7xx_sdmmc.c ****  *\*\                - SDHOST_TMODE_NOACMDEN
1611:../../../firmware/n32h7xx_std_periph_driver/src/n32h7xx_sdmmc.c ****  *\*\                - SDHOST_TMODE_AC12EN
1612:../../../firmware/n32h7xx_std_periph_driver/src/n32h7xx_sdmmc.c ****  *\*\                - SDHOST_TMODE_AC23EN
1613:../../../firmware/n32h7xx_std_periph_driver/src/n32h7xx_sdmmc.c ****  *\*\           - DATDIR
1614:../../../firmware/n32h7xx_std_periph_driver/src/n32h7xx_sdmmc.c ****  *\*\                - SDHOST_TMODE_DATDIR_WRITE
1615:../../../firmware/n32h7xx_std_periph_driver/src/n32h7xx_sdmmc.c ****  *\*\                - SDHOST_TMODE_DATDIR_READ
1616:../../../firmware/n32h7xx_std_periph_driver/src/n32h7xx_sdmmc.c ****  *\*\           - BLKSEL
1617:../../../firmware/n32h7xx_std_periph_driver/src/n32h7xx_sdmmc.c ****  *\*\                - SDHOST_TMODE_SINGLEBLK
1618:../../../firmware/n32h7xx_std_periph_driver/src/n32h7xx_sdmmc.c ****  *\*\                - SDHOST_TMODE_MULTIBLK
1619:../../../firmware/n32h7xx_std_periph_driver/src/n32h7xx_sdmmc.c ****  *\*\return SDMMC_STS
1620:../../../firmware/n32h7xx_std_periph_driver/src/n32h7xx_sdmmc.c ****  *\*\               - SDMMC_DMADataAddrNotAlign
1621:../../../firmware/n32h7xx_std_periph_driver/src/n32h7xx_sdmmc.c ****  *\*\               - SDMMC_SUCCESS
1622:../../../firmware/n32h7xx_std_periph_driver/src/n32h7xx_sdmmc.c ****  */
1623:../../../firmware/n32h7xx_std_periph_driver/src/n32h7xx_sdmmc.c **** static SDMMC_STS SDMMC_ConfigInternalDma(SDHOST_Module* SDHOSTx, SDHOST_ADMAconfig *dmaConfig, cons
1624:../../../firmware/n32h7xx_std_periph_driver/src/n32h7xx_sdmmc.c ****         FunctionalState enAutoCmd23, SDHOST_TMODE_struct *TMODE_struct)
1625:../../../firmware/n32h7xx_std_periph_driver/src/n32h7xx_sdmmc.c **** {
 3023              		.loc 1 1625 1
 3024              		.cfi_startproc
 3025              		@ args = 4, pretend = 0, frame = 16
 3026              		@ frame_needed = 1, uses_anonymous_args = 0
 3027              		@ link register save eliminated.
 3028 0000 80B4     		push	{r7}
 3029              	.LCFI106:
 3030              		.cfi_def_cfa_offset 4
 3031              		.cfi_offset 7, -4
 3032 0002 85B0     		sub	sp, sp, #20
 3033              	.LCFI107:
 3034              		.cfi_def_cfa_offset 24
 3035 0004 00AF     		add	r7, sp, #0
 3036              	.LCFI108:
 3037              		.cfi_def_cfa_register 7
 3038 0006 F860     		str	r0, [r7, #12]
 3039 0008 B960     		str	r1, [r7, #8]
 3040 000a 7A60     		str	r2, [r7, #4]
 3041 000c FB70     		strb	r3, [r7, #3]
1626:../../../firmware/n32h7xx_std_periph_driver/src/n32h7xx_sdmmc.c ****     if (dmaConfig->dmaMode == DmaModeSimple)
 3042              		.loc 1 1626 18
 3043 000e BB68     		ldr	r3, [r7, #8]
 3044 0010 1B78     		ldrb	r3, [r3]	@ zero_extendqisi2
 3045              		.loc 1 1626 8
 3046 0012 002B     		cmp	r3, #0
ARM GAS  /tmp/ccIS8uvp.s 			page 83


 3047 0014 11D1     		bne	.L179
1627:../../../firmware/n32h7xx_std_periph_driver/src/n32h7xx_sdmmc.c ****     {
1628:../../../firmware/n32h7xx_std_periph_driver/src/n32h7xx_sdmmc.c ****         /* check DMA data buffer address align or not */
1629:../../../firmware/n32h7xx_std_periph_driver/src/n32h7xx_sdmmc.c ****         if (((uint32_t)dataAddr % SDHOST_ADMA2_ADDRESS_ALIGN) != 0UL)
 3048              		.loc 1 1629 14
 3049 0016 7B68     		ldr	r3, [r7, #4]
 3050              		.loc 1 1629 33
 3051 0018 03F00303 		and	r3, r3, #3
 3052              		.loc 1 1629 12
 3053 001c 002B     		cmp	r3, #0
 3054 001e 01D0     		beq	.L180
1630:../../../firmware/n32h7xx_std_periph_driver/src/n32h7xx_sdmmc.c ****         {
1631:../../../firmware/n32h7xx_std_periph_driver/src/n32h7xx_sdmmc.c ****             return SDMMC_DMADataAddrNotAlign;
 3055              		.loc 1 1631 20
 3056 0020 0523     		movs	r3, #5
 3057 0022 23E0     		b	.L181
 3058              	.L180:
1632:../../../firmware/n32h7xx_std_periph_driver/src/n32h7xx_sdmmc.c ****         }
1633:../../../firmware/n32h7xx_std_periph_driver/src/n32h7xx_sdmmc.c **** 
1634:../../../firmware/n32h7xx_std_periph_driver/src/n32h7xx_sdmmc.c ****         /* in simple DMA mode if use auto CMD23, address should load to ADMA addr,
1635:../../../firmware/n32h7xx_std_periph_driver/src/n32h7xx_sdmmc.c ****              and block count should load to DS_ADD*/
1636:../../../firmware/n32h7xx_std_periph_driver/src/n32h7xx_sdmmc.c ****         if (enAutoCmd23 == ENABLE)
 3059              		.loc 1 1636 12
 3060 0024 FB78     		ldrb	r3, [r7, #3]	@ zero_extendqisi2
 3061 0026 012B     		cmp	r3, #1
 3062 0028 03D1     		bne	.L182
1637:../../../firmware/n32h7xx_std_periph_driver/src/n32h7xx_sdmmc.c ****         {
1638:../../../firmware/n32h7xx_std_periph_driver/src/n32h7xx_sdmmc.c ****             SDHOSTx->ASADD0 = ((uint32_t)dataAddr);
 3063              		.loc 1 1638 32
 3064 002a 7A68     		ldr	r2, [r7, #4]
 3065              		.loc 1 1638 29
 3066 002c FB68     		ldr	r3, [r7, #12]
 3067 002e 9A65     		str	r2, [r3, #88]
 3068 0030 0BE0     		b	.L183
 3069              	.L182:
1639:../../../firmware/n32h7xx_std_periph_driver/src/n32h7xx_sdmmc.c ****         }
1640:../../../firmware/n32h7xx_std_periph_driver/src/n32h7xx_sdmmc.c ****         else
1641:../../../firmware/n32h7xx_std_periph_driver/src/n32h7xx_sdmmc.c ****         {
1642:../../../firmware/n32h7xx_std_periph_driver/src/n32h7xx_sdmmc.c ****             SDHOSTx->DSADD = ((uint32_t)dataAddr);
 3070              		.loc 1 1642 31
 3071 0032 7A68     		ldr	r2, [r7, #4]
 3072              		.loc 1 1642 28
 3073 0034 FB68     		ldr	r3, [r7, #12]
 3074 0036 1A60     		str	r2, [r3]
 3075 0038 07E0     		b	.L183
 3076              	.L179:
1643:../../../firmware/n32h7xx_std_periph_driver/src/n32h7xx_sdmmc.c ****         }
1644:../../../firmware/n32h7xx_std_periph_driver/src/n32h7xx_sdmmc.c ****     }
1645:../../../firmware/n32h7xx_std_periph_driver/src/n32h7xx_sdmmc.c ****     else
1646:../../../firmware/n32h7xx_std_periph_driver/src/n32h7xx_sdmmc.c ****     {
1647:../../../firmware/n32h7xx_std_periph_driver/src/n32h7xx_sdmmc.c ****         /* When use ADMA, disable simple DMA */
1648:../../../firmware/n32h7xx_std_periph_driver/src/n32h7xx_sdmmc.c ****         SDHOSTx->DSADD       = 0UL;
 3077              		.loc 1 1648 30
 3078 003a FB68     		ldr	r3, [r7, #12]
 3079 003c 0022     		movs	r2, #0
 3080 003e 1A60     		str	r2, [r3]
1649:../../../firmware/n32h7xx_std_periph_driver/src/n32h7xx_sdmmc.c ****         SDHOSTx->ASADD0 = ((uint32_t)(dmaConfig->admaTable));
ARM GAS  /tmp/ccIS8uvp.s 			page 84


 3081              		.loc 1 1649 48
 3082 0040 BB68     		ldr	r3, [r7, #8]
 3083 0042 5B68     		ldr	r3, [r3, #4]
 3084              		.loc 1 1649 28
 3085 0044 1A46     		mov	r2, r3
 3086              		.loc 1 1649 25
 3087 0046 FB68     		ldr	r3, [r7, #12]
 3088 0048 9A65     		str	r2, [r3, #88]
 3089              	.L183:
1650:../../../firmware/n32h7xx_std_periph_driver/src/n32h7xx_sdmmc.c ****     }
1651:../../../firmware/n32h7xx_std_periph_driver/src/n32h7xx_sdmmc.c **** 
1652:../../../firmware/n32h7xx_std_periph_driver/src/n32h7xx_sdmmc.c ****     /* select DMA mode */
1653:../../../firmware/n32h7xx_std_periph_driver/src/n32h7xx_sdmmc.c ****     SDHOSTx->CTRL1 &= (~SDHOST_CTRL1_DMASEL);
 3090              		.loc 1 1653 12
 3091 004a FB68     		ldr	r3, [r7, #12]
 3092 004c 9B6A     		ldr	r3, [r3, #40]
 3093              		.loc 1 1653 20
 3094 004e 23F01802 		bic	r2, r3, #24
 3095 0052 FB68     		ldr	r3, [r7, #12]
 3096 0054 9A62     		str	r2, [r3, #40]
1654:../../../firmware/n32h7xx_std_periph_driver/src/n32h7xx_sdmmc.c ****     SDHOSTx->CTRL1 |= (uint32_t)(dmaConfig->dmaMode);
 3097              		.loc 1 1654 12
 3098 0056 FB68     		ldr	r3, [r7, #12]
 3099 0058 9B6A     		ldr	r3, [r3, #40]
 3100              		.loc 1 1654 43
 3101 005a BA68     		ldr	r2, [r7, #8]
 3102 005c 1278     		ldrb	r2, [r2]	@ zero_extendqisi2
 3103              		.loc 1 1654 20
 3104 005e 1A43     		orrs	r2, r2, r3
 3105 0060 FB68     		ldr	r3, [r7, #12]
 3106 0062 9A62     		str	r2, [r3, #40]
1655:../../../firmware/n32h7xx_std_periph_driver/src/n32h7xx_sdmmc.c **** 
1656:../../../firmware/n32h7xx_std_periph_driver/src/n32h7xx_sdmmc.c ****     /* enable DMA */
1657:../../../firmware/n32h7xx_std_periph_driver/src/n32h7xx_sdmmc.c ****     TMODE_struct->DMAE = SDHOST_TMODE_DMAENABLE;
 3107              		.loc 1 1657 24
 3108 0064 BB69     		ldr	r3, [r7, #24]
 3109 0066 0122     		movs	r2, #1
 3110 0068 1A60     		str	r2, [r3]
1658:../../../firmware/n32h7xx_std_periph_driver/src/n32h7xx_sdmmc.c ****     return SDMMC_SUCCESS;
 3111              		.loc 1 1658 12
 3112 006a 0C23     		movs	r3, #12
 3113              	.L181:
1659:../../../firmware/n32h7xx_std_periph_driver/src/n32h7xx_sdmmc.c **** }
 3114              		.loc 1 1659 1
 3115 006c 1846     		mov	r0, r3
 3116 006e 1437     		adds	r7, r7, #20
 3117              	.LCFI109:
 3118              		.cfi_def_cfa_offset 4
 3119 0070 BD46     		mov	sp, r7
 3120              	.LCFI110:
 3121              		.cfi_def_cfa_register 13
 3122              		@ sp needed
 3123 0072 80BC     		pop	{r7}
 3124              	.LCFI111:
 3125              		.cfi_restore 7
 3126              		.cfi_def_cfa_offset 0
 3127 0074 7047     		bx	lr
ARM GAS  /tmp/ccIS8uvp.s 			page 85


 3128              		.cfi_endproc
 3129              	.LFE166:
 3131              		.section	.text.SDMMC_SetAdmaTableConfig,"ax",%progbits
 3132              		.align	1
 3133              		.syntax unified
 3134              		.thumb
 3135              		.thumb_func
 3137              	SDMMC_SetAdmaTableConfig:
 3138              	.LFB167:
1660:../../../firmware/n32h7xx_std_periph_driver/src/n32h7xx_sdmmc.c **** 
1661:../../../firmware/n32h7xx_std_periph_driver/src/n32h7xx_sdmmc.c **** /**
1662:../../../firmware/n32h7xx_std_periph_driver/src/n32h7xx_sdmmc.c ****  *\*\name   SDMMC_SetAdmaTableConfig.
1663:../../../firmware/n32h7xx_std_periph_driver/src/n32h7xx_sdmmc.c ****  *\*\fun    Sets the DMA descriptor table configuration.
1664:../../../firmware/n32h7xx_std_periph_driver/src/n32h7xx_sdmmc.c ****  *\*\param  SDHOSTx :
1665:../../../firmware/n32h7xx_std_periph_driver/src/n32h7xx_sdmmc.c ****  *\*\          - SDHOST1
1666:../../../firmware/n32h7xx_std_periph_driver/src/n32h7xx_sdmmc.c ****  *\*\          - SDHOST2
1667:../../../firmware/n32h7xx_std_periph_driver/src/n32h7xx_sdmmc.c ****  *\*\param  dmaConfig
1668:../../../firmware/n32h7xx_std_periph_driver/src/n32h7xx_sdmmc.c ****  *\*\          - dmaMode.
1669:../../../firmware/n32h7xx_std_periph_driver/src/n32h7xx_sdmmc.c ****  *\*\              - DmaModeSimple
1670:../../../firmware/n32h7xx_std_periph_driver/src/n32h7xx_sdmmc.c ****  *\*\              - DmaModeAdma2
1671:../../../firmware/n32h7xx_std_periph_driver/src/n32h7xx_sdmmc.c ****  *\*\          - admaTable Adma table address.
1672:../../../firmware/n32h7xx_std_periph_driver/src/n32h7xx_sdmmc.c ****  *\*\              - The available range is 0 ~ 0xFFFFFFFF.
1673:../../../firmware/n32h7xx_std_periph_driver/src/n32h7xx_sdmmc.c ****  *\*\          - admaTableWords Adma table length.
1674:../../../firmware/n32h7xx_std_periph_driver/src/n32h7xx_sdmmc.c ****  *\*\               - The available range is 0 ~ 0xFFFF.
1675:../../../firmware/n32h7xx_std_periph_driver/src/n32h7xx_sdmmc.c ****  *\*\param  dataConfig  Data descriptor.
1676:../../../firmware/n32h7xx_std_periph_driver/src/n32h7xx_sdmmc.c ****  *\*\          - AutoCommand12_23.
1677:../../../firmware/n32h7xx_std_periph_driver/src/n32h7xx_sdmmc.c ****  *\*\              - AutoCommand12
1678:../../../firmware/n32h7xx_std_periph_driver/src/n32h7xx_sdmmc.c ****  *\*\              - AutoCommand23
1679:../../../firmware/n32h7xx_std_periph_driver/src/n32h7xx_sdmmc.c ****  *\*\              - NoAutoCommand
1680:../../../firmware/n32h7xx_std_periph_driver/src/n32h7xx_sdmmc.c ****  *\*\          - enableIgnoreError.
1681:../../../firmware/n32h7xx_std_periph_driver/src/n32h7xx_sdmmc.c ****  *\*\              - ENABLE
1682:../../../firmware/n32h7xx_std_periph_driver/src/n32h7xx_sdmmc.c ****  *\*\              - DISABLE
1683:../../../firmware/n32h7xx_std_periph_driver/src/n32h7xx_sdmmc.c ****  *\*\          - dataType.
1684:../../../firmware/n32h7xx_std_periph_driver/src/n32h7xx_sdmmc.c ****  *\*\              - SDHOST_TransferDataNormal
1685:../../../firmware/n32h7xx_std_periph_driver/src/n32h7xx_sdmmc.c ****  *\*\              - SDHOST_TransferDataTuning
1686:../../../firmware/n32h7xx_std_periph_driver/src/n32h7xx_sdmmc.c ****  *\*\              - SDHOST_TransferDataBoot
1687:../../../firmware/n32h7xx_std_periph_driver/src/n32h7xx_sdmmc.c ****  *\*\              - SDHOST_TransferDataBootcontinous
1688:../../../firmware/n32h7xx_std_periph_driver/src/n32h7xx_sdmmc.c ****  *\*\           - blockCount  :
1689:../../../firmware/n32h7xx_std_periph_driver/src/n32h7xx_sdmmc.c ****  *\*\               - The available range is 0 ~ 0xFFFF.
1690:../../../firmware/n32h7xx_std_periph_driver/src/n32h7xx_sdmmc.c ****  *\*\           - blockSize  :
1691:../../../firmware/n32h7xx_std_periph_driver/src/n32h7xx_sdmmc.c ****  *\*\               - The available range is 0 ~ 0x0800.
1692:../../../firmware/n32h7xx_std_periph_driver/src/n32h7xx_sdmmc.c ****  *\*\           - rxData  :  Buffer to save data read.
1693:../../../firmware/n32h7xx_std_periph_driver/src/n32h7xx_sdmmc.c ****  *\*\           - txData  :  Data buffer to write.
1694:../../../firmware/n32h7xx_std_periph_driver/src/n32h7xx_sdmmc.c ****  *\*\param  flags  ADAM descriptor flag, used to indicate to create multiple or single descriptor.
1695:../../../firmware/n32h7xx_std_periph_driver/src/n32h7xx_sdmmc.c ****  *\*\          - SDHOST_AdmaDescriptorSingleFlag.
1696:../../../firmware/n32h7xx_std_periph_driver/src/n32h7xx_sdmmc.c ****  *\*\          - SDHOST_AdmaDescriptorMultipleFlag.
1697:../../../firmware/n32h7xx_std_periph_driver/src/n32h7xx_sdmmc.c ****  *\*\param  TMODE_struct: pointer to a SDHOST_TMODE_struct structure.
1698:../../../firmware/n32h7xx_std_periph_driver/src/n32h7xx_sdmmc.c ****  *\*\           - DMAE
1699:../../../firmware/n32h7xx_std_periph_driver/src/n32h7xx_sdmmc.c ****  *\*\                - SDHOST_TMODE_DMADISABLE
1700:../../../firmware/n32h7xx_std_periph_driver/src/n32h7xx_sdmmc.c ****  *\*\                - SDHOST_TMODE_DMAENABLE
1701:../../../firmware/n32h7xx_std_periph_driver/src/n32h7xx_sdmmc.c ****  *\*\           - BCNTE
1702:../../../firmware/n32h7xx_std_periph_driver/src/n32h7xx_sdmmc.c ****  *\*\                - SDHOST_TMODE_BLOCKCNTDISABLE
1703:../../../firmware/n32h7xx_std_periph_driver/src/n32h7xx_sdmmc.c ****  *\*\                - SDHOST_TMODE_BLOCKCNTENABLE
1704:../../../firmware/n32h7xx_std_periph_driver/src/n32h7xx_sdmmc.c ****  *\*\           - ACMDE
1705:../../../firmware/n32h7xx_std_periph_driver/src/n32h7xx_sdmmc.c ****  *\*\                - SDHOST_TMODE_NOACMDEN
1706:../../../firmware/n32h7xx_std_periph_driver/src/n32h7xx_sdmmc.c ****  *\*\                - SDHOST_TMODE_AC12EN
1707:../../../firmware/n32h7xx_std_periph_driver/src/n32h7xx_sdmmc.c ****  *\*\                - SDHOST_TMODE_AC23EN
ARM GAS  /tmp/ccIS8uvp.s 			page 86


1708:../../../firmware/n32h7xx_std_periph_driver/src/n32h7xx_sdmmc.c ****  *\*\           - DATDIR
1709:../../../firmware/n32h7xx_std_periph_driver/src/n32h7xx_sdmmc.c ****  *\*\                - SDHOST_TMODE_DATDIR_WRITE
1710:../../../firmware/n32h7xx_std_periph_driver/src/n32h7xx_sdmmc.c ****  *\*\                - SDHOST_TMODE_DATDIR_READ
1711:../../../firmware/n32h7xx_std_periph_driver/src/n32h7xx_sdmmc.c ****  *\*\           - BLKSEL
1712:../../../firmware/n32h7xx_std_periph_driver/src/n32h7xx_sdmmc.c ****  *\*\                - SDHOST_TMODE_SINGLEBLK
1713:../../../firmware/n32h7xx_std_periph_driver/src/n32h7xx_sdmmc.c ****  *\*\                - SDHOST_TMODE_MULTIBLK
1714:../../../firmware/n32h7xx_std_periph_driver/src/n32h7xx_sdmmc.c ****  *\*\return SDMMC_STS
1715:../../../firmware/n32h7xx_std_periph_driver/src/n32h7xx_sdmmc.c ****  *\*\          - SDMMC_ERROR.
1716:../../../firmware/n32h7xx_std_periph_driver/src/n32h7xx_sdmmc.c ****  *\*\          - SDMMC_SUCCESS.
1717:../../../firmware/n32h7xx_std_periph_driver/src/n32h7xx_sdmmc.c ****  *\*\          - SDMMC_DMADataAddrNotAlign
1718:../../../firmware/n32h7xx_std_periph_driver/src/n32h7xx_sdmmc.c ****  *\*\          - SDMMC_OutOfRange
1719:../../../firmware/n32h7xx_std_periph_driver/src/n32h7xx_sdmmc.c ****  */
1720:../../../firmware/n32h7xx_std_periph_driver/src/n32h7xx_sdmmc.c **** static SDMMC_STS SDMMC_SetAdmaTableConfig(SDHOST_Module* SDHOSTx, SDHOST_ADMAconfig *dmaConfig,
1721:../../../firmware/n32h7xx_std_periph_driver/src/n32h7xx_sdmmc.c ****         SDMMC_DATA *dataConfig, SDHOST_TMODE_struct *TMODE_struct)
1722:../../../firmware/n32h7xx_std_periph_driver/src/n32h7xx_sdmmc.c **** {
 3139              		.loc 1 1722 1
 3140              		.cfi_startproc
 3141              		@ args = 0, pretend = 0, frame = 32
 3142              		@ frame_needed = 1, uses_anonymous_args = 0
 3143 0000 80B5     		push	{r7, lr}
 3144              	.LCFI112:
 3145              		.cfi_def_cfa_offset 8
 3146              		.cfi_offset 7, -8
 3147              		.cfi_offset 14, -4
 3148 0002 8AB0     		sub	sp, sp, #40
 3149              	.LCFI113:
 3150              		.cfi_def_cfa_offset 48
 3151 0004 02AF     		add	r7, sp, #8
 3152              	.LCFI114:
 3153              		.cfi_def_cfa 7, 40
 3154 0006 F860     		str	r0, [r7, #12]
 3155 0008 B960     		str	r1, [r7, #8]
 3156 000a 7A60     		str	r2, [r7, #4]
 3157 000c 3B60     		str	r3, [r7]
1723:../../../firmware/n32h7xx_std_periph_driver/src/n32h7xx_sdmmc.c ****     SDMMC_STS status_value = SDMMC_SUCCESS;
 3158              		.loc 1 1723 15
 3159 000e 0C23     		movs	r3, #12
 3160 0010 FB77     		strb	r3, [r7, #31]
1724:../../../firmware/n32h7xx_std_periph_driver/src/n32h7xx_sdmmc.c ****     FunctionalState enAutoCmd23;
1725:../../../firmware/n32h7xx_std_periph_driver/src/n32h7xx_sdmmc.c ****     uint32_t bootDummyOffset =
1726:../../../firmware/n32h7xx_std_periph_driver/src/n32h7xx_sdmmc.c ****         (dataConfig->dataType == (uint32_t)SDHOST_TransferDataBootcontinous) ? sizeof(uint32_t) : 0
 3161              		.loc 1 1726 20
 3162 0012 7B68     		ldr	r3, [r7, #4]
 3163 0014 5B79     		ldrb	r3, [r3, #5]	@ zero_extendqisi2
 3164              		.loc 1 1726 97
 3165 0016 032B     		cmp	r3, #3
 3166 0018 01D1     		bne	.L185
 3167              		.loc 1 1726 97 is_stmt 0 discriminator 1
 3168 001a 0423     		movs	r3, #4
 3169 001c 00E0     		b	.L186
 3170              	.L185:
 3171              		.loc 1 1726 97 discriminator 2
 3172 001e 0023     		movs	r3, #0
 3173              	.L186:
1725:../../../firmware/n32h7xx_std_periph_driver/src/n32h7xx_sdmmc.c ****         (dataConfig->dataType == (uint32_t)SDHOST_TransferDataBootcontinous) ? sizeof(uint32_t) : 0
 3174              		.loc 1 1725 14 is_stmt 1
 3175 0020 BB61     		str	r3, [r7, #24]
ARM GAS  /tmp/ccIS8uvp.s 			page 87


1727:../../../firmware/n32h7xx_std_periph_driver/src/n32h7xx_sdmmc.c ****     const uint32_t *data = (const uint32_t *)((uint32_t)(
1728:../../../firmware/n32h7xx_std_periph_driver/src/n32h7xx_sdmmc.c ****                                (uint32_t)((dataConfig->rxData == NULL) ? dataConfig->txData : dataC
 3176              		.loc 1 1728 54
 3177 0022 7B68     		ldr	r3, [r7, #4]
 3178 0024 1B69     		ldr	r3, [r3, #16]
 3179              		.loc 1 1728 32
 3180 0026 002B     		cmp	r3, #0
 3181 0028 03D1     		bne	.L187
 3182              		.loc 1 1728 84 discriminator 1
 3183 002a 7B68     		ldr	r3, [r7, #4]
 3184 002c 5B69     		ldr	r3, [r3, #20]
 3185              		.loc 1 1728 32 discriminator 1
 3186 002e 1A46     		mov	r2, r3
 3187 0030 02E0     		b	.L188
 3188              	.L187:
 3189              		.loc 1 1728 105 discriminator 2
 3190 0032 7B68     		ldr	r3, [r7, #4]
 3191 0034 1B69     		ldr	r3, [r3, #16]
 3192              		.loc 1 1728 32 discriminator 2
 3193 0036 1A46     		mov	r2, r3
 3194              	.L188:
1727:../../../firmware/n32h7xx_std_periph_driver/src/n32h7xx_sdmmc.c ****     const uint32_t *data = (const uint32_t *)((uint32_t)(
 3195              		.loc 1 1727 47
 3196 0038 BB69     		ldr	r3, [r7, #24]
 3197 003a 1344     		add	r3, r3, r2
1727:../../../firmware/n32h7xx_std_periph_driver/src/n32h7xx_sdmmc.c ****     const uint32_t *data = (const uint32_t *)((uint32_t)(
 3198              		.loc 1 1727 21
 3199 003c 7B61     		str	r3, [r7, #20]
1729:../../../firmware/n32h7xx_std_periph_driver/src/n32h7xx_sdmmc.c **** 
1730:../../../firmware/n32h7xx_std_periph_driver/src/n32h7xx_sdmmc.c ****     /* for internal dma, internal DMA configurations should not update the configurations when cont
1731:../../../firmware/n32h7xx_std_periph_driver/src/n32h7xx_sdmmc.c ****      * boot data, only the DMA descriptor need update */
1732:../../../firmware/n32h7xx_std_periph_driver/src/n32h7xx_sdmmc.c ****     if ((status_value == SDMMC_SUCCESS) && (dataConfig->dataType != SDHOST_TransferDataBootcontinou
 3200              		.loc 1 1732 8
 3201 003e FB7F     		ldrb	r3, [r7, #31]	@ zero_extendqisi2
 3202 0040 0C2B     		cmp	r3, #12
 3203 0042 17D1     		bne	.L189
 3204              		.loc 1 1732 55 discriminator 1
 3205 0044 7B68     		ldr	r3, [r7, #4]
 3206 0046 5B79     		ldrb	r3, [r3, #5]	@ zero_extendqisi2
 3207              		.loc 1 1732 41 discriminator 1
 3208 0048 032B     		cmp	r3, #3
 3209 004a 13D0     		beq	.L189
1733:../../../firmware/n32h7xx_std_periph_driver/src/n32h7xx_sdmmc.c ****     {
1734:../../../firmware/n32h7xx_std_periph_driver/src/n32h7xx_sdmmc.c ****         if(dataConfig->AutoCommand12_23 == AutoCommand23)
 3210              		.loc 1 1734 22
 3211 004c 7B68     		ldr	r3, [r7, #4]
 3212 004e 1B68     		ldr	r3, [r3]
 3213              		.loc 1 1734 11
 3214 0050 012B     		cmp	r3, #1
 3215 0052 02D1     		bne	.L190
1735:../../../firmware/n32h7xx_std_periph_driver/src/n32h7xx_sdmmc.c ****         {
1736:../../../firmware/n32h7xx_std_periph_driver/src/n32h7xx_sdmmc.c ****             enAutoCmd23 = ENABLE;
 3216              		.loc 1 1736 25
 3217 0054 0123     		movs	r3, #1
 3218 0056 BB77     		strb	r3, [r7, #30]
 3219 0058 01E0     		b	.L191
 3220              	.L190:
ARM GAS  /tmp/ccIS8uvp.s 			page 88


1737:../../../firmware/n32h7xx_std_periph_driver/src/n32h7xx_sdmmc.c ****         }
1738:../../../firmware/n32h7xx_std_periph_driver/src/n32h7xx_sdmmc.c ****         else
1739:../../../firmware/n32h7xx_std_periph_driver/src/n32h7xx_sdmmc.c ****         {
1740:../../../firmware/n32h7xx_std_periph_driver/src/n32h7xx_sdmmc.c ****             enAutoCmd23 = DISABLE;
 3221              		.loc 1 1740 25
 3222 005a 0023     		movs	r3, #0
 3223 005c BB77     		strb	r3, [r7, #30]
 3224              	.L191:
1741:../../../firmware/n32h7xx_std_periph_driver/src/n32h7xx_sdmmc.c ****         }
1742:../../../firmware/n32h7xx_std_periph_driver/src/n32h7xx_sdmmc.c **** 
1743:../../../firmware/n32h7xx_std_periph_driver/src/n32h7xx_sdmmc.c ****         status_value = SDMMC_ConfigInternalDma(SDHOSTx, dmaConfig, data, enAutoCmd23, TMODE_struct)
 3225              		.loc 1 1743 24
 3226 005e BA7F     		ldrb	r2, [r7, #30]	@ zero_extendqisi2
 3227 0060 3B68     		ldr	r3, [r7]
 3228 0062 0093     		str	r3, [sp]
 3229 0064 1346     		mov	r3, r2
 3230 0066 7A69     		ldr	r2, [r7, #20]
 3231 0068 B968     		ldr	r1, [r7, #8]
 3232 006a F868     		ldr	r0, [r7, #12]
 3233 006c FFF7FEFF 		bl	SDMMC_ConfigInternalDma
 3234 0070 0346     		mov	r3, r0
 3235 0072 FB77     		strb	r3, [r7, #31]
 3236              	.L189:
1744:../../../firmware/n32h7xx_std_periph_driver/src/n32h7xx_sdmmc.c ****     }
1745:../../../firmware/n32h7xx_std_periph_driver/src/n32h7xx_sdmmc.c **** 
1746:../../../firmware/n32h7xx_std_periph_driver/src/n32h7xx_sdmmc.c ****     return status_value;
 3237              		.loc 1 1746 12
 3238 0074 FB7F     		ldrb	r3, [r7, #31]	@ zero_extendqisi2
1747:../../../firmware/n32h7xx_std_periph_driver/src/n32h7xx_sdmmc.c **** }
 3239              		.loc 1 1747 1
 3240 0076 1846     		mov	r0, r3
 3241 0078 2037     		adds	r7, r7, #32
 3242              	.LCFI115:
 3243              		.cfi_def_cfa_offset 8
 3244 007a BD46     		mov	sp, r7
 3245              	.LCFI116:
 3246              		.cfi_def_cfa_register 13
 3247              		@ sp needed
 3248 007c 80BD     		pop	{r7, pc}
 3249              		.cfi_endproc
 3250              	.LFE167:
 3252              		.section	.text.SDMMC_TransferBlocking,"ax",%progbits
 3253              		.align	1
 3254              		.global	SDMMC_TransferBlocking
 3255              		.syntax unified
 3256              		.thumb
 3257              		.thumb_func
 3259              	SDMMC_TransferBlocking:
 3260              	.LFB168:
1748:../../../firmware/n32h7xx_std_periph_driver/src/n32h7xx_sdmmc.c **** 
1749:../../../firmware/n32h7xx_std_periph_driver/src/n32h7xx_sdmmc.c **** 
1750:../../../firmware/n32h7xx_std_periph_driver/src/n32h7xx_sdmmc.c **** /**
1751:../../../firmware/n32h7xx_std_periph_driver/src/n32h7xx_sdmmc.c ****  *\*\name   SDMMC_TransferBlocking.
1752:../../../firmware/n32h7xx_std_periph_driver/src/n32h7xx_sdmmc.c ****  *\*\fun     Transfers the command/data using a blocking method.
1753:../../../firmware/n32h7xx_std_periph_driver/src/n32h7xx_sdmmc.c ****  *\*\param  SDHOSTx :
1754:../../../firmware/n32h7xx_std_periph_driver/src/n32h7xx_sdmmc.c ****  *\*\          - SDHOST1
1755:../../../firmware/n32h7xx_std_periph_driver/src/n32h7xx_sdmmc.c ****  *\*\          - SDHOST2
ARM GAS  /tmp/ccIS8uvp.s 			page 89


1756:../../../firmware/n32h7xx_std_periph_driver/src/n32h7xx_sdmmc.c ****  *\*\param  dmaConfig
1757:../../../firmware/n32h7xx_std_periph_driver/src/n32h7xx_sdmmc.c ****  *\*\          - dmaMode.
1758:../../../firmware/n32h7xx_std_periph_driver/src/n32h7xx_sdmmc.c ****  *\*\              - DmaModeSimple
1759:../../../firmware/n32h7xx_std_periph_driver/src/n32h7xx_sdmmc.c ****  *\*\              - DmaModeAdma2
1760:../../../firmware/n32h7xx_std_periph_driver/src/n32h7xx_sdmmc.c ****  *\*\          - admaTable Adma table address.
1761:../../../firmware/n32h7xx_std_periph_driver/src/n32h7xx_sdmmc.c ****  *\*\              - The available range is 0 ~ 0xFFFFFFFF.
1762:../../../firmware/n32h7xx_std_periph_driver/src/n32h7xx_sdmmc.c ****  *\*\          - admaTableWords Adma table length.
1763:../../../firmware/n32h7xx_std_periph_driver/src/n32h7xx_sdmmc.c ****  *\*\              - The available range is 0 ~ 0xFFFF.
1764:../../../firmware/n32h7xx_std_periph_driver/src/n32h7xx_sdmmc.c ****  *\*\param  transfer
1765:../../../firmware/n32h7xx_std_periph_driver/src/n32h7xx_sdmmc.c ****  *\*\          - data  Data descriptor.
1766:../../../firmware/n32h7xx_std_periph_driver/src/n32h7xx_sdmmc.c ****  *\*\              - AutoCommand12_23.
1767:../../../firmware/n32h7xx_std_periph_driver/src/n32h7xx_sdmmc.c ****  *\*\                 - AutoCommand12
1768:../../../firmware/n32h7xx_std_periph_driver/src/n32h7xx_sdmmc.c ****  *\*\                 - AutoCommand23
1769:../../../firmware/n32h7xx_std_periph_driver/src/n32h7xx_sdmmc.c ****  *\*\                 - NoAutoCommand
1770:../../../firmware/n32h7xx_std_periph_driver/src/n32h7xx_sdmmc.c ****  *\*\              - enableIgnoreError.
1771:../../../firmware/n32h7xx_std_periph_driver/src/n32h7xx_sdmmc.c ****  *\*\                 - ENABLE
1772:../../../firmware/n32h7xx_std_periph_driver/src/n32h7xx_sdmmc.c ****  *\*\                 - DISABLE
1773:../../../firmware/n32h7xx_std_periph_driver/src/n32h7xx_sdmmc.c ****  *\*\              - dataType.
1774:../../../firmware/n32h7xx_std_periph_driver/src/n32h7xx_sdmmc.c ****  *\*\                 - SDHOST_TransferDataNormal
1775:../../../firmware/n32h7xx_std_periph_driver/src/n32h7xx_sdmmc.c ****  *\*\                 - SDHOST_TransferDataTuning
1776:../../../firmware/n32h7xx_std_periph_driver/src/n32h7xx_sdmmc.c ****  *\*\                 - SDHOST_TransferDataBoot
1777:../../../firmware/n32h7xx_std_periph_driver/src/n32h7xx_sdmmc.c ****  *\*\                 - SDHOST_TransferDataBootcontinous
1778:../../../firmware/n32h7xx_std_periph_driver/src/n32h7xx_sdmmc.c ****  *\*\              - blockCount  :
1779:../../../firmware/n32h7xx_std_periph_driver/src/n32h7xx_sdmmc.c ****  *\*\                 - The available range is 0 ~ 0xFFFF.
1780:../../../firmware/n32h7xx_std_periph_driver/src/n32h7xx_sdmmc.c ****  *\*\              - blockSize  :
1781:../../../firmware/n32h7xx_std_periph_driver/src/n32h7xx_sdmmc.c ****  *\*\                 - The available range is 0 ~ 0x0800.
1782:../../../firmware/n32h7xx_std_periph_driver/src/n32h7xx_sdmmc.c ****  *\*\              - rxData  :  Buffer to save data read.
1783:../../../firmware/n32h7xx_std_periph_driver/src/n32h7xx_sdmmc.c ****  *\*\              - txData  :  Data buffer to write.
1784:../../../firmware/n32h7xx_std_periph_driver/src/n32h7xx_sdmmc.c ****  *\*\         - command: command configuration
1785:../../../firmware/n32h7xx_std_periph_driver/src/n32h7xx_sdmmc.c ****  *\*\              - index
1786:../../../firmware/n32h7xx_std_periph_driver/src/n32h7xx_sdmmc.c ****  *\*\                 - 0~63
1787:../../../firmware/n32h7xx_std_periph_driver/src/n32h7xx_sdmmc.c ****  *\*\              - argument
1788:../../../firmware/n32h7xx_std_periph_driver/src/n32h7xx_sdmmc.c ****  *\*\                 - 0x00000000~0xFFFFFFFF
1789:../../../firmware/n32h7xx_std_periph_driver/src/n32h7xx_sdmmc.c ****  *\*\              - type
1790:../../../firmware/n32h7xx_std_periph_driver/src/n32h7xx_sdmmc.c ****  *\*\                 - CARD_CommandTypeNormal
1791:../../../firmware/n32h7xx_std_periph_driver/src/n32h7xx_sdmmc.c ****  *\*\                 - CARD_CommandTypeSuspend
1792:../../../firmware/n32h7xx_std_periph_driver/src/n32h7xx_sdmmc.c ****  *\*\                 - CARD_CommandTypeResume
1793:../../../firmware/n32h7xx_std_periph_driver/src/n32h7xx_sdmmc.c ****  *\*\                 - CARD_CommandTypeAbort
1794:../../../firmware/n32h7xx_std_periph_driver/src/n32h7xx_sdmmc.c ****  *\*\                 - CARD_CommandTypeEmpty
1795:../../../firmware/n32h7xx_std_periph_driver/src/n32h7xx_sdmmc.c ****  *\*\              - responseType
1796:../../../firmware/n32h7xx_std_periph_driver/src/n32h7xx_sdmmc.c ****  *\*\                 - CARD_ResponseTypeNone
1797:../../../firmware/n32h7xx_std_periph_driver/src/n32h7xx_sdmmc.c ****  *\*\                 - CARD_ResponseTypeR1
1798:../../../firmware/n32h7xx_std_periph_driver/src/n32h7xx_sdmmc.c ****  *\*\                 - CARD_ResponseTypeR1b
1799:../../../firmware/n32h7xx_std_periph_driver/src/n32h7xx_sdmmc.c ****  *\*\                 - CARD_ResponseTypeR2
1800:../../../firmware/n32h7xx_std_periph_driver/src/n32h7xx_sdmmc.c ****  *\*\                 - CARD_ResponseTypeR3
1801:../../../firmware/n32h7xx_std_periph_driver/src/n32h7xx_sdmmc.c ****  *\*\                 - CARD_ResponseTypeR4
1802:../../../firmware/n32h7xx_std_periph_driver/src/n32h7xx_sdmmc.c ****  *\*\                 - CARD_ResponseTypeR5
1803:../../../firmware/n32h7xx_std_periph_driver/src/n32h7xx_sdmmc.c ****  *\*\                 - CARD_ResponseTypeR5b
1804:../../../firmware/n32h7xx_std_periph_driver/src/n32h7xx_sdmmc.c ****  *\*\                 - CARD_ResponseTypeR6
1805:../../../firmware/n32h7xx_std_periph_driver/src/n32h7xx_sdmmc.c ****  *\*\                 - CARD_ResponseTypeR7
1806:../../../firmware/n32h7xx_std_periph_driver/src/n32h7xx_sdmmc.c ****  *\*\              - response[4U]: Response for this command.
1807:../../../firmware/n32h7xx_std_periph_driver/src/n32h7xx_sdmmc.c ****  *\*\                 - 0x00000000~0xFFFFFFFF
1808:../../../firmware/n32h7xx_std_periph_driver/src/n32h7xx_sdmmc.c ****  *\*\              - responseErrorFlags: Response error flag, which need to check the command repon
1809:../../../firmware/n32h7xx_std_periph_driver/src/n32h7xx_sdmmc.c ****  *\*\                 - 0x00000000~0xFFFFFFFF
1810:../../../firmware/n32h7xx_std_periph_driver/src/n32h7xx_sdmmc.c ****  *\*\              - flags: Cmd flags.
1811:../../../firmware/n32h7xx_std_periph_driver/src/n32h7xx_sdmmc.c ****  *\*\                 - 0x00000000~0xFFFFFFFF
1812:../../../firmware/n32h7xx_std_periph_driver/src/n32h7xx_sdmmc.c ****  *\*\param  TMODE_struct: pointer to a SDHOST_TMODE_struct structure.
ARM GAS  /tmp/ccIS8uvp.s 			page 90


1813:../../../firmware/n32h7xx_std_periph_driver/src/n32h7xx_sdmmc.c ****  *\*\           - DMAE
1814:../../../firmware/n32h7xx_std_periph_driver/src/n32h7xx_sdmmc.c ****  *\*\                - SDHOST_TMODE_DMADISABLE
1815:../../../firmware/n32h7xx_std_periph_driver/src/n32h7xx_sdmmc.c ****  *\*\                - SDHOST_TMODE_DMAENABLE
1816:../../../firmware/n32h7xx_std_periph_driver/src/n32h7xx_sdmmc.c ****  *\*\           - BCNTE
1817:../../../firmware/n32h7xx_std_periph_driver/src/n32h7xx_sdmmc.c ****  *\*\                - SDHOST_TMODE_BLOCKCNTDISABLE
1818:../../../firmware/n32h7xx_std_periph_driver/src/n32h7xx_sdmmc.c ****  *\*\                - SDHOST_TMODE_BLOCKCNTENABLE
1819:../../../firmware/n32h7xx_std_periph_driver/src/n32h7xx_sdmmc.c ****  *\*\           - ACMDE
1820:../../../firmware/n32h7xx_std_periph_driver/src/n32h7xx_sdmmc.c ****  *\*\                - SDHOST_TMODE_NOACMDEN
1821:../../../firmware/n32h7xx_std_periph_driver/src/n32h7xx_sdmmc.c ****  *\*\                - SDHOST_TMODE_AC12EN
1822:../../../firmware/n32h7xx_std_periph_driver/src/n32h7xx_sdmmc.c ****  *\*\                - SDHOST_TMODE_AC23EN
1823:../../../firmware/n32h7xx_std_periph_driver/src/n32h7xx_sdmmc.c ****  *\*\           - DATDIR
1824:../../../firmware/n32h7xx_std_periph_driver/src/n32h7xx_sdmmc.c ****  *\*\                - SDHOST_TMODE_DATDIR_WRITE
1825:../../../firmware/n32h7xx_std_periph_driver/src/n32h7xx_sdmmc.c ****  *\*\                - SDHOST_TMODE_DATDIR_READ
1826:../../../firmware/n32h7xx_std_periph_driver/src/n32h7xx_sdmmc.c ****  *\*\           - BLKSEL
1827:../../../firmware/n32h7xx_std_periph_driver/src/n32h7xx_sdmmc.c ****  *\*\                - SDHOST_TMODE_SINGLEBLK
1828:../../../firmware/n32h7xx_std_periph_driver/src/n32h7xx_sdmmc.c ****  *\*\                - SDHOST_TMODE_MULTIBLK
1829:../../../firmware/n32h7xx_std_periph_driver/src/n32h7xx_sdmmc.c ****  *\*\return SDMMC_STS
1830:../../../firmware/n32h7xx_std_periph_driver/src/n32h7xx_sdmmc.c ****  *\*\          - SDMMC_ReTuningRequest
1831:../../../firmware/n32h7xx_std_periph_driver/src/n32h7xx_sdmmc.c ****  *\*\          - SDMMC_ERROR.
1832:../../../firmware/n32h7xx_std_periph_driver/src/n32h7xx_sdmmc.c ****  *\*\          - SDMMC_SUCCESS.
1833:../../../firmware/n32h7xx_std_periph_driver/src/n32h7xx_sdmmc.c ****  *\*\          - SDMMC_DMADataAddrNotAlign
1834:../../../firmware/n32h7xx_std_periph_driver/src/n32h7xx_sdmmc.c ****  *\*\          - SDMMC_OutOfRange
1835:../../../firmware/n32h7xx_std_periph_driver/src/n32h7xx_sdmmc.c ****  *\*\          - SDMMC_BusyTransferring
1836:../../../firmware/n32h7xx_std_periph_driver/src/n32h7xx_sdmmc.c ****  *\*\          - SDMMC_SendCommandFailed
1837:../../../firmware/n32h7xx_std_periph_driver/src/n32h7xx_sdmmc.c ****  *\*\          - SDMMC_TransferDataFailed
1838:../../../firmware/n32h7xx_std_periph_driver/src/n32h7xx_sdmmc.c ****  */
1839:../../../firmware/n32h7xx_std_periph_driver/src/n32h7xx_sdmmc.c **** SDMMC_STS SDMMC_TransferBlocking(SDHOST_Module* SDHOSTx, SDHOST_ADMAconfig *dmaConfig, SDMMC_Transf
1840:../../../firmware/n32h7xx_std_periph_driver/src/n32h7xx_sdmmc.c **** {
 3261              		.loc 1 1840 1
 3262              		.cfi_startproc
 3263              		@ args = 0, pretend = 0, frame = 112
 3264              		@ frame_needed = 1, uses_anonymous_args = 0
 3265 0000 80B5     		push	{r7, lr}
 3266              	.LCFI117:
 3267              		.cfi_def_cfa_offset 8
 3268              		.cfi_offset 7, -8
 3269              		.cfi_offset 14, -4
 3270 0002 9EB0     		sub	sp, sp, #120
 3271              	.LCFI118:
 3272              		.cfi_def_cfa_offset 128
 3273 0004 02AF     		add	r7, sp, #8
 3274              	.LCFI119:
 3275              		.cfi_def_cfa 7, 120
 3276 0006 F860     		str	r0, [r7, #12]
 3277 0008 B960     		str	r1, [r7, #8]
 3278 000a 7A60     		str	r2, [r7, #4]
 3279 000c 3B60     		str	r3, [r7]
1841:../../../firmware/n32h7xx_std_periph_driver/src/n32h7xx_sdmmc.c ****     SDMMC_STS status_value   = SDMMC_ERROR;
 3280              		.loc 1 1841 15
 3281 000e 0D23     		movs	r3, #13
 3282 0010 87F86F30 		strb	r3, [r7, #111]
1842:../../../firmware/n32h7xx_std_periph_driver/src/n32h7xx_sdmmc.c ****     SDMMC_CMD *command = &transfer->command;
 3283              		.loc 1 1842 16
 3284 0014 7B68     		ldr	r3, [r7, #4]
 3285 0016 1833     		adds	r3, r3, #24
 3286 0018 FB65     		str	r3, [r7, #92]
1843:../../../firmware/n32h7xx_std_periph_driver/src/n32h7xx_sdmmc.c ****     SDMMC_DATA *data       = &transfer->data;
ARM GAS  /tmp/ccIS8uvp.s 			page 91


 3287              		.loc 1 1843 17
 3288 001a 7B68     		ldr	r3, [r7, #4]
 3289 001c BB65     		str	r3, [r7, #88]
1844:../../../firmware/n32h7xx_std_periph_driver/src/n32h7xx_sdmmc.c ****     FunctionalState enDMA   = ENABLE;
 3290              		.loc 1 1844 21
 3291 001e 0123     		movs	r3, #1
 3292 0020 87F86E30 		strb	r3, [r7, #110]
1845:../../../firmware/n32h7xx_std_periph_driver/src/n32h7xx_sdmmc.c ****     FunctionalState CMDdone;
1846:../../../firmware/n32h7xx_std_periph_driver/src/n32h7xx_sdmmc.c ****     bool executeTuning       = ((data == NULL) ? false : (data->dataType == (uint32_t)SDHOST_Transf
 3293              		.loc 1 1846 56
 3294 0024 BB6D     		ldr	r3, [r7, #88]
 3295 0026 002B     		cmp	r3, #0
 3296 0028 05D0     		beq	.L194
 3297              		.loc 1 1846 63 discriminator 1
 3298 002a BB6D     		ldr	r3, [r7, #88]
 3299 002c 5B79     		ldrb	r3, [r3, #5]	@ zero_extendqisi2
 3300              		.loc 1 1846 56 discriminator 1
 3301 002e 012B     		cmp	r3, #1
 3302 0030 01D1     		bne	.L194
 3303              		.loc 1 1846 56 is_stmt 0 discriminator 3
 3304 0032 0123     		movs	r3, #1
 3305              		.loc 1 1846 56
 3306 0034 00E0     		b	.L195
 3307              	.L194:
 3308              		.loc 1 1846 56 discriminator 4
 3309 0036 0023     		movs	r3, #0
 3310              	.L195:
 3311              		.loc 1 1846 10 is_stmt 1 discriminator 6
 3312 0038 87F85730 		strb	r3, [r7, #87]
 3313 003c 97F85730 		ldrb	r3, [r7, #87]
 3314 0040 03F00103 		and	r3, r3, #1
 3315 0044 87F85730 		strb	r3, [r7, #87]
1847:../../../firmware/n32h7xx_std_periph_driver/src/n32h7xx_sdmmc.c ****     uint32_t transferFlags   = (uint32_t)SDMMC_CommandOnly;
 3316              		.loc 1 1847 14
 3317 0048 0123     		movs	r3, #1
 3318 004a BB66     		str	r3, [r7, #104]
1848:../../../firmware/n32h7xx_std_periph_driver/src/n32h7xx_sdmmc.c ****     uint32_t blockSize         = 0U;
 3319              		.loc 1 1848 14
 3320 004c 0023     		movs	r3, #0
 3321 004e 7B66     		str	r3, [r7, #100]
1849:../../../firmware/n32h7xx_std_periph_driver/src/n32h7xx_sdmmc.c ****     uint32_t blockCount        = 0U;
 3322              		.loc 1 1849 14
 3323 0050 0023     		movs	r3, #0
 3324 0052 3B66     		str	r3, [r7, #96]
1850:../../../firmware/n32h7xx_std_periph_driver/src/n32h7xx_sdmmc.c ****     SDHOST_capability  Capability;
1851:../../../firmware/n32h7xx_std_periph_driver/src/n32h7xx_sdmmc.c **** 
1852:../../../firmware/n32h7xx_std_periph_driver/src/n32h7xx_sdmmc.c ****     SDMMC_GetCapability(SDHOSTx, &Capability);
 3325              		.loc 1 1852 5
 3326 0054 07F11403 		add	r3, r7, #20
 3327 0058 1946     		mov	r1, r3
 3328 005a F868     		ldr	r0, [r7, #12]
 3329 005c FFF7FEFF 		bl	SDMMC_GetCapability
1853:../../../firmware/n32h7xx_std_periph_driver/src/n32h7xx_sdmmc.c **** 
1854:../../../firmware/n32h7xx_std_periph_driver/src/n32h7xx_sdmmc.c ****     if(Capability.SDR50 == SDHOST_CAP1_SDR50_MASK)
 3330              		.loc 1 1854 18
 3331 0060 3B6B     		ldr	r3, [r7, #48]
 3332              		.loc 1 1854 7
ARM GAS  /tmp/ccIS8uvp.s 			page 92


 3333 0062 012B     		cmp	r3, #1
 3334 0064 0ED1     		bne	.L196
1855:../../../firmware/n32h7xx_std_periph_driver/src/n32h7xx_sdmmc.c ****     {
1856:../../../firmware/n32h7xx_std_periph_driver/src/n32h7xx_sdmmc.c ****         /*check re-tuning request*/
1857:../../../firmware/n32h7xx_std_periph_driver/src/n32h7xx_sdmmc.c ****         if ((SDMMC_GetFlagStatus(SDHOSTx, (uint32_t)SDHOST_ReTuningEventFlag)) != RESET)
 3335              		.loc 1 1857 14
 3336 0066 4FF48051 		mov	r1, #4096
 3337 006a F868     		ldr	r0, [r7, #12]
 3338 006c FFF7FEFF 		bl	SDMMC_GetFlagStatus
 3339 0070 0346     		mov	r3, r0
 3340              		.loc 1 1857 12 discriminator 1
 3341 0072 002B     		cmp	r3, #0
 3342 0074 06D0     		beq	.L196
1858:../../../firmware/n32h7xx_std_periph_driver/src/n32h7xx_sdmmc.c ****         {
1859:../../../firmware/n32h7xx_std_periph_driver/src/n32h7xx_sdmmc.c ****             SDMMC_ClrFlag(SDHOSTx, (uint32_t)SDHOST_ReTuningEventFlag);
 3343              		.loc 1 1859 13
 3344 0076 4FF48051 		mov	r1, #4096
 3345 007a F868     		ldr	r0, [r7, #12]
 3346 007c FFF7FEFF 		bl	SDMMC_ClrFlag
1860:../../../firmware/n32h7xx_std_periph_driver/src/n32h7xx_sdmmc.c ****             return SDMMC_ReTuningRequest;
 3347              		.loc 1 1860 20
 3348 0080 0623     		movs	r3, #6
 3349 0082 A0E0     		b	.L215
 3350              	.L196:
1861:../../../firmware/n32h7xx_std_periph_driver/src/n32h7xx_sdmmc.c ****         }
1862:../../../firmware/n32h7xx_std_periph_driver/src/n32h7xx_sdmmc.c ****         else
1863:../../../firmware/n32h7xx_std_periph_driver/src/n32h7xx_sdmmc.c ****         {
1864:../../../firmware/n32h7xx_std_periph_driver/src/n32h7xx_sdmmc.c ****             /* no process */
1865:../../../firmware/n32h7xx_std_periph_driver/src/n32h7xx_sdmmc.c ****         }
1866:../../../firmware/n32h7xx_std_periph_driver/src/n32h7xx_sdmmc.c ****     }
1867:../../../firmware/n32h7xx_std_periph_driver/src/n32h7xx_sdmmc.c ****     else
1868:../../../firmware/n32h7xx_std_periph_driver/src/n32h7xx_sdmmc.c ****     {
1869:../../../firmware/n32h7xx_std_periph_driver/src/n32h7xx_sdmmc.c ****         /* no process */
1870:../../../firmware/n32h7xx_std_periph_driver/src/n32h7xx_sdmmc.c ****     }
1871:../../../firmware/n32h7xx_std_periph_driver/src/n32h7xx_sdmmc.c **** 
1872:../../../firmware/n32h7xx_std_periph_driver/src/n32h7xx_sdmmc.c ****     if (data != NULL)
 3351              		.loc 1 1872 8
 3352 0084 BB6D     		ldr	r3, [r7, #88]
 3353 0086 002B     		cmp	r3, #0
 3354 0088 4CD0     		beq	.L198
1873:../../../firmware/n32h7xx_std_periph_driver/src/n32h7xx_sdmmc.c ****     {
1874:../../../firmware/n32h7xx_std_periph_driver/src/n32h7xx_sdmmc.c ****         /* Update ADMA descriptor table according to different DMA mode(SDMA, ADMA2).*/
1875:../../../firmware/n32h7xx_std_periph_driver/src/n32h7xx_sdmmc.c ****         if ((dmaConfig != NULL) && (!executeTuning))
 3355              		.loc 1 1875 12
 3356 008a BB68     		ldr	r3, [r7, #8]
 3357 008c 002B     		cmp	r3, #0
 3358 008e 0FD0     		beq	.L199
 3359              		.loc 1 1875 37 discriminator 1
 3360 0090 97F85730 		ldrb	r3, [r7, #87]
 3361 0094 83F00103 		eor	r3, r3, #1
 3362 0098 DBB2     		uxtb	r3, r3
 3363              		.loc 1 1875 33 discriminator 1
 3364 009a 002B     		cmp	r3, #0
 3365 009c 08D0     		beq	.L199
1876:../../../firmware/n32h7xx_std_periph_driver/src/n32h7xx_sdmmc.c ****         {
1877:../../../firmware/n32h7xx_std_periph_driver/src/n32h7xx_sdmmc.c ****             status_value = SDMMC_SetAdmaTableConfig(SDHOSTx, dmaConfig, data, TMODE_struct);
 3366              		.loc 1 1877 28
ARM GAS  /tmp/ccIS8uvp.s 			page 93


 3367 009e 3B68     		ldr	r3, [r7]
 3368 00a0 BA6D     		ldr	r2, [r7, #88]
 3369 00a2 B968     		ldr	r1, [r7, #8]
 3370 00a4 F868     		ldr	r0, [r7, #12]
 3371 00a6 FFF7FEFF 		bl	SDMMC_SetAdmaTableConfig
 3372 00aa 0346     		mov	r3, r0
 3373 00ac 87F86F30 		strb	r3, [r7, #111]
 3374              	.L199:
1878:../../../firmware/n32h7xx_std_periph_driver/src/n32h7xx_sdmmc.c ****         }
1879:../../../firmware/n32h7xx_std_periph_driver/src/n32h7xx_sdmmc.c **** 
1880:../../../firmware/n32h7xx_std_periph_driver/src/n32h7xx_sdmmc.c ****         blockSize     = data->blockSize;
 3375              		.loc 1 1880 23
 3376 00b0 BB6D     		ldr	r3, [r7, #88]
 3377 00b2 9B68     		ldr	r3, [r3, #8]
 3378 00b4 7B66     		str	r3, [r7, #100]
1881:../../../firmware/n32h7xx_std_periph_driver/src/n32h7xx_sdmmc.c ****         blockCount    = data->blockCount;
 3379              		.loc 1 1881 23
 3380 00b6 BB6D     		ldr	r3, [r7, #88]
 3381 00b8 DB68     		ldr	r3, [r3, #12]
 3382 00ba 3B66     		str	r3, [r7, #96]
1882:../../../firmware/n32h7xx_std_periph_driver/src/n32h7xx_sdmmc.c **** 
1883:../../../firmware/n32h7xx_std_periph_driver/src/n32h7xx_sdmmc.c ****         if(data->AutoCommand12_23 == AutoCommand12)
 3383              		.loc 1 1883 16
 3384 00bc BB6D     		ldr	r3, [r7, #88]
 3385 00be 1B68     		ldr	r3, [r3]
 3386              		.loc 1 1883 11
 3387 00c0 022B     		cmp	r3, #2
 3388 00c2 02D1     		bne	.L200
1884:../../../firmware/n32h7xx_std_periph_driver/src/n32h7xx_sdmmc.c ****         {
1885:../../../firmware/n32h7xx_std_periph_driver/src/n32h7xx_sdmmc.c ****             transferFlags = (uint32_t)SDMMC_DataWithAutoCmd12;
 3389              		.loc 1 1885 27
 3390 00c4 0823     		movs	r3, #8
 3391 00c6 BB66     		str	r3, [r7, #104]
 3392 00c8 08E0     		b	.L201
 3393              	.L200:
1886:../../../firmware/n32h7xx_std_periph_driver/src/n32h7xx_sdmmc.c ****         }
1887:../../../firmware/n32h7xx_std_periph_driver/src/n32h7xx_sdmmc.c ****         else if(data->AutoCommand12_23 == AutoCommand23)
 3394              		.loc 1 1887 21
 3395 00ca BB6D     		ldr	r3, [r7, #88]
 3396 00cc 1B68     		ldr	r3, [r3]
 3397              		.loc 1 1887 16
 3398 00ce 012B     		cmp	r3, #1
 3399 00d0 02D1     		bne	.L202
1888:../../../firmware/n32h7xx_std_periph_driver/src/n32h7xx_sdmmc.c ****         {
1889:../../../firmware/n32h7xx_std_periph_driver/src/n32h7xx_sdmmc.c ****             transferFlags = (uint32_t)SDMMC_DataWithAutoCmd23;
 3400              		.loc 1 1889 27
 3401 00d2 1023     		movs	r3, #16
 3402 00d4 BB66     		str	r3, [r7, #104]
 3403 00d6 01E0     		b	.L201
 3404              	.L202:
1890:../../../firmware/n32h7xx_std_periph_driver/src/n32h7xx_sdmmc.c ****         }
1891:../../../firmware/n32h7xx_std_periph_driver/src/n32h7xx_sdmmc.c ****         else
1892:../../../firmware/n32h7xx_std_periph_driver/src/n32h7xx_sdmmc.c ****         {
1893:../../../firmware/n32h7xx_std_periph_driver/src/n32h7xx_sdmmc.c ****             transferFlags = 0;
 3405              		.loc 1 1893 27
 3406 00d8 0023     		movs	r3, #0
 3407 00da BB66     		str	r3, [r7, #104]
ARM GAS  /tmp/ccIS8uvp.s 			page 94


 3408              	.L201:
1894:../../../firmware/n32h7xx_std_periph_driver/src/n32h7xx_sdmmc.c ****         }
1895:../../../firmware/n32h7xx_std_periph_driver/src/n32h7xx_sdmmc.c **** 
1896:../../../firmware/n32h7xx_std_periph_driver/src/n32h7xx_sdmmc.c ****         transferFlags |= ((data->txData != NULL) ? (uint32_t)SDMMC_CommandAndTxData : (uint32_t)SDM
 3409              		.loc 1 1896 32
 3410 00dc BB6D     		ldr	r3, [r7, #88]
 3411 00de 5B69     		ldr	r3, [r3, #20]
 3412              		.loc 1 1896 85
 3413 00e0 002B     		cmp	r3, #0
 3414 00e2 01D0     		beq	.L203
 3415              		.loc 1 1896 85 is_stmt 0 discriminator 1
 3416 00e4 0223     		movs	r3, #2
 3417 00e6 00E0     		b	.L204
 3418              	.L203:
 3419              		.loc 1 1896 85 discriminator 2
 3420 00e8 0423     		movs	r3, #4
 3421              	.L204:
 3422              		.loc 1 1896 23 is_stmt 1 discriminator 4
 3423 00ea BA6E     		ldr	r2, [r7, #104]
 3424 00ec 1343     		orrs	r3, r3, r2
 3425 00ee BB66     		str	r3, [r7, #104]
1897:../../../firmware/n32h7xx_std_periph_driver/src/n32h7xx_sdmmc.c ****         transferFlags |= ((data->dataType == (uint8_t)SDHOST_TransferDataBoot) ? (uint32_t)SDMMC_Bo
 3426              		.loc 1 1897 32
 3427 00f0 BB6D     		ldr	r3, [r7, #88]
 3428 00f2 5B79     		ldrb	r3, [r3, #5]	@ zero_extendqisi2
 3429              		.loc 1 1897 107
 3430 00f4 022B     		cmp	r3, #2
 3431 00f6 01D1     		bne	.L205
 3432              		.loc 1 1897 107 is_stmt 0 discriminator 1
 3433 00f8 2023     		movs	r3, #32
 3434 00fa 00E0     		b	.L206
 3435              	.L205:
 3436              		.loc 1 1897 107 discriminator 2
 3437 00fc 0023     		movs	r3, #0
 3438              	.L206:
 3439              		.loc 1 1897 23 is_stmt 1 discriminator 4
 3440 00fe BA6E     		ldr	r2, [r7, #104]
 3441 0100 1343     		orrs	r3, r3, r2
 3442 0102 BB66     		str	r3, [r7, #104]
1898:../../../firmware/n32h7xx_std_periph_driver/src/n32h7xx_sdmmc.c ****         transferFlags |=
1899:../../../firmware/n32h7xx_std_periph_driver/src/n32h7xx_sdmmc.c ****             ((data->dataType == (uint8_t)SDHOST_TransferDataBootcontinous) ? (uint32_t)SDMMC_BootDa
 3443              		.loc 1 1899 19
 3444 0104 BB6D     		ldr	r3, [r7, #88]
 3445 0106 5B79     		ldrb	r3, [r3, #5]	@ zero_extendqisi2
 3446              		.loc 1 1899 113
 3447 0108 032B     		cmp	r3, #3
 3448 010a 01D1     		bne	.L207
 3449              		.loc 1 1899 113 is_stmt 0 discriminator 1
 3450 010c 4023     		movs	r3, #64
 3451 010e 00E0     		b	.L208
 3452              	.L207:
 3453              		.loc 1 1899 113 discriminator 2
 3454 0110 0023     		movs	r3, #0
 3455              	.L208:
1898:../../../firmware/n32h7xx_std_periph_driver/src/n32h7xx_sdmmc.c ****         transferFlags |=
 3456              		.loc 1 1898 23 is_stmt 1
 3457 0112 BA6E     		ldr	r2, [r7, #104]
ARM GAS  /tmp/ccIS8uvp.s 			page 95


 3458 0114 1343     		orrs	r3, r3, r2
 3459 0116 BB66     		str	r3, [r7, #104]
1900:../../../firmware/n32h7xx_std_periph_driver/src/n32h7xx_sdmmc.c **** 
1901:../../../firmware/n32h7xx_std_periph_driver/src/n32h7xx_sdmmc.c ****         command->flags |= (uint32_t)SDHOST_DataPresentFlag;
 3460              		.loc 1 1901 16
 3461 0118 FB6D     		ldr	r3, [r7, #92]
 3462 011a 1B6A     		ldr	r3, [r3, #32]
 3463              		.loc 1 1901 24
 3464 011c 43F40012 		orr	r2, r3, #2097152
 3465 0120 FB6D     		ldr	r3, [r7, #92]
 3466 0122 1A62     		str	r2, [r3, #32]
 3467              	.L198:
1902:../../../firmware/n32h7xx_std_periph_driver/src/n32h7xx_sdmmc.c ****     }
1903:../../../firmware/n32h7xx_std_periph_driver/src/n32h7xx_sdmmc.c **** 
1904:../../../firmware/n32h7xx_std_periph_driver/src/n32h7xx_sdmmc.c ****     /* if the DMA desciptor configure fail or not needed , disable it */
1905:../../../firmware/n32h7xx_std_periph_driver/src/n32h7xx_sdmmc.c ****     if (status_value != SDMMC_SUCCESS)
 3468              		.loc 1 1905 8
 3469 0124 97F86F30 		ldrb	r3, [r7, #111]	@ zero_extendqisi2
 3470 0128 0C2B     		cmp	r3, #12
 3471 012a 05D0     		beq	.L209
1906:../../../firmware/n32h7xx_std_periph_driver/src/n32h7xx_sdmmc.c ****     {
1907:../../../firmware/n32h7xx_std_periph_driver/src/n32h7xx_sdmmc.c ****         enDMA = DISABLE;
 3472              		.loc 1 1907 15
 3473 012c 0023     		movs	r3, #0
 3474 012e 87F86E30 		strb	r3, [r7, #110]
1908:../../../firmware/n32h7xx_std_periph_driver/src/n32h7xx_sdmmc.c ****         /* disable DMA, using polling mode in this situation */
1909:../../../firmware/n32h7xx_std_periph_driver/src/n32h7xx_sdmmc.c ****         TMODE_struct->DMAE = SDHOST_TMODE_DMADISABLE;
 3475              		.loc 1 1909 28
 3476 0132 3B68     		ldr	r3, [r7]
 3477 0134 0022     		movs	r2, #0
 3478 0136 1A60     		str	r2, [r3]
 3479              	.L209:
1910:../../../firmware/n32h7xx_std_periph_driver/src/n32h7xx_sdmmc.c ****     }
1911:../../../firmware/n32h7xx_std_periph_driver/src/n32h7xx_sdmmc.c **** 
1912:../../../firmware/n32h7xx_std_periph_driver/src/n32h7xx_sdmmc.c ****     /* config the data transfer parameter */
1913:../../../firmware/n32h7xx_std_periph_driver/src/n32h7xx_sdmmc.c ****     status_value = SDMMC_TransferConfig(SDHOSTx, transferFlags, blockSize, blockCount, TMODE_struct
 3480              		.loc 1 1913 20
 3481 0138 3B68     		ldr	r3, [r7]
 3482 013a 0093     		str	r3, [sp]
 3483 013c 3B6E     		ldr	r3, [r7, #96]
 3484 013e 7A6E     		ldr	r2, [r7, #100]
 3485 0140 B96E     		ldr	r1, [r7, #104]
 3486 0142 F868     		ldr	r0, [r7, #12]
 3487 0144 FFF7FEFF 		bl	SDMMC_TransferConfig
 3488 0148 0346     		mov	r3, r0
 3489 014a 87F86F30 		strb	r3, [r7, #111]
1914:../../../firmware/n32h7xx_std_periph_driver/src/n32h7xx_sdmmc.c **** 
1915:../../../firmware/n32h7xx_std_periph_driver/src/n32h7xx_sdmmc.c ****     if (status_value != SDMMC_SUCCESS)
 3490              		.loc 1 1915 8
 3491 014e 97F86F30 		ldrb	r3, [r7, #111]	@ zero_extendqisi2
 3492 0152 0C2B     		cmp	r3, #12
 3493 0154 02D0     		beq	.L210
1916:../../../firmware/n32h7xx_std_periph_driver/src/n32h7xx_sdmmc.c ****     {
1917:../../../firmware/n32h7xx_std_periph_driver/src/n32h7xx_sdmmc.c ****         return status_value;
 3494              		.loc 1 1917 16
 3495 0156 97F86F30 		ldrb	r3, [r7, #111]	@ zero_extendqisi2
 3496 015a 34E0     		b	.L215
ARM GAS  /tmp/ccIS8uvp.s 			page 96


 3497              	.L210:
1918:../../../firmware/n32h7xx_std_periph_driver/src/n32h7xx_sdmmc.c ****     }
1919:../../../firmware/n32h7xx_std_periph_driver/src/n32h7xx_sdmmc.c **** 
1920:../../../firmware/n32h7xx_std_periph_driver/src/n32h7xx_sdmmc.c ****     /* send command first */
1921:../../../firmware/n32h7xx_std_periph_driver/src/n32h7xx_sdmmc.c ****     SDMMC_SendCommand(SDHOSTx, command, TMODE_struct);
 3498              		.loc 1 1921 5
 3499 015c 3A68     		ldr	r2, [r7]
 3500 015e F96D     		ldr	r1, [r7, #92]
 3501 0160 F868     		ldr	r0, [r7, #12]
 3502 0162 FFF7FEFF 		bl	SDMMC_SendCommand
1922:../../../firmware/n32h7xx_std_periph_driver/src/n32h7xx_sdmmc.c **** 
1923:../../../firmware/n32h7xx_std_periph_driver/src/n32h7xx_sdmmc.c ****     /* wait command done */
1924:../../../firmware/n32h7xx_std_periph_driver/src/n32h7xx_sdmmc.c ****     if(data->dataType == (uint32_t)SDHOST_TransferDataNormal)
 3503              		.loc 1 1924 12
 3504 0166 BB6D     		ldr	r3, [r7, #88]
 3505 0168 5B79     		ldrb	r3, [r3, #5]	@ zero_extendqisi2
 3506              		.loc 1 1924 7
 3507 016a 002B     		cmp	r3, #0
 3508 016c 03D1     		bne	.L211
1925:../../../firmware/n32h7xx_std_periph_driver/src/n32h7xx_sdmmc.c ****     {
1926:../../../firmware/n32h7xx_std_periph_driver/src/n32h7xx_sdmmc.c ****         CMDdone = ENABLE;
 3509              		.loc 1 1926 17
 3510 016e 0123     		movs	r3, #1
 3511 0170 87F86D30 		strb	r3, [r7, #109]
 3512 0174 02E0     		b	.L212
 3513              	.L211:
1927:../../../firmware/n32h7xx_std_periph_driver/src/n32h7xx_sdmmc.c ****     }
1928:../../../firmware/n32h7xx_std_periph_driver/src/n32h7xx_sdmmc.c ****     else
1929:../../../firmware/n32h7xx_std_periph_driver/src/n32h7xx_sdmmc.c ****     {
1930:../../../firmware/n32h7xx_std_periph_driver/src/n32h7xx_sdmmc.c ****         CMDdone = DISABLE;
 3514              		.loc 1 1930 17
 3515 0176 0023     		movs	r3, #0
 3516 0178 87F86D30 		strb	r3, [r7, #109]
 3517              	.L212:
1931:../../../firmware/n32h7xx_std_periph_driver/src/n32h7xx_sdmmc.c ****     }
1932:../../../firmware/n32h7xx_std_periph_driver/src/n32h7xx_sdmmc.c **** 
1933:../../../firmware/n32h7xx_std_periph_driver/src/n32h7xx_sdmmc.c ****     status_value = SDMMC_WaitCommandDone(SDHOSTx, command, CMDdone);
 3518              		.loc 1 1933 20
 3519 017c 97F86D30 		ldrb	r3, [r7, #109]	@ zero_extendqisi2
 3520 0180 1A46     		mov	r2, r3
 3521 0182 F96D     		ldr	r1, [r7, #92]
 3522 0184 F868     		ldr	r0, [r7, #12]
 3523 0186 FFF7FEFF 		bl	SDMMC_WaitCommandDone
 3524 018a 0346     		mov	r3, r0
 3525 018c 87F86F30 		strb	r3, [r7, #111]
1934:../../../firmware/n32h7xx_std_periph_driver/src/n32h7xx_sdmmc.c **** 
1935:../../../firmware/n32h7xx_std_periph_driver/src/n32h7xx_sdmmc.c ****     if (SDMMC_SUCCESS != status_value)
 3526              		.loc 1 1935 8
 3527 0190 97F86F30 		ldrb	r3, [r7, #111]	@ zero_extendqisi2
 3528 0194 0C2B     		cmp	r3, #12
 3529 0196 01D0     		beq	.L213
1936:../../../firmware/n32h7xx_std_periph_driver/src/n32h7xx_sdmmc.c ****     {
1937:../../../firmware/n32h7xx_std_periph_driver/src/n32h7xx_sdmmc.c ****         return SDMMC_SendCommandFailed;
 3530              		.loc 1 1937 16
 3531 0198 0323     		movs	r3, #3
 3532 019a 14E0     		b	.L215
 3533              	.L213:
ARM GAS  /tmp/ccIS8uvp.s 			page 97


1938:../../../firmware/n32h7xx_std_periph_driver/src/n32h7xx_sdmmc.c ****     }
1939:../../../firmware/n32h7xx_std_periph_driver/src/n32h7xx_sdmmc.c **** 
1940:../../../firmware/n32h7xx_std_periph_driver/src/n32h7xx_sdmmc.c ****     /* wait transfer data finsih */
1941:../../../firmware/n32h7xx_std_periph_driver/src/n32h7xx_sdmmc.c ****     if (data != NULL)
 3534              		.loc 1 1941 8
 3535 019c BB6D     		ldr	r3, [r7, #88]
 3536 019e 002B     		cmp	r3, #0
 3537 01a0 10D0     		beq	.L214
1942:../../../firmware/n32h7xx_std_periph_driver/src/n32h7xx_sdmmc.c ****     {
1943:../../../firmware/n32h7xx_std_periph_driver/src/n32h7xx_sdmmc.c ****         status_value = SDMMC_TransferDataBlocking(SDHOSTx, data, enDMA);
 3538              		.loc 1 1943 24
 3539 01a2 97F86E30 		ldrb	r3, [r7, #110]	@ zero_extendqisi2
 3540 01a6 1A46     		mov	r2, r3
 3541 01a8 B96D     		ldr	r1, [r7, #88]
 3542 01aa F868     		ldr	r0, [r7, #12]
 3543 01ac FFF7FEFF 		bl	SDMMC_TransferDataBlocking
 3544 01b0 0346     		mov	r3, r0
 3545 01b2 87F86F30 		strb	r3, [r7, #111]
1944:../../../firmware/n32h7xx_std_periph_driver/src/n32h7xx_sdmmc.c **** 
1945:../../../firmware/n32h7xx_std_periph_driver/src/n32h7xx_sdmmc.c ****         if (SDMMC_SUCCESS != status_value)
 3546              		.loc 1 1945 12
 3547 01b6 97F86F30 		ldrb	r3, [r7, #111]	@ zero_extendqisi2
 3548 01ba 0C2B     		cmp	r3, #12
 3549 01bc 02D0     		beq	.L214
1946:../../../firmware/n32h7xx_std_periph_driver/src/n32h7xx_sdmmc.c ****         {
1947:../../../firmware/n32h7xx_std_periph_driver/src/n32h7xx_sdmmc.c ****             return status_value;
 3550              		.loc 1 1947 20
 3551 01be 97F86F30 		ldrb	r3, [r7, #111]	@ zero_extendqisi2
 3552 01c2 00E0     		b	.L215
 3553              	.L214:
1948:../../../firmware/n32h7xx_std_periph_driver/src/n32h7xx_sdmmc.c ****         }
1949:../../../firmware/n32h7xx_std_periph_driver/src/n32h7xx_sdmmc.c ****     }
1950:../../../firmware/n32h7xx_std_periph_driver/src/n32h7xx_sdmmc.c **** 
1951:../../../firmware/n32h7xx_std_periph_driver/src/n32h7xx_sdmmc.c ****     return SDMMC_SUCCESS;
 3554              		.loc 1 1951 12
 3555 01c4 0C23     		movs	r3, #12
 3556              	.L215:
1952:../../../firmware/n32h7xx_std_periph_driver/src/n32h7xx_sdmmc.c **** }
 3557              		.loc 1 1952 1
 3558 01c6 1846     		mov	r0, r3
 3559 01c8 7037     		adds	r7, r7, #112
 3560              	.LCFI120:
 3561              		.cfi_def_cfa_offset 8
 3562 01ca BD46     		mov	sp, r7
 3563              	.LCFI121:
 3564              		.cfi_def_cfa_register 13
 3565              		@ sp needed
 3566 01cc 80BD     		pop	{r7, pc}
 3567              		.cfi_endproc
 3568              	.LFE168:
 3570              		.section	.text.SDMMC_EnableManualTuningOut,"ax",%progbits
 3571              		.align	1
 3572              		.global	SDMMC_EnableManualTuningOut
 3573              		.syntax unified
 3574              		.thumb
 3575              		.thumb_func
 3577              	SDMMC_EnableManualTuningOut:
ARM GAS  /tmp/ccIS8uvp.s 			page 98


 3578              	.LFB169:
1953:../../../firmware/n32h7xx_std_periph_driver/src/n32h7xx_sdmmc.c **** 
1954:../../../firmware/n32h7xx_std_periph_driver/src/n32h7xx_sdmmc.c **** 
1955:../../../firmware/n32h7xx_std_periph_driver/src/n32h7xx_sdmmc.c **** 
1956:../../../firmware/n32h7xx_std_periph_driver/src/n32h7xx_sdmmc.c **** /**
1957:../../../firmware/n32h7xx_std_periph_driver/src/n32h7xx_sdmmc.c ****  *\*\name   SDMMC_EnableManualTuning.
1958:../../../firmware/n32h7xx_std_periph_driver/src/n32h7xx_sdmmc.c ****  *\*\fun    Manually adjust SDCLK output delay.
1959:../../../firmware/n32h7xx_std_periph_driver/src/n32h7xx_sdmmc.c ****  *\*\param  SDMMCx :
1960:../../../firmware/n32h7xx_std_periph_driver/src/n32h7xx_sdmmc.c ****  *\*\          - SDMMC1
1961:../../../firmware/n32h7xx_std_periph_driver/src/n32h7xx_sdmmc.c ****  *\*\          - SDMMC2
1962:../../../firmware/n32h7xx_std_periph_driver/src/n32h7xx_sdmmc.c ****  *\*\param  delay :
1963:../../../firmware/n32h7xx_std_periph_driver/src/n32h7xx_sdmmc.c ****  *\*\          - 0x00~0x0F   1~16 delay tap
1964:../../../firmware/n32h7xx_std_periph_driver/src/n32h7xx_sdmmc.c ****  *\*\param  cmd :
1965:../../../firmware/n32h7xx_std_periph_driver/src/n32h7xx_sdmmc.c ****  *\*\          - ENABLE
1966:../../../firmware/n32h7xx_std_periph_driver/src/n32h7xx_sdmmc.c ****  *\*\          - DISABLE
1967:../../../firmware/n32h7xx_std_periph_driver/src/n32h7xx_sdmmc.c ****  *\*\note   When manually adjusting, SDHOST should not be in working state (transmission state).
1968:../../../firmware/n32h7xx_std_periph_driver/src/n32h7xx_sdmmc.c ****  *\*\note   After executing this function, it is necessary to call the enable parameter of SDMMC_Sa
1969:../../../firmware/n32h7xx_std_periph_driver/src/n32h7xx_sdmmc.c ****  */
1970:../../../firmware/n32h7xx_std_periph_driver/src/n32h7xx_sdmmc.c **** void SDMMC_EnableManualTuningOut(SDMMC_Module* SDMMCx, uint32_t delay, FunctionalState cmd)
1971:../../../firmware/n32h7xx_std_periph_driver/src/n32h7xx_sdmmc.c **** {
 3579              		.loc 1 1971 1
 3580              		.cfi_startproc
 3581              		@ args = 0, pretend = 0, frame = 16
 3582              		@ frame_needed = 1, uses_anonymous_args = 0
 3583              		@ link register save eliminated.
 3584 0000 80B4     		push	{r7}
 3585              	.LCFI122:
 3586              		.cfi_def_cfa_offset 4
 3587              		.cfi_offset 7, -4
 3588 0002 85B0     		sub	sp, sp, #20
 3589              	.LCFI123:
 3590              		.cfi_def_cfa_offset 24
 3591 0004 00AF     		add	r7, sp, #0
 3592              	.LCFI124:
 3593              		.cfi_def_cfa_register 7
 3594 0006 F860     		str	r0, [r7, #12]
 3595 0008 B960     		str	r1, [r7, #8]
 3596 000a 1346     		mov	r3, r2
 3597 000c FB71     		strb	r3, [r7, #7]
1972:../../../firmware/n32h7xx_std_periph_driver/src/n32h7xx_sdmmc.c ****     SDMMCx->DLYCTRL &= (~SDMMC_MANUALTUNOUT_DELAYMASK);
 3598              		.loc 1 1972 11
 3599 000e FB68     		ldr	r3, [r7, #12]
 3600 0010 1B6A     		ldr	r3, [r3, #32]
 3601              		.loc 1 1972 21
 3602 0012 23F4F062 		bic	r2, r3, #1920
 3603 0016 FB68     		ldr	r3, [r7, #12]
 3604 0018 1A62     		str	r2, [r3, #32]
1973:../../../firmware/n32h7xx_std_periph_driver/src/n32h7xx_sdmmc.c ****     SDMMCx->DLYCTRL |= (delay << REG_BIT7_OFFSET);
 3605              		.loc 1 1973 11
 3606 001a FB68     		ldr	r3, [r7, #12]
 3607 001c 1A6A     		ldr	r2, [r3, #32]
 3608              		.loc 1 1973 31
 3609 001e BB68     		ldr	r3, [r7, #8]
 3610 0020 DB01     		lsls	r3, r3, #7
 3611              		.loc 1 1973 21
 3612 0022 1A43     		orrs	r2, r2, r3
 3613 0024 FB68     		ldr	r3, [r7, #12]
ARM GAS  /tmp/ccIS8uvp.s 			page 99


 3614 0026 1A62     		str	r2, [r3, #32]
1974:../../../firmware/n32h7xx_std_periph_driver/src/n32h7xx_sdmmc.c **** 
1975:../../../firmware/n32h7xx_std_periph_driver/src/n32h7xx_sdmmc.c ****     if (cmd == ENABLE)
 3615              		.loc 1 1975 8
 3616 0028 FB79     		ldrb	r3, [r7, #7]	@ zero_extendqisi2
 3617 002a 012B     		cmp	r3, #1
 3618 002c 06D1     		bne	.L217
1976:../../../firmware/n32h7xx_std_periph_driver/src/n32h7xx_sdmmc.c ****     {
1977:../../../firmware/n32h7xx_std_periph_driver/src/n32h7xx_sdmmc.c ****         SDMMCx->DLYCTRL |= SDMMC_MANUALTUNOUT_EN;
 3619              		.loc 1 1977 15
 3620 002e FB68     		ldr	r3, [r7, #12]
 3621 0030 1B6A     		ldr	r3, [r3, #32]
 3622              		.loc 1 1977 25
 3623 0032 43F40062 		orr	r2, r3, #2048
 3624 0036 FB68     		ldr	r3, [r7, #12]
 3625 0038 1A62     		str	r2, [r3, #32]
1978:../../../firmware/n32h7xx_std_periph_driver/src/n32h7xx_sdmmc.c ****     }
1979:../../../firmware/n32h7xx_std_periph_driver/src/n32h7xx_sdmmc.c ****     else
1980:../../../firmware/n32h7xx_std_periph_driver/src/n32h7xx_sdmmc.c ****     {
1981:../../../firmware/n32h7xx_std_periph_driver/src/n32h7xx_sdmmc.c ****         SDMMCx->DLYCTRL &= (~SDMMC_MANUALTUNOUT_EN);
1982:../../../firmware/n32h7xx_std_periph_driver/src/n32h7xx_sdmmc.c ****     }
1983:../../../firmware/n32h7xx_std_periph_driver/src/n32h7xx_sdmmc.c **** }
 3626              		.loc 1 1983 1
 3627 003a 05E0     		b	.L219
 3628              	.L217:
1981:../../../firmware/n32h7xx_std_periph_driver/src/n32h7xx_sdmmc.c ****     }
 3629              		.loc 1 1981 15
 3630 003c FB68     		ldr	r3, [r7, #12]
 3631 003e 1B6A     		ldr	r3, [r3, #32]
1981:../../../firmware/n32h7xx_std_periph_driver/src/n32h7xx_sdmmc.c ****     }
 3632              		.loc 1 1981 25
 3633 0040 23F40062 		bic	r2, r3, #2048
 3634 0044 FB68     		ldr	r3, [r7, #12]
 3635 0046 1A62     		str	r2, [r3, #32]
 3636              	.L219:
 3637              		.loc 1 1983 1
 3638 0048 00BF     		nop
 3639 004a 1437     		adds	r7, r7, #20
 3640              	.LCFI125:
 3641              		.cfi_def_cfa_offset 4
 3642 004c BD46     		mov	sp, r7
 3643              	.LCFI126:
 3644              		.cfi_def_cfa_register 13
 3645              		@ sp needed
 3646 004e 80BC     		pop	{r7}
 3647              	.LCFI127:
 3648              		.cfi_restore 7
 3649              		.cfi_def_cfa_offset 0
 3650 0050 7047     		bx	lr
 3651              		.cfi_endproc
 3652              	.LFE169:
 3654              		.section	.text.SDMMC_EnableManualTuningIN,"ax",%progbits
 3655              		.align	1
 3656              		.global	SDMMC_EnableManualTuningIN
 3657              		.syntax unified
 3658              		.thumb
 3659              		.thumb_func
ARM GAS  /tmp/ccIS8uvp.s 			page 100


 3661              	SDMMC_EnableManualTuningIN:
 3662              	.LFB170:
1984:../../../firmware/n32h7xx_std_periph_driver/src/n32h7xx_sdmmc.c **** 
1985:../../../firmware/n32h7xx_std_periph_driver/src/n32h7xx_sdmmc.c **** 
1986:../../../firmware/n32h7xx_std_periph_driver/src/n32h7xx_sdmmc.c **** /**
1987:../../../firmware/n32h7xx_std_periph_driver/src/n32h7xx_sdmmc.c ****  *\*\name   SDMMC_EnableManualTuningIN.
1988:../../../firmware/n32h7xx_std_periph_driver/src/n32h7xx_sdmmc.c ****  *\*\fun    Manually adjust rxclk input delay.
1989:../../../firmware/n32h7xx_std_periph_driver/src/n32h7xx_sdmmc.c ****  *\*\param  SDMMCx :
1990:../../../firmware/n32h7xx_std_periph_driver/src/n32h7xx_sdmmc.c ****  *\*\          - SDMMC1
1991:../../../firmware/n32h7xx_std_periph_driver/src/n32h7xx_sdmmc.c ****  *\*\          - SDMMC2
1992:../../../firmware/n32h7xx_std_periph_driver/src/n32h7xx_sdmmc.c ****  *\*\param  delay :
1993:../../../firmware/n32h7xx_std_periph_driver/src/n32h7xx_sdmmc.c ****  *\*\          - 0x00~0x1F   1~32 delay tap
1994:../../../firmware/n32h7xx_std_periph_driver/src/n32h7xx_sdmmc.c ****  *\*\param  cmd :
1995:../../../firmware/n32h7xx_std_periph_driver/src/n32h7xx_sdmmc.c ****  *\*\          - ENABLE
1996:../../../firmware/n32h7xx_std_periph_driver/src/n32h7xx_sdmmc.c ****  *\*\          - DISABLE
1997:../../../firmware/n32h7xx_std_periph_driver/src/n32h7xx_sdmmc.c ****  *\*\note   When manually adjusting, SDHOST should not be in working state (transmission state).
1998:../../../firmware/n32h7xx_std_periph_driver/src/n32h7xx_sdmmc.c ****  *\*\note   After executing this function, it is necessary to call the enable parameter of SDMMC_Sa
1999:../../../firmware/n32h7xx_std_periph_driver/src/n32h7xx_sdmmc.c ****  */
2000:../../../firmware/n32h7xx_std_periph_driver/src/n32h7xx_sdmmc.c **** void SDMMC_EnableManualTuningIN(SDMMC_Module* SDMMCx, uint32_t delay, FunctionalState cmd)
2001:../../../firmware/n32h7xx_std_periph_driver/src/n32h7xx_sdmmc.c **** {
 3663              		.loc 1 2001 1
 3664              		.cfi_startproc
 3665              		@ args = 0, pretend = 0, frame = 16
 3666              		@ frame_needed = 1, uses_anonymous_args = 0
 3667              		@ link register save eliminated.
 3668 0000 80B4     		push	{r7}
 3669              	.LCFI128:
 3670              		.cfi_def_cfa_offset 4
 3671              		.cfi_offset 7, -4
 3672 0002 85B0     		sub	sp, sp, #20
 3673              	.LCFI129:
 3674              		.cfi_def_cfa_offset 24
 3675 0004 00AF     		add	r7, sp, #0
 3676              	.LCFI130:
 3677              		.cfi_def_cfa_register 7
 3678 0006 F860     		str	r0, [r7, #12]
 3679 0008 B960     		str	r1, [r7, #8]
 3680 000a 1346     		mov	r3, r2
 3681 000c FB71     		strb	r3, [r7, #7]
2002:../../../firmware/n32h7xx_std_periph_driver/src/n32h7xx_sdmmc.c ****     SDMMCx->DLYCTRL &= (~SDMMC_MANUALTUNGATE_EN);
 3682              		.loc 1 2002 11
 3683 000e FB68     		ldr	r3, [r7, #12]
 3684 0010 1B6A     		ldr	r3, [r3, #32]
 3685              		.loc 1 2002 21
 3686 0012 23F04002 		bic	r2, r3, #64
 3687 0016 FB68     		ldr	r3, [r7, #12]
 3688 0018 1A62     		str	r2, [r3, #32]
2003:../../../firmware/n32h7xx_std_periph_driver/src/n32h7xx_sdmmc.c **** 
2004:../../../firmware/n32h7xx_std_periph_driver/src/n32h7xx_sdmmc.c ****     SDMMCx->DLYCTRL &= (~SDMMC_MANUALTUNIN_DELAYMASK);
 3689              		.loc 1 2004 11
 3690 001a FB68     		ldr	r3, [r7, #12]
 3691 001c 1B6A     		ldr	r3, [r3, #32]
 3692              		.loc 1 2004 21
 3693 001e 23F01F02 		bic	r2, r3, #31
 3694 0022 FB68     		ldr	r3, [r7, #12]
 3695 0024 1A62     		str	r2, [r3, #32]
2005:../../../firmware/n32h7xx_std_periph_driver/src/n32h7xx_sdmmc.c ****     SDMMCx->DLYCTRL |= delay;
ARM GAS  /tmp/ccIS8uvp.s 			page 101


 3696              		.loc 1 2005 11
 3697 0026 FB68     		ldr	r3, [r7, #12]
 3698 0028 1A6A     		ldr	r2, [r3, #32]
 3699              		.loc 1 2005 21
 3700 002a BB68     		ldr	r3, [r7, #8]
 3701 002c 1A43     		orrs	r2, r2, r3
 3702 002e FB68     		ldr	r3, [r7, #12]
 3703 0030 1A62     		str	r2, [r3, #32]
2006:../../../firmware/n32h7xx_std_periph_driver/src/n32h7xx_sdmmc.c **** 
2007:../../../firmware/n32h7xx_std_periph_driver/src/n32h7xx_sdmmc.c ****     if (cmd == ENABLE)
 3704              		.loc 1 2007 8
 3705 0032 FB79     		ldrb	r3, [r7, #7]	@ zero_extendqisi2
 3706 0034 012B     		cmp	r3, #1
 3707 0036 0CD1     		bne	.L221
2008:../../../firmware/n32h7xx_std_periph_driver/src/n32h7xx_sdmmc.c ****     {
2009:../../../firmware/n32h7xx_std_periph_driver/src/n32h7xx_sdmmc.c ****         SDMMCx->DLYCTRL |= SDMMC_MANUALTUNIN_EN;
 3708              		.loc 1 2009 15
 3709 0038 FB68     		ldr	r3, [r7, #12]
 3710 003a 1B6A     		ldr	r3, [r3, #32]
 3711              		.loc 1 2009 25
 3712 003c 43F02002 		orr	r2, r3, #32
 3713 0040 FB68     		ldr	r3, [r7, #12]
 3714 0042 1A62     		str	r2, [r3, #32]
2010:../../../firmware/n32h7xx_std_periph_driver/src/n32h7xx_sdmmc.c ****         SDMMCx->DLYCTRL |= SDMMC_MANUALTUNGATE_EN;
 3715              		.loc 1 2010 15
 3716 0044 FB68     		ldr	r3, [r7, #12]
 3717 0046 1B6A     		ldr	r3, [r3, #32]
 3718              		.loc 1 2010 25
 3719 0048 43F04002 		orr	r2, r3, #64
 3720 004c FB68     		ldr	r3, [r7, #12]
 3721 004e 1A62     		str	r2, [r3, #32]
2011:../../../firmware/n32h7xx_std_periph_driver/src/n32h7xx_sdmmc.c ****     }
2012:../../../firmware/n32h7xx_std_periph_driver/src/n32h7xx_sdmmc.c ****     else
2013:../../../firmware/n32h7xx_std_periph_driver/src/n32h7xx_sdmmc.c ****     {
2014:../../../firmware/n32h7xx_std_periph_driver/src/n32h7xx_sdmmc.c ****         SDMMCx->DLYCTRL &= (~SDMMC_MANUALTUNIN_EN);
2015:../../../firmware/n32h7xx_std_periph_driver/src/n32h7xx_sdmmc.c ****     }
2016:../../../firmware/n32h7xx_std_periph_driver/src/n32h7xx_sdmmc.c **** }
 3722              		.loc 1 2016 1
 3723 0050 05E0     		b	.L223
 3724              	.L221:
2014:../../../firmware/n32h7xx_std_periph_driver/src/n32h7xx_sdmmc.c ****     }
 3725              		.loc 1 2014 15
 3726 0052 FB68     		ldr	r3, [r7, #12]
 3727 0054 1B6A     		ldr	r3, [r3, #32]
2014:../../../firmware/n32h7xx_std_periph_driver/src/n32h7xx_sdmmc.c ****     }
 3728              		.loc 1 2014 25
 3729 0056 23F02002 		bic	r2, r3, #32
 3730 005a FB68     		ldr	r3, [r7, #12]
 3731 005c 1A62     		str	r2, [r3, #32]
 3732              	.L223:
 3733              		.loc 1 2016 1
 3734 005e 00BF     		nop
 3735 0060 1437     		adds	r7, r7, #20
 3736              	.LCFI131:
 3737              		.cfi_def_cfa_offset 4
 3738 0062 BD46     		mov	sp, r7
 3739              	.LCFI132:
ARM GAS  /tmp/ccIS8uvp.s 			page 102


 3740              		.cfi_def_cfa_register 13
 3741              		@ sp needed
 3742 0064 80BC     		pop	{r7}
 3743              	.LCFI133:
 3744              		.cfi_restore 7
 3745              		.cfi_def_cfa_offset 0
 3746 0066 7047     		bx	lr
 3747              		.cfi_endproc
 3748              	.LFE170:
 3750              		.section	.text.SDMMC_FixedSampleClock,"ax",%progbits
 3751              		.align	1
 3752              		.global	SDMMC_FixedSampleClock
 3753              		.syntax unified
 3754              		.thumb
 3755              		.thumb_func
 3757              	SDMMC_FixedSampleClock:
 3758              	.LFB171:
2017:../../../firmware/n32h7xx_std_periph_driver/src/n32h7xx_sdmmc.c **** 
2018:../../../firmware/n32h7xx_std_periph_driver/src/n32h7xx_sdmmc.c **** /**
2019:../../../firmware/n32h7xx_std_periph_driver/src/n32h7xx_sdmmc.c ****  *\*\name   SDMMC_FixedSampleClock.
2020:../../../firmware/n32h7xx_std_periph_driver/src/n32h7xx_sdmmc.c ****  *\*\fun    Fixed clock for data sampling.
2021:../../../firmware/n32h7xx_std_periph_driver/src/n32h7xx_sdmmc.c ****  *\*\param  SDHOSTx :
2022:../../../firmware/n32h7xx_std_periph_driver/src/n32h7xx_sdmmc.c ****  *\*\          - SDHOST1
2023:../../../firmware/n32h7xx_std_periph_driver/src/n32h7xx_sdmmc.c ****  *\*\          - SDHOST2
2024:../../../firmware/n32h7xx_std_periph_driver/src/n32h7xx_sdmmc.c ****  *\*\return none.
2025:../../../firmware/n32h7xx_std_periph_driver/src/n32h7xx_sdmmc.c ****  */
2026:../../../firmware/n32h7xx_std_periph_driver/src/n32h7xx_sdmmc.c **** void SDMMC_FixedSampleClock(SDHOST_Module* SDHOSTx)
2027:../../../firmware/n32h7xx_std_periph_driver/src/n32h7xx_sdmmc.c **** {
 3759              		.loc 1 2027 1
 3760              		.cfi_startproc
 3761              		@ args = 0, pretend = 0, frame = 8
 3762              		@ frame_needed = 1, uses_anonymous_args = 0
 3763              		@ link register save eliminated.
 3764 0000 80B4     		push	{r7}
 3765              	.LCFI134:
 3766              		.cfi_def_cfa_offset 4
 3767              		.cfi_offset 7, -4
 3768 0002 83B0     		sub	sp, sp, #12
 3769              	.LCFI135:
 3770              		.cfi_def_cfa_offset 16
 3771 0004 00AF     		add	r7, sp, #0
 3772              	.LCFI136:
 3773              		.cfi_def_cfa_register 7
 3774 0006 7860     		str	r0, [r7, #4]
2028:../../../firmware/n32h7xx_std_periph_driver/src/n32h7xx_sdmmc.c ****     SDHOSTx->CTRLSTS &= (~SDHOST_SAMPCLKSEL);
 3775              		.loc 1 2028 12
 3776 0008 7B68     		ldr	r3, [r7, #4]
 3777 000a DB6B     		ldr	r3, [r3, #60]
 3778              		.loc 1 2028 22
 3779 000c 23F40002 		bic	r2, r3, #8388608
 3780 0010 7B68     		ldr	r3, [r7, #4]
 3781 0012 DA63     		str	r2, [r3, #60]
2029:../../../firmware/n32h7xx_std_periph_driver/src/n32h7xx_sdmmc.c **** }
 3782              		.loc 1 2029 1
 3783 0014 00BF     		nop
 3784 0016 0C37     		adds	r7, r7, #12
 3785              	.LCFI137:
ARM GAS  /tmp/ccIS8uvp.s 			page 103


 3786              		.cfi_def_cfa_offset 4
 3787 0018 BD46     		mov	sp, r7
 3788              	.LCFI138:
 3789              		.cfi_def_cfa_register 13
 3790              		@ sp needed
 3791 001a 80BC     		pop	{r7}
 3792              	.LCFI139:
 3793              		.cfi_restore 7
 3794              		.cfi_def_cfa_offset 0
 3795 001c 7047     		bx	lr
 3796              		.cfi_endproc
 3797              	.LFE171:
 3799              		.section	.text.SDMMC_EnableAutoTuning,"ax",%progbits
 3800              		.align	1
 3801              		.global	SDMMC_EnableAutoTuning
 3802              		.syntax unified
 3803              		.thumb
 3804              		.thumb_func
 3806              	SDMMC_EnableAutoTuning:
 3807              	.LFB172:
2030:../../../firmware/n32h7xx_std_periph_driver/src/n32h7xx_sdmmc.c **** 
2031:../../../firmware/n32h7xx_std_periph_driver/src/n32h7xx_sdmmc.c **** /**
2032:../../../firmware/n32h7xx_std_periph_driver/src/n32h7xx_sdmmc.c ****  *\*\name   SDMMC_EnableAutoTuning.
2033:../../../firmware/n32h7xx_std_periph_driver/src/n32h7xx_sdmmc.c ****  *\*\fun    the auto tuning enbale for CMD/DATA line.
2034:../../../firmware/n32h7xx_std_periph_driver/src/n32h7xx_sdmmc.c ****  *\*\param  SDHOSTx :
2035:../../../firmware/n32h7xx_std_periph_driver/src/n32h7xx_sdmmc.c ****  *\*\          - SDHOST1
2036:../../../firmware/n32h7xx_std_periph_driver/src/n32h7xx_sdmmc.c ****  *\*\          - SDHOST2
2037:../../../firmware/n32h7xx_std_periph_driver/src/n32h7xx_sdmmc.c ****  *\*\param  cmd :
2038:../../../firmware/n32h7xx_std_periph_driver/src/n32h7xx_sdmmc.c ****  *\*\          - ENABLE
2039:../../../firmware/n32h7xx_std_periph_driver/src/n32h7xx_sdmmc.c ****  *\*\          - DISABLE
2040:../../../firmware/n32h7xx_std_periph_driver/src/n32h7xx_sdmmc.c ****  *\*\return none.
2041:../../../firmware/n32h7xx_std_periph_driver/src/n32h7xx_sdmmc.c ****  */
2042:../../../firmware/n32h7xx_std_periph_driver/src/n32h7xx_sdmmc.c **** void SDMMC_EnableAutoTuning(SDHOST_Module* SDHOSTx, FunctionalState cmd)
2043:../../../firmware/n32h7xx_std_periph_driver/src/n32h7xx_sdmmc.c **** {
 3808              		.loc 1 2043 1
 3809              		.cfi_startproc
 3810              		@ args = 0, pretend = 0, frame = 8
 3811              		@ frame_needed = 1, uses_anonymous_args = 0
 3812              		@ link register save eliminated.
 3813 0000 80B4     		push	{r7}
 3814              	.LCFI140:
 3815              		.cfi_def_cfa_offset 4
 3816              		.cfi_offset 7, -4
 3817 0002 83B0     		sub	sp, sp, #12
 3818              	.LCFI141:
 3819              		.cfi_def_cfa_offset 16
 3820 0004 00AF     		add	r7, sp, #0
 3821              	.LCFI142:
 3822              		.cfi_def_cfa_register 7
 3823 0006 7860     		str	r0, [r7, #4]
 3824 0008 0B46     		mov	r3, r1
 3825 000a FB70     		strb	r3, [r7, #3]
2044:../../../firmware/n32h7xx_std_periph_driver/src/n32h7xx_sdmmc.c ****     if (cmd == ENABLE)
 3826              		.loc 1 2044 8
 3827 000c FB78     		ldrb	r3, [r7, #3]	@ zero_extendqisi2
 3828 000e 012B     		cmp	r3, #1
 3829 0010 06D1     		bne	.L226
ARM GAS  /tmp/ccIS8uvp.s 			page 104


2045:../../../firmware/n32h7xx_std_periph_driver/src/n32h7xx_sdmmc.c ****     {
2046:../../../firmware/n32h7xx_std_periph_driver/src/n32h7xx_sdmmc.c ****         SDHOSTx->CTRLSTS |= SDHOST_AUTOTUNE;
 3830              		.loc 1 2046 16
 3831 0012 7B68     		ldr	r3, [r7, #4]
 3832 0014 DB6B     		ldr	r3, [r3, #60]
 3833              		.loc 1 2046 26
 3834 0016 43F48002 		orr	r2, r3, #4194304
 3835 001a 7B68     		ldr	r3, [r7, #4]
 3836 001c DA63     		str	r2, [r3, #60]
2047:../../../firmware/n32h7xx_std_periph_driver/src/n32h7xx_sdmmc.c ****     }
2048:../../../firmware/n32h7xx_std_periph_driver/src/n32h7xx_sdmmc.c ****     else
2049:../../../firmware/n32h7xx_std_periph_driver/src/n32h7xx_sdmmc.c ****     {
2050:../../../firmware/n32h7xx_std_periph_driver/src/n32h7xx_sdmmc.c ****         SDHOSTx->CTRLSTS &= (~SDHOST_AUTOTUNE);
2051:../../../firmware/n32h7xx_std_periph_driver/src/n32h7xx_sdmmc.c ****     }
2052:../../../firmware/n32h7xx_std_periph_driver/src/n32h7xx_sdmmc.c **** }
 3837              		.loc 1 2052 1
 3838 001e 05E0     		b	.L228
 3839              	.L226:
2050:../../../firmware/n32h7xx_std_periph_driver/src/n32h7xx_sdmmc.c ****     }
 3840              		.loc 1 2050 16
 3841 0020 7B68     		ldr	r3, [r7, #4]
 3842 0022 DB6B     		ldr	r3, [r3, #60]
2050:../../../firmware/n32h7xx_std_periph_driver/src/n32h7xx_sdmmc.c ****     }
 3843              		.loc 1 2050 26
 3844 0024 23F48002 		bic	r2, r3, #4194304
 3845 0028 7B68     		ldr	r3, [r7, #4]
 3846 002a DA63     		str	r2, [r3, #60]
 3847              	.L228:
 3848              		.loc 1 2052 1
 3849 002c 00BF     		nop
 3850 002e 0C37     		adds	r7, r7, #12
 3851              	.LCFI143:
 3852              		.cfi_def_cfa_offset 4
 3853 0030 BD46     		mov	sp, r7
 3854              	.LCFI144:
 3855              		.cfi_def_cfa_register 13
 3856              		@ sp needed
 3857 0032 80BC     		pop	{r7}
 3858              	.LCFI145:
 3859              		.cfi_restore 7
 3860              		.cfi_def_cfa_offset 0
 3861 0034 7047     		bx	lr
 3862              		.cfi_endproc
 3863              	.LFE172:
 3865              		.section	.text.SDMMC_ConfigInt,"ax",%progbits
 3866              		.align	1
 3867              		.global	SDMMC_ConfigInt
 3868              		.syntax unified
 3869              		.thumb
 3870              		.thumb_func
 3872              	SDMMC_ConfigInt:
 3873              	.LFB173:
2053:../../../firmware/n32h7xx_std_periph_driver/src/n32h7xx_sdmmc.c **** 
2054:../../../firmware/n32h7xx_std_periph_driver/src/n32h7xx_sdmmc.c **** 
2055:../../../firmware/n32h7xx_std_periph_driver/src/n32h7xx_sdmmc.c **** /**
2056:../../../firmware/n32h7xx_std_periph_driver/src/n32h7xx_sdmmc.c ****  *\*\name   SDMMC_ConfigInt.
2057:../../../firmware/n32h7xx_std_periph_driver/src/n32h7xx_sdmmc.c ****  *\*\fun    Enables or disables the interrupt signal corresponding to the interrupt status flag.
ARM GAS  /tmp/ccIS8uvp.s 			page 105


2058:../../../firmware/n32h7xx_std_periph_driver/src/n32h7xx_sdmmc.c ****  *\*\param  SDHOSTx :
2059:../../../firmware/n32h7xx_std_periph_driver/src/n32h7xx_sdmmc.c ****  *\*\          - SDHOST1
2060:../../../firmware/n32h7xx_std_periph_driver/src/n32h7xx_sdmmc.c ****  *\*\          - SDHOST2
2061:../../../firmware/n32h7xx_std_periph_driver/src/n32h7xx_sdmmc.c ****  *\*\param  SDHOST_Flag :
2062:../../../firmware/n32h7xx_std_periph_driver/src/n32h7xx_sdmmc.c ****  *\*\          - SDHOST_CommandCompleteFlag
2063:../../../firmware/n32h7xx_std_periph_driver/src/n32h7xx_sdmmc.c ****  *\*\          - SDHOST_DataCompleteFlag
2064:../../../firmware/n32h7xx_std_periph_driver/src/n32h7xx_sdmmc.c ****  *\*\          - SDHOST_BlockGapEventFlag
2065:../../../firmware/n32h7xx_std_periph_driver/src/n32h7xx_sdmmc.c ****  *\*\          - SDHOST_DmaCompleteFlag
2066:../../../firmware/n32h7xx_std_periph_driver/src/n32h7xx_sdmmc.c ****  *\*\          - SDHOST_BufferWriteReadyFlag
2067:../../../firmware/n32h7xx_std_periph_driver/src/n32h7xx_sdmmc.c ****  *\*\          - SDHOST_BufferReadReadyFlag
2068:../../../firmware/n32h7xx_std_periph_driver/src/n32h7xx_sdmmc.c ****  *\*\          - SDHOST_CardInsertionFlag
2069:../../../firmware/n32h7xx_std_periph_driver/src/n32h7xx_sdmmc.c ****  *\*\          - SDHOST_CardRemovalFlag
2070:../../../firmware/n32h7xx_std_periph_driver/src/n32h7xx_sdmmc.c ****  *\*\          - SDHOST_CardInterruptFlag
2071:../../../firmware/n32h7xx_std_periph_driver/src/n32h7xx_sdmmc.c ****  *\*\          - SDHOST_ReTuningEventFlag
2072:../../../firmware/n32h7xx_std_periph_driver/src/n32h7xx_sdmmc.c ****  *\*\          - SDHOST_BootACKRcvFlag
2073:../../../firmware/n32h7xx_std_periph_driver/src/n32h7xx_sdmmc.c ****  *\*\          - SDHOST_BootTerminateFlag
2074:../../../firmware/n32h7xx_std_periph_driver/src/n32h7xx_sdmmc.c ****  *\*\          - SDHOST_CommandTimeoutFlag
2075:../../../firmware/n32h7xx_std_periph_driver/src/n32h7xx_sdmmc.c ****  *\*\          - SDHOST_CommandCrcErrorFlag
2076:../../../firmware/n32h7xx_std_periph_driver/src/n32h7xx_sdmmc.c ****  *\*\          - SDHOST_CommandEndBitErrorFlag
2077:../../../firmware/n32h7xx_std_periph_driver/src/n32h7xx_sdmmc.c ****  *\*\          - SDHOST_CommandIndexErrorFlag
2078:../../../firmware/n32h7xx_std_periph_driver/src/n32h7xx_sdmmc.c ****  *\*\          - SDHOST_DataTimeoutFlag
2079:../../../firmware/n32h7xx_std_periph_driver/src/n32h7xx_sdmmc.c ****  *\*\          - SDHOST_DataCrcErrorFlag
2080:../../../firmware/n32h7xx_std_periph_driver/src/n32h7xx_sdmmc.c ****  *\*\          - SDHOST_DataEndBitErrorFlag
2081:../../../firmware/n32h7xx_std_periph_driver/src/n32h7xx_sdmmc.c ****  *\*\          - SDHOST_AutoCommand12ErrorFlag
2082:../../../firmware/n32h7xx_std_periph_driver/src/n32h7xx_sdmmc.c ****  *\*\          - SDHOST_DmaErrorFlag
2083:../../../firmware/n32h7xx_std_periph_driver/src/n32h7xx_sdmmc.c ****  *\*\          - SDHOST_TargetResErrorFlag
2084:../../../firmware/n32h7xx_std_periph_driver/src/n32h7xx_sdmmc.c ****  *\*\param   Cmd (The input parameters must be the following values):
2085:../../../firmware/n32h7xx_std_periph_driver/src/n32h7xx_sdmmc.c ****  *\*\          - ENABLE
2086:../../../firmware/n32h7xx_std_periph_driver/src/n32h7xx_sdmmc.c ****  *\*\          - DISABLE
2087:../../../firmware/n32h7xx_std_periph_driver/src/n32h7xx_sdmmc.c ****  *\*\return none.
2088:../../../firmware/n32h7xx_std_periph_driver/src/n32h7xx_sdmmc.c ****  */
2089:../../../firmware/n32h7xx_std_periph_driver/src/n32h7xx_sdmmc.c **** void SDMMC_ConfigInt(SDHOST_Module* SDHOSTx, uint32_t SDHOST_Flag, FunctionalState Cmd)
2090:../../../firmware/n32h7xx_std_periph_driver/src/n32h7xx_sdmmc.c **** {
 3874              		.loc 1 2090 1
 3875              		.cfi_startproc
 3876              		@ args = 0, pretend = 0, frame = 16
 3877              		@ frame_needed = 1, uses_anonymous_args = 0
 3878              		@ link register save eliminated.
 3879 0000 80B4     		push	{r7}
 3880              	.LCFI146:
 3881              		.cfi_def_cfa_offset 4
 3882              		.cfi_offset 7, -4
 3883 0002 85B0     		sub	sp, sp, #20
 3884              	.LCFI147:
 3885              		.cfi_def_cfa_offset 24
 3886 0004 00AF     		add	r7, sp, #0
 3887              	.LCFI148:
 3888              		.cfi_def_cfa_register 7
 3889 0006 F860     		str	r0, [r7, #12]
 3890 0008 B960     		str	r1, [r7, #8]
 3891 000a 1346     		mov	r3, r2
 3892 000c FB71     		strb	r3, [r7, #7]
2091:../../../firmware/n32h7xx_std_periph_driver/src/n32h7xx_sdmmc.c ****     if(Cmd == ENABLE)
 3893              		.loc 1 2091 7
 3894 000e FB79     		ldrb	r3, [r7, #7]	@ zero_extendqisi2
 3895 0010 012B     		cmp	r3, #1
 3896 0012 06D1     		bne	.L230
ARM GAS  /tmp/ccIS8uvp.s 			page 106


2092:../../../firmware/n32h7xx_std_periph_driver/src/n32h7xx_sdmmc.c ****     {
2093:../../../firmware/n32h7xx_std_periph_driver/src/n32h7xx_sdmmc.c ****         SDHOSTx->ISE |= SDHOST_Flag;
 3897              		.loc 1 2093 16
 3898 0014 FB68     		ldr	r3, [r7, #12]
 3899 0016 9A6B     		ldr	r2, [r3, #56]
 3900              		.loc 1 2093 22
 3901 0018 BB68     		ldr	r3, [r7, #8]
 3902 001a 1A43     		orrs	r2, r2, r3
 3903 001c FB68     		ldr	r3, [r7, #12]
 3904 001e 9A63     		str	r2, [r3, #56]
2094:../../../firmware/n32h7xx_std_periph_driver/src/n32h7xx_sdmmc.c ****     }
2095:../../../firmware/n32h7xx_std_periph_driver/src/n32h7xx_sdmmc.c ****     else
2096:../../../firmware/n32h7xx_std_periph_driver/src/n32h7xx_sdmmc.c ****     {
2097:../../../firmware/n32h7xx_std_periph_driver/src/n32h7xx_sdmmc.c ****         SDHOSTx->ISE &= (~SDHOST_Flag);
2098:../../../firmware/n32h7xx_std_periph_driver/src/n32h7xx_sdmmc.c ****     }
2099:../../../firmware/n32h7xx_std_periph_driver/src/n32h7xx_sdmmc.c **** }
 3905              		.loc 1 2099 1
 3906 0020 06E0     		b	.L232
 3907              	.L230:
2097:../../../firmware/n32h7xx_std_periph_driver/src/n32h7xx_sdmmc.c ****     }
 3908              		.loc 1 2097 16
 3909 0022 FB68     		ldr	r3, [r7, #12]
 3910 0024 9A6B     		ldr	r2, [r3, #56]
2097:../../../firmware/n32h7xx_std_periph_driver/src/n32h7xx_sdmmc.c ****     }
 3911              		.loc 1 2097 26
 3912 0026 BB68     		ldr	r3, [r7, #8]
 3913 0028 DB43     		mvns	r3, r3
2097:../../../firmware/n32h7xx_std_periph_driver/src/n32h7xx_sdmmc.c ****     }
 3914              		.loc 1 2097 22
 3915 002a 1A40     		ands	r2, r2, r3
 3916 002c FB68     		ldr	r3, [r7, #12]
 3917 002e 9A63     		str	r2, [r3, #56]
 3918              	.L232:
 3919              		.loc 1 2099 1
 3920 0030 00BF     		nop
 3921 0032 1437     		adds	r7, r7, #20
 3922              	.LCFI149:
 3923              		.cfi_def_cfa_offset 4
 3924 0034 BD46     		mov	sp, r7
 3925              	.LCFI150:
 3926              		.cfi_def_cfa_register 13
 3927              		@ sp needed
 3928 0036 80BC     		pop	{r7}
 3929              	.LCFI151:
 3930              		.cfi_restore 7
 3931              		.cfi_def_cfa_offset 0
 3932 0038 7047     		bx	lr
 3933              		.cfi_endproc
 3934              	.LFE173:
 3936              		.section	.text.SDMMC_EnableFlagStatus,"ax",%progbits
 3937              		.align	1
 3938              		.global	SDMMC_EnableFlagStatus
 3939              		.syntax unified
 3940              		.thumb
 3941              		.thumb_func
 3943              	SDMMC_EnableFlagStatus:
 3944              	.LFB174:
ARM GAS  /tmp/ccIS8uvp.s 			page 107


2100:../../../firmware/n32h7xx_std_periph_driver/src/n32h7xx_sdmmc.c **** 
2101:../../../firmware/n32h7xx_std_periph_driver/src/n32h7xx_sdmmc.c **** 
2102:../../../firmware/n32h7xx_std_periph_driver/src/n32h7xx_sdmmc.c **** /**
2103:../../../firmware/n32h7xx_std_periph_driver/src/n32h7xx_sdmmc.c ****  *\*\name   SDMMC_EnableFlagStatus.
2104:../../../firmware/n32h7xx_std_periph_driver/src/n32h7xx_sdmmc.c ****  *\*\fun    Can the enable/disable interrupt status be displayed.
2105:../../../firmware/n32h7xx_std_periph_driver/src/n32h7xx_sdmmc.c ****  *\*\param  SDHOSTx :
2106:../../../firmware/n32h7xx_std_periph_driver/src/n32h7xx_sdmmc.c ****  *\*\          - SDHOST1
2107:../../../firmware/n32h7xx_std_periph_driver/src/n32h7xx_sdmmc.c ****  *\*\          - SDHOST2
2108:../../../firmware/n32h7xx_std_periph_driver/src/n32h7xx_sdmmc.c ****  *\*\param  SDHOST_Flag :
2109:../../../firmware/n32h7xx_std_periph_driver/src/n32h7xx_sdmmc.c ****  *\*\          - SDHOST_CommandCompleteFlag
2110:../../../firmware/n32h7xx_std_periph_driver/src/n32h7xx_sdmmc.c ****  *\*\          - SDHOST_DataCompleteFlag
2111:../../../firmware/n32h7xx_std_periph_driver/src/n32h7xx_sdmmc.c ****  *\*\          - SDHOST_BlockGapEventFlag
2112:../../../firmware/n32h7xx_std_periph_driver/src/n32h7xx_sdmmc.c ****  *\*\          - SDHOST_DmaCompleteFlag
2113:../../../firmware/n32h7xx_std_periph_driver/src/n32h7xx_sdmmc.c ****  *\*\          - SDHOST_BufferWriteReadyFlag
2114:../../../firmware/n32h7xx_std_periph_driver/src/n32h7xx_sdmmc.c ****  *\*\          - SDHOST_BufferReadReadyFlag
2115:../../../firmware/n32h7xx_std_periph_driver/src/n32h7xx_sdmmc.c ****  *\*\          - SDHOST_CardInsertionFlag
2116:../../../firmware/n32h7xx_std_periph_driver/src/n32h7xx_sdmmc.c ****  *\*\          - SDHOST_CardRemovalFlag
2117:../../../firmware/n32h7xx_std_periph_driver/src/n32h7xx_sdmmc.c ****  *\*\          - SDHOST_CardInterruptFlag
2118:../../../firmware/n32h7xx_std_periph_driver/src/n32h7xx_sdmmc.c ****  *\*\          - SDHOST_ReTuningEventFlag
2119:../../../firmware/n32h7xx_std_periph_driver/src/n32h7xx_sdmmc.c ****  *\*\          - SDHOST_BootACKRcvFlag
2120:../../../firmware/n32h7xx_std_periph_driver/src/n32h7xx_sdmmc.c ****  *\*\          - SDHOST_BootTerminateFlag
2121:../../../firmware/n32h7xx_std_periph_driver/src/n32h7xx_sdmmc.c ****  *\*\          - SDHOST_CommandTimeoutFlag
2122:../../../firmware/n32h7xx_std_periph_driver/src/n32h7xx_sdmmc.c ****  *\*\          - SDHOST_CommandCrcErrorFlag
2123:../../../firmware/n32h7xx_std_periph_driver/src/n32h7xx_sdmmc.c ****  *\*\          - SDHOST_CommandEndBitErrorFlag
2124:../../../firmware/n32h7xx_std_periph_driver/src/n32h7xx_sdmmc.c ****  *\*\          - SDHOST_CommandIndexErrorFlag
2125:../../../firmware/n32h7xx_std_periph_driver/src/n32h7xx_sdmmc.c ****  *\*\          - SDHOST_DataTimeoutFlag
2126:../../../firmware/n32h7xx_std_periph_driver/src/n32h7xx_sdmmc.c ****  *\*\          - SDHOST_DataCrcErrorFlag
2127:../../../firmware/n32h7xx_std_periph_driver/src/n32h7xx_sdmmc.c ****  *\*\          - SDHOST_DataEndBitErrorFlag
2128:../../../firmware/n32h7xx_std_periph_driver/src/n32h7xx_sdmmc.c ****  *\*\          - SDHOST_AutoCommand12ErrorFlag
2129:../../../firmware/n32h7xx_std_periph_driver/src/n32h7xx_sdmmc.c ****  *\*\          - SDHOST_DmaErrorFlag
2130:../../../firmware/n32h7xx_std_periph_driver/src/n32h7xx_sdmmc.c ****  *\*\          - SDHOST_TargetResErrorFlag
2131:../../../firmware/n32h7xx_std_periph_driver/src/n32h7xx_sdmmc.c ****  *\*\param   Cmd (The input parameters must be the following values):
2132:../../../firmware/n32h7xx_std_periph_driver/src/n32h7xx_sdmmc.c ****  *\*\          - ENABLE
2133:../../../firmware/n32h7xx_std_periph_driver/src/n32h7xx_sdmmc.c ****  *\*\          - DISABLE
2134:../../../firmware/n32h7xx_std_periph_driver/src/n32h7xx_sdmmc.c ****  *\*\return none.
2135:../../../firmware/n32h7xx_std_periph_driver/src/n32h7xx_sdmmc.c ****  */
2136:../../../firmware/n32h7xx_std_periph_driver/src/n32h7xx_sdmmc.c **** void SDMMC_EnableFlagStatus(SDHOST_Module* SDHOSTx, uint32_t SDHOST_Flag, FunctionalState Cmd)
2137:../../../firmware/n32h7xx_std_periph_driver/src/n32h7xx_sdmmc.c **** {
 3945              		.loc 1 2137 1
 3946              		.cfi_startproc
 3947              		@ args = 0, pretend = 0, frame = 16
 3948              		@ frame_needed = 1, uses_anonymous_args = 0
 3949              		@ link register save eliminated.
 3950 0000 80B4     		push	{r7}
 3951              	.LCFI152:
 3952              		.cfi_def_cfa_offset 4
 3953              		.cfi_offset 7, -4
 3954 0002 85B0     		sub	sp, sp, #20
 3955              	.LCFI153:
 3956              		.cfi_def_cfa_offset 24
 3957 0004 00AF     		add	r7, sp, #0
 3958              	.LCFI154:
 3959              		.cfi_def_cfa_register 7
 3960 0006 F860     		str	r0, [r7, #12]
 3961 0008 B960     		str	r1, [r7, #8]
 3962 000a 1346     		mov	r3, r2
 3963 000c FB71     		strb	r3, [r7, #7]
ARM GAS  /tmp/ccIS8uvp.s 			page 108


2138:../../../firmware/n32h7xx_std_periph_driver/src/n32h7xx_sdmmc.c ****     if(Cmd == ENABLE)
 3964              		.loc 1 2138 7
 3965 000e FB79     		ldrb	r3, [r7, #7]	@ zero_extendqisi2
 3966 0010 012B     		cmp	r3, #1
 3967 0012 06D1     		bne	.L234
2139:../../../firmware/n32h7xx_std_periph_driver/src/n32h7xx_sdmmc.c ****     {
2140:../../../firmware/n32h7xx_std_periph_driver/src/n32h7xx_sdmmc.c ****         SDHOSTx->IE |= SDHOST_Flag;
 3968              		.loc 1 2140 16
 3969 0014 FB68     		ldr	r3, [r7, #12]
 3970 0016 5A6B     		ldr	r2, [r3, #52]
 3971              		.loc 1 2140 21
 3972 0018 BB68     		ldr	r3, [r7, #8]
 3973 001a 1A43     		orrs	r2, r2, r3
 3974 001c FB68     		ldr	r3, [r7, #12]
 3975 001e 5A63     		str	r2, [r3, #52]
2141:../../../firmware/n32h7xx_std_periph_driver/src/n32h7xx_sdmmc.c ****     }
2142:../../../firmware/n32h7xx_std_periph_driver/src/n32h7xx_sdmmc.c ****     else
2143:../../../firmware/n32h7xx_std_periph_driver/src/n32h7xx_sdmmc.c ****     {
2144:../../../firmware/n32h7xx_std_periph_driver/src/n32h7xx_sdmmc.c ****         SDHOSTx->IE &= (~SDHOST_Flag);
2145:../../../firmware/n32h7xx_std_periph_driver/src/n32h7xx_sdmmc.c ****     }
2146:../../../firmware/n32h7xx_std_periph_driver/src/n32h7xx_sdmmc.c **** }
 3976              		.loc 1 2146 1
 3977 0020 06E0     		b	.L236
 3978              	.L234:
2144:../../../firmware/n32h7xx_std_periph_driver/src/n32h7xx_sdmmc.c ****     }
 3979              		.loc 1 2144 16
 3980 0022 FB68     		ldr	r3, [r7, #12]
 3981 0024 5A6B     		ldr	r2, [r3, #52]
2144:../../../firmware/n32h7xx_std_periph_driver/src/n32h7xx_sdmmc.c ****     }
 3982              		.loc 1 2144 25
 3983 0026 BB68     		ldr	r3, [r7, #8]
 3984 0028 DB43     		mvns	r3, r3
2144:../../../firmware/n32h7xx_std_periph_driver/src/n32h7xx_sdmmc.c ****     }
 3985              		.loc 1 2144 21
 3986 002a 1A40     		ands	r2, r2, r3
 3987 002c FB68     		ldr	r3, [r7, #12]
 3988 002e 5A63     		str	r2, [r3, #52]
 3989              	.L236:
 3990              		.loc 1 2146 1
 3991 0030 00BF     		nop
 3992 0032 1437     		adds	r7, r7, #20
 3993              	.LCFI155:
 3994              		.cfi_def_cfa_offset 4
 3995 0034 BD46     		mov	sp, r7
 3996              	.LCFI156:
 3997              		.cfi_def_cfa_register 13
 3998              		@ sp needed
 3999 0036 80BC     		pop	{r7}
 4000              	.LCFI157:
 4001              		.cfi_restore 7
 4002              		.cfi_def_cfa_offset 0
 4003 0038 7047     		bx	lr
 4004              		.cfi_endproc
 4005              	.LFE174:
 4007              		.section	.text.SDMMC_GetEnableFlagStatus,"ax",%progbits
 4008              		.align	1
 4009              		.global	SDMMC_GetEnableFlagStatus
ARM GAS  /tmp/ccIS8uvp.s 			page 109


 4010              		.syntax unified
 4011              		.thumb
 4012              		.thumb_func
 4014              	SDMMC_GetEnableFlagStatus:
 4015              	.LFB175:
2147:../../../firmware/n32h7xx_std_periph_driver/src/n32h7xx_sdmmc.c **** 
2148:../../../firmware/n32h7xx_std_periph_driver/src/n32h7xx_sdmmc.c **** /**
2149:../../../firmware/n32h7xx_std_periph_driver/src/n32h7xx_sdmmc.c ****  *\*\name   SDMMC_GetEnableFlagStatus.
2150:../../../firmware/n32h7xx_std_periph_driver/src/n32h7xx_sdmmc.c ****  *\*\fun    Gets the enabled interrupt status.
2151:../../../firmware/n32h7xx_std_periph_driver/src/n32h7xx_sdmmc.c ****  *\*\param  SDHOSTx :
2152:../../../firmware/n32h7xx_std_periph_driver/src/n32h7xx_sdmmc.c ****  *\*\          - SDHOST1
2153:../../../firmware/n32h7xx_std_periph_driver/src/n32h7xx_sdmmc.c ****  *\*\          - SDHOST2
2154:../../../firmware/n32h7xx_std_periph_driver/src/n32h7xx_sdmmc.c ****  *\*\param  SDHOST_Flag :
2155:../../../firmware/n32h7xx_std_periph_driver/src/n32h7xx_sdmmc.c ****  *\*\          - SDHOST_CommandCompleteFlag
2156:../../../firmware/n32h7xx_std_periph_driver/src/n32h7xx_sdmmc.c ****  *\*\          - SDHOST_DataCompleteFlag
2157:../../../firmware/n32h7xx_std_periph_driver/src/n32h7xx_sdmmc.c ****  *\*\          - SDHOST_BlockGapEventFlag
2158:../../../firmware/n32h7xx_std_periph_driver/src/n32h7xx_sdmmc.c ****  *\*\          - SDHOST_DmaCompleteFlag
2159:../../../firmware/n32h7xx_std_periph_driver/src/n32h7xx_sdmmc.c ****  *\*\          - SDHOST_BufferWriteReadyFlag
2160:../../../firmware/n32h7xx_std_periph_driver/src/n32h7xx_sdmmc.c ****  *\*\          - SDHOST_BufferReadReadyFlag
2161:../../../firmware/n32h7xx_std_periph_driver/src/n32h7xx_sdmmc.c ****  *\*\          - SDHOST_CardInsertionFlag
2162:../../../firmware/n32h7xx_std_periph_driver/src/n32h7xx_sdmmc.c ****  *\*\          - SDHOST_CardRemovalFlag
2163:../../../firmware/n32h7xx_std_periph_driver/src/n32h7xx_sdmmc.c ****  *\*\          - SDHOST_CardInterruptFlag
2164:../../../firmware/n32h7xx_std_periph_driver/src/n32h7xx_sdmmc.c ****  *\*\          - SDHOST_ReTuningEventFlag
2165:../../../firmware/n32h7xx_std_periph_driver/src/n32h7xx_sdmmc.c ****  *\*\          - SDHOST_BootACKRcvFlag
2166:../../../firmware/n32h7xx_std_periph_driver/src/n32h7xx_sdmmc.c ****  *\*\          - SDHOST_BootTerminateFlag
2167:../../../firmware/n32h7xx_std_periph_driver/src/n32h7xx_sdmmc.c ****  *\*\          - SDHOST_CommandTimeoutFlag
2168:../../../firmware/n32h7xx_std_periph_driver/src/n32h7xx_sdmmc.c ****  *\*\          - SDHOST_CommandCrcErrorFlag
2169:../../../firmware/n32h7xx_std_periph_driver/src/n32h7xx_sdmmc.c ****  *\*\          - SDHOST_CommandEndBitErrorFlag
2170:../../../firmware/n32h7xx_std_periph_driver/src/n32h7xx_sdmmc.c ****  *\*\          - SDHOST_CommandIndexErrorFlag
2171:../../../firmware/n32h7xx_std_periph_driver/src/n32h7xx_sdmmc.c ****  *\*\          - SDHOST_DataTimeoutFlag
2172:../../../firmware/n32h7xx_std_periph_driver/src/n32h7xx_sdmmc.c ****  *\*\          - SDHOST_DataCrcErrorFlag
2173:../../../firmware/n32h7xx_std_periph_driver/src/n32h7xx_sdmmc.c ****  *\*\          - SDHOST_DataEndBitErrorFlag
2174:../../../firmware/n32h7xx_std_periph_driver/src/n32h7xx_sdmmc.c ****  *\*\          - SDHOST_AutoCommand12ErrorFlag
2175:../../../firmware/n32h7xx_std_periph_driver/src/n32h7xx_sdmmc.c ****  *\*\          - SDHOST_DmaErrorFlag
2176:../../../firmware/n32h7xx_std_periph_driver/src/n32h7xx_sdmmc.c ****  *\*\          - SDHOST_TargetResErrorFlag
2177:../../../firmware/n32h7xx_std_periph_driver/src/n32h7xx_sdmmc.c ****  *\*\return none.
2178:../../../firmware/n32h7xx_std_periph_driver/src/n32h7xx_sdmmc.c ****  */
2179:../../../firmware/n32h7xx_std_periph_driver/src/n32h7xx_sdmmc.c **** FlagStatus SDMMC_GetEnableFlagStatus(SDHOST_Module* SDHOSTx, uint32_t SDHOST_Flag)
2180:../../../firmware/n32h7xx_std_periph_driver/src/n32h7xx_sdmmc.c **** {
 4016              		.loc 1 2180 1
 4017              		.cfi_startproc
 4018              		@ args = 0, pretend = 0, frame = 16
 4019              		@ frame_needed = 1, uses_anonymous_args = 0
 4020              		@ link register save eliminated.
 4021 0000 80B4     		push	{r7}
 4022              	.LCFI158:
 4023              		.cfi_def_cfa_offset 4
 4024              		.cfi_offset 7, -4
 4025 0002 85B0     		sub	sp, sp, #20
 4026              	.LCFI159:
 4027              		.cfi_def_cfa_offset 24
 4028 0004 00AF     		add	r7, sp, #0
 4029              	.LCFI160:
 4030              		.cfi_def_cfa_register 7
 4031 0006 7860     		str	r0, [r7, #4]
 4032 0008 3960     		str	r1, [r7]
2181:../../../firmware/n32h7xx_std_periph_driver/src/n32h7xx_sdmmc.c ****     FlagStatus bitstatus;
ARM GAS  /tmp/ccIS8uvp.s 			page 110


2182:../../../firmware/n32h7xx_std_periph_driver/src/n32h7xx_sdmmc.c **** 
2183:../../../firmware/n32h7xx_std_periph_driver/src/n32h7xx_sdmmc.c ****     if ((SDHOSTx->IE & SDHOST_Flag) != (uint32_t)RESET)
 4033              		.loc 1 2183 17
 4034 000a 7B68     		ldr	r3, [r7, #4]
 4035 000c 5A6B     		ldr	r2, [r3, #52]
 4036              		.loc 1 2183 22
 4037 000e 3B68     		ldr	r3, [r7]
 4038 0010 1340     		ands	r3, r3, r2
 4039              		.loc 1 2183 8
 4040 0012 002B     		cmp	r3, #0
 4041 0014 02D0     		beq	.L238
2184:../../../firmware/n32h7xx_std_periph_driver/src/n32h7xx_sdmmc.c ****     {
2185:../../../firmware/n32h7xx_std_periph_driver/src/n32h7xx_sdmmc.c ****         bitstatus = SET;
 4042              		.loc 1 2185 19
 4043 0016 0123     		movs	r3, #1
 4044 0018 FB73     		strb	r3, [r7, #15]
 4045 001a 01E0     		b	.L239
 4046              	.L238:
2186:../../../firmware/n32h7xx_std_periph_driver/src/n32h7xx_sdmmc.c ****     }
2187:../../../firmware/n32h7xx_std_periph_driver/src/n32h7xx_sdmmc.c ****     else
2188:../../../firmware/n32h7xx_std_periph_driver/src/n32h7xx_sdmmc.c ****     {
2189:../../../firmware/n32h7xx_std_periph_driver/src/n32h7xx_sdmmc.c ****         bitstatus = RESET;
 4047              		.loc 1 2189 19
 4048 001c 0023     		movs	r3, #0
 4049 001e FB73     		strb	r3, [r7, #15]
 4050              	.L239:
2190:../../../firmware/n32h7xx_std_periph_driver/src/n32h7xx_sdmmc.c ****     }
2191:../../../firmware/n32h7xx_std_periph_driver/src/n32h7xx_sdmmc.c **** 
2192:../../../firmware/n32h7xx_std_periph_driver/src/n32h7xx_sdmmc.c ****     return bitstatus;
 4051              		.loc 1 2192 12
 4052 0020 FB7B     		ldrb	r3, [r7, #15]	@ zero_extendqisi2
2193:../../../firmware/n32h7xx_std_periph_driver/src/n32h7xx_sdmmc.c **** }
 4053              		.loc 1 2193 1
 4054 0022 1846     		mov	r0, r3
 4055 0024 1437     		adds	r7, r7, #20
 4056              	.LCFI161:
 4057              		.cfi_def_cfa_offset 4
 4058 0026 BD46     		mov	sp, r7
 4059              	.LCFI162:
 4060              		.cfi_def_cfa_register 13
 4061              		@ sp needed
 4062 0028 80BC     		pop	{r7}
 4063              	.LCFI163:
 4064              		.cfi_restore 7
 4065              		.cfi_def_cfa_offset 0
 4066 002a 7047     		bx	lr
 4067              		.cfi_endproc
 4068              	.LFE175:
 4070              		.section	.text.SDMMC_GetFlagStatus,"ax",%progbits
 4071              		.align	1
 4072              		.global	SDMMC_GetFlagStatus
 4073              		.syntax unified
 4074              		.thumb
 4075              		.thumb_func
 4077              	SDMMC_GetFlagStatus:
 4078              	.LFB176:
2194:../../../firmware/n32h7xx_std_periph_driver/src/n32h7xx_sdmmc.c **** 
ARM GAS  /tmp/ccIS8uvp.s 			page 111


2195:../../../firmware/n32h7xx_std_periph_driver/src/n32h7xx_sdmmc.c **** 
2196:../../../firmware/n32h7xx_std_periph_driver/src/n32h7xx_sdmmc.c **** /**
2197:../../../firmware/n32h7xx_std_periph_driver/src/n32h7xx_sdmmc.c ****  *\*\name   SDMMC_GetFlagStatus.
2198:../../../firmware/n32h7xx_std_periph_driver/src/n32h7xx_sdmmc.c ****  *\*\fun    Checks whether the specified SDHOST flag is set or not.
2199:../../../firmware/n32h7xx_std_periph_driver/src/n32h7xx_sdmmc.c ****  *\*\param  SDHOSTx :
2200:../../../firmware/n32h7xx_std_periph_driver/src/n32h7xx_sdmmc.c ****  *\*\          - SDHOST1
2201:../../../firmware/n32h7xx_std_periph_driver/src/n32h7xx_sdmmc.c ****  *\*\          - SDHOST2
2202:../../../firmware/n32h7xx_std_periph_driver/src/n32h7xx_sdmmc.c ****  *\*\param  SDHOST_Flag :
2203:../../../firmware/n32h7xx_std_periph_driver/src/n32h7xx_sdmmc.c ****  *\*\          - SDHOST_CommandCompleteFlag
2204:../../../firmware/n32h7xx_std_periph_driver/src/n32h7xx_sdmmc.c ****  *\*\          - SDHOST_DataCompleteFlag
2205:../../../firmware/n32h7xx_std_periph_driver/src/n32h7xx_sdmmc.c ****  *\*\          - SDHOST_BlockGapEventFlag
2206:../../../firmware/n32h7xx_std_periph_driver/src/n32h7xx_sdmmc.c ****  *\*\          - SDHOST_DmaCompleteFlag
2207:../../../firmware/n32h7xx_std_periph_driver/src/n32h7xx_sdmmc.c ****  *\*\          - SDHOST_BufferWriteReadyFlag
2208:../../../firmware/n32h7xx_std_periph_driver/src/n32h7xx_sdmmc.c ****  *\*\          - SDHOST_BufferReadReadyFlag
2209:../../../firmware/n32h7xx_std_periph_driver/src/n32h7xx_sdmmc.c ****  *\*\          - SDHOST_CardInsertionFlag
2210:../../../firmware/n32h7xx_std_periph_driver/src/n32h7xx_sdmmc.c ****  *\*\          - SDHOST_CardRemovalFlag
2211:../../../firmware/n32h7xx_std_periph_driver/src/n32h7xx_sdmmc.c ****  *\*\          - SDHOST_CardInterruptFlag
2212:../../../firmware/n32h7xx_std_periph_driver/src/n32h7xx_sdmmc.c ****  *\*\          - SDHOST_ReTuningEventFlag
2213:../../../firmware/n32h7xx_std_periph_driver/src/n32h7xx_sdmmc.c ****  *\*\          - SDHOST_BootACKRcvFlag
2214:../../../firmware/n32h7xx_std_periph_driver/src/n32h7xx_sdmmc.c ****  *\*\          - SDHOST_BootTerminateFlag
2215:../../../firmware/n32h7xx_std_periph_driver/src/n32h7xx_sdmmc.c ****  *\*\          - SDHOST_AllErrorFlag
2216:../../../firmware/n32h7xx_std_periph_driver/src/n32h7xx_sdmmc.c ****  *\*\          - SDHOST_CommandTimeoutFlag
2217:../../../firmware/n32h7xx_std_periph_driver/src/n32h7xx_sdmmc.c ****  *\*\          - SDHOST_CommandCrcErrorFlag
2218:../../../firmware/n32h7xx_std_periph_driver/src/n32h7xx_sdmmc.c ****  *\*\          - SDHOST_CommandEndBitErrorFlag
2219:../../../firmware/n32h7xx_std_periph_driver/src/n32h7xx_sdmmc.c ****  *\*\          - SDHOST_CommandIndexErrorFlag
2220:../../../firmware/n32h7xx_std_periph_driver/src/n32h7xx_sdmmc.c ****  *\*\          - SDHOST_DataTimeoutFlag
2221:../../../firmware/n32h7xx_std_periph_driver/src/n32h7xx_sdmmc.c ****  *\*\          - SDHOST_DataCrcErrorFlag
2222:../../../firmware/n32h7xx_std_periph_driver/src/n32h7xx_sdmmc.c ****  *\*\          - SDHOST_DataEndBitErrorFlag
2223:../../../firmware/n32h7xx_std_periph_driver/src/n32h7xx_sdmmc.c ****  *\*\          - SDHOST_AutoCommand12ErrorFlag
2224:../../../firmware/n32h7xx_std_periph_driver/src/n32h7xx_sdmmc.c ****  *\*\          - SDHOST_DmaErrorFlag
2225:../../../firmware/n32h7xx_std_periph_driver/src/n32h7xx_sdmmc.c ****  *\*\          - SDHOST_TargetResErrorFlag
2226:../../../firmware/n32h7xx_std_periph_driver/src/n32h7xx_sdmmc.c ****  *\*\return bitstatus.
2227:../../../firmware/n32h7xx_std_periph_driver/src/n32h7xx_sdmmc.c ****  *\*\          - SET
2228:../../../firmware/n32h7xx_std_periph_driver/src/n32h7xx_sdmmc.c ****  *\*\          - RESET
2229:../../../firmware/n32h7xx_std_periph_driver/src/n32h7xx_sdmmc.c ****  */
2230:../../../firmware/n32h7xx_std_periph_driver/src/n32h7xx_sdmmc.c **** FlagStatus SDMMC_GetFlagStatus(SDHOST_Module* SDHOSTx, uint32_t SDHOST_Flag)
2231:../../../firmware/n32h7xx_std_periph_driver/src/n32h7xx_sdmmc.c **** {
 4079              		.loc 1 2231 1
 4080              		.cfi_startproc
 4081              		@ args = 0, pretend = 0, frame = 16
 4082              		@ frame_needed = 1, uses_anonymous_args = 0
 4083              		@ link register save eliminated.
 4084 0000 80B4     		push	{r7}
 4085              	.LCFI164:
 4086              		.cfi_def_cfa_offset 4
 4087              		.cfi_offset 7, -4
 4088 0002 85B0     		sub	sp, sp, #20
 4089              	.LCFI165:
 4090              		.cfi_def_cfa_offset 24
 4091 0004 00AF     		add	r7, sp, #0
 4092              	.LCFI166:
 4093              		.cfi_def_cfa_register 7
 4094 0006 7860     		str	r0, [r7, #4]
 4095 0008 3960     		str	r1, [r7]
2232:../../../firmware/n32h7xx_std_periph_driver/src/n32h7xx_sdmmc.c ****     FlagStatus bitstatus;
2233:../../../firmware/n32h7xx_std_periph_driver/src/n32h7xx_sdmmc.c **** 
2234:../../../firmware/n32h7xx_std_periph_driver/src/n32h7xx_sdmmc.c ****     if ((SDHOSTx->INTSTS & SDHOST_Flag) != (uint32_t)RESET)
ARM GAS  /tmp/ccIS8uvp.s 			page 112


 4096              		.loc 1 2234 17
 4097 000a 7B68     		ldr	r3, [r7, #4]
 4098 000c 1A6B     		ldr	r2, [r3, #48]
 4099              		.loc 1 2234 26
 4100 000e 3B68     		ldr	r3, [r7]
 4101 0010 1340     		ands	r3, r3, r2
 4102              		.loc 1 2234 8
 4103 0012 002B     		cmp	r3, #0
 4104 0014 02D0     		beq	.L242
2235:../../../firmware/n32h7xx_std_periph_driver/src/n32h7xx_sdmmc.c ****     {
2236:../../../firmware/n32h7xx_std_periph_driver/src/n32h7xx_sdmmc.c ****         bitstatus = SET;
 4105              		.loc 1 2236 19
 4106 0016 0123     		movs	r3, #1
 4107 0018 FB73     		strb	r3, [r7, #15]
 4108 001a 01E0     		b	.L243
 4109              	.L242:
2237:../../../firmware/n32h7xx_std_periph_driver/src/n32h7xx_sdmmc.c ****     }
2238:../../../firmware/n32h7xx_std_periph_driver/src/n32h7xx_sdmmc.c ****     else
2239:../../../firmware/n32h7xx_std_periph_driver/src/n32h7xx_sdmmc.c ****     {
2240:../../../firmware/n32h7xx_std_periph_driver/src/n32h7xx_sdmmc.c ****         bitstatus = RESET;
 4110              		.loc 1 2240 19
 4111 001c 0023     		movs	r3, #0
 4112 001e FB73     		strb	r3, [r7, #15]
 4113              	.L243:
2241:../../../firmware/n32h7xx_std_periph_driver/src/n32h7xx_sdmmc.c ****     }
2242:../../../firmware/n32h7xx_std_periph_driver/src/n32h7xx_sdmmc.c **** 
2243:../../../firmware/n32h7xx_std_periph_driver/src/n32h7xx_sdmmc.c ****     return bitstatus;
 4114              		.loc 1 2243 12
 4115 0020 FB7B     		ldrb	r3, [r7, #15]	@ zero_extendqisi2
2244:../../../firmware/n32h7xx_std_periph_driver/src/n32h7xx_sdmmc.c **** }
 4116              		.loc 1 2244 1
 4117 0022 1846     		mov	r0, r3
 4118 0024 1437     		adds	r7, r7, #20
 4119              	.LCFI167:
 4120              		.cfi_def_cfa_offset 4
 4121 0026 BD46     		mov	sp, r7
 4122              	.LCFI168:
 4123              		.cfi_def_cfa_register 13
 4124              		@ sp needed
 4125 0028 80BC     		pop	{r7}
 4126              	.LCFI169:
 4127              		.cfi_restore 7
 4128              		.cfi_def_cfa_offset 0
 4129 002a 7047     		bx	lr
 4130              		.cfi_endproc
 4131              	.LFE176:
 4133              		.section	.text.SDMMC_ClrFlag,"ax",%progbits
 4134              		.align	1
 4135              		.global	SDMMC_ClrFlag
 4136              		.syntax unified
 4137              		.thumb
 4138              		.thumb_func
 4140              	SDMMC_ClrFlag:
 4141              	.LFB177:
2245:../../../firmware/n32h7xx_std_periph_driver/src/n32h7xx_sdmmc.c **** 
2246:../../../firmware/n32h7xx_std_periph_driver/src/n32h7xx_sdmmc.c **** 
2247:../../../firmware/n32h7xx_std_periph_driver/src/n32h7xx_sdmmc.c **** /**
ARM GAS  /tmp/ccIS8uvp.s 			page 113


2248:../../../firmware/n32h7xx_std_periph_driver/src/n32h7xx_sdmmc.c ****  *\*\name   SDMMC_ClrFlag.
2249:../../../firmware/n32h7xx_std_periph_driver/src/n32h7xx_sdmmc.c ****  *\*\fun    This function is used to clear a specified interrupt status.
2250:../../../firmware/n32h7xx_std_periph_driver/src/n32h7xx_sdmmc.c ****  *\*\param  SDHOSTx :
2251:../../../firmware/n32h7xx_std_periph_driver/src/n32h7xx_sdmmc.c ****  *\*\          - SDHOST1
2252:../../../firmware/n32h7xx_std_periph_driver/src/n32h7xx_sdmmc.c ****  *\*\          - SDHOST2
2253:../../../firmware/n32h7xx_std_periph_driver/src/n32h7xx_sdmmc.c ****  *\*\param  SDHOST_Flag :
2254:../../../firmware/n32h7xx_std_periph_driver/src/n32h7xx_sdmmc.c ****  *\*\          - SDHOST_CommandCompleteFlag
2255:../../../firmware/n32h7xx_std_periph_driver/src/n32h7xx_sdmmc.c ****  *\*\          - SDHOST_DataCompleteFlag
2256:../../../firmware/n32h7xx_std_periph_driver/src/n32h7xx_sdmmc.c ****  *\*\          - SDHOST_BlockGapEventFlag
2257:../../../firmware/n32h7xx_std_periph_driver/src/n32h7xx_sdmmc.c ****  *\*\          - SDHOST_DmaCompleteFlag
2258:../../../firmware/n32h7xx_std_periph_driver/src/n32h7xx_sdmmc.c ****  *\*\          - SDHOST_BufferWriteReadyFlag
2259:../../../firmware/n32h7xx_std_periph_driver/src/n32h7xx_sdmmc.c ****  *\*\          - SDHOST_BufferReadReadyFlag
2260:../../../firmware/n32h7xx_std_periph_driver/src/n32h7xx_sdmmc.c ****  *\*\          - SDHOST_CardInsertionFlag
2261:../../../firmware/n32h7xx_std_periph_driver/src/n32h7xx_sdmmc.c ****  *\*\          - SDHOST_CardRemovalFlag
2262:../../../firmware/n32h7xx_std_periph_driver/src/n32h7xx_sdmmc.c ****  *\*\          - SDHOST_ReTuningEventFlag
2263:../../../firmware/n32h7xx_std_periph_driver/src/n32h7xx_sdmmc.c ****  *\*\          - SDHOST_BootACKRcvFlag
2264:../../../firmware/n32h7xx_std_periph_driver/src/n32h7xx_sdmmc.c ****  *\*\          - SDHOST_BootTerminateFlag
2265:../../../firmware/n32h7xx_std_periph_driver/src/n32h7xx_sdmmc.c ****  *\*\          - SDHOST_CommandTimeoutFlag
2266:../../../firmware/n32h7xx_std_periph_driver/src/n32h7xx_sdmmc.c ****  *\*\          - SDHOST_CommandCrcErrorFlag
2267:../../../firmware/n32h7xx_std_periph_driver/src/n32h7xx_sdmmc.c ****  *\*\          - SDHOST_CommandEndBitErrorFlag
2268:../../../firmware/n32h7xx_std_periph_driver/src/n32h7xx_sdmmc.c ****  *\*\          - SDHOST_CommandIndexErrorFlag
2269:../../../firmware/n32h7xx_std_periph_driver/src/n32h7xx_sdmmc.c ****  *\*\          - SDHOST_DataTimeoutFlag
2270:../../../firmware/n32h7xx_std_periph_driver/src/n32h7xx_sdmmc.c ****  *\*\          - SDHOST_DataCrcErrorFlag
2271:../../../firmware/n32h7xx_std_periph_driver/src/n32h7xx_sdmmc.c ****  *\*\          - SDHOST_DataEndBitErrorFlag
2272:../../../firmware/n32h7xx_std_periph_driver/src/n32h7xx_sdmmc.c ****  *\*\          - SDHOST_AutoCommand12ErrorFlag
2273:../../../firmware/n32h7xx_std_periph_driver/src/n32h7xx_sdmmc.c ****  *\*\          - SDHOST_DmaErrorFlag
2274:../../../firmware/n32h7xx_std_periph_driver/src/n32h7xx_sdmmc.c ****  *\*\          - SDHOST_TargetResErrorFlag
2275:../../../firmware/n32h7xx_std_periph_driver/src/n32h7xx_sdmmc.c ****  *\*\return none.
2276:../../../firmware/n32h7xx_std_periph_driver/src/n32h7xx_sdmmc.c ****  */
2277:../../../firmware/n32h7xx_std_periph_driver/src/n32h7xx_sdmmc.c **** void SDMMC_ClrFlag(SDHOST_Module* SDHOSTx, uint32_t SDHOST_Flag)
2278:../../../firmware/n32h7xx_std_periph_driver/src/n32h7xx_sdmmc.c **** {
 4142              		.loc 1 2278 1
 4143              		.cfi_startproc
 4144              		@ args = 0, pretend = 0, frame = 8
 4145              		@ frame_needed = 1, uses_anonymous_args = 0
 4146              		@ link register save eliminated.
 4147 0000 80B4     		push	{r7}
 4148              	.LCFI170:
 4149              		.cfi_def_cfa_offset 4
 4150              		.cfi_offset 7, -4
 4151 0002 83B0     		sub	sp, sp, #12
 4152              	.LCFI171:
 4153              		.cfi_def_cfa_offset 16
 4154 0004 00AF     		add	r7, sp, #0
 4155              	.LCFI172:
 4156              		.cfi_def_cfa_register 7
 4157 0006 7860     		str	r0, [r7, #4]
 4158 0008 3960     		str	r1, [r7]
2279:../../../firmware/n32h7xx_std_periph_driver/src/n32h7xx_sdmmc.c ****     SDHOSTx->INTSTS = SDHOST_Flag;
 4159              		.loc 1 2279 21
 4160 000a 7B68     		ldr	r3, [r7, #4]
 4161 000c 3A68     		ldr	r2, [r7]
 4162 000e 1A63     		str	r2, [r3, #48]
2280:../../../firmware/n32h7xx_std_periph_driver/src/n32h7xx_sdmmc.c **** }
 4163              		.loc 1 2280 1
 4164 0010 00BF     		nop
 4165 0012 0C37     		adds	r7, r7, #12
ARM GAS  /tmp/ccIS8uvp.s 			page 114


 4166              	.LCFI173:
 4167              		.cfi_def_cfa_offset 4
 4168 0014 BD46     		mov	sp, r7
 4169              	.LCFI174:
 4170              		.cfi_def_cfa_register 13
 4171              		@ sp needed
 4172 0016 80BC     		pop	{r7}
 4173              	.LCFI175:
 4174              		.cfi_restore 7
 4175              		.cfi_def_cfa_offset 0
 4176 0018 7047     		bx	lr
 4177              		.cfi_endproc
 4178              	.LFE177:
 4180              		.section	.text.SDMMC_EnableForceEvent,"ax",%progbits
 4181              		.align	1
 4182              		.global	SDMMC_EnableForceEvent
 4183              		.syntax unified
 4184              		.thumb
 4185              		.thumb_func
 4187              	SDMMC_EnableForceEvent:
 4188              	.LFB178:
2281:../../../firmware/n32h7xx_std_periph_driver/src/n32h7xx_sdmmc.c **** 
2282:../../../firmware/n32h7xx_std_periph_driver/src/n32h7xx_sdmmc.c **** 
2283:../../../firmware/n32h7xx_std_periph_driver/src/n32h7xx_sdmmc.c **** /**
2284:../../../firmware/n32h7xx_std_periph_driver/src/n32h7xx_sdmmc.c ****  *\*\name   SDMMC_EnableForceEvent.
2285:../../../firmware/n32h7xx_std_periph_driver/src/n32h7xx_sdmmc.c ****  *\*\fun    Forces generating events according to the given mask.
2286:../../../firmware/n32h7xx_std_periph_driver/src/n32h7xx_sdmmc.c ****  *\*\param  SDHOSTx :
2287:../../../firmware/n32h7xx_std_periph_driver/src/n32h7xx_sdmmc.c ****  *\*\          - SDHOST1
2288:../../../firmware/n32h7xx_std_periph_driver/src/n32h7xx_sdmmc.c ****  *\*\          - SDHOST2
2289:../../../firmware/n32h7xx_std_periph_driver/src/n32h7xx_sdmmc.c ****  *\*\param  SDHOST_Flag :
2290:../../../firmware/n32h7xx_std_periph_driver/src/n32h7xx_sdmmc.c ****  *\*\          - SDHOST_ForceEventAutoCommand12NotExecuted
2291:../../../firmware/n32h7xx_std_periph_driver/src/n32h7xx_sdmmc.c ****  *\*\          - SDHOST_ForceEventAutoCommand12Timeout
2292:../../../firmware/n32h7xx_std_periph_driver/src/n32h7xx_sdmmc.c ****  *\*\          - SDHOST_ForceEventAutoCommand12CrcError
2293:../../../firmware/n32h7xx_std_periph_driver/src/n32h7xx_sdmmc.c ****  *\*\          - SDHOST_ForceEventAutoCommandEndBitError
2294:../../../firmware/n32h7xx_std_periph_driver/src/n32h7xx_sdmmc.c ****  *\*\          - SDHOST_ForceEventAutoCommand12IndexError
2295:../../../firmware/n32h7xx_std_periph_driver/src/n32h7xx_sdmmc.c ****  *\*\          - SDHOST_ForceEventAutoCommand12NotIssued
2296:../../../firmware/n32h7xx_std_periph_driver/src/n32h7xx_sdmmc.c ****  *\*\          - SDHOST_ForceEventCommandTimeout
2297:../../../firmware/n32h7xx_std_periph_driver/src/n32h7xx_sdmmc.c ****  *\*\          - SDHOST_ForceEventCommandCrcError
2298:../../../firmware/n32h7xx_std_periph_driver/src/n32h7xx_sdmmc.c ****  *\*\          - SDHOST_ForceEventCommandEndBitError
2299:../../../firmware/n32h7xx_std_periph_driver/src/n32h7xx_sdmmc.c ****  *\*\          - SDHOST_ForceEventCommandIndexError
2300:../../../firmware/n32h7xx_std_periph_driver/src/n32h7xx_sdmmc.c ****  *\*\          - SDHOST_ForceEventDataTimeout
2301:../../../firmware/n32h7xx_std_periph_driver/src/n32h7xx_sdmmc.c ****  *\*\          - SDHOST_ForceEventDataCrcError
2302:../../../firmware/n32h7xx_std_periph_driver/src/n32h7xx_sdmmc.c ****  *\*\          - SDHOST_ForceEventDataEndBitError
2303:../../../firmware/n32h7xx_std_periph_driver/src/n32h7xx_sdmmc.c ****  *\*\          - SDHOST_ForceEventAutoCommand12Error
2304:../../../firmware/n32h7xx_std_periph_driver/src/n32h7xx_sdmmc.c ****  *\*\          - SDHOST_ForceEventAdmaError
2305:../../../firmware/n32h7xx_std_periph_driver/src/n32h7xx_sdmmc.c ****  *\*\param   Cmd (The input parameters must be the following values):
2306:../../../firmware/n32h7xx_std_periph_driver/src/n32h7xx_sdmmc.c ****  *\*\          - ENABLE
2307:../../../firmware/n32h7xx_std_periph_driver/src/n32h7xx_sdmmc.c ****  *\*\          - DISABLE
2308:../../../firmware/n32h7xx_std_periph_driver/src/n32h7xx_sdmmc.c ****  *\*\return none.
2309:../../../firmware/n32h7xx_std_periph_driver/src/n32h7xx_sdmmc.c ****  */
2310:../../../firmware/n32h7xx_std_periph_driver/src/n32h7xx_sdmmc.c **** void SDMMC_EnableForceEvent(SDHOST_Module* SDHOSTx, uint32_t SDHOST_Flag, FunctionalState Cmd)
2311:../../../firmware/n32h7xx_std_periph_driver/src/n32h7xx_sdmmc.c **** {
 4189              		.loc 1 2311 1
 4190              		.cfi_startproc
 4191              		@ args = 0, pretend = 0, frame = 16
 4192              		@ frame_needed = 1, uses_anonymous_args = 0
 4193              		@ link register save eliminated.
ARM GAS  /tmp/ccIS8uvp.s 			page 115


 4194 0000 80B4     		push	{r7}
 4195              	.LCFI176:
 4196              		.cfi_def_cfa_offset 4
 4197              		.cfi_offset 7, -4
 4198 0002 85B0     		sub	sp, sp, #20
 4199              	.LCFI177:
 4200              		.cfi_def_cfa_offset 24
 4201 0004 00AF     		add	r7, sp, #0
 4202              	.LCFI178:
 4203              		.cfi_def_cfa_register 7
 4204 0006 F860     		str	r0, [r7, #12]
 4205 0008 B960     		str	r1, [r7, #8]
 4206 000a 1346     		mov	r3, r2
 4207 000c FB71     		strb	r3, [r7, #7]
2312:../../../firmware/n32h7xx_std_periph_driver/src/n32h7xx_sdmmc.c ****     if(Cmd == ENABLE)
 4208              		.loc 1 2312 7
 4209 000e FB79     		ldrb	r3, [r7, #7]	@ zero_extendqisi2
 4210 0010 012B     		cmp	r3, #1
 4211 0012 06D1     		bne	.L247
2313:../../../firmware/n32h7xx_std_periph_driver/src/n32h7xx_sdmmc.c ****     {
2314:../../../firmware/n32h7xx_std_periph_driver/src/n32h7xx_sdmmc.c ****         SDHOSTx->STSFE |= SDHOST_Flag;
 4212              		.loc 1 2314 16
 4213 0014 FB68     		ldr	r3, [r7, #12]
 4214 0016 1A6D     		ldr	r2, [r3, #80]
 4215              		.loc 1 2314 24
 4216 0018 BB68     		ldr	r3, [r7, #8]
 4217 001a 1A43     		orrs	r2, r2, r3
 4218 001c FB68     		ldr	r3, [r7, #12]
 4219 001e 1A65     		str	r2, [r3, #80]
2315:../../../firmware/n32h7xx_std_periph_driver/src/n32h7xx_sdmmc.c ****     }
2316:../../../firmware/n32h7xx_std_periph_driver/src/n32h7xx_sdmmc.c ****     else
2317:../../../firmware/n32h7xx_std_periph_driver/src/n32h7xx_sdmmc.c ****     {
2318:../../../firmware/n32h7xx_std_periph_driver/src/n32h7xx_sdmmc.c ****         SDHOSTx->STSFE &= (~SDHOST_Flag);
2319:../../../firmware/n32h7xx_std_periph_driver/src/n32h7xx_sdmmc.c ****     }
2320:../../../firmware/n32h7xx_std_periph_driver/src/n32h7xx_sdmmc.c **** }
 4220              		.loc 1 2320 1
 4221 0020 06E0     		b	.L249
 4222              	.L247:
2318:../../../firmware/n32h7xx_std_periph_driver/src/n32h7xx_sdmmc.c ****     }
 4223              		.loc 1 2318 16
 4224 0022 FB68     		ldr	r3, [r7, #12]
 4225 0024 1A6D     		ldr	r2, [r3, #80]
2318:../../../firmware/n32h7xx_std_periph_driver/src/n32h7xx_sdmmc.c ****     }
 4226              		.loc 1 2318 28
 4227 0026 BB68     		ldr	r3, [r7, #8]
 4228 0028 DB43     		mvns	r3, r3
2318:../../../firmware/n32h7xx_std_periph_driver/src/n32h7xx_sdmmc.c ****     }
 4229              		.loc 1 2318 24
 4230 002a 1A40     		ands	r2, r2, r3
 4231 002c FB68     		ldr	r3, [r7, #12]
 4232 002e 1A65     		str	r2, [r3, #80]
 4233              	.L249:
 4234              		.loc 1 2320 1
 4235 0030 00BF     		nop
 4236 0032 1437     		adds	r7, r7, #20
 4237              	.LCFI179:
 4238              		.cfi_def_cfa_offset 4
ARM GAS  /tmp/ccIS8uvp.s 			page 116


 4239 0034 BD46     		mov	sp, r7
 4240              	.LCFI180:
 4241              		.cfi_def_cfa_register 13
 4242              		@ sp needed
 4243 0036 80BC     		pop	{r7}
 4244              	.LCFI181:
 4245              		.cfi_restore 7
 4246              		.cfi_def_cfa_offset 0
 4247 0038 7047     		bx	lr
 4248              		.cfi_endproc
 4249              	.LFE178:
 4251              		.section	.text.SDMMC_GetPresentFlagStatus,"ax",%progbits
 4252              		.align	1
 4253              		.global	SDMMC_GetPresentFlagStatus
 4254              		.syntax unified
 4255              		.thumb
 4256              		.thumb_func
 4258              	SDMMC_GetPresentFlagStatus:
 4259              	.LFB179:
2321:../../../firmware/n32h7xx_std_periph_driver/src/n32h7xx_sdmmc.c **** 
2322:../../../firmware/n32h7xx_std_periph_driver/src/n32h7xx_sdmmc.c **** 
2323:../../../firmware/n32h7xx_std_periph_driver/src/n32h7xx_sdmmc.c **** /**
2324:../../../firmware/n32h7xx_std_periph_driver/src/n32h7xx_sdmmc.c ****  *\*\name   SDMMC_GetPresentFlagStatus.
2325:../../../firmware/n32h7xx_std_periph_driver/src/n32h7xx_sdmmc.c ****  *\*\fun    Checks whether the specified SDHOST Present flag is set or not.
2326:../../../firmware/n32h7xx_std_periph_driver/src/n32h7xx_sdmmc.c ****  *\*\param  SDHOSTx :
2327:../../../firmware/n32h7xx_std_periph_driver/src/n32h7xx_sdmmc.c ****  *\*\          - SDHOST1
2328:../../../firmware/n32h7xx_std_periph_driver/src/n32h7xx_sdmmc.c ****  *\*\          - SDHOST2
2329:../../../firmware/n32h7xx_std_periph_driver/src/n32h7xx_sdmmc.c ****  *\*\param  SDHOST_PreFlag :
2330:../../../firmware/n32h7xx_std_periph_driver/src/n32h7xx_sdmmc.c ****  *\*\          - SDHOST_CommandInhibitFlag
2331:../../../firmware/n32h7xx_std_periph_driver/src/n32h7xx_sdmmc.c ****  *\*\          - SDHOST_DataInhibitFlag
2332:../../../firmware/n32h7xx_std_periph_driver/src/n32h7xx_sdmmc.c ****  *\*\          - SDHOST_DataLineActiveFlag
2333:../../../firmware/n32h7xx_std_periph_driver/src/n32h7xx_sdmmc.c ****  *\*\          - SDHOST_ReTuningRequestFlag
2334:../../../firmware/n32h7xx_std_periph_driver/src/n32h7xx_sdmmc.c ****  *\*\          - SDHOST_WriteTransferActiveFlag
2335:../../../firmware/n32h7xx_std_periph_driver/src/n32h7xx_sdmmc.c ****  *\*\          - SDHOST_ReadTransferActiveFlag
2336:../../../firmware/n32h7xx_std_periph_driver/src/n32h7xx_sdmmc.c ****  *\*\          - SDHOST_BufferWriteEnableFlag
2337:../../../firmware/n32h7xx_std_periph_driver/src/n32h7xx_sdmmc.c ****  *\*\          - SDHOST_BufferReadEnableFlag
2338:../../../firmware/n32h7xx_std_periph_driver/src/n32h7xx_sdmmc.c ****  *\*\          - SDHOST_CardInsertedFlag
2339:../../../firmware/n32h7xx_std_periph_driver/src/n32h7xx_sdmmc.c ****  *\*\          - SDHOST_CardStateStableFlag
2340:../../../firmware/n32h7xx_std_periph_driver/src/n32h7xx_sdmmc.c ****  *\*\          - SDHOST_CardDetectPinFlag
2341:../../../firmware/n32h7xx_std_periph_driver/src/n32h7xx_sdmmc.c ****  *\*\          - SDHOST_CardWPSwitchPinFlag
2342:../../../firmware/n32h7xx_std_periph_driver/src/n32h7xx_sdmmc.c ****  *\*\          - SDHOST_CommandLineLevelFlag
2343:../../../firmware/n32h7xx_std_periph_driver/src/n32h7xx_sdmmc.c ****  *\*\          - SDHOST_Data0LineLevelFlag
2344:../../../firmware/n32h7xx_std_periph_driver/src/n32h7xx_sdmmc.c ****  *\*\          - SDHOST_Data1LineLevelFlag
2345:../../../firmware/n32h7xx_std_periph_driver/src/n32h7xx_sdmmc.c ****  *\*\          - SDHOST_Data2LineLevelFlag
2346:../../../firmware/n32h7xx_std_periph_driver/src/n32h7xx_sdmmc.c ****  *\*\          - SDHOST_Data3LineLevelFlag
2347:../../../firmware/n32h7xx_std_periph_driver/src/n32h7xx_sdmmc.c ****  *\*\          - SDHOST_Data4LineLevelFlag
2348:../../../firmware/n32h7xx_std_periph_driver/src/n32h7xx_sdmmc.c ****  *\*\          - SDHOST_Data5LineLevelFlag
2349:../../../firmware/n32h7xx_std_periph_driver/src/n32h7xx_sdmmc.c ****  *\*\          - SDHOST_Data6LineLevelFlag
2350:../../../firmware/n32h7xx_std_periph_driver/src/n32h7xx_sdmmc.c ****  *\*\          - SDHOST_Data7LineLevelFlag
2351:../../../firmware/n32h7xx_std_periph_driver/src/n32h7xx_sdmmc.c ****  *\*\return bitstatus.
2352:../../../firmware/n32h7xx_std_periph_driver/src/n32h7xx_sdmmc.c ****  *\*\          - SET
2353:../../../firmware/n32h7xx_std_periph_driver/src/n32h7xx_sdmmc.c ****  *\*\          - RESET
2354:../../../firmware/n32h7xx_std_periph_driver/src/n32h7xx_sdmmc.c ****  *\*\return none.
2355:../../../firmware/n32h7xx_std_periph_driver/src/n32h7xx_sdmmc.c ****  */
2356:../../../firmware/n32h7xx_std_periph_driver/src/n32h7xx_sdmmc.c **** FlagStatus SDMMC_GetPresentFlagStatus(SDHOST_Module* SDHOSTx, uint32_t SDHOST_PreFlag)
2357:../../../firmware/n32h7xx_std_periph_driver/src/n32h7xx_sdmmc.c **** {
 4260              		.loc 1 2357 1
ARM GAS  /tmp/ccIS8uvp.s 			page 117


 4261              		.cfi_startproc
 4262              		@ args = 0, pretend = 0, frame = 16
 4263              		@ frame_needed = 1, uses_anonymous_args = 0
 4264              		@ link register save eliminated.
 4265 0000 80B4     		push	{r7}
 4266              	.LCFI182:
 4267              		.cfi_def_cfa_offset 4
 4268              		.cfi_offset 7, -4
 4269 0002 85B0     		sub	sp, sp, #20
 4270              	.LCFI183:
 4271              		.cfi_def_cfa_offset 24
 4272 0004 00AF     		add	r7, sp, #0
 4273              	.LCFI184:
 4274              		.cfi_def_cfa_register 7
 4275 0006 7860     		str	r0, [r7, #4]
 4276 0008 3960     		str	r1, [r7]
2358:../../../firmware/n32h7xx_std_periph_driver/src/n32h7xx_sdmmc.c ****     FlagStatus bitstatus;
2359:../../../firmware/n32h7xx_std_periph_driver/src/n32h7xx_sdmmc.c **** 
2360:../../../firmware/n32h7xx_std_periph_driver/src/n32h7xx_sdmmc.c ****     if ((SDHOSTx->PRESTS & SDHOST_PreFlag) != (uint32_t)RESET)
 4277              		.loc 1 2360 17
 4278 000a 7B68     		ldr	r3, [r7, #4]
 4279 000c 5A6A     		ldr	r2, [r3, #36]
 4280              		.loc 1 2360 26
 4281 000e 3B68     		ldr	r3, [r7]
 4282 0010 1340     		ands	r3, r3, r2
 4283              		.loc 1 2360 8
 4284 0012 002B     		cmp	r3, #0
 4285 0014 02D0     		beq	.L251
2361:../../../firmware/n32h7xx_std_periph_driver/src/n32h7xx_sdmmc.c ****     {
2362:../../../firmware/n32h7xx_std_periph_driver/src/n32h7xx_sdmmc.c ****         bitstatus = SET;
 4286              		.loc 1 2362 19
 4287 0016 0123     		movs	r3, #1
 4288 0018 FB73     		strb	r3, [r7, #15]
 4289 001a 01E0     		b	.L252
 4290              	.L251:
2363:../../../firmware/n32h7xx_std_periph_driver/src/n32h7xx_sdmmc.c ****     }
2364:../../../firmware/n32h7xx_std_periph_driver/src/n32h7xx_sdmmc.c ****     else
2365:../../../firmware/n32h7xx_std_periph_driver/src/n32h7xx_sdmmc.c ****     {
2366:../../../firmware/n32h7xx_std_periph_driver/src/n32h7xx_sdmmc.c ****         bitstatus = RESET;
 4291              		.loc 1 2366 19
 4292 001c 0023     		movs	r3, #0
 4293 001e FB73     		strb	r3, [r7, #15]
 4294              	.L252:
2367:../../../firmware/n32h7xx_std_periph_driver/src/n32h7xx_sdmmc.c ****     }
2368:../../../firmware/n32h7xx_std_periph_driver/src/n32h7xx_sdmmc.c **** 
2369:../../../firmware/n32h7xx_std_periph_driver/src/n32h7xx_sdmmc.c ****     return bitstatus;
 4295              		.loc 1 2369 12
 4296 0020 FB7B     		ldrb	r3, [r7, #15]	@ zero_extendqisi2
2370:../../../firmware/n32h7xx_std_periph_driver/src/n32h7xx_sdmmc.c **** }
 4297              		.loc 1 2370 1
 4298 0022 1846     		mov	r0, r3
 4299 0024 1437     		adds	r7, r7, #20
 4300              	.LCFI185:
 4301              		.cfi_def_cfa_offset 4
 4302 0026 BD46     		mov	sp, r7
 4303              	.LCFI186:
 4304              		.cfi_def_cfa_register 13
ARM GAS  /tmp/ccIS8uvp.s 			page 118


 4305              		@ sp needed
 4306 0028 80BC     		pop	{r7}
 4307              	.LCFI187:
 4308              		.cfi_restore 7
 4309              		.cfi_def_cfa_offset 0
 4310 002a 7047     		bx	lr
 4311              		.cfi_endproc
 4312              	.LFE179:
 4314              		.section	.text.SDMMC_GetACMDErrorStatusFlag,"ax",%progbits
 4315              		.align	1
 4316              		.global	SDMMC_GetACMDErrorStatusFlag
 4317              		.syntax unified
 4318              		.thumb
 4319              		.thumb_func
 4321              	SDMMC_GetACMDErrorStatusFlag:
 4322              	.LFB180:
2371:../../../firmware/n32h7xx_std_periph_driver/src/n32h7xx_sdmmc.c **** 
2372:../../../firmware/n32h7xx_std_periph_driver/src/n32h7xx_sdmmc.c **** 
2373:../../../firmware/n32h7xx_std_periph_driver/src/n32h7xx_sdmmc.c **** /**
2374:../../../firmware/n32h7xx_std_periph_driver/src/n32h7xx_sdmmc.c ****  *\*\name   SDMMC_GetACMDErrorStatusFlag.
2375:../../../firmware/n32h7xx_std_periph_driver/src/n32h7xx_sdmmc.c ****  *\*\fun    Gets the status of auto command 12/23 error.
2376:../../../firmware/n32h7xx_std_periph_driver/src/n32h7xx_sdmmc.c ****  *\*\param  SDHOSTx :
2377:../../../firmware/n32h7xx_std_periph_driver/src/n32h7xx_sdmmc.c ****  *\*\          - SDHOST1
2378:../../../firmware/n32h7xx_std_periph_driver/src/n32h7xx_sdmmc.c ****  *\*\          - SDHOST2
2379:../../../firmware/n32h7xx_std_periph_driver/src/n32h7xx_sdmmc.c ****  *\*\param  SDHOST_PreFlag :
2380:../../../firmware/n32h7xx_std_periph_driver/src/n32h7xx_sdmmc.c ****  *\*\          - SDHOST_AutoCommand12NotExecutedFlag
2381:../../../firmware/n32h7xx_std_periph_driver/src/n32h7xx_sdmmc.c ****  *\*\          - SDHOST_AutoCommand12TimeoutFlag
2382:../../../firmware/n32h7xx_std_periph_driver/src/n32h7xx_sdmmc.c ****  *\*\          - SDHOST_AutoCommand12EndBitErrorFlag
2383:../../../firmware/n32h7xx_std_periph_driver/src/n32h7xx_sdmmc.c ****  *\*\          - SDHOST_AutoCommand12CrcErrorFlag
2384:../../../firmware/n32h7xx_std_periph_driver/src/n32h7xx_sdmmc.c ****  *\*\          - SDHOST_AutoCommand12IndexErrorFlag
2385:../../../firmware/n32h7xx_std_periph_driver/src/n32h7xx_sdmmc.c ****  *\*\          - SDHOST_AutoCommand12NotIssuedFlag
2386:../../../firmware/n32h7xx_std_periph_driver/src/n32h7xx_sdmmc.c ****  *\*\return bitstatus.
2387:../../../firmware/n32h7xx_std_periph_driver/src/n32h7xx_sdmmc.c ****  *\*\          - SET
2388:../../../firmware/n32h7xx_std_periph_driver/src/n32h7xx_sdmmc.c ****  *\*\          - RESET
2389:../../../firmware/n32h7xx_std_periph_driver/src/n32h7xx_sdmmc.c ****  *\*\return none.
2390:../../../firmware/n32h7xx_std_periph_driver/src/n32h7xx_sdmmc.c ****  */
2391:../../../firmware/n32h7xx_std_periph_driver/src/n32h7xx_sdmmc.c **** FlagStatus SDMMC_GetACMDErrorStatusFlag(SDHOST_Module* SDHOSTx, uint32_t SDHOST_ACMDFlag)
2392:../../../firmware/n32h7xx_std_periph_driver/src/n32h7xx_sdmmc.c **** {
 4323              		.loc 1 2392 1
 4324              		.cfi_startproc
 4325              		@ args = 0, pretend = 0, frame = 16
 4326              		@ frame_needed = 1, uses_anonymous_args = 0
 4327              		@ link register save eliminated.
 4328 0000 80B4     		push	{r7}
 4329              	.LCFI188:
 4330              		.cfi_def_cfa_offset 4
 4331              		.cfi_offset 7, -4
 4332 0002 85B0     		sub	sp, sp, #20
 4333              	.LCFI189:
 4334              		.cfi_def_cfa_offset 24
 4335 0004 00AF     		add	r7, sp, #0
 4336              	.LCFI190:
 4337              		.cfi_def_cfa_register 7
 4338 0006 7860     		str	r0, [r7, #4]
 4339 0008 3960     		str	r1, [r7]
2393:../../../firmware/n32h7xx_std_periph_driver/src/n32h7xx_sdmmc.c ****     FlagStatus bitstatus;
2394:../../../firmware/n32h7xx_std_periph_driver/src/n32h7xx_sdmmc.c **** 
ARM GAS  /tmp/ccIS8uvp.s 			page 119


2395:../../../firmware/n32h7xx_std_periph_driver/src/n32h7xx_sdmmc.c ****     if ((SDHOSTx->CTRLSTS & SDHOST_ACMDFlag) != (uint32_t)RESET)
 4340              		.loc 1 2395 17
 4341 000a 7B68     		ldr	r3, [r7, #4]
 4342 000c DA6B     		ldr	r2, [r3, #60]
 4343              		.loc 1 2395 27
 4344 000e 3B68     		ldr	r3, [r7]
 4345 0010 1340     		ands	r3, r3, r2
 4346              		.loc 1 2395 8
 4347 0012 002B     		cmp	r3, #0
 4348 0014 02D0     		beq	.L255
2396:../../../firmware/n32h7xx_std_periph_driver/src/n32h7xx_sdmmc.c ****     {
2397:../../../firmware/n32h7xx_std_periph_driver/src/n32h7xx_sdmmc.c ****         bitstatus = SET;
 4349              		.loc 1 2397 19
 4350 0016 0123     		movs	r3, #1
 4351 0018 FB73     		strb	r3, [r7, #15]
 4352 001a 01E0     		b	.L256
 4353              	.L255:
2398:../../../firmware/n32h7xx_std_periph_driver/src/n32h7xx_sdmmc.c ****     }
2399:../../../firmware/n32h7xx_std_periph_driver/src/n32h7xx_sdmmc.c ****     else
2400:../../../firmware/n32h7xx_std_periph_driver/src/n32h7xx_sdmmc.c ****     {
2401:../../../firmware/n32h7xx_std_periph_driver/src/n32h7xx_sdmmc.c ****         bitstatus = RESET;
 4354              		.loc 1 2401 19
 4355 001c 0023     		movs	r3, #0
 4356 001e FB73     		strb	r3, [r7, #15]
 4357              	.L256:
2402:../../../firmware/n32h7xx_std_periph_driver/src/n32h7xx_sdmmc.c ****     }
2403:../../../firmware/n32h7xx_std_periph_driver/src/n32h7xx_sdmmc.c **** 
2404:../../../firmware/n32h7xx_std_periph_driver/src/n32h7xx_sdmmc.c ****     return bitstatus;
 4358              		.loc 1 2404 12
 4359 0020 FB7B     		ldrb	r3, [r7, #15]	@ zero_extendqisi2
2405:../../../firmware/n32h7xx_std_periph_driver/src/n32h7xx_sdmmc.c **** }
 4360              		.loc 1 2405 1
 4361 0022 1846     		mov	r0, r3
 4362 0024 1437     		adds	r7, r7, #20
 4363              	.LCFI191:
 4364              		.cfi_def_cfa_offset 4
 4365 0026 BD46     		mov	sp, r7
 4366              	.LCFI192:
 4367              		.cfi_def_cfa_register 13
 4368              		@ sp needed
 4369 0028 80BC     		pop	{r7}
 4370              	.LCFI193:
 4371              		.cfi_restore 7
 4372              		.cfi_def_cfa_offset 0
 4373 002a 7047     		bx	lr
 4374              		.cfi_endproc
 4375              	.LFE180:
 4377              		.section	.text.SDMMC_GetADMAErrorStatusFlag,"ax",%progbits
 4378              		.align	1
 4379              		.global	SDMMC_GetADMAErrorStatusFlag
 4380              		.syntax unified
 4381              		.thumb
 4382              		.thumb_func
 4384              	SDMMC_GetADMAErrorStatusFlag:
 4385              	.LFB181:
2406:../../../firmware/n32h7xx_std_periph_driver/src/n32h7xx_sdmmc.c **** 
2407:../../../firmware/n32h7xx_std_periph_driver/src/n32h7xx_sdmmc.c **** 
ARM GAS  /tmp/ccIS8uvp.s 			page 120


2408:../../../firmware/n32h7xx_std_periph_driver/src/n32h7xx_sdmmc.c **** /**
2409:../../../firmware/n32h7xx_std_periph_driver/src/n32h7xx_sdmmc.c ****  *\*\name   SDMMC_GetADMAErrorStatusFlag.
2410:../../../firmware/n32h7xx_std_periph_driver/src/n32h7xx_sdmmc.c ****  *\*\fun    Gets the status of ADMA error.
2411:../../../firmware/n32h7xx_std_periph_driver/src/n32h7xx_sdmmc.c ****  *\*\param  SDHOSTx :
2412:../../../firmware/n32h7xx_std_periph_driver/src/n32h7xx_sdmmc.c ****  *\*\          - SDHOST1
2413:../../../firmware/n32h7xx_std_periph_driver/src/n32h7xx_sdmmc.c ****  *\*\          - SDHOST2
2414:../../../firmware/n32h7xx_std_periph_driver/src/n32h7xx_sdmmc.c ****  *\*\param  SDHOST_PreFlag :
2415:../../../firmware/n32h7xx_std_periph_driver/src/n32h7xx_sdmmc.c ****  *\*\          - SDHOST_AdmaLenghMismatchFlag
2416:../../../firmware/n32h7xx_std_periph_driver/src/n32h7xx_sdmmc.c ****  *\*\return bitstatus.
2417:../../../firmware/n32h7xx_std_periph_driver/src/n32h7xx_sdmmc.c ****  *\*\          - SET
2418:../../../firmware/n32h7xx_std_periph_driver/src/n32h7xx_sdmmc.c ****  *\*\          - RESET
2419:../../../firmware/n32h7xx_std_periph_driver/src/n32h7xx_sdmmc.c ****  *\*\return none.
2420:../../../firmware/n32h7xx_std_periph_driver/src/n32h7xx_sdmmc.c ****  */
2421:../../../firmware/n32h7xx_std_periph_driver/src/n32h7xx_sdmmc.c **** FlagStatus SDMMC_GetADMAErrorStatusFlag(SDHOST_Module* SDHOSTx, uint32_t SDHOST_ADMAFlag)
2422:../../../firmware/n32h7xx_std_periph_driver/src/n32h7xx_sdmmc.c **** {
 4386              		.loc 1 2422 1
 4387              		.cfi_startproc
 4388              		@ args = 0, pretend = 0, frame = 16
 4389              		@ frame_needed = 1, uses_anonymous_args = 0
 4390              		@ link register save eliminated.
 4391 0000 80B4     		push	{r7}
 4392              	.LCFI194:
 4393              		.cfi_def_cfa_offset 4
 4394              		.cfi_offset 7, -4
 4395 0002 85B0     		sub	sp, sp, #20
 4396              	.LCFI195:
 4397              		.cfi_def_cfa_offset 24
 4398 0004 00AF     		add	r7, sp, #0
 4399              	.LCFI196:
 4400              		.cfi_def_cfa_register 7
 4401 0006 7860     		str	r0, [r7, #4]
 4402 0008 3960     		str	r1, [r7]
2423:../../../firmware/n32h7xx_std_periph_driver/src/n32h7xx_sdmmc.c ****     FlagStatus bitstatus;
2424:../../../firmware/n32h7xx_std_periph_driver/src/n32h7xx_sdmmc.c **** 
2425:../../../firmware/n32h7xx_std_periph_driver/src/n32h7xx_sdmmc.c ****     if ((SDHOSTx->ADMAESTS & SDHOST_ADMAFlag) != (uint32_t)RESET)
 4403              		.loc 1 2425 17
 4404 000a 7B68     		ldr	r3, [r7, #4]
 4405 000c 5A6D     		ldr	r2, [r3, #84]
 4406              		.loc 1 2425 28
 4407 000e 3B68     		ldr	r3, [r7]
 4408 0010 1340     		ands	r3, r3, r2
 4409              		.loc 1 2425 8
 4410 0012 002B     		cmp	r3, #0
 4411 0014 02D0     		beq	.L259
2426:../../../firmware/n32h7xx_std_periph_driver/src/n32h7xx_sdmmc.c ****     {
2427:../../../firmware/n32h7xx_std_periph_driver/src/n32h7xx_sdmmc.c ****         bitstatus = SET;
 4412              		.loc 1 2427 19
 4413 0016 0123     		movs	r3, #1
 4414 0018 FB73     		strb	r3, [r7, #15]
 4415 001a 01E0     		b	.L260
 4416              	.L259:
2428:../../../firmware/n32h7xx_std_periph_driver/src/n32h7xx_sdmmc.c ****     }
2429:../../../firmware/n32h7xx_std_periph_driver/src/n32h7xx_sdmmc.c ****     else
2430:../../../firmware/n32h7xx_std_periph_driver/src/n32h7xx_sdmmc.c ****     {
2431:../../../firmware/n32h7xx_std_periph_driver/src/n32h7xx_sdmmc.c ****         bitstatus = RESET;
 4417              		.loc 1 2431 19
 4418 001c 0023     		movs	r3, #0
ARM GAS  /tmp/ccIS8uvp.s 			page 121


 4419 001e FB73     		strb	r3, [r7, #15]
 4420              	.L260:
2432:../../../firmware/n32h7xx_std_periph_driver/src/n32h7xx_sdmmc.c ****     }
2433:../../../firmware/n32h7xx_std_periph_driver/src/n32h7xx_sdmmc.c **** 
2434:../../../firmware/n32h7xx_std_periph_driver/src/n32h7xx_sdmmc.c ****     return bitstatus;
 4421              		.loc 1 2434 12
 4422 0020 FB7B     		ldrb	r3, [r7, #15]	@ zero_extendqisi2
2435:../../../firmware/n32h7xx_std_periph_driver/src/n32h7xx_sdmmc.c **** }
 4423              		.loc 1 2435 1
 4424 0022 1846     		mov	r0, r3
 4425 0024 1437     		adds	r7, r7, #20
 4426              	.LCFI197:
 4427              		.cfi_def_cfa_offset 4
 4428 0026 BD46     		mov	sp, r7
 4429              	.LCFI198:
 4430              		.cfi_def_cfa_register 13
 4431              		@ sp needed
 4432 0028 80BC     		pop	{r7}
 4433              	.LCFI199:
 4434              		.cfi_restore 7
 4435              		.cfi_def_cfa_offset 0
 4436 002a 7047     		bx	lr
 4437              		.cfi_endproc
 4438              	.LFE181:
 4440              		.section	.text.SDMMC_EnableHWReset,"ax",%progbits
 4441              		.align	1
 4442              		.global	SDMMC_EnableHWReset
 4443              		.syntax unified
 4444              		.thumb
 4445              		.thumb_func
 4447              	SDMMC_EnableHWReset:
 4448              	.LFB182:
2436:../../../firmware/n32h7xx_std_periph_driver/src/n32h7xx_sdmmc.c **** 
2437:../../../firmware/n32h7xx_std_periph_driver/src/n32h7xx_sdmmc.c **** 
2438:../../../firmware/n32h7xx_std_periph_driver/src/n32h7xx_sdmmc.c **** /**
2439:../../../firmware/n32h7xx_std_periph_driver/src/n32h7xx_sdmmc.c ****  *\*\name    SDMMC_EnableHWReset
2440:../../../firmware/n32h7xx_std_periph_driver/src/n32h7xx_sdmmc.c ****  *\*\fun     Triggers a hardware reset.
2441:../../../firmware/n32h7xx_std_periph_driver/src/n32h7xx_sdmmc.c ****  *\*\param   SDHOSTx :
2442:../../../firmware/n32h7xx_std_periph_driver/src/n32h7xx_sdmmc.c ****  *\*\          - SDHOST1
2443:../../../firmware/n32h7xx_std_periph_driver/src/n32h7xx_sdmmc.c ****  *\*\          - SDHOST2
2444:../../../firmware/n32h7xx_std_periph_driver/src/n32h7xx_sdmmc.c ****  *\*\param   Cmd (The input parameters must be the following values):
2445:../../../firmware/n32h7xx_std_periph_driver/src/n32h7xx_sdmmc.c ****  *\*\          - ENABLE
2446:../../../firmware/n32h7xx_std_periph_driver/src/n32h7xx_sdmmc.c ****  *\*\          - DISABLE
2447:../../../firmware/n32h7xx_std_periph_driver/src/n32h7xx_sdmmc.c ****  *\*\return  none
2448:../../../firmware/n32h7xx_std_periph_driver/src/n32h7xx_sdmmc.c ****  */
2449:../../../firmware/n32h7xx_std_periph_driver/src/n32h7xx_sdmmc.c **** void SDMMC_EnableHWReset(SDHOST_Module* SDHOSTx, FunctionalState Cmd)
2450:../../../firmware/n32h7xx_std_periph_driver/src/n32h7xx_sdmmc.c **** {
 4449              		.loc 1 2450 1
 4450              		.cfi_startproc
 4451              		@ args = 0, pretend = 0, frame = 8
 4452              		@ frame_needed = 1, uses_anonymous_args = 0
 4453              		@ link register save eliminated.
 4454 0000 80B4     		push	{r7}
 4455              	.LCFI200:
 4456              		.cfi_def_cfa_offset 4
 4457              		.cfi_offset 7, -4
 4458 0002 83B0     		sub	sp, sp, #12
ARM GAS  /tmp/ccIS8uvp.s 			page 122


 4459              	.LCFI201:
 4460              		.cfi_def_cfa_offset 16
 4461 0004 00AF     		add	r7, sp, #0
 4462              	.LCFI202:
 4463              		.cfi_def_cfa_register 7
 4464 0006 7860     		str	r0, [r7, #4]
 4465 0008 0B46     		mov	r3, r1
 4466 000a FB70     		strb	r3, [r7, #3]
2451:../../../firmware/n32h7xx_std_periph_driver/src/n32h7xx_sdmmc.c ****     if (Cmd != DISABLE)
 4467              		.loc 1 2451 8
 4468 000c FB78     		ldrb	r3, [r7, #3]	@ zero_extendqisi2
 4469 000e 002B     		cmp	r3, #0
 4470 0010 06D0     		beq	.L263
2452:../../../firmware/n32h7xx_std_periph_driver/src/n32h7xx_sdmmc.c ****     {
2453:../../../firmware/n32h7xx_std_periph_driver/src/n32h7xx_sdmmc.c ****         SDHOSTx->CTRL1 |= SDHOST_CTRL1_HWRST;
 4471              		.loc 1 2453 16
 4472 0012 7B68     		ldr	r3, [r7, #4]
 4473 0014 9B6A     		ldr	r3, [r3, #40]
 4474              		.loc 1 2453 24
 4475 0016 43F48052 		orr	r2, r3, #4096
 4476 001a 7B68     		ldr	r3, [r7, #4]
 4477 001c 9A62     		str	r2, [r3, #40]
2454:../../../firmware/n32h7xx_std_periph_driver/src/n32h7xx_sdmmc.c ****     }
2455:../../../firmware/n32h7xx_std_periph_driver/src/n32h7xx_sdmmc.c ****     else
2456:../../../firmware/n32h7xx_std_periph_driver/src/n32h7xx_sdmmc.c ****     {
2457:../../../firmware/n32h7xx_std_periph_driver/src/n32h7xx_sdmmc.c ****         SDHOSTx->CTRL1 &= (~SDHOST_CTRL1_HWRST);
2458:../../../firmware/n32h7xx_std_periph_driver/src/n32h7xx_sdmmc.c ****     }
2459:../../../firmware/n32h7xx_std_periph_driver/src/n32h7xx_sdmmc.c **** }
 4478              		.loc 1 2459 1
 4479 001e 05E0     		b	.L265
 4480              	.L263:
2457:../../../firmware/n32h7xx_std_periph_driver/src/n32h7xx_sdmmc.c ****     }
 4481              		.loc 1 2457 16
 4482 0020 7B68     		ldr	r3, [r7, #4]
 4483 0022 9B6A     		ldr	r3, [r3, #40]
2457:../../../firmware/n32h7xx_std_periph_driver/src/n32h7xx_sdmmc.c ****     }
 4484              		.loc 1 2457 24
 4485 0024 23F48052 		bic	r2, r3, #4096
 4486 0028 7B68     		ldr	r3, [r7, #4]
 4487 002a 9A62     		str	r2, [r3, #40]
 4488              	.L265:
 4489              		.loc 1 2459 1
 4490 002c 00BF     		nop
 4491 002e 0C37     		adds	r7, r7, #12
 4492              	.LCFI203:
 4493              		.cfi_def_cfa_offset 4
 4494 0030 BD46     		mov	sp, r7
 4495              	.LCFI204:
 4496              		.cfi_def_cfa_register 13
 4497              		@ sp needed
 4498 0032 80BC     		pop	{r7}
 4499              	.LCFI205:
 4500              		.cfi_restore 7
 4501              		.cfi_def_cfa_offset 0
 4502 0034 7047     		bx	lr
 4503              		.cfi_endproc
 4504              	.LFE182:
ARM GAS  /tmp/ccIS8uvp.s 			page 123


 4506              		.section	.text.SDMMC_ConfigWorkMode,"ax",%progbits
 4507              		.align	1
 4508              		.global	SDMMC_ConfigWorkMode
 4509              		.syntax unified
 4510              		.thumb
 4511              		.thumb_func
 4513              	SDMMC_ConfigWorkMode:
 4514              	.LFB183:
2460:../../../firmware/n32h7xx_std_periph_driver/src/n32h7xx_sdmmc.c **** 
2461:../../../firmware/n32h7xx_std_periph_driver/src/n32h7xx_sdmmc.c **** 
2462:../../../firmware/n32h7xx_std_periph_driver/src/n32h7xx_sdmmc.c **** /**
2463:../../../firmware/n32h7xx_std_periph_driver/src/n32h7xx_sdmmc.c ****  *\*\name    SDMMC_ConfigWorkMode
2464:../../../firmware/n32h7xx_std_periph_driver/src/n32h7xx_sdmmc.c ****  *\*\fun     Configure working mode.
2465:../../../firmware/n32h7xx_std_periph_driver/src/n32h7xx_sdmmc.c ****  *\*\param   SDHOSTx :
2466:../../../firmware/n32h7xx_std_periph_driver/src/n32h7xx_sdmmc.c ****  *\*\          - SDHOST1
2467:../../../firmware/n32h7xx_std_periph_driver/src/n32h7xx_sdmmc.c ****  *\*\          - SDHOST2
2468:../../../firmware/n32h7xx_std_periph_driver/src/n32h7xx_sdmmc.c ****  *\*\param   mode (The input parameters must be the following values):
2469:../../../firmware/n32h7xx_std_periph_driver/src/n32h7xx_sdmmc.c ****  *\*\          - SDMMC_DS
2470:../../../firmware/n32h7xx_std_periph_driver/src/n32h7xx_sdmmc.c ****  *\*\          - SDMMC_HS
2471:../../../firmware/n32h7xx_std_periph_driver/src/n32h7xx_sdmmc.c ****  *\*\          - SDMMC_SDR12
2472:../../../firmware/n32h7xx_std_periph_driver/src/n32h7xx_sdmmc.c ****  *\*\          - SDMMC_SDR25
2473:../../../firmware/n32h7xx_std_periph_driver/src/n32h7xx_sdmmc.c ****  *\*\          - SDMMC_SDR50
2474:../../../firmware/n32h7xx_std_periph_driver/src/n32h7xx_sdmmc.c ****  *\*\          - SDMMC_SDR104
2475:../../../firmware/n32h7xx_std_periph_driver/src/n32h7xx_sdmmc.c ****  *\*\          - SDMMC_DDR50
2476:../../../firmware/n32h7xx_std_periph_driver/src/n32h7xx_sdmmc.c ****  *\*\          - SDMMC_SPI
2477:../../../firmware/n32h7xx_std_periph_driver/src/n32h7xx_sdmmc.c ****  *\*\return  none
2478:../../../firmware/n32h7xx_std_periph_driver/src/n32h7xx_sdmmc.c ****  */
2479:../../../firmware/n32h7xx_std_periph_driver/src/n32h7xx_sdmmc.c **** void SDMMC_ConfigWorkMode(SDHOST_Module* SDHOSTx, SD_ModeConfig mode)
2480:../../../firmware/n32h7xx_std_periph_driver/src/n32h7xx_sdmmc.c **** {
 4515              		.loc 1 2480 1
 4516              		.cfi_startproc
 4517              		@ args = 0, pretend = 0, frame = 8
 4518              		@ frame_needed = 1, uses_anonymous_args = 0
 4519              		@ link register save eliminated.
 4520 0000 80B4     		push	{r7}
 4521              	.LCFI206:
 4522              		.cfi_def_cfa_offset 4
 4523              		.cfi_offset 7, -4
 4524 0002 83B0     		sub	sp, sp, #12
 4525              	.LCFI207:
 4526              		.cfi_def_cfa_offset 16
 4527 0004 00AF     		add	r7, sp, #0
 4528              	.LCFI208:
 4529              		.cfi_def_cfa_register 7
 4530 0006 7860     		str	r0, [r7, #4]
 4531 0008 0B46     		mov	r3, r1
 4532 000a FB70     		strb	r3, [r7, #3]
2481:../../../firmware/n32h7xx_std_periph_driver/src/n32h7xx_sdmmc.c ****     if(mode == SDMMC_SPI)
 4533              		.loc 1 2481 7
 4534 000c FB78     		ldrb	r3, [r7, #3]	@ zero_extendqisi2
 4535 000e 072B     		cmp	r3, #7
 4536 0010 06D1     		bne	.L267
2482:../../../firmware/n32h7xx_std_periph_driver/src/n32h7xx_sdmmc.c ****     {
2483:../../../firmware/n32h7xx_std_periph_driver/src/n32h7xx_sdmmc.c ****         SDHOSTx->CTRL1 |= SDHOST_CTRL1_SPIMODE;
 4537              		.loc 1 2483 16
 4538 0012 7B68     		ldr	r3, [r7, #4]
 4539 0014 9B6A     		ldr	r3, [r3, #40]
ARM GAS  /tmp/ccIS8uvp.s 			page 124


 4540              		.loc 1 2483 24
 4541 0016 43F48012 		orr	r2, r3, #1048576
 4542 001a 7B68     		ldr	r3, [r7, #4]
 4543 001c 9A62     		str	r2, [r3, #40]
2484:../../../firmware/n32h7xx_std_periph_driver/src/n32h7xx_sdmmc.c ****     }
2485:../../../firmware/n32h7xx_std_periph_driver/src/n32h7xx_sdmmc.c ****     else
2486:../../../firmware/n32h7xx_std_periph_driver/src/n32h7xx_sdmmc.c ****     {
2487:../../../firmware/n32h7xx_std_periph_driver/src/n32h7xx_sdmmc.c ****         SDHOSTx->CTRL1 &= (~SDHOST_CTRL1_SPIMODE);
2488:../../../firmware/n32h7xx_std_periph_driver/src/n32h7xx_sdmmc.c **** 
2489:../../../firmware/n32h7xx_std_periph_driver/src/n32h7xx_sdmmc.c ****         if (mode == SDMMC_DS)
2490:../../../firmware/n32h7xx_std_periph_driver/src/n32h7xx_sdmmc.c ****         {
2491:../../../firmware/n32h7xx_std_periph_driver/src/n32h7xx_sdmmc.c ****             SDHOSTx->CTRL1 &= (~SDHOST_CTRL1_HSEN);
2492:../../../firmware/n32h7xx_std_periph_driver/src/n32h7xx_sdmmc.c ****         }
2493:../../../firmware/n32h7xx_std_periph_driver/src/n32h7xx_sdmmc.c ****         else if (mode == SDMMC_HS)
2494:../../../firmware/n32h7xx_std_periph_driver/src/n32h7xx_sdmmc.c ****         {
2495:../../../firmware/n32h7xx_std_periph_driver/src/n32h7xx_sdmmc.c ****             SDHOSTx->CTRL1 |= SDHOST_CTRL1_HSEN;
2496:../../../firmware/n32h7xx_std_periph_driver/src/n32h7xx_sdmmc.c ****         }
2497:../../../firmware/n32h7xx_std_periph_driver/src/n32h7xx_sdmmc.c ****         else if(mode == SDMMC_SDR12)
2498:../../../firmware/n32h7xx_std_periph_driver/src/n32h7xx_sdmmc.c ****         {
2499:../../../firmware/n32h7xx_std_periph_driver/src/n32h7xx_sdmmc.c ****             SDHOSTx->CTRL1 |= SDHOST_CTRL1_HSEN;
2500:../../../firmware/n32h7xx_std_periph_driver/src/n32h7xx_sdmmc.c ****             SDHOSTx->CTRLSTS &= (~SDHOST_CTRLSTS_UHSMOD);
2501:../../../firmware/n32h7xx_std_periph_driver/src/n32h7xx_sdmmc.c ****         }
2502:../../../firmware/n32h7xx_std_periph_driver/src/n32h7xx_sdmmc.c ****         else if(mode == SDMMC_SDR25)
2503:../../../firmware/n32h7xx_std_periph_driver/src/n32h7xx_sdmmc.c ****         {
2504:../../../firmware/n32h7xx_std_periph_driver/src/n32h7xx_sdmmc.c ****             SDHOSTx->CTRL1 |= SDHOST_CTRL1_HSEN;
2505:../../../firmware/n32h7xx_std_periph_driver/src/n32h7xx_sdmmc.c ****             SDHOSTx->CTRLSTS &= (~SDHOST_CTRLSTS_UHSMOD);
2506:../../../firmware/n32h7xx_std_periph_driver/src/n32h7xx_sdmmc.c ****             SDHOSTx->CTRLSTS |= SDHOST_CTRLSTS_UHSMOD_0;
2507:../../../firmware/n32h7xx_std_periph_driver/src/n32h7xx_sdmmc.c ****         }
2508:../../../firmware/n32h7xx_std_periph_driver/src/n32h7xx_sdmmc.c ****         else if(mode == SDMMC_SDR50)
2509:../../../firmware/n32h7xx_std_periph_driver/src/n32h7xx_sdmmc.c ****         {
2510:../../../firmware/n32h7xx_std_periph_driver/src/n32h7xx_sdmmc.c ****             SDHOSTx->CTRL1 |= SDHOST_CTRL1_HSEN;
2511:../../../firmware/n32h7xx_std_periph_driver/src/n32h7xx_sdmmc.c ****             SDHOSTx->CTRLSTS &= (~SDHOST_CTRLSTS_UHSMOD);
2512:../../../firmware/n32h7xx_std_periph_driver/src/n32h7xx_sdmmc.c ****             SDHOSTx->CTRLSTS |= SDHOST_CTRLSTS_UHSMOD_1;
2513:../../../firmware/n32h7xx_std_periph_driver/src/n32h7xx_sdmmc.c ****         }
2514:../../../firmware/n32h7xx_std_periph_driver/src/n32h7xx_sdmmc.c ****         else if(mode == SDMMC_SDR104)
2515:../../../firmware/n32h7xx_std_periph_driver/src/n32h7xx_sdmmc.c ****         {
2516:../../../firmware/n32h7xx_std_periph_driver/src/n32h7xx_sdmmc.c ****             SDHOSTx->CTRL1 |= SDHOST_CTRL1_HSEN;
2517:../../../firmware/n32h7xx_std_periph_driver/src/n32h7xx_sdmmc.c ****             SDHOSTx->CTRLSTS &= (~SDHOST_CTRLSTS_UHSMOD);
2518:../../../firmware/n32h7xx_std_periph_driver/src/n32h7xx_sdmmc.c ****             SDHOSTx->CTRLSTS |= (SDHOST_CTRLSTS_UHSMOD_0 | SDHOST_CTRLSTS_UHSMOD_1);
2519:../../../firmware/n32h7xx_std_periph_driver/src/n32h7xx_sdmmc.c ****         }
2520:../../../firmware/n32h7xx_std_periph_driver/src/n32h7xx_sdmmc.c ****         else
2521:../../../firmware/n32h7xx_std_periph_driver/src/n32h7xx_sdmmc.c ****         {
2522:../../../firmware/n32h7xx_std_periph_driver/src/n32h7xx_sdmmc.c ****             SDHOSTx->CTRL1 |= SDHOST_CTRL1_HSEN;
2523:../../../firmware/n32h7xx_std_periph_driver/src/n32h7xx_sdmmc.c ****             SDHOSTx->CTRLSTS &= (~SDHOST_CTRLSTS_UHSMOD);
2524:../../../firmware/n32h7xx_std_periph_driver/src/n32h7xx_sdmmc.c ****             SDHOSTx->CTRLSTS |= SDHOST_CTRLSTS_UHSMOD_2;
2525:../../../firmware/n32h7xx_std_periph_driver/src/n32h7xx_sdmmc.c ****         }
2526:../../../firmware/n32h7xx_std_periph_driver/src/n32h7xx_sdmmc.c ****     }
2527:../../../firmware/n32h7xx_std_periph_driver/src/n32h7xx_sdmmc.c **** }
 4544              		.loc 1 2527 1
 4545 001e 7DE0     		b	.L275
 4546              	.L267:
2487:../../../firmware/n32h7xx_std_periph_driver/src/n32h7xx_sdmmc.c **** 
 4547              		.loc 1 2487 16
 4548 0020 7B68     		ldr	r3, [r7, #4]
 4549 0022 9B6A     		ldr	r3, [r3, #40]
2487:../../../firmware/n32h7xx_std_periph_driver/src/n32h7xx_sdmmc.c **** 
 4550              		.loc 1 2487 24
ARM GAS  /tmp/ccIS8uvp.s 			page 125


 4551 0024 23F48012 		bic	r2, r3, #1048576
 4552 0028 7B68     		ldr	r3, [r7, #4]
 4553 002a 9A62     		str	r2, [r3, #40]
2489:../../../firmware/n32h7xx_std_periph_driver/src/n32h7xx_sdmmc.c ****         {
 4554              		.loc 1 2489 12
 4555 002c FB78     		ldrb	r3, [r7, #3]	@ zero_extendqisi2
 4556 002e 002B     		cmp	r3, #0
 4557 0030 06D1     		bne	.L269
2491:../../../firmware/n32h7xx_std_periph_driver/src/n32h7xx_sdmmc.c ****         }
 4558              		.loc 1 2491 20
 4559 0032 7B68     		ldr	r3, [r7, #4]
 4560 0034 9B6A     		ldr	r3, [r3, #40]
2491:../../../firmware/n32h7xx_std_periph_driver/src/n32h7xx_sdmmc.c ****         }
 4561              		.loc 1 2491 28
 4562 0036 23F00402 		bic	r2, r3, #4
 4563 003a 7B68     		ldr	r3, [r7, #4]
 4564 003c 9A62     		str	r2, [r3, #40]
 4565              		.loc 1 2527 1
 4566 003e 6DE0     		b	.L275
 4567              	.L269:
2493:../../../firmware/n32h7xx_std_periph_driver/src/n32h7xx_sdmmc.c ****         {
 4568              		.loc 1 2493 17
 4569 0040 FB78     		ldrb	r3, [r7, #3]	@ zero_extendqisi2
 4570 0042 012B     		cmp	r3, #1
 4571 0044 06D1     		bne	.L270
2495:../../../firmware/n32h7xx_std_periph_driver/src/n32h7xx_sdmmc.c ****         }
 4572              		.loc 1 2495 20
 4573 0046 7B68     		ldr	r3, [r7, #4]
 4574 0048 9B6A     		ldr	r3, [r3, #40]
2495:../../../firmware/n32h7xx_std_periph_driver/src/n32h7xx_sdmmc.c ****         }
 4575              		.loc 1 2495 28
 4576 004a 43F00402 		orr	r2, r3, #4
 4577 004e 7B68     		ldr	r3, [r7, #4]
 4578 0050 9A62     		str	r2, [r3, #40]
 4579              		.loc 1 2527 1
 4580 0052 63E0     		b	.L275
 4581              	.L270:
2497:../../../firmware/n32h7xx_std_periph_driver/src/n32h7xx_sdmmc.c ****         {
 4582              		.loc 1 2497 16
 4583 0054 FB78     		ldrb	r3, [r7, #3]	@ zero_extendqisi2
 4584 0056 022B     		cmp	r3, #2
 4585 0058 0CD1     		bne	.L271
2499:../../../firmware/n32h7xx_std_periph_driver/src/n32h7xx_sdmmc.c ****             SDHOSTx->CTRLSTS &= (~SDHOST_CTRLSTS_UHSMOD);
 4586              		.loc 1 2499 20
 4587 005a 7B68     		ldr	r3, [r7, #4]
 4588 005c 9B6A     		ldr	r3, [r3, #40]
2499:../../../firmware/n32h7xx_std_periph_driver/src/n32h7xx_sdmmc.c ****             SDHOSTx->CTRLSTS &= (~SDHOST_CTRLSTS_UHSMOD);
 4589              		.loc 1 2499 28
 4590 005e 43F00402 		orr	r2, r3, #4
 4591 0062 7B68     		ldr	r3, [r7, #4]
 4592 0064 9A62     		str	r2, [r3, #40]
2500:../../../firmware/n32h7xx_std_periph_driver/src/n32h7xx_sdmmc.c ****         }
 4593              		.loc 1 2500 20
 4594 0066 7B68     		ldr	r3, [r7, #4]
 4595 0068 DB6B     		ldr	r3, [r3, #60]
2500:../../../firmware/n32h7xx_std_periph_driver/src/n32h7xx_sdmmc.c ****         }
 4596              		.loc 1 2500 30
ARM GAS  /tmp/ccIS8uvp.s 			page 126


 4597 006a 23F4E022 		bic	r2, r3, #458752
 4598 006e 7B68     		ldr	r3, [r7, #4]
 4599 0070 DA63     		str	r2, [r3, #60]
 4600              		.loc 1 2527 1
 4601 0072 53E0     		b	.L275
 4602              	.L271:
2502:../../../firmware/n32h7xx_std_periph_driver/src/n32h7xx_sdmmc.c ****         {
 4603              		.loc 1 2502 16
 4604 0074 FB78     		ldrb	r3, [r7, #3]	@ zero_extendqisi2
 4605 0076 032B     		cmp	r3, #3
 4606 0078 12D1     		bne	.L272
2504:../../../firmware/n32h7xx_std_periph_driver/src/n32h7xx_sdmmc.c ****             SDHOSTx->CTRLSTS &= (~SDHOST_CTRLSTS_UHSMOD);
 4607              		.loc 1 2504 20
 4608 007a 7B68     		ldr	r3, [r7, #4]
 4609 007c 9B6A     		ldr	r3, [r3, #40]
2504:../../../firmware/n32h7xx_std_periph_driver/src/n32h7xx_sdmmc.c ****             SDHOSTx->CTRLSTS &= (~SDHOST_CTRLSTS_UHSMOD);
 4610              		.loc 1 2504 28
 4611 007e 43F00402 		orr	r2, r3, #4
 4612 0082 7B68     		ldr	r3, [r7, #4]
 4613 0084 9A62     		str	r2, [r3, #40]
2505:../../../firmware/n32h7xx_std_periph_driver/src/n32h7xx_sdmmc.c ****             SDHOSTx->CTRLSTS |= SDHOST_CTRLSTS_UHSMOD_0;
 4614              		.loc 1 2505 20
 4615 0086 7B68     		ldr	r3, [r7, #4]
 4616 0088 DB6B     		ldr	r3, [r3, #60]
2505:../../../firmware/n32h7xx_std_periph_driver/src/n32h7xx_sdmmc.c ****             SDHOSTx->CTRLSTS |= SDHOST_CTRLSTS_UHSMOD_0;
 4617              		.loc 1 2505 30
 4618 008a 23F4E022 		bic	r2, r3, #458752
 4619 008e 7B68     		ldr	r3, [r7, #4]
 4620 0090 DA63     		str	r2, [r3, #60]
2506:../../../firmware/n32h7xx_std_periph_driver/src/n32h7xx_sdmmc.c ****         }
 4621              		.loc 1 2506 20
 4622 0092 7B68     		ldr	r3, [r7, #4]
 4623 0094 DB6B     		ldr	r3, [r3, #60]
2506:../../../firmware/n32h7xx_std_periph_driver/src/n32h7xx_sdmmc.c ****         }
 4624              		.loc 1 2506 30
 4625 0096 43F48032 		orr	r2, r3, #65536
 4626 009a 7B68     		ldr	r3, [r7, #4]
 4627 009c DA63     		str	r2, [r3, #60]
 4628              		.loc 1 2527 1
 4629 009e 3DE0     		b	.L275
 4630              	.L272:
2508:../../../firmware/n32h7xx_std_periph_driver/src/n32h7xx_sdmmc.c ****         {
 4631              		.loc 1 2508 16
 4632 00a0 FB78     		ldrb	r3, [r7, #3]	@ zero_extendqisi2
 4633 00a2 042B     		cmp	r3, #4
 4634 00a4 12D1     		bne	.L273
2510:../../../firmware/n32h7xx_std_periph_driver/src/n32h7xx_sdmmc.c ****             SDHOSTx->CTRLSTS &= (~SDHOST_CTRLSTS_UHSMOD);
 4635              		.loc 1 2510 20
 4636 00a6 7B68     		ldr	r3, [r7, #4]
 4637 00a8 9B6A     		ldr	r3, [r3, #40]
2510:../../../firmware/n32h7xx_std_periph_driver/src/n32h7xx_sdmmc.c ****             SDHOSTx->CTRLSTS &= (~SDHOST_CTRLSTS_UHSMOD);
 4638              		.loc 1 2510 28
 4639 00aa 43F00402 		orr	r2, r3, #4
 4640 00ae 7B68     		ldr	r3, [r7, #4]
 4641 00b0 9A62     		str	r2, [r3, #40]
2511:../../../firmware/n32h7xx_std_periph_driver/src/n32h7xx_sdmmc.c ****             SDHOSTx->CTRLSTS |= SDHOST_CTRLSTS_UHSMOD_1;
 4642              		.loc 1 2511 20
ARM GAS  /tmp/ccIS8uvp.s 			page 127


 4643 00b2 7B68     		ldr	r3, [r7, #4]
 4644 00b4 DB6B     		ldr	r3, [r3, #60]
2511:../../../firmware/n32h7xx_std_periph_driver/src/n32h7xx_sdmmc.c ****             SDHOSTx->CTRLSTS |= SDHOST_CTRLSTS_UHSMOD_1;
 4645              		.loc 1 2511 30
 4646 00b6 23F4E022 		bic	r2, r3, #458752
 4647 00ba 7B68     		ldr	r3, [r7, #4]
 4648 00bc DA63     		str	r2, [r3, #60]
2512:../../../firmware/n32h7xx_std_periph_driver/src/n32h7xx_sdmmc.c ****         }
 4649              		.loc 1 2512 20
 4650 00be 7B68     		ldr	r3, [r7, #4]
 4651 00c0 DB6B     		ldr	r3, [r3, #60]
2512:../../../firmware/n32h7xx_std_periph_driver/src/n32h7xx_sdmmc.c ****         }
 4652              		.loc 1 2512 30
 4653 00c2 43F40032 		orr	r2, r3, #131072
 4654 00c6 7B68     		ldr	r3, [r7, #4]
 4655 00c8 DA63     		str	r2, [r3, #60]
 4656              		.loc 1 2527 1
 4657 00ca 27E0     		b	.L275
 4658              	.L273:
2514:../../../firmware/n32h7xx_std_periph_driver/src/n32h7xx_sdmmc.c ****         {
 4659              		.loc 1 2514 16
 4660 00cc FB78     		ldrb	r3, [r7, #3]	@ zero_extendqisi2
 4661 00ce 052B     		cmp	r3, #5
 4662 00d0 12D1     		bne	.L274
2516:../../../firmware/n32h7xx_std_periph_driver/src/n32h7xx_sdmmc.c ****             SDHOSTx->CTRLSTS &= (~SDHOST_CTRLSTS_UHSMOD);
 4663              		.loc 1 2516 20
 4664 00d2 7B68     		ldr	r3, [r7, #4]
 4665 00d4 9B6A     		ldr	r3, [r3, #40]
2516:../../../firmware/n32h7xx_std_periph_driver/src/n32h7xx_sdmmc.c ****             SDHOSTx->CTRLSTS &= (~SDHOST_CTRLSTS_UHSMOD);
 4666              		.loc 1 2516 28
 4667 00d6 43F00402 		orr	r2, r3, #4
 4668 00da 7B68     		ldr	r3, [r7, #4]
 4669 00dc 9A62     		str	r2, [r3, #40]
2517:../../../firmware/n32h7xx_std_periph_driver/src/n32h7xx_sdmmc.c ****             SDHOSTx->CTRLSTS |= (SDHOST_CTRLSTS_UHSMOD_0 | SDHOST_CTRLSTS_UHSMOD_1);
 4670              		.loc 1 2517 20
 4671 00de 7B68     		ldr	r3, [r7, #4]
 4672 00e0 DB6B     		ldr	r3, [r3, #60]
2517:../../../firmware/n32h7xx_std_periph_driver/src/n32h7xx_sdmmc.c ****             SDHOSTx->CTRLSTS |= (SDHOST_CTRLSTS_UHSMOD_0 | SDHOST_CTRLSTS_UHSMOD_1);
 4673              		.loc 1 2517 30
 4674 00e2 23F4E022 		bic	r2, r3, #458752
 4675 00e6 7B68     		ldr	r3, [r7, #4]
 4676 00e8 DA63     		str	r2, [r3, #60]
2518:../../../firmware/n32h7xx_std_periph_driver/src/n32h7xx_sdmmc.c ****         }
 4677              		.loc 1 2518 20
 4678 00ea 7B68     		ldr	r3, [r7, #4]
 4679 00ec DB6B     		ldr	r3, [r3, #60]
2518:../../../firmware/n32h7xx_std_periph_driver/src/n32h7xx_sdmmc.c ****         }
 4680              		.loc 1 2518 30
 4681 00ee 43F44032 		orr	r2, r3, #196608
 4682 00f2 7B68     		ldr	r3, [r7, #4]
 4683 00f4 DA63     		str	r2, [r3, #60]
 4684              		.loc 1 2527 1
 4685 00f6 11E0     		b	.L275
 4686              	.L274:
2522:../../../firmware/n32h7xx_std_periph_driver/src/n32h7xx_sdmmc.c ****             SDHOSTx->CTRLSTS &= (~SDHOST_CTRLSTS_UHSMOD);
 4687              		.loc 1 2522 20
 4688 00f8 7B68     		ldr	r3, [r7, #4]
ARM GAS  /tmp/ccIS8uvp.s 			page 128


 4689 00fa 9B6A     		ldr	r3, [r3, #40]
2522:../../../firmware/n32h7xx_std_periph_driver/src/n32h7xx_sdmmc.c ****             SDHOSTx->CTRLSTS &= (~SDHOST_CTRLSTS_UHSMOD);
 4690              		.loc 1 2522 28
 4691 00fc 43F00402 		orr	r2, r3, #4
 4692 0100 7B68     		ldr	r3, [r7, #4]
 4693 0102 9A62     		str	r2, [r3, #40]
2523:../../../firmware/n32h7xx_std_periph_driver/src/n32h7xx_sdmmc.c ****             SDHOSTx->CTRLSTS |= SDHOST_CTRLSTS_UHSMOD_2;
 4694              		.loc 1 2523 20
 4695 0104 7B68     		ldr	r3, [r7, #4]
 4696 0106 DB6B     		ldr	r3, [r3, #60]
2523:../../../firmware/n32h7xx_std_periph_driver/src/n32h7xx_sdmmc.c ****             SDHOSTx->CTRLSTS |= SDHOST_CTRLSTS_UHSMOD_2;
 4697              		.loc 1 2523 30
 4698 0108 23F4E022 		bic	r2, r3, #458752
 4699 010c 7B68     		ldr	r3, [r7, #4]
 4700 010e DA63     		str	r2, [r3, #60]
2524:../../../firmware/n32h7xx_std_periph_driver/src/n32h7xx_sdmmc.c ****         }
 4701              		.loc 1 2524 20
 4702 0110 7B68     		ldr	r3, [r7, #4]
 4703 0112 DB6B     		ldr	r3, [r3, #60]
2524:../../../firmware/n32h7xx_std_periph_driver/src/n32h7xx_sdmmc.c ****         }
 4704              		.loc 1 2524 30
 4705 0114 43F48022 		orr	r2, r3, #262144
 4706 0118 7B68     		ldr	r3, [r7, #4]
 4707 011a DA63     		str	r2, [r3, #60]
 4708              	.L275:
 4709              		.loc 1 2527 1
 4710 011c 00BF     		nop
 4711 011e 0C37     		adds	r7, r7, #12
 4712              	.LCFI209:
 4713              		.cfi_def_cfa_offset 4
 4714 0120 BD46     		mov	sp, r7
 4715              	.LCFI210:
 4716              		.cfi_def_cfa_register 13
 4717              		@ sp needed
 4718 0122 80BC     		pop	{r7}
 4719              	.LCFI211:
 4720              		.cfi_restore 7
 4721              		.cfi_def_cfa_offset 0
 4722 0124 7047     		bx	lr
 4723              		.cfi_endproc
 4724              	.LFE183:
 4726              		.section	.text.SDMMC_ConfigBusWidth,"ax",%progbits
 4727              		.align	1
 4728              		.global	SDMMC_ConfigBusWidth
 4729              		.syntax unified
 4730              		.thumb
 4731              		.thumb_func
 4733              	SDMMC_ConfigBusWidth:
 4734              	.LFB184:
2528:../../../firmware/n32h7xx_std_periph_driver/src/n32h7xx_sdmmc.c **** 
2529:../../../firmware/n32h7xx_std_periph_driver/src/n32h7xx_sdmmc.c **** 
2530:../../../firmware/n32h7xx_std_periph_driver/src/n32h7xx_sdmmc.c **** /**
2531:../../../firmware/n32h7xx_std_periph_driver/src/n32h7xx_sdmmc.c ****  *\*\name    SDMMC_ConfigBusWidth
2532:../../../firmware/n32h7xx_std_periph_driver/src/n32h7xx_sdmmc.c ****  *\*\fun     Sets the data transfer width.
2533:../../../firmware/n32h7xx_std_periph_driver/src/n32h7xx_sdmmc.c ****  *\*\param   SDHOSTx :
2534:../../../firmware/n32h7xx_std_periph_driver/src/n32h7xx_sdmmc.c ****  *\*\          - SDHOST1
2535:../../../firmware/n32h7xx_std_periph_driver/src/n32h7xx_sdmmc.c ****  *\*\          - SDHOST2
ARM GAS  /tmp/ccIS8uvp.s 			page 129


2536:../../../firmware/n32h7xx_std_periph_driver/src/n32h7xx_sdmmc.c ****  *\*\param   Width (The input parameters must be the following values):
2537:../../../firmware/n32h7xx_std_periph_driver/src/n32h7xx_sdmmc.c ****  *\*\          - SDHOST_DataBusWidth1Bit
2538:../../../firmware/n32h7xx_std_periph_driver/src/n32h7xx_sdmmc.c ****  *\*\          - SDHOST_DataBusWidth4Bit
2539:../../../firmware/n32h7xx_std_periph_driver/src/n32h7xx_sdmmc.c ****  *\*\          - SDHOST_DataBusWidth8Bit
2540:../../../firmware/n32h7xx_std_periph_driver/src/n32h7xx_sdmmc.c ****  *\*\return  none
2541:../../../firmware/n32h7xx_std_periph_driver/src/n32h7xx_sdmmc.c ****  */
2542:../../../firmware/n32h7xx_std_periph_driver/src/n32h7xx_sdmmc.c **** void SDMMC_ConfigBusWidth(SDHOST_Module* SDHOSTx, SDHOST_BusWidth Width)
2543:../../../firmware/n32h7xx_std_periph_driver/src/n32h7xx_sdmmc.c **** {
 4735              		.loc 1 2543 1
 4736              		.cfi_startproc
 4737              		@ args = 0, pretend = 0, frame = 8
 4738              		@ frame_needed = 1, uses_anonymous_args = 0
 4739              		@ link register save eliminated.
 4740 0000 80B4     		push	{r7}
 4741              	.LCFI212:
 4742              		.cfi_def_cfa_offset 4
 4743              		.cfi_offset 7, -4
 4744 0002 83B0     		sub	sp, sp, #12
 4745              	.LCFI213:
 4746              		.cfi_def_cfa_offset 16
 4747 0004 00AF     		add	r7, sp, #0
 4748              	.LCFI214:
 4749              		.cfi_def_cfa_register 7
 4750 0006 7860     		str	r0, [r7, #4]
 4751 0008 0B46     		mov	r3, r1
 4752 000a FB70     		strb	r3, [r7, #3]
2544:../../../firmware/n32h7xx_std_periph_driver/src/n32h7xx_sdmmc.c ****     if (Width != SDHOST_DataBusWidth8Bit)
 4753              		.loc 1 2544 8
 4754 000c FB78     		ldrb	r3, [r7, #3]	@ zero_extendqisi2
 4755 000e 022B     		cmp	r3, #2
 4756 0010 16D0     		beq	.L277
2545:../../../firmware/n32h7xx_std_periph_driver/src/n32h7xx_sdmmc.c ****     {
2546:../../../firmware/n32h7xx_std_periph_driver/src/n32h7xx_sdmmc.c ****         SDHOSTx->CTRL1 &= (~SDHOST_CTRL1_EDTWIDTH);
 4757              		.loc 1 2546 16
 4758 0012 7B68     		ldr	r3, [r7, #4]
 4759 0014 9B6A     		ldr	r3, [r3, #40]
 4760              		.loc 1 2546 24
 4761 0016 23F02002 		bic	r2, r3, #32
 4762 001a 7B68     		ldr	r3, [r7, #4]
 4763 001c 9A62     		str	r2, [r3, #40]
2547:../../../firmware/n32h7xx_std_periph_driver/src/n32h7xx_sdmmc.c **** 
2548:../../../firmware/n32h7xx_std_periph_driver/src/n32h7xx_sdmmc.c ****         if (Width != SDHOST_DataBusWidth4Bit)
 4764              		.loc 1 2548 12
 4765 001e FB78     		ldrb	r3, [r7, #3]	@ zero_extendqisi2
 4766 0020 012B     		cmp	r3, #1
 4767 0022 06D0     		beq	.L278
2549:../../../firmware/n32h7xx_std_periph_driver/src/n32h7xx_sdmmc.c ****         {
2550:../../../firmware/n32h7xx_std_periph_driver/src/n32h7xx_sdmmc.c ****             SDHOSTx->CTRL1 &= (~SDHOST_CTRL1_DTWIDTH);
 4768              		.loc 1 2550 20
 4769 0024 7B68     		ldr	r3, [r7, #4]
 4770 0026 9B6A     		ldr	r3, [r3, #40]
 4771              		.loc 1 2550 28
 4772 0028 23F00202 		bic	r2, r3, #2
 4773 002c 7B68     		ldr	r3, [r7, #4]
 4774 002e 9A62     		str	r2, [r3, #40]
2551:../../../firmware/n32h7xx_std_periph_driver/src/n32h7xx_sdmmc.c ****         }
2552:../../../firmware/n32h7xx_std_periph_driver/src/n32h7xx_sdmmc.c ****         else
ARM GAS  /tmp/ccIS8uvp.s 			page 130


2553:../../../firmware/n32h7xx_std_periph_driver/src/n32h7xx_sdmmc.c ****         {
2554:../../../firmware/n32h7xx_std_periph_driver/src/n32h7xx_sdmmc.c ****             SDHOSTx->CTRL1 |= SDHOST_CTRL1_DTWIDTH;
2555:../../../firmware/n32h7xx_std_periph_driver/src/n32h7xx_sdmmc.c ****         }
2556:../../../firmware/n32h7xx_std_periph_driver/src/n32h7xx_sdmmc.c ****     }
2557:../../../firmware/n32h7xx_std_periph_driver/src/n32h7xx_sdmmc.c ****     else
2558:../../../firmware/n32h7xx_std_periph_driver/src/n32h7xx_sdmmc.c ****     {
2559:../../../firmware/n32h7xx_std_periph_driver/src/n32h7xx_sdmmc.c ****         SDHOSTx->CTRL1 |= SDHOST_CTRL1_EDTWIDTH;
2560:../../../firmware/n32h7xx_std_periph_driver/src/n32h7xx_sdmmc.c ****     }
2561:../../../firmware/n32h7xx_std_periph_driver/src/n32h7xx_sdmmc.c **** }
 4775              		.loc 1 2561 1
 4776 0030 0CE0     		b	.L280
 4777              	.L278:
2554:../../../firmware/n32h7xx_std_periph_driver/src/n32h7xx_sdmmc.c ****         }
 4778              		.loc 1 2554 20
 4779 0032 7B68     		ldr	r3, [r7, #4]
 4780 0034 9B6A     		ldr	r3, [r3, #40]
2554:../../../firmware/n32h7xx_std_periph_driver/src/n32h7xx_sdmmc.c ****         }
 4781              		.loc 1 2554 28
 4782 0036 43F00202 		orr	r2, r3, #2
 4783 003a 7B68     		ldr	r3, [r7, #4]
 4784 003c 9A62     		str	r2, [r3, #40]
 4785              		.loc 1 2561 1
 4786 003e 05E0     		b	.L280
 4787              	.L277:
2559:../../../firmware/n32h7xx_std_periph_driver/src/n32h7xx_sdmmc.c ****     }
 4788              		.loc 1 2559 16
 4789 0040 7B68     		ldr	r3, [r7, #4]
 4790 0042 9B6A     		ldr	r3, [r3, #40]
2559:../../../firmware/n32h7xx_std_periph_driver/src/n32h7xx_sdmmc.c ****     }
 4791              		.loc 1 2559 24
 4792 0044 43F02002 		orr	r2, r3, #32
 4793 0048 7B68     		ldr	r3, [r7, #4]
 4794 004a 9A62     		str	r2, [r3, #40]
 4795              	.L280:
 4796              		.loc 1 2561 1
 4797 004c 00BF     		nop
 4798 004e 0C37     		adds	r7, r7, #12
 4799              	.LCFI215:
 4800              		.cfi_def_cfa_offset 4
 4801 0050 BD46     		mov	sp, r7
 4802              	.LCFI216:
 4803              		.cfi_def_cfa_register 13
 4804              		@ sp needed
 4805 0052 80BC     		pop	{r7}
 4806              	.LCFI217:
 4807              		.cfi_restore 7
 4808              		.cfi_def_cfa_offset 0
 4809 0054 7047     		bx	lr
 4810              		.cfi_endproc
 4811              	.LFE184:
 4813              		.section	.text.SDMMC_WriteData,"ax",%progbits
 4814              		.align	1
 4815              		.global	SDMMC_WriteData
 4816              		.syntax unified
 4817              		.thumb
 4818              		.thumb_func
 4820              	SDMMC_WriteData:
ARM GAS  /tmp/ccIS8uvp.s 			page 131


 4821              	.LFB185:
2562:../../../firmware/n32h7xx_std_periph_driver/src/n32h7xx_sdmmc.c **** 
2563:../../../firmware/n32h7xx_std_periph_driver/src/n32h7xx_sdmmc.c **** 
2564:../../../firmware/n32h7xx_std_periph_driver/src/n32h7xx_sdmmc.c **** /**
2565:../../../firmware/n32h7xx_std_periph_driver/src/n32h7xx_sdmmc.c ****  *\*\name   SDMMC_WriteData.
2566:../../../firmware/n32h7xx_std_periph_driver/src/n32h7xx_sdmmc.c ****  *\*\fun    This function is used to implement the data transfer by Data Port instead of DMA.
2567:../../../firmware/n32h7xx_std_periph_driver/src/n32h7xx_sdmmc.c ****  *\*\param  SDHOSTx :
2568:../../../firmware/n32h7xx_std_periph_driver/src/n32h7xx_sdmmc.c ****  *\*\          - SDHOST1
2569:../../../firmware/n32h7xx_std_periph_driver/src/n32h7xx_sdmmc.c ****  *\*\          - SDHOST2
2570:../../../firmware/n32h7xx_std_periph_driver/src/n32h7xx_sdmmc.c ****  *\*\return none.
2571:../../../firmware/n32h7xx_std_periph_driver/src/n32h7xx_sdmmc.c ****  */
2572:../../../firmware/n32h7xx_std_periph_driver/src/n32h7xx_sdmmc.c **** void SDMMC_WriteData(SDHOST_Module* SDHOSTx, uint32_t data)
2573:../../../firmware/n32h7xx_std_periph_driver/src/n32h7xx_sdmmc.c **** {
 4822              		.loc 1 2573 1
 4823              		.cfi_startproc
 4824              		@ args = 0, pretend = 0, frame = 8
 4825              		@ frame_needed = 1, uses_anonymous_args = 0
 4826              		@ link register save eliminated.
 4827 0000 80B4     		push	{r7}
 4828              	.LCFI218:
 4829              		.cfi_def_cfa_offset 4
 4830              		.cfi_offset 7, -4
 4831 0002 83B0     		sub	sp, sp, #12
 4832              	.LCFI219:
 4833              		.cfi_def_cfa_offset 16
 4834 0004 00AF     		add	r7, sp, #0
 4835              	.LCFI220:
 4836              		.cfi_def_cfa_register 7
 4837 0006 7860     		str	r0, [r7, #4]
 4838 0008 3960     		str	r1, [r7]
2574:../../../firmware/n32h7xx_std_periph_driver/src/n32h7xx_sdmmc.c ****     SDHOSTx->BUFDAT = data;
 4839              		.loc 1 2574 21
 4840 000a 7B68     		ldr	r3, [r7, #4]
 4841 000c 3A68     		ldr	r2, [r7]
 4842 000e 1A62     		str	r2, [r3, #32]
2575:../../../firmware/n32h7xx_std_periph_driver/src/n32h7xx_sdmmc.c **** }
 4843              		.loc 1 2575 1
 4844 0010 00BF     		nop
 4845 0012 0C37     		adds	r7, r7, #12
 4846              	.LCFI221:
 4847              		.cfi_def_cfa_offset 4
 4848 0014 BD46     		mov	sp, r7
 4849              	.LCFI222:
 4850              		.cfi_def_cfa_register 13
 4851              		@ sp needed
 4852 0016 80BC     		pop	{r7}
 4853              	.LCFI223:
 4854              		.cfi_restore 7
 4855              		.cfi_def_cfa_offset 0
 4856 0018 7047     		bx	lr
 4857              		.cfi_endproc
 4858              	.LFE185:
 4860              		.section	.text.SDMMC_ReadData,"ax",%progbits
 4861              		.align	1
 4862              		.global	SDMMC_ReadData
 4863              		.syntax unified
 4864              		.thumb
ARM GAS  /tmp/ccIS8uvp.s 			page 132


 4865              		.thumb_func
 4867              	SDMMC_ReadData:
 4868              	.LFB186:
2576:../../../firmware/n32h7xx_std_periph_driver/src/n32h7xx_sdmmc.c **** 
2577:../../../firmware/n32h7xx_std_periph_driver/src/n32h7xx_sdmmc.c **** /**
2578:../../../firmware/n32h7xx_std_periph_driver/src/n32h7xx_sdmmc.c ****  *\*\name   SDMMC_ReadData.
2579:../../../firmware/n32h7xx_std_periph_driver/src/n32h7xx_sdmmc.c ****  *\*\fun    This function is used to implement the data transfer by Data Port instead of DMA.
2580:../../../firmware/n32h7xx_std_periph_driver/src/n32h7xx_sdmmc.c ****  *\*\param  SDHOSTx :
2581:../../../firmware/n32h7xx_std_periph_driver/src/n32h7xx_sdmmc.c ****  *\*\          - SDHOST1
2582:../../../firmware/n32h7xx_std_periph_driver/src/n32h7xx_sdmmc.c ****  *\*\          - SDHOST2
2583:../../../firmware/n32h7xx_std_periph_driver/src/n32h7xx_sdmmc.c ****  *\*\return The data has been read.
2584:../../../firmware/n32h7xx_std_periph_driver/src/n32h7xx_sdmmc.c ****  */
2585:../../../firmware/n32h7xx_std_periph_driver/src/n32h7xx_sdmmc.c **** uint32_t SDMMC_ReadData(SDHOST_Module* SDHOSTx)
2586:../../../firmware/n32h7xx_std_periph_driver/src/n32h7xx_sdmmc.c **** {
 4869              		.loc 1 2586 1
 4870              		.cfi_startproc
 4871              		@ args = 0, pretend = 0, frame = 8
 4872              		@ frame_needed = 1, uses_anonymous_args = 0
 4873              		@ link register save eliminated.
 4874 0000 80B4     		push	{r7}
 4875              	.LCFI224:
 4876              		.cfi_def_cfa_offset 4
 4877              		.cfi_offset 7, -4
 4878 0002 83B0     		sub	sp, sp, #12
 4879              	.LCFI225:
 4880              		.cfi_def_cfa_offset 16
 4881 0004 00AF     		add	r7, sp, #0
 4882              	.LCFI226:
 4883              		.cfi_def_cfa_register 7
 4884 0006 7860     		str	r0, [r7, #4]
2587:../../../firmware/n32h7xx_std_periph_driver/src/n32h7xx_sdmmc.c ****     return SDHOSTx->BUFDAT;
 4885              		.loc 1 2587 19
 4886 0008 7B68     		ldr	r3, [r7, #4]
 4887 000a 1B6A     		ldr	r3, [r3, #32]
2588:../../../firmware/n32h7xx_std_periph_driver/src/n32h7xx_sdmmc.c **** }
 4888              		.loc 1 2588 1
 4889 000c 1846     		mov	r0, r3
 4890 000e 0C37     		adds	r7, r7, #12
 4891              	.LCFI227:
 4892              		.cfi_def_cfa_offset 4
 4893 0010 BD46     		mov	sp, r7
 4894              	.LCFI228:
 4895              		.cfi_def_cfa_register 13
 4896              		@ sp needed
 4897 0012 80BC     		pop	{r7}
 4898              	.LCFI229:
 4899              		.cfi_restore 7
 4900              		.cfi_def_cfa_offset 0
 4901 0014 7047     		bx	lr
 4902              		.cfi_endproc
 4903              	.LFE186:
 4905              		.section	.text.SDMMC_EnableWakeupEvent,"ax",%progbits
 4906              		.align	1
 4907              		.global	SDMMC_EnableWakeupEvent
 4908              		.syntax unified
 4909              		.thumb
 4910              		.thumb_func
ARM GAS  /tmp/ccIS8uvp.s 			page 133


 4912              	SDMMC_EnableWakeupEvent:
 4913              	.LFB187:
2589:../../../firmware/n32h7xx_std_periph_driver/src/n32h7xx_sdmmc.c **** 
2590:../../../firmware/n32h7xx_std_periph_driver/src/n32h7xx_sdmmc.c **** 
2591:../../../firmware/n32h7xx_std_periph_driver/src/n32h7xx_sdmmc.c **** /**
2592:../../../firmware/n32h7xx_std_periph_driver/src/n32h7xx_sdmmc.c ****  *\*\name    SDMMC_EnableWakeupEvent
2593:../../../firmware/n32h7xx_std_periph_driver/src/n32h7xx_sdmmc.c ****  *\*\fun     Enables or disables a wakeup event.
2594:../../../firmware/n32h7xx_std_periph_driver/src/n32h7xx_sdmmc.c ****  *\*\param   SDHOSTx :
2595:../../../firmware/n32h7xx_std_periph_driver/src/n32h7xx_sdmmc.c ****  *\*\          - SDHOST1
2596:../../../firmware/n32h7xx_std_periph_driver/src/n32h7xx_sdmmc.c ****  *\*\          - SDHOST2
2597:../../../firmware/n32h7xx_std_periph_driver/src/n32h7xx_sdmmc.c ****  *\*\param   Wakeupevent :
2598:../../../firmware/n32h7xx_std_periph_driver/src/n32h7xx_sdmmc.c ****  *\*\          - SDHOST_WakeupEventOnCardInt
2599:../../../firmware/n32h7xx_std_periph_driver/src/n32h7xx_sdmmc.c ****  *\*\          - SDHOST_WakeupEventOnCardInsert
2600:../../../firmware/n32h7xx_std_periph_driver/src/n32h7xx_sdmmc.c ****  *\*\          - SDHOST_WakeupEventOnCardRemove
2601:../../../firmware/n32h7xx_std_periph_driver/src/n32h7xx_sdmmc.c ****  *\*\          - SDHOST_WakeupEventsAll
2602:../../../firmware/n32h7xx_std_periph_driver/src/n32h7xx_sdmmc.c ****  *\*\param   Cmd (The input parameters must be the following values):
2603:../../../firmware/n32h7xx_std_periph_driver/src/n32h7xx_sdmmc.c ****  *\*\          - ENABLE
2604:../../../firmware/n32h7xx_std_periph_driver/src/n32h7xx_sdmmc.c ****  *\*\          - DISABLE
2605:../../../firmware/n32h7xx_std_periph_driver/src/n32h7xx_sdmmc.c ****  *\*\return  none
2606:../../../firmware/n32h7xx_std_periph_driver/src/n32h7xx_sdmmc.c ****  */
2607:../../../firmware/n32h7xx_std_periph_driver/src/n32h7xx_sdmmc.c **** void SDMMC_EnableWakeupEvent(SDHOST_Module* SDHOSTx, uint32_t Wakeupevent, FunctionalState Cmd)
2608:../../../firmware/n32h7xx_std_periph_driver/src/n32h7xx_sdmmc.c **** {
 4914              		.loc 1 2608 1
 4915              		.cfi_startproc
 4916              		@ args = 0, pretend = 0, frame = 16
 4917              		@ frame_needed = 1, uses_anonymous_args = 0
 4918              		@ link register save eliminated.
 4919 0000 80B4     		push	{r7}
 4920              	.LCFI230:
 4921              		.cfi_def_cfa_offset 4
 4922              		.cfi_offset 7, -4
 4923 0002 85B0     		sub	sp, sp, #20
 4924              	.LCFI231:
 4925              		.cfi_def_cfa_offset 24
 4926 0004 00AF     		add	r7, sp, #0
 4927              	.LCFI232:
 4928              		.cfi_def_cfa_register 7
 4929 0006 F860     		str	r0, [r7, #12]
 4930 0008 B960     		str	r1, [r7, #8]
 4931 000a 1346     		mov	r3, r2
 4932 000c FB71     		strb	r3, [r7, #7]
2609:../../../firmware/n32h7xx_std_periph_driver/src/n32h7xx_sdmmc.c ****     if (Cmd != DISABLE)
 4933              		.loc 1 2609 8
 4934 000e FB79     		ldrb	r3, [r7, #7]	@ zero_extendqisi2
 4935 0010 002B     		cmp	r3, #0
 4936 0012 06D0     		beq	.L285
2610:../../../firmware/n32h7xx_std_periph_driver/src/n32h7xx_sdmmc.c ****     {
2611:../../../firmware/n32h7xx_std_periph_driver/src/n32h7xx_sdmmc.c ****         SDHOSTx->CTRL1 |= Wakeupevent;
 4937              		.loc 1 2611 16
 4938 0014 FB68     		ldr	r3, [r7, #12]
 4939 0016 9A6A     		ldr	r2, [r3, #40]
 4940              		.loc 1 2611 24
 4941 0018 BB68     		ldr	r3, [r7, #8]
 4942 001a 1A43     		orrs	r2, r2, r3
 4943 001c FB68     		ldr	r3, [r7, #12]
 4944 001e 9A62     		str	r2, [r3, #40]
2612:../../../firmware/n32h7xx_std_periph_driver/src/n32h7xx_sdmmc.c ****     }
ARM GAS  /tmp/ccIS8uvp.s 			page 134


2613:../../../firmware/n32h7xx_std_periph_driver/src/n32h7xx_sdmmc.c ****     else
2614:../../../firmware/n32h7xx_std_periph_driver/src/n32h7xx_sdmmc.c ****     {
2615:../../../firmware/n32h7xx_std_periph_driver/src/n32h7xx_sdmmc.c ****         SDHOSTx->CTRL1 &= (~Wakeupevent);
2616:../../../firmware/n32h7xx_std_periph_driver/src/n32h7xx_sdmmc.c ****     }
2617:../../../firmware/n32h7xx_std_periph_driver/src/n32h7xx_sdmmc.c **** }
 4945              		.loc 1 2617 1
 4946 0020 06E0     		b	.L287
 4947              	.L285:
2615:../../../firmware/n32h7xx_std_periph_driver/src/n32h7xx_sdmmc.c ****     }
 4948              		.loc 1 2615 16
 4949 0022 FB68     		ldr	r3, [r7, #12]
 4950 0024 9A6A     		ldr	r2, [r3, #40]
2615:../../../firmware/n32h7xx_std_periph_driver/src/n32h7xx_sdmmc.c ****     }
 4951              		.loc 1 2615 28
 4952 0026 BB68     		ldr	r3, [r7, #8]
 4953 0028 DB43     		mvns	r3, r3
2615:../../../firmware/n32h7xx_std_periph_driver/src/n32h7xx_sdmmc.c ****     }
 4954              		.loc 1 2615 24
 4955 002a 1A40     		ands	r2, r2, r3
 4956 002c FB68     		ldr	r3, [r7, #12]
 4957 002e 9A62     		str	r2, [r3, #40]
 4958              	.L287:
 4959              		.loc 1 2617 1
 4960 0030 00BF     		nop
 4961 0032 1437     		adds	r7, r7, #20
 4962              	.LCFI233:
 4963              		.cfi_def_cfa_offset 4
 4964 0034 BD46     		mov	sp, r7
 4965              	.LCFI234:
 4966              		.cfi_def_cfa_register 13
 4967              		@ sp needed
 4968 0036 80BC     		pop	{r7}
 4969              	.LCFI235:
 4970              		.cfi_restore 7
 4971              		.cfi_def_cfa_offset 0
 4972 0038 7047     		bx	lr
 4973              		.cfi_endproc
 4974              	.LFE187:
 4976              		.section	.text.SDMMC_EnableSdioControl,"ax",%progbits
 4977              		.align	1
 4978              		.global	SDMMC_EnableSdioControl
 4979              		.syntax unified
 4980              		.thumb
 4981              		.thumb_func
 4983              	SDMMC_EnableSdioControl:
 4984              	.LFB188:
2618:../../../firmware/n32h7xx_std_periph_driver/src/n32h7xx_sdmmc.c **** 
2619:../../../firmware/n32h7xx_std_periph_driver/src/n32h7xx_sdmmc.c **** 
2620:../../../firmware/n32h7xx_std_periph_driver/src/n32h7xx_sdmmc.c **** /**
2621:../../../firmware/n32h7xx_std_periph_driver/src/n32h7xx_sdmmc.c ****  *\*\name    SDMMC_EnableSdioControl
2622:../../../firmware/n32h7xx_std_periph_driver/src/n32h7xx_sdmmc.c ****  *\*\fun     Enables or disables the SDIO card control.
2623:../../../firmware/n32h7xx_std_periph_driver/src/n32h7xx_sdmmc.c ****  *\*\param   SDHOSTx :
2624:../../../firmware/n32h7xx_std_periph_driver/src/n32h7xx_sdmmc.c ****  *\*\          - SDHOST1
2625:../../../firmware/n32h7xx_std_periph_driver/src/n32h7xx_sdmmc.c ****  *\*\          - SDHOST2
2626:../../../firmware/n32h7xx_std_periph_driver/src/n32h7xx_sdmmc.c ****  *\*\param   Wakeupevent :
2627:../../../firmware/n32h7xx_std_periph_driver/src/n32h7xx_sdmmc.c ****  *\*\          - SDHOST_StopAtBlockGapFlag
2628:../../../firmware/n32h7xx_std_periph_driver/src/n32h7xx_sdmmc.c ****  *\*\          - SDHOST_ReadWaitControlFlag
ARM GAS  /tmp/ccIS8uvp.s 			page 135


2629:../../../firmware/n32h7xx_std_periph_driver/src/n32h7xx_sdmmc.c ****  *\*\          - SDHOST_InterruptAtBlockGapFlag
2630:../../../firmware/n32h7xx_std_periph_driver/src/n32h7xx_sdmmc.c ****  *\*\param   Cmd (The input parameters must be the following values):
2631:../../../firmware/n32h7xx_std_periph_driver/src/n32h7xx_sdmmc.c ****  *\*\          - ENABLE
2632:../../../firmware/n32h7xx_std_periph_driver/src/n32h7xx_sdmmc.c ****  *\*\          - DISABLE
2633:../../../firmware/n32h7xx_std_periph_driver/src/n32h7xx_sdmmc.c ****  *\*\return  none
2634:../../../firmware/n32h7xx_std_periph_driver/src/n32h7xx_sdmmc.c ****  */
2635:../../../firmware/n32h7xx_std_periph_driver/src/n32h7xx_sdmmc.c **** void SDMMC_EnableSdioControl(SDHOST_Module* SDHOSTx, uint32_t Sdioflag, FunctionalState Cmd)
2636:../../../firmware/n32h7xx_std_periph_driver/src/n32h7xx_sdmmc.c **** {
 4985              		.loc 1 2636 1
 4986              		.cfi_startproc
 4987              		@ args = 0, pretend = 0, frame = 16
 4988              		@ frame_needed = 1, uses_anonymous_args = 0
 4989              		@ link register save eliminated.
 4990 0000 80B4     		push	{r7}
 4991              	.LCFI236:
 4992              		.cfi_def_cfa_offset 4
 4993              		.cfi_offset 7, -4
 4994 0002 85B0     		sub	sp, sp, #20
 4995              	.LCFI237:
 4996              		.cfi_def_cfa_offset 24
 4997 0004 00AF     		add	r7, sp, #0
 4998              	.LCFI238:
 4999              		.cfi_def_cfa_register 7
 5000 0006 F860     		str	r0, [r7, #12]
 5001 0008 B960     		str	r1, [r7, #8]
 5002 000a 1346     		mov	r3, r2
 5003 000c FB71     		strb	r3, [r7, #7]
2637:../../../firmware/n32h7xx_std_periph_driver/src/n32h7xx_sdmmc.c ****     if (Cmd != DISABLE)
 5004              		.loc 1 2637 8
 5005 000e FB79     		ldrb	r3, [r7, #7]	@ zero_extendqisi2
 5006 0010 002B     		cmp	r3, #0
 5007 0012 06D0     		beq	.L289
2638:../../../firmware/n32h7xx_std_periph_driver/src/n32h7xx_sdmmc.c ****     {
2639:../../../firmware/n32h7xx_std_periph_driver/src/n32h7xx_sdmmc.c ****         SDHOSTx->CTRL1 |= Sdioflag;
 5008              		.loc 1 2639 16
 5009 0014 FB68     		ldr	r3, [r7, #12]
 5010 0016 9A6A     		ldr	r2, [r3, #40]
 5011              		.loc 1 2639 24
 5012 0018 BB68     		ldr	r3, [r7, #8]
 5013 001a 1A43     		orrs	r2, r2, r3
 5014 001c FB68     		ldr	r3, [r7, #12]
 5015 001e 9A62     		str	r2, [r3, #40]
2640:../../../firmware/n32h7xx_std_periph_driver/src/n32h7xx_sdmmc.c ****     }
2641:../../../firmware/n32h7xx_std_periph_driver/src/n32h7xx_sdmmc.c ****     else
2642:../../../firmware/n32h7xx_std_periph_driver/src/n32h7xx_sdmmc.c ****     {
2643:../../../firmware/n32h7xx_std_periph_driver/src/n32h7xx_sdmmc.c ****         SDHOSTx->CTRL1 &= (~Sdioflag);
2644:../../../firmware/n32h7xx_std_periph_driver/src/n32h7xx_sdmmc.c ****     }
2645:../../../firmware/n32h7xx_std_periph_driver/src/n32h7xx_sdmmc.c **** }
 5016              		.loc 1 2645 1
 5017 0020 06E0     		b	.L291
 5018              	.L289:
2643:../../../firmware/n32h7xx_std_periph_driver/src/n32h7xx_sdmmc.c ****     }
 5019              		.loc 1 2643 16
 5020 0022 FB68     		ldr	r3, [r7, #12]
 5021 0024 9A6A     		ldr	r2, [r3, #40]
2643:../../../firmware/n32h7xx_std_periph_driver/src/n32h7xx_sdmmc.c ****     }
 5022              		.loc 1 2643 28
ARM GAS  /tmp/ccIS8uvp.s 			page 136


 5023 0026 BB68     		ldr	r3, [r7, #8]
 5024 0028 DB43     		mvns	r3, r3
2643:../../../firmware/n32h7xx_std_periph_driver/src/n32h7xx_sdmmc.c ****     }
 5025              		.loc 1 2643 24
 5026 002a 1A40     		ands	r2, r2, r3
 5027 002c FB68     		ldr	r3, [r7, #12]
 5028 002e 9A62     		str	r2, [r3, #40]
 5029              	.L291:
 5030              		.loc 1 2645 1
 5031 0030 00BF     		nop
 5032 0032 1437     		adds	r7, r7, #20
 5033              	.LCFI239:
 5034              		.cfi_def_cfa_offset 4
 5035 0034 BD46     		mov	sp, r7
 5036              	.LCFI240:
 5037              		.cfi_def_cfa_register 13
 5038              		@ sp needed
 5039 0036 80BC     		pop	{r7}
 5040              	.LCFI241:
 5041              		.cfi_restore 7
 5042              		.cfi_def_cfa_offset 0
 5043 0038 7047     		bx	lr
 5044              		.cfi_endproc
 5045              	.LFE188:
 5047              		.section	.text.SDMMC_EnableContinueRequest,"ax",%progbits
 5048              		.align	1
 5049              		.global	SDMMC_EnableContinueRequest
 5050              		.syntax unified
 5051              		.thumb
 5052              		.thumb_func
 5054              	SDMMC_EnableContinueRequest:
 5055              	.LFB189:
2646:../../../firmware/n32h7xx_std_periph_driver/src/n32h7xx_sdmmc.c **** 
2647:../../../firmware/n32h7xx_std_periph_driver/src/n32h7xx_sdmmc.c **** 
2648:../../../firmware/n32h7xx_std_periph_driver/src/n32h7xx_sdmmc.c **** /**
2649:../../../firmware/n32h7xx_std_periph_driver/src/n32h7xx_sdmmc.c ****  *\*\name    SDMMC_EnableContinueRequest
2650:../../../firmware/n32h7xx_std_periph_driver/src/n32h7xx_sdmmc.c ****  *\*\fun     Restarts a transaction which has stopped at the block GAP for the SDIO card.
2651:../../../firmware/n32h7xx_std_periph_driver/src/n32h7xx_sdmmc.c ****  *\*\param   SDHOSTx :
2652:../../../firmware/n32h7xx_std_periph_driver/src/n32h7xx_sdmmc.c ****  *\*\          - SDHOST1
2653:../../../firmware/n32h7xx_std_periph_driver/src/n32h7xx_sdmmc.c ****  *\*\          - SDHOST2
2654:../../../firmware/n32h7xx_std_periph_driver/src/n32h7xx_sdmmc.c ****  *\*\return  none
2655:../../../firmware/n32h7xx_std_periph_driver/src/n32h7xx_sdmmc.c ****  */
2656:../../../firmware/n32h7xx_std_periph_driver/src/n32h7xx_sdmmc.c **** void SDMMC_EnableContinueRequest(SDHOST_Module* SDHOSTx)
2657:../../../firmware/n32h7xx_std_periph_driver/src/n32h7xx_sdmmc.c **** {
 5056              		.loc 1 2657 1
 5057              		.cfi_startproc
 5058              		@ args = 0, pretend = 0, frame = 8
 5059              		@ frame_needed = 1, uses_anonymous_args = 0
 5060              		@ link register save eliminated.
 5061 0000 80B4     		push	{r7}
 5062              	.LCFI242:
 5063              		.cfi_def_cfa_offset 4
 5064              		.cfi_offset 7, -4
 5065 0002 83B0     		sub	sp, sp, #12
 5066              	.LCFI243:
 5067              		.cfi_def_cfa_offset 16
 5068 0004 00AF     		add	r7, sp, #0
ARM GAS  /tmp/ccIS8uvp.s 			page 137


 5069              	.LCFI244:
 5070              		.cfi_def_cfa_register 7
 5071 0006 7860     		str	r0, [r7, #4]
2658:../../../firmware/n32h7xx_std_periph_driver/src/n32h7xx_sdmmc.c ****     SDHOSTx->CTRL1 |= SDHOST_CTRL1_CONTREQ;
 5072              		.loc 1 2658 12
 5073 0008 7B68     		ldr	r3, [r7, #4]
 5074 000a 9B6A     		ldr	r3, [r3, #40]
 5075              		.loc 1 2658 20
 5076 000c 43F40032 		orr	r2, r3, #131072
 5077 0010 7B68     		ldr	r3, [r7, #4]
 5078 0012 9A62     		str	r2, [r3, #40]
2659:../../../firmware/n32h7xx_std_periph_driver/src/n32h7xx_sdmmc.c **** }
 5079              		.loc 1 2659 1
 5080 0014 00BF     		nop
 5081 0016 0C37     		adds	r7, r7, #12
 5082              	.LCFI245:
 5083              		.cfi_def_cfa_offset 4
 5084 0018 BD46     		mov	sp, r7
 5085              	.LCFI246:
 5086              		.cfi_def_cfa_register 13
 5087              		@ sp needed
 5088 001a 80BC     		pop	{r7}
 5089              	.LCFI247:
 5090              		.cfi_restore 7
 5091              		.cfi_def_cfa_offset 0
 5092 001c 7047     		bx	lr
 5093              		.cfi_endproc
 5094              	.LFE189:
 5096              		.section	.text.SDMMC_EnableMmcBoot,"ax",%progbits
 5097              		.align	1
 5098              		.global	SDMMC_EnableMmcBoot
 5099              		.syntax unified
 5100              		.thumb
 5101              		.thumb_func
 5103              	SDMMC_EnableMmcBoot:
 5104              	.LFB190:
2660:../../../firmware/n32h7xx_std_periph_driver/src/n32h7xx_sdmmc.c **** 
2661:../../../firmware/n32h7xx_std_periph_driver/src/n32h7xx_sdmmc.c **** 
2662:../../../firmware/n32h7xx_std_periph_driver/src/n32h7xx_sdmmc.c **** /**
2663:../../../firmware/n32h7xx_std_periph_driver/src/n32h7xx_sdmmc.c ****  *\*\name    SDMMC_EnableMmcBoot
2664:../../../firmware/n32h7xx_std_periph_driver/src/n32h7xx_sdmmc.c ****  *\*\fun     Enables or disables the mmc boot mode.
2665:../../../firmware/n32h7xx_std_periph_driver/src/n32h7xx_sdmmc.c ****  *\*\param   SDHOSTx :
2666:../../../firmware/n32h7xx_std_periph_driver/src/n32h7xx_sdmmc.c ****  *\*\          - SDHOST1
2667:../../../firmware/n32h7xx_std_periph_driver/src/n32h7xx_sdmmc.c ****  *\*\          - SDHOST2
2668:../../../firmware/n32h7xx_std_periph_driver/src/n32h7xx_sdmmc.c ****  *\*\param   Cmd (The input parameters must be the following values):
2669:../../../firmware/n32h7xx_std_periph_driver/src/n32h7xx_sdmmc.c ****  *\*\          - ENABLE
2670:../../../firmware/n32h7xx_std_periph_driver/src/n32h7xx_sdmmc.c ****  *\*\          - DISABLE
2671:../../../firmware/n32h7xx_std_periph_driver/src/n32h7xx_sdmmc.c ****  *\*\return  none
2672:../../../firmware/n32h7xx_std_periph_driver/src/n32h7xx_sdmmc.c ****  */
2673:../../../firmware/n32h7xx_std_periph_driver/src/n32h7xx_sdmmc.c **** void SDMMC_EnableMmcBoot(SDHOST_Module* SDHOSTx, FunctionalState Cmd)
2674:../../../firmware/n32h7xx_std_periph_driver/src/n32h7xx_sdmmc.c **** {
 5105              		.loc 1 2674 1
 5106              		.cfi_startproc
 5107              		@ args = 0, pretend = 0, frame = 8
 5108              		@ frame_needed = 1, uses_anonymous_args = 0
 5109              		@ link register save eliminated.
 5110 0000 80B4     		push	{r7}
ARM GAS  /tmp/ccIS8uvp.s 			page 138


 5111              	.LCFI248:
 5112              		.cfi_def_cfa_offset 4
 5113              		.cfi_offset 7, -4
 5114 0002 83B0     		sub	sp, sp, #12
 5115              	.LCFI249:
 5116              		.cfi_def_cfa_offset 16
 5117 0004 00AF     		add	r7, sp, #0
 5118              	.LCFI250:
 5119              		.cfi_def_cfa_register 7
 5120 0006 7860     		str	r0, [r7, #4]
 5121 0008 0B46     		mov	r3, r1
 5122 000a FB70     		strb	r3, [r7, #3]
2675:../../../firmware/n32h7xx_std_periph_driver/src/n32h7xx_sdmmc.c ****     if (Cmd != DISABLE)
 5123              		.loc 1 2675 8
 5124 000c FB78     		ldrb	r3, [r7, #3]	@ zero_extendqisi2
 5125 000e 002B     		cmp	r3, #0
 5126 0010 06D0     		beq	.L294
2676:../../../firmware/n32h7xx_std_periph_driver/src/n32h7xx_sdmmc.c ****     {
2677:../../../firmware/n32h7xx_std_periph_driver/src/n32h7xx_sdmmc.c ****         SDHOSTx->CTRL1 |= SDHOST_CTRL1_BOOTEN;
 5127              		.loc 1 2677 16
 5128 0012 7B68     		ldr	r3, [r7, #4]
 5129 0014 9B6A     		ldr	r3, [r3, #40]
 5130              		.loc 1 2677 24
 5131 0016 43F40012 		orr	r2, r3, #2097152
 5132 001a 7B68     		ldr	r3, [r7, #4]
 5133 001c 9A62     		str	r2, [r3, #40]
2678:../../../firmware/n32h7xx_std_periph_driver/src/n32h7xx_sdmmc.c ****     }
2679:../../../firmware/n32h7xx_std_periph_driver/src/n32h7xx_sdmmc.c ****     else
2680:../../../firmware/n32h7xx_std_periph_driver/src/n32h7xx_sdmmc.c ****     {
2681:../../../firmware/n32h7xx_std_periph_driver/src/n32h7xx_sdmmc.c ****         SDHOSTx->CTRL1 &= (~SDHOST_CTRL1_BOOTEN);
2682:../../../firmware/n32h7xx_std_periph_driver/src/n32h7xx_sdmmc.c ****     }
2683:../../../firmware/n32h7xx_std_periph_driver/src/n32h7xx_sdmmc.c **** }
 5134              		.loc 1 2683 1
 5135 001e 05E0     		b	.L296
 5136              	.L294:
2681:../../../firmware/n32h7xx_std_periph_driver/src/n32h7xx_sdmmc.c ****     }
 5137              		.loc 1 2681 16
 5138 0020 7B68     		ldr	r3, [r7, #4]
 5139 0022 9B6A     		ldr	r3, [r3, #40]
2681:../../../firmware/n32h7xx_std_periph_driver/src/n32h7xx_sdmmc.c ****     }
 5140              		.loc 1 2681 24
 5141 0024 23F40012 		bic	r2, r3, #2097152
 5142 0028 7B68     		ldr	r3, [r7, #4]
 5143 002a 9A62     		str	r2, [r3, #40]
 5144              	.L296:
 5145              		.loc 1 2683 1
 5146 002c 00BF     		nop
 5147 002e 0C37     		adds	r7, r7, #12
 5148              	.LCFI251:
 5149              		.cfi_def_cfa_offset 4
 5150 0030 BD46     		mov	sp, r7
 5151              	.LCFI252:
 5152              		.cfi_def_cfa_register 13
 5153              		@ sp needed
 5154 0032 80BC     		pop	{r7}
 5155              	.LCFI253:
 5156              		.cfi_restore 7
ARM GAS  /tmp/ccIS8uvp.s 			page 139


 5157              		.cfi_def_cfa_offset 0
 5158 0034 7047     		bx	lr
 5159              		.cfi_endproc
 5160              	.LFE190:
 5162              		.section	.text.SDMMC_EnableVolSwitch,"ax",%progbits
 5163              		.align	1
 5164              		.global	SDMMC_EnableVolSwitch
 5165              		.syntax unified
 5166              		.thumb
 5167              		.thumb_func
 5169              	SDMMC_EnableVolSwitch:
 5170              	.LFB191:
2684:../../../firmware/n32h7xx_std_periph_driver/src/n32h7xx_sdmmc.c **** 
2685:../../../firmware/n32h7xx_std_periph_driver/src/n32h7xx_sdmmc.c **** 
2686:../../../firmware/n32h7xx_std_periph_driver/src/n32h7xx_sdmmc.c **** /**
2687:../../../firmware/n32h7xx_std_periph_driver/src/n32h7xx_sdmmc.c ****  *\*\name    SDMMC_EnableVolSwitch
2688:../../../firmware/n32h7xx_std_periph_driver/src/n32h7xx_sdmmc.c ****  *\*\fun     Enables or disables voltage switching, signal voltage will change from 3.3V to 1.8V.
2689:../../../firmware/n32h7xx_std_periph_driver/src/n32h7xx_sdmmc.c ****  *\*\param   SDHOSTx :
2690:../../../firmware/n32h7xx_std_periph_driver/src/n32h7xx_sdmmc.c ****  *\*\          - SDHOST1
2691:../../../firmware/n32h7xx_std_periph_driver/src/n32h7xx_sdmmc.c ****  *\*\          - SDHOST2
2692:../../../firmware/n32h7xx_std_periph_driver/src/n32h7xx_sdmmc.c ****  *\*\param   Cmd (The input parameters must be the following values):
2693:../../../firmware/n32h7xx_std_periph_driver/src/n32h7xx_sdmmc.c ****  *\*\          - ENABLE
2694:../../../firmware/n32h7xx_std_periph_driver/src/n32h7xx_sdmmc.c ****  *\*\          - DISABLE
2695:../../../firmware/n32h7xx_std_periph_driver/src/n32h7xx_sdmmc.c ****  *\*\return  none
2696:../../../firmware/n32h7xx_std_periph_driver/src/n32h7xx_sdmmc.c ****  */
2697:../../../firmware/n32h7xx_std_periph_driver/src/n32h7xx_sdmmc.c **** void SDMMC_EnableVolSwitch(SDHOST_Module* SDHOSTx, FunctionalState Cmd)
2698:../../../firmware/n32h7xx_std_periph_driver/src/n32h7xx_sdmmc.c **** {
 5171              		.loc 1 2698 1
 5172              		.cfi_startproc
 5173              		@ args = 0, pretend = 0, frame = 8
 5174              		@ frame_needed = 1, uses_anonymous_args = 0
 5175              		@ link register save eliminated.
 5176 0000 80B4     		push	{r7}
 5177              	.LCFI254:
 5178              		.cfi_def_cfa_offset 4
 5179              		.cfi_offset 7, -4
 5180 0002 83B0     		sub	sp, sp, #12
 5181              	.LCFI255:
 5182              		.cfi_def_cfa_offset 16
 5183 0004 00AF     		add	r7, sp, #0
 5184              	.LCFI256:
 5185              		.cfi_def_cfa_register 7
 5186 0006 7860     		str	r0, [r7, #4]
 5187 0008 0B46     		mov	r3, r1
 5188 000a FB70     		strb	r3, [r7, #3]
2699:../../../firmware/n32h7xx_std_periph_driver/src/n32h7xx_sdmmc.c ****     if (Cmd != DISABLE)
 5189              		.loc 1 2699 8
 5190 000c FB78     		ldrb	r3, [r7, #3]	@ zero_extendqisi2
 5191 000e 002B     		cmp	r3, #0
 5192 0010 06D0     		beq	.L298
2700:../../../firmware/n32h7xx_std_periph_driver/src/n32h7xx_sdmmc.c ****     {
2701:../../../firmware/n32h7xx_std_periph_driver/src/n32h7xx_sdmmc.c ****         SDHOSTx->CTRLSTS |= SDHOST_CTRLSTS_V18SE;
 5193              		.loc 1 2701 16
 5194 0012 7B68     		ldr	r3, [r7, #4]
 5195 0014 DB6B     		ldr	r3, [r3, #60]
 5196              		.loc 1 2701 26
 5197 0016 43F40022 		orr	r2, r3, #524288
ARM GAS  /tmp/ccIS8uvp.s 			page 140


 5198 001a 7B68     		ldr	r3, [r7, #4]
 5199 001c DA63     		str	r2, [r3, #60]
2702:../../../firmware/n32h7xx_std_periph_driver/src/n32h7xx_sdmmc.c ****     }
2703:../../../firmware/n32h7xx_std_periph_driver/src/n32h7xx_sdmmc.c ****     else
2704:../../../firmware/n32h7xx_std_periph_driver/src/n32h7xx_sdmmc.c ****     {
2705:../../../firmware/n32h7xx_std_periph_driver/src/n32h7xx_sdmmc.c ****         SDHOSTx->CTRLSTS &= (~SDHOST_CTRLSTS_V18SE);
2706:../../../firmware/n32h7xx_std_periph_driver/src/n32h7xx_sdmmc.c ****     }
2707:../../../firmware/n32h7xx_std_periph_driver/src/n32h7xx_sdmmc.c **** }
 5200              		.loc 1 2707 1
 5201 001e 05E0     		b	.L300
 5202              	.L298:
2705:../../../firmware/n32h7xx_std_periph_driver/src/n32h7xx_sdmmc.c ****     }
 5203              		.loc 1 2705 16
 5204 0020 7B68     		ldr	r3, [r7, #4]
 5205 0022 DB6B     		ldr	r3, [r3, #60]
2705:../../../firmware/n32h7xx_std_periph_driver/src/n32h7xx_sdmmc.c ****     }
 5206              		.loc 1 2705 26
 5207 0024 23F40022 		bic	r2, r3, #524288
 5208 0028 7B68     		ldr	r3, [r7, #4]
 5209 002a DA63     		str	r2, [r3, #60]
 5210              	.L300:
 5211              		.loc 1 2707 1
 5212 002c 00BF     		nop
 5213 002e 0C37     		adds	r7, r7, #12
 5214              	.LCFI257:
 5215              		.cfi_def_cfa_offset 4
 5216 0030 BD46     		mov	sp, r7
 5217              	.LCFI258:
 5218              		.cfi_def_cfa_register 13
 5219              		@ sp needed
 5220 0032 80BC     		pop	{r7}
 5221              	.LCFI259:
 5222              		.cfi_restore 7
 5223              		.cfi_def_cfa_offset 0
 5224 0034 7047     		bx	lr
 5225              		.cfi_endproc
 5226              	.LFE191:
 5228              		.section	.text.SDMMC_EnablePower,"ax",%progbits
 5229              		.align	1
 5230              		.global	SDMMC_EnablePower
 5231              		.syntax unified
 5232              		.thumb
 5233              		.thumb_func
 5235              	SDMMC_EnablePower:
 5236              	.LFB192:
2708:../../../firmware/n32h7xx_std_periph_driver/src/n32h7xx_sdmmc.c **** 
2709:../../../firmware/n32h7xx_std_periph_driver/src/n32h7xx_sdmmc.c **** 
2710:../../../firmware/n32h7xx_std_periph_driver/src/n32h7xx_sdmmc.c **** /**
2711:../../../firmware/n32h7xx_std_periph_driver/src/n32h7xx_sdmmc.c ****  *\*\name    SDMMC_EnablePower
2712:../../../firmware/n32h7xx_std_periph_driver/src/n32h7xx_sdmmc.c ****  *\*\fun     Enables or disables SD Bus Power.
2713:../../../firmware/n32h7xx_std_periph_driver/src/n32h7xx_sdmmc.c ****  *\*\param   SDHOSTx :
2714:../../../firmware/n32h7xx_std_periph_driver/src/n32h7xx_sdmmc.c ****  *\*\          - SDHOST1
2715:../../../firmware/n32h7xx_std_periph_driver/src/n32h7xx_sdmmc.c ****  *\*\          - SDHOST2
2716:../../../firmware/n32h7xx_std_periph_driver/src/n32h7xx_sdmmc.c ****  *\*\param   Cmd (The input parameters must be the following values):
2717:../../../firmware/n32h7xx_std_periph_driver/src/n32h7xx_sdmmc.c ****  *\*\          - ENABLE
2718:../../../firmware/n32h7xx_std_periph_driver/src/n32h7xx_sdmmc.c ****  *\*\          - DISABLE
2719:../../../firmware/n32h7xx_std_periph_driver/src/n32h7xx_sdmmc.c ****  *\*\return  none
ARM GAS  /tmp/ccIS8uvp.s 			page 141


2720:../../../firmware/n32h7xx_std_periph_driver/src/n32h7xx_sdmmc.c ****  */
2721:../../../firmware/n32h7xx_std_periph_driver/src/n32h7xx_sdmmc.c **** void SDMMC_EnablePower(SDHOST_Module* SDHOSTx, FunctionalState Cmd)
2722:../../../firmware/n32h7xx_std_periph_driver/src/n32h7xx_sdmmc.c **** {
 5237              		.loc 1 2722 1
 5238              		.cfi_startproc
 5239              		@ args = 0, pretend = 0, frame = 8
 5240              		@ frame_needed = 1, uses_anonymous_args = 0
 5241              		@ link register save eliminated.
 5242 0000 80B4     		push	{r7}
 5243              	.LCFI260:
 5244              		.cfi_def_cfa_offset 4
 5245              		.cfi_offset 7, -4
 5246 0002 83B0     		sub	sp, sp, #12
 5247              	.LCFI261:
 5248              		.cfi_def_cfa_offset 16
 5249 0004 00AF     		add	r7, sp, #0
 5250              	.LCFI262:
 5251              		.cfi_def_cfa_register 7
 5252 0006 7860     		str	r0, [r7, #4]
 5253 0008 0B46     		mov	r3, r1
 5254 000a FB70     		strb	r3, [r7, #3]
2723:../../../firmware/n32h7xx_std_periph_driver/src/n32h7xx_sdmmc.c ****     if (Cmd != DISABLE)
 5255              		.loc 1 2723 8
 5256 000c FB78     		ldrb	r3, [r7, #3]	@ zero_extendqisi2
 5257 000e 002B     		cmp	r3, #0
 5258 0010 0CD0     		beq	.L302
2724:../../../firmware/n32h7xx_std_periph_driver/src/n32h7xx_sdmmc.c ****     {
2725:../../../firmware/n32h7xx_std_periph_driver/src/n32h7xx_sdmmc.c ****         SDHOSTx->CTRL1 |= SDHOST_CTRL1_SDBVSEL;
 5259              		.loc 1 2725 16
 5260 0012 7B68     		ldr	r3, [r7, #4]
 5261 0014 9B6A     		ldr	r3, [r3, #40]
 5262              		.loc 1 2725 24
 5263 0016 43F46062 		orr	r2, r3, #3584
 5264 001a 7B68     		ldr	r3, [r7, #4]
 5265 001c 9A62     		str	r2, [r3, #40]
2726:../../../firmware/n32h7xx_std_periph_driver/src/n32h7xx_sdmmc.c ****         SDHOSTx->CTRL1 |= SDHOST_CTRL1_SDPWR;
 5266              		.loc 1 2726 16
 5267 001e 7B68     		ldr	r3, [r7, #4]
 5268 0020 9B6A     		ldr	r3, [r3, #40]
 5269              		.loc 1 2726 24
 5270 0022 43F48072 		orr	r2, r3, #256
 5271 0026 7B68     		ldr	r3, [r7, #4]
 5272 0028 9A62     		str	r2, [r3, #40]
2727:../../../firmware/n32h7xx_std_periph_driver/src/n32h7xx_sdmmc.c ****     }
2728:../../../firmware/n32h7xx_std_periph_driver/src/n32h7xx_sdmmc.c ****     else
2729:../../../firmware/n32h7xx_std_periph_driver/src/n32h7xx_sdmmc.c ****     {
2730:../../../firmware/n32h7xx_std_periph_driver/src/n32h7xx_sdmmc.c ****         SDHOSTx->CTRL1 &= (~SDHOST_CTRL1_SDPWR);
2731:../../../firmware/n32h7xx_std_periph_driver/src/n32h7xx_sdmmc.c ****     }
2732:../../../firmware/n32h7xx_std_periph_driver/src/n32h7xx_sdmmc.c **** }
 5273              		.loc 1 2732 1
 5274 002a 05E0     		b	.L304
 5275              	.L302:
2730:../../../firmware/n32h7xx_std_periph_driver/src/n32h7xx_sdmmc.c ****     }
 5276              		.loc 1 2730 16
 5277 002c 7B68     		ldr	r3, [r7, #4]
 5278 002e 9B6A     		ldr	r3, [r3, #40]
2730:../../../firmware/n32h7xx_std_periph_driver/src/n32h7xx_sdmmc.c ****     }
ARM GAS  /tmp/ccIS8uvp.s 			page 142


 5279              		.loc 1 2730 24
 5280 0030 23F48072 		bic	r2, r3, #256
 5281 0034 7B68     		ldr	r3, [r7, #4]
 5282 0036 9A62     		str	r2, [r3, #40]
 5283              	.L304:
 5284              		.loc 1 2732 1
 5285 0038 00BF     		nop
 5286 003a 0C37     		adds	r7, r7, #12
 5287              	.LCFI263:
 5288              		.cfi_def_cfa_offset 4
 5289 003c BD46     		mov	sp, r7
 5290              	.LCFI264:
 5291              		.cfi_def_cfa_register 13
 5292              		@ sp needed
 5293 003e 80BC     		pop	{r7}
 5294              	.LCFI265:
 5295              		.cfi_restore 7
 5296              		.cfi_def_cfa_offset 0
 5297 0040 7047     		bx	lr
 5298              		.cfi_endproc
 5299              	.LFE192:
 5301              		.section	.text.SDMMC_ConfigSDMABufferSize,"ax",%progbits
 5302              		.align	1
 5303              		.global	SDMMC_ConfigSDMABufferSize
 5304              		.syntax unified
 5305              		.thumb
 5306              		.thumb_func
 5308              	SDMMC_ConfigSDMABufferSize:
 5309              	.LFB193:
2733:../../../firmware/n32h7xx_std_periph_driver/src/n32h7xx_sdmmc.c **** 
2734:../../../firmware/n32h7xx_std_periph_driver/src/n32h7xx_sdmmc.c **** 
2735:../../../firmware/n32h7xx_std_periph_driver/src/n32h7xx_sdmmc.c **** /**
2736:../../../firmware/n32h7xx_std_periph_driver/src/n32h7xx_sdmmc.c ****  *\*\name    SDMMC_ConfigSDMABufferSize
2737:../../../firmware/n32h7xx_std_periph_driver/src/n32h7xx_sdmmc.c ****  *\*\fun     Config Host SDMA Buffer Size.
2738:../../../firmware/n32h7xx_std_periph_driver/src/n32h7xx_sdmmc.c ****  *\*\param   SDHOSTx :
2739:../../../firmware/n32h7xx_std_periph_driver/src/n32h7xx_sdmmc.c ****  *\*\          - SDHOST1
2740:../../../firmware/n32h7xx_std_periph_driver/src/n32h7xx_sdmmc.c ****  *\*\          - SDHOST2
2741:../../../firmware/n32h7xx_std_periph_driver/src/n32h7xx_sdmmc.c ****  *\*\param   Size (The input parameters must be the following values):
2742:../../../firmware/n32h7xx_std_periph_driver/src/n32h7xx_sdmmc.c ****  *\*\          - SDHOST_SDMABUFFERSIZE_4KB
2743:../../../firmware/n32h7xx_std_periph_driver/src/n32h7xx_sdmmc.c ****  *\*\          - SDHOST_SDMABUFFERSIZE_8KB
2744:../../../firmware/n32h7xx_std_periph_driver/src/n32h7xx_sdmmc.c ****  *\*\          - SDHOST_SDMABUFFERSIZE_16KB
2745:../../../firmware/n32h7xx_std_periph_driver/src/n32h7xx_sdmmc.c ****  *\*\          - SDHOST_SDMABUFFERSIZE_32KB
2746:../../../firmware/n32h7xx_std_periph_driver/src/n32h7xx_sdmmc.c ****  *\*\          - SDHOST_SDMABUFFERSIZE_64KB
2747:../../../firmware/n32h7xx_std_periph_driver/src/n32h7xx_sdmmc.c ****  *\*\          - SDHOST_SDMABUFFERSIZE_128KB
2748:../../../firmware/n32h7xx_std_periph_driver/src/n32h7xx_sdmmc.c ****  *\*\          - SDHOST_SDMABUFFERSIZE_256KB
2749:../../../firmware/n32h7xx_std_periph_driver/src/n32h7xx_sdmmc.c ****  *\*\          - SDHOST_SDMABUFFERSIZE_512KB
2750:../../../firmware/n32h7xx_std_periph_driver/src/n32h7xx_sdmmc.c ****  *\*\return  none
2751:../../../firmware/n32h7xx_std_periph_driver/src/n32h7xx_sdmmc.c ****  */
2752:../../../firmware/n32h7xx_std_periph_driver/src/n32h7xx_sdmmc.c **** void SDMMC_ConfigSDMABufferSize(SDHOST_Module* SDHOSTx, SDHOST_SDMA_Buffer_Size Size)
2753:../../../firmware/n32h7xx_std_periph_driver/src/n32h7xx_sdmmc.c **** {
 5310              		.loc 1 2753 1
 5311              		.cfi_startproc
 5312              		@ args = 0, pretend = 0, frame = 8
 5313              		@ frame_needed = 1, uses_anonymous_args = 0
 5314              		@ link register save eliminated.
 5315 0000 80B4     		push	{r7}
 5316              	.LCFI266:
ARM GAS  /tmp/ccIS8uvp.s 			page 143


 5317              		.cfi_def_cfa_offset 4
 5318              		.cfi_offset 7, -4
 5319 0002 83B0     		sub	sp, sp, #12
 5320              	.LCFI267:
 5321              		.cfi_def_cfa_offset 16
 5322 0004 00AF     		add	r7, sp, #0
 5323              	.LCFI268:
 5324              		.cfi_def_cfa_register 7
 5325 0006 7860     		str	r0, [r7, #4]
 5326 0008 0B46     		mov	r3, r1
 5327 000a 7B80     		strh	r3, [r7, #2]	@ movhi
2754:../../../firmware/n32h7xx_std_periph_driver/src/n32h7xx_sdmmc.c ****     SDHOSTx->BLKCFG &= (~SDHOST_BLKCFG_HDBS);
 5328              		.loc 1 2754 12
 5329 000c 7B68     		ldr	r3, [r7, #4]
 5330 000e 5B68     		ldr	r3, [r3, #4]
 5331              		.loc 1 2754 21
 5332 0010 23F4E042 		bic	r2, r3, #28672
 5333 0014 7B68     		ldr	r3, [r7, #4]
 5334 0016 5A60     		str	r2, [r3, #4]
2755:../../../firmware/n32h7xx_std_periph_driver/src/n32h7xx_sdmmc.c ****     SDHOSTx->BLKCFG |= (uint32_t)Size;
 5335              		.loc 1 2755 12
 5336 0018 7B68     		ldr	r3, [r7, #4]
 5337 001a 5A68     		ldr	r2, [r3, #4]
 5338              		.loc 1 2755 24
 5339 001c 7B88     		ldrh	r3, [r7, #2]
 5340              		.loc 1 2755 21
 5341 001e 1A43     		orrs	r2, r2, r3
 5342 0020 7B68     		ldr	r3, [r7, #4]
 5343 0022 5A60     		str	r2, [r3, #4]
2756:../../../firmware/n32h7xx_std_periph_driver/src/n32h7xx_sdmmc.c **** }
 5344              		.loc 1 2756 1
 5345 0024 00BF     		nop
 5346 0026 0C37     		adds	r7, r7, #12
 5347              	.LCFI269:
 5348              		.cfi_def_cfa_offset 4
 5349 0028 BD46     		mov	sp, r7
 5350              	.LCFI270:
 5351              		.cfi_def_cfa_register 13
 5352              		@ sp needed
 5353 002a 80BC     		pop	{r7}
 5354              	.LCFI271:
 5355              		.cfi_restore 7
 5356              		.cfi_def_cfa_offset 0
 5357 002c 7047     		bx	lr
 5358              		.cfi_endproc
 5359              	.LFE193:
 5361              		.section	.text.SDMMC_TModeStructInit,"ax",%progbits
 5362              		.align	1
 5363              		.global	SDMMC_TModeStructInit
 5364              		.syntax unified
 5365              		.thumb
 5366              		.thumb_func
 5368              	SDMMC_TModeStructInit:
 5369              	.LFB194:
2757:../../../firmware/n32h7xx_std_periph_driver/src/n32h7xx_sdmmc.c **** 
2758:../../../firmware/n32h7xx_std_periph_driver/src/n32h7xx_sdmmc.c **** 
2759:../../../firmware/n32h7xx_std_periph_driver/src/n32h7xx_sdmmc.c **** /**
ARM GAS  /tmp/ccIS8uvp.s 			page 144


2760:../../../firmware/n32h7xx_std_periph_driver/src/n32h7xx_sdmmc.c ****  *\*\name   SDMMC_TModeStructInit.
2761:../../../firmware/n32h7xx_std_periph_driver/src/n32h7xx_sdmmc.c ****  *\*\fun    Fills each TMODE_struct member with its default value..
2762:../../../firmware/n32h7xx_std_periph_driver/src/n32h7xx_sdmmc.c ****  *\*\param  TMODE_struct: pointer to a SDHOST_TMODE_struct structure.
2763:../../../firmware/n32h7xx_std_periph_driver/src/n32h7xx_sdmmc.c ****  *\*\           - DMAE
2764:../../../firmware/n32h7xx_std_periph_driver/src/n32h7xx_sdmmc.c ****  *\*\                - SDHOST_TMODE_DMADISABLE
2765:../../../firmware/n32h7xx_std_periph_driver/src/n32h7xx_sdmmc.c ****  *\*\                - SDHOST_TMODE_DMAENABLE
2766:../../../firmware/n32h7xx_std_periph_driver/src/n32h7xx_sdmmc.c ****  *\*\           - BCNTE
2767:../../../firmware/n32h7xx_std_periph_driver/src/n32h7xx_sdmmc.c ****  *\*\                - SDHOST_TMODE_BLOCKCNTDISABLE
2768:../../../firmware/n32h7xx_std_periph_driver/src/n32h7xx_sdmmc.c ****  *\*\                - SDHOST_TMODE_BLOCKCNTENABLE
2769:../../../firmware/n32h7xx_std_periph_driver/src/n32h7xx_sdmmc.c ****  *\*\           - ACMDE
2770:../../../firmware/n32h7xx_std_periph_driver/src/n32h7xx_sdmmc.c ****  *\*\                - SDHOST_TMODE_NOACMDEN
2771:../../../firmware/n32h7xx_std_periph_driver/src/n32h7xx_sdmmc.c ****  *\*\                - SDHOST_TMODE_AC12EN
2772:../../../firmware/n32h7xx_std_periph_driver/src/n32h7xx_sdmmc.c ****  *\*\                - SDHOST_TMODE_AC23EN
2773:../../../firmware/n32h7xx_std_periph_driver/src/n32h7xx_sdmmc.c ****  *\*\           - DATDIR
2774:../../../firmware/n32h7xx_std_periph_driver/src/n32h7xx_sdmmc.c ****  *\*\                - SDHOST_TMODE_DATDIR_WRITE
2775:../../../firmware/n32h7xx_std_periph_driver/src/n32h7xx_sdmmc.c ****  *\*\                - SDHOST_TMODE_DATDIR_READ
2776:../../../firmware/n32h7xx_std_periph_driver/src/n32h7xx_sdmmc.c ****  *\*\           - BLKSEL
2777:../../../firmware/n32h7xx_std_periph_driver/src/n32h7xx_sdmmc.c ****  *\*\                - SDHOST_TMODE_SINGLEBLK
2778:../../../firmware/n32h7xx_std_periph_driver/src/n32h7xx_sdmmc.c ****  *\*\                - SDHOST_TMODE_MULTIBLK
2779:../../../firmware/n32h7xx_std_periph_driver/src/n32h7xx_sdmmc.c ****  *\*\return none
2780:../../../firmware/n32h7xx_std_periph_driver/src/n32h7xx_sdmmc.c ****  */
2781:../../../firmware/n32h7xx_std_periph_driver/src/n32h7xx_sdmmc.c **** void SDMMC_TModeStructInit(SDHOST_TMODE_struct *TMODE_struct)
2782:../../../firmware/n32h7xx_std_periph_driver/src/n32h7xx_sdmmc.c **** {
 5370              		.loc 1 2782 1
 5371              		.cfi_startproc
 5372              		@ args = 0, pretend = 0, frame = 8
 5373              		@ frame_needed = 1, uses_anonymous_args = 0
 5374              		@ link register save eliminated.
 5375 0000 80B4     		push	{r7}
 5376              	.LCFI272:
 5377              		.cfi_def_cfa_offset 4
 5378              		.cfi_offset 7, -4
 5379 0002 83B0     		sub	sp, sp, #12
 5380              	.LCFI273:
 5381              		.cfi_def_cfa_offset 16
 5382 0004 00AF     		add	r7, sp, #0
 5383              	.LCFI274:
 5384              		.cfi_def_cfa_register 7
 5385 0006 7860     		str	r0, [r7, #4]
2783:../../../firmware/n32h7xx_std_periph_driver/src/n32h7xx_sdmmc.c ****     /* TMODE_struct members default value */
2784:../../../firmware/n32h7xx_std_periph_driver/src/n32h7xx_sdmmc.c ****     TMODE_struct->DMAE    = SDHOST_TMODE_DMADISABLE;
 5386              		.loc 1 2784 27
 5387 0008 7B68     		ldr	r3, [r7, #4]
 5388 000a 0022     		movs	r2, #0
 5389 000c 1A60     		str	r2, [r3]
2785:../../../firmware/n32h7xx_std_periph_driver/src/n32h7xx_sdmmc.c ****     TMODE_struct->BCNTE   = SDHOST_TMODE_BLOCKCNTDISABLE;
 5390              		.loc 1 2785 27
 5391 000e 7B68     		ldr	r3, [r7, #4]
 5392 0010 0022     		movs	r2, #0
 5393 0012 5A60     		str	r2, [r3, #4]
2786:../../../firmware/n32h7xx_std_periph_driver/src/n32h7xx_sdmmc.c ****     TMODE_struct->ACMDE   = SDHOST_TMODE_NOACMDEN;
 5394              		.loc 1 2786 27
 5395 0014 7B68     		ldr	r3, [r7, #4]
 5396 0016 0022     		movs	r2, #0
 5397 0018 9A60     		str	r2, [r3, #8]
2787:../../../firmware/n32h7xx_std_periph_driver/src/n32h7xx_sdmmc.c ****     TMODE_struct->DATDIR  = SDHOST_TMODE_DATDIR_WRITE;
 5398              		.loc 1 2787 27
ARM GAS  /tmp/ccIS8uvp.s 			page 145


 5399 001a 7B68     		ldr	r3, [r7, #4]
 5400 001c 0022     		movs	r2, #0
 5401 001e DA60     		str	r2, [r3, #12]
2788:../../../firmware/n32h7xx_std_periph_driver/src/n32h7xx_sdmmc.c ****     TMODE_struct->BLKSEL  = SDHOST_TMODE_SINGLEBLK;
 5402              		.loc 1 2788 27
 5403 0020 7B68     		ldr	r3, [r7, #4]
 5404 0022 0022     		movs	r2, #0
 5405 0024 1A61     		str	r2, [r3, #16]
2789:../../../firmware/n32h7xx_std_periph_driver/src/n32h7xx_sdmmc.c **** }
 5406              		.loc 1 2789 1
 5407 0026 00BF     		nop
 5408 0028 0C37     		adds	r7, r7, #12
 5409              	.LCFI275:
 5410              		.cfi_def_cfa_offset 4
 5411 002a BD46     		mov	sp, r7
 5412              	.LCFI276:
 5413              		.cfi_def_cfa_register 13
 5414              		@ sp needed
 5415 002c 80BC     		pop	{r7}
 5416              	.LCFI277:
 5417              		.cfi_restore 7
 5418              		.cfi_def_cfa_offset 0
 5419 002e 7047     		bx	lr
 5420              		.cfi_endproc
 5421              	.LFE194:
 5423              		.section	.text.SDMMC_ConfigCardDetectSignal,"ax",%progbits
 5424              		.align	1
 5425              		.global	SDMMC_ConfigCardDetectSignal
 5426              		.syntax unified
 5427              		.thumb
 5428              		.thumb_func
 5430              	SDMMC_ConfigCardDetectSignal:
 5431              	.LFB195:
2790:../../../firmware/n32h7xx_std_periph_driver/src/n32h7xx_sdmmc.c **** 
2791:../../../firmware/n32h7xx_std_periph_driver/src/n32h7xx_sdmmc.c **** 
2792:../../../firmware/n32h7xx_std_periph_driver/src/n32h7xx_sdmmc.c **** /**
2793:../../../firmware/n32h7xx_std_periph_driver/src/n32h7xx_sdmmc.c ****  *\*\name    SDMMC_ConfigCardDetectSignal
2794:../../../firmware/n32h7xx_std_periph_driver/src/n32h7xx_sdmmc.c ****  *\*\fun     Config card detect signal source and test level.
2795:../../../firmware/n32h7xx_std_periph_driver/src/n32h7xx_sdmmc.c ****  *\*\param   SDHOSTx :
2796:../../../firmware/n32h7xx_std_periph_driver/src/n32h7xx_sdmmc.c ****  *\*\          - SDHOST1
2797:../../../firmware/n32h7xx_std_periph_driver/src/n32h7xx_sdmmc.c ****  *\*\          - SDHOST2
2798:../../../firmware/n32h7xx_std_periph_driver/src/n32h7xx_sdmmc.c ****  *\*\param   Signalsource (The input parameters must be the following values):
2799:../../../firmware/n32h7xx_std_periph_driver/src/n32h7xx_sdmmc.c ****  *\*\          - SDMMC_CARDDETECT_NORMAL
2800:../../../firmware/n32h7xx_std_periph_driver/src/n32h7xx_sdmmc.c ****  *\*\          - SDMMC_CARDDETECT_TEST
2801:../../../firmware/n32h7xx_std_periph_driver/src/n32h7xx_sdmmc.c ****  *\*\param   Signallevel (The input parameters must be the following values):
2802:../../../firmware/n32h7xx_std_periph_driver/src/n32h7xx_sdmmc.c ****  *\*\          - SDMMC_CARDTESTLEVEL_LOW
2803:../../../firmware/n32h7xx_std_periph_driver/src/n32h7xx_sdmmc.c ****  *\*\          - SDMMC_CARDTESTLEVEL_HIGH
2804:../../../firmware/n32h7xx_std_periph_driver/src/n32h7xx_sdmmc.c ****  *\*\return  none
2805:../../../firmware/n32h7xx_std_periph_driver/src/n32h7xx_sdmmc.c ****  */
2806:../../../firmware/n32h7xx_std_periph_driver/src/n32h7xx_sdmmc.c **** void SDMMC_ConfigCardDetectSignal(SDHOST_Module* SDHOSTx, uint32_t Signalsource, uint32_t Signallev
2807:../../../firmware/n32h7xx_std_periph_driver/src/n32h7xx_sdmmc.c **** {
 5432              		.loc 1 2807 1
 5433              		.cfi_startproc
 5434              		@ args = 0, pretend = 0, frame = 16
 5435              		@ frame_needed = 1, uses_anonymous_args = 0
 5436              		@ link register save eliminated.
 5437 0000 80B4     		push	{r7}
ARM GAS  /tmp/ccIS8uvp.s 			page 146


 5438              	.LCFI278:
 5439              		.cfi_def_cfa_offset 4
 5440              		.cfi_offset 7, -4
 5441 0002 85B0     		sub	sp, sp, #20
 5442              	.LCFI279:
 5443              		.cfi_def_cfa_offset 24
 5444 0004 00AF     		add	r7, sp, #0
 5445              	.LCFI280:
 5446              		.cfi_def_cfa_register 7
 5447 0006 F860     		str	r0, [r7, #12]
 5448 0008 B960     		str	r1, [r7, #8]
 5449 000a 7A60     		str	r2, [r7, #4]
2808:../../../firmware/n32h7xx_std_periph_driver/src/n32h7xx_sdmmc.c ****     SDHOSTx->CTRL1 &= (~(SDMMC_CARDDETECT_TEST | SDMMC_CARDTESTLEVEL_HIGH));
 5450              		.loc 1 2808 12
 5451 000c FB68     		ldr	r3, [r7, #12]
 5452 000e 9B6A     		ldr	r3, [r3, #40]
 5453              		.loc 1 2808 20
 5454 0010 23F0C002 		bic	r2, r3, #192
 5455 0014 FB68     		ldr	r3, [r7, #12]
 5456 0016 9A62     		str	r2, [r3, #40]
2809:../../../firmware/n32h7xx_std_periph_driver/src/n32h7xx_sdmmc.c ****     SDHOSTx->CTRL1 |= (Signalsource | Signallevel);
 5457              		.loc 1 2809 12
 5458 0018 FB68     		ldr	r3, [r7, #12]
 5459 001a 9A6A     		ldr	r2, [r3, #40]
 5460              		.loc 1 2809 37
 5461 001c B968     		ldr	r1, [r7, #8]
 5462 001e 7B68     		ldr	r3, [r7, #4]
 5463 0020 0B43     		orrs	r3, r3, r1
 5464              		.loc 1 2809 20
 5465 0022 1A43     		orrs	r2, r2, r3
 5466 0024 FB68     		ldr	r3, [r7, #12]
 5467 0026 9A62     		str	r2, [r3, #40]
2810:../../../firmware/n32h7xx_std_periph_driver/src/n32h7xx_sdmmc.c **** }
 5468              		.loc 1 2810 1
 5469 0028 00BF     		nop
 5470 002a 1437     		adds	r7, r7, #20
 5471              	.LCFI281:
 5472              		.cfi_def_cfa_offset 4
 5473 002c BD46     		mov	sp, r7
 5474              	.LCFI282:
 5475              		.cfi_def_cfa_register 13
 5476              		@ sp needed
 5477 002e 80BC     		pop	{r7}
 5478              	.LCFI283:
 5479              		.cfi_restore 7
 5480              		.cfi_def_cfa_offset 0
 5481 0030 7047     		bx	lr
 5482              		.cfi_endproc
 5483              	.LFE195:
 5485              		.section	.text.SDMMC_EnableLED,"ax",%progbits
 5486              		.align	1
 5487              		.global	SDMMC_EnableLED
 5488              		.syntax unified
 5489              		.thumb
 5490              		.thumb_func
 5492              	SDMMC_EnableLED:
 5493              	.LFB196:
ARM GAS  /tmp/ccIS8uvp.s 			page 147


2811:../../../firmware/n32h7xx_std_periph_driver/src/n32h7xx_sdmmc.c **** 
2812:../../../firmware/n32h7xx_std_periph_driver/src/n32h7xx_sdmmc.c **** 
2813:../../../firmware/n32h7xx_std_periph_driver/src/n32h7xx_sdmmc.c **** /**
2814:../../../firmware/n32h7xx_std_periph_driver/src/n32h7xx_sdmmc.c ****  *\*\name    SDMMC_EnableLED
2815:../../../firmware/n32h7xx_std_periph_driver/src/n32h7xx_sdmmc.c ****  *\*\fun     Enables or disables LED.
2816:../../../firmware/n32h7xx_std_periph_driver/src/n32h7xx_sdmmc.c ****  *\*\param   SDHOSTx :
2817:../../../firmware/n32h7xx_std_periph_driver/src/n32h7xx_sdmmc.c ****  *\*\          - SDHOST1
2818:../../../firmware/n32h7xx_std_periph_driver/src/n32h7xx_sdmmc.c ****  *\*\          - SDHOST2
2819:../../../firmware/n32h7xx_std_periph_driver/src/n32h7xx_sdmmc.c ****  *\*\param   Cmd (The input parameters must be the following values):
2820:../../../firmware/n32h7xx_std_periph_driver/src/n32h7xx_sdmmc.c ****  *\*\          - ENABLE
2821:../../../firmware/n32h7xx_std_periph_driver/src/n32h7xx_sdmmc.c ****  *\*\          - DISABLE
2822:../../../firmware/n32h7xx_std_periph_driver/src/n32h7xx_sdmmc.c ****  *\*\return  none
2823:../../../firmware/n32h7xx_std_periph_driver/src/n32h7xx_sdmmc.c ****  */
2824:../../../firmware/n32h7xx_std_periph_driver/src/n32h7xx_sdmmc.c **** void SDMMC_EnableLED(SDHOST_Module* SDHOSTx, FunctionalState Cmd)
2825:../../../firmware/n32h7xx_std_periph_driver/src/n32h7xx_sdmmc.c **** {
 5494              		.loc 1 2825 1
 5495              		.cfi_startproc
 5496              		@ args = 0, pretend = 0, frame = 8
 5497              		@ frame_needed = 1, uses_anonymous_args = 0
 5498              		@ link register save eliminated.
 5499 0000 80B4     		push	{r7}
 5500              	.LCFI284:
 5501              		.cfi_def_cfa_offset 4
 5502              		.cfi_offset 7, -4
 5503 0002 83B0     		sub	sp, sp, #12
 5504              	.LCFI285:
 5505              		.cfi_def_cfa_offset 16
 5506 0004 00AF     		add	r7, sp, #0
 5507              	.LCFI286:
 5508              		.cfi_def_cfa_register 7
 5509 0006 7860     		str	r0, [r7, #4]
 5510 0008 0B46     		mov	r3, r1
 5511 000a FB70     		strb	r3, [r7, #3]
2826:../../../firmware/n32h7xx_std_periph_driver/src/n32h7xx_sdmmc.c ****     if (Cmd != DISABLE)
 5512              		.loc 1 2826 8
 5513 000c FB78     		ldrb	r3, [r7, #3]	@ zero_extendqisi2
 5514 000e 002B     		cmp	r3, #0
 5515 0010 06D0     		beq	.L309
2827:../../../firmware/n32h7xx_std_periph_driver/src/n32h7xx_sdmmc.c ****     {
2828:../../../firmware/n32h7xx_std_periph_driver/src/n32h7xx_sdmmc.c ****         SDHOSTx->CTRL1 |= SDHOST_CTRL1_LEDCTRL;
 5516              		.loc 1 2828 16
 5517 0012 7B68     		ldr	r3, [r7, #4]
 5518 0014 9B6A     		ldr	r3, [r3, #40]
 5519              		.loc 1 2828 24
 5520 0016 43F00102 		orr	r2, r3, #1
 5521 001a 7B68     		ldr	r3, [r7, #4]
 5522 001c 9A62     		str	r2, [r3, #40]
2829:../../../firmware/n32h7xx_std_periph_driver/src/n32h7xx_sdmmc.c ****     }
2830:../../../firmware/n32h7xx_std_periph_driver/src/n32h7xx_sdmmc.c ****     else
2831:../../../firmware/n32h7xx_std_periph_driver/src/n32h7xx_sdmmc.c ****     {
2832:../../../firmware/n32h7xx_std_periph_driver/src/n32h7xx_sdmmc.c ****         SDHOSTx->CTRL1 &= (~SDHOST_CTRL1_LEDCTRL);
2833:../../../firmware/n32h7xx_std_periph_driver/src/n32h7xx_sdmmc.c ****     }
2834:../../../firmware/n32h7xx_std_periph_driver/src/n32h7xx_sdmmc.c **** }
 5523              		.loc 1 2834 1
 5524 001e 05E0     		b	.L311
 5525              	.L309:
2832:../../../firmware/n32h7xx_std_periph_driver/src/n32h7xx_sdmmc.c ****     }
ARM GAS  /tmp/ccIS8uvp.s 			page 148


 5526              		.loc 1 2832 16
 5527 0020 7B68     		ldr	r3, [r7, #4]
 5528 0022 9B6A     		ldr	r3, [r3, #40]
2832:../../../firmware/n32h7xx_std_periph_driver/src/n32h7xx_sdmmc.c ****     }
 5529              		.loc 1 2832 24
 5530 0024 23F00102 		bic	r2, r3, #1
 5531 0028 7B68     		ldr	r3, [r7, #4]
 5532 002a 9A62     		str	r2, [r3, #40]
 5533              	.L311:
 5534              		.loc 1 2834 1
 5535 002c 00BF     		nop
 5536 002e 0C37     		adds	r7, r7, #12
 5537              	.LCFI287:
 5538              		.cfi_def_cfa_offset 4
 5539 0030 BD46     		mov	sp, r7
 5540              	.LCFI288:
 5541              		.cfi_def_cfa_register 13
 5542              		@ sp needed
 5543 0032 80BC     		pop	{r7}
 5544              	.LCFI289:
 5545              		.cfi_restore 7
 5546              		.cfi_def_cfa_offset 0
 5547 0034 7047     		bx	lr
 5548              		.cfi_endproc
 5549              	.LFE196:
 5551              		.section	.text.SDMMC_EnableAsyncInt,"ax",%progbits
 5552              		.align	1
 5553              		.global	SDMMC_EnableAsyncInt
 5554              		.syntax unified
 5555              		.thumb
 5556              		.thumb_func
 5558              	SDMMC_EnableAsyncInt:
 5559              	.LFB197:
2835:../../../firmware/n32h7xx_std_periph_driver/src/n32h7xx_sdmmc.c **** 
2836:../../../firmware/n32h7xx_std_periph_driver/src/n32h7xx_sdmmc.c **** 
2837:../../../firmware/n32h7xx_std_periph_driver/src/n32h7xx_sdmmc.c **** /**
2838:../../../firmware/n32h7xx_std_periph_driver/src/n32h7xx_sdmmc.c ****  *\*\name    SDMMC_EnableAsyncInt
2839:../../../firmware/n32h7xx_std_periph_driver/src/n32h7xx_sdmmc.c ****  *\*\fun     Enables or disables Asynchronous Interrupt.
2840:../../../firmware/n32h7xx_std_periph_driver/src/n32h7xx_sdmmc.c ****  *\*\param   SDHOSTx :
2841:../../../firmware/n32h7xx_std_periph_driver/src/n32h7xx_sdmmc.c ****  *\*\          - SDHOST1
2842:../../../firmware/n32h7xx_std_periph_driver/src/n32h7xx_sdmmc.c ****  *\*\          - SDHOST2
2843:../../../firmware/n32h7xx_std_periph_driver/src/n32h7xx_sdmmc.c ****  *\*\param   Cmd (The input parameters must be the following values):
2844:../../../firmware/n32h7xx_std_periph_driver/src/n32h7xx_sdmmc.c ****  *\*\          - ENABLE
2845:../../../firmware/n32h7xx_std_periph_driver/src/n32h7xx_sdmmc.c ****  *\*\          - DISABLE
2846:../../../firmware/n32h7xx_std_periph_driver/src/n32h7xx_sdmmc.c ****  *\*\return  none
2847:../../../firmware/n32h7xx_std_periph_driver/src/n32h7xx_sdmmc.c ****  */
2848:../../../firmware/n32h7xx_std_periph_driver/src/n32h7xx_sdmmc.c **** void SDMMC_EnableAsyncInt(SDHOST_Module* SDHOSTx, FunctionalState Cmd)
2849:../../../firmware/n32h7xx_std_periph_driver/src/n32h7xx_sdmmc.c **** {
 5560              		.loc 1 2849 1
 5561              		.cfi_startproc
 5562              		@ args = 0, pretend = 0, frame = 8
 5563              		@ frame_needed = 1, uses_anonymous_args = 0
 5564              		@ link register save eliminated.
 5565 0000 80B4     		push	{r7}
 5566              	.LCFI290:
 5567              		.cfi_def_cfa_offset 4
 5568              		.cfi_offset 7, -4
ARM GAS  /tmp/ccIS8uvp.s 			page 149


 5569 0002 83B0     		sub	sp, sp, #12
 5570              	.LCFI291:
 5571              		.cfi_def_cfa_offset 16
 5572 0004 00AF     		add	r7, sp, #0
 5573              	.LCFI292:
 5574              		.cfi_def_cfa_register 7
 5575 0006 7860     		str	r0, [r7, #4]
 5576 0008 0B46     		mov	r3, r1
 5577 000a FB70     		strb	r3, [r7, #3]
2850:../../../firmware/n32h7xx_std_periph_driver/src/n32h7xx_sdmmc.c ****     if (Cmd != DISABLE)
 5578              		.loc 1 2850 8
 5579 000c FB78     		ldrb	r3, [r7, #3]	@ zero_extendqisi2
 5580 000e 002B     		cmp	r3, #0
 5581 0010 06D0     		beq	.L313
2851:../../../firmware/n32h7xx_std_periph_driver/src/n32h7xx_sdmmc.c ****     {
2852:../../../firmware/n32h7xx_std_periph_driver/src/n32h7xx_sdmmc.c ****         SDHOSTx->CTRLSTS |= SDHOST_CTRLSTS_ASYNCIE;
 5582              		.loc 1 2852 16
 5583 0012 7B68     		ldr	r3, [r7, #4]
 5584 0014 DB6B     		ldr	r3, [r3, #60]
 5585              		.loc 1 2852 26
 5586 0016 43F08042 		orr	r2, r3, #1073741824
 5587 001a 7B68     		ldr	r3, [r7, #4]
 5588 001c DA63     		str	r2, [r3, #60]
2853:../../../firmware/n32h7xx_std_periph_driver/src/n32h7xx_sdmmc.c ****     }
2854:../../../firmware/n32h7xx_std_periph_driver/src/n32h7xx_sdmmc.c ****     else
2855:../../../firmware/n32h7xx_std_periph_driver/src/n32h7xx_sdmmc.c ****     {
2856:../../../firmware/n32h7xx_std_periph_driver/src/n32h7xx_sdmmc.c ****         SDHOSTx->CTRLSTS &= (~SDHOST_CTRLSTS_ASYNCIE);
2857:../../../firmware/n32h7xx_std_periph_driver/src/n32h7xx_sdmmc.c ****     }
2858:../../../firmware/n32h7xx_std_periph_driver/src/n32h7xx_sdmmc.c **** }
 5589              		.loc 1 2858 1
 5590 001e 05E0     		b	.L315
 5591              	.L313:
2856:../../../firmware/n32h7xx_std_periph_driver/src/n32h7xx_sdmmc.c ****     }
 5592              		.loc 1 2856 16
 5593 0020 7B68     		ldr	r3, [r7, #4]
 5594 0022 DB6B     		ldr	r3, [r3, #60]
2856:../../../firmware/n32h7xx_std_periph_driver/src/n32h7xx_sdmmc.c ****     }
 5595              		.loc 1 2856 26
 5596 0024 23F08042 		bic	r2, r3, #1073741824
 5597 0028 7B68     		ldr	r3, [r7, #4]
 5598 002a DA63     		str	r2, [r3, #60]
 5599              	.L315:
 5600              		.loc 1 2858 1
 5601 002c 00BF     		nop
 5602 002e 0C37     		adds	r7, r7, #12
 5603              	.LCFI293:
 5604              		.cfi_def_cfa_offset 4
 5605 0030 BD46     		mov	sp, r7
 5606              	.LCFI294:
 5607              		.cfi_def_cfa_register 13
 5608              		@ sp needed
 5609 0032 80BC     		pop	{r7}
 5610              	.LCFI295:
 5611              		.cfi_restore 7
 5612              		.cfi_def_cfa_offset 0
 5613 0034 7047     		bx	lr
 5614              		.cfi_endproc
ARM GAS  /tmp/ccIS8uvp.s 			page 150


 5615              	.LFE197:
 5617              		.section	.text.SDMMC_ConfigDATATimeoutValue,"ax",%progbits
 5618              		.align	1
 5619              		.global	SDMMC_ConfigDATATimeoutValue
 5620              		.syntax unified
 5621              		.thumb
 5622              		.thumb_func
 5624              	SDMMC_ConfigDATATimeoutValue:
 5625              	.LFB198:
2859:../../../firmware/n32h7xx_std_periph_driver/src/n32h7xx_sdmmc.c **** 
2860:../../../firmware/n32h7xx_std_periph_driver/src/n32h7xx_sdmmc.c **** 
2861:../../../firmware/n32h7xx_std_periph_driver/src/n32h7xx_sdmmc.c **** /**
2862:../../../firmware/n32h7xx_std_periph_driver/src/n32h7xx_sdmmc.c ****  *\*\name    SDMMC_ConfigDATATimeoutValue
2863:../../../firmware/n32h7xx_std_periph_driver/src/n32h7xx_sdmmc.c ****  *\*\fun     Config Data Level Timeout Counter Value.
2864:../../../firmware/n32h7xx_std_periph_driver/src/n32h7xx_sdmmc.c ****  *\*\param   SDHOSTx :
2865:../../../firmware/n32h7xx_std_periph_driver/src/n32h7xx_sdmmc.c ****  *\*\          - SDHOST1
2866:../../../firmware/n32h7xx_std_periph_driver/src/n32h7xx_sdmmc.c ****  *\*\          - SDHOST2
2867:../../../firmware/n32h7xx_std_periph_driver/src/n32h7xx_sdmmc.c ****  *\*\param   Count (The input parameters must be the following values):
2868:../../../firmware/n32h7xx_std_periph_driver/src/n32h7xx_sdmmc.c ****  *\*\          - 0x0~0xF , The corresponding actual delay value is (1/TMCLK * 2^(Count + 13))
2869:../../../firmware/n32h7xx_std_periph_driver/src/n32h7xx_sdmmc.c ****  *\*\return  none
2870:../../../firmware/n32h7xx_std_periph_driver/src/n32h7xx_sdmmc.c ****  */
2871:../../../firmware/n32h7xx_std_periph_driver/src/n32h7xx_sdmmc.c **** void SDMMC_ConfigDATATimeoutValue(SDHOST_Module* SDHOSTx, uint32_t Count)
2872:../../../firmware/n32h7xx_std_periph_driver/src/n32h7xx_sdmmc.c **** {
 5626              		.loc 1 2872 1
 5627              		.cfi_startproc
 5628              		@ args = 0, pretend = 0, frame = 8
 5629              		@ frame_needed = 1, uses_anonymous_args = 0
 5630              		@ link register save eliminated.
 5631 0000 80B4     		push	{r7}
 5632              	.LCFI296:
 5633              		.cfi_def_cfa_offset 4
 5634              		.cfi_offset 7, -4
 5635 0002 83B0     		sub	sp, sp, #12
 5636              	.LCFI297:
 5637              		.cfi_def_cfa_offset 16
 5638 0004 00AF     		add	r7, sp, #0
 5639              	.LCFI298:
 5640              		.cfi_def_cfa_register 7
 5641 0006 7860     		str	r0, [r7, #4]
 5642 0008 3960     		str	r1, [r7]
2873:../../../firmware/n32h7xx_std_periph_driver/src/n32h7xx_sdmmc.c ****     SDHOSTx->CTRL2 &= (~SDHOST_CTRL2_DTCNT);
 5643              		.loc 1 2873 12
 5644 000a 7B68     		ldr	r3, [r7, #4]
 5645 000c DB6A     		ldr	r3, [r3, #44]
 5646              		.loc 1 2873 20
 5647 000e 23F47022 		bic	r2, r3, #983040
 5648 0012 7B68     		ldr	r3, [r7, #4]
 5649 0014 DA62     		str	r2, [r3, #44]
2874:../../../firmware/n32h7xx_std_periph_driver/src/n32h7xx_sdmmc.c ****     SDHOSTx->CTRL2 |= (Count << REG_BIT16_OFFSET);
 5650              		.loc 1 2874 12
 5651 0016 7B68     		ldr	r3, [r7, #4]
 5652 0018 DA6A     		ldr	r2, [r3, #44]
 5653              		.loc 1 2874 30
 5654 001a 3B68     		ldr	r3, [r7]
 5655 001c 1B04     		lsls	r3, r3, #16
 5656              		.loc 1 2874 20
 5657 001e 1A43     		orrs	r2, r2, r3
ARM GAS  /tmp/ccIS8uvp.s 			page 151


 5658 0020 7B68     		ldr	r3, [r7, #4]
 5659 0022 DA62     		str	r2, [r3, #44]
2875:../../../firmware/n32h7xx_std_periph_driver/src/n32h7xx_sdmmc.c **** }
 5660              		.loc 1 2875 1
 5661 0024 00BF     		nop
 5662 0026 0C37     		adds	r7, r7, #12
 5663              	.LCFI299:
 5664              		.cfi_def_cfa_offset 4
 5665 0028 BD46     		mov	sp, r7
 5666              	.LCFI300:
 5667              		.cfi_def_cfa_register 13
 5668              		@ sp needed
 5669 002a 80BC     		pop	{r7}
 5670              	.LCFI301:
 5671              		.cfi_restore 7
 5672              		.cfi_def_cfa_offset 0
 5673 002c 7047     		bx	lr
 5674              		.cfi_endproc
 5675              	.LFE198:
 5677              		.text
 5678              	.Letext0:
 5679              		.file 2 "/usr/lib/gcc/arm-none-eabi/13.2.1/include/stdint.h"
 5680              		.file 3 "../../../firmware/CMSIS/device/n32h7xx.h"
 5681              		.file 4 "../../../firmware/n32h7xx_std_periph_driver/inc/n32h7xx_sdmmc.h"
 5682              		.file 5 "../../../firmware/n32h7xx_std_periph_driver/inc/n32h7xx_rcc.h"
ARM GAS  /tmp/ccIS8uvp.s 			page 152


DEFINED SYMBOLS
                            *ABS*:00000000 n32h7xx_sdmmc.c
     /tmp/ccIS8uvp.s:19     .text.SDMMC_DeInit:00000000 $t
     /tmp/ccIS8uvp.s:25     .text.SDMMC_DeInit:00000000 SDMMC_DeInit
     /tmp/ccIS8uvp.s:82     .text.SDMMC_DeInit:00000044 $d
     /tmp/ccIS8uvp.s:88     .text.SDMMC_WrapperConfig:00000000 $t
     /tmp/ccIS8uvp.s:94     .text.SDMMC_WrapperConfig:00000000 SDMMC_WrapperConfig
     /tmp/ccIS8uvp.s:405    .text.SDMMC_WrapperConfig:00000188 $d
     /tmp/ccIS8uvp.s:415    .text.SDMMC_StructWrapperInit:00000000 $t
     /tmp/ccIS8uvp.s:421    .text.SDMMC_StructWrapperInit:00000000 SDMMC_StructWrapperInit
     /tmp/ccIS8uvp.s:561    .text.SDMMC_SoftWareReset:00000000 $t
     /tmp/ccIS8uvp.s:567    .text.SDMMC_SoftWareReset:00000000 SDMMC_SoftWareReset
     /tmp/ccIS8uvp.s:657    .text.SDMMC_SoftWareReset:00000058 $d
     /tmp/ccIS8uvp.s:662    .text.SDMMC_TransferConfig:00000000 $t
     /tmp/ccIS8uvp.s:667    .text.SDMMC_TransferConfig:00000000 SDMMC_TransferConfig
     /tmp/ccIS8uvp.s:891    .text.SDMMC_ReceiveCommandResponse:00000000 $t
     /tmp/ccIS8uvp.s:896    .text.SDMMC_ReceiveCommandResponse:00000000 SDMMC_ReceiveCommandResponse
     /tmp/ccIS8uvp.s:1053   .text.SDMMC_ReadDataPort:00000000 $t
     /tmp/ccIS8uvp.s:1058   .text.SDMMC_ReadDataPort:00000000 SDMMC_ReadDataPort
     /tmp/ccIS8uvp.s:4867   .text.SDMMC_ReadData:00000000 SDMMC_ReadData
     /tmp/ccIS8uvp.s:1163   .text.SDMMC_ReadByDataPortBlocking:00000000 $t
     /tmp/ccIS8uvp.s:1168   .text.SDMMC_ReadByDataPortBlocking:00000000 SDMMC_ReadByDataPortBlocking
     /tmp/ccIS8uvp.s:4140   .text.SDMMC_ClrFlag:00000000 SDMMC_ClrFlag
     /tmp/ccIS8uvp.s:1380   .text.SDMMC_ReadByDataPortBlocking:00000114 $d
     /tmp/ccIS8uvp.s:1385   .text.SDMMC_WriteDataPort:00000000 $t
     /tmp/ccIS8uvp.s:1390   .text.SDMMC_WriteDataPort:00000000 SDMMC_WriteDataPort
     /tmp/ccIS8uvp.s:4820   .text.SDMMC_WriteData:00000000 SDMMC_WriteData
     /tmp/ccIS8uvp.s:1493   .text.SDMMC_WriteByDataPortBlocking:00000000 $t
     /tmp/ccIS8uvp.s:1498   .text.SDMMC_WriteByDataPortBlocking:00000000 SDMMC_WriteByDataPortBlocking
     /tmp/ccIS8uvp.s:1667   .text.SDMMC_WriteByDataPortBlocking:000000d8 $d
     /tmp/ccIS8uvp.s:1673   .text.SDMMC_SendCommand:00000000 $t
     /tmp/ccIS8uvp.s:1679   .text.SDMMC_SendCommand:00000000 SDMMC_SendCommand
     /tmp/ccIS8uvp.s:1905   .text.SDMMC_WaitCommandDone:00000000 $t
     /tmp/ccIS8uvp.s:1911   .text.SDMMC_WaitCommandDone:00000000 SDMMC_WaitCommandDone
     /tmp/ccIS8uvp.s:2018   .text.SDMMC_WaitCommandDone:00000080 $d
     /tmp/ccIS8uvp.s:2023   .text.SDMMC_TransferDataBlocking:00000000 $t
     /tmp/ccIS8uvp.s:2028   .text.SDMMC_TransferDataBlocking:00000000 SDMMC_TransferDataBlocking
     /tmp/ccIS8uvp.s:2188   .text.SDMMC_TransferDataBlocking:000000cc $d
     /tmp/ccIS8uvp.s:2194   .text.SDMMC_GetCapability:00000000 $t
     /tmp/ccIS8uvp.s:2200   .text.SDMMC_GetCapability:00000000 SDMMC_GetCapability
     /tmp/ccIS8uvp.s:2546   .text.SDMMC_GetPresetvalue:00000000 $t
     /tmp/ccIS8uvp.s:2552   .text.SDMMC_GetPresetvalue:00000000 SDMMC_GetPresetvalue
     /tmp/ccIS8uvp.s:2657   .text.SDMMC_EnableSDCLK:00000000 $t
     /tmp/ccIS8uvp.s:2663   .text.SDMMC_EnableSDCLK:00000000 SDMMC_EnableSDCLK
     /tmp/ccIS8uvp.s:2723   .text.SDMMC_WaitSDCLKStable:00000000 $t
     /tmp/ccIS8uvp.s:2729   .text.SDMMC_WaitSDCLKStable:00000000 SDMMC_WaitSDCLKStable
     /tmp/ccIS8uvp.s:2808   .text.SDMMC_SetSdClock:00000000 $t
     /tmp/ccIS8uvp.s:2814   .text.SDMMC_SetSdClock:00000000 SDMMC_SetSdClock
     /tmp/ccIS8uvp.s:2912   .text.SDMMC_SetSdClock:0000007c $d
     /tmp/ccIS8uvp.s:2917   .text.SDMMC_ConfigemmcBoot:00000000 $t
     /tmp/ccIS8uvp.s:2923   .text.SDMMC_ConfigemmcBoot:00000000 SDMMC_ConfigemmcBoot
     /tmp/ccIS8uvp.s:3016   .text.SDMMC_ConfigInternalDma:00000000 $t
     /tmp/ccIS8uvp.s:3021   .text.SDMMC_ConfigInternalDma:00000000 SDMMC_ConfigInternalDma
     /tmp/ccIS8uvp.s:3132   .text.SDMMC_SetAdmaTableConfig:00000000 $t
     /tmp/ccIS8uvp.s:3137   .text.SDMMC_SetAdmaTableConfig:00000000 SDMMC_SetAdmaTableConfig
     /tmp/ccIS8uvp.s:3253   .text.SDMMC_TransferBlocking:00000000 $t
     /tmp/ccIS8uvp.s:3259   .text.SDMMC_TransferBlocking:00000000 SDMMC_TransferBlocking
ARM GAS  /tmp/ccIS8uvp.s 			page 153


     /tmp/ccIS8uvp.s:4077   .text.SDMMC_GetFlagStatus:00000000 SDMMC_GetFlagStatus
     /tmp/ccIS8uvp.s:3571   .text.SDMMC_EnableManualTuningOut:00000000 $t
     /tmp/ccIS8uvp.s:3577   .text.SDMMC_EnableManualTuningOut:00000000 SDMMC_EnableManualTuningOut
     /tmp/ccIS8uvp.s:3655   .text.SDMMC_EnableManualTuningIN:00000000 $t
     /tmp/ccIS8uvp.s:3661   .text.SDMMC_EnableManualTuningIN:00000000 SDMMC_EnableManualTuningIN
     /tmp/ccIS8uvp.s:3751   .text.SDMMC_FixedSampleClock:00000000 $t
     /tmp/ccIS8uvp.s:3757   .text.SDMMC_FixedSampleClock:00000000 SDMMC_FixedSampleClock
     /tmp/ccIS8uvp.s:3800   .text.SDMMC_EnableAutoTuning:00000000 $t
     /tmp/ccIS8uvp.s:3806   .text.SDMMC_EnableAutoTuning:00000000 SDMMC_EnableAutoTuning
     /tmp/ccIS8uvp.s:3866   .text.SDMMC_ConfigInt:00000000 $t
     /tmp/ccIS8uvp.s:3872   .text.SDMMC_ConfigInt:00000000 SDMMC_ConfigInt
     /tmp/ccIS8uvp.s:3937   .text.SDMMC_EnableFlagStatus:00000000 $t
     /tmp/ccIS8uvp.s:3943   .text.SDMMC_EnableFlagStatus:00000000 SDMMC_EnableFlagStatus
     /tmp/ccIS8uvp.s:4008   .text.SDMMC_GetEnableFlagStatus:00000000 $t
     /tmp/ccIS8uvp.s:4014   .text.SDMMC_GetEnableFlagStatus:00000000 SDMMC_GetEnableFlagStatus
     /tmp/ccIS8uvp.s:4071   .text.SDMMC_GetFlagStatus:00000000 $t
     /tmp/ccIS8uvp.s:4134   .text.SDMMC_ClrFlag:00000000 $t
     /tmp/ccIS8uvp.s:4181   .text.SDMMC_EnableForceEvent:00000000 $t
     /tmp/ccIS8uvp.s:4187   .text.SDMMC_EnableForceEvent:00000000 SDMMC_EnableForceEvent
     /tmp/ccIS8uvp.s:4252   .text.SDMMC_GetPresentFlagStatus:00000000 $t
     /tmp/ccIS8uvp.s:4258   .text.SDMMC_GetPresentFlagStatus:00000000 SDMMC_GetPresentFlagStatus
     /tmp/ccIS8uvp.s:4315   .text.SDMMC_GetACMDErrorStatusFlag:00000000 $t
     /tmp/ccIS8uvp.s:4321   .text.SDMMC_GetACMDErrorStatusFlag:00000000 SDMMC_GetACMDErrorStatusFlag
     /tmp/ccIS8uvp.s:4378   .text.SDMMC_GetADMAErrorStatusFlag:00000000 $t
     /tmp/ccIS8uvp.s:4384   .text.SDMMC_GetADMAErrorStatusFlag:00000000 SDMMC_GetADMAErrorStatusFlag
     /tmp/ccIS8uvp.s:4441   .text.SDMMC_EnableHWReset:00000000 $t
     /tmp/ccIS8uvp.s:4447   .text.SDMMC_EnableHWReset:00000000 SDMMC_EnableHWReset
     /tmp/ccIS8uvp.s:4507   .text.SDMMC_ConfigWorkMode:00000000 $t
     /tmp/ccIS8uvp.s:4513   .text.SDMMC_ConfigWorkMode:00000000 SDMMC_ConfigWorkMode
     /tmp/ccIS8uvp.s:4727   .text.SDMMC_ConfigBusWidth:00000000 $t
     /tmp/ccIS8uvp.s:4733   .text.SDMMC_ConfigBusWidth:00000000 SDMMC_ConfigBusWidth
     /tmp/ccIS8uvp.s:4814   .text.SDMMC_WriteData:00000000 $t
     /tmp/ccIS8uvp.s:4861   .text.SDMMC_ReadData:00000000 $t
     /tmp/ccIS8uvp.s:4906   .text.SDMMC_EnableWakeupEvent:00000000 $t
     /tmp/ccIS8uvp.s:4912   .text.SDMMC_EnableWakeupEvent:00000000 SDMMC_EnableWakeupEvent
     /tmp/ccIS8uvp.s:4977   .text.SDMMC_EnableSdioControl:00000000 $t
     /tmp/ccIS8uvp.s:4983   .text.SDMMC_EnableSdioControl:00000000 SDMMC_EnableSdioControl
     /tmp/ccIS8uvp.s:5048   .text.SDMMC_EnableContinueRequest:00000000 $t
     /tmp/ccIS8uvp.s:5054   .text.SDMMC_EnableContinueRequest:00000000 SDMMC_EnableContinueRequest
     /tmp/ccIS8uvp.s:5097   .text.SDMMC_EnableMmcBoot:00000000 $t
     /tmp/ccIS8uvp.s:5103   .text.SDMMC_EnableMmcBoot:00000000 SDMMC_EnableMmcBoot
     /tmp/ccIS8uvp.s:5163   .text.SDMMC_EnableVolSwitch:00000000 $t
     /tmp/ccIS8uvp.s:5169   .text.SDMMC_EnableVolSwitch:00000000 SDMMC_EnableVolSwitch
     /tmp/ccIS8uvp.s:5229   .text.SDMMC_EnablePower:00000000 $t
     /tmp/ccIS8uvp.s:5235   .text.SDMMC_EnablePower:00000000 SDMMC_EnablePower
     /tmp/ccIS8uvp.s:5302   .text.SDMMC_ConfigSDMABufferSize:00000000 $t
     /tmp/ccIS8uvp.s:5308   .text.SDMMC_ConfigSDMABufferSize:00000000 SDMMC_ConfigSDMABufferSize
     /tmp/ccIS8uvp.s:5362   .text.SDMMC_TModeStructInit:00000000 $t
     /tmp/ccIS8uvp.s:5368   .text.SDMMC_TModeStructInit:00000000 SDMMC_TModeStructInit
     /tmp/ccIS8uvp.s:5424   .text.SDMMC_ConfigCardDetectSignal:00000000 $t
     /tmp/ccIS8uvp.s:5430   .text.SDMMC_ConfigCardDetectSignal:00000000 SDMMC_ConfigCardDetectSignal
     /tmp/ccIS8uvp.s:5486   .text.SDMMC_EnableLED:00000000 $t
     /tmp/ccIS8uvp.s:5492   .text.SDMMC_EnableLED:00000000 SDMMC_EnableLED
     /tmp/ccIS8uvp.s:5552   .text.SDMMC_EnableAsyncInt:00000000 $t
     /tmp/ccIS8uvp.s:5558   .text.SDMMC_EnableAsyncInt:00000000 SDMMC_EnableAsyncInt
     /tmp/ccIS8uvp.s:5618   .text.SDMMC_ConfigDATATimeoutValue:00000000 $t
     /tmp/ccIS8uvp.s:5624   .text.SDMMC_ConfigDATATimeoutValue:00000000 SDMMC_ConfigDATATimeoutValue
ARM GAS  /tmp/ccIS8uvp.s 			page 154



UNDEFINED SYMBOLS
RCC_EnableAXIPeriphReset1
RCC_EnableAHB1PeriphReset1
