ARM GAS  /tmp/ccxmuAb3.s 			page 1


   1              		.cpu cortex-m4
   2              		.arch armv7e-m
   3              		.fpu softvfp
   4              		.eabi_attribute 20, 1
   5              		.eabi_attribute 21, 1
   6              		.eabi_attribute 23, 3
   7              		.eabi_attribute 24, 1
   8              		.eabi_attribute 25, 1
   9              		.eabi_attribute 26, 1
  10              		.eabi_attribute 30, 6
  11              		.eabi_attribute 34, 1
  12              		.eabi_attribute 18, 4
  13              		.file	"n32h7xx_lcdc.c"
  14              		.text
  15              	.Ltext0:
  16              		.cfi_sections	.debug_frame
  17              		.file 1 "../../../firmware/n32h7xx_std_periph_driver/src/n32h7xx_lcdc.c"
  18              		.section	.text.LCDC_DeInit,"ax",%progbits
  19              		.align	1
  20              		.global	LCDC_DeInit
  21              		.syntax unified
  22              		.thumb
  23              		.thumb_func
  25              	LCDC_DeInit:
  26              	.LFB135:
   1:../../../firmware/n32h7xx_std_periph_driver/src/n32h7xx_lcdc.c **** /**
   2:../../../firmware/n32h7xx_std_periph_driver/src/n32h7xx_lcdc.c **** *     Copyright (c) 2025, Nations Technologies Inc.
   3:../../../firmware/n32h7xx_std_periph_driver/src/n32h7xx_lcdc.c **** * 
   4:../../../firmware/n32h7xx_std_periph_driver/src/n32h7xx_lcdc.c **** *     All rights reserved.
   5:../../../firmware/n32h7xx_std_periph_driver/src/n32h7xx_lcdc.c **** *
   6:../../../firmware/n32h7xx_std_periph_driver/src/n32h7xx_lcdc.c **** *     This software is the exclusive property of Nations Technologies Inc. (Hereinafter 
   7:../../../firmware/n32h7xx_std_periph_driver/src/n32h7xx_lcdc.c **** * referred to as NATIONS). This software, and the product of NATIONS described herein 
   8:../../../firmware/n32h7xx_std_periph_driver/src/n32h7xx_lcdc.c **** * (Hereinafter referred to as the Product) are owned by NATIONS under the laws and treaties
   9:../../../firmware/n32h7xx_std_periph_driver/src/n32h7xx_lcdc.c **** * of the People's Republic of China and other applicable jurisdictions worldwide.
  10:../../../firmware/n32h7xx_std_periph_driver/src/n32h7xx_lcdc.c **** *
  11:../../../firmware/n32h7xx_std_periph_driver/src/n32h7xx_lcdc.c **** *     NATIONS does not grant any license under its patents, copyrights, trademarks, or other 
  12:../../../firmware/n32h7xx_std_periph_driver/src/n32h7xx_lcdc.c **** * intellectual property rights. Names and brands of third party may be mentioned or referred 
  13:../../../firmware/n32h7xx_std_periph_driver/src/n32h7xx_lcdc.c **** * thereto (if any) for identification purposes only.
  14:../../../firmware/n32h7xx_std_periph_driver/src/n32h7xx_lcdc.c **** *
  15:../../../firmware/n32h7xx_std_periph_driver/src/n32h7xx_lcdc.c **** *     NATIONS reserves the right to make changes, corrections, enhancements, modifications, and 
  16:../../../firmware/n32h7xx_std_periph_driver/src/n32h7xx_lcdc.c **** * improvements to this software at any time without notice. Please contact NATIONS and obtain 
  17:../../../firmware/n32h7xx_std_periph_driver/src/n32h7xx_lcdc.c **** * the latest version of this software before placing orders.
  18:../../../firmware/n32h7xx_std_periph_driver/src/n32h7xx_lcdc.c **** 
  19:../../../firmware/n32h7xx_std_periph_driver/src/n32h7xx_lcdc.c **** *     Although NATIONS has attempted to provide accurate and reliable information, NATIONS assumes 
  20:../../../firmware/n32h7xx_std_periph_driver/src/n32h7xx_lcdc.c **** * no responsibility for the accuracy and reliability of this software.
  21:../../../firmware/n32h7xx_std_periph_driver/src/n32h7xx_lcdc.c **** * 
  22:../../../firmware/n32h7xx_std_periph_driver/src/n32h7xx_lcdc.c **** *     It is the responsibility of the user of this software to properly design, program, and test 
  23:../../../firmware/n32h7xx_std_periph_driver/src/n32h7xx_lcdc.c **** * the functionality and safety of any application made of this information and any resulting produc
  24:../../../firmware/n32h7xx_std_periph_driver/src/n32h7xx_lcdc.c **** * In no event shall NATIONS be liable for any direct, indirect, incidental, special,exemplary, or 
  25:../../../firmware/n32h7xx_std_periph_driver/src/n32h7xx_lcdc.c **** * consequential damages arising in any way out of the use of this software or the Product.
  26:../../../firmware/n32h7xx_std_periph_driver/src/n32h7xx_lcdc.c **** *
  27:../../../firmware/n32h7xx_std_periph_driver/src/n32h7xx_lcdc.c **** *     NATIONS Products are neither intended nor warranted for usage in systems or equipment, any
  28:../../../firmware/n32h7xx_std_periph_driver/src/n32h7xx_lcdc.c **** * malfunction or failure of which may cause loss of human life, bodily injury or severe property 
  29:../../../firmware/n32h7xx_std_periph_driver/src/n32h7xx_lcdc.c **** * damage. Such applications are deemed, "Insecure Usage".
  30:../../../firmware/n32h7xx_std_periph_driver/src/n32h7xx_lcdc.c **** *
  31:../../../firmware/n32h7xx_std_periph_driver/src/n32h7xx_lcdc.c **** *     All Insecure Usage shall be made at user's risk. User shall indemnify NATIONS and hold NATION
  32:../../../firmware/n32h7xx_std_periph_driver/src/n32h7xx_lcdc.c **** * harmless from and against all claims, costs, damages, and other liabilities, arising from or rela
ARM GAS  /tmp/ccxmuAb3.s 			page 2


  33:../../../firmware/n32h7xx_std_periph_driver/src/n32h7xx_lcdc.c **** * to any customer's Insecure Usage.
  34:../../../firmware/n32h7xx_std_periph_driver/src/n32h7xx_lcdc.c **** 
  35:../../../firmware/n32h7xx_std_periph_driver/src/n32h7xx_lcdc.c **** *     Any express or implied warranty with regard to this software or the Product, including,but no
  36:../../../firmware/n32h7xx_std_periph_driver/src/n32h7xx_lcdc.c **** * limited to, the warranties of merchantability, fitness for a particular purpose and non-infringem
  37:../../../firmware/n32h7xx_std_periph_driver/src/n32h7xx_lcdc.c **** * are disclaimed to the fullest extent permitted by law.
  38:../../../firmware/n32h7xx_std_periph_driver/src/n32h7xx_lcdc.c **** 
  39:../../../firmware/n32h7xx_std_periph_driver/src/n32h7xx_lcdc.c **** *     Unless otherwise explicitly permitted by NATIONS, anyone may not duplicate, modify, transcrib
  40:../../../firmware/n32h7xx_std_periph_driver/src/n32h7xx_lcdc.c **** * or otherwise distribute this software for any purposes, in whole or in part.
  41:../../../firmware/n32h7xx_std_periph_driver/src/n32h7xx_lcdc.c **** *
  42:../../../firmware/n32h7xx_std_periph_driver/src/n32h7xx_lcdc.c **** *     NATIONS products and technologies shall not be used for or incorporated into any products or 
  43:../../../firmware/n32h7xx_std_periph_driver/src/n32h7xx_lcdc.c **** * whose manufacture, use, or sale is prohibited under any applicable domestic or foreign laws or re
  44:../../../firmware/n32h7xx_std_periph_driver/src/n32h7xx_lcdc.c **** * User shall comply with any applicable export control laws and regulations promulgated and adminis
  45:../../../firmware/n32h7xx_std_periph_driver/src/n32h7xx_lcdc.c **** * the governments of any countries asserting jurisdiction over the parties or transactions.
  46:../../../firmware/n32h7xx_std_periph_driver/src/n32h7xx_lcdc.c **** **/
  47:../../../firmware/n32h7xx_std_periph_driver/src/n32h7xx_lcdc.c **** 
  48:../../../firmware/n32h7xx_std_periph_driver/src/n32h7xx_lcdc.c **** /**
  49:../../../firmware/n32h7xx_std_periph_driver/src/n32h7xx_lcdc.c **** *\*\file n32h7xx_lcdc.c
  50:../../../firmware/n32h7xx_std_periph_driver/src/n32h7xx_lcdc.c **** *\*\author Nations
  51:../../../firmware/n32h7xx_std_periph_driver/src/n32h7xx_lcdc.c **** *\*\version v1.0.0
  52:../../../firmware/n32h7xx_std_periph_driver/src/n32h7xx_lcdc.c **** *\*\copyright Copyright (c) 2025, Nations Technologies Inc. All rights reserved.
  53:../../../firmware/n32h7xx_std_periph_driver/src/n32h7xx_lcdc.c **** **/
  54:../../../firmware/n32h7xx_std_periph_driver/src/n32h7xx_lcdc.c **** 
  55:../../../firmware/n32h7xx_std_periph_driver/src/n32h7xx_lcdc.c **** 
  56:../../../firmware/n32h7xx_std_periph_driver/src/n32h7xx_lcdc.c **** #include "n32h7xx_lcdc.h"
  57:../../../firmware/n32h7xx_std_periph_driver/src/n32h7xx_lcdc.c **** #include "n32h7xx_rcc.h"
  58:../../../firmware/n32h7xx_std_periph_driver/src/n32h7xx_lcdc.c **** 
  59:../../../firmware/n32h7xx_std_periph_driver/src/n32h7xx_lcdc.c **** /**
  60:../../../firmware/n32h7xx_std_periph_driver/src/n32h7xx_lcdc.c **** *\*\name    LCDC_DeInit
  61:../../../firmware/n32h7xx_std_periph_driver/src/n32h7xx_lcdc.c **** *\*\fun     Deinitializes the LCDC registers.
  62:../../../firmware/n32h7xx_std_periph_driver/src/n32h7xx_lcdc.c **** *\*\param   none
  63:../../../firmware/n32h7xx_std_periph_driver/src/n32h7xx_lcdc.c **** *\*\return  none
  64:../../../firmware/n32h7xx_std_periph_driver/src/n32h7xx_lcdc.c **** **/
  65:../../../firmware/n32h7xx_std_periph_driver/src/n32h7xx_lcdc.c **** void LCDC_DeInit(void)
  66:../../../firmware/n32h7xx_std_periph_driver/src/n32h7xx_lcdc.c **** {
  27              		.loc 1 66 1
  28              		.cfi_startproc
  29              		@ args = 0, pretend = 0, frame = 0
  30              		@ frame_needed = 1, uses_anonymous_args = 0
  31 0000 80B5     		push	{r7, lr}
  32              	.LCFI0:
  33              		.cfi_def_cfa_offset 8
  34              		.cfi_offset 7, -8
  35              		.cfi_offset 14, -4
  36 0002 00AF     		add	r7, sp, #0
  37              	.LCFI1:
  38              		.cfi_def_cfa_register 7
  67:../../../firmware/n32h7xx_std_periph_driver/src/n32h7xx_lcdc.c ****     RCC_EnableAXIPeriphReset2(RCC_AXI_PERIPHRST_LCDC);
  39              		.loc 1 67 5
  40 0004 4FF08070 		mov	r0, #16777216
  41 0008 FFF7FEFF 		bl	RCC_EnableAXIPeriphReset2
  68:../../../firmware/n32h7xx_std_periph_driver/src/n32h7xx_lcdc.c **** }
  42              		.loc 1 68 1
  43 000c 00BF     		nop
  44 000e 80BD     		pop	{r7, pc}
  45              		.cfi_endproc
  46              	.LFE135:
  48              		.section	.text.LCDC_Init,"ax",%progbits
ARM GAS  /tmp/ccxmuAb3.s 			page 3


  49              		.align	1
  50              		.global	LCDC_Init
  51              		.syntax unified
  52              		.thumb
  53              		.thumb_func
  55              	LCDC_Init:
  56              	.LFB136:
  69:../../../firmware/n32h7xx_std_periph_driver/src/n32h7xx_lcdc.c **** 
  70:../../../firmware/n32h7xx_std_periph_driver/src/n32h7xx_lcdc.c **** /**
  71:../../../firmware/n32h7xx_std_periph_driver/src/n32h7xx_lcdc.c **** *\*\name    LCDC_Init
  72:../../../firmware/n32h7xx_std_periph_driver/src/n32h7xx_lcdc.c **** *\*\fun     Initializes the LCDC.
  73:../../../firmware/n32h7xx_std_periph_driver/src/n32h7xx_lcdc.c **** *\*\param   LCDC_InitStruct: refer to the definition of LCDC_InitType
  74:../../../firmware/n32h7xx_std_periph_driver/src/n32h7xx_lcdc.c **** *\*\          - LCDC_HSPolarity
  75:../../../firmware/n32h7xx_std_periph_driver/src/n32h7xx_lcdc.c **** *\*\            * LCDC_HSPOLARITY_LOW
  76:../../../firmware/n32h7xx_std_periph_driver/src/n32h7xx_lcdc.c **** *\*\            * LCDC_HSPOLARITY_HIGH
  77:../../../firmware/n32h7xx_std_periph_driver/src/n32h7xx_lcdc.c **** *\*\          - LCDC_VSPolarity
  78:../../../firmware/n32h7xx_std_periph_driver/src/n32h7xx_lcdc.c **** *\*\            * LCDC_VSPOLARITY_LOW
  79:../../../firmware/n32h7xx_std_periph_driver/src/n32h7xx_lcdc.c **** *\*\            * LCDC_VSPOLARITY_HIGH
  80:../../../firmware/n32h7xx_std_periph_driver/src/n32h7xx_lcdc.c **** *\*\          - LCDC_DEPolarity
  81:../../../firmware/n32h7xx_std_periph_driver/src/n32h7xx_lcdc.c **** *\*\            * LCDC_DEPOLARITY_LOW
  82:../../../firmware/n32h7xx_std_periph_driver/src/n32h7xx_lcdc.c **** *\*\            * LCDC_DEPOLARITY_HIGH
  83:../../../firmware/n32h7xx_std_periph_driver/src/n32h7xx_lcdc.c **** *\*\          - LCDC_PCPolarity
  84:../../../firmware/n32h7xx_std_periph_driver/src/n32h7xx_lcdc.c **** *\*\            * LCDC_PCPOLARITY_IPC
  85:../../../firmware/n32h7xx_std_periph_driver/src/n32h7xx_lcdc.c **** *\*\            * LCDC_PCPOLARITY_IIPC
  86:../../../firmware/n32h7xx_std_periph_driver/src/n32h7xx_lcdc.c **** *\*\          - LCDC_HorizontalSync
  87:../../../firmware/n32h7xx_std_periph_driver/src/n32h7xx_lcdc.c **** *\*\            * 0x0000 ~ 0xFFFF
  88:../../../firmware/n32h7xx_std_periph_driver/src/n32h7xx_lcdc.c **** *\*\          - LCDC_VerticalSync
  89:../../../firmware/n32h7xx_std_periph_driver/src/n32h7xx_lcdc.c **** *\*\            * 0x0000 ~ 0xFFFF
  90:../../../firmware/n32h7xx_std_periph_driver/src/n32h7xx_lcdc.c **** *\*\          - LCDC_AccumulatedHBP
  91:../../../firmware/n32h7xx_std_periph_driver/src/n32h7xx_lcdc.c **** *\*\            * 0x0000 ~ 0xFFFF
  92:../../../firmware/n32h7xx_std_periph_driver/src/n32h7xx_lcdc.c **** *\*\          - LCDC_AccumulatedVBP
  93:../../../firmware/n32h7xx_std_periph_driver/src/n32h7xx_lcdc.c **** *\*\            * 0x0000 ~ 0xFFFF
  94:../../../firmware/n32h7xx_std_periph_driver/src/n32h7xx_lcdc.c **** *\*\          - LCDC_AccumulatedActiveW
  95:../../../firmware/n32h7xx_std_periph_driver/src/n32h7xx_lcdc.c **** *\*\            * 0x0000 ~ 0xFFFF
  96:../../../firmware/n32h7xx_std_periph_driver/src/n32h7xx_lcdc.c **** *\*\          - LCDC_AccumulatedActiveH
  97:../../../firmware/n32h7xx_std_periph_driver/src/n32h7xx_lcdc.c **** *\*\            * 0x0000 ~ 0xFFFF
  98:../../../firmware/n32h7xx_std_periph_driver/src/n32h7xx_lcdc.c **** *\*\          - LCDC_TotalWidth
  99:../../../firmware/n32h7xx_std_periph_driver/src/n32h7xx_lcdc.c **** *\*\            * 0x0000 ~ 0xFFFF
 100:../../../firmware/n32h7xx_std_periph_driver/src/n32h7xx_lcdc.c **** *\*\          - LCDC_TotalHeight
 101:../../../firmware/n32h7xx_std_periph_driver/src/n32h7xx_lcdc.c **** *\*\            * 0x0000 ~ 0xFFFF
 102:../../../firmware/n32h7xx_std_periph_driver/src/n32h7xx_lcdc.c **** *\*\          - LCDC_BackgroundRedValue
 103:../../../firmware/n32h7xx_std_periph_driver/src/n32h7xx_lcdc.c **** *\*\            * 0x00 ~ 0xFF
 104:../../../firmware/n32h7xx_std_periph_driver/src/n32h7xx_lcdc.c **** *\*\          - LCDC_BackgroundGreenValue
 105:../../../firmware/n32h7xx_std_periph_driver/src/n32h7xx_lcdc.c **** *\*\            * 0x00 ~ 0xFF
 106:../../../firmware/n32h7xx_std_periph_driver/src/n32h7xx_lcdc.c **** *\*\          - LCDC_BackgroundBlueValue
 107:../../../firmware/n32h7xx_std_periph_driver/src/n32h7xx_lcdc.c **** *\*\            * 0x00 ~ 0xFF
 108:../../../firmware/n32h7xx_std_periph_driver/src/n32h7xx_lcdc.c **** *\*\return  none
 109:../../../firmware/n32h7xx_std_periph_driver/src/n32h7xx_lcdc.c **** **/
 110:../../../firmware/n32h7xx_std_periph_driver/src/n32h7xx_lcdc.c **** void LCDC_Init(LCDC_InitType* LCDC_InitStruct)
 111:../../../firmware/n32h7xx_std_periph_driver/src/n32h7xx_lcdc.c **** {
  57              		.loc 1 111 1
  58              		.cfi_startproc
  59              		@ args = 0, pretend = 0, frame = 16
  60              		@ frame_needed = 1, uses_anonymous_args = 0
  61              		@ link register save eliminated.
  62 0000 80B4     		push	{r7}
  63              	.LCFI2:
ARM GAS  /tmp/ccxmuAb3.s 			page 4


  64              		.cfi_def_cfa_offset 4
  65              		.cfi_offset 7, -4
  66 0002 85B0     		sub	sp, sp, #20
  67              	.LCFI3:
  68              		.cfi_def_cfa_offset 24
  69 0004 00AF     		add	r7, sp, #0
  70              	.LCFI4:
  71              		.cfi_def_cfa_register 7
  72 0006 7860     		str	r0, [r7, #4]
 112:../../../firmware/n32h7xx_std_periph_driver/src/n32h7xx_lcdc.c ****     uint32_t tmpgctrl;
 113:../../../firmware/n32h7xx_std_periph_driver/src/n32h7xx_lcdc.c ****     uint32_t tmpbgcctrl;
 114:../../../firmware/n32h7xx_std_periph_driver/src/n32h7xx_lcdc.c **** 
 115:../../../firmware/n32h7xx_std_periph_driver/src/n32h7xx_lcdc.c ****     /* Configure the HS, VS, DE and PC polarity */
 116:../../../firmware/n32h7xx_std_periph_driver/src/n32h7xx_lcdc.c ****     /* Get the LCDC_GCTRL register value */
 117:../../../firmware/n32h7xx_std_periph_driver/src/n32h7xx_lcdc.c ****     tmpgctrl = LCDC->GCTRL;
  73              		.loc 1 117 20
  74 0008 294B     		ldr	r3, .L3
  75              		.loc 1 117 14
  76 000a 9B69     		ldr	r3, [r3, #24]
  77 000c FB60     		str	r3, [r7, #12]
 118:../../../firmware/n32h7xx_std_periph_driver/src/n32h7xx_lcdc.c ****     /* Clear PCLKPOL/DEPOL/VSPOL/HSPOL bits */
 119:../../../firmware/n32h7xx_std_periph_driver/src/n32h7xx_lcdc.c ****     tmpgctrl &= ~(LCDC_GCTRL_HSPOL | LCDC_GCTRL_VSPOL | LCDC_GCTRL_DEPOL | LCDC_GCTRL_PCLKPOL);
  78              		.loc 1 119 14
  79 000e FB68     		ldr	r3, [r7, #12]
  80 0010 23F07043 		bic	r3, r3, #-268435456
  81 0014 FB60     		str	r3, [r7, #12]
 120:../../../firmware/n32h7xx_std_periph_driver/src/n32h7xx_lcdc.c ****     /* Set PCLKPOL/DEPOL/VSPOL/HSPOL bits */
 121:../../../firmware/n32h7xx_std_periph_driver/src/n32h7xx_lcdc.c ****     tmpgctrl |= (uint32_t)(LCDC_InitStruct->LCDC_HSPolarity | LCDC_InitStruct->LCDC_VSPolarity | LC
  82              		.loc 1 121 43
  83 0016 7B68     		ldr	r3, [r7, #4]
  84 0018 1A68     		ldr	r2, [r3]
  85              		.loc 1 121 78
  86 001a 7B68     		ldr	r3, [r7, #4]
  87 001c 5B68     		ldr	r3, [r3, #4]
  88              		.loc 1 121 61
  89 001e 1A43     		orrs	r2, r2, r3
  90              		.loc 1 121 113
  91 0020 7B68     		ldr	r3, [r7, #4]
  92 0022 9B68     		ldr	r3, [r3, #8]
  93              		.loc 1 121 96
  94 0024 1A43     		orrs	r2, r2, r3
  95              		.loc 1 121 148
  96 0026 7B68     		ldr	r3, [r7, #4]
  97 0028 DB68     		ldr	r3, [r3, #12]
  98              		.loc 1 121 131
  99 002a 1343     		orrs	r3, r3, r2
 100              		.loc 1 121 14
 101 002c FA68     		ldr	r2, [r7, #12]
 102 002e 1343     		orrs	r3, r3, r2
 103 0030 FB60     		str	r3, [r7, #12]
 122:../../../firmware/n32h7xx_std_periph_driver/src/n32h7xx_lcdc.c ****     /* Write to LCDC_GCTRL */
 123:../../../firmware/n32h7xx_std_periph_driver/src/n32h7xx_lcdc.c ****     LCDC->GCTRL = (uint32_t)tmpgctrl;
 104              		.loc 1 123 9
 105 0032 1F4A     		ldr	r2, .L3
 106              		.loc 1 123 17
 107 0034 FB68     		ldr	r3, [r7, #12]
 108 0036 9361     		str	r3, [r2, #24]
ARM GAS  /tmp/ccxmuAb3.s 			page 5


 124:../../../firmware/n32h7xx_std_periph_driver/src/n32h7xx_lcdc.c **** 
 125:../../../firmware/n32h7xx_std_periph_driver/src/n32h7xx_lcdc.c ****     /* Set Synchronization size */
 126:../../../firmware/n32h7xx_std_periph_driver/src/n32h7xx_lcdc.c ****     LCDC->SYNCCTRL = (uint32_t)((LCDC_InitStruct->LCDC_HorizontalSync << 16) | LCDC_InitStruct->LCD
 109              		.loc 1 126 49
 110 0038 7B68     		ldr	r3, [r7, #4]
 111 003a 1B69     		ldr	r3, [r3, #16]
 112              		.loc 1 126 71
 113 003c 1A04     		lsls	r2, r3, #16
 114              		.loc 1 126 95
 115 003e 7B68     		ldr	r3, [r7, #4]
 116 0040 5B69     		ldr	r3, [r3, #20]
 117              		.loc 1 126 9
 118 0042 1B49     		ldr	r1, .L3
 119              		.loc 1 126 78
 120 0044 1343     		orrs	r3, r3, r2
 121              		.loc 1 126 20
 122 0046 8B60     		str	r3, [r1, #8]
 127:../../../firmware/n32h7xx_std_periph_driver/src/n32h7xx_lcdc.c **** 
 128:../../../firmware/n32h7xx_std_periph_driver/src/n32h7xx_lcdc.c ****     /* Set Accumulated Back porch */
 129:../../../firmware/n32h7xx_std_periph_driver/src/n32h7xx_lcdc.c ****     LCDC->BPCTRL = (uint32_t)((LCDC_InitStruct->LCDC_AccumulatedHBP << 16) | LCDC_InitStruct->LCDC_
 123              		.loc 1 129 47
 124 0048 7B68     		ldr	r3, [r7, #4]
 125 004a 9B69     		ldr	r3, [r3, #24]
 126              		.loc 1 129 69
 127 004c 1A04     		lsls	r2, r3, #16
 128              		.loc 1 129 93
 129 004e 7B68     		ldr	r3, [r7, #4]
 130 0050 DB69     		ldr	r3, [r3, #28]
 131              		.loc 1 129 9
 132 0052 1749     		ldr	r1, .L3
 133              		.loc 1 129 76
 134 0054 1343     		orrs	r3, r3, r2
 135              		.loc 1 129 18
 136 0056 CB60     		str	r3, [r1, #12]
 130:../../../firmware/n32h7xx_std_periph_driver/src/n32h7xx_lcdc.c **** 
 131:../../../firmware/n32h7xx_std_periph_driver/src/n32h7xx_lcdc.c ****     /* Set Accumulated Active Width */
 132:../../../firmware/n32h7xx_std_periph_driver/src/n32h7xx_lcdc.c ****     LCDC->AWCTRL = (uint32_t)((LCDC_InitStruct->LCDC_AccumulatedActiveW << 16) | LCDC_InitStruct->L
 137              		.loc 1 132 47
 138 0058 7B68     		ldr	r3, [r7, #4]
 139 005a 1B6A     		ldr	r3, [r3, #32]
 140              		.loc 1 132 73
 141 005c 1A04     		lsls	r2, r3, #16
 142              		.loc 1 132 97
 143 005e 7B68     		ldr	r3, [r7, #4]
 144 0060 5B6A     		ldr	r3, [r3, #36]
 145              		.loc 1 132 9
 146 0062 1349     		ldr	r1, .L3
 147              		.loc 1 132 80
 148 0064 1343     		orrs	r3, r3, r2
 149              		.loc 1 132 18
 150 0066 0B61     		str	r3, [r1, #16]
 133:../../../firmware/n32h7xx_std_periph_driver/src/n32h7xx_lcdc.c **** 
 134:../../../firmware/n32h7xx_std_periph_driver/src/n32h7xx_lcdc.c ****     /* Set Total Width */
 135:../../../firmware/n32h7xx_std_periph_driver/src/n32h7xx_lcdc.c ****     LCDC->TWCTRL = (uint32_t)((LCDC_InitStruct->LCDC_TotalWidth << 16) | LCDC_InitStruct->LCDC_Tota
 151              		.loc 1 135 47
 152 0068 7B68     		ldr	r3, [r7, #4]
 153 006a 9B6A     		ldr	r3, [r3, #40]
ARM GAS  /tmp/ccxmuAb3.s 			page 6


 154              		.loc 1 135 65
 155 006c 1A04     		lsls	r2, r3, #16
 156              		.loc 1 135 89
 157 006e 7B68     		ldr	r3, [r7, #4]
 158 0070 DB6A     		ldr	r3, [r3, #44]
 159              		.loc 1 135 9
 160 0072 0F49     		ldr	r1, .L3
 161              		.loc 1 135 72
 162 0074 1343     		orrs	r3, r3, r2
 163              		.loc 1 135 18
 164 0076 4B61     		str	r3, [r1, #20]
 136:../../../firmware/n32h7xx_std_periph_driver/src/n32h7xx_lcdc.c **** 
 137:../../../firmware/n32h7xx_std_periph_driver/src/n32h7xx_lcdc.c ****     /* Configure the background color value */
 138:../../../firmware/n32h7xx_std_periph_driver/src/n32h7xx_lcdc.c ****     /* Get the LCDC_BGCCTRL register value */
 139:../../../firmware/n32h7xx_std_periph_driver/src/n32h7xx_lcdc.c ****     tmpbgcctrl = LCDC->BGCCTRL;
 165              		.loc 1 139 22
 166 0078 0D4B     		ldr	r3, .L3
 167              		.loc 1 139 16
 168 007a DB6A     		ldr	r3, [r3, #44]
 169 007c BB60     		str	r3, [r7, #8]
 140:../../../firmware/n32h7xx_std_periph_driver/src/n32h7xx_lcdc.c ****     /* Clear BCR/BCG/BCB bits */
 141:../../../firmware/n32h7xx_std_periph_driver/src/n32h7xx_lcdc.c ****     tmpbgcctrl &= ~(LCDC_BGCCTRL_BCR | LCDC_BGCCTRL_BCG | LCDC_BGCCTRL_BCB);
 170              		.loc 1 141 16
 171 007e BB68     		ldr	r3, [r7, #8]
 172 0080 03F07F43 		and	r3, r3, #-16777216
 173 0084 BB60     		str	r3, [r7, #8]
 142:../../../firmware/n32h7xx_std_periph_driver/src/n32h7xx_lcdc.c ****     /* Set BCR/BCG/BCB bits */
 143:../../../firmware/n32h7xx_std_periph_driver/src/n32h7xx_lcdc.c ****     tmpbgcctrl |= (uint32_t)((LCDC_InitStruct->LCDC_BackgroundRedValue << 16) | (LCDC_InitStruct->L
 174              		.loc 1 143 46
 175 0086 7B68     		ldr	r3, [r7, #4]
 176 0088 1B6B     		ldr	r3, [r3, #48]
 177              		.loc 1 143 72
 178 008a 1A04     		lsls	r2, r3, #16
 179              		.loc 1 143 97
 180 008c 7B68     		ldr	r3, [r7, #4]
 181 008e 5B6B     		ldr	r3, [r3, #52]
 182              		.loc 1 143 125
 183 0090 1B02     		lsls	r3, r3, #8
 184              		.loc 1 143 79
 185 0092 1A43     		orrs	r2, r2, r3
 186              		.loc 1 143 148
 187 0094 7B68     		ldr	r3, [r7, #4]
 188 0096 9B6B     		ldr	r3, [r3, #56]
 189              		.loc 1 143 131
 190 0098 1343     		orrs	r3, r3, r2
 191              		.loc 1 143 16
 192 009a BA68     		ldr	r2, [r7, #8]
 193 009c 1343     		orrs	r3, r3, r2
 194 009e BB60     		str	r3, [r7, #8]
 144:../../../firmware/n32h7xx_std_periph_driver/src/n32h7xx_lcdc.c ****     /* Write to LCDC_BGCCTRL */
 145:../../../firmware/n32h7xx_std_periph_driver/src/n32h7xx_lcdc.c ****     LCDC->BGCCTRL = (uint32_t)tmpbgcctrl;
 195              		.loc 1 145 9
 196 00a0 034A     		ldr	r2, .L3
 197              		.loc 1 145 19
 198 00a2 BB68     		ldr	r3, [r7, #8]
 199 00a4 D362     		str	r3, [r2, #44]
 146:../../../firmware/n32h7xx_std_periph_driver/src/n32h7xx_lcdc.c **** }
ARM GAS  /tmp/ccxmuAb3.s 			page 7


 200              		.loc 1 146 1
 201 00a6 00BF     		nop
 202 00a8 1437     		adds	r7, r7, #20
 203              	.LCFI5:
 204              		.cfi_def_cfa_offset 4
 205 00aa BD46     		mov	sp, r7
 206              	.LCFI6:
 207              		.cfi_def_cfa_register 13
 208              		@ sp needed
 209 00ac 80BC     		pop	{r7}
 210              	.LCFI7:
 211              		.cfi_restore 7
 212              		.cfi_def_cfa_offset 0
 213 00ae 7047     		bx	lr
 214              	.L4:
 215              		.align	2
 216              	.L3:
 217 00b0 00A00450 		.word	1342480384
 218              		.cfi_endproc
 219              	.LFE136:
 221              		.section	.text.LCDC_StructInit,"ax",%progbits
 222              		.align	1
 223              		.global	LCDC_StructInit
 224              		.syntax unified
 225              		.thumb
 226              		.thumb_func
 228              	LCDC_StructInit:
 229              	.LFB137:
 147:../../../firmware/n32h7xx_std_periph_driver/src/n32h7xx_lcdc.c **** 
 148:../../../firmware/n32h7xx_std_periph_driver/src/n32h7xx_lcdc.c **** /**
 149:../../../firmware/n32h7xx_std_periph_driver/src/n32h7xx_lcdc.c **** *\*\name    LCDC_StructInit
 150:../../../firmware/n32h7xx_std_periph_driver/src/n32h7xx_lcdc.c **** *\*\fun     Fills each LCDC_InitStruct member with its default value.
 151:../../../firmware/n32h7xx_std_periph_driver/src/n32h7xx_lcdc.c **** *\*\param   LCDC_InitStruct: refer to the definition of LCDC_InitType
 152:../../../firmware/n32h7xx_std_periph_driver/src/n32h7xx_lcdc.c **** *\*\          - LCDC_HSPolarity
 153:../../../firmware/n32h7xx_std_periph_driver/src/n32h7xx_lcdc.c **** *\*\            * LCDC_HSPOLARITY_LOW
 154:../../../firmware/n32h7xx_std_periph_driver/src/n32h7xx_lcdc.c **** *\*\            * LCDC_HSPOLARITY_HIGH
 155:../../../firmware/n32h7xx_std_periph_driver/src/n32h7xx_lcdc.c **** *\*\          - LCDC_VSPolarity
 156:../../../firmware/n32h7xx_std_periph_driver/src/n32h7xx_lcdc.c **** *\*\            * LCDC_VSPOLARITY_LOW
 157:../../../firmware/n32h7xx_std_periph_driver/src/n32h7xx_lcdc.c **** *\*\            * LCDC_VSPOLARITY_HIGH
 158:../../../firmware/n32h7xx_std_periph_driver/src/n32h7xx_lcdc.c **** *\*\          - LCDC_DEPolarity
 159:../../../firmware/n32h7xx_std_periph_driver/src/n32h7xx_lcdc.c **** *\*\            * LCDC_DEPOLARITY_LOW
 160:../../../firmware/n32h7xx_std_periph_driver/src/n32h7xx_lcdc.c **** *\*\            * LCDC_DEPOLARITY_HIGH
 161:../../../firmware/n32h7xx_std_periph_driver/src/n32h7xx_lcdc.c **** *\*\          - LCDC_PCPolarity
 162:../../../firmware/n32h7xx_std_periph_driver/src/n32h7xx_lcdc.c **** *\*\            * LCDC_PCPOLARITY_IPC
 163:../../../firmware/n32h7xx_std_periph_driver/src/n32h7xx_lcdc.c **** *\*\            * LCDC_PCPOLARITY_IIPC
 164:../../../firmware/n32h7xx_std_periph_driver/src/n32h7xx_lcdc.c **** *\*\          - LCDC_HorizontalSync
 165:../../../firmware/n32h7xx_std_periph_driver/src/n32h7xx_lcdc.c **** *\*\            * 0x0000 ~ 0xFFFF
 166:../../../firmware/n32h7xx_std_periph_driver/src/n32h7xx_lcdc.c **** *\*\          - LCDC_VerticalSync
 167:../../../firmware/n32h7xx_std_periph_driver/src/n32h7xx_lcdc.c **** *\*\            * 0x0000 ~ 0xFFFF
 168:../../../firmware/n32h7xx_std_periph_driver/src/n32h7xx_lcdc.c **** *\*\          - LCDC_AccumulatedHBP
 169:../../../firmware/n32h7xx_std_periph_driver/src/n32h7xx_lcdc.c **** *\*\            * 0x0000 ~ 0xFFFF
 170:../../../firmware/n32h7xx_std_periph_driver/src/n32h7xx_lcdc.c **** *\*\          - LCDC_AccumulatedVBP
 171:../../../firmware/n32h7xx_std_periph_driver/src/n32h7xx_lcdc.c **** *\*\            * 0x0000 ~ 0xFFFF
 172:../../../firmware/n32h7xx_std_periph_driver/src/n32h7xx_lcdc.c **** *\*\          - LCDC_AccumulatedActiveW
 173:../../../firmware/n32h7xx_std_periph_driver/src/n32h7xx_lcdc.c **** *\*\            * 0x0000 ~ 0xFFFF
 174:../../../firmware/n32h7xx_std_periph_driver/src/n32h7xx_lcdc.c **** *\*\          - LCDC_AccumulatedActiveH
 175:../../../firmware/n32h7xx_std_periph_driver/src/n32h7xx_lcdc.c **** *\*\            * 0x0000 ~ 0xFFFF
ARM GAS  /tmp/ccxmuAb3.s 			page 8


 176:../../../firmware/n32h7xx_std_periph_driver/src/n32h7xx_lcdc.c **** *\*\          - LCDC_TotalWidth
 177:../../../firmware/n32h7xx_std_periph_driver/src/n32h7xx_lcdc.c **** *\*\            * 0x0000 ~ 0xFFFF
 178:../../../firmware/n32h7xx_std_periph_driver/src/n32h7xx_lcdc.c **** *\*\          - LCDC_TotalHeight
 179:../../../firmware/n32h7xx_std_periph_driver/src/n32h7xx_lcdc.c **** *\*\            * 0x0000 ~ 0xFFFF
 180:../../../firmware/n32h7xx_std_periph_driver/src/n32h7xx_lcdc.c **** *\*\          - LCDC_BackgroundRedValue
 181:../../../firmware/n32h7xx_std_periph_driver/src/n32h7xx_lcdc.c **** *\*\            * 0x00 ~ 0xFF
 182:../../../firmware/n32h7xx_std_periph_driver/src/n32h7xx_lcdc.c **** *\*\          - LCDC_BackgroundGreenValue
 183:../../../firmware/n32h7xx_std_periph_driver/src/n32h7xx_lcdc.c **** *\*\            * 0x00 ~ 0xFF
 184:../../../firmware/n32h7xx_std_periph_driver/src/n32h7xx_lcdc.c **** *\*\          - LCDC_BackgroundBlueValue
 185:../../../firmware/n32h7xx_std_periph_driver/src/n32h7xx_lcdc.c **** *\*\            * 0x00 ~ 0xFF
 186:../../../firmware/n32h7xx_std_periph_driver/src/n32h7xx_lcdc.c **** *\*\return  none
 187:../../../firmware/n32h7xx_std_periph_driver/src/n32h7xx_lcdc.c **** **/
 188:../../../firmware/n32h7xx_std_periph_driver/src/n32h7xx_lcdc.c **** void LCDC_StructInit(LCDC_InitType* LCDC_InitStruct)
 189:../../../firmware/n32h7xx_std_periph_driver/src/n32h7xx_lcdc.c **** {
 230              		.loc 1 189 1
 231              		.cfi_startproc
 232              		@ args = 0, pretend = 0, frame = 8
 233              		@ frame_needed = 1, uses_anonymous_args = 0
 234              		@ link register save eliminated.
 235 0000 80B4     		push	{r7}
 236              	.LCFI8:
 237              		.cfi_def_cfa_offset 4
 238              		.cfi_offset 7, -4
 239 0002 83B0     		sub	sp, sp, #12
 240              	.LCFI9:
 241              		.cfi_def_cfa_offset 16
 242 0004 00AF     		add	r7, sp, #0
 243              	.LCFI10:
 244              		.cfi_def_cfa_register 7
 245 0006 7860     		str	r0, [r7, #4]
 190:../../../firmware/n32h7xx_std_periph_driver/src/n32h7xx_lcdc.c ****     /* Set the default configuration */
 191:../../../firmware/n32h7xx_std_periph_driver/src/n32h7xx_lcdc.c ****     LCDC_InitStruct->LCDC_HSPolarity            = LCDC_HSPOLARITY_LOW;
 246              		.loc 1 191 49
 247 0008 7B68     		ldr	r3, [r7, #4]
 248 000a 0022     		movs	r2, #0
 249 000c 1A60     		str	r2, [r3]
 192:../../../firmware/n32h7xx_std_periph_driver/src/n32h7xx_lcdc.c ****     LCDC_InitStruct->LCDC_VSPolarity            = LCDC_VSPOLARITY_LOW;
 250              		.loc 1 192 49
 251 000e 7B68     		ldr	r3, [r7, #4]
 252 0010 0022     		movs	r2, #0
 253 0012 5A60     		str	r2, [r3, #4]
 193:../../../firmware/n32h7xx_std_periph_driver/src/n32h7xx_lcdc.c ****     LCDC_InitStruct->LCDC_DEPolarity            = LCDC_DEPOLARITY_LOW;
 254              		.loc 1 193 49
 255 0014 7B68     		ldr	r3, [r7, #4]
 256 0016 4FF00052 		mov	r2, #536870912
 257 001a 9A60     		str	r2, [r3, #8]
 194:../../../firmware/n32h7xx_std_periph_driver/src/n32h7xx_lcdc.c ****     LCDC_InitStruct->LCDC_PCPolarity            = LCDC_PCPOLARITY_IPC;
 258              		.loc 1 194 49
 259 001c 7B68     		ldr	r3, [r7, #4]
 260 001e 0022     		movs	r2, #0
 261 0020 DA60     		str	r2, [r3, #12]
 195:../../../firmware/n32h7xx_std_periph_driver/src/n32h7xx_lcdc.c ****     LCDC_InitStruct->LCDC_HorizontalSync        = 0x00;
 262              		.loc 1 195 49
 263 0022 7B68     		ldr	r3, [r7, #4]
 264 0024 0022     		movs	r2, #0
 265 0026 1A61     		str	r2, [r3, #16]
 196:../../../firmware/n32h7xx_std_periph_driver/src/n32h7xx_lcdc.c ****     LCDC_InitStruct->LCDC_VerticalSync          = 0x00;
ARM GAS  /tmp/ccxmuAb3.s 			page 9


 266              		.loc 1 196 49
 267 0028 7B68     		ldr	r3, [r7, #4]
 268 002a 0022     		movs	r2, #0
 269 002c 5A61     		str	r2, [r3, #20]
 197:../../../firmware/n32h7xx_std_periph_driver/src/n32h7xx_lcdc.c ****     LCDC_InitStruct->LCDC_AccumulatedHBP        = 0x00;
 270              		.loc 1 197 49
 271 002e 7B68     		ldr	r3, [r7, #4]
 272 0030 0022     		movs	r2, #0
 273 0032 9A61     		str	r2, [r3, #24]
 198:../../../firmware/n32h7xx_std_periph_driver/src/n32h7xx_lcdc.c ****     LCDC_InitStruct->LCDC_AccumulatedVBP        = 0x00;
 274              		.loc 1 198 49
 275 0034 7B68     		ldr	r3, [r7, #4]
 276 0036 0022     		movs	r2, #0
 277 0038 DA61     		str	r2, [r3, #28]
 199:../../../firmware/n32h7xx_std_periph_driver/src/n32h7xx_lcdc.c ****     LCDC_InitStruct->LCDC_AccumulatedActiveW    = 0x00;
 278              		.loc 1 199 49
 279 003a 7B68     		ldr	r3, [r7, #4]
 280 003c 0022     		movs	r2, #0
 281 003e 1A62     		str	r2, [r3, #32]
 200:../../../firmware/n32h7xx_std_periph_driver/src/n32h7xx_lcdc.c ****     LCDC_InitStruct->LCDC_AccumulatedActiveH    = 0x00;
 282              		.loc 1 200 49
 283 0040 7B68     		ldr	r3, [r7, #4]
 284 0042 0022     		movs	r2, #0
 285 0044 5A62     		str	r2, [r3, #36]
 201:../../../firmware/n32h7xx_std_periph_driver/src/n32h7xx_lcdc.c ****     LCDC_InitStruct->LCDC_TotalWidth            = 0x00;
 286              		.loc 1 201 49
 287 0046 7B68     		ldr	r3, [r7, #4]
 288 0048 0022     		movs	r2, #0
 289 004a 9A62     		str	r2, [r3, #40]
 202:../../../firmware/n32h7xx_std_periph_driver/src/n32h7xx_lcdc.c ****     LCDC_InitStruct->LCDC_TotalHeight           = 0x00;
 290              		.loc 1 202 49
 291 004c 7B68     		ldr	r3, [r7, #4]
 292 004e 0022     		movs	r2, #0
 293 0050 DA62     		str	r2, [r3, #44]
 203:../../../firmware/n32h7xx_std_periph_driver/src/n32h7xx_lcdc.c ****     LCDC_InitStruct->LCDC_BackgroundRedValue    = 0x00;
 294              		.loc 1 203 49
 295 0052 7B68     		ldr	r3, [r7, #4]
 296 0054 0022     		movs	r2, #0
 297 0056 1A63     		str	r2, [r3, #48]
 204:../../../firmware/n32h7xx_std_periph_driver/src/n32h7xx_lcdc.c ****     LCDC_InitStruct->LCDC_BackgroundGreenValue  = 0x00;
 298              		.loc 1 204 49
 299 0058 7B68     		ldr	r3, [r7, #4]
 300 005a 0022     		movs	r2, #0
 301 005c 5A63     		str	r2, [r3, #52]
 205:../../../firmware/n32h7xx_std_periph_driver/src/n32h7xx_lcdc.c ****     LCDC_InitStruct->LCDC_BackgroundBlueValue   = 0x00;
 302              		.loc 1 205 49
 303 005e 7B68     		ldr	r3, [r7, #4]
 304 0060 0022     		movs	r2, #0
 305 0062 9A63     		str	r2, [r3, #56]
 206:../../../firmware/n32h7xx_std_periph_driver/src/n32h7xx_lcdc.c **** }
 306              		.loc 1 206 1
 307 0064 00BF     		nop
 308 0066 0C37     		adds	r7, r7, #12
 309              	.LCFI11:
 310              		.cfi_def_cfa_offset 4
 311 0068 BD46     		mov	sp, r7
 312              	.LCFI12:
ARM GAS  /tmp/ccxmuAb3.s 			page 10


 313              		.cfi_def_cfa_register 13
 314              		@ sp needed
 315 006a 80BC     		pop	{r7}
 316              	.LCFI13:
 317              		.cfi_restore 7
 318              		.cfi_def_cfa_offset 0
 319 006c 7047     		bx	lr
 320              		.cfi_endproc
 321              	.LFE137:
 323              		.section	.text.LCDC_Enable,"ax",%progbits
 324              		.align	1
 325              		.global	LCDC_Enable
 326              		.syntax unified
 327              		.thumb
 328              		.thumb_func
 330              	LCDC_Enable:
 331              	.LFB138:
 207:../../../firmware/n32h7xx_std_periph_driver/src/n32h7xx_lcdc.c **** 
 208:../../../firmware/n32h7xx_std_periph_driver/src/n32h7xx_lcdc.c **** /**
 209:../../../firmware/n32h7xx_std_periph_driver/src/n32h7xx_lcdc.c **** *\*\name    LCDC_Enable
 210:../../../firmware/n32h7xx_std_periph_driver/src/n32h7xx_lcdc.c **** *\*\fun     Enables or disables the specified LCDC peripheral.
 211:../../../firmware/n32h7xx_std_periph_driver/src/n32h7xx_lcdc.c **** *\*\param   Cmd :
 212:../../../firmware/n32h7xx_std_periph_driver/src/n32h7xx_lcdc.c **** *\*\          - ENABLE
 213:../../../firmware/n32h7xx_std_periph_driver/src/n32h7xx_lcdc.c **** *\*\          - DISABLE
 214:../../../firmware/n32h7xx_std_periph_driver/src/n32h7xx_lcdc.c **** *\*\return  none
 215:../../../firmware/n32h7xx_std_periph_driver/src/n32h7xx_lcdc.c **** **/
 216:../../../firmware/n32h7xx_std_periph_driver/src/n32h7xx_lcdc.c **** void LCDC_Enable(FunctionalState Cmd)
 217:../../../firmware/n32h7xx_std_periph_driver/src/n32h7xx_lcdc.c **** {
 332              		.loc 1 217 1
 333              		.cfi_startproc
 334              		@ args = 0, pretend = 0, frame = 8
 335              		@ frame_needed = 1, uses_anonymous_args = 0
 336              		@ link register save eliminated.
 337 0000 80B4     		push	{r7}
 338              	.LCFI14:
 339              		.cfi_def_cfa_offset 4
 340              		.cfi_offset 7, -4
 341 0002 83B0     		sub	sp, sp, #12
 342              	.LCFI15:
 343              		.cfi_def_cfa_offset 16
 344 0004 00AF     		add	r7, sp, #0
 345              	.LCFI16:
 346              		.cfi_def_cfa_register 7
 347 0006 0346     		mov	r3, r0
 348 0008 FB71     		strb	r3, [r7, #7]
 218:../../../firmware/n32h7xx_std_periph_driver/src/n32h7xx_lcdc.c ****     if (Cmd != DISABLE)
 349              		.loc 1 218 8
 350 000a FB79     		ldrb	r3, [r7, #7]	@ zero_extendqisi2
 351 000c 002B     		cmp	r3, #0
 352 000e 06D0     		beq	.L7
 219:../../../firmware/n32h7xx_std_periph_driver/src/n32h7xx_lcdc.c ****     {
 220:../../../firmware/n32h7xx_std_periph_driver/src/n32h7xx_lcdc.c ****         /* Enable the LCDC */
 221:../../../firmware/n32h7xx_std_periph_driver/src/n32h7xx_lcdc.c ****         LCDC->GCTRL |= (uint32_t)LCDC_GCTRL_EN;
 353              		.loc 1 221 13
 354 0010 084B     		ldr	r3, .L10
 355 0012 9B69     		ldr	r3, [r3, #24]
 356 0014 074A     		ldr	r2, .L10
ARM GAS  /tmp/ccxmuAb3.s 			page 11


 357              		.loc 1 221 21
 358 0016 43F00103 		orr	r3, r3, #1
 359 001a 9361     		str	r3, [r2, #24]
 222:../../../firmware/n32h7xx_std_periph_driver/src/n32h7xx_lcdc.c ****     }
 223:../../../firmware/n32h7xx_std_periph_driver/src/n32h7xx_lcdc.c ****     else
 224:../../../firmware/n32h7xx_std_periph_driver/src/n32h7xx_lcdc.c ****     {
 225:../../../firmware/n32h7xx_std_periph_driver/src/n32h7xx_lcdc.c ****         /* Disable the LCDC */
 226:../../../firmware/n32h7xx_std_periph_driver/src/n32h7xx_lcdc.c ****         LCDC->GCTRL &= (uint32_t)(~LCDC_GCTRL_EN);
 227:../../../firmware/n32h7xx_std_periph_driver/src/n32h7xx_lcdc.c ****     }
 228:../../../firmware/n32h7xx_std_periph_driver/src/n32h7xx_lcdc.c **** }
 360              		.loc 1 228 1
 361 001c 05E0     		b	.L9
 362              	.L7:
 226:../../../firmware/n32h7xx_std_periph_driver/src/n32h7xx_lcdc.c ****     }
 363              		.loc 1 226 13
 364 001e 054B     		ldr	r3, .L10
 365 0020 9B69     		ldr	r3, [r3, #24]
 366 0022 044A     		ldr	r2, .L10
 226:../../../firmware/n32h7xx_std_periph_driver/src/n32h7xx_lcdc.c ****     }
 367              		.loc 1 226 21
 368 0024 23F00103 		bic	r3, r3, #1
 369 0028 9361     		str	r3, [r2, #24]
 370              	.L9:
 371              		.loc 1 228 1
 372 002a 00BF     		nop
 373 002c 0C37     		adds	r7, r7, #12
 374              	.LCFI17:
 375              		.cfi_def_cfa_offset 4
 376 002e BD46     		mov	sp, r7
 377              	.LCFI18:
 378              		.cfi_def_cfa_register 13
 379              		@ sp needed
 380 0030 80BC     		pop	{r7}
 381              	.LCFI19:
 382              		.cfi_restore 7
 383              		.cfi_def_cfa_offset 0
 384 0032 7047     		bx	lr
 385              	.L11:
 386              		.align	2
 387              	.L10:
 388 0034 00A00450 		.word	1342480384
 389              		.cfi_endproc
 390              	.LFE138:
 392              		.section	.text.LCDC_DitherEnable,"ax",%progbits
 393              		.align	1
 394              		.global	LCDC_DitherEnable
 395              		.syntax unified
 396              		.thumb
 397              		.thumb_func
 399              	LCDC_DitherEnable:
 400              	.LFB139:
 229:../../../firmware/n32h7xx_std_periph_driver/src/n32h7xx_lcdc.c **** 
 230:../../../firmware/n32h7xx_std_periph_driver/src/n32h7xx_lcdc.c **** /**
 231:../../../firmware/n32h7xx_std_periph_driver/src/n32h7xx_lcdc.c **** *\*\name    LCDC_DitherEnable
 232:../../../firmware/n32h7xx_std_periph_driver/src/n32h7xx_lcdc.c **** *\*\fun     Enables or disables the dither.
 233:../../../firmware/n32h7xx_std_periph_driver/src/n32h7xx_lcdc.c **** *\*\param   Cmd :
 234:../../../firmware/n32h7xx_std_periph_driver/src/n32h7xx_lcdc.c **** *\*\          - ENABLE
ARM GAS  /tmp/ccxmuAb3.s 			page 12


 235:../../../firmware/n32h7xx_std_periph_driver/src/n32h7xx_lcdc.c **** *\*\          - DISABLE
 236:../../../firmware/n32h7xx_std_periph_driver/src/n32h7xx_lcdc.c **** *\*\return  none
 237:../../../firmware/n32h7xx_std_periph_driver/src/n32h7xx_lcdc.c **** **/
 238:../../../firmware/n32h7xx_std_periph_driver/src/n32h7xx_lcdc.c **** void LCDC_DitherEnable(FunctionalState Cmd)
 239:../../../firmware/n32h7xx_std_periph_driver/src/n32h7xx_lcdc.c **** {
 401              		.loc 1 239 1
 402              		.cfi_startproc
 403              		@ args = 0, pretend = 0, frame = 8
 404              		@ frame_needed = 1, uses_anonymous_args = 0
 405              		@ link register save eliminated.
 406 0000 80B4     		push	{r7}
 407              	.LCFI20:
 408              		.cfi_def_cfa_offset 4
 409              		.cfi_offset 7, -4
 410 0002 83B0     		sub	sp, sp, #12
 411              	.LCFI21:
 412              		.cfi_def_cfa_offset 16
 413 0004 00AF     		add	r7, sp, #0
 414              	.LCFI22:
 415              		.cfi_def_cfa_register 7
 416 0006 0346     		mov	r3, r0
 417 0008 FB71     		strb	r3, [r7, #7]
 240:../../../firmware/n32h7xx_std_periph_driver/src/n32h7xx_lcdc.c ****     if (Cmd != DISABLE)
 418              		.loc 1 240 8
 419 000a FB79     		ldrb	r3, [r7, #7]	@ zero_extendqisi2
 420 000c 002B     		cmp	r3, #0
 421 000e 06D0     		beq	.L13
 241:../../../firmware/n32h7xx_std_periph_driver/src/n32h7xx_lcdc.c ****     {
 242:../../../firmware/n32h7xx_std_periph_driver/src/n32h7xx_lcdc.c ****         /* Enable the dither */
 243:../../../firmware/n32h7xx_std_periph_driver/src/n32h7xx_lcdc.c ****         LCDC->GCTRL |= (uint32_t)LCDC_GCTRL_DEN;
 422              		.loc 1 243 13
 423 0010 084B     		ldr	r3, .L16
 424 0012 9B69     		ldr	r3, [r3, #24]
 425 0014 074A     		ldr	r2, .L16
 426              		.loc 1 243 21
 427 0016 43F48033 		orr	r3, r3, #65536
 428 001a 9361     		str	r3, [r2, #24]
 244:../../../firmware/n32h7xx_std_periph_driver/src/n32h7xx_lcdc.c ****     }
 245:../../../firmware/n32h7xx_std_periph_driver/src/n32h7xx_lcdc.c ****     else
 246:../../../firmware/n32h7xx_std_periph_driver/src/n32h7xx_lcdc.c ****     {
 247:../../../firmware/n32h7xx_std_periph_driver/src/n32h7xx_lcdc.c ****         /* Disable the dither */
 248:../../../firmware/n32h7xx_std_periph_driver/src/n32h7xx_lcdc.c ****         LCDC->GCTRL &= (uint32_t)(~LCDC_GCTRL_DEN);
 249:../../../firmware/n32h7xx_std_periph_driver/src/n32h7xx_lcdc.c ****     }
 250:../../../firmware/n32h7xx_std_periph_driver/src/n32h7xx_lcdc.c **** 
 251:../../../firmware/n32h7xx_std_periph_driver/src/n32h7xx_lcdc.c **** }
 429              		.loc 1 251 1
 430 001c 05E0     		b	.L15
 431              	.L13:
 248:../../../firmware/n32h7xx_std_periph_driver/src/n32h7xx_lcdc.c ****     }
 432              		.loc 1 248 13
 433 001e 054B     		ldr	r3, .L16
 434 0020 9B69     		ldr	r3, [r3, #24]
 435 0022 044A     		ldr	r2, .L16
 248:../../../firmware/n32h7xx_std_periph_driver/src/n32h7xx_lcdc.c ****     }
 436              		.loc 1 248 21
 437 0024 23F48033 		bic	r3, r3, #65536
 438 0028 9361     		str	r3, [r2, #24]
ARM GAS  /tmp/ccxmuAb3.s 			page 13


 439              	.L15:
 440              		.loc 1 251 1
 441 002a 00BF     		nop
 442 002c 0C37     		adds	r7, r7, #12
 443              	.LCFI23:
 444              		.cfi_def_cfa_offset 4
 445 002e BD46     		mov	sp, r7
 446              	.LCFI24:
 447              		.cfi_def_cfa_register 13
 448              		@ sp needed
 449 0030 80BC     		pop	{r7}
 450              	.LCFI25:
 451              		.cfi_restore 7
 452              		.cfi_def_cfa_offset 0
 453 0032 7047     		bx	lr
 454              	.L17:
 455              		.align	2
 456              	.L16:
 457 0034 00A00450 		.word	1342480384
 458              		.cfi_endproc
 459              	.LFE139:
 461              		.section	.text.LCDC_GetDitherWidth,"ax",%progbits
 462              		.align	1
 463              		.global	LCDC_GetDitherWidth
 464              		.syntax unified
 465              		.thumb
 466              		.thumb_func
 468              	LCDC_GetDitherWidth:
 469              	.LFB140:
 252:../../../firmware/n32h7xx_std_periph_driver/src/n32h7xx_lcdc.c **** 
 253:../../../firmware/n32h7xx_std_periph_driver/src/n32h7xx_lcdc.c **** /**
 254:../../../firmware/n32h7xx_std_periph_driver/src/n32h7xx_lcdc.c **** *\*\name    LCDC_GetDitherWidth
 255:../../../firmware/n32h7xx_std_periph_driver/src/n32h7xx_lcdc.c **** *\*\fun     Get the dither RGB width.
 256:../../../firmware/n32h7xx_std_periph_driver/src/n32h7xx_lcdc.c **** *\*\param   none
 257:../../../firmware/n32h7xx_std_periph_driver/src/n32h7xx_lcdc.c **** *\*\return  LCDC_RGBType:
 258:../../../firmware/n32h7xx_std_periph_driver/src/n32h7xx_lcdc.c **** *\*\          - LCDC_Blue      Dither blue width
 259:../../../firmware/n32h7xx_std_periph_driver/src/n32h7xx_lcdc.c **** *\*\            * 0x0 ~ 0x4
 260:../../../firmware/n32h7xx_std_periph_driver/src/n32h7xx_lcdc.c **** *\*\          - LCDC_Green     Dither green width
 261:../../../firmware/n32h7xx_std_periph_driver/src/n32h7xx_lcdc.c **** *\*\            * 0x0 ~ 0x4
 262:../../../firmware/n32h7xx_std_periph_driver/src/n32h7xx_lcdc.c **** *\*\          - LCDC_Red       Dither red width
 263:../../../firmware/n32h7xx_std_periph_driver/src/n32h7xx_lcdc.c **** *\*\            * 0x0 ~ 0x4
 264:../../../firmware/n32h7xx_std_periph_driver/src/n32h7xx_lcdc.c **** **/
 265:../../../firmware/n32h7xx_std_periph_driver/src/n32h7xx_lcdc.c **** LCDC_RGBType LCDC_GetDitherWidth(void)
 266:../../../firmware/n32h7xx_std_periph_driver/src/n32h7xx_lcdc.c **** {
 470              		.loc 1 266 1
 471              		.cfi_startproc
 472              		@ args = 0, pretend = 0, frame = 24
 473              		@ frame_needed = 1, uses_anonymous_args = 0
 474              		@ link register save eliminated.
 475 0000 90B4     		push	{r4, r7}
 476              	.LCFI26:
 477              		.cfi_def_cfa_offset 8
 478              		.cfi_offset 4, -8
 479              		.cfi_offset 7, -4
 480 0002 86B0     		sub	sp, sp, #24
 481              	.LCFI27:
 482              		.cfi_def_cfa_offset 32
ARM GAS  /tmp/ccxmuAb3.s 			page 14


 483 0004 00AF     		add	r7, sp, #0
 484              	.LCFI28:
 485              		.cfi_def_cfa_register 7
 486 0006 7860     		str	r0, [r7, #4]
 267:../../../firmware/n32h7xx_std_periph_driver/src/n32h7xx_lcdc.c ****     LCDC_RGBType LCDC_RGB_DitherStruct;
 268:../../../firmware/n32h7xx_std_periph_driver/src/n32h7xx_lcdc.c **** 
 269:../../../firmware/n32h7xx_std_periph_driver/src/n32h7xx_lcdc.c ****     LCDC->GCTRL &= ~(LCDC_GCTRL_DBW | LCDC_GCTRL_DGW | LCDC_GCTRL_DRW);
 487              		.loc 1 269 9
 488 0008 134B     		ldr	r3, .L20
 489 000a 9B69     		ldr	r3, [r3, #24]
 490 000c 124A     		ldr	r2, .L20
 491              		.loc 1 269 17
 492 000e 23F4EE43 		bic	r3, r3, #30464
 493 0012 23F07003 		bic	r3, r3, #112
 494 0016 9361     		str	r3, [r2, #24]
 270:../../../firmware/n32h7xx_std_periph_driver/src/n32h7xx_lcdc.c **** 
 271:../../../firmware/n32h7xx_std_periph_driver/src/n32h7xx_lcdc.c ****     LCDC_RGB_DitherStruct.LCDC_Blue = (uint32_t)((LCDC->GCTRL >> 4) & 0x7);
 495              		.loc 1 271 55
 496 0018 0F4B     		ldr	r3, .L20
 497 001a 9B69     		ldr	r3, [r3, #24]
 498              		.loc 1 271 63
 499 001c 1B09     		lsrs	r3, r3, #4
 500              		.loc 1 271 39
 501 001e 03F00703 		and	r3, r3, #7
 502              		.loc 1 271 37
 503 0022 FB60     		str	r3, [r7, #12]
 272:../../../firmware/n32h7xx_std_periph_driver/src/n32h7xx_lcdc.c ****     LCDC_RGB_DitherStruct.LCDC_Green = (uint32_t)((LCDC->GCTRL >> 8) & 0x7);
 504              		.loc 1 272 56
 505 0024 0C4B     		ldr	r3, .L20
 506 0026 9B69     		ldr	r3, [r3, #24]
 507              		.loc 1 272 64
 508 0028 1B0A     		lsrs	r3, r3, #8
 509              		.loc 1 272 40
 510 002a 03F00703 		and	r3, r3, #7
 511              		.loc 1 272 38
 512 002e 3B61     		str	r3, [r7, #16]
 273:../../../firmware/n32h7xx_std_periph_driver/src/n32h7xx_lcdc.c ****     LCDC_RGB_DitherStruct.LCDC_Red = (uint32_t)((LCDC->GCTRL >> 12) & 0x7);
 513              		.loc 1 273 54
 514 0030 094B     		ldr	r3, .L20
 515 0032 9B69     		ldr	r3, [r3, #24]
 516              		.loc 1 273 62
 517 0034 1B0B     		lsrs	r3, r3, #12
 518              		.loc 1 273 38
 519 0036 03F00703 		and	r3, r3, #7
 520              		.loc 1 273 36
 521 003a 7B61     		str	r3, [r7, #20]
 274:../../../firmware/n32h7xx_std_periph_driver/src/n32h7xx_lcdc.c **** 
 275:../../../firmware/n32h7xx_std_periph_driver/src/n32h7xx_lcdc.c ****     return LCDC_RGB_DitherStruct;
 522              		.loc 1 275 12
 523 003c 7B68     		ldr	r3, [r7, #4]
 524 003e 1C46     		mov	r4, r3
 525 0040 07F10C03 		add	r3, r7, #12
 526 0044 93E80700 		ldm	r3, {r0, r1, r2}
 527 0048 84E80700 		stm	r4, {r0, r1, r2}
 276:../../../firmware/n32h7xx_std_periph_driver/src/n32h7xx_lcdc.c **** }
 528              		.loc 1 276 1
 529 004c 7868     		ldr	r0, [r7, #4]
ARM GAS  /tmp/ccxmuAb3.s 			page 15


 530 004e 1837     		adds	r7, r7, #24
 531              	.LCFI29:
 532              		.cfi_def_cfa_offset 8
 533 0050 BD46     		mov	sp, r7
 534              	.LCFI30:
 535              		.cfi_def_cfa_register 13
 536              		@ sp needed
 537 0052 90BC     		pop	{r4, r7}
 538              	.LCFI31:
 539              		.cfi_restore 7
 540              		.cfi_restore 4
 541              		.cfi_def_cfa_offset 0
 542 0054 7047     		bx	lr
 543              	.L21:
 544 0056 00BF     		.align	2
 545              	.L20:
 546 0058 00A00450 		.word	1342480384
 547              		.cfi_endproc
 548              	.LFE140:
 550              		.section	.text.LCDC_DitherStructInit,"ax",%progbits
 551              		.align	1
 552              		.global	LCDC_DitherStructInit
 553              		.syntax unified
 554              		.thumb
 555              		.thumb_func
 557              	LCDC_DitherStructInit:
 558              	.LFB141:
 277:../../../firmware/n32h7xx_std_periph_driver/src/n32h7xx_lcdc.c **** 
 278:../../../firmware/n32h7xx_std_periph_driver/src/n32h7xx_lcdc.c **** /**
 279:../../../firmware/n32h7xx_std_periph_driver/src/n32h7xx_lcdc.c **** *\*\name    LCDC_DitherStructInit
 280:../../../firmware/n32h7xx_std_periph_driver/src/n32h7xx_lcdc.c **** *\*\fun     Fills each LCDC_RGB_DitherStruct member with its default value.
 281:../../../firmware/n32h7xx_std_periph_driver/src/n32h7xx_lcdc.c **** *\*\param   LCDC_RGB_DitherStruct
 282:../../../firmware/n32h7xx_std_periph_driver/src/n32h7xx_lcdc.c **** *\*\          - LCDC_Blue      Dither blue width
 283:../../../firmware/n32h7xx_std_periph_driver/src/n32h7xx_lcdc.c **** *\*\            * 0x0 ~ 0x4
 284:../../../firmware/n32h7xx_std_periph_driver/src/n32h7xx_lcdc.c **** *\*\          - LCDC_Green     Dither green width
 285:../../../firmware/n32h7xx_std_periph_driver/src/n32h7xx_lcdc.c **** *\*\            * 0x0 ~ 0x4
 286:../../../firmware/n32h7xx_std_periph_driver/src/n32h7xx_lcdc.c **** *\*\          - LCDC_Red       Dither red width
 287:../../../firmware/n32h7xx_std_periph_driver/src/n32h7xx_lcdc.c **** *\*\            * 0x0 ~ 0x4
 288:../../../firmware/n32h7xx_std_periph_driver/src/n32h7xx_lcdc.c **** *\*\return  none
 289:../../../firmware/n32h7xx_std_periph_driver/src/n32h7xx_lcdc.c **** **/
 290:../../../firmware/n32h7xx_std_periph_driver/src/n32h7xx_lcdc.c **** void LCDC_DitherStructInit(LCDC_RGBType* LCDC_RGB_DitherStruct)
 291:../../../firmware/n32h7xx_std_periph_driver/src/n32h7xx_lcdc.c **** {
 559              		.loc 1 291 1
 560              		.cfi_startproc
 561              		@ args = 0, pretend = 0, frame = 8
 562              		@ frame_needed = 1, uses_anonymous_args = 0
 563              		@ link register save eliminated.
 564 0000 80B4     		push	{r7}
 565              	.LCFI32:
 566              		.cfi_def_cfa_offset 4
 567              		.cfi_offset 7, -4
 568 0002 83B0     		sub	sp, sp, #12
 569              	.LCFI33:
 570              		.cfi_def_cfa_offset 16
 571 0004 00AF     		add	r7, sp, #0
 572              	.LCFI34:
 573              		.cfi_def_cfa_register 7
ARM GAS  /tmp/ccxmuAb3.s 			page 16


 574 0006 7860     		str	r0, [r7, #4]
 292:../../../firmware/n32h7xx_std_periph_driver/src/n32h7xx_lcdc.c ****     LCDC_RGB_DitherStruct->LCDC_Blue  = 0x02;
 575              		.loc 1 292 39
 576 0008 7B68     		ldr	r3, [r7, #4]
 577 000a 0222     		movs	r2, #2
 578 000c 1A60     		str	r2, [r3]
 293:../../../firmware/n32h7xx_std_periph_driver/src/n32h7xx_lcdc.c ****     LCDC_RGB_DitherStruct->LCDC_Green = 0x02;
 579              		.loc 1 293 39
 580 000e 7B68     		ldr	r3, [r7, #4]
 581 0010 0222     		movs	r2, #2
 582 0012 5A60     		str	r2, [r3, #4]
 294:../../../firmware/n32h7xx_std_periph_driver/src/n32h7xx_lcdc.c ****     LCDC_RGB_DitherStruct->LCDC_Red   = 0x02;
 583              		.loc 1 294 39
 584 0014 7B68     		ldr	r3, [r7, #4]
 585 0016 0222     		movs	r2, #2
 586 0018 9A60     		str	r2, [r3, #8]
 295:../../../firmware/n32h7xx_std_periph_driver/src/n32h7xx_lcdc.c **** }
 587              		.loc 1 295 1
 588 001a 00BF     		nop
 589 001c 0C37     		adds	r7, r7, #12
 590              	.LCFI35:
 591              		.cfi_def_cfa_offset 4
 592 001e BD46     		mov	sp, r7
 593              	.LCFI36:
 594              		.cfi_def_cfa_register 13
 595              		@ sp needed
 596 0020 80BC     		pop	{r7}
 597              	.LCFI37:
 598              		.cfi_restore 7
 599              		.cfi_def_cfa_offset 0
 600 0022 7047     		bx	lr
 601              		.cfi_endproc
 602              	.LFE141:
 604              		.section	.text.LCDC_LINTPConfig,"ax",%progbits
 605              		.align	1
 606              		.global	LCDC_LINTPConfig
 607              		.syntax unified
 608              		.thumb
 609              		.thumb_func
 611              	LCDC_LINTPConfig:
 612              	.LFB142:
 296:../../../firmware/n32h7xx_std_periph_driver/src/n32h7xx_lcdc.c **** 
 297:../../../firmware/n32h7xx_std_periph_driver/src/n32h7xx_lcdc.c **** /**
 298:../../../firmware/n32h7xx_std_periph_driver/src/n32h7xx_lcdc.c **** *\*\name    LCDC_LINTPConfig
 299:../../../firmware/n32h7xx_std_periph_driver/src/n32h7xx_lcdc.c **** *\*\fun     Define the position of the line interrupt.
 300:../../../firmware/n32h7xx_std_periph_driver/src/n32h7xx_lcdc.c **** *\*\param   LCDC_LINTPosition
 301:../../../firmware/n32h7xx_std_periph_driver/src/n32h7xx_lcdc.c **** *\*\          - 0x0000 ~ 0xFFFF
 302:../../../firmware/n32h7xx_std_periph_driver/src/n32h7xx_lcdc.c **** *\*\return  none
 303:../../../firmware/n32h7xx_std_periph_driver/src/n32h7xx_lcdc.c **** **/
 304:../../../firmware/n32h7xx_std_periph_driver/src/n32h7xx_lcdc.c **** void LCDC_LINTPConfig(uint32_t LCDC_LINTPosition)
 305:../../../firmware/n32h7xx_std_periph_driver/src/n32h7xx_lcdc.c **** {
 613              		.loc 1 305 1
 614              		.cfi_startproc
 615              		@ args = 0, pretend = 0, frame = 8
 616              		@ frame_needed = 1, uses_anonymous_args = 0
 617              		@ link register save eliminated.
 618 0000 80B4     		push	{r7}
ARM GAS  /tmp/ccxmuAb3.s 			page 17


 619              	.LCFI38:
 620              		.cfi_def_cfa_offset 4
 621              		.cfi_offset 7, -4
 622 0002 83B0     		sub	sp, sp, #12
 623              	.LCFI39:
 624              		.cfi_def_cfa_offset 16
 625 0004 00AF     		add	r7, sp, #0
 626              	.LCFI40:
 627              		.cfi_def_cfa_register 7
 628 0006 7860     		str	r0, [r7, #4]
 306:../../../firmware/n32h7xx_std_periph_driver/src/n32h7xx_lcdc.c ****     /* Sets the Line Interrupt position */
 307:../../../firmware/n32h7xx_std_periph_driver/src/n32h7xx_lcdc.c ****     LCDC->LINTPCTRL = LCDC_LINTPosition;
 629              		.loc 1 307 9
 630 0008 034A     		ldr	r2, .L24
 631              		.loc 1 307 21
 632 000a 7B68     		ldr	r3, [r7, #4]
 633 000c 1364     		str	r3, [r2, #64]
 308:../../../firmware/n32h7xx_std_periph_driver/src/n32h7xx_lcdc.c **** }
 634              		.loc 1 308 1
 635 000e 00BF     		nop
 636 0010 0C37     		adds	r7, r7, #12
 637              	.LCFI41:
 638              		.cfi_def_cfa_offset 4
 639 0012 BD46     		mov	sp, r7
 640              	.LCFI42:
 641              		.cfi_def_cfa_register 13
 642              		@ sp needed
 643 0014 80BC     		pop	{r7}
 644              	.LCFI43:
 645              		.cfi_restore 7
 646              		.cfi_def_cfa_offset 0
 647 0016 7047     		bx	lr
 648              	.L25:
 649              		.align	2
 650              	.L24:
 651 0018 00A00450 		.word	1342480384
 652              		.cfi_endproc
 653              	.LFE142:
 655              		.section	.text.LCDC_ReloadConfig,"ax",%progbits
 656              		.align	1
 657              		.global	LCDC_ReloadConfig
 658              		.syntax unified
 659              		.thumb
 660              		.thumb_func
 662              	LCDC_ReloadConfig:
 663              	.LFB143:
 309:../../../firmware/n32h7xx_std_periph_driver/src/n32h7xx_lcdc.c **** 
 310:../../../firmware/n32h7xx_std_periph_driver/src/n32h7xx_lcdc.c **** /**
 311:../../../firmware/n32h7xx_std_periph_driver/src/n32h7xx_lcdc.c **** *\*\name    LCDC_ReloadConfig
 312:../../../firmware/n32h7xx_std_periph_driver/src/n32h7xx_lcdc.c **** *\*\fun     Reload registers with new parameters.
 313:../../../firmware/n32h7xx_std_periph_driver/src/n32h7xx_lcdc.c **** *\*\param   LCDC_Reload
 314:../../../firmware/n32h7xx_std_periph_driver/src/n32h7xx_lcdc.c **** *\*\          - LCDC_IMRELOAD
 315:../../../firmware/n32h7xx_std_periph_driver/src/n32h7xx_lcdc.c **** *\*\          - LCDC_VBRELOAD
 316:../../../firmware/n32h7xx_std_periph_driver/src/n32h7xx_lcdc.c **** *\*\return  none
 317:../../../firmware/n32h7xx_std_periph_driver/src/n32h7xx_lcdc.c **** **/
 318:../../../firmware/n32h7xx_std_periph_driver/src/n32h7xx_lcdc.c **** void LCDC_ReloadConfig(uint32_t LCDC_Reload)
 319:../../../firmware/n32h7xx_std_periph_driver/src/n32h7xx_lcdc.c **** {
ARM GAS  /tmp/ccxmuAb3.s 			page 18


 664              		.loc 1 319 1
 665              		.cfi_startproc
 666              		@ args = 0, pretend = 0, frame = 8
 667              		@ frame_needed = 1, uses_anonymous_args = 0
 668              		@ link register save eliminated.
 669 0000 80B4     		push	{r7}
 670              	.LCFI44:
 671              		.cfi_def_cfa_offset 4
 672              		.cfi_offset 7, -4
 673 0002 83B0     		sub	sp, sp, #12
 674              	.LCFI45:
 675              		.cfi_def_cfa_offset 16
 676 0004 00AF     		add	r7, sp, #0
 677              	.LCFI46:
 678              		.cfi_def_cfa_register 7
 679 0006 7860     		str	r0, [r7, #4]
 320:../../../firmware/n32h7xx_std_periph_driver/src/n32h7xx_lcdc.c ****     /* Sets the Reload type */
 321:../../../firmware/n32h7xx_std_periph_driver/src/n32h7xx_lcdc.c ****     LCDC->SRCTRL = (uint32_t)LCDC_Reload;
 680              		.loc 1 321 9
 681 0008 034A     		ldr	r2, .L27
 682              		.loc 1 321 18
 683 000a 7B68     		ldr	r3, [r7, #4]
 684 000c 5362     		str	r3, [r2, #36]
 322:../../../firmware/n32h7xx_std_periph_driver/src/n32h7xx_lcdc.c **** }
 685              		.loc 1 322 1
 686 000e 00BF     		nop
 687 0010 0C37     		adds	r7, r7, #12
 688              	.LCFI47:
 689              		.cfi_def_cfa_offset 4
 690 0012 BD46     		mov	sp, r7
 691              	.LCFI48:
 692              		.cfi_def_cfa_register 13
 693              		@ sp needed
 694 0014 80BC     		pop	{r7}
 695              	.LCFI49:
 696              		.cfi_restore 7
 697              		.cfi_def_cfa_offset 0
 698 0016 7047     		bx	lr
 699              	.L28:
 700              		.align	2
 701              	.L27:
 702 0018 00A00450 		.word	1342480384
 703              		.cfi_endproc
 704              	.LFE143:
 706              		.section	.text.LCDC_LayerReloadConfig,"ax",%progbits
 707              		.align	1
 708              		.global	LCDC_LayerReloadConfig
 709              		.syntax unified
 710              		.thumb
 711              		.thumb_func
 713              	LCDC_LayerReloadConfig:
 714              	.LFB144:
 323:../../../firmware/n32h7xx_std_periph_driver/src/n32h7xx_lcdc.c **** 
 324:../../../firmware/n32h7xx_std_periph_driver/src/n32h7xx_lcdc.c **** /**
 325:../../../firmware/n32h7xx_std_periph_driver/src/n32h7xx_lcdc.c **** *\*\name    LCDC_LayerReloadConfig
 326:../../../firmware/n32h7xx_std_periph_driver/src/n32h7xx_lcdc.c **** *\*\fun     Reload layers registers with new parameters.
 327:../../../firmware/n32h7xx_std_periph_driver/src/n32h7xx_lcdc.c **** *\*\param   LCDC_Reload
ARM GAS  /tmp/ccxmuAb3.s 			page 19


 328:../../../firmware/n32h7xx_std_periph_driver/src/n32h7xx_lcdc.c **** *\*\          - LCDC_LAYER_IMRELOAD
 329:../../../firmware/n32h7xx_std_periph_driver/src/n32h7xx_lcdc.c **** *\*\          - LCDC_LAYER_VBRELOAD
 330:../../../firmware/n32h7xx_std_periph_driver/src/n32h7xx_lcdc.c **** *\*\          - LCDC_LAYER_MGRELOAD
 331:../../../firmware/n32h7xx_std_periph_driver/src/n32h7xx_lcdc.c **** *\*\return  none
 332:../../../firmware/n32h7xx_std_periph_driver/src/n32h7xx_lcdc.c **** **/
 333:../../../firmware/n32h7xx_std_periph_driver/src/n32h7xx_lcdc.c **** void LCDC_LayerReloadConfig(LCDC_Layer_Module* LCDC_Layerx, uint32_t LCDC_LayerReload)
 334:../../../firmware/n32h7xx_std_periph_driver/src/n32h7xx_lcdc.c **** {
 715              		.loc 1 334 1
 716              		.cfi_startproc
 717              		@ args = 0, pretend = 0, frame = 8
 718              		@ frame_needed = 1, uses_anonymous_args = 0
 719              		@ link register save eliminated.
 720 0000 80B4     		push	{r7}
 721              	.LCFI50:
 722              		.cfi_def_cfa_offset 4
 723              		.cfi_offset 7, -4
 724 0002 83B0     		sub	sp, sp, #12
 725              	.LCFI51:
 726              		.cfi_def_cfa_offset 16
 727 0004 00AF     		add	r7, sp, #0
 728              	.LCFI52:
 729              		.cfi_def_cfa_register 7
 730 0006 7860     		str	r0, [r7, #4]
 731 0008 3960     		str	r1, [r7]
 335:../../../firmware/n32h7xx_std_periph_driver/src/n32h7xx_lcdc.c ****     /* Sets the reload type */
 336:../../../firmware/n32h7xx_std_periph_driver/src/n32h7xx_lcdc.c ****     LCDC_Layerx->LSRCTRL = (uint32_t)LCDC_LayerReload;
 732              		.loc 1 336 26
 733 000a 7B68     		ldr	r3, [r7, #4]
 734 000c 3A68     		ldr	r2, [r7]
 735 000e 9A60     		str	r2, [r3, #8]
 337:../../../firmware/n32h7xx_std_periph_driver/src/n32h7xx_lcdc.c **** }
 736              		.loc 1 337 1
 737 0010 00BF     		nop
 738 0012 0C37     		adds	r7, r7, #12
 739              	.LCFI53:
 740              		.cfi_def_cfa_offset 4
 741 0014 BD46     		mov	sp, r7
 742              	.LCFI54:
 743              		.cfi_def_cfa_register 13
 744              		@ sp needed
 745 0016 80BC     		pop	{r7}
 746              	.LCFI55:
 747              		.cfi_restore 7
 748              		.cfi_def_cfa_offset 0
 749 0018 7047     		bx	lr
 750              		.cfi_endproc
 751              	.LFE144:
 753              		.section	.text.LCDC_LayerInit,"ax",%progbits
 754              		.align	1
 755              		.global	LCDC_LayerInit
 756              		.syntax unified
 757              		.thumb
 758              		.thumb_func
 760              	LCDC_LayerInit:
 761              	.LFB145:
 338:../../../firmware/n32h7xx_std_periph_driver/src/n32h7xx_lcdc.c **** 
 339:../../../firmware/n32h7xx_std_periph_driver/src/n32h7xx_lcdc.c **** /**
ARM GAS  /tmp/ccxmuAb3.s 			page 20


 340:../../../firmware/n32h7xx_std_periph_driver/src/n32h7xx_lcdc.c **** *\*\name    LCDC_LayerInit
 341:../../../firmware/n32h7xx_std_periph_driver/src/n32h7xx_lcdc.c **** *\*\fun     Initializes the LCDC Layer according to the specified parameters in the LCDC_Layer_Init
 342:../../../firmware/n32h7xx_std_periph_driver/src/n32h7xx_lcdc.c **** *\*\param   LCDC_Layerx: refer to the definition of LCDC_Layer_Module
 343:../../../firmware/n32h7xx_std_periph_driver/src/n32h7xx_lcdc.c **** *\*\          - LCDC_Layer1
 344:../../../firmware/n32h7xx_std_periph_driver/src/n32h7xx_lcdc.c **** *\*\          - LCDC_Layer2
 345:../../../firmware/n32h7xx_std_periph_driver/src/n32h7xx_lcdc.c **** *\*\          - LCDC_Layer3
 346:../../../firmware/n32h7xx_std_periph_driver/src/n32h7xx_lcdc.c **** *\*\          - LCDC_Layer4
 347:../../../firmware/n32h7xx_std_periph_driver/src/n32h7xx_lcdc.c **** *\*\param   LCDC_Layer_InitStruct: refer to the definition of LCDC_Layer_InitType
 348:../../../firmware/n32h7xx_std_periph_driver/src/n32h7xx_lcdc.c **** *\*\          - LCDC_HorizontalStart
 349:../../../firmware/n32h7xx_std_periph_driver/src/n32h7xx_lcdc.c **** *\*\            * 0x0000 ~ 0xFFFF
 350:../../../firmware/n32h7xx_std_periph_driver/src/n32h7xx_lcdc.c **** *\*\          - LCDC_HorizontalStop
 351:../../../firmware/n32h7xx_std_periph_driver/src/n32h7xx_lcdc.c **** *\*\            * 0x0000 ~ 0xFFFF
 352:../../../firmware/n32h7xx_std_periph_driver/src/n32h7xx_lcdc.c **** *\*\          - LCDC_HorizontalScalerStop
 353:../../../firmware/n32h7xx_std_periph_driver/src/n32h7xx_lcdc.c **** *\*\            * 0x0000 ~ 0xFFFF
 354:../../../firmware/n32h7xx_std_periph_driver/src/n32h7xx_lcdc.c **** *\*\          - LCDC_VerticalStart
 355:../../../firmware/n32h7xx_std_periph_driver/src/n32h7xx_lcdc.c **** *\*\            * 0x0000 ~ 0xFFFF
 356:../../../firmware/n32h7xx_std_periph_driver/src/n32h7xx_lcdc.c **** *\*\          - LCDC_VerticalStop
 357:../../../firmware/n32h7xx_std_periph_driver/src/n32h7xx_lcdc.c **** *\*\            * 0x0000 ~ 0xFFFF
 358:../../../firmware/n32h7xx_std_periph_driver/src/n32h7xx_lcdc.c **** *\*\          - LCDC_VerticalScalerStop
 359:../../../firmware/n32h7xx_std_periph_driver/src/n32h7xx_lcdc.c **** *\*\            * 0x0000 ~ 0xFFFF
 360:../../../firmware/n32h7xx_std_periph_driver/src/n32h7xx_lcdc.c **** *\*\          - LCDC_PixelFormat
 361:../../../firmware/n32h7xx_std_periph_driver/src/n32h7xx_lcdc.c **** *\*\            * LCDC_PIXEL_FORMAT_ARGB8888
 362:../../../firmware/n32h7xx_std_periph_driver/src/n32h7xx_lcdc.c **** *\*\            * LCDC_PIXEL_FORMAT_ABGR8888
 363:../../../firmware/n32h7xx_std_periph_driver/src/n32h7xx_lcdc.c **** *\*\            * LCDC_PIXEL_FORMAT_RGBA8888
 364:../../../firmware/n32h7xx_std_periph_driver/src/n32h7xx_lcdc.c **** *\*\            * LCDC_PIXEL_FORMAT_BGRA8888
 365:../../../firmware/n32h7xx_std_periph_driver/src/n32h7xx_lcdc.c **** *\*\            * LCDC_PIXEL_FORMAT_RGB565
 366:../../../firmware/n32h7xx_std_periph_driver/src/n32h7xx_lcdc.c **** *\*\            * LCDC_PIXEL_FORMAT_BGR565
 367:../../../firmware/n32h7xx_std_periph_driver/src/n32h7xx_lcdc.c **** *\*\            * LCDC_PIXEL_FORMAT_RGB888
 368:../../../firmware/n32h7xx_std_periph_driver/src/n32h7xx_lcdc.c **** *\*\            * LCDC_PIXEL_FORMAT_YUV422I
 369:../../../firmware/n32h7xx_std_periph_driver/src/n32h7xx_lcdc.c **** *\*\            * LCDC_PIXEL_FORMAT_YUV420S
 370:../../../firmware/n32h7xx_std_periph_driver/src/n32h7xx_lcdc.c **** *\*\            * LCDC_PIXEL_FORMAT_YUV420P
 371:../../../firmware/n32h7xx_std_periph_driver/src/n32h7xx_lcdc.c **** *\*\            * LCDC_PIXEL_FORMAT_YUV444
 372:../../../firmware/n32h7xx_std_periph_driver/src/n32h7xx_lcdc.c **** *\*\            * LCDC_PIXEL_FORMAT_L8
 373:../../../firmware/n32h7xx_std_periph_driver/src/n32h7xx_lcdc.c **** *\*\            * LCDC_PIXEL_FORMAT_AL44
 374:../../../firmware/n32h7xx_std_periph_driver/src/n32h7xx_lcdc.c **** *\*\            * LCDC_PIXEL_FORMAT_AL88
 375:../../../firmware/n32h7xx_std_periph_driver/src/n32h7xx_lcdc.c **** *\*\            * LCDC_PIXEL_FORMAT_CUSTOM
 376:../../../firmware/n32h7xx_std_periph_driver/src/n32h7xx_lcdc.c **** *\*\          - LCDC_ConstantAlpha
 377:../../../firmware/n32h7xx_std_periph_driver/src/n32h7xx_lcdc.c **** *\*\            * 0x00 ~ 0xFF
 378:../../../firmware/n32h7xx_std_periph_driver/src/n32h7xx_lcdc.c **** *\*\          - LCDC_DefaultAlpha
 379:../../../firmware/n32h7xx_std_periph_driver/src/n32h7xx_lcdc.c **** *\*\            * 0x00 ~ 0xFF
 380:../../../firmware/n32h7xx_std_periph_driver/src/n32h7xx_lcdc.c **** *\*\          - LCDC_BlendingFactor1
 381:../../../firmware/n32h7xx_std_periph_driver/src/n32h7xx_lcdc.c **** *\*\            * LCDC_BLENDING_FACTOR1_CA
 382:../../../firmware/n32h7xx_std_periph_driver/src/n32h7xx_lcdc.c **** *\*\            * LCDC_BLENDING_FACTOR1_PAxCA
 383:../../../firmware/n32h7xx_std_periph_driver/src/n32h7xx_lcdc.c **** *\*\          - LCDC_BlendingFactor2
 384:../../../firmware/n32h7xx_std_periph_driver/src/n32h7xx_lcdc.c **** *\*\            * LCDC_BLENDING_FACTOR2_CA
 385:../../../firmware/n32h7xx_std_periph_driver/src/n32h7xx_lcdc.c **** *\*\            * LCDC_BLENDING_FACTOR2_PAxCA
 386:../../../firmware/n32h7xx_std_periph_driver/src/n32h7xx_lcdc.c **** *\*\          - LCDC_CFBStartAdress
 387:../../../firmware/n32h7xx_std_periph_driver/src/n32h7xx_lcdc.c **** *\*\            * 0x00000000 ~ 0xFFFFFFFF
 388:../../../firmware/n32h7xx_std_periph_driver/src/n32h7xx_lcdc.c **** *\*\          - LCDC_AFB0StartAdress
 389:../../../firmware/n32h7xx_std_periph_driver/src/n32h7xx_lcdc.c **** *\*\            * 0x00000000 ~ 0xFFFFFFFF
 390:../../../firmware/n32h7xx_std_periph_driver/src/n32h7xx_lcdc.c **** *\*\          - LCDC_AFB1StartAdress
 391:../../../firmware/n32h7xx_std_periph_driver/src/n32h7xx_lcdc.c **** *\*\            * 0x00000000 ~ 0xFFFFFFFF
 392:../../../firmware/n32h7xx_std_periph_driver/src/n32h7xx_lcdc.c **** *\*\          - LCDC_CFBLineLength
 393:../../../firmware/n32h7xx_std_periph_driver/src/n32h7xx_lcdc.c **** *\*\            * 0x0000 ~ 0xFFFF
 394:../../../firmware/n32h7xx_std_periph_driver/src/n32h7xx_lcdc.c **** *\*\          - LCDC_CFBPitch
 395:../../../firmware/n32h7xx_std_periph_driver/src/n32h7xx_lcdc.c **** *\*\            * 0x0000 ~ 0xFFFF
 396:../../../firmware/n32h7xx_std_periph_driver/src/n32h7xx_lcdc.c **** *\*\          - LCDC_CFBLineNumber
ARM GAS  /tmp/ccxmuAb3.s 			page 21


 397:../../../firmware/n32h7xx_std_periph_driver/src/n32h7xx_lcdc.c **** *\*\            * 0x0000 ~ 0xFFFF
 398:../../../firmware/n32h7xx_std_periph_driver/src/n32h7xx_lcdc.c **** *\*\          - LCDC_DefaultColorBlue
 399:../../../firmware/n32h7xx_std_periph_driver/src/n32h7xx_lcdc.c **** *\*\            * 0x00 ~ 0xFF
 400:../../../firmware/n32h7xx_std_periph_driver/src/n32h7xx_lcdc.c **** *\*\          - LCDC_DefaultColorGreen
 401:../../../firmware/n32h7xx_std_periph_driver/src/n32h7xx_lcdc.c **** *\*\            * 0x00 ~ 0xFF
 402:../../../firmware/n32h7xx_std_periph_driver/src/n32h7xx_lcdc.c **** *\*\          - LCDC_DefaultColorRed
 403:../../../firmware/n32h7xx_std_periph_driver/src/n32h7xx_lcdc.c **** *\*\            * 0x00 ~ 0xFF
 404:../../../firmware/n32h7xx_std_periph_driver/src/n32h7xx_lcdc.c **** *\*\return  none
 405:../../../firmware/n32h7xx_std_periph_driver/src/n32h7xx_lcdc.c **** **/
 406:../../../firmware/n32h7xx_std_periph_driver/src/n32h7xx_lcdc.c **** void LCDC_LayerInit(LCDC_Layer_Module* LCDC_Layerx, LCDC_Layer_InitType* LCDC_Layer_InitStruct)
 407:../../../firmware/n32h7xx_std_periph_driver/src/n32h7xx_lcdc.c **** {
 762              		.loc 1 407 1
 763              		.cfi_startproc
 764              		@ args = 0, pretend = 0, frame = 48
 765              		@ frame_needed = 1, uses_anonymous_args = 0
 766              		@ link register save eliminated.
 767 0000 80B4     		push	{r7}
 768              	.LCFI56:
 769              		.cfi_def_cfa_offset 4
 770              		.cfi_offset 7, -4
 771 0002 8DB0     		sub	sp, sp, #52
 772              	.LCFI57:
 773              		.cfi_def_cfa_offset 56
 774 0004 00AF     		add	r7, sp, #0
 775              	.LCFI58:
 776              		.cfi_def_cfa_register 7
 777 0006 7860     		str	r0, [r7, #4]
 778 0008 3960     		str	r1, [r7]
 408:../../../firmware/n32h7xx_std_periph_driver/src/n32h7xx_lcdc.c ****     uint32_t tmpwhpctrl;
 409:../../../firmware/n32h7xx_std_periph_driver/src/n32h7xx_lcdc.c ****     uint32_t tmpwvpctrl;
 410:../../../firmware/n32h7xx_std_periph_driver/src/n32h7xx_lcdc.c ****     uint32_t tmppfctrl;
 411:../../../firmware/n32h7xx_std_periph_driver/src/n32h7xx_lcdc.c ****     uint32_t tmpdcctrl;
 412:../../../firmware/n32h7xx_std_periph_driver/src/n32h7xx_lcdc.c ****     uint32_t tmpcactrl;
 413:../../../firmware/n32h7xx_std_periph_driver/src/n32h7xx_lcdc.c ****     uint32_t tmpbfctrl;
 414:../../../firmware/n32h7xx_std_periph_driver/src/n32h7xx_lcdc.c ****     uint32_t tmpcfbaddr;
 415:../../../firmware/n32h7xx_std_periph_driver/src/n32h7xx_lcdc.c ****     uint32_t tmpcfblen;
 416:../../../firmware/n32h7xx_std_periph_driver/src/n32h7xx_lcdc.c ****     uint32_t tmpcfblnum;
 417:../../../firmware/n32h7xx_std_periph_driver/src/n32h7xx_lcdc.c ****     uint32_t tmpafbctrl;
 418:../../../firmware/n32h7xx_std_periph_driver/src/n32h7xx_lcdc.c ****     /* Configures the horizontal start and stop position */
 419:../../../firmware/n32h7xx_std_periph_driver/src/n32h7xx_lcdc.c ****     /* Get the LCDC_WHPCTRL register value */
 420:../../../firmware/n32h7xx_std_periph_driver/src/n32h7xx_lcdc.c ****     tmpwhpctrl = LCDC_Layerx->WHPCTRL;
 779              		.loc 1 420 16
 780 000a 7B68     		ldr	r3, [r7, #4]
 781 000c 1B69     		ldr	r3, [r3, #16]
 782 000e FB62     		str	r3, [r7, #44]
 421:../../../firmware/n32h7xx_std_periph_driver/src/n32h7xx_lcdc.c ****     /* Clear WHSTPOS/WHSPPOS bits */
 422:../../../firmware/n32h7xx_std_periph_driver/src/n32h7xx_lcdc.c ****     tmpwhpctrl &= ~(LCDC_WHPCTRL_WHSTPOS | LCDC_WHPCTRL_WHSPPOS);
 783              		.loc 1 422 16
 784 0010 0023     		movs	r3, #0
 785 0012 FB62     		str	r3, [r7, #44]
 423:../../../firmware/n32h7xx_std_periph_driver/src/n32h7xx_lcdc.c ****     /* Set WHSTPOS/WHSPPOS bits */
 424:../../../firmware/n32h7xx_std_periph_driver/src/n32h7xx_lcdc.c ****     tmpwhpctrl |= (uint32_t)((LCDC_Layer_InitStruct->LCDC_HorizontalStop << 16) | (LCDC_Layer_InitS
 786              		.loc 1 424 52
 787 0014 3B68     		ldr	r3, [r7]
 788 0016 5B68     		ldr	r3, [r3, #4]
 789              		.loc 1 424 74
 790 0018 1A04     		lsls	r2, r3, #16
ARM GAS  /tmp/ccxmuAb3.s 			page 22


 791              		.loc 1 424 105
 792 001a 3B68     		ldr	r3, [r7]
 793 001c 1B68     		ldr	r3, [r3]
 794              		.loc 1 424 81
 795 001e 1343     		orrs	r3, r3, r2
 796              		.loc 1 424 16
 797 0020 FA6A     		ldr	r2, [r7, #44]
 798 0022 1343     		orrs	r3, r3, r2
 799 0024 FB62     		str	r3, [r7, #44]
 425:../../../firmware/n32h7xx_std_periph_driver/src/n32h7xx_lcdc.c ****     /* Write to LCDC_WHPCTRL */
 426:../../../firmware/n32h7xx_std_periph_driver/src/n32h7xx_lcdc.c ****     LCDC_Layerx->WHPCTRL = (uint32_t)tmpwhpctrl;
 800              		.loc 1 426 26
 801 0026 7B68     		ldr	r3, [r7, #4]
 802 0028 FA6A     		ldr	r2, [r7, #44]
 803 002a 1A61     		str	r2, [r3, #16]
 427:../../../firmware/n32h7xx_std_periph_driver/src/n32h7xx_lcdc.c **** 
 428:../../../firmware/n32h7xx_std_periph_driver/src/n32h7xx_lcdc.c ****     /* Configures the vertical start and stop position */
 429:../../../firmware/n32h7xx_std_periph_driver/src/n32h7xx_lcdc.c ****     /* Get the LCDC_WVPCTRL register value */
 430:../../../firmware/n32h7xx_std_periph_driver/src/n32h7xx_lcdc.c ****     tmpwvpctrl = LCDC_Layerx->WVPCTRL;
 804              		.loc 1 430 16
 805 002c 7B68     		ldr	r3, [r7, #4]
 806 002e 5B69     		ldr	r3, [r3, #20]
 807 0030 BB62     		str	r3, [r7, #40]
 431:../../../firmware/n32h7xx_std_periph_driver/src/n32h7xx_lcdc.c ****     /* Clear WVSTPOS/WVSPPOS bits */
 432:../../../firmware/n32h7xx_std_periph_driver/src/n32h7xx_lcdc.c ****     tmpwvpctrl &= ~(LCDC_WVPCTRL_WVSTPOS | LCDC_WVPCTRL_WVSPPOS);
 808              		.loc 1 432 16
 809 0032 0023     		movs	r3, #0
 810 0034 BB62     		str	r3, [r7, #40]
 433:../../../firmware/n32h7xx_std_periph_driver/src/n32h7xx_lcdc.c ****     /* Set WVSTPOS/WVSPPOS bits */
 434:../../../firmware/n32h7xx_std_periph_driver/src/n32h7xx_lcdc.c ****     tmpwvpctrl |= (uint32_t)((LCDC_Layer_InitStruct->LCDC_VerticalStop << 16) | (LCDC_Layer_InitStr
 811              		.loc 1 434 52
 812 0036 3B68     		ldr	r3, [r7]
 813 0038 1B69     		ldr	r3, [r3, #16]
 814              		.loc 1 434 72
 815 003a 1A04     		lsls	r2, r3, #16
 816              		.loc 1 434 103
 817 003c 3B68     		ldr	r3, [r7]
 818 003e DB68     		ldr	r3, [r3, #12]
 819              		.loc 1 434 79
 820 0040 1343     		orrs	r3, r3, r2
 821              		.loc 1 434 16
 822 0042 BA6A     		ldr	r2, [r7, #40]
 823 0044 1343     		orrs	r3, r3, r2
 824 0046 BB62     		str	r3, [r7, #40]
 435:../../../firmware/n32h7xx_std_periph_driver/src/n32h7xx_lcdc.c ****     /* Write to LCDC_WVPCTRL */
 436:../../../firmware/n32h7xx_std_periph_driver/src/n32h7xx_lcdc.c ****     LCDC_Layerx->WVPCTRL = (uint32_t)tmpwvpctrl;
 825              		.loc 1 436 26
 826 0048 7B68     		ldr	r3, [r7, #4]
 827 004a BA6A     		ldr	r2, [r7, #40]
 828 004c 5A61     		str	r2, [r3, #20]
 437:../../../firmware/n32h7xx_std_periph_driver/src/n32h7xx_lcdc.c **** 
 438:../../../firmware/n32h7xx_std_periph_driver/src/n32h7xx_lcdc.c ****     /* Specifies the pixel format */
 439:../../../firmware/n32h7xx_std_periph_driver/src/n32h7xx_lcdc.c ****     if(IS_RGB_PIXEL(LCDC_Layer_InitStruct->LCDC_PixelFormat))
 829              		.loc 1 439 8
 830 004e 3B68     		ldr	r3, [r7]
 831 0050 9B69     		ldr	r3, [r3, #24]
 832              		.loc 1 439 7
ARM GAS  /tmp/ccxmuAb3.s 			page 23


 833 0052 002B     		cmp	r3, #0
 834 0054 17D0     		beq	.L31
 835              		.loc 1 439 8 discriminator 1
 836 0056 3B68     		ldr	r3, [r7]
 837 0058 9B69     		ldr	r3, [r3, #24]
 838 005a 012B     		cmp	r3, #1
 839 005c 13D0     		beq	.L31
 840              		.loc 1 439 8 is_stmt 0 discriminator 2
 841 005e 3B68     		ldr	r3, [r7]
 842 0060 9B69     		ldr	r3, [r3, #24]
 843 0062 022B     		cmp	r3, #2
 844 0064 0FD0     		beq	.L31
 845              		.loc 1 439 8 discriminator 3
 846 0066 3B68     		ldr	r3, [r7]
 847 0068 9B69     		ldr	r3, [r3, #24]
 848 006a 032B     		cmp	r3, #3
 849 006c 0BD0     		beq	.L31
 850              		.loc 1 439 8 discriminator 4
 851 006e 3B68     		ldr	r3, [r7]
 852 0070 9B69     		ldr	r3, [r3, #24]
 853 0072 042B     		cmp	r3, #4
 854 0074 07D0     		beq	.L31
 855              		.loc 1 439 8 discriminator 5
 856 0076 3B68     		ldr	r3, [r7]
 857 0078 9B69     		ldr	r3, [r3, #24]
 858 007a 052B     		cmp	r3, #5
 859 007c 03D0     		beq	.L31
 860              		.loc 1 439 8 discriminator 6
 861 007e 3B68     		ldr	r3, [r7]
 862 0080 9B69     		ldr	r3, [r3, #24]
 863 0082 062B     		cmp	r3, #6
 864 0084 0FD1     		bne	.L32
 865              	.L31:
 440:../../../firmware/n32h7xx_std_periph_driver/src/n32h7xx_lcdc.c ****     {
 441:../../../firmware/n32h7xx_std_periph_driver/src/n32h7xx_lcdc.c ****         /* Get the LCDC_PFCTRL register value */
 442:../../../firmware/n32h7xx_std_periph_driver/src/n32h7xx_lcdc.c ****         tmppfctrl = LCDC_Layerx->PFCTRL;
 866              		.loc 1 442 19 is_stmt 1
 867 0086 7B68     		ldr	r3, [r7, #4]
 868 0088 DB69     		ldr	r3, [r3, #28]
 869 008a 7B62     		str	r3, [r7, #36]
 443:../../../firmware/n32h7xx_std_periph_driver/src/n32h7xx_lcdc.c ****         /* Clear PF bits */
 444:../../../firmware/n32h7xx_std_periph_driver/src/n32h7xx_lcdc.c ****         tmppfctrl &= ~LCDC_PFCTRL_PF;
 870              		.loc 1 444 19
 871 008c 7B6A     		ldr	r3, [r7, #36]
 872 008e 23F00703 		bic	r3, r3, #7
 873 0092 7B62     		str	r3, [r7, #36]
 445:../../../firmware/n32h7xx_std_periph_driver/src/n32h7xx_lcdc.c ****         /* Set PF bits */
 446:../../../firmware/n32h7xx_std_periph_driver/src/n32h7xx_lcdc.c ****         tmppfctrl |= LCDC_Layer_InitStruct->LCDC_PixelFormat;
 874              		.loc 1 446 43
 875 0094 3B68     		ldr	r3, [r7]
 876 0096 9B69     		ldr	r3, [r3, #24]
 877              		.loc 1 446 19
 878 0098 7A6A     		ldr	r2, [r7, #36]
 879 009a 1343     		orrs	r3, r3, r2
 880 009c 7B62     		str	r3, [r7, #36]
 447:../../../firmware/n32h7xx_std_periph_driver/src/n32h7xx_lcdc.c ****         /* Write to LCDC_PFCTRL */
 448:../../../firmware/n32h7xx_std_periph_driver/src/n32h7xx_lcdc.c ****         LCDC_Layerx->PFCTRL = (uint32_t)tmppfctrl;
ARM GAS  /tmp/ccxmuAb3.s 			page 24


 881              		.loc 1 448 29
 882 009e 7B68     		ldr	r3, [r7, #4]
 883 00a0 7A6A     		ldr	r2, [r7, #36]
 884 00a2 DA61     		str	r2, [r3, #28]
 885 00a4 A4E0     		b	.L33
 886              	.L32:
 449:../../../firmware/n32h7xx_std_periph_driver/src/n32h7xx_lcdc.c ****     }
 450:../../../firmware/n32h7xx_std_periph_driver/src/n32h7xx_lcdc.c ****     else if(IS_CUSTOM_PIXEL(LCDC_Layer_InitStruct->LCDC_PixelFormat))
 887              		.loc 1 450 13
 888 00a6 3B68     		ldr	r3, [r7]
 889 00a8 9B69     		ldr	r3, [r3, #24]
 890              		.loc 1 450 12
 891 00aa B3F5805F 		cmp	r3, #4096
 892 00ae 0DD0     		beq	.L34
 893              		.loc 1 450 13 discriminator 1
 894 00b0 3B68     		ldr	r3, [r7]
 895 00b2 9B69     		ldr	r3, [r3, #24]
 896 00b4 B3F5005F 		cmp	r3, #8192
 897 00b8 08D0     		beq	.L34
 898              		.loc 1 450 13 is_stmt 0 discriminator 2
 899 00ba 3B68     		ldr	r3, [r7]
 900 00bc 9B69     		ldr	r3, [r3, #24]
 901 00be B3F5804F 		cmp	r3, #16384
 902 00c2 03D0     		beq	.L34
 903              		.loc 1 450 13 discriminator 3
 904 00c4 3B68     		ldr	r3, [r7]
 905 00c6 9B69     		ldr	r3, [r3, #24]
 906 00c8 072B     		cmp	r3, #7
 907 00ca 1AD1     		bne	.L35
 908              	.L34:
 451:../../../firmware/n32h7xx_std_periph_driver/src/n32h7xx_lcdc.c ****     {
 452:../../../firmware/n32h7xx_std_periph_driver/src/n32h7xx_lcdc.c ****         /* Get the LCDC_PFCTRL register value */
 453:../../../firmware/n32h7xx_std_periph_driver/src/n32h7xx_lcdc.c ****         tmppfctrl = LCDC_Layerx->PFCTRL;
 909              		.loc 1 453 19 is_stmt 1
 910 00cc 7B68     		ldr	r3, [r7, #4]
 911 00ce DB69     		ldr	r3, [r3, #28]
 912 00d0 7B62     		str	r3, [r7, #36]
 454:../../../firmware/n32h7xx_std_periph_driver/src/n32h7xx_lcdc.c ****         /* Clear PF bits */
 455:../../../firmware/n32h7xx_std_periph_driver/src/n32h7xx_lcdc.c ****         tmppfctrl &= ~LCDC_PFCTRL_PF;
 913              		.loc 1 455 19
 914 00d2 7B6A     		ldr	r3, [r7, #36]
 915 00d4 23F00703 		bic	r3, r3, #7
 916 00d8 7B62     		str	r3, [r7, #36]
 456:../../../firmware/n32h7xx_std_periph_driver/src/n32h7xx_lcdc.c ****         /* Set PF bits */
 457:../../../firmware/n32h7xx_std_periph_driver/src/n32h7xx_lcdc.c ****         tmppfctrl |= LCDC_PIXEL_FORMAT_CUSTOM;
 917              		.loc 1 457 19
 918 00da 7B6A     		ldr	r3, [r7, #36]
 919 00dc 43F00703 		orr	r3, r3, #7
 920 00e0 7B62     		str	r3, [r7, #36]
 458:../../../firmware/n32h7xx_std_periph_driver/src/n32h7xx_lcdc.c ****         /* Write to LCDC_PFCTRL */
 459:../../../firmware/n32h7xx_std_periph_driver/src/n32h7xx_lcdc.c ****         LCDC_Layerx->PFCTRL = (uint32_t)tmppfctrl;
 921              		.loc 1 459 29
 922 00e2 7B68     		ldr	r3, [r7, #4]
 923 00e4 7A6A     		ldr	r2, [r7, #36]
 924 00e6 DA61     		str	r2, [r3, #28]
 460:../../../firmware/n32h7xx_std_periph_driver/src/n32h7xx_lcdc.c ****         
 461:../../../firmware/n32h7xx_std_periph_driver/src/n32h7xx_lcdc.c ****         if(LCDC_Layer_InitStruct->LCDC_PixelFormat == LCDC_PIXEL_FORMAT_L8)
ARM GAS  /tmp/ccxmuAb3.s 			page 25


 925              		.loc 1 461 33
 926 00e8 3B68     		ldr	r3, [r7]
 927 00ea 9B69     		ldr	r3, [r3, #24]
 928              		.loc 1 461 11
 929 00ec B3F5805F 		cmp	r3, #4096
 930 00f0 7ED1     		bne	.L33
 462:../../../firmware/n32h7xx_std_periph_driver/src/n32h7xx_lcdc.c ****         {
 463:../../../firmware/n32h7xx_std_periph_driver/src/n32h7xx_lcdc.c ****             /* */
 464:../../../firmware/n32h7xx_std_periph_driver/src/n32h7xx_lcdc.c ****             LCDC_Layerx->FCF1 = 0x00020000;
 931              		.loc 1 464 31
 932 00f2 7B68     		ldr	r3, [r7, #4]
 933 00f4 4FF40032 		mov	r2, #131072
 934 00f8 5A67     		str	r2, [r3, #116]
 465:../../../firmware/n32h7xx_std_periph_driver/src/n32h7xx_lcdc.c ****             LCDC_Layerx->FCF2 = 0x00060100;
 935              		.loc 1 465 31
 936 00fa 7B68     		ldr	r3, [r7, #4]
 937 00fc 734A     		ldr	r2, .L42
 938 00fe 9A67     		str	r2, [r3, #120]
 461:../../../firmware/n32h7xx_std_periph_driver/src/n32h7xx_lcdc.c ****         {
 939              		.loc 1 461 11
 940 0100 76E0     		b	.L33
 941              	.L35:
 466:../../../firmware/n32h7xx_std_periph_driver/src/n32h7xx_lcdc.c ****         }
 467:../../../firmware/n32h7xx_std_periph_driver/src/n32h7xx_lcdc.c ****         else
 468:../../../firmware/n32h7xx_std_periph_driver/src/n32h7xx_lcdc.c ****         {
 469:../../../firmware/n32h7xx_std_periph_driver/src/n32h7xx_lcdc.c ****             /* No process */
 470:../../../firmware/n32h7xx_std_periph_driver/src/n32h7xx_lcdc.c ****         }
 471:../../../firmware/n32h7xx_std_periph_driver/src/n32h7xx_lcdc.c ****     
 472:../../../firmware/n32h7xx_std_periph_driver/src/n32h7xx_lcdc.c ****     }
 473:../../../firmware/n32h7xx_std_periph_driver/src/n32h7xx_lcdc.c ****     else if(IS_YUV_PIXEL(LCDC_Layer_InitStruct->LCDC_PixelFormat))
 942              		.loc 1 473 13
 943 0102 3B68     		ldr	r3, [r7]
 944 0104 9B69     		ldr	r3, [r3, #24]
 945              		.loc 1 473 12
 946 0106 B3F1004F 		cmp	r3, #-2147483648
 947 010a 0ED0     		beq	.L37
 948              		.loc 1 473 13 discriminator 1
 949 010c 3B68     		ldr	r3, [r7]
 950 010e 9B69     		ldr	r3, [r3, #24]
 951 0110 6F4A     		ldr	r2, .L42+4
 952 0112 9342     		cmp	r3, r2
 953 0114 09D0     		beq	.L37
 954              		.loc 1 473 13 is_stmt 0 discriminator 2
 955 0116 3B68     		ldr	r3, [r7]
 956 0118 9B69     		ldr	r3, [r3, #24]
 957 011a 6E4A     		ldr	r2, .L42+8
 958 011c 9342     		cmp	r3, r2
 959 011e 04D0     		beq	.L37
 960              		.loc 1 473 13 discriminator 3
 961 0120 3B68     		ldr	r3, [r7]
 962 0122 9B69     		ldr	r3, [r3, #24]
 963 0124 6C4A     		ldr	r2, .L42+12
 964 0126 9342     		cmp	r3, r2
 965 0128 62D1     		bne	.L33
 966              	.L37:
 474:../../../firmware/n32h7xx_std_periph_driver/src/n32h7xx_lcdc.c ****     {
 475:../../../firmware/n32h7xx_std_periph_driver/src/n32h7xx_lcdc.c ****         /* Get the LCDC_PFCTRL register value */
ARM GAS  /tmp/ccxmuAb3.s 			page 26


 476:../../../firmware/n32h7xx_std_periph_driver/src/n32h7xx_lcdc.c ****         tmppfctrl = LCDC_Layerx->PFCTRL;
 967              		.loc 1 476 19 is_stmt 1
 968 012a 7B68     		ldr	r3, [r7, #4]
 969 012c DB69     		ldr	r3, [r3, #28]
 970 012e 7B62     		str	r3, [r7, #36]
 477:../../../firmware/n32h7xx_std_periph_driver/src/n32h7xx_lcdc.c ****         /* Clear PF bits */
 478:../../../firmware/n32h7xx_std_periph_driver/src/n32h7xx_lcdc.c ****         tmppfctrl &= ~LCDC_PFCTRL_PF;
 971              		.loc 1 478 19
 972 0130 7B6A     		ldr	r3, [r7, #36]
 973 0132 23F00703 		bic	r3, r3, #7
 974 0136 7B62     		str	r3, [r7, #36]
 479:../../../firmware/n32h7xx_std_periph_driver/src/n32h7xx_lcdc.c ****         /* Set PF bits */
 480:../../../firmware/n32h7xx_std_periph_driver/src/n32h7xx_lcdc.c ****         tmppfctrl |= LCDC_PIXEL_FORMAT_CUSTOM;
 975              		.loc 1 480 19
 976 0138 7B6A     		ldr	r3, [r7, #36]
 977 013a 43F00703 		orr	r3, r3, #7
 978 013e 7B62     		str	r3, [r7, #36]
 481:../../../firmware/n32h7xx_std_periph_driver/src/n32h7xx_lcdc.c ****         /* Write to LCDC_PFCTRL */
 482:../../../firmware/n32h7xx_std_periph_driver/src/n32h7xx_lcdc.c ****         LCDC_Layerx->PFCTRL = (uint32_t)tmppfctrl;
 979              		.loc 1 482 29
 980 0140 7B68     		ldr	r3, [r7, #4]
 981 0142 7A6A     		ldr	r2, [r7, #36]
 982 0144 DA61     		str	r2, [r3, #28]
 483:../../../firmware/n32h7xx_std_periph_driver/src/n32h7xx_lcdc.c ****         
 484:../../../firmware/n32h7xx_std_periph_driver/src/n32h7xx_lcdc.c ****         /* Config YUV component input order */
 485:../../../firmware/n32h7xx_std_periph_driver/src/n32h7xx_lcdc.c ****         if(LCDC_Layer_InitStruct->LCDC_PixelFormat == LCDC_PIXEL_FORMAT_YUV444)
 983              		.loc 1 485 33
 984 0146 3B68     		ldr	r3, [r7]
 985 0148 9B69     		ldr	r3, [r3, #24]
 986              		.loc 1 485 11
 987 014a 634A     		ldr	r2, .L42+12
 988 014c 9342     		cmp	r3, r2
 989 014e 0ED1     		bne	.L38
 486:../../../firmware/n32h7xx_std_periph_driver/src/n32h7xx_lcdc.c ****         {
 487:../../../firmware/n32h7xx_std_periph_driver/src/n32h7xx_lcdc.c ****             tmpafbctrl = LCDC_Layerx->AFBCTRL;
 990              		.loc 1 487 24
 991 0150 7B68     		ldr	r3, [r7, #4]
 992 0152 1B6B     		ldr	r3, [r3, #48]
 993 0154 3B62     		str	r3, [r7, #32]
 488:../../../firmware/n32h7xx_std_periph_driver/src/n32h7xx_lcdc.c ****             tmpafbctrl &= ~(LCDC_AFBCTRL_YUVIMDO | LCDC_AFBCTRL_YUVMD);
 994              		.loc 1 488 24
 995 0156 3B6A     		ldr	r3, [r7, #32]
 996 0158 23F4F873 		bic	r3, r3, #496
 997 015c 3B62     		str	r3, [r7, #32]
 489:../../../firmware/n32h7xx_std_periph_driver/src/n32h7xx_lcdc.c ****             tmpafbctrl |= YUV444_ORDER | (LCDC_PIXEL_FORMAT_YUV444 & (uint32_t)~LCDC_PIXEL_FORMAT_Y
 998              		.loc 1 489 24
 999 015e 3B6A     		ldr	r3, [r7, #32]
 1000 0160 43F0F003 		orr	r3, r3, #240
 1001 0164 3B62     		str	r3, [r7, #32]
 490:../../../firmware/n32h7xx_std_periph_driver/src/n32h7xx_lcdc.c ****             LCDC_Layerx->AFBCTRL = (uint32_t)tmpafbctrl;
 1002              		.loc 1 490 34
 1003 0166 7B68     		ldr	r3, [r7, #4]
 1004 0168 3A6A     		ldr	r2, [r7, #32]
 1005 016a 1A63     		str	r2, [r3, #48]
 1006 016c 3AE0     		b	.L39
 1007              	.L38:
 491:../../../firmware/n32h7xx_std_periph_driver/src/n32h7xx_lcdc.c ****         }
ARM GAS  /tmp/ccxmuAb3.s 			page 27


 492:../../../firmware/n32h7xx_std_periph_driver/src/n32h7xx_lcdc.c ****         else if(LCDC_Layer_InitStruct->LCDC_PixelFormat == LCDC_PIXEL_FORMAT_YUV422I)
 1008              		.loc 1 492 38
 1009 016e 3B68     		ldr	r3, [r7]
 1010 0170 9B69     		ldr	r3, [r3, #24]
 1011              		.loc 1 492 16
 1012 0172 B3F1004F 		cmp	r3, #-2147483648
 1013 0176 0ED1     		bne	.L40
 493:../../../firmware/n32h7xx_std_periph_driver/src/n32h7xx_lcdc.c ****         {
 494:../../../firmware/n32h7xx_std_periph_driver/src/n32h7xx_lcdc.c ****             tmpafbctrl = LCDC_Layerx->AFBCTRL;
 1014              		.loc 1 494 24
 1015 0178 7B68     		ldr	r3, [r7, #4]
 1016 017a 1B6B     		ldr	r3, [r3, #48]
 1017 017c 3B62     		str	r3, [r7, #32]
 495:../../../firmware/n32h7xx_std_periph_driver/src/n32h7xx_lcdc.c ****             tmpafbctrl &= ~(LCDC_AFBCTRL_YUVIMDO | LCDC_AFBCTRL_YUVMD);
 1018              		.loc 1 495 24
 1019 017e 3B6A     		ldr	r3, [r7, #32]
 1020 0180 23F4F873 		bic	r3, r3, #496
 1021 0184 3B62     		str	r3, [r7, #32]
 496:../../../firmware/n32h7xx_std_periph_driver/src/n32h7xx_lcdc.c ****             tmpafbctrl |= YUV422_ORDER | (LCDC_PIXEL_FORMAT_YUV422I & (uint32_t)~LCDC_PIXEL_FORMAT_
 1022              		.loc 1 496 24
 1023 0186 3B6A     		ldr	r3, [r7, #32]
 1024 0188 43F4E073 		orr	r3, r3, #448
 1025 018c 3B62     		str	r3, [r7, #32]
 497:../../../firmware/n32h7xx_std_periph_driver/src/n32h7xx_lcdc.c ****             LCDC_Layerx->AFBCTRL = (uint32_t)tmpafbctrl;
 1026              		.loc 1 497 34
 1027 018e 7B68     		ldr	r3, [r7, #4]
 1028 0190 3A6A     		ldr	r2, [r7, #32]
 1029 0192 1A63     		str	r2, [r3, #48]
 1030 0194 26E0     		b	.L39
 1031              	.L40:
 498:../../../firmware/n32h7xx_std_periph_driver/src/n32h7xx_lcdc.c ****         }
 499:../../../firmware/n32h7xx_std_periph_driver/src/n32h7xx_lcdc.c ****         else if(LCDC_Layer_InitStruct->LCDC_PixelFormat == LCDC_PIXEL_FORMAT_YUV420S)
 1032              		.loc 1 499 38
 1033 0196 3B68     		ldr	r3, [r7]
 1034 0198 9B69     		ldr	r3, [r3, #24]
 1035              		.loc 1 499 16
 1036 019a 4D4A     		ldr	r2, .L42+4
 1037 019c 9342     		cmp	r3, r2
 1038 019e 0ED1     		bne	.L41
 500:../../../firmware/n32h7xx_std_periph_driver/src/n32h7xx_lcdc.c ****         {
 501:../../../firmware/n32h7xx_std_periph_driver/src/n32h7xx_lcdc.c ****             tmpafbctrl = LCDC_Layerx->AFBCTRL;
 1039              		.loc 1 501 24
 1040 01a0 7B68     		ldr	r3, [r7, #4]
 1041 01a2 1B6B     		ldr	r3, [r3, #48]
 1042 01a4 3B62     		str	r3, [r7, #32]
 502:../../../firmware/n32h7xx_std_periph_driver/src/n32h7xx_lcdc.c ****             tmpafbctrl &= ~(LCDC_AFBCTRL_YUVIMDO | LCDC_AFBCTRL_YUVMD);
 1043              		.loc 1 502 24
 1044 01a6 3B6A     		ldr	r3, [r7, #32]
 1045 01a8 23F4F873 		bic	r3, r3, #496
 1046 01ac 3B62     		str	r3, [r7, #32]
 503:../../../firmware/n32h7xx_std_periph_driver/src/n32h7xx_lcdc.c ****             tmpafbctrl |= YUV420_ORDER | (LCDC_PIXEL_FORMAT_YUV420S & (uint32_t)~LCDC_PIXEL_FORMAT_
 1047              		.loc 1 503 24
 1048 01ae 3B6A     		ldr	r3, [r7, #32]
 1049 01b0 43F09003 		orr	r3, r3, #144
 1050 01b4 3B62     		str	r3, [r7, #32]
 504:../../../firmware/n32h7xx_std_periph_driver/src/n32h7xx_lcdc.c ****             LCDC_Layerx->AFBCTRL = (uint32_t)tmpafbctrl;
 1051              		.loc 1 504 34
ARM GAS  /tmp/ccxmuAb3.s 			page 28


 1052 01b6 7B68     		ldr	r3, [r7, #4]
 1053 01b8 3A6A     		ldr	r2, [r7, #32]
 1054 01ba 1A63     		str	r2, [r3, #48]
 1055 01bc 12E0     		b	.L39
 1056              	.L41:
 505:../../../firmware/n32h7xx_std_periph_driver/src/n32h7xx_lcdc.c ****         }
 506:../../../firmware/n32h7xx_std_periph_driver/src/n32h7xx_lcdc.c ****         else if(LCDC_Layer_InitStruct->LCDC_PixelFormat == LCDC_PIXEL_FORMAT_YUV420P)
 1057              		.loc 1 506 38
 1058 01be 3B68     		ldr	r3, [r7]
 1059 01c0 9B69     		ldr	r3, [r3, #24]
 1060              		.loc 1 506 16
 1061 01c2 444A     		ldr	r2, .L42+8
 1062 01c4 9342     		cmp	r3, r2
 1063 01c6 0DD1     		bne	.L39
 507:../../../firmware/n32h7xx_std_periph_driver/src/n32h7xx_lcdc.c ****         {
 508:../../../firmware/n32h7xx_std_periph_driver/src/n32h7xx_lcdc.c ****             tmpafbctrl = LCDC_Layerx->AFBCTRL;
 1064              		.loc 1 508 24
 1065 01c8 7B68     		ldr	r3, [r7, #4]
 1066 01ca 1B6B     		ldr	r3, [r3, #48]
 1067 01cc 3B62     		str	r3, [r7, #32]
 509:../../../firmware/n32h7xx_std_periph_driver/src/n32h7xx_lcdc.c ****             tmpafbctrl &= ~(LCDC_AFBCTRL_YUVIMDO | LCDC_AFBCTRL_YUVMD);
 1068              		.loc 1 509 24
 1069 01ce 3B6A     		ldr	r3, [r7, #32]
 1070 01d0 23F4F873 		bic	r3, r3, #496
 1071 01d4 3B62     		str	r3, [r7, #32]
 510:../../../firmware/n32h7xx_std_periph_driver/src/n32h7xx_lcdc.c ****             tmpafbctrl |= YUV420_ORDER | (LCDC_PIXEL_FORMAT_YUV420P & (uint32_t)~LCDC_PIXEL_FORMAT_
 1072              		.loc 1 510 24
 1073 01d6 3B6A     		ldr	r3, [r7, #32]
 1074 01d8 43F0A003 		orr	r3, r3, #160
 1075 01dc 3B62     		str	r3, [r7, #32]
 511:../../../firmware/n32h7xx_std_periph_driver/src/n32h7xx_lcdc.c ****             LCDC_Layerx->AFBCTRL = (uint32_t)tmpafbctrl;
 1076              		.loc 1 511 34
 1077 01de 7B68     		ldr	r3, [r7, #4]
 1078 01e0 3A6A     		ldr	r2, [r7, #32]
 1079 01e2 1A63     		str	r2, [r3, #48]
 1080              	.L39:
 512:../../../firmware/n32h7xx_std_periph_driver/src/n32h7xx_lcdc.c ****         }
 513:../../../firmware/n32h7xx_std_periph_driver/src/n32h7xx_lcdc.c ****         else
 514:../../../firmware/n32h7xx_std_periph_driver/src/n32h7xx_lcdc.c ****         {
 515:../../../firmware/n32h7xx_std_periph_driver/src/n32h7xx_lcdc.c ****             /* No process */
 516:../../../firmware/n32h7xx_std_periph_driver/src/n32h7xx_lcdc.c ****         }
 517:../../../firmware/n32h7xx_std_periph_driver/src/n32h7xx_lcdc.c ****         /* Configure the YUV component coefficients*/
 518:../../../firmware/n32h7xx_std_periph_driver/src/n32h7xx_lcdc.c ****         LCDC_Layerx->YUVS1 = 0x02040199U;
 1081              		.loc 1 518 28
 1082 01e4 7B68     		ldr	r3, [r7, #4]
 1083 01e6 3D4A     		ldr	r2, .L42+16
 1084 01e8 DA66     		str	r2, [r3, #108]
 519:../../../firmware/n32h7xx_std_periph_driver/src/n32h7xx_lcdc.c ****         LCDC_Layerx->YUVS2 = 0x006400d0U;
 1085              		.loc 1 519 28
 1086 01ea 7B68     		ldr	r3, [r7, #4]
 1087 01ec 3C4A     		ldr	r2, .L42+20
 1088 01ee 1A67     		str	r2, [r3, #112]
 1089              	.L33:
 520:../../../firmware/n32h7xx_std_periph_driver/src/n32h7xx_lcdc.c ****     }
 521:../../../firmware/n32h7xx_std_periph_driver/src/n32h7xx_lcdc.c ****     else
 522:../../../firmware/n32h7xx_std_periph_driver/src/n32h7xx_lcdc.c ****     {
 523:../../../firmware/n32h7xx_std_periph_driver/src/n32h7xx_lcdc.c ****         /* No process */
ARM GAS  /tmp/ccxmuAb3.s 			page 29


 524:../../../firmware/n32h7xx_std_periph_driver/src/n32h7xx_lcdc.c ****     }
 525:../../../firmware/n32h7xx_std_periph_driver/src/n32h7xx_lcdc.c ****     
 526:../../../firmware/n32h7xx_std_periph_driver/src/n32h7xx_lcdc.c ****     /* Configures the default color values */    
 527:../../../firmware/n32h7xx_std_periph_driver/src/n32h7xx_lcdc.c ****     /* Get the LCDC_DCCTRL register value */
 528:../../../firmware/n32h7xx_std_periph_driver/src/n32h7xx_lcdc.c ****     tmpdcctrl = LCDC_Layerx->DCCTRL;
 1090              		.loc 1 528 15
 1091 01f0 7B68     		ldr	r3, [r7, #4]
 1092 01f2 5B6A     		ldr	r3, [r3, #36]
 1093 01f4 FB61     		str	r3, [r7, #28]
 529:../../../firmware/n32h7xx_std_periph_driver/src/n32h7xx_lcdc.c ****     /* Clear DCA/DCR/DCG/DCB bits */
 530:../../../firmware/n32h7xx_std_periph_driver/src/n32h7xx_lcdc.c ****     tmpdcctrl &= ~(LCDC_DCCTRL_DCA | LCDC_DCCTRL_DCR | LCDC_DCCTRL_DCG | LCDC_DCCTRL_DCB);
 1094              		.loc 1 530 15
 1095 01f6 0023     		movs	r3, #0
 1096 01f8 FB61     		str	r3, [r7, #28]
 531:../../../firmware/n32h7xx_std_periph_driver/src/n32h7xx_lcdc.c ****     /* Set DCA/DCR/DCG/DCB bits */
 532:../../../firmware/n32h7xx_std_periph_driver/src/n32h7xx_lcdc.c ****     tmpdcctrl |= (uint32_t)((LCDC_Layer_InitStruct->LCDC_DefaultAlpha << 24) | (LCDC_Layer_InitStru
 1097              		.loc 1 532 51
 1098 01fa 3B68     		ldr	r3, [r7]
 1099 01fc 1B6A     		ldr	r3, [r3, #32]
 1100              		.loc 1 532 71
 1101 01fe 1A06     		lsls	r2, r3, #24
 1102              		.loc 1 532 102
 1103 0200 3B68     		ldr	r3, [r7]
 1104 0202 DB6C     		ldr	r3, [r3, #76]
 1105              		.loc 1 532 125
 1106 0204 1B04     		lsls	r3, r3, #16
 1107              		.loc 1 532 78
 1108 0206 1A43     		orrs	r2, r2, r3
 533:../../../firmware/n32h7xx_std_periph_driver/src/n32h7xx_lcdc.c ****                             (LCDC_Layer_InitStruct->LCDC_DefaultColorGreen << 8) | (LCDC_Layer_Init
 1109              		.loc 1 533 51
 1110 0208 3B68     		ldr	r3, [r7]
 1111 020a 9B6C     		ldr	r3, [r3, #72]
 1112              		.loc 1 533 76
 1113 020c 1B02     		lsls	r3, r3, #8
 532:../../../firmware/n32h7xx_std_periph_driver/src/n32h7xx_lcdc.c ****                             (LCDC_Layer_InitStruct->LCDC_DefaultColorGreen << 8) | (LCDC_Layer_Init
 1114              		.loc 1 532 132
 1115 020e 1A43     		orrs	r2, r2, r3
 1116              		.loc 1 533 106
 1117 0210 3B68     		ldr	r3, [r7]
 1118 0212 5B6C     		ldr	r3, [r3, #68]
 1119              		.loc 1 533 82
 1120 0214 1343     		orrs	r3, r3, r2
 532:../../../firmware/n32h7xx_std_periph_driver/src/n32h7xx_lcdc.c ****                             (LCDC_Layer_InitStruct->LCDC_DefaultColorGreen << 8) | (LCDC_Layer_Init
 1121              		.loc 1 532 15
 1122 0216 FA69     		ldr	r2, [r7, #28]
 1123 0218 1343     		orrs	r3, r3, r2
 1124 021a FB61     		str	r3, [r7, #28]
 534:../../../firmware/n32h7xx_std_periph_driver/src/n32h7xx_lcdc.c ****     /* Write to LCDC_DCCTRL */
 535:../../../firmware/n32h7xx_std_periph_driver/src/n32h7xx_lcdc.c ****     LCDC_Layerx->DCCTRL = (uint32_t)tmpdcctrl;
 1125              		.loc 1 535 25
 1126 021c 7B68     		ldr	r3, [r7, #4]
 1127 021e FA69     		ldr	r2, [r7, #28]
 1128 0220 5A62     		str	r2, [r3, #36]
 536:../../../firmware/n32h7xx_std_periph_driver/src/n32h7xx_lcdc.c **** 
 537:../../../firmware/n32h7xx_std_periph_driver/src/n32h7xx_lcdc.c ****     /* Specifies the constant alpha value */
 538:../../../firmware/n32h7xx_std_periph_driver/src/n32h7xx_lcdc.c ****     /* Get the LCDC_CACTRL register value */
 539:../../../firmware/n32h7xx_std_periph_driver/src/n32h7xx_lcdc.c ****     tmpcactrl = LCDC_Layerx->CACTRL;
ARM GAS  /tmp/ccxmuAb3.s 			page 30


 1129              		.loc 1 539 15
 1130 0222 7B68     		ldr	r3, [r7, #4]
 1131 0224 1B6A     		ldr	r3, [r3, #32]
 1132 0226 BB61     		str	r3, [r7, #24]
 540:../../../firmware/n32h7xx_std_periph_driver/src/n32h7xx_lcdc.c ****     /* Clear CA bits */
 541:../../../firmware/n32h7xx_std_periph_driver/src/n32h7xx_lcdc.c ****     tmpcactrl &= ~LCDC_CACTRL_CA;
 1133              		.loc 1 541 15
 1134 0228 BB69     		ldr	r3, [r7, #24]
 1135 022a 23F0FF03 		bic	r3, r3, #255
 1136 022e BB61     		str	r3, [r7, #24]
 542:../../../firmware/n32h7xx_std_periph_driver/src/n32h7xx_lcdc.c ****     /* Set CA bits */
 543:../../../firmware/n32h7xx_std_periph_driver/src/n32h7xx_lcdc.c ****     tmpcactrl |= (uint32_t)(LCDC_Layer_InitStruct->LCDC_ConstantAlpha);
 1137              		.loc 1 543 50
 1138 0230 3B68     		ldr	r3, [r7]
 1139 0232 DB69     		ldr	r3, [r3, #28]
 1140              		.loc 1 543 15
 1141 0234 BA69     		ldr	r2, [r7, #24]
 1142 0236 1343     		orrs	r3, r3, r2
 1143 0238 BB61     		str	r3, [r7, #24]
 544:../../../firmware/n32h7xx_std_periph_driver/src/n32h7xx_lcdc.c ****     /* Write to LCDC_CACTRL */
 545:../../../firmware/n32h7xx_std_periph_driver/src/n32h7xx_lcdc.c ****     LCDC_Layerx->CACTRL = (uint32_t)tmpcactrl;
 1144              		.loc 1 545 25
 1145 023a 7B68     		ldr	r3, [r7, #4]
 1146 023c BA69     		ldr	r2, [r7, #24]
 1147 023e 1A62     		str	r2, [r3, #32]
 546:../../../firmware/n32h7xx_std_periph_driver/src/n32h7xx_lcdc.c **** 
 547:../../../firmware/n32h7xx_std_periph_driver/src/n32h7xx_lcdc.c ****     /* Specifies the blending factors */
 548:../../../firmware/n32h7xx_std_periph_driver/src/n32h7xx_lcdc.c ****     /* Get the LCDC_BFCTRL register value */
 549:../../../firmware/n32h7xx_std_periph_driver/src/n32h7xx_lcdc.c ****     tmpbfctrl = LCDC_Layerx->BFCTRL;
 1148              		.loc 1 549 15
 1149 0240 7B68     		ldr	r3, [r7, #4]
 1150 0242 9B6A     		ldr	r3, [r3, #40]
 1151 0244 7B61     		str	r3, [r7, #20]
 550:../../../firmware/n32h7xx_std_periph_driver/src/n32h7xx_lcdc.c ****     /* Clear BF1/BF2 bits */
 551:../../../firmware/n32h7xx_std_periph_driver/src/n32h7xx_lcdc.c ****     tmpbfctrl &= ~(LCDC_BFCTRL_BF1 | LCDC_BFCTRL_BF2);
 1152              		.loc 1 551 15
 1153 0246 7B69     		ldr	r3, [r7, #20]
 1154 0248 23F4E063 		bic	r3, r3, #1792
 1155 024c 23F00703 		bic	r3, r3, #7
 1156 0250 7B61     		str	r3, [r7, #20]
 552:../../../firmware/n32h7xx_std_periph_driver/src/n32h7xx_lcdc.c ****     /* Set BF1/BF2 bits */
 553:../../../firmware/n32h7xx_std_periph_driver/src/n32h7xx_lcdc.c ****     tmpbfctrl |= (uint32_t)((LCDC_Layer_InitStruct->LCDC_BlendingFactor1) | (LCDC_Layer_InitStruct-
 1157              		.loc 1 553 51
 1158 0252 3B68     		ldr	r3, [r7]
 1159 0254 5A6A     		ldr	r2, [r3, #36]
 1160              		.loc 1 553 99
 1161 0256 3B68     		ldr	r3, [r7]
 1162 0258 9B6A     		ldr	r3, [r3, #40]
 1163              		.loc 1 553 75
 1164 025a 1343     		orrs	r3, r3, r2
 1165              		.loc 1 553 15
 1166 025c 7A69     		ldr	r2, [r7, #20]
 1167 025e 1343     		orrs	r3, r3, r2
 1168 0260 7B61     		str	r3, [r7, #20]
 554:../../../firmware/n32h7xx_std_periph_driver/src/n32h7xx_lcdc.c ****     /* Write to LCDC_BFCTRL */
 555:../../../firmware/n32h7xx_std_periph_driver/src/n32h7xx_lcdc.c ****     LCDC_Layerx->BFCTRL = (uint32_t)tmpbfctrl;
 1169              		.loc 1 555 25
ARM GAS  /tmp/ccxmuAb3.s 			page 31


 1170 0262 7B68     		ldr	r3, [r7, #4]
 1171 0264 7A69     		ldr	r2, [r7, #20]
 1172 0266 9A62     		str	r2, [r3, #40]
 556:../../../firmware/n32h7xx_std_periph_driver/src/n32h7xx_lcdc.c **** 
 557:../../../firmware/n32h7xx_std_periph_driver/src/n32h7xx_lcdc.c ****     /* Configures the color frame buffer start address */
 558:../../../firmware/n32h7xx_std_periph_driver/src/n32h7xx_lcdc.c ****     /* Get the LCDC_CFBADDR register value */
 559:../../../firmware/n32h7xx_std_periph_driver/src/n32h7xx_lcdc.c ****     tmpcfbaddr = LCDC_Layerx->CFBADDR;
 1173              		.loc 1 559 16
 1174 0268 7B68     		ldr	r3, [r7, #4]
 1175 026a 5B6B     		ldr	r3, [r3, #52]
 1176 026c 3B61     		str	r3, [r7, #16]
 560:../../../firmware/n32h7xx_std_periph_driver/src/n32h7xx_lcdc.c ****     /* Clear CFBADDR bits */
 561:../../../firmware/n32h7xx_std_periph_driver/src/n32h7xx_lcdc.c ****     tmpcfbaddr &= ~(LCDC_CFBADDR_CFBADDR);
 1177              		.loc 1 561 16
 1178 026e 0023     		movs	r3, #0
 1179 0270 3B61     		str	r3, [r7, #16]
 562:../../../firmware/n32h7xx_std_periph_driver/src/n32h7xx_lcdc.c ****     /* Set CFBADDR bits */
 563:../../../firmware/n32h7xx_std_periph_driver/src/n32h7xx_lcdc.c ****     tmpcfbaddr |= (uint32_t)(LCDC_Layer_InitStruct->LCDC_CFBStartAdress);
 1180              		.loc 1 563 51
 1181 0272 3B68     		ldr	r3, [r7]
 1182 0274 DB6A     		ldr	r3, [r3, #44]
 1183              		.loc 1 563 16
 1184 0276 3A69     		ldr	r2, [r7, #16]
 1185 0278 1343     		orrs	r3, r3, r2
 1186 027a 3B61     		str	r3, [r7, #16]
 564:../../../firmware/n32h7xx_std_periph_driver/src/n32h7xx_lcdc.c ****     /* Write to LCDC_CFBADDR */
 565:../../../firmware/n32h7xx_std_periph_driver/src/n32h7xx_lcdc.c ****     LCDC_Layerx->CFBADDR = (uint32_t)tmpcfbaddr;
 1187              		.loc 1 565 26
 1188 027c 7B68     		ldr	r3, [r7, #4]
 1189 027e 3A69     		ldr	r2, [r7, #16]
 1190 0280 5A63     		str	r2, [r3, #52]
 566:../../../firmware/n32h7xx_std_periph_driver/src/n32h7xx_lcdc.c **** 
 567:../../../firmware/n32h7xx_std_periph_driver/src/n32h7xx_lcdc.c ****     /* Configures the color frame buffer pitch in byte */
 568:../../../firmware/n32h7xx_std_periph_driver/src/n32h7xx_lcdc.c ****     /* Get the LCDC_CFBLEN register value */
 569:../../../firmware/n32h7xx_std_periph_driver/src/n32h7xx_lcdc.c ****     tmpcfblen = LCDC_Layerx->CFBLEN;
 1191              		.loc 1 569 15
 1192 0282 7B68     		ldr	r3, [r7, #4]
 1193 0284 9B6B     		ldr	r3, [r3, #56]
 1194 0286 FB60     		str	r3, [r7, #12]
 570:../../../firmware/n32h7xx_std_periph_driver/src/n32h7xx_lcdc.c ****     /* Clear CFBLLEN/CFBP bits */
 571:../../../firmware/n32h7xx_std_periph_driver/src/n32h7xx_lcdc.c ****     tmpcfblen &= ~(LCDC_CFBLEN_CFBLLEN | LCDC_CFBLEN_CFBP);
 1195              		.loc 1 571 15
 1196 0288 0023     		movs	r3, #0
 1197 028a FB60     		str	r3, [r7, #12]
 572:../../../firmware/n32h7xx_std_periph_driver/src/n32h7xx_lcdc.c ****     /* Set CFBLLEN/CFBP bits */
 573:../../../firmware/n32h7xx_std_periph_driver/src/n32h7xx_lcdc.c ****     tmpcfblen |= (uint32_t)((LCDC_Layer_InitStruct->LCDC_CFBPitch << 16) | (LCDC_Layer_InitStruct->
 1198              		.loc 1 573 51
 1199 028c 3B68     		ldr	r3, [r7]
 1200 028e 1B6C     		ldr	r3, [r3, #64]
 1201              		.loc 1 573 67
 1202 0290 1A04     		lsls	r2, r3, #16
 1203              		.loc 1 573 98
 1204 0292 3B68     		ldr	r3, [r7]
 1205 0294 9B6B     		ldr	r3, [r3, #56]
 1206              		.loc 1 573 74
 1207 0296 1343     		orrs	r3, r3, r2
 1208              		.loc 1 573 15
ARM GAS  /tmp/ccxmuAb3.s 			page 32


 1209 0298 FA68     		ldr	r2, [r7, #12]
 1210 029a 1343     		orrs	r3, r3, r2
 1211 029c FB60     		str	r3, [r7, #12]
 574:../../../firmware/n32h7xx_std_periph_driver/src/n32h7xx_lcdc.c ****     /* Write to LCDC_CFBLEN */
 575:../../../firmware/n32h7xx_std_periph_driver/src/n32h7xx_lcdc.c ****     LCDC_Layerx->CFBLEN = (uint32_t)tmpcfblen;
 1212              		.loc 1 575 25
 1213 029e 7B68     		ldr	r3, [r7, #4]
 1214 02a0 FA68     		ldr	r2, [r7, #12]
 1215 02a2 9A63     		str	r2, [r3, #56]
 576:../../../firmware/n32h7xx_std_periph_driver/src/n32h7xx_lcdc.c **** 
 577:../../../firmware/n32h7xx_std_periph_driver/src/n32h7xx_lcdc.c ****     /* Configures the frame buffer line number */
 578:../../../firmware/n32h7xx_std_periph_driver/src/n32h7xx_lcdc.c ****     /* Get the LCDC_CFBLNUM register value */
 579:../../../firmware/n32h7xx_std_periph_driver/src/n32h7xx_lcdc.c ****     tmpcfblnum = LCDC_Layerx->CFBLNUM;
 1216              		.loc 1 579 16
 1217 02a4 7B68     		ldr	r3, [r7, #4]
 1218 02a6 DB6B     		ldr	r3, [r3, #60]
 1219 02a8 BB60     		str	r3, [r7, #8]
 580:../../../firmware/n32h7xx_std_periph_driver/src/n32h7xx_lcdc.c ****     /* Clear CFBLNUM bits */
 581:../../../firmware/n32h7xx_std_periph_driver/src/n32h7xx_lcdc.c ****     tmpcfblnum &= ~(LCDC_CFBLNUM_CFBLNUM);
 1220              		.loc 1 581 16
 1221 02aa BB68     		ldr	r3, [r7, #8]
 1222 02ac 1B0C     		lsrs	r3, r3, #16
 1223 02ae 1B04     		lsls	r3, r3, #16
 1224 02b0 BB60     		str	r3, [r7, #8]
 582:../../../firmware/n32h7xx_std_periph_driver/src/n32h7xx_lcdc.c ****     /* Set CFBLNUM bits */
 583:../../../firmware/n32h7xx_std_periph_driver/src/n32h7xx_lcdc.c ****     tmpcfblnum |= (uint32_t)(LCDC_Layer_InitStruct->LCDC_CFBLineNumber);
 1225              		.loc 1 583 51
 1226 02b2 3B68     		ldr	r3, [r7]
 1227 02b4 DB6B     		ldr	r3, [r3, #60]
 1228              		.loc 1 583 16
 1229 02b6 BA68     		ldr	r2, [r7, #8]
 1230 02b8 1343     		orrs	r3, r3, r2
 1231 02ba BB60     		str	r3, [r7, #8]
 584:../../../firmware/n32h7xx_std_periph_driver/src/n32h7xx_lcdc.c ****     /* Write to LCDC_CFBLNUM */
 585:../../../firmware/n32h7xx_std_periph_driver/src/n32h7xx_lcdc.c ****     LCDC_Layerx->CFBLNUM = (uint32_t)tmpcfblnum;
 1232              		.loc 1 585 26
 1233 02bc 7B68     		ldr	r3, [r7, #4]
 1234 02be BA68     		ldr	r2, [r7, #8]
 1235 02c0 DA63     		str	r2, [r3, #60]
 586:../../../firmware/n32h7xx_std_periph_driver/src/n32h7xx_lcdc.c ****     
 587:../../../firmware/n32h7xx_std_periph_driver/src/n32h7xx_lcdc.c **** 
 588:../../../firmware/n32h7xx_std_periph_driver/src/n32h7xx_lcdc.c **** }
 1236              		.loc 1 588 1
 1237 02c2 00BF     		nop
 1238 02c4 3437     		adds	r7, r7, #52
 1239              	.LCFI59:
 1240              		.cfi_def_cfa_offset 4
 1241 02c6 BD46     		mov	sp, r7
 1242              	.LCFI60:
 1243              		.cfi_def_cfa_register 13
 1244              		@ sp needed
 1245 02c8 80BC     		pop	{r7}
 1246              	.LCFI61:
 1247              		.cfi_restore 7
 1248              		.cfi_def_cfa_offset 0
 1249 02ca 7047     		bx	lr
 1250              	.L43:
ARM GAS  /tmp/ccxmuAb3.s 			page 33


 1251              		.align	2
 1252              	.L42:
 1253 02cc 00010600 		.word	393472
 1254 02d0 10000080 		.word	-2147483632
 1255 02d4 20000080 		.word	-2147483616
 1256 02d8 30000080 		.word	-2147483600
 1257 02dc 99010402 		.word	33816985
 1258 02e0 D0006400 		.word	6553808
 1259              		.cfi_endproc
 1260              	.LFE145:
 1262              		.section	.text.LCDC_LayerStructInit,"ax",%progbits
 1263              		.align	1
 1264              		.global	LCDC_LayerStructInit
 1265              		.syntax unified
 1266              		.thumb
 1267              		.thumb_func
 1269              	LCDC_LayerStructInit:
 1270              	.LFB146:
 589:../../../firmware/n32h7xx_std_periph_driver/src/n32h7xx_lcdc.c **** 
 590:../../../firmware/n32h7xx_std_periph_driver/src/n32h7xx_lcdc.c **** /**
 591:../../../firmware/n32h7xx_std_periph_driver/src/n32h7xx_lcdc.c **** *\*\name    LCDC_LayerStructInit
 592:../../../firmware/n32h7xx_std_periph_driver/src/n32h7xx_lcdc.c **** *\*\fun     Fills each LCDC_Layer_InitStruct member with its default value.
 593:../../../firmware/n32h7xx_std_periph_driver/src/n32h7xx_lcdc.c **** *\*\param   LCDC_Layer_InitStruct: refer to the definition of LCDC_Layer_InitType
 594:../../../firmware/n32h7xx_std_periph_driver/src/n32h7xx_lcdc.c **** *\*\          - LCDC_HorizontalStart
 595:../../../firmware/n32h7xx_std_periph_driver/src/n32h7xx_lcdc.c **** *\*\            * 0x0000 ~ 0xFFFF
 596:../../../firmware/n32h7xx_std_periph_driver/src/n32h7xx_lcdc.c **** *\*\          - LCDC_HorizontalStop
 597:../../../firmware/n32h7xx_std_periph_driver/src/n32h7xx_lcdc.c **** *\*\            * 0x0000 ~ 0xFFFF
 598:../../../firmware/n32h7xx_std_periph_driver/src/n32h7xx_lcdc.c **** *\*\          - LCDC_HorizontalScalerStop
 599:../../../firmware/n32h7xx_std_periph_driver/src/n32h7xx_lcdc.c **** *\*\            * 0x0000 ~ 0xFFFF
 600:../../../firmware/n32h7xx_std_periph_driver/src/n32h7xx_lcdc.c **** *\*\          - LCDC_VerticalStart
 601:../../../firmware/n32h7xx_std_periph_driver/src/n32h7xx_lcdc.c **** *\*\            * 0x0000 ~ 0xFFFF
 602:../../../firmware/n32h7xx_std_periph_driver/src/n32h7xx_lcdc.c **** *\*\          - LCDC_VerticalStop
 603:../../../firmware/n32h7xx_std_periph_driver/src/n32h7xx_lcdc.c **** *\*\            * 0x0000 ~ 0xFFFF
 604:../../../firmware/n32h7xx_std_periph_driver/src/n32h7xx_lcdc.c **** *\*\          - LCDC_VerticalScalerStop
 605:../../../firmware/n32h7xx_std_periph_driver/src/n32h7xx_lcdc.c **** *\*\            * 0x0000 ~ 0xFFFF
 606:../../../firmware/n32h7xx_std_periph_driver/src/n32h7xx_lcdc.c **** *\*\          - LCDC_PixelFormat
 607:../../../firmware/n32h7xx_std_periph_driver/src/n32h7xx_lcdc.c **** *\*\            * LCDC_PIXEL_FORMAT_ARGB8888
 608:../../../firmware/n32h7xx_std_periph_driver/src/n32h7xx_lcdc.c **** *\*\            * LCDC_PIXEL_FORMAT_ABGR8888
 609:../../../firmware/n32h7xx_std_periph_driver/src/n32h7xx_lcdc.c **** *\*\            * LCDC_PIXEL_FORMAT_RGBA8888
 610:../../../firmware/n32h7xx_std_periph_driver/src/n32h7xx_lcdc.c **** *\*\            * LCDC_PIXEL_FORMAT_BGRA8888
 611:../../../firmware/n32h7xx_std_periph_driver/src/n32h7xx_lcdc.c **** *\*\            * LCDC_PIXEL_FORMAT_RGB565
 612:../../../firmware/n32h7xx_std_periph_driver/src/n32h7xx_lcdc.c **** *\*\            * LCDC_PIXEL_FORMAT_BGR565
 613:../../../firmware/n32h7xx_std_periph_driver/src/n32h7xx_lcdc.c **** *\*\            * LCDC_PIXEL_FORMAT_RGB888
 614:../../../firmware/n32h7xx_std_periph_driver/src/n32h7xx_lcdc.c **** *\*\            * LCDC_PIXEL_FORMAT_YUV422I
 615:../../../firmware/n32h7xx_std_periph_driver/src/n32h7xx_lcdc.c **** *\*\            * LCDC_PIXEL_FORMAT_YUV420S
 616:../../../firmware/n32h7xx_std_periph_driver/src/n32h7xx_lcdc.c **** *\*\            * LCDC_PIXEL_FORMAT_YUV420P
 617:../../../firmware/n32h7xx_std_periph_driver/src/n32h7xx_lcdc.c **** *\*\            * LCDC_PIXEL_FORMAT_YUV444
 618:../../../firmware/n32h7xx_std_periph_driver/src/n32h7xx_lcdc.c **** *\*\            * LCDC_PIXEL_FORMAT_L8
 619:../../../firmware/n32h7xx_std_periph_driver/src/n32h7xx_lcdc.c **** *\*\            * LCDC_PIXEL_FORMAT_AL44
 620:../../../firmware/n32h7xx_std_periph_driver/src/n32h7xx_lcdc.c **** *\*\            * LCDC_PIXEL_FORMAT_AL88
 621:../../../firmware/n32h7xx_std_periph_driver/src/n32h7xx_lcdc.c **** *\*\            * LCDC_PIXEL_FORMAT_CUSTOM
 622:../../../firmware/n32h7xx_std_periph_driver/src/n32h7xx_lcdc.c **** *\*\          - LCDC_ConstantAlpha
 623:../../../firmware/n32h7xx_std_periph_driver/src/n32h7xx_lcdc.c **** *\*\            * 0x00 ~ 0xFF
 624:../../../firmware/n32h7xx_std_periph_driver/src/n32h7xx_lcdc.c **** *\*\          - LCDC_DefaultAlpha
 625:../../../firmware/n32h7xx_std_periph_driver/src/n32h7xx_lcdc.c **** *\*\            * 0x00 ~ 0xFF
 626:../../../firmware/n32h7xx_std_periph_driver/src/n32h7xx_lcdc.c **** *\*\          - LCDC_BlendingFactor1
 627:../../../firmware/n32h7xx_std_periph_driver/src/n32h7xx_lcdc.c **** *\*\            * LCDC_BLENDING_FACTOR1_CA
ARM GAS  /tmp/ccxmuAb3.s 			page 34


 628:../../../firmware/n32h7xx_std_periph_driver/src/n32h7xx_lcdc.c **** *\*\            * LCDC_BLENDING_FACTOR1_PAxCA
 629:../../../firmware/n32h7xx_std_periph_driver/src/n32h7xx_lcdc.c **** *\*\          - LCDC_BlendingFactor2
 630:../../../firmware/n32h7xx_std_periph_driver/src/n32h7xx_lcdc.c **** *\*\            * LCDC_BLENDING_FACTOR2_CA
 631:../../../firmware/n32h7xx_std_periph_driver/src/n32h7xx_lcdc.c **** *\*\            * LCDC_BLENDING_FACTOR2_PAxCA
 632:../../../firmware/n32h7xx_std_periph_driver/src/n32h7xx_lcdc.c **** *\*\          - LCDC_CFBStartAdress
 633:../../../firmware/n32h7xx_std_periph_driver/src/n32h7xx_lcdc.c **** *\*\            * 0x00000000 ~ 0xFFFFFFFF
 634:../../../firmware/n32h7xx_std_periph_driver/src/n32h7xx_lcdc.c **** *\*\          - LCDC_AFB0StartAdress
 635:../../../firmware/n32h7xx_std_periph_driver/src/n32h7xx_lcdc.c **** *\*\            * 0x00000000 ~ 0xFFFFFFFF
 636:../../../firmware/n32h7xx_std_periph_driver/src/n32h7xx_lcdc.c **** *\*\          - LCDC_AFB1StartAdress
 637:../../../firmware/n32h7xx_std_periph_driver/src/n32h7xx_lcdc.c **** *\*\            * 0x00000000 ~ 0xFFFFFFFF
 638:../../../firmware/n32h7xx_std_periph_driver/src/n32h7xx_lcdc.c **** *\*\          - LCDC_CFBLineLength
 639:../../../firmware/n32h7xx_std_periph_driver/src/n32h7xx_lcdc.c **** *\*\            * 0x0000 ~ 0xFFFF
 640:../../../firmware/n32h7xx_std_periph_driver/src/n32h7xx_lcdc.c **** *\*\          - LCDC_CFBPitch
 641:../../../firmware/n32h7xx_std_periph_driver/src/n32h7xx_lcdc.c **** *\*\            * 0x0000 ~ 0xFFFF
 642:../../../firmware/n32h7xx_std_periph_driver/src/n32h7xx_lcdc.c **** *\*\          - LCDC_CFBLineNumber
 643:../../../firmware/n32h7xx_std_periph_driver/src/n32h7xx_lcdc.c **** *\*\            * 0x0000 ~ 0xFFFF
 644:../../../firmware/n32h7xx_std_periph_driver/src/n32h7xx_lcdc.c **** *\*\          - LCDC_DefaultColorBlue
 645:../../../firmware/n32h7xx_std_periph_driver/src/n32h7xx_lcdc.c **** *\*\            * 0x00 ~ 0xFF
 646:../../../firmware/n32h7xx_std_periph_driver/src/n32h7xx_lcdc.c **** *\*\          - LCDC_DefaultColorGreen
 647:../../../firmware/n32h7xx_std_periph_driver/src/n32h7xx_lcdc.c **** *\*\            * 0x00 ~ 0xFF
 648:../../../firmware/n32h7xx_std_periph_driver/src/n32h7xx_lcdc.c **** *\*\          - LCDC_DefaultColorRed
 649:../../../firmware/n32h7xx_std_periph_driver/src/n32h7xx_lcdc.c **** *\*\            * 0x00 ~ 0xFF
 650:../../../firmware/n32h7xx_std_periph_driver/src/n32h7xx_lcdc.c **** *\*\return  none
 651:../../../firmware/n32h7xx_std_periph_driver/src/n32h7xx_lcdc.c **** **/
 652:../../../firmware/n32h7xx_std_periph_driver/src/n32h7xx_lcdc.c **** void LCDC_LayerStructInit(LCDC_Layer_InitType* LCDC_Layer_InitStruct)
 653:../../../firmware/n32h7xx_std_periph_driver/src/n32h7xx_lcdc.c **** {
 1271              		.loc 1 653 1
 1272              		.cfi_startproc
 1273              		@ args = 0, pretend = 0, frame = 8
 1274              		@ frame_needed = 1, uses_anonymous_args = 0
 1275              		@ link register save eliminated.
 1276 0000 80B4     		push	{r7}
 1277              	.LCFI62:
 1278              		.cfi_def_cfa_offset 4
 1279              		.cfi_offset 7, -4
 1280 0002 83B0     		sub	sp, sp, #12
 1281              	.LCFI63:
 1282              		.cfi_def_cfa_offset 16
 1283 0004 00AF     		add	r7, sp, #0
 1284              	.LCFI64:
 1285              		.cfi_def_cfa_register 7
 1286 0006 7860     		str	r0, [r7, #4]
 654:../../../firmware/n32h7xx_std_periph_driver/src/n32h7xx_lcdc.c ****     /* Set the default configuration */
 655:../../../firmware/n32h7xx_std_periph_driver/src/n32h7xx_lcdc.c ****     LCDC_Layer_InitStruct->LCDC_HorizontalStart      = 0x00;
 1287              		.loc 1 655 54
 1288 0008 7B68     		ldr	r3, [r7, #4]
 1289 000a 0022     		movs	r2, #0
 1290 000c 1A60     		str	r2, [r3]
 656:../../../firmware/n32h7xx_std_periph_driver/src/n32h7xx_lcdc.c ****     LCDC_Layer_InitStruct->LCDC_HorizontalStop       = 0x00;
 1291              		.loc 1 656 54
 1292 000e 7B68     		ldr	r3, [r7, #4]
 1293 0010 0022     		movs	r2, #0
 1294 0012 5A60     		str	r2, [r3, #4]
 657:../../../firmware/n32h7xx_std_periph_driver/src/n32h7xx_lcdc.c ****     LCDC_Layer_InitStruct->LCDC_HorizontalScalerStop = 0x00;
 1295              		.loc 1 657 54
 1296 0014 7B68     		ldr	r3, [r7, #4]
 1297 0016 0022     		movs	r2, #0
ARM GAS  /tmp/ccxmuAb3.s 			page 35


 1298 0018 9A60     		str	r2, [r3, #8]
 658:../../../firmware/n32h7xx_std_periph_driver/src/n32h7xx_lcdc.c ****     LCDC_Layer_InitStruct->LCDC_VerticalStart        = 0x00;
 1299              		.loc 1 658 54
 1300 001a 7B68     		ldr	r3, [r7, #4]
 1301 001c 0022     		movs	r2, #0
 1302 001e DA60     		str	r2, [r3, #12]
 659:../../../firmware/n32h7xx_std_periph_driver/src/n32h7xx_lcdc.c ****     LCDC_Layer_InitStruct->LCDC_VerticalStop         = 0x00;
 1303              		.loc 1 659 54
 1304 0020 7B68     		ldr	r3, [r7, #4]
 1305 0022 0022     		movs	r2, #0
 1306 0024 1A61     		str	r2, [r3, #16]
 660:../../../firmware/n32h7xx_std_periph_driver/src/n32h7xx_lcdc.c ****     LCDC_Layer_InitStruct->LCDC_VerticalScalerStop   = 0x00;
 1307              		.loc 1 660 54
 1308 0026 7B68     		ldr	r3, [r7, #4]
 1309 0028 0022     		movs	r2, #0
 1310 002a 5A61     		str	r2, [r3, #20]
 661:../../../firmware/n32h7xx_std_periph_driver/src/n32h7xx_lcdc.c ****     LCDC_Layer_InitStruct->LCDC_PixelFormat          = LCDC_PIXEL_FORMAT_ARGB8888;
 1311              		.loc 1 661 54
 1312 002c 7B68     		ldr	r3, [r7, #4]
 1313 002e 0022     		movs	r2, #0
 1314 0030 9A61     		str	r2, [r3, #24]
 662:../../../firmware/n32h7xx_std_periph_driver/src/n32h7xx_lcdc.c ****     LCDC_Layer_InitStruct->LCDC_ConstantAlpha        = 0xFF;
 1315              		.loc 1 662 54
 1316 0032 7B68     		ldr	r3, [r7, #4]
 1317 0034 FF22     		movs	r2, #255
 1318 0036 DA61     		str	r2, [r3, #28]
 663:../../../firmware/n32h7xx_std_periph_driver/src/n32h7xx_lcdc.c ****     LCDC_Layer_InitStruct->LCDC_DefaultAlpha         = 0x00;
 1319              		.loc 1 663 54
 1320 0038 7B68     		ldr	r3, [r7, #4]
 1321 003a 0022     		movs	r2, #0
 1322 003c 1A62     		str	r2, [r3, #32]
 664:../../../firmware/n32h7xx_std_periph_driver/src/n32h7xx_lcdc.c ****     LCDC_Layer_InitStruct->LCDC_BlendingFactor1      = LCDC_BLENDING_FACTOR1_CA;
 1323              		.loc 1 664 54
 1324 003e 7B68     		ldr	r3, [r7, #4]
 1325 0040 4FF48062 		mov	r2, #1024
 1326 0044 5A62     		str	r2, [r3, #36]
 665:../../../firmware/n32h7xx_std_periph_driver/src/n32h7xx_lcdc.c ****     LCDC_Layer_InitStruct->LCDC_BlendingFactor2      = LCDC_BLENDING_FACTOR2_CA;
 1327              		.loc 1 665 54
 1328 0046 7B68     		ldr	r3, [r7, #4]
 1329 0048 0522     		movs	r2, #5
 1330 004a 9A62     		str	r2, [r3, #40]
 666:../../../firmware/n32h7xx_std_periph_driver/src/n32h7xx_lcdc.c ****     LCDC_Layer_InitStruct->LCDC_CFBStartAdress       = 0x00;
 1331              		.loc 1 666 54
 1332 004c 7B68     		ldr	r3, [r7, #4]
 1333 004e 0022     		movs	r2, #0
 1334 0050 DA62     		str	r2, [r3, #44]
 667:../../../firmware/n32h7xx_std_periph_driver/src/n32h7xx_lcdc.c ****     LCDC_Layer_InitStruct->LCDC_AFB0StartAdress      = 0x00;
 1335              		.loc 1 667 54
 1336 0052 7B68     		ldr	r3, [r7, #4]
 1337 0054 0022     		movs	r2, #0
 1338 0056 1A63     		str	r2, [r3, #48]
 668:../../../firmware/n32h7xx_std_periph_driver/src/n32h7xx_lcdc.c ****     LCDC_Layer_InitStruct->LCDC_AFB1StartAdress      = 0x00;
 1339              		.loc 1 668 54
 1340 0058 7B68     		ldr	r3, [r7, #4]
 1341 005a 0022     		movs	r2, #0
 1342 005c 5A63     		str	r2, [r3, #52]
 669:../../../firmware/n32h7xx_std_periph_driver/src/n32h7xx_lcdc.c ****     LCDC_Layer_InitStruct->LCDC_CFBLineLength        = 0x00;
ARM GAS  /tmp/ccxmuAb3.s 			page 36


 1343              		.loc 1 669 54
 1344 005e 7B68     		ldr	r3, [r7, #4]
 1345 0060 0022     		movs	r2, #0
 1346 0062 9A63     		str	r2, [r3, #56]
 670:../../../firmware/n32h7xx_std_periph_driver/src/n32h7xx_lcdc.c ****     LCDC_Layer_InitStruct->LCDC_CFBLineNumber        = 0x00;
 1347              		.loc 1 670 54
 1348 0064 7B68     		ldr	r3, [r7, #4]
 1349 0066 0022     		movs	r2, #0
 1350 0068 DA63     		str	r2, [r3, #60]
 671:../../../firmware/n32h7xx_std_periph_driver/src/n32h7xx_lcdc.c ****     LCDC_Layer_InitStruct->LCDC_CFBPitch             = 0x00;
 1351              		.loc 1 671 54
 1352 006a 7B68     		ldr	r3, [r7, #4]
 1353 006c 0022     		movs	r2, #0
 1354 006e 1A64     		str	r2, [r3, #64]
 672:../../../firmware/n32h7xx_std_periph_driver/src/n32h7xx_lcdc.c ****     LCDC_Layer_InitStruct->LCDC_DefaultColorBlue     = 0x00;
 1355              		.loc 1 672 54
 1356 0070 7B68     		ldr	r3, [r7, #4]
 1357 0072 0022     		movs	r2, #0
 1358 0074 5A64     		str	r2, [r3, #68]
 673:../../../firmware/n32h7xx_std_periph_driver/src/n32h7xx_lcdc.c ****     LCDC_Layer_InitStruct->LCDC_DefaultColorGreen    = 0x00;
 1359              		.loc 1 673 54
 1360 0076 7B68     		ldr	r3, [r7, #4]
 1361 0078 0022     		movs	r2, #0
 1362 007a 9A64     		str	r2, [r3, #72]
 674:../../../firmware/n32h7xx_std_periph_driver/src/n32h7xx_lcdc.c ****     LCDC_Layer_InitStruct->LCDC_DefaultColorRed      = 0x00;
 1363              		.loc 1 674 54
 1364 007c 7B68     		ldr	r3, [r7, #4]
 1365 007e 0022     		movs	r2, #0
 1366 0080 DA64     		str	r2, [r3, #76]
 675:../../../firmware/n32h7xx_std_periph_driver/src/n32h7xx_lcdc.c **** }
 1367              		.loc 1 675 1
 1368 0082 00BF     		nop
 1369 0084 0C37     		adds	r7, r7, #12
 1370              	.LCFI65:
 1371              		.cfi_def_cfa_offset 4
 1372 0086 BD46     		mov	sp, r7
 1373              	.LCFI66:
 1374              		.cfi_def_cfa_register 13
 1375              		@ sp needed
 1376 0088 80BC     		pop	{r7}
 1377              	.LCFI67:
 1378              		.cfi_restore 7
 1379              		.cfi_def_cfa_offset 0
 1380 008a 7047     		bx	lr
 1381              		.cfi_endproc
 1382              	.LFE146:
 1384              		.section	.text.LCDC_LayerEnable,"ax",%progbits
 1385              		.align	1
 1386              		.global	LCDC_LayerEnable
 1387              		.syntax unified
 1388              		.thumb
 1389              		.thumb_func
 1391              	LCDC_LayerEnable:
 1392              	.LFB147:
 676:../../../firmware/n32h7xx_std_periph_driver/src/n32h7xx_lcdc.c **** 
 677:../../../firmware/n32h7xx_std_periph_driver/src/n32h7xx_lcdc.c **** void LCDC_LayerEnable(LCDC_Layer_Module* LCDC_Layerx , FunctionalState Cmd)
 678:../../../firmware/n32h7xx_std_periph_driver/src/n32h7xx_lcdc.c **** {
ARM GAS  /tmp/ccxmuAb3.s 			page 37


 1393              		.loc 1 678 1
 1394              		.cfi_startproc
 1395              		@ args = 0, pretend = 0, frame = 8
 1396              		@ frame_needed = 1, uses_anonymous_args = 0
 1397              		@ link register save eliminated.
 1398 0000 80B4     		push	{r7}
 1399              	.LCFI68:
 1400              		.cfi_def_cfa_offset 4
 1401              		.cfi_offset 7, -4
 1402 0002 83B0     		sub	sp, sp, #12
 1403              	.LCFI69:
 1404              		.cfi_def_cfa_offset 16
 1405 0004 00AF     		add	r7, sp, #0
 1406              	.LCFI70:
 1407              		.cfi_def_cfa_register 7
 1408 0006 7860     		str	r0, [r7, #4]
 1409 0008 0B46     		mov	r3, r1
 1410 000a FB70     		strb	r3, [r7, #3]
 679:../../../firmware/n32h7xx_std_periph_driver/src/n32h7xx_lcdc.c ****     if (Cmd != DISABLE)
 1411              		.loc 1 679 8
 1412 000c FB78     		ldrb	r3, [r7, #3]	@ zero_extendqisi2
 1413 000e 002B     		cmp	r3, #0
 1414 0010 06D0     		beq	.L46
 680:../../../firmware/n32h7xx_std_periph_driver/src/n32h7xx_lcdc.c ****     {
 681:../../../firmware/n32h7xx_std_periph_driver/src/n32h7xx_lcdc.c ****         /* Enable the LCDC layer */
 682:../../../firmware/n32h7xx_std_periph_driver/src/n32h7xx_lcdc.c ****         LCDC_Layerx->LCTRL |= (uint32_t)LCDC_LCTRL_LEN;
 1415              		.loc 1 682 20
 1416 0012 7B68     		ldr	r3, [r7, #4]
 1417 0014 DB68     		ldr	r3, [r3, #12]
 1418              		.loc 1 682 28
 1419 0016 43F00102 		orr	r2, r3, #1
 1420 001a 7B68     		ldr	r3, [r7, #4]
 1421 001c DA60     		str	r2, [r3, #12]
 683:../../../firmware/n32h7xx_std_periph_driver/src/n32h7xx_lcdc.c ****     }
 684:../../../firmware/n32h7xx_std_periph_driver/src/n32h7xx_lcdc.c ****     else
 685:../../../firmware/n32h7xx_std_periph_driver/src/n32h7xx_lcdc.c ****     {
 686:../../../firmware/n32h7xx_std_periph_driver/src/n32h7xx_lcdc.c ****         /* Disable the LCDC layer */
 687:../../../firmware/n32h7xx_std_periph_driver/src/n32h7xx_lcdc.c ****         LCDC_Layerx->LCTRL &= (uint32_t)(~LCDC_LCTRL_LEN);
 688:../../../firmware/n32h7xx_std_periph_driver/src/n32h7xx_lcdc.c ****     }
 689:../../../firmware/n32h7xx_std_periph_driver/src/n32h7xx_lcdc.c **** }
 1422              		.loc 1 689 1
 1423 001e 05E0     		b	.L48
 1424              	.L46:
 687:../../../firmware/n32h7xx_std_periph_driver/src/n32h7xx_lcdc.c ****     }
 1425              		.loc 1 687 20
 1426 0020 7B68     		ldr	r3, [r7, #4]
 1427 0022 DB68     		ldr	r3, [r3, #12]
 687:../../../firmware/n32h7xx_std_periph_driver/src/n32h7xx_lcdc.c ****     }
 1428              		.loc 1 687 28
 1429 0024 23F00102 		bic	r2, r3, #1
 1430 0028 7B68     		ldr	r3, [r7, #4]
 1431 002a DA60     		str	r2, [r3, #12]
 1432              	.L48:
 1433              		.loc 1 689 1
 1434 002c 00BF     		nop
 1435 002e 0C37     		adds	r7, r7, #12
 1436              	.LCFI71:
ARM GAS  /tmp/ccxmuAb3.s 			page 38


 1437              		.cfi_def_cfa_offset 4
 1438 0030 BD46     		mov	sp, r7
 1439              	.LCFI72:
 1440              		.cfi_def_cfa_register 13
 1441              		@ sp needed
 1442 0032 80BC     		pop	{r7}
 1443              	.LCFI73:
 1444              		.cfi_restore 7
 1445              		.cfi_def_cfa_offset 0
 1446 0034 7047     		bx	lr
 1447              		.cfi_endproc
 1448              	.LFE147:
 1450              		.section	.text.LCDC_GetPosStatus,"ax",%progbits
 1451              		.align	1
 1452              		.global	LCDC_GetPosStatus
 1453              		.syntax unified
 1454              		.thumb
 1455              		.thumb_func
 1457              	LCDC_GetPosStatus:
 1458              	.LFB148:
 690:../../../firmware/n32h7xx_std_periph_driver/src/n32h7xx_lcdc.c **** 
 691:../../../firmware/n32h7xx_std_periph_driver/src/n32h7xx_lcdc.c **** LCDC_PosType LCDC_GetPosStatus(void)
 692:../../../firmware/n32h7xx_std_periph_driver/src/n32h7xx_lcdc.c **** {
 1459              		.loc 1 692 1
 1460              		.cfi_startproc
 1461              		@ args = 0, pretend = 0, frame = 16
 1462              		@ frame_needed = 1, uses_anonymous_args = 0
 1463              		@ link register save eliminated.
 1464 0000 80B4     		push	{r7}
 1465              	.LCFI74:
 1466              		.cfi_def_cfa_offset 4
 1467              		.cfi_offset 7, -4
 1468 0002 85B0     		sub	sp, sp, #20
 1469              	.LCFI75:
 1470              		.cfi_def_cfa_offset 24
 1471 0004 00AF     		add	r7, sp, #0
 1472              	.LCFI76:
 1473              		.cfi_def_cfa_register 7
 1474 0006 7860     		str	r0, [r7, #4]
 693:../../../firmware/n32h7xx_std_periph_driver/src/n32h7xx_lcdc.c ****     LCDC_PosType LCDC_Pos_InitStruct;
 694:../../../firmware/n32h7xx_std_periph_driver/src/n32h7xx_lcdc.c **** 
 695:../../../firmware/n32h7xx_std_periph_driver/src/n32h7xx_lcdc.c ****     LCDC->CPSTS &= ~(LCDC_CPSTS_CYPOS | LCDC_CPSTS_CXPOS);
 1475              		.loc 1 695 9
 1476 0008 0C4B     		ldr	r3, .L51
 1477 000a 5B6C     		ldr	r3, [r3, #68]
 1478 000c 0B4B     		ldr	r3, .L51
 1479              		.loc 1 695 17
 1480 000e 0022     		movs	r2, #0
 1481 0010 5A64     		str	r2, [r3, #68]
 696:../../../firmware/n32h7xx_std_periph_driver/src/n32h7xx_lcdc.c **** 
 697:../../../firmware/n32h7xx_std_periph_driver/src/n32h7xx_lcdc.c ****     LCDC_Pos_InitStruct.LCDC_POSX = (uint32_t)(LCDC->CPSTS >> 16);
 1482              		.loc 1 697 52
 1483 0012 0A4B     		ldr	r3, .L51
 1484 0014 5B6C     		ldr	r3, [r3, #68]
 1485              		.loc 1 697 60
 1486 0016 1B0C     		lsrs	r3, r3, #16
 1487              		.loc 1 697 35
ARM GAS  /tmp/ccxmuAb3.s 			page 39


 1488 0018 BB60     		str	r3, [r7, #8]
 698:../../../firmware/n32h7xx_std_periph_driver/src/n32h7xx_lcdc.c ****     LCDC_Pos_InitStruct.LCDC_POSY = (uint32_t)(LCDC->CPSTS & 0xFFFF);
 1489              		.loc 1 698 52
 1490 001a 084B     		ldr	r3, .L51
 1491 001c 5B6C     		ldr	r3, [r3, #68]
 1492              		.loc 1 698 37
 1493 001e 9BB2     		uxth	r3, r3
 1494              		.loc 1 698 35
 1495 0020 FB60     		str	r3, [r7, #12]
 699:../../../firmware/n32h7xx_std_periph_driver/src/n32h7xx_lcdc.c **** 
 700:../../../firmware/n32h7xx_std_periph_driver/src/n32h7xx_lcdc.c ****     return LCDC_Pos_InitStruct;
 1496              		.loc 1 700 12
 1497 0022 7B68     		ldr	r3, [r7, #4]
 1498 0024 1A46     		mov	r2, r3
 1499 0026 07F10803 		add	r3, r7, #8
 1500 002a 93E80300 		ldm	r3, {r0, r1}
 1501 002e 82E80300 		stm	r2, {r0, r1}
 701:../../../firmware/n32h7xx_std_periph_driver/src/n32h7xx_lcdc.c **** }
 1502              		.loc 1 701 1
 1503 0032 7868     		ldr	r0, [r7, #4]
 1504 0034 1437     		adds	r7, r7, #20
 1505              	.LCFI77:
 1506              		.cfi_def_cfa_offset 4
 1507 0036 BD46     		mov	sp, r7
 1508              	.LCFI78:
 1509              		.cfi_def_cfa_register 13
 1510              		@ sp needed
 1511 0038 80BC     		pop	{r7}
 1512              	.LCFI79:
 1513              		.cfi_restore 7
 1514              		.cfi_def_cfa_offset 0
 1515 003a 7047     		bx	lr
 1516              	.L52:
 1517              		.align	2
 1518              	.L51:
 1519 003c 00A00450 		.word	1342480384
 1520              		.cfi_endproc
 1521              	.LFE148:
 1523              		.section	.text.LCDC_PosStructInit,"ax",%progbits
 1524              		.align	1
 1525              		.global	LCDC_PosStructInit
 1526              		.syntax unified
 1527              		.thumb
 1528              		.thumb_func
 1530              	LCDC_PosStructInit:
 1531              	.LFB149:
 702:../../../firmware/n32h7xx_std_periph_driver/src/n32h7xx_lcdc.c **** 
 703:../../../firmware/n32h7xx_std_periph_driver/src/n32h7xx_lcdc.c **** void LCDC_PosStructInit(LCDC_PosType* LCDC_Pos_InitStruct)
 704:../../../firmware/n32h7xx_std_periph_driver/src/n32h7xx_lcdc.c **** {
 1532              		.loc 1 704 1
 1533              		.cfi_startproc
 1534              		@ args = 0, pretend = 0, frame = 8
 1535              		@ frame_needed = 1, uses_anonymous_args = 0
 1536              		@ link register save eliminated.
 1537 0000 80B4     		push	{r7}
 1538              	.LCFI80:
 1539              		.cfi_def_cfa_offset 4
ARM GAS  /tmp/ccxmuAb3.s 			page 40


 1540              		.cfi_offset 7, -4
 1541 0002 83B0     		sub	sp, sp, #12
 1542              	.LCFI81:
 1543              		.cfi_def_cfa_offset 16
 1544 0004 00AF     		add	r7, sp, #0
 1545              	.LCFI82:
 1546              		.cfi_def_cfa_register 7
 1547 0006 7860     		str	r0, [r7, #4]
 705:../../../firmware/n32h7xx_std_periph_driver/src/n32h7xx_lcdc.c ****     LCDC_Pos_InitStruct->LCDC_POSX = 0x00;
 1548              		.loc 1 705 36
 1549 0008 7B68     		ldr	r3, [r7, #4]
 1550 000a 0022     		movs	r2, #0
 1551 000c 1A60     		str	r2, [r3]
 706:../../../firmware/n32h7xx_std_periph_driver/src/n32h7xx_lcdc.c ****     LCDC_Pos_InitStruct->LCDC_POSY = 0x00;
 1552              		.loc 1 706 36
 1553 000e 7B68     		ldr	r3, [r7, #4]
 1554 0010 0022     		movs	r2, #0
 1555 0012 5A60     		str	r2, [r3, #4]
 707:../../../firmware/n32h7xx_std_periph_driver/src/n32h7xx_lcdc.c **** }
 1556              		.loc 1 707 1
 1557 0014 00BF     		nop
 1558 0016 0C37     		adds	r7, r7, #12
 1559              	.LCFI83:
 1560              		.cfi_def_cfa_offset 4
 1561 0018 BD46     		mov	sp, r7
 1562              	.LCFI84:
 1563              		.cfi_def_cfa_register 13
 1564              		@ sp needed
 1565 001a 80BC     		pop	{r7}
 1566              	.LCFI85:
 1567              		.cfi_restore 7
 1568              		.cfi_def_cfa_offset 0
 1569 001c 7047     		bx	lr
 1570              		.cfi_endproc
 1571              	.LFE149:
 1573              		.section	.text.LCDC_GetCDStatus,"ax",%progbits
 1574              		.align	1
 1575              		.global	LCDC_GetCDStatus
 1576              		.syntax unified
 1577              		.thumb
 1578              		.thumb_func
 1580              	LCDC_GetCDStatus:
 1581              	.LFB150:
 708:../../../firmware/n32h7xx_std_periph_driver/src/n32h7xx_lcdc.c **** 
 709:../../../firmware/n32h7xx_std_periph_driver/src/n32h7xx_lcdc.c **** FlagStatus LCDC_GetCDStatus(uint32_t LCDC_CD)
 710:../../../firmware/n32h7xx_std_periph_driver/src/n32h7xx_lcdc.c **** {
 1582              		.loc 1 710 1
 1583              		.cfi_startproc
 1584              		@ args = 0, pretend = 0, frame = 16
 1585              		@ frame_needed = 1, uses_anonymous_args = 0
 1586              		@ link register save eliminated.
 1587 0000 80B4     		push	{r7}
 1588              	.LCFI86:
 1589              		.cfi_def_cfa_offset 4
 1590              		.cfi_offset 7, -4
 1591 0002 85B0     		sub	sp, sp, #20
 1592              	.LCFI87:
ARM GAS  /tmp/ccxmuAb3.s 			page 41


 1593              		.cfi_def_cfa_offset 24
 1594 0004 00AF     		add	r7, sp, #0
 1595              	.LCFI88:
 1596              		.cfi_def_cfa_register 7
 1597 0006 7860     		str	r0, [r7, #4]
 711:../../../firmware/n32h7xx_std_periph_driver/src/n32h7xx_lcdc.c ****     FlagStatus bitstatus;
 712:../../../firmware/n32h7xx_std_periph_driver/src/n32h7xx_lcdc.c **** 
 713:../../../firmware/n32h7xx_std_periph_driver/src/n32h7xx_lcdc.c ****     if ((LCDC->CDSTS & LCDC_CD) != (uint32_t)RESET)
 1598              		.loc 1 713 14
 1599 0008 084B     		ldr	r3, .L58
 1600 000a 9A6C     		ldr	r2, [r3, #72]
 1601              		.loc 1 713 22
 1602 000c 7B68     		ldr	r3, [r7, #4]
 1603 000e 1340     		ands	r3, r3, r2
 1604              		.loc 1 713 8
 1605 0010 002B     		cmp	r3, #0
 1606 0012 02D0     		beq	.L55
 714:../../../firmware/n32h7xx_std_periph_driver/src/n32h7xx_lcdc.c ****     {
 715:../../../firmware/n32h7xx_std_periph_driver/src/n32h7xx_lcdc.c ****         bitstatus = SET;
 1607              		.loc 1 715 19
 1608 0014 0123     		movs	r3, #1
 1609 0016 FB73     		strb	r3, [r7, #15]
 1610 0018 01E0     		b	.L56
 1611              	.L55:
 716:../../../firmware/n32h7xx_std_periph_driver/src/n32h7xx_lcdc.c ****     }
 717:../../../firmware/n32h7xx_std_periph_driver/src/n32h7xx_lcdc.c ****     else
 718:../../../firmware/n32h7xx_std_periph_driver/src/n32h7xx_lcdc.c ****     {
 719:../../../firmware/n32h7xx_std_periph_driver/src/n32h7xx_lcdc.c ****         bitstatus = RESET;
 1612              		.loc 1 719 19
 1613 001a 0023     		movs	r3, #0
 1614 001c FB73     		strb	r3, [r7, #15]
 1615              	.L56:
 720:../../../firmware/n32h7xx_std_periph_driver/src/n32h7xx_lcdc.c ****     }
 721:../../../firmware/n32h7xx_std_periph_driver/src/n32h7xx_lcdc.c **** 
 722:../../../firmware/n32h7xx_std_periph_driver/src/n32h7xx_lcdc.c ****     return bitstatus;
 1616              		.loc 1 722 12
 1617 001e FB7B     		ldrb	r3, [r7, #15]	@ zero_extendqisi2
 723:../../../firmware/n32h7xx_std_periph_driver/src/n32h7xx_lcdc.c **** }
 1618              		.loc 1 723 1
 1619 0020 1846     		mov	r0, r3
 1620 0022 1437     		adds	r7, r7, #20
 1621              	.LCFI89:
 1622              		.cfi_def_cfa_offset 4
 1623 0024 BD46     		mov	sp, r7
 1624              	.LCFI90:
 1625              		.cfi_def_cfa_register 13
 1626              		@ sp needed
 1627 0026 80BC     		pop	{r7}
 1628              	.LCFI91:
 1629              		.cfi_restore 7
 1630              		.cfi_def_cfa_offset 0
 1631 0028 7047     		bx	lr
 1632              	.L59:
 1633 002a 00BF     		.align	2
 1634              	.L58:
 1635 002c 00A00450 		.word	1342480384
 1636              		.cfi_endproc
ARM GAS  /tmp/ccxmuAb3.s 			page 42


 1637              	.LFE150:
 1639              		.section	.text.LCDC_LayerColorKeyingConfig,"ax",%progbits
 1640              		.align	1
 1641              		.global	LCDC_LayerColorKeyingConfig
 1642              		.syntax unified
 1643              		.thumb
 1644              		.thumb_func
 1646              	LCDC_LayerColorKeyingConfig:
 1647              	.LFB151:
 724:../../../firmware/n32h7xx_std_periph_driver/src/n32h7xx_lcdc.c **** 
 725:../../../firmware/n32h7xx_std_periph_driver/src/n32h7xx_lcdc.c **** /**
 726:../../../firmware/n32h7xx_std_periph_driver/src/n32h7xx_lcdc.c **** *\*\name    LCDC_ColorKeyingConfig
 727:../../../firmware/n32h7xx_std_periph_driver/src/n32h7xx_lcdc.c **** *\*\fun     Set and configure the color keying.
 728:../../../firmware/n32h7xx_std_periph_driver/src/n32h7xx_lcdc.c **** *\*\param   LCDC_Layerx: refer to the definition of LCDC_Layer_Module
 729:../../../firmware/n32h7xx_std_periph_driver/src/n32h7xx_lcdc.c **** *\*\          - LCDC_Layer1
 730:../../../firmware/n32h7xx_std_periph_driver/src/n32h7xx_lcdc.c **** *\*\          - LCDC_Layer2
 731:../../../firmware/n32h7xx_std_periph_driver/src/n32h7xx_lcdc.c **** *\*\          - LCDC_Layer3
 732:../../../firmware/n32h7xx_std_periph_driver/src/n32h7xx_lcdc.c **** *\*\          - LCDC_Layer4
 733:../../../firmware/n32h7xx_std_periph_driver/src/n32h7xx_lcdc.c **** *\*\param   LCDC_ColorKeying_InitStruct: refer to the definition of LCDC_ColorKeying_InitType
 734:../../../firmware/n32h7xx_std_periph_driver/src/n32h7xx_lcdc.c **** *\*\          - LCDC_ColorKeyBlue
 735:../../../firmware/n32h7xx_std_periph_driver/src/n32h7xx_lcdc.c **** *\*\            * 0x00 ~ 0xFF
 736:../../../firmware/n32h7xx_std_periph_driver/src/n32h7xx_lcdc.c **** *\*\          - LCDC_ColorKeyGreen
 737:../../../firmware/n32h7xx_std_periph_driver/src/n32h7xx_lcdc.c **** *\*\            * 0x00 ~ 0xFF
 738:../../../firmware/n32h7xx_std_periph_driver/src/n32h7xx_lcdc.c **** *\*\          - LCDC_ColorKeyRed
 739:../../../firmware/n32h7xx_std_periph_driver/src/n32h7xx_lcdc.c **** *\*\            * 0x00 ~ 0xFF
 740:../../../firmware/n32h7xx_std_periph_driver/src/n32h7xx_lcdc.c **** *\*\param   Cmd :
 741:../../../firmware/n32h7xx_std_periph_driver/src/n32h7xx_lcdc.c **** *\*\          - ENABLE
 742:../../../firmware/n32h7xx_std_periph_driver/src/n32h7xx_lcdc.c **** *\*\          - DISABLE
 743:../../../firmware/n32h7xx_std_periph_driver/src/n32h7xx_lcdc.c **** *\*\return  none
 744:../../../firmware/n32h7xx_std_periph_driver/src/n32h7xx_lcdc.c **** **/
 745:../../../firmware/n32h7xx_std_periph_driver/src/n32h7xx_lcdc.c **** void LCDC_LayerColorKeyingConfig(LCDC_Layer_Module* LCDC_Layerx, LCDC_ColorKeying_InitType* LCDC_Co
 746:../../../firmware/n32h7xx_std_periph_driver/src/n32h7xx_lcdc.c **** {
 1648              		.loc 1 746 1
 1649              		.cfi_startproc
 1650              		@ args = 0, pretend = 0, frame = 24
 1651              		@ frame_needed = 1, uses_anonymous_args = 0
 1652              		@ link register save eliminated.
 1653 0000 80B4     		push	{r7}
 1654              	.LCFI92:
 1655              		.cfi_def_cfa_offset 4
 1656              		.cfi_offset 7, -4
 1657 0002 87B0     		sub	sp, sp, #28
 1658              	.LCFI93:
 1659              		.cfi_def_cfa_offset 32
 1660 0004 00AF     		add	r7, sp, #0
 1661              	.LCFI94:
 1662              		.cfi_def_cfa_register 7
 1663 0006 F860     		str	r0, [r7, #12]
 1664 0008 B960     		str	r1, [r7, #8]
 1665 000a 1346     		mov	r3, r2
 1666 000c FB71     		strb	r3, [r7, #7]
 747:../../../firmware/n32h7xx_std_periph_driver/src/n32h7xx_lcdc.c ****     uint32_t tmpckctrl;
 748:../../../firmware/n32h7xx_std_periph_driver/src/n32h7xx_lcdc.c **** 
 749:../../../firmware/n32h7xx_std_periph_driver/src/n32h7xx_lcdc.c ****     if (Cmd != DISABLE)
 1667              		.loc 1 749 8
 1668 000e FB79     		ldrb	r3, [r7, #7]	@ zero_extendqisi2
 1669 0010 002B     		cmp	r3, #0
ARM GAS  /tmp/ccxmuAb3.s 			page 43


 1670 0012 1DD0     		beq	.L61
 750:../../../firmware/n32h7xx_std_periph_driver/src/n32h7xx_lcdc.c ****     {
 751:../../../firmware/n32h7xx_std_periph_driver/src/n32h7xx_lcdc.c ****         /* Enable LCDC color keying by setting COLKEN bit */
 752:../../../firmware/n32h7xx_std_periph_driver/src/n32h7xx_lcdc.c ****         LCDC_Layerx->LCTRL |= (uint32_t)LCDC_LCTRL_CKEN;
 1671              		.loc 1 752 20
 1672 0014 FB68     		ldr	r3, [r7, #12]
 1673 0016 DB68     		ldr	r3, [r3, #12]
 1674              		.loc 1 752 28
 1675 0018 43F00202 		orr	r2, r3, #2
 1676 001c FB68     		ldr	r3, [r7, #12]
 1677 001e DA60     		str	r2, [r3, #12]
 753:../../../firmware/n32h7xx_std_periph_driver/src/n32h7xx_lcdc.c **** 
 754:../../../firmware/n32h7xx_std_periph_driver/src/n32h7xx_lcdc.c ****         /* Sets the color keying values */
 755:../../../firmware/n32h7xx_std_periph_driver/src/n32h7xx_lcdc.c ****         tmpckctrl = LCDC_Layerx ->CKCTRL;
 1678              		.loc 1 755 19
 1679 0020 FB68     		ldr	r3, [r7, #12]
 1680 0022 9B69     		ldr	r3, [r3, #24]
 1681 0024 7B61     		str	r3, [r7, #20]
 756:../../../firmware/n32h7xx_std_periph_driver/src/n32h7xx_lcdc.c ****         tmpckctrl &= (LCDC_CKCTRL_CKR | LCDC_CKCTRL_CKG | LCDC_CKCTRL_CKB);
 1682              		.loc 1 756 19
 1683 0026 7B69     		ldr	r3, [r7, #20]
 1684 0028 23F07F43 		bic	r3, r3, #-16777216
 1685 002c 7B61     		str	r3, [r7, #20]
 757:../../../firmware/n32h7xx_std_periph_driver/src/n32h7xx_lcdc.c ****         tmpckctrl |= ((LCDC_ColorKeying_InitStruct->LCDC_ColorKeyRed << 16) | (LCDC_ColorKeying_Ini
 1686              		.loc 1 757 51
 1687 002e BB68     		ldr	r3, [r7, #8]
 1688 0030 9B68     		ldr	r3, [r3, #8]
 1689              		.loc 1 757 70
 1690 0032 1A04     		lsls	r2, r3, #16
 1691              		.loc 1 757 107
 1692 0034 BB68     		ldr	r3, [r7, #8]
 1693 0036 5B68     		ldr	r3, [r3, #4]
 1694              		.loc 1 757 128
 1695 0038 1B02     		lsls	r3, r3, #8
 1696              		.loc 1 757 77
 1697 003a 1A43     		orrs	r2, r2, r3
 1698              		.loc 1 757 164
 1699 003c BB68     		ldr	r3, [r7, #8]
 1700 003e 1B68     		ldr	r3, [r3]
 1701              		.loc 1 757 134
 1702 0040 1343     		orrs	r3, r3, r2
 1703              		.loc 1 757 19
 1704 0042 7A69     		ldr	r2, [r7, #20]
 1705 0044 1343     		orrs	r3, r3, r2
 1706 0046 7B61     		str	r3, [r7, #20]
 758:../../../firmware/n32h7xx_std_periph_driver/src/n32h7xx_lcdc.c ****         LCDC_Layerx->LCTRL = (uint32_t)tmpckctrl;
 1707              		.loc 1 758 28
 1708 0048 FB68     		ldr	r3, [r7, #12]
 1709 004a 7A69     		ldr	r2, [r7, #20]
 1710 004c DA60     		str	r2, [r3, #12]
 759:../../../firmware/n32h7xx_std_periph_driver/src/n32h7xx_lcdc.c ****     }
 760:../../../firmware/n32h7xx_std_periph_driver/src/n32h7xx_lcdc.c ****     else
 761:../../../firmware/n32h7xx_std_periph_driver/src/n32h7xx_lcdc.c ****     {
 762:../../../firmware/n32h7xx_std_periph_driver/src/n32h7xx_lcdc.c ****         /* Disable LCDC color keying by clearing COLKEN bit */
 763:../../../firmware/n32h7xx_std_periph_driver/src/n32h7xx_lcdc.c ****         LCDC_Layerx->LCTRL &= (uint32_t)(~LCDC_LCTRL_CKEN);
 764:../../../firmware/n32h7xx_std_periph_driver/src/n32h7xx_lcdc.c ****     }
 765:../../../firmware/n32h7xx_std_periph_driver/src/n32h7xx_lcdc.c **** }
ARM GAS  /tmp/ccxmuAb3.s 			page 44


 1711              		.loc 1 765 1
 1712 004e 05E0     		b	.L63
 1713              	.L61:
 763:../../../firmware/n32h7xx_std_periph_driver/src/n32h7xx_lcdc.c ****     }
 1714              		.loc 1 763 20
 1715 0050 FB68     		ldr	r3, [r7, #12]
 1716 0052 DB68     		ldr	r3, [r3, #12]
 763:../../../firmware/n32h7xx_std_periph_driver/src/n32h7xx_lcdc.c ****     }
 1717              		.loc 1 763 28
 1718 0054 23F00202 		bic	r2, r3, #2
 1719 0058 FB68     		ldr	r3, [r7, #12]
 1720 005a DA60     		str	r2, [r3, #12]
 1721              	.L63:
 1722              		.loc 1 765 1
 1723 005c 00BF     		nop
 1724 005e 1C37     		adds	r7, r7, #28
 1725              	.LCFI95:
 1726              		.cfi_def_cfa_offset 4
 1727 0060 BD46     		mov	sp, r7
 1728              	.LCFI96:
 1729              		.cfi_def_cfa_register 13
 1730              		@ sp needed
 1731 0062 80BC     		pop	{r7}
 1732              	.LCFI97:
 1733              		.cfi_restore 7
 1734              		.cfi_def_cfa_offset 0
 1735 0064 7047     		bx	lr
 1736              		.cfi_endproc
 1737              	.LFE151:
 1739              		.section	.text.LCDC_LayerColorKeyingStructInit,"ax",%progbits
 1740              		.align	1
 1741              		.global	LCDC_LayerColorKeyingStructInit
 1742              		.syntax unified
 1743              		.thumb
 1744              		.thumb_func
 1746              	LCDC_LayerColorKeyingStructInit:
 1747              	.LFB152:
 766:../../../firmware/n32h7xx_std_periph_driver/src/n32h7xx_lcdc.c **** 
 767:../../../firmware/n32h7xx_std_periph_driver/src/n32h7xx_lcdc.c **** /**
 768:../../../firmware/n32h7xx_std_periph_driver/src/n32h7xx_lcdc.c **** *\*\name    LCDC_ColorKeyingStructInit
 769:../../../firmware/n32h7xx_std_periph_driver/src/n32h7xx_lcdc.c **** *\*\fun     Fills each LCDC_ColorKeying_InitStruct member with its default value.
 770:../../../firmware/n32h7xx_std_periph_driver/src/n32h7xx_lcdc.c **** *\*\param   LCDC_ColorKeying_InitStruct: refer to the definition of LCDC_ColorKeying_InitType
 771:../../../firmware/n32h7xx_std_periph_driver/src/n32h7xx_lcdc.c **** *\*\          - LCDC_ColorKeyBlue
 772:../../../firmware/n32h7xx_std_periph_driver/src/n32h7xx_lcdc.c **** *\*\            * 0x00 ~ 0xFF
 773:../../../firmware/n32h7xx_std_periph_driver/src/n32h7xx_lcdc.c **** *\*\          - LCDC_ColorKeyGreen
 774:../../../firmware/n32h7xx_std_periph_driver/src/n32h7xx_lcdc.c **** *\*\            * 0x00 ~ 0xFF
 775:../../../firmware/n32h7xx_std_periph_driver/src/n32h7xx_lcdc.c **** *\*\          - LCDC_ColorKeyRed
 776:../../../firmware/n32h7xx_std_periph_driver/src/n32h7xx_lcdc.c **** *\*\            * 0x00 ~ 0xFF
 777:../../../firmware/n32h7xx_std_periph_driver/src/n32h7xx_lcdc.c **** *\*\param   Cmd :
 778:../../../firmware/n32h7xx_std_periph_driver/src/n32h7xx_lcdc.c **** *\*\          - ENABLE
 779:../../../firmware/n32h7xx_std_periph_driver/src/n32h7xx_lcdc.c **** *\*\          - DISABLE
 780:../../../firmware/n32h7xx_std_periph_driver/src/n32h7xx_lcdc.c **** *\*\return  none
 781:../../../firmware/n32h7xx_std_periph_driver/src/n32h7xx_lcdc.c **** **/
 782:../../../firmware/n32h7xx_std_periph_driver/src/n32h7xx_lcdc.c **** void LCDC_LayerColorKeyingStructInit(LCDC_ColorKeying_InitType* LCDC_ColorKeying_InitStruct)
 783:../../../firmware/n32h7xx_std_periph_driver/src/n32h7xx_lcdc.c **** {
 1748              		.loc 1 783 1
 1749              		.cfi_startproc
ARM GAS  /tmp/ccxmuAb3.s 			page 45


 1750              		@ args = 0, pretend = 0, frame = 8
 1751              		@ frame_needed = 1, uses_anonymous_args = 0
 1752              		@ link register save eliminated.
 1753 0000 80B4     		push	{r7}
 1754              	.LCFI98:
 1755              		.cfi_def_cfa_offset 4
 1756              		.cfi_offset 7, -4
 1757 0002 83B0     		sub	sp, sp, #12
 1758              	.LCFI99:
 1759              		.cfi_def_cfa_offset 16
 1760 0004 00AF     		add	r7, sp, #0
 1761              	.LCFI100:
 1762              		.cfi_def_cfa_register 7
 1763 0006 7860     		str	r0, [r7, #4]
 784:../../../firmware/n32h7xx_std_periph_driver/src/n32h7xx_lcdc.c ****     /* Initialize the color keying values */
 785:../../../firmware/n32h7xx_std_periph_driver/src/n32h7xx_lcdc.c ****     LCDC_ColorKeying_InitStruct->LCDC_ColorKeyBlue = 0x00;
 1764              		.loc 1 785 52
 1765 0008 7B68     		ldr	r3, [r7, #4]
 1766 000a 0022     		movs	r2, #0
 1767 000c 1A60     		str	r2, [r3]
 786:../../../firmware/n32h7xx_std_periph_driver/src/n32h7xx_lcdc.c ****     LCDC_ColorKeying_InitStruct->LCDC_ColorKeyGreen = 0x00;
 1768              		.loc 1 786 53
 1769 000e 7B68     		ldr	r3, [r7, #4]
 1770 0010 0022     		movs	r2, #0
 1771 0012 5A60     		str	r2, [r3, #4]
 787:../../../firmware/n32h7xx_std_periph_driver/src/n32h7xx_lcdc.c ****     LCDC_ColorKeying_InitStruct->LCDC_ColorKeyRed = 0x00;
 1772              		.loc 1 787 51
 1773 0014 7B68     		ldr	r3, [r7, #4]
 1774 0016 0022     		movs	r2, #0
 1775 0018 9A60     		str	r2, [r3, #8]
 788:../../../firmware/n32h7xx_std_periph_driver/src/n32h7xx_lcdc.c **** }
 1776              		.loc 1 788 1
 1777 001a 00BF     		nop
 1778 001c 0C37     		adds	r7, r7, #12
 1779              	.LCFI101:
 1780              		.cfi_def_cfa_offset 4
 1781 001e BD46     		mov	sp, r7
 1782              	.LCFI102:
 1783              		.cfi_def_cfa_register 13
 1784              		@ sp needed
 1785 0020 80BC     		pop	{r7}
 1786              	.LCFI103:
 1787              		.cfi_restore 7
 1788              		.cfi_def_cfa_offset 0
 1789 0022 7047     		bx	lr
 1790              		.cfi_endproc
 1791              	.LFE152:
 1793              		.section	.text.LCDC_LayerCLUTEnable,"ax",%progbits
 1794              		.align	1
 1795              		.global	LCDC_LayerCLUTEnable
 1796              		.syntax unified
 1797              		.thumb
 1798              		.thumb_func
 1800              	LCDC_LayerCLUTEnable:
 1801              	.LFB153:
 789:../../../firmware/n32h7xx_std_periph_driver/src/n32h7xx_lcdc.c **** 
 790:../../../firmware/n32h7xx_std_periph_driver/src/n32h7xx_lcdc.c **** /**
ARM GAS  /tmp/ccxmuAb3.s 			page 46


 791:../../../firmware/n32h7xx_std_periph_driver/src/n32h7xx_lcdc.c **** *\*\name    LCDC_CLUTEnable
 792:../../../firmware/n32h7xx_std_periph_driver/src/n32h7xx_lcdc.c **** *\*\fun     Enables or disables CLUT.
 793:../../../firmware/n32h7xx_std_periph_driver/src/n32h7xx_lcdc.c **** *\*\param   LCDC_Layerx: refer to the definition of LCDC_Layer_Module
 794:../../../firmware/n32h7xx_std_periph_driver/src/n32h7xx_lcdc.c **** *\*\          - LCDC_Layer1
 795:../../../firmware/n32h7xx_std_periph_driver/src/n32h7xx_lcdc.c **** *\*\          - LCDC_Layer2
 796:../../../firmware/n32h7xx_std_periph_driver/src/n32h7xx_lcdc.c **** *\*\          - LCDC_Layer3
 797:../../../firmware/n32h7xx_std_periph_driver/src/n32h7xx_lcdc.c **** *\*\          - LCDC_Layer4
 798:../../../firmware/n32h7xx_std_periph_driver/src/n32h7xx_lcdc.c **** *\*\param   Cmd :
 799:../../../firmware/n32h7xx_std_periph_driver/src/n32h7xx_lcdc.c **** *\*\          - ENABLE
 800:../../../firmware/n32h7xx_std_periph_driver/src/n32h7xx_lcdc.c **** *\*\          - DISABLE
 801:../../../firmware/n32h7xx_std_periph_driver/src/n32h7xx_lcdc.c **** *\*\return  none
 802:../../../firmware/n32h7xx_std_periph_driver/src/n32h7xx_lcdc.c **** **/
 803:../../../firmware/n32h7xx_std_periph_driver/src/n32h7xx_lcdc.c **** void LCDC_LayerCLUTEnable(LCDC_Layer_Module* LCDC_Layerx, FunctionalState Cmd)
 804:../../../firmware/n32h7xx_std_periph_driver/src/n32h7xx_lcdc.c **** {
 1802              		.loc 1 804 1
 1803              		.cfi_startproc
 1804              		@ args = 0, pretend = 0, frame = 8
 1805              		@ frame_needed = 1, uses_anonymous_args = 0
 1806              		@ link register save eliminated.
 1807 0000 80B4     		push	{r7}
 1808              	.LCFI104:
 1809              		.cfi_def_cfa_offset 4
 1810              		.cfi_offset 7, -4
 1811 0002 83B0     		sub	sp, sp, #12
 1812              	.LCFI105:
 1813              		.cfi_def_cfa_offset 16
 1814 0004 00AF     		add	r7, sp, #0
 1815              	.LCFI106:
 1816              		.cfi_def_cfa_register 7
 1817 0006 7860     		str	r0, [r7, #4]
 1818 0008 0B46     		mov	r3, r1
 1819 000a FB70     		strb	r3, [r7, #3]
 805:../../../firmware/n32h7xx_std_periph_driver/src/n32h7xx_lcdc.c ****     if (Cmd != DISABLE)
 1820              		.loc 1 805 8
 1821 000c FB78     		ldrb	r3, [r7, #3]	@ zero_extendqisi2
 1822 000e 002B     		cmp	r3, #0
 1823 0010 06D0     		beq	.L66
 806:../../../firmware/n32h7xx_std_periph_driver/src/n32h7xx_lcdc.c ****     {
 807:../../../firmware/n32h7xx_std_periph_driver/src/n32h7xx_lcdc.c ****         /* Enable CLUT by setting CLUTEN bit  */
 808:../../../firmware/n32h7xx_std_periph_driver/src/n32h7xx_lcdc.c ****         LCDC_Layerx->LCTRL |= (uint32_t)LCDC_LCTRL_CLUTEN;
 1824              		.loc 1 808 20
 1825 0012 7B68     		ldr	r3, [r7, #4]
 1826 0014 DB68     		ldr	r3, [r3, #12]
 1827              		.loc 1 808 28
 1828 0016 43F01002 		orr	r2, r3, #16
 1829 001a 7B68     		ldr	r3, [r7, #4]
 1830 001c DA60     		str	r2, [r3, #12]
 809:../../../firmware/n32h7xx_std_periph_driver/src/n32h7xx_lcdc.c ****     }
 810:../../../firmware/n32h7xx_std_periph_driver/src/n32h7xx_lcdc.c ****     else
 811:../../../firmware/n32h7xx_std_periph_driver/src/n32h7xx_lcdc.c ****     {
 812:../../../firmware/n32h7xx_std_periph_driver/src/n32h7xx_lcdc.c ****         /* Disable CLUT by clearing CLUTEN bit */
 813:../../../firmware/n32h7xx_std_periph_driver/src/n32h7xx_lcdc.c ****         LCDC_Layerx->LCTRL &= (uint32_t)(~LCDC_LCTRL_CLUTEN);
 814:../../../firmware/n32h7xx_std_periph_driver/src/n32h7xx_lcdc.c ****     }
 815:../../../firmware/n32h7xx_std_periph_driver/src/n32h7xx_lcdc.c **** }
 1831              		.loc 1 815 1
 1832 001e 05E0     		b	.L68
 1833              	.L66:
ARM GAS  /tmp/ccxmuAb3.s 			page 47


 813:../../../firmware/n32h7xx_std_periph_driver/src/n32h7xx_lcdc.c ****     }
 1834              		.loc 1 813 20
 1835 0020 7B68     		ldr	r3, [r7, #4]
 1836 0022 DB68     		ldr	r3, [r3, #12]
 813:../../../firmware/n32h7xx_std_periph_driver/src/n32h7xx_lcdc.c ****     }
 1837              		.loc 1 813 28
 1838 0024 23F01002 		bic	r2, r3, #16
 1839 0028 7B68     		ldr	r3, [r7, #4]
 1840 002a DA60     		str	r2, [r3, #12]
 1841              	.L68:
 1842              		.loc 1 815 1
 1843 002c 00BF     		nop
 1844 002e 0C37     		adds	r7, r7, #12
 1845              	.LCFI107:
 1846              		.cfi_def_cfa_offset 4
 1847 0030 BD46     		mov	sp, r7
 1848              	.LCFI108:
 1849              		.cfi_def_cfa_register 13
 1850              		@ sp needed
 1851 0032 80BC     		pop	{r7}
 1852              	.LCFI109:
 1853              		.cfi_restore 7
 1854              		.cfi_def_cfa_offset 0
 1855 0034 7047     		bx	lr
 1856              		.cfi_endproc
 1857              	.LFE153:
 1859              		.section	.text.LCDC_LayerCLUTInit,"ax",%progbits
 1860              		.align	1
 1861              		.global	LCDC_LayerCLUTInit
 1862              		.syntax unified
 1863              		.thumb
 1864              		.thumb_func
 1866              	LCDC_LayerCLUTInit:
 1867              	.LFB154:
 816:../../../firmware/n32h7xx_std_periph_driver/src/n32h7xx_lcdc.c **** 
 817:../../../firmware/n32h7xx_std_periph_driver/src/n32h7xx_lcdc.c **** /**
 818:../../../firmware/n32h7xx_std_periph_driver/src/n32h7xx_lcdc.c **** *\*\name    LCDC_CLUTInit
 819:../../../firmware/n32h7xx_std_periph_driver/src/n32h7xx_lcdc.c **** *\*\fun     Configure the CLUT.
 820:../../../firmware/n32h7xx_std_periph_driver/src/n32h7xx_lcdc.c **** *\*\param   LCDC_Layerx: refer to the definition of LCDC_Layer_Module
 821:../../../firmware/n32h7xx_std_periph_driver/src/n32h7xx_lcdc.c **** *\*\          - LCDC_Layer1
 822:../../../firmware/n32h7xx_std_periph_driver/src/n32h7xx_lcdc.c **** *\*\          - LCDC_Layer2
 823:../../../firmware/n32h7xx_std_periph_driver/src/n32h7xx_lcdc.c **** *\*\          - LCDC_Layer3
 824:../../../firmware/n32h7xx_std_periph_driver/src/n32h7xx_lcdc.c **** *\*\          - LCDC_Layer4
 825:../../../firmware/n32h7xx_std_periph_driver/src/n32h7xx_lcdc.c **** *\*\param   LCDC_CLUT_InitStruct: refer to the definition of LCDC_CLUT_InitType
 826:../../../firmware/n32h7xx_std_periph_driver/src/n32h7xx_lcdc.c **** *\*\          - LCDC_CLUTAdress
 827:../../../firmware/n32h7xx_std_periph_driver/src/n32h7xx_lcdc.c **** *\*\            * 0x00 ~ 0xFF
 828:../../../firmware/n32h7xx_std_periph_driver/src/n32h7xx_lcdc.c **** *\*\          - LCDC_RedValue
 829:../../../firmware/n32h7xx_std_periph_driver/src/n32h7xx_lcdc.c **** *\*\            * 0x00 ~ 0xFF
 830:../../../firmware/n32h7xx_std_periph_driver/src/n32h7xx_lcdc.c **** *\*\          - LCDC_GreenValue
 831:../../../firmware/n32h7xx_std_periph_driver/src/n32h7xx_lcdc.c **** *\*\            * 0x00 ~ 0xFF
 832:../../../firmware/n32h7xx_std_periph_driver/src/n32h7xx_lcdc.c **** *\*\          - LCDC_BlueValue
 833:../../../firmware/n32h7xx_std_periph_driver/src/n32h7xx_lcdc.c **** *\*\            * 0x00 ~ 0xFF
 834:../../../firmware/n32h7xx_std_periph_driver/src/n32h7xx_lcdc.c **** *\*\return  none
 835:../../../firmware/n32h7xx_std_periph_driver/src/n32h7xx_lcdc.c **** **/
 836:../../../firmware/n32h7xx_std_periph_driver/src/n32h7xx_lcdc.c **** void LCDC_LayerCLUTInit(LCDC_Layer_Module* LCDC_Layerx, LCDC_CLUT_InitType* LCDC_CLUT_InitStruct)
 837:../../../firmware/n32h7xx_std_periph_driver/src/n32h7xx_lcdc.c **** {
 1868              		.loc 1 837 1
ARM GAS  /tmp/ccxmuAb3.s 			page 48


 1869              		.cfi_startproc
 1870              		@ args = 0, pretend = 0, frame = 16
 1871              		@ frame_needed = 1, uses_anonymous_args = 0
 1872              		@ link register save eliminated.
 1873 0000 80B4     		push	{r7}
 1874              	.LCFI110:
 1875              		.cfi_def_cfa_offset 4
 1876              		.cfi_offset 7, -4
 1877 0002 85B0     		sub	sp, sp, #20
 1878              	.LCFI111:
 1879              		.cfi_def_cfa_offset 24
 1880 0004 00AF     		add	r7, sp, #0
 1881              	.LCFI112:
 1882              		.cfi_def_cfa_register 7
 1883 0006 7860     		str	r0, [r7, #4]
 1884 0008 3960     		str	r1, [r7]
 838:../../../firmware/n32h7xx_std_periph_driver/src/n32h7xx_lcdc.c ****     uint32_t tmpclutwr;
 839:../../../firmware/n32h7xx_std_periph_driver/src/n32h7xx_lcdc.c **** 
 840:../../../firmware/n32h7xx_std_periph_driver/src/n32h7xx_lcdc.c ****     /* Set the CLUT address and RGB value */
 841:../../../firmware/n32h7xx_std_periph_driver/src/n32h7xx_lcdc.c ****     tmpclutwr = LCDC_Layerx ->CLUTWR;
 1885              		.loc 1 841 15
 1886 000a 7B68     		ldr	r3, [r7, #4]
 1887 000c 1B6D     		ldr	r3, [r3, #80]
 1888 000e FB60     		str	r3, [r7, #12]
 842:../../../firmware/n32h7xx_std_periph_driver/src/n32h7xx_lcdc.c ****     tmpclutwr &= (LCDC_CLUTWR_CLUTADDR | LCDC_CLUTWR_CLUTR | LCDC_CLUTWR_CLUTG | LCDC_CLUTWR_CLUTB)
 843:../../../firmware/n32h7xx_std_periph_driver/src/n32h7xx_lcdc.c ****     tmpclutwr |= ((LCDC_CLUT_InitStruct->LCDC_CLUTAdress << 24) | (LCDC_CLUT_InitStruct->LCDC_RedVa
 1889              		.loc 1 843 40
 1890 0010 3B68     		ldr	r3, [r7]
 1891 0012 1B68     		ldr	r3, [r3]
 1892              		.loc 1 843 58
 1893 0014 1A06     		lsls	r2, r3, #24
 1894              		.loc 1 843 88
 1895 0016 3B68     		ldr	r3, [r7]
 1896 0018 5B68     		ldr	r3, [r3, #4]
 1897              		.loc 1 843 104
 1898 001a 1B04     		lsls	r3, r3, #16
 1899              		.loc 1 843 65
 1900 001c 1A43     		orrs	r2, r2, r3
 844:../../../firmware/n32h7xx_std_periph_driver/src/n32h7xx_lcdc.c ****                   (LCDC_CLUT_InitStruct->LCDC_GreenValue << 8) | (LCDC_CLUT_InitStruct->LCDC_BlueVa
 1901              		.loc 1 844 40
 1902 001e 3B68     		ldr	r3, [r7]
 1903 0020 9B68     		ldr	r3, [r3, #8]
 1904              		.loc 1 844 58
 1905 0022 1B02     		lsls	r3, r3, #8
 843:../../../firmware/n32h7xx_std_periph_driver/src/n32h7xx_lcdc.c ****                   (LCDC_CLUT_InitStruct->LCDC_GreenValue << 8) | (LCDC_CLUT_InitStruct->LCDC_BlueVa
 1906              		.loc 1 843 111
 1907 0024 1A43     		orrs	r2, r2, r3
 1908              		.loc 1 844 87
 1909 0026 3B68     		ldr	r3, [r7]
 1910 0028 DB68     		ldr	r3, [r3, #12]
 1911              		.loc 1 844 64
 1912 002a 1343     		orrs	r3, r3, r2
 843:../../../firmware/n32h7xx_std_periph_driver/src/n32h7xx_lcdc.c ****                   (LCDC_CLUT_InitStruct->LCDC_GreenValue << 8) | (LCDC_CLUT_InitStruct->LCDC_BlueVa
 1913              		.loc 1 843 15
 1914 002c FA68     		ldr	r2, [r7, #12]
 1915 002e 1343     		orrs	r3, r3, r2
 1916 0030 FB60     		str	r3, [r7, #12]
ARM GAS  /tmp/ccxmuAb3.s 			page 49


 845:../../../firmware/n32h7xx_std_periph_driver/src/n32h7xx_lcdc.c **** 
 846:../../../firmware/n32h7xx_std_periph_driver/src/n32h7xx_lcdc.c ****     LCDC_Layerx->CLUTWR = (uint32_t)tmpclutwr;
 1917              		.loc 1 846 25
 1918 0032 7B68     		ldr	r3, [r7, #4]
 1919 0034 FA68     		ldr	r2, [r7, #12]
 1920 0036 1A65     		str	r2, [r3, #80]
 847:../../../firmware/n32h7xx_std_periph_driver/src/n32h7xx_lcdc.c **** }
 1921              		.loc 1 847 1
 1922 0038 00BF     		nop
 1923 003a 1437     		adds	r7, r7, #20
 1924              	.LCFI113:
 1925              		.cfi_def_cfa_offset 4
 1926 003c BD46     		mov	sp, r7
 1927              	.LCFI114:
 1928              		.cfi_def_cfa_register 13
 1929              		@ sp needed
 1930 003e 80BC     		pop	{r7}
 1931              	.LCFI115:
 1932              		.cfi_restore 7
 1933              		.cfi_def_cfa_offset 0
 1934 0040 7047     		bx	lr
 1935              		.cfi_endproc
 1936              	.LFE154:
 1938              		.section	.text.LCDC_LayerCLUTStructInit,"ax",%progbits
 1939              		.align	1
 1940              		.global	LCDC_LayerCLUTStructInit
 1941              		.syntax unified
 1942              		.thumb
 1943              		.thumb_func
 1945              	LCDC_LayerCLUTStructInit:
 1946              	.LFB155:
 848:../../../firmware/n32h7xx_std_periph_driver/src/n32h7xx_lcdc.c **** 
 849:../../../firmware/n32h7xx_std_periph_driver/src/n32h7xx_lcdc.c **** /**
 850:../../../firmware/n32h7xx_std_periph_driver/src/n32h7xx_lcdc.c **** *\*\name    LCDC_CLUTStructInit
 851:../../../firmware/n32h7xx_std_periph_driver/src/n32h7xx_lcdc.c **** *\*\fun     Fills each LCDC_CLUT_InitStruct member with its default value.
 852:../../../firmware/n32h7xx_std_periph_driver/src/n32h7xx_lcdc.c **** *\*\param   LCDC_CLUT_InitStruct: refer to the definition of LCDC_CLUT_InitType
 853:../../../firmware/n32h7xx_std_periph_driver/src/n32h7xx_lcdc.c **** *\*\          - LCDC_CLUTAdress
 854:../../../firmware/n32h7xx_std_periph_driver/src/n32h7xx_lcdc.c **** *\*\            * 0x00 ~ 0xFF
 855:../../../firmware/n32h7xx_std_periph_driver/src/n32h7xx_lcdc.c **** *\*\          - LCDC_RedValue
 856:../../../firmware/n32h7xx_std_periph_driver/src/n32h7xx_lcdc.c **** *\*\            * 0x00 ~ 0xFF
 857:../../../firmware/n32h7xx_std_periph_driver/src/n32h7xx_lcdc.c **** *\*\          - LCDC_GreenValue
 858:../../../firmware/n32h7xx_std_periph_driver/src/n32h7xx_lcdc.c **** *\*\            * 0x00 ~ 0xFF
 859:../../../firmware/n32h7xx_std_periph_driver/src/n32h7xx_lcdc.c **** *\*\          - LCDC_BlueValue
 860:../../../firmware/n32h7xx_std_periph_driver/src/n32h7xx_lcdc.c **** *\*\            * 0x00 ~ 0xFF
 861:../../../firmware/n32h7xx_std_periph_driver/src/n32h7xx_lcdc.c **** *\*\return  none
 862:../../../firmware/n32h7xx_std_periph_driver/src/n32h7xx_lcdc.c **** **/
 863:../../../firmware/n32h7xx_std_periph_driver/src/n32h7xx_lcdc.c **** void LCDC_LayerCLUTStructInit(LCDC_CLUT_InitType* LCDC_CLUT_InitStruct)
 864:../../../firmware/n32h7xx_std_periph_driver/src/n32h7xx_lcdc.c **** {
 1947              		.loc 1 864 1
 1948              		.cfi_startproc
 1949              		@ args = 0, pretend = 0, frame = 8
 1950              		@ frame_needed = 1, uses_anonymous_args = 0
 1951              		@ link register save eliminated.
 1952 0000 80B4     		push	{r7}
 1953              	.LCFI116:
 1954              		.cfi_def_cfa_offset 4
 1955              		.cfi_offset 7, -4
ARM GAS  /tmp/ccxmuAb3.s 			page 50


 1956 0002 83B0     		sub	sp, sp, #12
 1957              	.LCFI117:
 1958              		.cfi_def_cfa_offset 16
 1959 0004 00AF     		add	r7, sp, #0
 1960              	.LCFI118:
 1961              		.cfi_def_cfa_register 7
 1962 0006 7860     		str	r0, [r7, #4]
 865:../../../firmware/n32h7xx_std_periph_driver/src/n32h7xx_lcdc.c ****     /* Initialize the CLUT address and RGB values */
 866:../../../firmware/n32h7xx_std_periph_driver/src/n32h7xx_lcdc.c ****     LCDC_CLUT_InitStruct->LCDC_CLUTAdress = 0x00;
 1963              		.loc 1 866 43
 1964 0008 7B68     		ldr	r3, [r7, #4]
 1965 000a 0022     		movs	r2, #0
 1966 000c 1A60     		str	r2, [r3]
 867:../../../firmware/n32h7xx_std_periph_driver/src/n32h7xx_lcdc.c ****     LCDC_CLUT_InitStruct->LCDC_RedValue   = 0x00;
 1967              		.loc 1 867 43
 1968 000e 7B68     		ldr	r3, [r7, #4]
 1969 0010 0022     		movs	r2, #0
 1970 0012 5A60     		str	r2, [r3, #4]
 868:../../../firmware/n32h7xx_std_periph_driver/src/n32h7xx_lcdc.c ****     LCDC_CLUT_InitStruct->LCDC_GreenValue = 0x00;
 1971              		.loc 1 868 43
 1972 0014 7B68     		ldr	r3, [r7, #4]
 1973 0016 0022     		movs	r2, #0
 1974 0018 9A60     		str	r2, [r3, #8]
 869:../../../firmware/n32h7xx_std_periph_driver/src/n32h7xx_lcdc.c ****     LCDC_CLUT_InitStruct->LCDC_BlueValue  = 0x00;
 1975              		.loc 1 869 43
 1976 001a 7B68     		ldr	r3, [r7, #4]
 1977 001c 0022     		movs	r2, #0
 1978 001e DA60     		str	r2, [r3, #12]
 870:../../../firmware/n32h7xx_std_periph_driver/src/n32h7xx_lcdc.c **** }
 1979              		.loc 1 870 1
 1980 0020 00BF     		nop
 1981 0022 0C37     		adds	r7, r7, #12
 1982              	.LCFI119:
 1983              		.cfi_def_cfa_offset 4
 1984 0024 BD46     		mov	sp, r7
 1985              	.LCFI120:
 1986              		.cfi_def_cfa_register 13
 1987              		@ sp needed
 1988 0026 80BC     		pop	{r7}
 1989              	.LCFI121:
 1990              		.cfi_restore 7
 1991              		.cfi_def_cfa_offset 0
 1992 0028 7047     		bx	lr
 1993              		.cfi_endproc
 1994              	.LFE155:
 1996              		.section	.text.LCDC_LayerPosition,"ax",%progbits
 1997              		.align	1
 1998              		.global	LCDC_LayerPosition
 1999              		.syntax unified
 2000              		.thumb
 2001              		.thumb_func
 2003              	LCDC_LayerPosition:
 2004              	.LFB156:
 871:../../../firmware/n32h7xx_std_periph_driver/src/n32h7xx_lcdc.c **** 
 872:../../../firmware/n32h7xx_std_periph_driver/src/n32h7xx_lcdc.c **** 
 873:../../../firmware/n32h7xx_std_periph_driver/src/n32h7xx_lcdc.c **** /**
 874:../../../firmware/n32h7xx_std_periph_driver/src/n32h7xx_lcdc.c **** *\*\name    LCDC_LayerPosition
ARM GAS  /tmp/ccxmuAb3.s 			page 51


 875:../../../firmware/n32h7xx_std_periph_driver/src/n32h7xx_lcdc.c **** *\*\fun     Reconfigure the layer position.
 876:../../../firmware/n32h7xx_std_periph_driver/src/n32h7xx_lcdc.c **** *\*\param   LCDC_Layerx: refer to the definition of LCDC_Layer_Module
 877:../../../firmware/n32h7xx_std_periph_driver/src/n32h7xx_lcdc.c **** *\*\          - LCDC_Layer1
 878:../../../firmware/n32h7xx_std_periph_driver/src/n32h7xx_lcdc.c **** *\*\          - LCDC_Layer2
 879:../../../firmware/n32h7xx_std_periph_driver/src/n32h7xx_lcdc.c **** *\*\          - LCDC_Layer3
 880:../../../firmware/n32h7xx_std_periph_driver/src/n32h7xx_lcdc.c **** *\*\          - LCDC_Layer4
 881:../../../firmware/n32h7xx_std_periph_driver/src/n32h7xx_lcdc.c **** *\*\param   OffsetX
 882:../../../firmware/n32h7xx_std_periph_driver/src/n32h7xx_lcdc.c **** *\*\          - 0x0000 ~ 0xFFFF
 883:../../../firmware/n32h7xx_std_periph_driver/src/n32h7xx_lcdc.c **** *\*\param   OffsetY
 884:../../../firmware/n32h7xx_std_periph_driver/src/n32h7xx_lcdc.c **** *\*\          - 0x0000 ~ 0xFFFF
 885:../../../firmware/n32h7xx_std_periph_driver/src/n32h7xx_lcdc.c **** *\*\return  none
 886:../../../firmware/n32h7xx_std_periph_driver/src/n32h7xx_lcdc.c **** **/
 887:../../../firmware/n32h7xx_std_periph_driver/src/n32h7xx_lcdc.c **** void LCDC_LayerPosition(LCDC_Layer_Module* LCDC_Layerx, uint16_t OffsetX, uint16_t OffsetY)
 888:../../../firmware/n32h7xx_std_periph_driver/src/n32h7xx_lcdc.c **** {
 2005              		.loc 1 888 1
 2006              		.cfi_startproc
 2007              		@ args = 0, pretend = 0, frame = 48
 2008              		@ frame_needed = 1, uses_anonymous_args = 0
 2009              		@ link register save eliminated.
 2010 0000 80B4     		push	{r7}
 2011              	.LCFI122:
 2012              		.cfi_def_cfa_offset 4
 2013              		.cfi_offset 7, -4
 2014 0002 8DB0     		sub	sp, sp, #52
 2015              	.LCFI123:
 2016              		.cfi_def_cfa_offset 56
 2017 0004 00AF     		add	r7, sp, #0
 2018              	.LCFI124:
 2019              		.cfi_def_cfa_register 7
 2020 0006 7860     		str	r0, [r7, #4]
 2021 0008 0B46     		mov	r3, r1
 2022 000a 7B80     		strh	r3, [r7, #2]	@ movhi
 2023 000c 1346     		mov	r3, r2	@ movhi
 2024 000e 3B80     		strh	r3, [r7]	@ movhi
 889:../../../firmware/n32h7xx_std_periph_driver/src/n32h7xx_lcdc.c ****     uint32_t tmpbpctrl;
 890:../../../firmware/n32h7xx_std_periph_driver/src/n32h7xx_lcdc.c ****     uint32_t tmppfctrl;
 891:../../../firmware/n32h7xx_std_periph_driver/src/n32h7xx_lcdc.c ****     uint32_t tmpcfblen;
 892:../../../firmware/n32h7xx_std_periph_driver/src/n32h7xx_lcdc.c ****     uint32_t tmpcfblnum;
 893:../../../firmware/n32h7xx_std_periph_driver/src/n32h7xx_lcdc.c ****     uint32_t horizontal_start;
 894:../../../firmware/n32h7xx_std_periph_driver/src/n32h7xx_lcdc.c ****     uint32_t horizontal_stop;
 895:../../../firmware/n32h7xx_std_periph_driver/src/n32h7xx_lcdc.c ****     uint32_t vertical_start;
 896:../../../firmware/n32h7xx_std_periph_driver/src/n32h7xx_lcdc.c ****     uint32_t vertical_stop;
 897:../../../firmware/n32h7xx_std_periph_driver/src/n32h7xx_lcdc.c ****     uint8_t tmp;
 898:../../../firmware/n32h7xx_std_periph_driver/src/n32h7xx_lcdc.c **** 
 899:../../../firmware/n32h7xx_std_periph_driver/src/n32h7xx_lcdc.c ****     LCDC_Layerx->WHPCTRL &= ~(LCDC_WHPCTRL_WHSTPOS | LCDC_WHPCTRL_WHSPPOS);
 2025              		.loc 1 899 16
 2026 0010 7B68     		ldr	r3, [r7, #4]
 2027 0012 1B69     		ldr	r3, [r3, #16]
 2028              		.loc 1 899 26
 2029 0014 7B68     		ldr	r3, [r7, #4]
 2030 0016 0022     		movs	r2, #0
 2031 0018 1A61     		str	r2, [r3, #16]
 900:../../../firmware/n32h7xx_std_periph_driver/src/n32h7xx_lcdc.c ****     LCDC_Layerx->WVPCTRL &= ~(LCDC_WVPCTRL_WVSTPOS | LCDC_WVPCTRL_WVSPPOS);
 2032              		.loc 1 900 16
 2033 001a 7B68     		ldr	r3, [r7, #4]
 2034 001c 5B69     		ldr	r3, [r3, #20]
 2035              		.loc 1 900 26
ARM GAS  /tmp/ccxmuAb3.s 			page 52


 2036 001e 7B68     		ldr	r3, [r7, #4]
 2037 0020 0022     		movs	r2, #0
 2038 0022 5A61     		str	r2, [r3, #20]
 901:../../../firmware/n32h7xx_std_periph_driver/src/n32h7xx_lcdc.c **** 
 902:../../../firmware/n32h7xx_std_periph_driver/src/n32h7xx_lcdc.c ****     /* Reconfigures the horizontal and vertical start position */
 903:../../../firmware/n32h7xx_std_periph_driver/src/n32h7xx_lcdc.c ****     tmpbpctrl = LCDC->BPCTRL;
 2039              		.loc 1 903 21
 2040 0024 3B4B     		ldr	r3, .L75
 2041              		.loc 1 903 15
 2042 0026 DB68     		ldr	r3, [r3, #12]
 2043 0028 BB62     		str	r3, [r7, #40]
 904:../../../firmware/n32h7xx_std_periph_driver/src/n32h7xx_lcdc.c ****     horizontal_start = (tmpbpctrl >> 16) + 1 + OffsetX;
 2044              		.loc 1 904 35
 2045 002a BB6A     		ldr	r3, [r7, #40]
 2046 002c 1A0C     		lsrs	r2, r3, #16
 2047              		.loc 1 904 46
 2048 002e 7B88     		ldrh	r3, [r7, #2]
 2049 0030 1344     		add	r3, r3, r2
 2050              		.loc 1 904 22
 2051 0032 0133     		adds	r3, r3, #1
 2052 0034 7B62     		str	r3, [r7, #36]
 905:../../../firmware/n32h7xx_std_periph_driver/src/n32h7xx_lcdc.c ****     vertical_start = (tmpbpctrl & 0xFFFF) + 1 + OffsetY;
 2053              		.loc 1 905 33
 2054 0036 BB6A     		ldr	r3, [r7, #40]
 2055 0038 9AB2     		uxth	r2, r3
 2056              		.loc 1 905 47
 2057 003a 3B88     		ldrh	r3, [r7]
 2058 003c 1344     		add	r3, r3, r2
 2059              		.loc 1 905 20
 2060 003e 0133     		adds	r3, r3, #1
 2061 0040 3B62     		str	r3, [r7, #32]
 906:../../../firmware/n32h7xx_std_periph_driver/src/n32h7xx_lcdc.c **** 
 907:../../../firmware/n32h7xx_std_periph_driver/src/n32h7xx_lcdc.c ****     tmppfctrl = LCDC_Layerx ->PFCTRL;
 2062              		.loc 1 907 15
 2063 0042 7B68     		ldr	r3, [r7, #4]
 2064 0044 DB69     		ldr	r3, [r3, #28]
 2065 0046 FB61     		str	r3, [r7, #28]
 908:../../../firmware/n32h7xx_std_periph_driver/src/n32h7xx_lcdc.c **** 
 909:../../../firmware/n32h7xx_std_periph_driver/src/n32h7xx_lcdc.c ****     if((tmppfctrl == LCDC_PIXEL_FORMAT_ARGB8888) | (tmppfctrl == LCDC_PIXEL_FORMAT_ABGR8888) | (tmp
 2066              		.loc 1 909 50
 2067 0048 FB69     		ldr	r3, [r7, #28]
 2068 004a 002B     		cmp	r3, #0
 2069 004c 0CBF     		ite	eq
 2070 004e 0123     		moveq	r3, #1
 2071 0050 0023     		movne	r3, #0
 2072 0052 DAB2     		uxtb	r2, r3
 2073 0054 FB69     		ldr	r3, [r7, #28]
 2074 0056 012B     		cmp	r3, #1
 2075 0058 0CBF     		ite	eq
 2076 005a 0123     		moveq	r3, #1
 2077 005c 0023     		movne	r3, #0
 2078 005e DBB2     		uxtb	r3, r3
 2079 0060 1343     		orrs	r3, r3, r2
 2080 0062 DBB2     		uxtb	r3, r3
 2081 0064 1A46     		mov	r2, r3
 2082              		.loc 1 909 107
 2083 0066 FB69     		ldr	r3, [r7, #28]
ARM GAS  /tmp/ccxmuAb3.s 			page 53


 2084 0068 022B     		cmp	r3, #2
 2085 006a 0CBF     		ite	eq
 2086 006c 0123     		moveq	r3, #1
 2087 006e 0023     		movne	r3, #0
 2088 0070 DBB2     		uxtb	r3, r3
 2089              		.loc 1 909 94
 2090 0072 1343     		orrs	r3, r3, r2
 2091              		.loc 1 909 151
 2092 0074 FA69     		ldr	r2, [r7, #28]
 2093 0076 032A     		cmp	r2, #3
 2094 0078 0CBF     		ite	eq
 2095 007a 0122     		moveq	r2, #1
 2096 007c 0022     		movne	r2, #0
 2097 007e D2B2     		uxtb	r2, r2
 2098              		.loc 1 909 138
 2099 0080 1343     		orrs	r3, r3, r2
 2100              		.loc 1 909 7
 2101 0082 002B     		cmp	r3, #0
 2102 0084 03D0     		beq	.L72
 910:../../../firmware/n32h7xx_std_periph_driver/src/n32h7xx_lcdc.c ****     {
 911:../../../firmware/n32h7xx_std_periph_driver/src/n32h7xx_lcdc.c ****         tmp = 4;
 2103              		.loc 1 911 13
 2104 0086 0423     		movs	r3, #4
 2105 0088 87F82F30 		strb	r3, [r7, #47]
 2106 008c 19E0     		b	.L73
 2107              	.L72:
 912:../../../firmware/n32h7xx_std_periph_driver/src/n32h7xx_lcdc.c ****     }
 913:../../../firmware/n32h7xx_std_periph_driver/src/n32h7xx_lcdc.c ****     else if(tmppfctrl == LCDC_PIXEL_FORMAT_RGB888)
 2108              		.loc 1 913 12
 2109 008e FB69     		ldr	r3, [r7, #28]
 2110 0090 062B     		cmp	r3, #6
 2111 0092 03D1     		bne	.L74
 914:../../../firmware/n32h7xx_std_periph_driver/src/n32h7xx_lcdc.c ****     {
 915:../../../firmware/n32h7xx_std_periph_driver/src/n32h7xx_lcdc.c ****         tmp = 3;
 2112              		.loc 1 915 13
 2113 0094 0323     		movs	r3, #3
 2114 0096 87F82F30 		strb	r3, [r7, #47]
 2115 009a 12E0     		b	.L73
 2116              	.L74:
 916:../../../firmware/n32h7xx_std_periph_driver/src/n32h7xx_lcdc.c ****     }
 917:../../../firmware/n32h7xx_std_periph_driver/src/n32h7xx_lcdc.c ****     else if((tmppfctrl == LCDC_PIXEL_FORMAT_RGB565) | (tmppfctrl == LCDC_PIXEL_FORMAT_BGR565))
 2117              		.loc 1 917 53
 2118 009c FB69     		ldr	r3, [r7, #28]
 2119 009e 042B     		cmp	r3, #4
 2120 00a0 0CBF     		ite	eq
 2121 00a2 0123     		moveq	r3, #1
 2122 00a4 0023     		movne	r3, #0
 2123 00a6 DAB2     		uxtb	r2, r3
 2124 00a8 FB69     		ldr	r3, [r7, #28]
 2125 00aa 052B     		cmp	r3, #5
 2126 00ac 0CBF     		ite	eq
 2127 00ae 0123     		moveq	r3, #1
 2128 00b0 0023     		movne	r3, #0
 2129 00b2 DBB2     		uxtb	r3, r3
 2130 00b4 1343     		orrs	r3, r3, r2
 2131 00b6 DBB2     		uxtb	r3, r3
 2132              		.loc 1 917 12
ARM GAS  /tmp/ccxmuAb3.s 			page 54


 2133 00b8 002B     		cmp	r3, #0
 2134 00ba 02D0     		beq	.L73
 918:../../../firmware/n32h7xx_std_periph_driver/src/n32h7xx_lcdc.c ****     {
 919:../../../firmware/n32h7xx_std_periph_driver/src/n32h7xx_lcdc.c ****         tmp = 2;
 2135              		.loc 1 919 13
 2136 00bc 0223     		movs	r3, #2
 2137 00be 87F82F30 		strb	r3, [r7, #47]
 2138              	.L73:
 920:../../../firmware/n32h7xx_std_periph_driver/src/n32h7xx_lcdc.c ****     }
 921:../../../firmware/n32h7xx_std_periph_driver/src/n32h7xx_lcdc.c ****     else
 922:../../../firmware/n32h7xx_std_periph_driver/src/n32h7xx_lcdc.c ****     {
 923:../../../firmware/n32h7xx_std_periph_driver/src/n32h7xx_lcdc.c **** 
 924:../../../firmware/n32h7xx_std_periph_driver/src/n32h7xx_lcdc.c ****     }
 925:../../../firmware/n32h7xx_std_periph_driver/src/n32h7xx_lcdc.c **** 
 926:../../../firmware/n32h7xx_std_periph_driver/src/n32h7xx_lcdc.c ****     tmpcfblen = LCDC_Layerx->CFBLEN;
 2139              		.loc 1 926 15
 2140 00c2 7B68     		ldr	r3, [r7, #4]
 2141 00c4 9B6B     		ldr	r3, [r3, #56]
 2142 00c6 BB61     		str	r3, [r7, #24]
 927:../../../firmware/n32h7xx_std_periph_driver/src/n32h7xx_lcdc.c ****     horizontal_stop = (((tmpcfblen & 0xFFFF) - 3) / tmp) + horizontal_start - 1;
 2143              		.loc 1 927 36
 2144 00c8 BB69     		ldr	r3, [r7, #24]
 2145 00ca 9BB2     		uxth	r3, r3
 2146              		.loc 1 927 46
 2147 00cc DA1E     		subs	r2, r3, #3
 2148              		.loc 1 927 51
 2149 00ce 97F82F30 		ldrb	r3, [r7, #47]	@ zero_extendqisi2
 2150 00d2 B2FBF3F2 		udiv	r2, r2, r3
 2151              		.loc 1 927 58
 2152 00d6 7B6A     		ldr	r3, [r7, #36]
 2153 00d8 1344     		add	r3, r3, r2
 2154              		.loc 1 927 21
 2155 00da 013B     		subs	r3, r3, #1
 2156 00dc 7B61     		str	r3, [r7, #20]
 928:../../../firmware/n32h7xx_std_periph_driver/src/n32h7xx_lcdc.c **** 
 929:../../../firmware/n32h7xx_std_periph_driver/src/n32h7xx_lcdc.c ****     tmpcfblnum = LCDC_Layerx->CFBLNUM;
 2157              		.loc 1 929 16
 2158 00de 7B68     		ldr	r3, [r7, #4]
 2159 00e0 DB6B     		ldr	r3, [r3, #60]
 2160 00e2 3B61     		str	r3, [r7, #16]
 930:../../../firmware/n32h7xx_std_periph_driver/src/n32h7xx_lcdc.c ****     vertical_stop = (tmpcfblnum & 0xFFFF) + vertical_start - 1;
 2161              		.loc 1 930 33
 2162 00e4 3B69     		ldr	r3, [r7, #16]
 2163 00e6 9AB2     		uxth	r2, r3
 2164              		.loc 1 930 43
 2165 00e8 3B6A     		ldr	r3, [r7, #32]
 2166 00ea 1344     		add	r3, r3, r2
 2167              		.loc 1 930 19
 2168 00ec 013B     		subs	r3, r3, #1
 2169 00ee FB60     		str	r3, [r7, #12]
 931:../../../firmware/n32h7xx_std_periph_driver/src/n32h7xx_lcdc.c **** 
 932:../../../firmware/n32h7xx_std_periph_driver/src/n32h7xx_lcdc.c ****     LCDC_Layerx->WHPCTRL = horizontal_start | (horizontal_stop << 16);
 2170              		.loc 1 932 64
 2171 00f0 7B69     		ldr	r3, [r7, #20]
 2172 00f2 1A04     		lsls	r2, r3, #16
 2173              		.loc 1 932 45
 2174 00f4 7B6A     		ldr	r3, [r7, #36]
ARM GAS  /tmp/ccxmuAb3.s 			page 55


 2175 00f6 1A43     		orrs	r2, r2, r3
 2176              		.loc 1 932 26
 2177 00f8 7B68     		ldr	r3, [r7, #4]
 2178 00fa 1A61     		str	r2, [r3, #16]
 933:../../../firmware/n32h7xx_std_periph_driver/src/n32h7xx_lcdc.c ****     LCDC_Layerx->WVPCTRL = vertical_start | (vertical_stop << 16);
 2179              		.loc 1 933 60
 2180 00fc FB68     		ldr	r3, [r7, #12]
 2181 00fe 1A04     		lsls	r2, r3, #16
 2182              		.loc 1 933 43
 2183 0100 3B6A     		ldr	r3, [r7, #32]
 2184 0102 1A43     		orrs	r2, r2, r3
 2185              		.loc 1 933 26
 2186 0104 7B68     		ldr	r3, [r7, #4]
 2187 0106 5A61     		str	r2, [r3, #20]
 934:../../../firmware/n32h7xx_std_periph_driver/src/n32h7xx_lcdc.c **** }
 2188              		.loc 1 934 1
 2189 0108 00BF     		nop
 2190 010a 3437     		adds	r7, r7, #52
 2191              	.LCFI125:
 2192              		.cfi_def_cfa_offset 4
 2193 010c BD46     		mov	sp, r7
 2194              	.LCFI126:
 2195              		.cfi_def_cfa_register 13
 2196              		@ sp needed
 2197 010e 80BC     		pop	{r7}
 2198              	.LCFI127:
 2199              		.cfi_restore 7
 2200              		.cfi_def_cfa_offset 0
 2201 0110 7047     		bx	lr
 2202              	.L76:
 2203 0112 00BF     		.align	2
 2204              	.L75:
 2205 0114 00A00450 		.word	1342480384
 2206              		.cfi_endproc
 2207              	.LFE156:
 2209              		.section	.text.LCDC_LayerAlpha,"ax",%progbits
 2210              		.align	1
 2211              		.global	LCDC_LayerAlpha
 2212              		.syntax unified
 2213              		.thumb
 2214              		.thumb_func
 2216              	LCDC_LayerAlpha:
 2217              	.LFB157:
 935:../../../firmware/n32h7xx_std_periph_driver/src/n32h7xx_lcdc.c **** 
 936:../../../firmware/n32h7xx_std_periph_driver/src/n32h7xx_lcdc.c **** /**
 937:../../../firmware/n32h7xx_std_periph_driver/src/n32h7xx_lcdc.c **** *\*\name    LCDC_LayerAlpha
 938:../../../firmware/n32h7xx_std_periph_driver/src/n32h7xx_lcdc.c **** *\*\fun     Reconfigure constant alpha.
 939:../../../firmware/n32h7xx_std_periph_driver/src/n32h7xx_lcdc.c **** *\*\param   LCDC_Layerx: refer to the definition of LCDC_Layer_Module
 940:../../../firmware/n32h7xx_std_periph_driver/src/n32h7xx_lcdc.c **** *\*\          - LCDC_Layer1
 941:../../../firmware/n32h7xx_std_periph_driver/src/n32h7xx_lcdc.c **** *\*\          - LCDC_Layer2
 942:../../../firmware/n32h7xx_std_periph_driver/src/n32h7xx_lcdc.c **** *\*\          - LCDC_Layer3
 943:../../../firmware/n32h7xx_std_periph_driver/src/n32h7xx_lcdc.c **** *\*\          - LCDC_Layer4
 944:../../../firmware/n32h7xx_std_periph_driver/src/n32h7xx_lcdc.c **** *\*\param   ConstantAlpha
 945:../../../firmware/n32h7xx_std_periph_driver/src/n32h7xx_lcdc.c **** *\*\          - 0x00 ~ 0xFF
 946:../../../firmware/n32h7xx_std_periph_driver/src/n32h7xx_lcdc.c **** *\*\return  none
 947:../../../firmware/n32h7xx_std_periph_driver/src/n32h7xx_lcdc.c **** **/
 948:../../../firmware/n32h7xx_std_periph_driver/src/n32h7xx_lcdc.c **** void LCDC_LayerAlpha(LCDC_Layer_Module* LCDC_Layerx, uint8_t ConstantAlpha)
ARM GAS  /tmp/ccxmuAb3.s 			page 56


 949:../../../firmware/n32h7xx_std_periph_driver/src/n32h7xx_lcdc.c **** {
 2218              		.loc 1 949 1
 2219              		.cfi_startproc
 2220              		@ args = 0, pretend = 0, frame = 8
 2221              		@ frame_needed = 1, uses_anonymous_args = 0
 2222              		@ link register save eliminated.
 2223 0000 80B4     		push	{r7}
 2224              	.LCFI128:
 2225              		.cfi_def_cfa_offset 4
 2226              		.cfi_offset 7, -4
 2227 0002 83B0     		sub	sp, sp, #12
 2228              	.LCFI129:
 2229              		.cfi_def_cfa_offset 16
 2230 0004 00AF     		add	r7, sp, #0
 2231              	.LCFI130:
 2232              		.cfi_def_cfa_register 7
 2233 0006 7860     		str	r0, [r7, #4]
 2234 0008 0B46     		mov	r3, r1
 2235 000a FB70     		strb	r3, [r7, #3]
 950:../../../firmware/n32h7xx_std_periph_driver/src/n32h7xx_lcdc.c ****     LCDC_Layerx -> CACTRL = ConstantAlpha;
 2236              		.loc 1 950 27
 2237 000c FA78     		ldrb	r2, [r7, #3]	@ zero_extendqisi2
 2238 000e 7B68     		ldr	r3, [r7, #4]
 2239 0010 1A62     		str	r2, [r3, #32]
 951:../../../firmware/n32h7xx_std_periph_driver/src/n32h7xx_lcdc.c **** }
 2240              		.loc 1 951 1
 2241 0012 00BF     		nop
 2242 0014 0C37     		adds	r7, r7, #12
 2243              	.LCFI131:
 2244              		.cfi_def_cfa_offset 4
 2245 0016 BD46     		mov	sp, r7
 2246              	.LCFI132:
 2247              		.cfi_def_cfa_register 13
 2248              		@ sp needed
 2249 0018 80BC     		pop	{r7}
 2250              	.LCFI133:
 2251              		.cfi_restore 7
 2252              		.cfi_def_cfa_offset 0
 2253 001a 7047     		bx	lr
 2254              		.cfi_endproc
 2255              	.LFE157:
 2257              		.section	.text.LCDC_LayerAddress,"ax",%progbits
 2258              		.align	1
 2259              		.global	LCDC_LayerAddress
 2260              		.syntax unified
 2261              		.thumb
 2262              		.thumb_func
 2264              	LCDC_LayerAddress:
 2265              	.LFB158:
 952:../../../firmware/n32h7xx_std_periph_driver/src/n32h7xx_lcdc.c **** 
 953:../../../firmware/n32h7xx_std_periph_driver/src/n32h7xx_lcdc.c **** /**
 954:../../../firmware/n32h7xx_std_periph_driver/src/n32h7xx_lcdc.c **** *\*\name    LCDC_LayerAddress
 955:../../../firmware/n32h7xx_std_periph_driver/src/n32h7xx_lcdc.c **** *\*\fun     Reconfigure layer address.
 956:../../../firmware/n32h7xx_std_periph_driver/src/n32h7xx_lcdc.c **** *\*\param   LCDC_Layerx: refer to the definition of LCDC_Layer_Module
 957:../../../firmware/n32h7xx_std_periph_driver/src/n32h7xx_lcdc.c **** *\*\          - LCDC_Layer1
 958:../../../firmware/n32h7xx_std_periph_driver/src/n32h7xx_lcdc.c **** *\*\          - LCDC_Layer2
 959:../../../firmware/n32h7xx_std_periph_driver/src/n32h7xx_lcdc.c **** *\*\          - LCDC_Layer3
ARM GAS  /tmp/ccxmuAb3.s 			page 57


 960:../../../firmware/n32h7xx_std_periph_driver/src/n32h7xx_lcdc.c **** *\*\          - LCDC_Layer4
 961:../../../firmware/n32h7xx_std_periph_driver/src/n32h7xx_lcdc.c **** *\*\param   Address
 962:../../../firmware/n32h7xx_std_periph_driver/src/n32h7xx_lcdc.c **** *\*\          - 0x00000000 ~ 0xFFFFFFFF
 963:../../../firmware/n32h7xx_std_periph_driver/src/n32h7xx_lcdc.c **** *\*\return  none
 964:../../../firmware/n32h7xx_std_periph_driver/src/n32h7xx_lcdc.c **** **/
 965:../../../firmware/n32h7xx_std_periph_driver/src/n32h7xx_lcdc.c **** void LCDC_LayerAddress(LCDC_Layer_Module* LCDC_Layerx, uint32_t Address)
 966:../../../firmware/n32h7xx_std_periph_driver/src/n32h7xx_lcdc.c **** {
 2266              		.loc 1 966 1
 2267              		.cfi_startproc
 2268              		@ args = 0, pretend = 0, frame = 8
 2269              		@ frame_needed = 1, uses_anonymous_args = 0
 2270              		@ link register save eliminated.
 2271 0000 80B4     		push	{r7}
 2272              	.LCFI134:
 2273              		.cfi_def_cfa_offset 4
 2274              		.cfi_offset 7, -4
 2275 0002 83B0     		sub	sp, sp, #12
 2276              	.LCFI135:
 2277              		.cfi_def_cfa_offset 16
 2278 0004 00AF     		add	r7, sp, #0
 2279              	.LCFI136:
 2280              		.cfi_def_cfa_register 7
 2281 0006 7860     		str	r0, [r7, #4]
 2282 0008 3960     		str	r1, [r7]
 967:../../../firmware/n32h7xx_std_periph_driver/src/n32h7xx_lcdc.c ****     LCDC_Layerx -> CFBADDR = Address;
 2283              		.loc 1 967 28
 2284 000a 7B68     		ldr	r3, [r7, #4]
 2285 000c 3A68     		ldr	r2, [r7]
 2286 000e 5A63     		str	r2, [r3, #52]
 968:../../../firmware/n32h7xx_std_periph_driver/src/n32h7xx_lcdc.c **** }
 2287              		.loc 1 968 1
 2288 0010 00BF     		nop
 2289 0012 0C37     		adds	r7, r7, #12
 2290              	.LCFI137:
 2291              		.cfi_def_cfa_offset 4
 2292 0014 BD46     		mov	sp, r7
 2293              	.LCFI138:
 2294              		.cfi_def_cfa_register 13
 2295              		@ sp needed
 2296 0016 80BC     		pop	{r7}
 2297              	.LCFI139:
 2298              		.cfi_restore 7
 2299              		.cfi_def_cfa_offset 0
 2300 0018 7047     		bx	lr
 2301              		.cfi_endproc
 2302              	.LFE158:
 2304              		.section	.text.LCDC_LayerSize,"ax",%progbits
 2305              		.align	1
 2306              		.global	LCDC_LayerSize
 2307              		.syntax unified
 2308              		.thumb
 2309              		.thumb_func
 2311              	LCDC_LayerSize:
 2312              	.LFB159:
 969:../../../firmware/n32h7xx_std_periph_driver/src/n32h7xx_lcdc.c **** 
 970:../../../firmware/n32h7xx_std_periph_driver/src/n32h7xx_lcdc.c **** /**
 971:../../../firmware/n32h7xx_std_periph_driver/src/n32h7xx_lcdc.c **** *\*\name    LCDC_LayerSize
ARM GAS  /tmp/ccxmuAb3.s 			page 58


 972:../../../firmware/n32h7xx_std_periph_driver/src/n32h7xx_lcdc.c **** *\*\fun     Reconfigure layer size.
 973:../../../firmware/n32h7xx_std_periph_driver/src/n32h7xx_lcdc.c **** *\*\param   LCDC_Layerx: refer to the definition of LCDC_Layer_Module
 974:../../../firmware/n32h7xx_std_periph_driver/src/n32h7xx_lcdc.c **** *\*\          - LCDC_Layer1
 975:../../../firmware/n32h7xx_std_periph_driver/src/n32h7xx_lcdc.c **** *\*\          - LCDC_Layer2
 976:../../../firmware/n32h7xx_std_periph_driver/src/n32h7xx_lcdc.c **** *\*\          - LCDC_Layer3
 977:../../../firmware/n32h7xx_std_periph_driver/src/n32h7xx_lcdc.c **** *\*\          - LCDC_Layer4
 978:../../../firmware/n32h7xx_std_periph_driver/src/n32h7xx_lcdc.c **** *\*\param   Width
 979:../../../firmware/n32h7xx_std_periph_driver/src/n32h7xx_lcdc.c **** *\*\          - layer window width
 980:../../../firmware/n32h7xx_std_periph_driver/src/n32h7xx_lcdc.c **** *\*\param   Height
 981:../../../firmware/n32h7xx_std_periph_driver/src/n32h7xx_lcdc.c **** *\*\          - layer window height
 982:../../../firmware/n32h7xx_std_periph_driver/src/n32h7xx_lcdc.c **** *\*\return  none
 983:../../../firmware/n32h7xx_std_periph_driver/src/n32h7xx_lcdc.c **** **/
 984:../../../firmware/n32h7xx_std_periph_driver/src/n32h7xx_lcdc.c **** void LCDC_LayerSize(LCDC_Layer_Module* LCDC_Layerx, uint32_t Width, uint32_t Height)
 985:../../../firmware/n32h7xx_std_periph_driver/src/n32h7xx_lcdc.c **** {
 2313              		.loc 1 985 1
 2314              		.cfi_startproc
 2315              		@ args = 0, pretend = 0, frame = 48
 2316              		@ frame_needed = 1, uses_anonymous_args = 0
 2317              		@ link register save eliminated.
 2318 0000 80B4     		push	{r7}
 2319              	.LCFI140:
 2320              		.cfi_def_cfa_offset 4
 2321              		.cfi_offset 7, -4
 2322 0002 8DB0     		sub	sp, sp, #52
 2323              	.LCFI141:
 2324              		.cfi_def_cfa_offset 56
 2325 0004 00AF     		add	r7, sp, #0
 2326              	.LCFI142:
 2327              		.cfi_def_cfa_register 7
 2328 0006 F860     		str	r0, [r7, #12]
 2329 0008 B960     		str	r1, [r7, #8]
 2330 000a 7A60     		str	r2, [r7, #4]
 986:../../../firmware/n32h7xx_std_periph_driver/src/n32h7xx_lcdc.c ****     uint8_t tmp;
 987:../../../firmware/n32h7xx_std_periph_driver/src/n32h7xx_lcdc.c ****     uint32_t tmppfctrl;
 988:../../../firmware/n32h7xx_std_periph_driver/src/n32h7xx_lcdc.c ****     uint32_t tmpwhpctrl;
 989:../../../firmware/n32h7xx_std_periph_driver/src/n32h7xx_lcdc.c ****     uint32_t tmpwvpctrl;
 990:../../../firmware/n32h7xx_std_periph_driver/src/n32h7xx_lcdc.c ****     uint32_t horizontal_start;
 991:../../../firmware/n32h7xx_std_periph_driver/src/n32h7xx_lcdc.c ****     uint32_t horizontal_stop;
 992:../../../firmware/n32h7xx_std_periph_driver/src/n32h7xx_lcdc.c ****     uint32_t vertical_start;
 993:../../../firmware/n32h7xx_std_periph_driver/src/n32h7xx_lcdc.c ****     uint32_t vertical_stop;
 994:../../../firmware/n32h7xx_std_periph_driver/src/n32h7xx_lcdc.c **** 
 995:../../../firmware/n32h7xx_std_periph_driver/src/n32h7xx_lcdc.c ****     tmppfctrl = LCDC_Layerx ->PFCTRL;
 2331              		.loc 1 995 15
 2332 000c FB68     		ldr	r3, [r7, #12]
 2333 000e DB69     		ldr	r3, [r3, #28]
 2334 0010 BB62     		str	r3, [r7, #40]
 996:../../../firmware/n32h7xx_std_periph_driver/src/n32h7xx_lcdc.c **** 
 997:../../../firmware/n32h7xx_std_periph_driver/src/n32h7xx_lcdc.c ****     if((tmppfctrl == LCDC_PIXEL_FORMAT_ARGB8888) | (tmppfctrl == LCDC_PIXEL_FORMAT_ABGR8888) | (tmp
 2335              		.loc 1 997 50
 2336 0012 BB6A     		ldr	r3, [r7, #40]
 2337 0014 002B     		cmp	r3, #0
 2338 0016 0CBF     		ite	eq
 2339 0018 0123     		moveq	r3, #1
 2340 001a 0023     		movne	r3, #0
 2341 001c DAB2     		uxtb	r2, r3
 2342 001e BB6A     		ldr	r3, [r7, #40]
 2343 0020 012B     		cmp	r3, #1
ARM GAS  /tmp/ccxmuAb3.s 			page 59


 2344 0022 0CBF     		ite	eq
 2345 0024 0123     		moveq	r3, #1
 2346 0026 0023     		movne	r3, #0
 2347 0028 DBB2     		uxtb	r3, r3
 2348 002a 1343     		orrs	r3, r3, r2
 2349 002c DBB2     		uxtb	r3, r3
 2350 002e 1A46     		mov	r2, r3
 2351              		.loc 1 997 107
 2352 0030 BB6A     		ldr	r3, [r7, #40]
 2353 0032 022B     		cmp	r3, #2
 2354 0034 0CBF     		ite	eq
 2355 0036 0123     		moveq	r3, #1
 2356 0038 0023     		movne	r3, #0
 2357 003a DBB2     		uxtb	r3, r3
 2358              		.loc 1 997 94
 2359 003c 1343     		orrs	r3, r3, r2
 2360              		.loc 1 997 151
 2361 003e BA6A     		ldr	r2, [r7, #40]
 2362 0040 032A     		cmp	r2, #3
 2363 0042 0CBF     		ite	eq
 2364 0044 0122     		moveq	r2, #1
 2365 0046 0022     		movne	r2, #0
 2366 0048 D2B2     		uxtb	r2, r2
 2367              		.loc 1 997 138
 2368 004a 1343     		orrs	r3, r3, r2
 2369              		.loc 1 997 7
 2370 004c 002B     		cmp	r3, #0
 2371 004e 03D0     		beq	.L80
 998:../../../firmware/n32h7xx_std_periph_driver/src/n32h7xx_lcdc.c ****     {
 999:../../../firmware/n32h7xx_std_periph_driver/src/n32h7xx_lcdc.c ****         tmp = 4;
 2372              		.loc 1 999 13
 2373 0050 0423     		movs	r3, #4
 2374 0052 87F82F30 		strb	r3, [r7, #47]
 2375 0056 19E0     		b	.L81
 2376              	.L80:
1000:../../../firmware/n32h7xx_std_periph_driver/src/n32h7xx_lcdc.c ****     }
1001:../../../firmware/n32h7xx_std_periph_driver/src/n32h7xx_lcdc.c ****     else if(tmppfctrl == LCDC_PIXEL_FORMAT_RGB888)
 2377              		.loc 1 1001 12
 2378 0058 BB6A     		ldr	r3, [r7, #40]
 2379 005a 062B     		cmp	r3, #6
 2380 005c 03D1     		bne	.L82
1002:../../../firmware/n32h7xx_std_periph_driver/src/n32h7xx_lcdc.c ****     {
1003:../../../firmware/n32h7xx_std_periph_driver/src/n32h7xx_lcdc.c ****         tmp = 3;
 2381              		.loc 1 1003 13
 2382 005e 0323     		movs	r3, #3
 2383 0060 87F82F30 		strb	r3, [r7, #47]
 2384 0064 12E0     		b	.L81
 2385              	.L82:
1004:../../../firmware/n32h7xx_std_periph_driver/src/n32h7xx_lcdc.c ****     }
1005:../../../firmware/n32h7xx_std_periph_driver/src/n32h7xx_lcdc.c ****     else if((tmppfctrl == LCDC_PIXEL_FORMAT_RGB565) | (tmppfctrl == LCDC_PIXEL_FORMAT_BGR565))
 2386              		.loc 1 1005 53
 2387 0066 BB6A     		ldr	r3, [r7, #40]
 2388 0068 042B     		cmp	r3, #4
 2389 006a 0CBF     		ite	eq
 2390 006c 0123     		moveq	r3, #1
 2391 006e 0023     		movne	r3, #0
 2392 0070 DAB2     		uxtb	r2, r3
ARM GAS  /tmp/ccxmuAb3.s 			page 60


 2393 0072 BB6A     		ldr	r3, [r7, #40]
 2394 0074 052B     		cmp	r3, #5
 2395 0076 0CBF     		ite	eq
 2396 0078 0123     		moveq	r3, #1
 2397 007a 0023     		movne	r3, #0
 2398 007c DBB2     		uxtb	r3, r3
 2399 007e 1343     		orrs	r3, r3, r2
 2400 0080 DBB2     		uxtb	r3, r3
 2401              		.loc 1 1005 12
 2402 0082 002B     		cmp	r3, #0
 2403 0084 02D0     		beq	.L81
1006:../../../firmware/n32h7xx_std_periph_driver/src/n32h7xx_lcdc.c ****     {
1007:../../../firmware/n32h7xx_std_periph_driver/src/n32h7xx_lcdc.c ****         tmp = 2;
 2404              		.loc 1 1007 13
 2405 0086 0223     		movs	r3, #2
 2406 0088 87F82F30 		strb	r3, [r7, #47]
 2407              	.L81:
1008:../../../firmware/n32h7xx_std_periph_driver/src/n32h7xx_lcdc.c ****     }
1009:../../../firmware/n32h7xx_std_periph_driver/src/n32h7xx_lcdc.c ****     else
1010:../../../firmware/n32h7xx_std_periph_driver/src/n32h7xx_lcdc.c ****     {
1011:../../../firmware/n32h7xx_std_periph_driver/src/n32h7xx_lcdc.c **** 
1012:../../../firmware/n32h7xx_std_periph_driver/src/n32h7xx_lcdc.c ****     }
1013:../../../firmware/n32h7xx_std_periph_driver/src/n32h7xx_lcdc.c **** 
1014:../../../firmware/n32h7xx_std_periph_driver/src/n32h7xx_lcdc.c ****     /* update horizontal and vertical stop */
1015:../../../firmware/n32h7xx_std_periph_driver/src/n32h7xx_lcdc.c ****     tmpwhpctrl = LCDC_Layerx->WHPCTRL;
 2408              		.loc 1 1015 16
 2409 008c FB68     		ldr	r3, [r7, #12]
 2410 008e 1B69     		ldr	r3, [r3, #16]
 2411 0090 7B62     		str	r3, [r7, #36]
1016:../../../firmware/n32h7xx_std_periph_driver/src/n32h7xx_lcdc.c ****     horizontal_start = (tmpwhpctrl & 0xFFFF);
 2412              		.loc 1 1016 22
 2413 0092 7B6A     		ldr	r3, [r7, #36]
 2414 0094 9BB2     		uxth	r3, r3
 2415 0096 3B62     		str	r3, [r7, #32]
1017:../../../firmware/n32h7xx_std_periph_driver/src/n32h7xx_lcdc.c ****     horizontal_stop = Width + horizontal_start - 1;
 2416              		.loc 1 1017 29
 2417 0098 BA68     		ldr	r2, [r7, #8]
 2418 009a 3B6A     		ldr	r3, [r7, #32]
 2419 009c 1344     		add	r3, r3, r2
 2420              		.loc 1 1017 21
 2421 009e 013B     		subs	r3, r3, #1
 2422 00a0 FB61     		str	r3, [r7, #28]
1018:../../../firmware/n32h7xx_std_periph_driver/src/n32h7xx_lcdc.c **** 
1019:../../../firmware/n32h7xx_std_periph_driver/src/n32h7xx_lcdc.c ****     tmpwvpctrl = LCDC_Layerx->WVPCTRL;
 2423              		.loc 1 1019 16
 2424 00a2 FB68     		ldr	r3, [r7, #12]
 2425 00a4 5B69     		ldr	r3, [r3, #20]
 2426 00a6 BB61     		str	r3, [r7, #24]
1020:../../../firmware/n32h7xx_std_periph_driver/src/n32h7xx_lcdc.c ****     vertical_start = (tmpwvpctrl & 0xFFFF);
 2427              		.loc 1 1020 20
 2428 00a8 BB69     		ldr	r3, [r7, #24]
 2429 00aa 9BB2     		uxth	r3, r3
 2430 00ac 7B61     		str	r3, [r7, #20]
1021:../../../firmware/n32h7xx_std_periph_driver/src/n32h7xx_lcdc.c ****     vertical_stop = Height + vertical_start - 1;
 2431              		.loc 1 1021 28
 2432 00ae 7A68     		ldr	r2, [r7, #4]
 2433 00b0 7B69     		ldr	r3, [r7, #20]
ARM GAS  /tmp/ccxmuAb3.s 			page 61


 2434 00b2 1344     		add	r3, r3, r2
 2435              		.loc 1 1021 19
 2436 00b4 013B     		subs	r3, r3, #1
 2437 00b6 3B61     		str	r3, [r7, #16]
1022:../../../firmware/n32h7xx_std_periph_driver/src/n32h7xx_lcdc.c **** 
1023:../../../firmware/n32h7xx_std_periph_driver/src/n32h7xx_lcdc.c ****     LCDC_Layerx->WHPCTRL = horizontal_start | (horizontal_stop << 16);
 2438              		.loc 1 1023 64
 2439 00b8 FB69     		ldr	r3, [r7, #28]
 2440 00ba 1A04     		lsls	r2, r3, #16
 2441              		.loc 1 1023 45
 2442 00bc 3B6A     		ldr	r3, [r7, #32]
 2443 00be 1A43     		orrs	r2, r2, r3
 2444              		.loc 1 1023 26
 2445 00c0 FB68     		ldr	r3, [r7, #12]
 2446 00c2 1A61     		str	r2, [r3, #16]
1024:../../../firmware/n32h7xx_std_periph_driver/src/n32h7xx_lcdc.c ****     LCDC_Layerx->WVPCTRL = vertical_start | (vertical_stop << 16);
 2447              		.loc 1 1024 60
 2448 00c4 3B69     		ldr	r3, [r7, #16]
 2449 00c6 1A04     		lsls	r2, r3, #16
 2450              		.loc 1 1024 43
 2451 00c8 7B69     		ldr	r3, [r7, #20]
 2452 00ca 1A43     		orrs	r2, r2, r3
 2453              		.loc 1 1024 26
 2454 00cc FB68     		ldr	r3, [r7, #12]
 2455 00ce 5A61     		str	r2, [r3, #20]
1025:../../../firmware/n32h7xx_std_periph_driver/src/n32h7xx_lcdc.c **** 
1026:../../../firmware/n32h7xx_std_periph_driver/src/n32h7xx_lcdc.c ****     /* Reconfigures the color frame buffer pitch in byte */
1027:../../../firmware/n32h7xx_std_periph_driver/src/n32h7xx_lcdc.c ****     LCDC_Layerx->CFBLEN  = ((Width * tmp) << 16) | ((Width * tmp) + 3);
 2456              		.loc 1 1027 36
 2457 00d0 97F82F30 		ldrb	r3, [r7, #47]	@ zero_extendqisi2
 2458 00d4 BA68     		ldr	r2, [r7, #8]
 2459 00d6 02FB03F3 		mul	r3, r2, r3
 2460              		.loc 1 1027 43
 2461 00da 1A04     		lsls	r2, r3, #16
 2462              		.loc 1 1027 60
 2463 00dc 97F82F30 		ldrb	r3, [r7, #47]	@ zero_extendqisi2
 2464 00e0 B968     		ldr	r1, [r7, #8]
 2465 00e2 01FB03F3 		mul	r3, r1, r3
 2466              		.loc 1 1027 67
 2467 00e6 0333     		adds	r3, r3, #3
 2468              		.loc 1 1027 50
 2469 00e8 1A43     		orrs	r2, r2, r3
 2470              		.loc 1 1027 26
 2471 00ea FB68     		ldr	r3, [r7, #12]
 2472 00ec 9A63     		str	r2, [r3, #56]
1028:../../../firmware/n32h7xx_std_periph_driver/src/n32h7xx_lcdc.c **** 
1029:../../../firmware/n32h7xx_std_periph_driver/src/n32h7xx_lcdc.c ****     /* Reconfigures the frame buffer line number */
1030:../../../firmware/n32h7xx_std_periph_driver/src/n32h7xx_lcdc.c ****     LCDC_Layerx->CFBLNUM  = Height;
 2473              		.loc 1 1030 27
 2474 00ee FB68     		ldr	r3, [r7, #12]
 2475 00f0 7A68     		ldr	r2, [r7, #4]
 2476 00f2 DA63     		str	r2, [r3, #60]
1031:../../../firmware/n32h7xx_std_periph_driver/src/n32h7xx_lcdc.c **** }
 2477              		.loc 1 1031 1
 2478 00f4 00BF     		nop
 2479 00f6 3437     		adds	r7, r7, #52
 2480              	.LCFI143:
ARM GAS  /tmp/ccxmuAb3.s 			page 62


 2481              		.cfi_def_cfa_offset 4
 2482 00f8 BD46     		mov	sp, r7
 2483              	.LCFI144:
 2484              		.cfi_def_cfa_register 13
 2485              		@ sp needed
 2486 00fa 80BC     		pop	{r7}
 2487              	.LCFI145:
 2488              		.cfi_restore 7
 2489              		.cfi_def_cfa_offset 0
 2490 00fc 7047     		bx	lr
 2491              		.cfi_endproc
 2492              	.LFE159:
 2494              		.section	.text.LCDC_LayerPixelFormat,"ax",%progbits
 2495              		.align	1
 2496              		.global	LCDC_LayerPixelFormat
 2497              		.syntax unified
 2498              		.thumb
 2499              		.thumb_func
 2501              	LCDC_LayerPixelFormat:
 2502              	.LFB160:
1032:../../../firmware/n32h7xx_std_periph_driver/src/n32h7xx_lcdc.c **** 
1033:../../../firmware/n32h7xx_std_periph_driver/src/n32h7xx_lcdc.c **** /**
1034:../../../firmware/n32h7xx_std_periph_driver/src/n32h7xx_lcdc.c **** *\*\name    LCDC_LayerPixelFormat
1035:../../../firmware/n32h7xx_std_periph_driver/src/n32h7xx_lcdc.c **** *\*\fun     Reconfigure layer pixel format.
1036:../../../firmware/n32h7xx_std_periph_driver/src/n32h7xx_lcdc.c **** *\*\param   LCDC_Layerx: refer to the definition of LCDC_Layer_Module
1037:../../../firmware/n32h7xx_std_periph_driver/src/n32h7xx_lcdc.c **** *\*\          - LCDC_Layer1
1038:../../../firmware/n32h7xx_std_periph_driver/src/n32h7xx_lcdc.c **** *\*\          - LCDC_Layer2
1039:../../../firmware/n32h7xx_std_periph_driver/src/n32h7xx_lcdc.c **** *\*\          - LCDC_Layer3
1040:../../../firmware/n32h7xx_std_periph_driver/src/n32h7xx_lcdc.c **** *\*\          - LCDC_Layer4
1041:../../../firmware/n32h7xx_std_periph_driver/src/n32h7xx_lcdc.c **** *\*\param   PixelFormat
1042:../../../firmware/n32h7xx_std_periph_driver/src/n32h7xx_lcdc.c **** *\*\          - LCDC_PIXEL_FORMAT_ARGB8888
1043:../../../firmware/n32h7xx_std_periph_driver/src/n32h7xx_lcdc.c **** *\*\          - LCDC_PIXEL_FORMAT_ABGR8888
1044:../../../firmware/n32h7xx_std_periph_driver/src/n32h7xx_lcdc.c **** *\*\          - LCDC_PIXEL_FORMAT_RGBA8888
1045:../../../firmware/n32h7xx_std_periph_driver/src/n32h7xx_lcdc.c **** *\*\          - LCDC_PIXEL_FORMAT_BGRA8888
1046:../../../firmware/n32h7xx_std_periph_driver/src/n32h7xx_lcdc.c **** *\*\          - LCDC_PIXEL_FORMAT_RGB565
1047:../../../firmware/n32h7xx_std_periph_driver/src/n32h7xx_lcdc.c **** *\*\          - LCDC_PIXEL_FORMAT_BGR565
1048:../../../firmware/n32h7xx_std_periph_driver/src/n32h7xx_lcdc.c **** *\*\          - LCDC_PIXEL_FORMAT_RGB888
1049:../../../firmware/n32h7xx_std_periph_driver/src/n32h7xx_lcdc.c **** *\*\          - LCDC_PIXEL_FORMAT_CUSTOM
1050:../../../firmware/n32h7xx_std_periph_driver/src/n32h7xx_lcdc.c **** *\*\          - LCDC_PIXEL_FORMAT_YUV422I
1051:../../../firmware/n32h7xx_std_periph_driver/src/n32h7xx_lcdc.c **** *\*\          - LCDC_PIXEL_FORMAT_YUV420S
1052:../../../firmware/n32h7xx_std_periph_driver/src/n32h7xx_lcdc.c **** *\*\          - LCDC_PIXEL_FORMAT_YUV420P
1053:../../../firmware/n32h7xx_std_periph_driver/src/n32h7xx_lcdc.c **** *\*\          - LCDC_PIXEL_FORMAT_YUV444
1054:../../../firmware/n32h7xx_std_periph_driver/src/n32h7xx_lcdc.c **** *\*\          - LCDC_PIXEL_FORMAT_L8
1055:../../../firmware/n32h7xx_std_periph_driver/src/n32h7xx_lcdc.c **** *\*\          - LCDC_PIXEL_FORMAT_AL44
1056:../../../firmware/n32h7xx_std_periph_driver/src/n32h7xx_lcdc.c **** *\*\          - LCDC_PIXEL_FORMAT_AL88
1057:../../../firmware/n32h7xx_std_periph_driver/src/n32h7xx_lcdc.c **** *\*\return  none
1058:../../../firmware/n32h7xx_std_periph_driver/src/n32h7xx_lcdc.c **** **/
1059:../../../firmware/n32h7xx_std_periph_driver/src/n32h7xx_lcdc.c **** void LCDC_LayerPixelFormat(LCDC_Layer_Module* LCDC_Layerx, uint32_t PixelFormat)
1060:../../../firmware/n32h7xx_std_periph_driver/src/n32h7xx_lcdc.c **** {
 2503              		.loc 1 1060 1
 2504              		.cfi_startproc
 2505              		@ args = 0, pretend = 0, frame = 24
 2506              		@ frame_needed = 1, uses_anonymous_args = 0
 2507              		@ link register save eliminated.
 2508 0000 80B4     		push	{r7}
 2509              	.LCFI146:
 2510              		.cfi_def_cfa_offset 4
ARM GAS  /tmp/ccxmuAb3.s 			page 63


 2511              		.cfi_offset 7, -4
 2512 0002 87B0     		sub	sp, sp, #28
 2513              	.LCFI147:
 2514              		.cfi_def_cfa_offset 32
 2515 0004 00AF     		add	r7, sp, #0
 2516              	.LCFI148:
 2517              		.cfi_def_cfa_register 7
 2518 0006 7860     		str	r0, [r7, #4]
 2519 0008 3960     		str	r1, [r7]
1061:../../../firmware/n32h7xx_std_periph_driver/src/n32h7xx_lcdc.c ****     uint8_t tmp;
1062:../../../firmware/n32h7xx_std_periph_driver/src/n32h7xx_lcdc.c ****     uint32_t tmppfctrl;
1063:../../../firmware/n32h7xx_std_periph_driver/src/n32h7xx_lcdc.c ****     uint32_t tmpcfblen;
1064:../../../firmware/n32h7xx_std_periph_driver/src/n32h7xx_lcdc.c **** 
1065:../../../firmware/n32h7xx_std_periph_driver/src/n32h7xx_lcdc.c ****     tmppfctrl = LCDC_Layerx ->PFCTRL;
 2520              		.loc 1 1065 15
 2521 000a 7B68     		ldr	r3, [r7, #4]
 2522 000c DB69     		ldr	r3, [r3, #28]
 2523 000e 3B61     		str	r3, [r7, #16]
1066:../../../firmware/n32h7xx_std_periph_driver/src/n32h7xx_lcdc.c **** 
1067:../../../firmware/n32h7xx_std_periph_driver/src/n32h7xx_lcdc.c ****     if((tmppfctrl == LCDC_PIXEL_FORMAT_ARGB8888) | (tmppfctrl == LCDC_PIXEL_FORMAT_ABGR8888) | (tmp
 2524              		.loc 1 1067 50
 2525 0010 3B69     		ldr	r3, [r7, #16]
 2526 0012 002B     		cmp	r3, #0
 2527 0014 0CBF     		ite	eq
 2528 0016 0123     		moveq	r3, #1
 2529 0018 0023     		movne	r3, #0
 2530 001a DAB2     		uxtb	r2, r3
 2531 001c 3B69     		ldr	r3, [r7, #16]
 2532 001e 012B     		cmp	r3, #1
 2533 0020 0CBF     		ite	eq
 2534 0022 0123     		moveq	r3, #1
 2535 0024 0023     		movne	r3, #0
 2536 0026 DBB2     		uxtb	r3, r3
 2537 0028 1343     		orrs	r3, r3, r2
 2538 002a DBB2     		uxtb	r3, r3
 2539 002c 1A46     		mov	r2, r3
 2540              		.loc 1 1067 107
 2541 002e 3B69     		ldr	r3, [r7, #16]
 2542 0030 022B     		cmp	r3, #2
 2543 0032 0CBF     		ite	eq
 2544 0034 0123     		moveq	r3, #1
 2545 0036 0023     		movne	r3, #0
 2546 0038 DBB2     		uxtb	r3, r3
 2547              		.loc 1 1067 94
 2548 003a 1343     		orrs	r3, r3, r2
 2549              		.loc 1 1067 151
 2550 003c 3A69     		ldr	r2, [r7, #16]
 2551 003e 032A     		cmp	r2, #3
 2552 0040 0CBF     		ite	eq
 2553 0042 0122     		moveq	r2, #1
 2554 0044 0022     		movne	r2, #0
 2555 0046 D2B2     		uxtb	r2, r2
 2556              		.loc 1 1067 138
 2557 0048 1343     		orrs	r3, r3, r2
 2558              		.loc 1 1067 7
 2559 004a 002B     		cmp	r3, #0
 2560 004c 02D0     		beq	.L84
ARM GAS  /tmp/ccxmuAb3.s 			page 64


1068:../../../firmware/n32h7xx_std_periph_driver/src/n32h7xx_lcdc.c ****     {
1069:../../../firmware/n32h7xx_std_periph_driver/src/n32h7xx_lcdc.c ****         tmp = 4;
 2561              		.loc 1 1069 13
 2562 004e 0423     		movs	r3, #4
 2563 0050 FB75     		strb	r3, [r7, #23]
 2564 0052 17E0     		b	.L85
 2565              	.L84:
1070:../../../firmware/n32h7xx_std_periph_driver/src/n32h7xx_lcdc.c ****     }
1071:../../../firmware/n32h7xx_std_periph_driver/src/n32h7xx_lcdc.c ****     else if(tmppfctrl == LCDC_PIXEL_FORMAT_RGB888)
 2566              		.loc 1 1071 12
 2567 0054 3B69     		ldr	r3, [r7, #16]
 2568 0056 062B     		cmp	r3, #6
 2569 0058 02D1     		bne	.L86
1072:../../../firmware/n32h7xx_std_periph_driver/src/n32h7xx_lcdc.c ****     {
1073:../../../firmware/n32h7xx_std_periph_driver/src/n32h7xx_lcdc.c ****         tmp = 3;
 2570              		.loc 1 1073 13
 2571 005a 0323     		movs	r3, #3
 2572 005c FB75     		strb	r3, [r7, #23]
 2573 005e 11E0     		b	.L85
 2574              	.L86:
1074:../../../firmware/n32h7xx_std_periph_driver/src/n32h7xx_lcdc.c ****     }
1075:../../../firmware/n32h7xx_std_periph_driver/src/n32h7xx_lcdc.c ****     else if((tmppfctrl == LCDC_PIXEL_FORMAT_RGB565) | (tmppfctrl == LCDC_PIXEL_FORMAT_BGR565))
 2575              		.loc 1 1075 53
 2576 0060 3B69     		ldr	r3, [r7, #16]
 2577 0062 042B     		cmp	r3, #4
 2578 0064 0CBF     		ite	eq
 2579 0066 0123     		moveq	r3, #1
 2580 0068 0023     		movne	r3, #0
 2581 006a DAB2     		uxtb	r2, r3
 2582 006c 3B69     		ldr	r3, [r7, #16]
 2583 006e 052B     		cmp	r3, #5
 2584 0070 0CBF     		ite	eq
 2585 0072 0123     		moveq	r3, #1
 2586 0074 0023     		movne	r3, #0
 2587 0076 DBB2     		uxtb	r3, r3
 2588 0078 1343     		orrs	r3, r3, r2
 2589 007a DBB2     		uxtb	r3, r3
 2590              		.loc 1 1075 12
 2591 007c 002B     		cmp	r3, #0
 2592 007e 01D0     		beq	.L85
1076:../../../firmware/n32h7xx_std_periph_driver/src/n32h7xx_lcdc.c ****     {
1077:../../../firmware/n32h7xx_std_periph_driver/src/n32h7xx_lcdc.c ****         tmp = 2;
 2593              		.loc 1 1077 13
 2594 0080 0223     		movs	r3, #2
 2595 0082 FB75     		strb	r3, [r7, #23]
 2596              	.L85:
1078:../../../firmware/n32h7xx_std_periph_driver/src/n32h7xx_lcdc.c ****     }
1079:../../../firmware/n32h7xx_std_periph_driver/src/n32h7xx_lcdc.c ****     else
1080:../../../firmware/n32h7xx_std_periph_driver/src/n32h7xx_lcdc.c ****     {
1081:../../../firmware/n32h7xx_std_periph_driver/src/n32h7xx_lcdc.c **** 
1082:../../../firmware/n32h7xx_std_periph_driver/src/n32h7xx_lcdc.c ****     }
1083:../../../firmware/n32h7xx_std_periph_driver/src/n32h7xx_lcdc.c **** 
1084:../../../firmware/n32h7xx_std_periph_driver/src/n32h7xx_lcdc.c ****     tmpcfblen = (LCDC_Layerx->CFBLEN >> 16);
 2597              		.loc 1 1084 29
 2598 0084 7B68     		ldr	r3, [r7, #4]
 2599 0086 9B6B     		ldr	r3, [r3, #56]
 2600              		.loc 1 1084 15
ARM GAS  /tmp/ccxmuAb3.s 			page 65


 2601 0088 1B0C     		lsrs	r3, r3, #16
 2602 008a FB60     		str	r3, [r7, #12]
1085:../../../firmware/n32h7xx_std_periph_driver/src/n32h7xx_lcdc.c ****     tmpcfblen = (tmpcfblen / tmp);
 2603              		.loc 1 1085 28
 2604 008c FB7D     		ldrb	r3, [r7, #23]	@ zero_extendqisi2
 2605              		.loc 1 1085 15
 2606 008e FA68     		ldr	r2, [r7, #12]
 2607 0090 B2FBF3F3 		udiv	r3, r2, r3
 2608 0094 FB60     		str	r3, [r7, #12]
1086:../../../firmware/n32h7xx_std_periph_driver/src/n32h7xx_lcdc.c **** 
1087:../../../firmware/n32h7xx_std_periph_driver/src/n32h7xx_lcdc.c ****     if((PixelFormat == LCDC_PIXEL_FORMAT_ARGB8888) | (PixelFormat == LCDC_PIXEL_FORMAT_ABGR8888) | 
 2609              		.loc 1 1087 52
 2610 0096 3B68     		ldr	r3, [r7]
 2611 0098 002B     		cmp	r3, #0
 2612 009a 0CBF     		ite	eq
 2613 009c 0123     		moveq	r3, #1
 2614 009e 0023     		movne	r3, #0
 2615 00a0 DAB2     		uxtb	r2, r3
 2616 00a2 3B68     		ldr	r3, [r7]
 2617 00a4 012B     		cmp	r3, #1
 2618 00a6 0CBF     		ite	eq
 2619 00a8 0123     		moveq	r3, #1
 2620 00aa 0023     		movne	r3, #0
 2621 00ac DBB2     		uxtb	r3, r3
 2622 00ae 1343     		orrs	r3, r3, r2
 2623 00b0 DBB2     		uxtb	r3, r3
 2624 00b2 1A46     		mov	r2, r3
 2625              		.loc 1 1087 113
 2626 00b4 3B68     		ldr	r3, [r7]
 2627 00b6 022B     		cmp	r3, #2
 2628 00b8 0CBF     		ite	eq
 2629 00ba 0123     		moveq	r3, #1
 2630 00bc 0023     		movne	r3, #0
 2631 00be DBB2     		uxtb	r3, r3
 2632              		.loc 1 1087 98
 2633 00c0 1343     		orrs	r3, r3, r2
 2634              		.loc 1 1087 159
 2635 00c2 3A68     		ldr	r2, [r7]
 2636 00c4 032A     		cmp	r2, #3
 2637 00c6 0CBF     		ite	eq
 2638 00c8 0122     		moveq	r2, #1
 2639 00ca 0022     		movne	r2, #0
 2640 00cc D2B2     		uxtb	r2, r2
 2641              		.loc 1 1087 144
 2642 00ce 1343     		orrs	r3, r3, r2
 2643              		.loc 1 1087 7
 2644 00d0 002B     		cmp	r3, #0
 2645 00d2 02D0     		beq	.L87
1088:../../../firmware/n32h7xx_std_periph_driver/src/n32h7xx_lcdc.c ****     {
1089:../../../firmware/n32h7xx_std_periph_driver/src/n32h7xx_lcdc.c ****         tmp = 4;
 2646              		.loc 1 1089 13
 2647 00d4 0423     		movs	r3, #4
 2648 00d6 FB75     		strb	r3, [r7, #23]
 2649 00d8 17E0     		b	.L88
 2650              	.L87:
1090:../../../firmware/n32h7xx_std_periph_driver/src/n32h7xx_lcdc.c ****     }
1091:../../../firmware/n32h7xx_std_periph_driver/src/n32h7xx_lcdc.c ****     else if(PixelFormat == LCDC_PIXEL_FORMAT_RGB888)
ARM GAS  /tmp/ccxmuAb3.s 			page 66


 2651              		.loc 1 1091 12
 2652 00da 3B68     		ldr	r3, [r7]
 2653 00dc 062B     		cmp	r3, #6
 2654 00de 02D1     		bne	.L89
1092:../../../firmware/n32h7xx_std_periph_driver/src/n32h7xx_lcdc.c ****     {
1093:../../../firmware/n32h7xx_std_periph_driver/src/n32h7xx_lcdc.c ****         tmp = 3;
 2655              		.loc 1 1093 13
 2656 00e0 0323     		movs	r3, #3
 2657 00e2 FB75     		strb	r3, [r7, #23]
 2658 00e4 11E0     		b	.L88
 2659              	.L89:
1094:../../../firmware/n32h7xx_std_periph_driver/src/n32h7xx_lcdc.c ****     }
1095:../../../firmware/n32h7xx_std_periph_driver/src/n32h7xx_lcdc.c ****     else if((PixelFormat == LCDC_PIXEL_FORMAT_RGB565) | (PixelFormat == LCDC_PIXEL_FORMAT_BGR565))
 2660              		.loc 1 1095 55
 2661 00e6 3B68     		ldr	r3, [r7]
 2662 00e8 042B     		cmp	r3, #4
 2663 00ea 0CBF     		ite	eq
 2664 00ec 0123     		moveq	r3, #1
 2665 00ee 0023     		movne	r3, #0
 2666 00f0 DAB2     		uxtb	r2, r3
 2667 00f2 3B68     		ldr	r3, [r7]
 2668 00f4 052B     		cmp	r3, #5
 2669 00f6 0CBF     		ite	eq
 2670 00f8 0123     		moveq	r3, #1
 2671 00fa 0023     		movne	r3, #0
 2672 00fc DBB2     		uxtb	r3, r3
 2673 00fe 1343     		orrs	r3, r3, r2
 2674 0100 DBB2     		uxtb	r3, r3
 2675              		.loc 1 1095 12
 2676 0102 002B     		cmp	r3, #0
 2677 0104 01D0     		beq	.L88
1096:../../../firmware/n32h7xx_std_periph_driver/src/n32h7xx_lcdc.c ****     {
1097:../../../firmware/n32h7xx_std_periph_driver/src/n32h7xx_lcdc.c ****         tmp = 2;
 2678              		.loc 1 1097 13
 2679 0106 0223     		movs	r3, #2
 2680 0108 FB75     		strb	r3, [r7, #23]
 2681              	.L88:
1098:../../../firmware/n32h7xx_std_periph_driver/src/n32h7xx_lcdc.c ****     }
1099:../../../firmware/n32h7xx_std_periph_driver/src/n32h7xx_lcdc.c ****     else
1100:../../../firmware/n32h7xx_std_periph_driver/src/n32h7xx_lcdc.c ****     {
1101:../../../firmware/n32h7xx_std_periph_driver/src/n32h7xx_lcdc.c **** 
1102:../../../firmware/n32h7xx_std_periph_driver/src/n32h7xx_lcdc.c ****     }
1103:../../../firmware/n32h7xx_std_periph_driver/src/n32h7xx_lcdc.c **** 
1104:../../../firmware/n32h7xx_std_periph_driver/src/n32h7xx_lcdc.c ****     /* Reconfigures the color frame buffer pitch in byte */
1105:../../../firmware/n32h7xx_std_periph_driver/src/n32h7xx_lcdc.c ****     LCDC_Layerx->CFBLEN  = ((tmpcfblen * tmp) << 16) | ((tmpcfblen * tmp) + 3);
 2682              		.loc 1 1105 40
 2683 010a FB7D     		ldrb	r3, [r7, #23]	@ zero_extendqisi2
 2684 010c FA68     		ldr	r2, [r7, #12]
 2685 010e 02FB03F3 		mul	r3, r2, r3
 2686              		.loc 1 1105 47
 2687 0112 1A04     		lsls	r2, r3, #16
 2688              		.loc 1 1105 68
 2689 0114 FB7D     		ldrb	r3, [r7, #23]	@ zero_extendqisi2
 2690 0116 F968     		ldr	r1, [r7, #12]
 2691 0118 01FB03F3 		mul	r3, r1, r3
 2692              		.loc 1 1105 75
 2693 011c 0333     		adds	r3, r3, #3
ARM GAS  /tmp/ccxmuAb3.s 			page 67


 2694              		.loc 1 1105 54
 2695 011e 1A43     		orrs	r2, r2, r3
 2696              		.loc 1 1105 26
 2697 0120 7B68     		ldr	r3, [r7, #4]
 2698 0122 9A63     		str	r2, [r3, #56]
1106:../../../firmware/n32h7xx_std_periph_driver/src/n32h7xx_lcdc.c **** 
1107:../../../firmware/n32h7xx_std_periph_driver/src/n32h7xx_lcdc.c ****     /* Reconfigures the color frame buffer start address */
1108:../../../firmware/n32h7xx_std_periph_driver/src/n32h7xx_lcdc.c ****     LCDC_Layerx->PFCTRL = PixelFormat;
 2699              		.loc 1 1108 25
 2700 0124 7B68     		ldr	r3, [r7, #4]
 2701 0126 3A68     		ldr	r2, [r7]
 2702 0128 DA61     		str	r2, [r3, #28]
1109:../../../firmware/n32h7xx_std_periph_driver/src/n32h7xx_lcdc.c **** }
 2703              		.loc 1 1109 1
 2704 012a 00BF     		nop
 2705 012c 1C37     		adds	r7, r7, #28
 2706              	.LCFI149:
 2707              		.cfi_def_cfa_offset 4
 2708 012e BD46     		mov	sp, r7
 2709              	.LCFI150:
 2710              		.cfi_def_cfa_register 13
 2711              		@ sp needed
 2712 0130 80BC     		pop	{r7}
 2713              	.LCFI151:
 2714              		.cfi_restore 7
 2715              		.cfi_def_cfa_offset 0
 2716 0132 7047     		bx	lr
 2717              		.cfi_endproc
 2718              	.LFE160:
 2720              		.section	.text.LCDC_ConfigInt,"ax",%progbits
 2721              		.align	1
 2722              		.global	LCDC_ConfigInt
 2723              		.syntax unified
 2724              		.thumb
 2725              		.thumb_func
 2727              	LCDC_ConfigInt:
 2728              	.LFB161:
1110:../../../firmware/n32h7xx_std_periph_driver/src/n32h7xx_lcdc.c **** 
1111:../../../firmware/n32h7xx_std_periph_driver/src/n32h7xx_lcdc.c **** /**
1112:../../../firmware/n32h7xx_std_periph_driver/src/n32h7xx_lcdc.c **** *\*\name    LCDC_ConfigInt
1113:../../../firmware/n32h7xx_std_periph_driver/src/n32h7xx_lcdc.c **** *\*\fun     Enables or disables the specified LCDC's interrupts.
1114:../../../firmware/n32h7xx_std_periph_driver/src/n32h7xx_lcdc.c **** *\*\param   LCDC_IT
1115:../../../firmware/n32h7xx_std_periph_driver/src/n32h7xx_lcdc.c **** *\*\          - LCDC_INT_LIEN
1116:../../../firmware/n32h7xx_std_periph_driver/src/n32h7xx_lcdc.c **** *\*\          - LCDC_INT_FUIEN
1117:../../../firmware/n32h7xx_std_periph_driver/src/n32h7xx_lcdc.c **** *\*\          - LCDC_INT_BEIEN
1118:../../../firmware/n32h7xx_std_periph_driver/src/n32h7xx_lcdc.c **** *\*\          - LCDC_INT_RRIEN
1119:../../../firmware/n32h7xx_std_periph_driver/src/n32h7xx_lcdc.c **** *\*\          - LCDC_INT_STNSIGIEN
1120:../../../firmware/n32h7xx_std_periph_driver/src/n32h7xx_lcdc.c **** *\*\          - LCDC_INT_STNSYNCIEN
1121:../../../firmware/n32h7xx_std_periph_driver/src/n32h7xx_lcdc.c **** *\*\          - LCDC_INT_FUKIEN
1122:../../../firmware/n32h7xx_std_periph_driver/src/n32h7xx_lcdc.c **** *\*\          - LCDC_INT_CRCIEN
1123:../../../firmware/n32h7xx_std_periph_driver/src/n32h7xx_lcdc.c **** *\*\          - LCDC_INT_RFEIEN
1124:../../../firmware/n32h7xx_std_periph_driver/src/n32h7xx_lcdc.c **** *\*\param   Cmd
1125:../../../firmware/n32h7xx_std_periph_driver/src/n32h7xx_lcdc.c **** *\*\          - ENABLE
1126:../../../firmware/n32h7xx_std_periph_driver/src/n32h7xx_lcdc.c **** *\*\          - DISABLE
1127:../../../firmware/n32h7xx_std_periph_driver/src/n32h7xx_lcdc.c **** *\*\return  none
1128:../../../firmware/n32h7xx_std_periph_driver/src/n32h7xx_lcdc.c **** **/
1129:../../../firmware/n32h7xx_std_periph_driver/src/n32h7xx_lcdc.c **** void LCDC_ConfigInt(uint32_t LCDC_IT, FunctionalState Cmd)
ARM GAS  /tmp/ccxmuAb3.s 			page 68


1130:../../../firmware/n32h7xx_std_periph_driver/src/n32h7xx_lcdc.c **** {
 2729              		.loc 1 1130 1
 2730              		.cfi_startproc
 2731              		@ args = 0, pretend = 0, frame = 8
 2732              		@ frame_needed = 1, uses_anonymous_args = 0
 2733              		@ link register save eliminated.
 2734 0000 80B4     		push	{r7}
 2735              	.LCFI152:
 2736              		.cfi_def_cfa_offset 4
 2737              		.cfi_offset 7, -4
 2738 0002 83B0     		sub	sp, sp, #12
 2739              	.LCFI153:
 2740              		.cfi_def_cfa_offset 16
 2741 0004 00AF     		add	r7, sp, #0
 2742              	.LCFI154:
 2743              		.cfi_def_cfa_register 7
 2744 0006 7860     		str	r0, [r7, #4]
 2745 0008 0B46     		mov	r3, r1
 2746 000a FB70     		strb	r3, [r7, #3]
1131:../../../firmware/n32h7xx_std_periph_driver/src/n32h7xx_lcdc.c ****     if (Cmd != DISABLE)
 2747              		.loc 1 1131 8
 2748 000c FB78     		ldrb	r3, [r7, #3]	@ zero_extendqisi2
 2749 000e 002B     		cmp	r3, #0
 2750 0010 06D0     		beq	.L91
1132:../../../firmware/n32h7xx_std_periph_driver/src/n32h7xx_lcdc.c ****     {
1133:../../../firmware/n32h7xx_std_periph_driver/src/n32h7xx_lcdc.c ****         /* Enable the Interrupt sources */
1134:../../../firmware/n32h7xx_std_periph_driver/src/n32h7xx_lcdc.c ****         LCDC->INTEN |= (uint32_t)LCDC_IT;
 2751              		.loc 1 1134 13
 2752 0012 094B     		ldr	r3, .L94
 2753 0014 5A6B     		ldr	r2, [r3, #52]
 2754 0016 0849     		ldr	r1, .L94
 2755              		.loc 1 1134 21
 2756 0018 7B68     		ldr	r3, [r7, #4]
 2757 001a 1343     		orrs	r3, r3, r2
 2758 001c 4B63     		str	r3, [r1, #52]
1135:../../../firmware/n32h7xx_std_periph_driver/src/n32h7xx_lcdc.c ****     }
1136:../../../firmware/n32h7xx_std_periph_driver/src/n32h7xx_lcdc.c ****     else
1137:../../../firmware/n32h7xx_std_periph_driver/src/n32h7xx_lcdc.c ****     {
1138:../../../firmware/n32h7xx_std_periph_driver/src/n32h7xx_lcdc.c ****         /* Disable the Interrupt sources */
1139:../../../firmware/n32h7xx_std_periph_driver/src/n32h7xx_lcdc.c ****         LCDC->INTEN &= (uint32_t)(~LCDC_IT);
1140:../../../firmware/n32h7xx_std_periph_driver/src/n32h7xx_lcdc.c ****     }
1141:../../../firmware/n32h7xx_std_periph_driver/src/n32h7xx_lcdc.c **** }
 2759              		.loc 1 1141 1
 2760 001e 06E0     		b	.L93
 2761              	.L91:
1139:../../../firmware/n32h7xx_std_periph_driver/src/n32h7xx_lcdc.c ****     }
 2762              		.loc 1 1139 13
 2763 0020 054B     		ldr	r3, .L94
 2764 0022 5A6B     		ldr	r2, [r3, #52]
1139:../../../firmware/n32h7xx_std_periph_driver/src/n32h7xx_lcdc.c ****     }
 2765              		.loc 1 1139 35
 2766 0024 7B68     		ldr	r3, [r7, #4]
 2767 0026 DB43     		mvns	r3, r3
1139:../../../firmware/n32h7xx_std_periph_driver/src/n32h7xx_lcdc.c ****     }
 2768              		.loc 1 1139 13
 2769 0028 0349     		ldr	r1, .L94
1139:../../../firmware/n32h7xx_std_periph_driver/src/n32h7xx_lcdc.c ****     }
ARM GAS  /tmp/ccxmuAb3.s 			page 69


 2770              		.loc 1 1139 21
 2771 002a 1340     		ands	r3, r3, r2
 2772 002c 4B63     		str	r3, [r1, #52]
 2773              	.L93:
 2774              		.loc 1 1141 1
 2775 002e 00BF     		nop
 2776 0030 0C37     		adds	r7, r7, #12
 2777              	.LCFI155:
 2778              		.cfi_def_cfa_offset 4
 2779 0032 BD46     		mov	sp, r7
 2780              	.LCFI156:
 2781              		.cfi_def_cfa_register 13
 2782              		@ sp needed
 2783 0034 80BC     		pop	{r7}
 2784              	.LCFI157:
 2785              		.cfi_restore 7
 2786              		.cfi_def_cfa_offset 0
 2787 0036 7047     		bx	lr
 2788              	.L95:
 2789              		.align	2
 2790              	.L94:
 2791 0038 00A00450 		.word	1342480384
 2792              		.cfi_endproc
 2793              	.LFE161:
 2795              		.section	.text.LCDC_GetFlagStatus,"ax",%progbits
 2796              		.align	1
 2797              		.global	LCDC_GetFlagStatus
 2798              		.syntax unified
 2799              		.thumb
 2800              		.thumb_func
 2802              	LCDC_GetFlagStatus:
 2803              	.LFB162:
1142:../../../firmware/n32h7xx_std_periph_driver/src/n32h7xx_lcdc.c **** 
1143:../../../firmware/n32h7xx_std_periph_driver/src/n32h7xx_lcdc.c **** /**
1144:../../../firmware/n32h7xx_std_periph_driver/src/n32h7xx_lcdc.c **** *\*\name    LCDC_GetFlagStatus
1145:../../../firmware/n32h7xx_std_periph_driver/src/n32h7xx_lcdc.c **** *\*\fun     Checks whether the specified LCDC flag is set or not.
1146:../../../firmware/n32h7xx_std_periph_driver/src/n32h7xx_lcdc.c **** *\*\param   LCDC_FLAG
1147:../../../firmware/n32h7xx_std_periph_driver/src/n32h7xx_lcdc.c **** *\*\          - LCDC_FLAG_L
1148:../../../firmware/n32h7xx_std_periph_driver/src/n32h7xx_lcdc.c **** *\*\          - LCDC_FLAG_FU
1149:../../../firmware/n32h7xx_std_periph_driver/src/n32h7xx_lcdc.c **** *\*\          - LCDC_FLAG_BE
1150:../../../firmware/n32h7xx_std_periph_driver/src/n32h7xx_lcdc.c **** *\*\          - LCDC_FLAG_RR
1151:../../../firmware/n32h7xx_std_periph_driver/src/n32h7xx_lcdc.c **** *\*\          - LCDC_FLAG_STNSIG
1152:../../../firmware/n32h7xx_std_periph_driver/src/n32h7xx_lcdc.c **** *\*\          - LCDC_FLAG_STNSYNC
1153:../../../firmware/n32h7xx_std_periph_driver/src/n32h7xx_lcdc.c **** *\*\          - LCDC_FLAG_CRC
1154:../../../firmware/n32h7xx_std_periph_driver/src/n32h7xx_lcdc.c **** *\*\          - LCDC_FLAG_RFE
1155:../../../firmware/n32h7xx_std_periph_driver/src/n32h7xx_lcdc.c **** *\*\return  The new state of LCDC_FLAG (SET or RESET).
1156:../../../firmware/n32h7xx_std_periph_driver/src/n32h7xx_lcdc.c **** **/
1157:../../../firmware/n32h7xx_std_periph_driver/src/n32h7xx_lcdc.c **** FlagStatus LCDC_GetFlagStatus(uint32_t LCDC_FLAG)
1158:../../../firmware/n32h7xx_std_periph_driver/src/n32h7xx_lcdc.c **** {
 2804              		.loc 1 1158 1
 2805              		.cfi_startproc
 2806              		@ args = 0, pretend = 0, frame = 16
 2807              		@ frame_needed = 1, uses_anonymous_args = 0
 2808              		@ link register save eliminated.
 2809 0000 80B4     		push	{r7}
 2810              	.LCFI158:
 2811              		.cfi_def_cfa_offset 4
ARM GAS  /tmp/ccxmuAb3.s 			page 70


 2812              		.cfi_offset 7, -4
 2813 0002 85B0     		sub	sp, sp, #20
 2814              	.LCFI159:
 2815              		.cfi_def_cfa_offset 24
 2816 0004 00AF     		add	r7, sp, #0
 2817              	.LCFI160:
 2818              		.cfi_def_cfa_register 7
 2819 0006 7860     		str	r0, [r7, #4]
1159:../../../firmware/n32h7xx_std_periph_driver/src/n32h7xx_lcdc.c ****     FlagStatus bitstatus;
1160:../../../firmware/n32h7xx_std_periph_driver/src/n32h7xx_lcdc.c **** 
1161:../../../firmware/n32h7xx_std_periph_driver/src/n32h7xx_lcdc.c ****     if ((LCDC->INTSTS & LCDC_FLAG) != (uint32_t)RESET)
 2820              		.loc 1 1161 14
 2821 0008 084B     		ldr	r3, .L100
 2822 000a 9A6B     		ldr	r2, [r3, #56]
 2823              		.loc 1 1161 23
 2824 000c 7B68     		ldr	r3, [r7, #4]
 2825 000e 1340     		ands	r3, r3, r2
 2826              		.loc 1 1161 8
 2827 0010 002B     		cmp	r3, #0
 2828 0012 02D0     		beq	.L97
1162:../../../firmware/n32h7xx_std_periph_driver/src/n32h7xx_lcdc.c ****     {
1163:../../../firmware/n32h7xx_std_periph_driver/src/n32h7xx_lcdc.c ****         bitstatus = SET;
 2829              		.loc 1 1163 19
 2830 0014 0123     		movs	r3, #1
 2831 0016 FB73     		strb	r3, [r7, #15]
 2832 0018 01E0     		b	.L98
 2833              	.L97:
1164:../../../firmware/n32h7xx_std_periph_driver/src/n32h7xx_lcdc.c ****     }
1165:../../../firmware/n32h7xx_std_periph_driver/src/n32h7xx_lcdc.c ****     else
1166:../../../firmware/n32h7xx_std_periph_driver/src/n32h7xx_lcdc.c ****     {
1167:../../../firmware/n32h7xx_std_periph_driver/src/n32h7xx_lcdc.c ****         bitstatus = RESET;
 2834              		.loc 1 1167 19
 2835 001a 0023     		movs	r3, #0
 2836 001c FB73     		strb	r3, [r7, #15]
 2837              	.L98:
1168:../../../firmware/n32h7xx_std_periph_driver/src/n32h7xx_lcdc.c ****     }
1169:../../../firmware/n32h7xx_std_periph_driver/src/n32h7xx_lcdc.c **** 
1170:../../../firmware/n32h7xx_std_periph_driver/src/n32h7xx_lcdc.c ****     return bitstatus;
 2838              		.loc 1 1170 12
 2839 001e FB7B     		ldrb	r3, [r7, #15]	@ zero_extendqisi2
1171:../../../firmware/n32h7xx_std_periph_driver/src/n32h7xx_lcdc.c **** }
 2840              		.loc 1 1171 1
 2841 0020 1846     		mov	r0, r3
 2842 0022 1437     		adds	r7, r7, #20
 2843              	.LCFI161:
 2844              		.cfi_def_cfa_offset 4
 2845 0024 BD46     		mov	sp, r7
 2846              	.LCFI162:
 2847              		.cfi_def_cfa_register 13
 2848              		@ sp needed
 2849 0026 80BC     		pop	{r7}
 2850              	.LCFI163:
 2851              		.cfi_restore 7
 2852              		.cfi_def_cfa_offset 0
 2853 0028 7047     		bx	lr
 2854              	.L101:
 2855 002a 00BF     		.align	2
ARM GAS  /tmp/ccxmuAb3.s 			page 71


 2856              	.L100:
 2857 002c 00A00450 		.word	1342480384
 2858              		.cfi_endproc
 2859              	.LFE162:
 2861              		.section	.text.LCDC_ClearFlag,"ax",%progbits
 2862              		.align	1
 2863              		.global	LCDC_ClearFlag
 2864              		.syntax unified
 2865              		.thumb
 2866              		.thumb_func
 2868              	LCDC_ClearFlag:
 2869              	.LFB163:
1172:../../../firmware/n32h7xx_std_periph_driver/src/n32h7xx_lcdc.c **** 
1173:../../../firmware/n32h7xx_std_periph_driver/src/n32h7xx_lcdc.c **** /**
1174:../../../firmware/n32h7xx_std_periph_driver/src/n32h7xx_lcdc.c **** *\*\name    LCDC_ClearFlag
1175:../../../firmware/n32h7xx_std_periph_driver/src/n32h7xx_lcdc.c **** *\*\fun     Clears the LCDC's pending flags.
1176:../../../firmware/n32h7xx_std_periph_driver/src/n32h7xx_lcdc.c **** *\*\param   LCDC_FLAG
1177:../../../firmware/n32h7xx_std_periph_driver/src/n32h7xx_lcdc.c **** *\*\          - LCDC_FLAG_L
1178:../../../firmware/n32h7xx_std_periph_driver/src/n32h7xx_lcdc.c **** *\*\          - LCDC_FLAG_FU
1179:../../../firmware/n32h7xx_std_periph_driver/src/n32h7xx_lcdc.c **** *\*\          - LCDC_FLAG_BE
1180:../../../firmware/n32h7xx_std_periph_driver/src/n32h7xx_lcdc.c **** *\*\          - LCDC_FLAG_RR
1181:../../../firmware/n32h7xx_std_periph_driver/src/n32h7xx_lcdc.c **** *\*\          - LCDC_FLAG_STNSIG
1182:../../../firmware/n32h7xx_std_periph_driver/src/n32h7xx_lcdc.c **** *\*\          - LCDC_FLAG_STNSYNC
1183:../../../firmware/n32h7xx_std_periph_driver/src/n32h7xx_lcdc.c **** *\*\          - LCDC_FLAG_CRC
1184:../../../firmware/n32h7xx_std_periph_driver/src/n32h7xx_lcdc.c **** *\*\          - LCDC_FLAG_RFE
1185:../../../firmware/n32h7xx_std_periph_driver/src/n32h7xx_lcdc.c **** *\*\return  none.
1186:../../../firmware/n32h7xx_std_periph_driver/src/n32h7xx_lcdc.c **** **/
1187:../../../firmware/n32h7xx_std_periph_driver/src/n32h7xx_lcdc.c **** void LCDC_ClearFlag(uint32_t LCDC_FLAG)
1188:../../../firmware/n32h7xx_std_periph_driver/src/n32h7xx_lcdc.c **** {
 2870              		.loc 1 1188 1
 2871              		.cfi_startproc
 2872              		@ args = 0, pretend = 0, frame = 8
 2873              		@ frame_needed = 1, uses_anonymous_args = 0
 2874              		@ link register save eliminated.
 2875 0000 80B4     		push	{r7}
 2876              	.LCFI164:
 2877              		.cfi_def_cfa_offset 4
 2878              		.cfi_offset 7, -4
 2879 0002 83B0     		sub	sp, sp, #12
 2880              	.LCFI165:
 2881              		.cfi_def_cfa_offset 16
 2882 0004 00AF     		add	r7, sp, #0
 2883              	.LCFI166:
 2884              		.cfi_def_cfa_register 7
 2885 0006 7860     		str	r0, [r7, #4]
1189:../../../firmware/n32h7xx_std_periph_driver/src/n32h7xx_lcdc.c ****     /* Clear the flags */
1190:../../../firmware/n32h7xx_std_periph_driver/src/n32h7xx_lcdc.c ****     LCDC->INTCLR = LCDC_FLAG;
 2886              		.loc 1 1190 9
 2887 0008 034A     		ldr	r2, .L103
 2888              		.loc 1 1190 18
 2889 000a 7B68     		ldr	r3, [r7, #4]
 2890 000c D363     		str	r3, [r2, #60]
1191:../../../firmware/n32h7xx_std_periph_driver/src/n32h7xx_lcdc.c **** }
 2891              		.loc 1 1191 1
 2892 000e 00BF     		nop
 2893 0010 0C37     		adds	r7, r7, #12
 2894              	.LCFI167:
ARM GAS  /tmp/ccxmuAb3.s 			page 72


 2895              		.cfi_def_cfa_offset 4
 2896 0012 BD46     		mov	sp, r7
 2897              	.LCFI168:
 2898              		.cfi_def_cfa_register 13
 2899              		@ sp needed
 2900 0014 80BC     		pop	{r7}
 2901              	.LCFI169:
 2902              		.cfi_restore 7
 2903              		.cfi_def_cfa_offset 0
 2904 0016 7047     		bx	lr
 2905              	.L104:
 2906              		.align	2
 2907              	.L103:
 2908 0018 00A00450 		.word	1342480384
 2909              		.cfi_endproc
 2910              	.LFE163:
 2912              		.section	.text.LCDC_GetIntStatus,"ax",%progbits
 2913              		.align	1
 2914              		.global	LCDC_GetIntStatus
 2915              		.syntax unified
 2916              		.thumb
 2917              		.thumb_func
 2919              	LCDC_GetIntStatus:
 2920              	.LFB164:
1192:../../../firmware/n32h7xx_std_periph_driver/src/n32h7xx_lcdc.c **** 
1193:../../../firmware/n32h7xx_std_periph_driver/src/n32h7xx_lcdc.c **** /**
1194:../../../firmware/n32h7xx_std_periph_driver/src/n32h7xx_lcdc.c **** *\*\name    LCDC_GetIntStatus
1195:../../../firmware/n32h7xx_std_periph_driver/src/n32h7xx_lcdc.c **** *\*\fun     Checks whether the specified LCDC's interrupt has occurred or not.
1196:../../../firmware/n32h7xx_std_periph_driver/src/n32h7xx_lcdc.c **** *\*\param   LCDC_IT
1197:../../../firmware/n32h7xx_std_periph_driver/src/n32h7xx_lcdc.c **** *\*\          - LCDC_INT_LIEN
1198:../../../firmware/n32h7xx_std_periph_driver/src/n32h7xx_lcdc.c **** *\*\          - LCDC_INT_FUIEN
1199:../../../firmware/n32h7xx_std_periph_driver/src/n32h7xx_lcdc.c **** *\*\          - LCDC_INT_BEIEN
1200:../../../firmware/n32h7xx_std_periph_driver/src/n32h7xx_lcdc.c **** *\*\          - LCDC_INT_RRIEN
1201:../../../firmware/n32h7xx_std_periph_driver/src/n32h7xx_lcdc.c **** *\*\          - LCDC_INT_STNSIGIEN
1202:../../../firmware/n32h7xx_std_periph_driver/src/n32h7xx_lcdc.c **** *\*\          - LCDC_INT_STNSYNCIEN
1203:../../../firmware/n32h7xx_std_periph_driver/src/n32h7xx_lcdc.c **** *\*\          - LCDC_INT_FUKIEN
1204:../../../firmware/n32h7xx_std_periph_driver/src/n32h7xx_lcdc.c **** *\*\          - LCDC_INT_CRCIEN
1205:../../../firmware/n32h7xx_std_periph_driver/src/n32h7xx_lcdc.c **** *\*\          - LCDC_INT_RFEIEN
1206:../../../firmware/n32h7xx_std_periph_driver/src/n32h7xx_lcdc.c **** *\*\return  The new state of LCDC_IT (SET or RESET).
1207:../../../firmware/n32h7xx_std_periph_driver/src/n32h7xx_lcdc.c **** **/
1208:../../../firmware/n32h7xx_std_periph_driver/src/n32h7xx_lcdc.c **** INTStatus LCDC_GetIntStatus(uint32_t LCDC_IT)
1209:../../../firmware/n32h7xx_std_periph_driver/src/n32h7xx_lcdc.c **** {
 2921              		.loc 1 1209 1
 2922              		.cfi_startproc
 2923              		@ args = 0, pretend = 0, frame = 16
 2924              		@ frame_needed = 1, uses_anonymous_args = 0
 2925              		@ link register save eliminated.
 2926 0000 80B4     		push	{r7}
 2927              	.LCFI170:
 2928              		.cfi_def_cfa_offset 4
 2929              		.cfi_offset 7, -4
 2930 0002 85B0     		sub	sp, sp, #20
 2931              	.LCFI171:
 2932              		.cfi_def_cfa_offset 24
 2933 0004 00AF     		add	r7, sp, #0
 2934              	.LCFI172:
 2935              		.cfi_def_cfa_register 7
ARM GAS  /tmp/ccxmuAb3.s 			page 73


 2936 0006 7860     		str	r0, [r7, #4]
1210:../../../firmware/n32h7xx_std_periph_driver/src/n32h7xx_lcdc.c ****     INTStatus bitstatus;
1211:../../../firmware/n32h7xx_std_periph_driver/src/n32h7xx_lcdc.c **** 
1212:../../../firmware/n32h7xx_std_periph_driver/src/n32h7xx_lcdc.c ****     if ((LCDC->INTSTS & LCDC_IT) != (uint32_t)RESET)
 2937              		.loc 1 1212 14
 2938 0008 0F4B     		ldr	r3, .L111
 2939 000a 9A6B     		ldr	r2, [r3, #56]
 2940              		.loc 1 1212 23
 2941 000c 7B68     		ldr	r3, [r7, #4]
 2942 000e 1340     		ands	r3, r3, r2
 2943              		.loc 1 1212 8
 2944 0010 002B     		cmp	r3, #0
 2945 0012 02D0     		beq	.L106
1213:../../../firmware/n32h7xx_std_periph_driver/src/n32h7xx_lcdc.c ****     {
1214:../../../firmware/n32h7xx_std_periph_driver/src/n32h7xx_lcdc.c ****         bitstatus = SET;
 2946              		.loc 1 1214 19
 2947 0014 0123     		movs	r3, #1
 2948 0016 FB73     		strb	r3, [r7, #15]
 2949 0018 01E0     		b	.L107
 2950              	.L106:
1215:../../../firmware/n32h7xx_std_periph_driver/src/n32h7xx_lcdc.c ****     }
1216:../../../firmware/n32h7xx_std_periph_driver/src/n32h7xx_lcdc.c ****     else
1217:../../../firmware/n32h7xx_std_periph_driver/src/n32h7xx_lcdc.c ****     {
1218:../../../firmware/n32h7xx_std_periph_driver/src/n32h7xx_lcdc.c ****         bitstatus = RESET;
 2951              		.loc 1 1218 19
 2952 001a 0023     		movs	r3, #0
 2953 001c FB73     		strb	r3, [r7, #15]
 2954              	.L107:
1219:../../../firmware/n32h7xx_std_periph_driver/src/n32h7xx_lcdc.c ****     }
1220:../../../firmware/n32h7xx_std_periph_driver/src/n32h7xx_lcdc.c **** 
1221:../../../firmware/n32h7xx_std_periph_driver/src/n32h7xx_lcdc.c ****     if (((LCDC->INTEN & LCDC_IT) != (uint32_t)RESET) && (bitstatus != (uint32_t)RESET))
 2955              		.loc 1 1221 15
 2956 001e 0A4B     		ldr	r3, .L111
 2957 0020 5A6B     		ldr	r2, [r3, #52]
 2958              		.loc 1 1221 23
 2959 0022 7B68     		ldr	r3, [r7, #4]
 2960 0024 1340     		ands	r3, r3, r2
 2961              		.loc 1 1221 8
 2962 0026 002B     		cmp	r3, #0
 2963 0028 05D0     		beq	.L108
 2964              		.loc 1 1221 54 discriminator 1
 2965 002a FB7B     		ldrb	r3, [r7, #15]	@ zero_extendqisi2
 2966 002c 002B     		cmp	r3, #0
 2967 002e 02D0     		beq	.L108
1222:../../../firmware/n32h7xx_std_periph_driver/src/n32h7xx_lcdc.c ****     {
1223:../../../firmware/n32h7xx_std_periph_driver/src/n32h7xx_lcdc.c ****         bitstatus = SET;
 2968              		.loc 1 1223 19
 2969 0030 0123     		movs	r3, #1
 2970 0032 FB73     		strb	r3, [r7, #15]
 2971 0034 01E0     		b	.L109
 2972              	.L108:
1224:../../../firmware/n32h7xx_std_periph_driver/src/n32h7xx_lcdc.c ****     }
1225:../../../firmware/n32h7xx_std_periph_driver/src/n32h7xx_lcdc.c ****     else
1226:../../../firmware/n32h7xx_std_periph_driver/src/n32h7xx_lcdc.c ****     {
1227:../../../firmware/n32h7xx_std_periph_driver/src/n32h7xx_lcdc.c ****         bitstatus = RESET;
 2973              		.loc 1 1227 19
 2974 0036 0023     		movs	r3, #0
ARM GAS  /tmp/ccxmuAb3.s 			page 74


 2975 0038 FB73     		strb	r3, [r7, #15]
 2976              	.L109:
1228:../../../firmware/n32h7xx_std_periph_driver/src/n32h7xx_lcdc.c ****     }
1229:../../../firmware/n32h7xx_std_periph_driver/src/n32h7xx_lcdc.c **** 
1230:../../../firmware/n32h7xx_std_periph_driver/src/n32h7xx_lcdc.c ****     return bitstatus;
 2977              		.loc 1 1230 12
 2978 003a FB7B     		ldrb	r3, [r7, #15]	@ zero_extendqisi2
1231:../../../firmware/n32h7xx_std_periph_driver/src/n32h7xx_lcdc.c **** }
 2979              		.loc 1 1231 1
 2980 003c 1846     		mov	r0, r3
 2981 003e 1437     		adds	r7, r7, #20
 2982              	.LCFI173:
 2983              		.cfi_def_cfa_offset 4
 2984 0040 BD46     		mov	sp, r7
 2985              	.LCFI174:
 2986              		.cfi_def_cfa_register 13
 2987              		@ sp needed
 2988 0042 80BC     		pop	{r7}
 2989              	.LCFI175:
 2990              		.cfi_restore 7
 2991              		.cfi_def_cfa_offset 0
 2992 0044 7047     		bx	lr
 2993              	.L112:
 2994 0046 00BF     		.align	2
 2995              	.L111:
 2996 0048 00A00450 		.word	1342480384
 2997              		.cfi_endproc
 2998              	.LFE164:
 3000              		.section	.text.LCDC_ClrIntPendingBit,"ax",%progbits
 3001              		.align	1
 3002              		.global	LCDC_ClrIntPendingBit
 3003              		.syntax unified
 3004              		.thumb
 3005              		.thumb_func
 3007              	LCDC_ClrIntPendingBit:
 3008              	.LFB165:
1232:../../../firmware/n32h7xx_std_periph_driver/src/n32h7xx_lcdc.c **** 
1233:../../../firmware/n32h7xx_std_periph_driver/src/n32h7xx_lcdc.c **** /**
1234:../../../firmware/n32h7xx_std_periph_driver/src/n32h7xx_lcdc.c **** *\*\name    LCDC_ClrIntPendingBit
1235:../../../firmware/n32h7xx_std_periph_driver/src/n32h7xx_lcdc.c **** *\*\fun     Clears the LCDC's interrupt pending bits.
1236:../../../firmware/n32h7xx_std_periph_driver/src/n32h7xx_lcdc.c **** *\*\param   LCDC_IT
1237:../../../firmware/n32h7xx_std_periph_driver/src/n32h7xx_lcdc.c **** *\*\          - LCDC_INT_LIEN
1238:../../../firmware/n32h7xx_std_periph_driver/src/n32h7xx_lcdc.c **** *\*\          - LCDC_INT_FUIEN
1239:../../../firmware/n32h7xx_std_periph_driver/src/n32h7xx_lcdc.c **** *\*\          - LCDC_INT_BEIEN
1240:../../../firmware/n32h7xx_std_periph_driver/src/n32h7xx_lcdc.c **** *\*\          - LCDC_INT_RRIEN
1241:../../../firmware/n32h7xx_std_periph_driver/src/n32h7xx_lcdc.c **** *\*\          - LCDC_INT_STNSIGIEN
1242:../../../firmware/n32h7xx_std_periph_driver/src/n32h7xx_lcdc.c **** *\*\          - LCDC_INT_STNSYNCIEN
1243:../../../firmware/n32h7xx_std_periph_driver/src/n32h7xx_lcdc.c **** *\*\          - LCDC_INT_FUKIEN
1244:../../../firmware/n32h7xx_std_periph_driver/src/n32h7xx_lcdc.c **** *\*\          - LCDC_INT_CRCIEN
1245:../../../firmware/n32h7xx_std_periph_driver/src/n32h7xx_lcdc.c **** *\*\          - LCDC_INT_RFEIEN
1246:../../../firmware/n32h7xx_std_periph_driver/src/n32h7xx_lcdc.c **** *\*\return  none.
1247:../../../firmware/n32h7xx_std_periph_driver/src/n32h7xx_lcdc.c **** **/
1248:../../../firmware/n32h7xx_std_periph_driver/src/n32h7xx_lcdc.c **** void LCDC_ClrIntPendingBit(uint32_t LCDC_IT)
1249:../../../firmware/n32h7xx_std_periph_driver/src/n32h7xx_lcdc.c **** {
 3009              		.loc 1 1249 1
 3010              		.cfi_startproc
 3011              		@ args = 0, pretend = 0, frame = 8
ARM GAS  /tmp/ccxmuAb3.s 			page 75


 3012              		@ frame_needed = 1, uses_anonymous_args = 0
 3013              		@ link register save eliminated.
 3014 0000 80B4     		push	{r7}
 3015              	.LCFI176:
 3016              		.cfi_def_cfa_offset 4
 3017              		.cfi_offset 7, -4
 3018 0002 83B0     		sub	sp, sp, #12
 3019              	.LCFI177:
 3020              		.cfi_def_cfa_offset 16
 3021 0004 00AF     		add	r7, sp, #0
 3022              	.LCFI178:
 3023              		.cfi_def_cfa_register 7
 3024 0006 7860     		str	r0, [r7, #4]
1250:../../../firmware/n32h7xx_std_periph_driver/src/n32h7xx_lcdc.c ****     /* Clear the IT pending Bit */
1251:../../../firmware/n32h7xx_std_periph_driver/src/n32h7xx_lcdc.c ****     LCDC->INTCLR = LCDC_IT;
 3025              		.loc 1 1251 9
 3026 0008 034A     		ldr	r2, .L114
 3027              		.loc 1 1251 18
 3028 000a 7B68     		ldr	r3, [r7, #4]
 3029 000c D363     		str	r3, [r2, #60]
1252:../../../firmware/n32h7xx_std_periph_driver/src/n32h7xx_lcdc.c **** }
 3030              		.loc 1 1252 1
 3031 000e 00BF     		nop
 3032 0010 0C37     		adds	r7, r7, #12
 3033              	.LCFI179:
 3034              		.cfi_def_cfa_offset 4
 3035 0012 BD46     		mov	sp, r7
 3036              	.LCFI180:
 3037              		.cfi_def_cfa_register 13
 3038              		@ sp needed
 3039 0014 80BC     		pop	{r7}
 3040              	.LCFI181:
 3041              		.cfi_restore 7
 3042              		.cfi_def_cfa_offset 0
 3043 0016 7047     		bx	lr
 3044              	.L115:
 3045              		.align	2
 3046              	.L114:
 3047 0018 00A00450 		.word	1342480384
 3048              		.cfi_endproc
 3049              	.LFE165:
 3051              		.section	.text.LCDC_LayerYUVEnable,"ax",%progbits
 3052              		.align	1
 3053              		.global	LCDC_LayerYUVEnable
 3054              		.syntax unified
 3055              		.thumb
 3056              		.thumb_func
 3058              	LCDC_LayerYUVEnable:
 3059              	.LFB166:
1253:../../../firmware/n32h7xx_std_periph_driver/src/n32h7xx_lcdc.c **** 
1254:../../../firmware/n32h7xx_std_periph_driver/src/n32h7xx_lcdc.c **** /**
1255:../../../firmware/n32h7xx_std_periph_driver/src/n32h7xx_lcdc.c **** *\*\name    LCDC_LayerYUVEnable
1256:../../../firmware/n32h7xx_std_periph_driver/src/n32h7xx_lcdc.c **** *\*\fun     Enable YUV mode of LCDC layer.
1257:../../../firmware/n32h7xx_std_periph_driver/src/n32h7xx_lcdc.c **** *\*\param   LCDC_Layerx: refer to the definition of LCDC_Layer_Module
1258:../../../firmware/n32h7xx_std_periph_driver/src/n32h7xx_lcdc.c **** *\*\          - LCDC_Layer1
1259:../../../firmware/n32h7xx_std_periph_driver/src/n32h7xx_lcdc.c **** *\*\          - LCDC_Layer2
1260:../../../firmware/n32h7xx_std_periph_driver/src/n32h7xx_lcdc.c **** *\*\          - LCDC_Layer3
ARM GAS  /tmp/ccxmuAb3.s 			page 76


1261:../../../firmware/n32h7xx_std_periph_driver/src/n32h7xx_lcdc.c **** *\*\          - LCDC_Layer4
1262:../../../firmware/n32h7xx_std_periph_driver/src/n32h7xx_lcdc.c **** *\*\param   Cmd
1263:../../../firmware/n32h7xx_std_periph_driver/src/n32h7xx_lcdc.c **** *\*\          - ENABLE
1264:../../../firmware/n32h7xx_std_periph_driver/src/n32h7xx_lcdc.c **** *\*\          - DISABLE
1265:../../../firmware/n32h7xx_std_periph_driver/src/n32h7xx_lcdc.c **** *\*\return  none
1266:../../../firmware/n32h7xx_std_periph_driver/src/n32h7xx_lcdc.c **** **/
1267:../../../firmware/n32h7xx_std_periph_driver/src/n32h7xx_lcdc.c **** void LCDC_LayerYUVEnable(LCDC_Layer_Module* LCDC_Layerx ,FunctionalState Cmd)
1268:../../../firmware/n32h7xx_std_periph_driver/src/n32h7xx_lcdc.c **** {
 3060              		.loc 1 1268 1
 3061              		.cfi_startproc
 3062              		@ args = 0, pretend = 0, frame = 8
 3063              		@ frame_needed = 1, uses_anonymous_args = 0
 3064              		@ link register save eliminated.
 3065 0000 80B4     		push	{r7}
 3066              	.LCFI182:
 3067              		.cfi_def_cfa_offset 4
 3068              		.cfi_offset 7, -4
 3069 0002 83B0     		sub	sp, sp, #12
 3070              	.LCFI183:
 3071              		.cfi_def_cfa_offset 16
 3072 0004 00AF     		add	r7, sp, #0
 3073              	.LCFI184:
 3074              		.cfi_def_cfa_register 7
 3075 0006 7860     		str	r0, [r7, #4]
 3076 0008 0B46     		mov	r3, r1
 3077 000a FB70     		strb	r3, [r7, #3]
1269:../../../firmware/n32h7xx_std_periph_driver/src/n32h7xx_lcdc.c ****     if (Cmd != DISABLE)
 3078              		.loc 1 1269 8
 3079 000c FB78     		ldrb	r3, [r7, #3]	@ zero_extendqisi2
 3080 000e 002B     		cmp	r3, #0
 3081 0010 06D0     		beq	.L117
1270:../../../firmware/n32h7xx_std_periph_driver/src/n32h7xx_lcdc.c ****     {
1271:../../../firmware/n32h7xx_std_periph_driver/src/n32h7xx_lcdc.c ****         /* Enable YUV mode of LCDC layer*/
1272:../../../firmware/n32h7xx_std_periph_driver/src/n32h7xx_lcdc.c ****         LCDC_Layerx->AFBCTRL |= (uint32_t)LCDC_AFBCTRL_YUVEN;
 3082              		.loc 1 1272 20
 3083 0012 7B68     		ldr	r3, [r7, #4]
 3084 0014 1B6B     		ldr	r3, [r3, #48]
 3085              		.loc 1 1272 30
 3086 0016 43F00802 		orr	r2, r3, #8
 3087 001a 7B68     		ldr	r3, [r7, #4]
 3088 001c 1A63     		str	r2, [r3, #48]
1273:../../../firmware/n32h7xx_std_periph_driver/src/n32h7xx_lcdc.c ****     }
1274:../../../firmware/n32h7xx_std_periph_driver/src/n32h7xx_lcdc.c ****     else
1275:../../../firmware/n32h7xx_std_periph_driver/src/n32h7xx_lcdc.c ****     {
1276:../../../firmware/n32h7xx_std_periph_driver/src/n32h7xx_lcdc.c ****         /* Disable YUV mode of LCDC layer*/
1277:../../../firmware/n32h7xx_std_periph_driver/src/n32h7xx_lcdc.c ****         LCDC_Layerx->AFBCTRL &= (uint32_t)(~LCDC_AFBCTRL_YUVEN);
1278:../../../firmware/n32h7xx_std_periph_driver/src/n32h7xx_lcdc.c ****     }
1279:../../../firmware/n32h7xx_std_periph_driver/src/n32h7xx_lcdc.c **** }
 3089              		.loc 1 1279 1
 3090 001e 05E0     		b	.L119
 3091              	.L117:
1277:../../../firmware/n32h7xx_std_periph_driver/src/n32h7xx_lcdc.c ****     }
 3092              		.loc 1 1277 20
 3093 0020 7B68     		ldr	r3, [r7, #4]
 3094 0022 1B6B     		ldr	r3, [r3, #48]
1277:../../../firmware/n32h7xx_std_periph_driver/src/n32h7xx_lcdc.c ****     }
 3095              		.loc 1 1277 30
ARM GAS  /tmp/ccxmuAb3.s 			page 77


 3096 0024 23F00802 		bic	r2, r3, #8
 3097 0028 7B68     		ldr	r3, [r7, #4]
 3098 002a 1A63     		str	r2, [r3, #48]
 3099              	.L119:
 3100              		.loc 1 1279 1
 3101 002c 00BF     		nop
 3102 002e 0C37     		adds	r7, r7, #12
 3103              	.LCFI185:
 3104              		.cfi_def_cfa_offset 4
 3105 0030 BD46     		mov	sp, r7
 3106              	.LCFI186:
 3107              		.cfi_def_cfa_register 13
 3108              		@ sp needed
 3109 0032 80BC     		pop	{r7}
 3110              	.LCFI187:
 3111              		.cfi_restore 7
 3112              		.cfi_def_cfa_offset 0
 3113 0034 7047     		bx	lr
 3114              		.cfi_endproc
 3115              	.LFE166:
 3117              		.section	.text.LCDC_LayerYHeadroomEnable,"ax",%progbits
 3118              		.align	1
 3119              		.global	LCDC_LayerYHeadroomEnable
 3120              		.syntax unified
 3121              		.thumb
 3122              		.thumb_func
 3124              	LCDC_LayerYHeadroomEnable:
 3125              	.LFB167:
1280:../../../firmware/n32h7xx_std_periph_driver/src/n32h7xx_lcdc.c **** 
1281:../../../firmware/n32h7xx_std_periph_driver/src/n32h7xx_lcdc.c **** /**
1282:../../../firmware/n32h7xx_std_periph_driver/src/n32h7xx_lcdc.c **** *\*\name    LCDC_LayerYHeadroomEnable
1283:../../../firmware/n32h7xx_std_periph_driver/src/n32h7xx_lcdc.c **** *\*\fun     Enable YHeadroom of YUV mode.
1284:../../../firmware/n32h7xx_std_periph_driver/src/n32h7xx_lcdc.c **** *\*\param   LCDC_Layerx: refer to the definition of LCDC_Layer_Module
1285:../../../firmware/n32h7xx_std_periph_driver/src/n32h7xx_lcdc.c **** *\*\          - LCDC_Layer1
1286:../../../firmware/n32h7xx_std_periph_driver/src/n32h7xx_lcdc.c **** *\*\          - LCDC_Layer2
1287:../../../firmware/n32h7xx_std_periph_driver/src/n32h7xx_lcdc.c **** *\*\          - LCDC_Layer3
1288:../../../firmware/n32h7xx_std_periph_driver/src/n32h7xx_lcdc.c **** *\*\          - LCDC_Layer4
1289:../../../firmware/n32h7xx_std_periph_driver/src/n32h7xx_lcdc.c **** *\*\param   Cmd
1290:../../../firmware/n32h7xx_std_periph_driver/src/n32h7xx_lcdc.c **** *\*\          - ENABLE
1291:../../../firmware/n32h7xx_std_periph_driver/src/n32h7xx_lcdc.c **** *\*\          - DISABLE
1292:../../../firmware/n32h7xx_std_periph_driver/src/n32h7xx_lcdc.c **** *\*\return  none
1293:../../../firmware/n32h7xx_std_periph_driver/src/n32h7xx_lcdc.c **** **/
1294:../../../firmware/n32h7xx_std_periph_driver/src/n32h7xx_lcdc.c **** void LCDC_LayerYHeadroomEnable(LCDC_Layer_Module* LCDC_Layerx ,FunctionalState Cmd)
1295:../../../firmware/n32h7xx_std_periph_driver/src/n32h7xx_lcdc.c **** {
 3126              		.loc 1 1295 1
 3127              		.cfi_startproc
 3128              		@ args = 0, pretend = 0, frame = 8
 3129              		@ frame_needed = 1, uses_anonymous_args = 0
 3130              		@ link register save eliminated.
 3131 0000 80B4     		push	{r7}
 3132              	.LCFI188:
 3133              		.cfi_def_cfa_offset 4
 3134              		.cfi_offset 7, -4
 3135 0002 83B0     		sub	sp, sp, #12
 3136              	.LCFI189:
 3137              		.cfi_def_cfa_offset 16
 3138 0004 00AF     		add	r7, sp, #0
ARM GAS  /tmp/ccxmuAb3.s 			page 78


 3139              	.LCFI190:
 3140              		.cfi_def_cfa_register 7
 3141 0006 7860     		str	r0, [r7, #4]
 3142 0008 0B46     		mov	r3, r1
 3143 000a FB70     		strb	r3, [r7, #3]
1296:../../../firmware/n32h7xx_std_periph_driver/src/n32h7xx_lcdc.c ****     if (Cmd != DISABLE)
 3144              		.loc 1 1296 8
 3145 000c FB78     		ldrb	r3, [r7, #3]	@ zero_extendqisi2
 3146 000e 002B     		cmp	r3, #0
 3147 0010 06D0     		beq	.L121
1297:../../../firmware/n32h7xx_std_periph_driver/src/n32h7xx_lcdc.c ****     {
1298:../../../firmware/n32h7xx_std_periph_driver/src/n32h7xx_lcdc.c ****         /* YUV mode Y headroom enable */
1299:../../../firmware/n32h7xx_std_periph_driver/src/n32h7xx_lcdc.c ****         LCDC_Layerx->AFBCTRL |= (uint32_t)LCDC_AFBCTRL_YHEN;
 3148              		.loc 1 1299 20
 3149 0012 7B68     		ldr	r3, [r7, #4]
 3150 0014 1B6B     		ldr	r3, [r3, #48]
 3151              		.loc 1 1299 30
 3152 0016 43F40072 		orr	r2, r3, #512
 3153 001a 7B68     		ldr	r3, [r7, #4]
 3154 001c 1A63     		str	r2, [r3, #48]
1300:../../../firmware/n32h7xx_std_periph_driver/src/n32h7xx_lcdc.c ****     }
1301:../../../firmware/n32h7xx_std_periph_driver/src/n32h7xx_lcdc.c ****     else
1302:../../../firmware/n32h7xx_std_periph_driver/src/n32h7xx_lcdc.c ****     {
1303:../../../firmware/n32h7xx_std_periph_driver/src/n32h7xx_lcdc.c ****         /* YUV mode Y headroom disable */
1304:../../../firmware/n32h7xx_std_periph_driver/src/n32h7xx_lcdc.c ****         LCDC_Layerx->AFBCTRL &= (uint32_t)(~LCDC_AFBCTRL_YHEN);
1305:../../../firmware/n32h7xx_std_periph_driver/src/n32h7xx_lcdc.c ****     }
1306:../../../firmware/n32h7xx_std_periph_driver/src/n32h7xx_lcdc.c **** }
 3155              		.loc 1 1306 1
 3156 001e 05E0     		b	.L123
 3157              	.L121:
1304:../../../firmware/n32h7xx_std_periph_driver/src/n32h7xx_lcdc.c ****     }
 3158              		.loc 1 1304 20
 3159 0020 7B68     		ldr	r3, [r7, #4]
 3160 0022 1B6B     		ldr	r3, [r3, #48]
1304:../../../firmware/n32h7xx_std_periph_driver/src/n32h7xx_lcdc.c ****     }
 3161              		.loc 1 1304 30
 3162 0024 23F40072 		bic	r2, r3, #512
 3163 0028 7B68     		ldr	r3, [r7, #4]
 3164 002a 1A63     		str	r2, [r3, #48]
 3165              	.L123:
 3166              		.loc 1 1306 1
 3167 002c 00BF     		nop
 3168 002e 0C37     		adds	r7, r7, #12
 3169              	.LCFI191:
 3170              		.cfi_def_cfa_offset 4
 3171 0030 BD46     		mov	sp, r7
 3172              	.LCFI192:
 3173              		.cfi_def_cfa_register 13
 3174              		@ sp needed
 3175 0032 80BC     		pop	{r7}
 3176              	.LCFI193:
 3177              		.cfi_restore 7
 3178              		.cfi_def_cfa_offset 0
 3179 0034 7047     		bx	lr
 3180              		.cfi_endproc
 3181              	.LFE167:
 3183              		.section	.text.LCDC_LayerWindow,"ax",%progbits
ARM GAS  /tmp/ccxmuAb3.s 			page 79


 3184              		.align	1
 3185              		.global	LCDC_LayerWindow
 3186              		.syntax unified
 3187              		.thumb
 3188              		.thumb_func
 3190              	LCDC_LayerWindow:
 3191              	.LFB168:
1307:../../../firmware/n32h7xx_std_periph_driver/src/n32h7xx_lcdc.c **** 
1308:../../../firmware/n32h7xx_std_periph_driver/src/n32h7xx_lcdc.c **** /**
1309:../../../firmware/n32h7xx_std_periph_driver/src/n32h7xx_lcdc.c **** *\*\name    LCDC_LayerWindow
1310:../../../firmware/n32h7xx_std_periph_driver/src/n32h7xx_lcdc.c **** *\*\fun     Fills each LCDC_LayerWindowStruct member with its default value.
1311:../../../firmware/n32h7xx_std_periph_driver/src/n32h7xx_lcdc.c **** *\*\param   LCDC_LayerWindowStruct: refer to the definition of LCDC_LayerWindowType
1312:../../../firmware/n32h7xx_std_periph_driver/src/n32h7xx_lcdc.c **** *\*\          - Layer_Window_HorizontalStart
1313:../../../firmware/n32h7xx_std_periph_driver/src/n32h7xx_lcdc.c **** *\*\            * 0x0000 ~ 0xFFFF
1314:../../../firmware/n32h7xx_std_periph_driver/src/n32h7xx_lcdc.c **** *\*\          - Layer_Window_VerticalStart
1315:../../../firmware/n32h7xx_std_periph_driver/src/n32h7xx_lcdc.c **** *\*\            * 0x0000 ~ 0xFFFF
1316:../../../firmware/n32h7xx_std_periph_driver/src/n32h7xx_lcdc.c **** *\*\          - Layer_Window_Width
1317:../../../firmware/n32h7xx_std_periph_driver/src/n32h7xx_lcdc.c **** *\*\            * 0x0000 ~ 0xFFFF
1318:../../../firmware/n32h7xx_std_periph_driver/src/n32h7xx_lcdc.c **** *\*\          - Layer_Window_Height
1319:../../../firmware/n32h7xx_std_periph_driver/src/n32h7xx_lcdc.c **** *\*\            * 0x0000 ~ 0xFFFF
1320:../../../firmware/n32h7xx_std_periph_driver/src/n32h7xx_lcdc.c **** *\*\return  none
1321:../../../firmware/n32h7xx_std_periph_driver/src/n32h7xx_lcdc.c **** **/
1322:../../../firmware/n32h7xx_std_periph_driver/src/n32h7xx_lcdc.c **** void LCDC_LayerWindow(LCDC_Layer_Module* LCDC_Layerx,LCDC_LayerWindowType* LCDC_LayerWindowStruct)
1323:../../../firmware/n32h7xx_std_periph_driver/src/n32h7xx_lcdc.c **** {
 3192              		.loc 1 1323 1
 3193              		.cfi_startproc
 3194              		@ args = 0, pretend = 0, frame = 16
 3195              		@ frame_needed = 1, uses_anonymous_args = 0
 3196              		@ link register save eliminated.
 3197 0000 80B4     		push	{r7}
 3198              	.LCFI194:
 3199              		.cfi_def_cfa_offset 4
 3200              		.cfi_offset 7, -4
 3201 0002 85B0     		sub	sp, sp, #20
 3202              	.LCFI195:
 3203              		.cfi_def_cfa_offset 24
 3204 0004 00AF     		add	r7, sp, #0
 3205              	.LCFI196:
 3206              		.cfi_def_cfa_register 7
 3207 0006 7860     		str	r0, [r7, #4]
 3208 0008 3960     		str	r1, [r7]
1324:../../../firmware/n32h7xx_std_periph_driver/src/n32h7xx_lcdc.c ****     
1325:../../../firmware/n32h7xx_std_periph_driver/src/n32h7xx_lcdc.c ****     uint32_t tmpwhpctrl;
1326:../../../firmware/n32h7xx_std_periph_driver/src/n32h7xx_lcdc.c ****     uint32_t tmpwvpctrl;
1327:../../../firmware/n32h7xx_std_periph_driver/src/n32h7xx_lcdc.c **** 
1328:../../../firmware/n32h7xx_std_periph_driver/src/n32h7xx_lcdc.c ****     /* Configures the horizontal start and stop position */
1329:../../../firmware/n32h7xx_std_periph_driver/src/n32h7xx_lcdc.c ****     /* Get the LCDC_WHPCTRL register value */
1330:../../../firmware/n32h7xx_std_periph_driver/src/n32h7xx_lcdc.c ****     tmpwhpctrl = LCDC_Layer1->WHPCTRL;
 3209              		.loc 1 1330 29
 3210 000a 174B     		ldr	r3, .L125
 3211              		.loc 1 1330 16
 3212 000c 1B69     		ldr	r3, [r3, #16]
 3213 000e FB60     		str	r3, [r7, #12]
1331:../../../firmware/n32h7xx_std_periph_driver/src/n32h7xx_lcdc.c ****     /* Clear WHSTPOS/WHSPPOS bits */
1332:../../../firmware/n32h7xx_std_periph_driver/src/n32h7xx_lcdc.c ****     tmpwhpctrl &= ~(LCDC_WHPCTRL_WHSTPOS | LCDC_WHPCTRL_WHSPPOS);
 3214              		.loc 1 1332 16
 3215 0010 0023     		movs	r3, #0
ARM GAS  /tmp/ccxmuAb3.s 			page 80


 3216 0012 FB60     		str	r3, [r7, #12]
1333:../../../firmware/n32h7xx_std_periph_driver/src/n32h7xx_lcdc.c ****     /* Set WHSTPOS/WHSPPOS bits */
1334:../../../firmware/n32h7xx_std_periph_driver/src/n32h7xx_lcdc.c ****     tmpwhpctrl |= (uint32_t)(((LCDC_LayerWindowStruct->Layer_Window_HorizontalStart + LCDC_LayerWin
 3217              		.loc 1 1334 54
 3218 0014 3B68     		ldr	r3, [r7]
 3219 0016 1A68     		ldr	r2, [r3]
 3220              		.loc 1 1334 109
 3221 0018 3B68     		ldr	r3, [r7]
 3222 001a 9B68     		ldr	r3, [r3, #8]
 3223              		.loc 1 1334 85
 3224 001c 1344     		add	r3, r3, r2
 3225              		.loc 1 1334 130
 3226 001e 013B     		subs	r3, r3, #1
 3227              		.loc 1 1334 135
 3228 0020 1A04     		lsls	r2, r3, #16
 3229              		.loc 1 1334 167
 3230 0022 3B68     		ldr	r3, [r7]
 3231 0024 1B68     		ldr	r3, [r3]
 3232              		.loc 1 1334 19
 3233 0026 1343     		orrs	r3, r3, r2
 3234              		.loc 1 1334 16
 3235 0028 FA68     		ldr	r2, [r7, #12]
 3236 002a 1343     		orrs	r3, r3, r2
 3237 002c FB60     		str	r3, [r7, #12]
1335:../../../firmware/n32h7xx_std_periph_driver/src/n32h7xx_lcdc.c ****     /* Write to LCDC_WHPCTRL */
1336:../../../firmware/n32h7xx_std_periph_driver/src/n32h7xx_lcdc.c ****     LCDC_Layer1->WHPCTRL = (uint32_t)tmpwhpctrl;
 3238              		.loc 1 1336 16
 3239 002e 0E4A     		ldr	r2, .L125
 3240              		.loc 1 1336 26
 3241 0030 FB68     		ldr	r3, [r7, #12]
 3242 0032 1361     		str	r3, [r2, #16]
1337:../../../firmware/n32h7xx_std_periph_driver/src/n32h7xx_lcdc.c **** 
1338:../../../firmware/n32h7xx_std_periph_driver/src/n32h7xx_lcdc.c ****     /* Configures the vertical start and stop position */
1339:../../../firmware/n32h7xx_std_periph_driver/src/n32h7xx_lcdc.c ****     /* Get the LCDC_WVPCTRL register value */
1340:../../../firmware/n32h7xx_std_periph_driver/src/n32h7xx_lcdc.c ****     tmpwvpctrl = LCDC_Layer1->WVPCTRL;
 3243              		.loc 1 1340 29
 3244 0034 0C4B     		ldr	r3, .L125
 3245              		.loc 1 1340 16
 3246 0036 5B69     		ldr	r3, [r3, #20]
 3247 0038 BB60     		str	r3, [r7, #8]
1341:../../../firmware/n32h7xx_std_periph_driver/src/n32h7xx_lcdc.c ****     /* Clear WVSTPOS/WVSPPOS bits */
1342:../../../firmware/n32h7xx_std_periph_driver/src/n32h7xx_lcdc.c ****     tmpwvpctrl &= ~(LCDC_WVPCTRL_WVSTPOS | LCDC_WVPCTRL_WVSPPOS);
 3248              		.loc 1 1342 16
 3249 003a 0023     		movs	r3, #0
 3250 003c BB60     		str	r3, [r7, #8]
1343:../../../firmware/n32h7xx_std_periph_driver/src/n32h7xx_lcdc.c ****     /* Set WVSTPOS/WVSPPOS bits */
1344:../../../firmware/n32h7xx_std_periph_driver/src/n32h7xx_lcdc.c ****     tmpwvpctrl |= (uint32_t)(((LCDC_LayerWindowStruct->Layer_Window_VerticalStart + LCDC_LayerWindo
 3251              		.loc 1 1344 54
 3252 003e 3B68     		ldr	r3, [r7]
 3253 0040 5A68     		ldr	r2, [r3, #4]
 3254              		.loc 1 1344 107
 3255 0042 3B68     		ldr	r3, [r7]
 3256 0044 DB68     		ldr	r3, [r3, #12]
 3257              		.loc 1 1344 83
 3258 0046 1344     		add	r3, r3, r2
 3259              		.loc 1 1344 129
 3260 0048 013B     		subs	r3, r3, #1
ARM GAS  /tmp/ccxmuAb3.s 			page 81


 3261              		.loc 1 1344 134
 3262 004a 1A04     		lsls	r2, r3, #16
 3263              		.loc 1 1344 166
 3264 004c 3B68     		ldr	r3, [r7]
 3265 004e 5B68     		ldr	r3, [r3, #4]
 3266              		.loc 1 1344 19
 3267 0050 1343     		orrs	r3, r3, r2
 3268              		.loc 1 1344 16
 3269 0052 BA68     		ldr	r2, [r7, #8]
 3270 0054 1343     		orrs	r3, r3, r2
 3271 0056 BB60     		str	r3, [r7, #8]
1345:../../../firmware/n32h7xx_std_periph_driver/src/n32h7xx_lcdc.c ****     /* Write to LCDC_WVPCTRL */
1346:../../../firmware/n32h7xx_std_periph_driver/src/n32h7xx_lcdc.c ****     LCDC_Layer1->WVPCTRL = (uint32_t)tmpwvpctrl;
 3272              		.loc 1 1346 16
 3273 0058 034A     		ldr	r2, .L125
 3274              		.loc 1 1346 26
 3275 005a BB68     		ldr	r3, [r7, #8]
 3276 005c 5361     		str	r3, [r2, #20]
1347:../../../firmware/n32h7xx_std_periph_driver/src/n32h7xx_lcdc.c **** }
 3277              		.loc 1 1347 1
 3278 005e 00BF     		nop
 3279 0060 1437     		adds	r7, r7, #20
 3280              	.LCFI197:
 3281              		.cfi_def_cfa_offset 4
 3282 0062 BD46     		mov	sp, r7
 3283              	.LCFI198:
 3284              		.cfi_def_cfa_register 13
 3285              		@ sp needed
 3286 0064 80BC     		pop	{r7}
 3287              	.LCFI199:
 3288              		.cfi_restore 7
 3289              		.cfi_def_cfa_offset 0
 3290 0066 7047     		bx	lr
 3291              	.L126:
 3292              		.align	2
 3293              	.L125:
 3294 0068 00A10450 		.word	1342480640
 3295              		.cfi_endproc
 3296              	.LFE168:
 3298              		.section	.text.LCDC_LayerWindowStructInit,"ax",%progbits
 3299              		.align	1
 3300              		.global	LCDC_LayerWindowStructInit
 3301              		.syntax unified
 3302              		.thumb
 3303              		.thumb_func
 3305              	LCDC_LayerWindowStructInit:
 3306              	.LFB169:
1348:../../../firmware/n32h7xx_std_periph_driver/src/n32h7xx_lcdc.c **** 
1349:../../../firmware/n32h7xx_std_periph_driver/src/n32h7xx_lcdc.c **** /**
1350:../../../firmware/n32h7xx_std_periph_driver/src/n32h7xx_lcdc.c **** *\*\name    LCDC_LayerWindowStructInit
1351:../../../firmware/n32h7xx_std_periph_driver/src/n32h7xx_lcdc.c **** *\*\fun     Fills each LCDC_LayerWindowStruct member with its default value.
1352:../../../firmware/n32h7xx_std_periph_driver/src/n32h7xx_lcdc.c **** *\*\param   LCDC_LayerWindowStruct: refer to the definition of LCDC_LayerWindowType
1353:../../../firmware/n32h7xx_std_periph_driver/src/n32h7xx_lcdc.c **** *\*\          - Layer_Window_HorizontalStart
1354:../../../firmware/n32h7xx_std_periph_driver/src/n32h7xx_lcdc.c **** *\*\          - Layer_Window_VerticalStart
1355:../../../firmware/n32h7xx_std_periph_driver/src/n32h7xx_lcdc.c **** *\*\          - Layer_Window_Width
1356:../../../firmware/n32h7xx_std_periph_driver/src/n32h7xx_lcdc.c **** *\*\          - Layer_Window_Height
1357:../../../firmware/n32h7xx_std_periph_driver/src/n32h7xx_lcdc.c **** *\*\return  none
ARM GAS  /tmp/ccxmuAb3.s 			page 82


1358:../../../firmware/n32h7xx_std_periph_driver/src/n32h7xx_lcdc.c **** **/
1359:../../../firmware/n32h7xx_std_periph_driver/src/n32h7xx_lcdc.c **** void LCDC_LayerWindowStructInit(LCDC_LayerWindowType* LCDC_LayerWindowStruct)
1360:../../../firmware/n32h7xx_std_periph_driver/src/n32h7xx_lcdc.c **** {
 3307              		.loc 1 1360 1
 3308              		.cfi_startproc
 3309              		@ args = 0, pretend = 0, frame = 8
 3310              		@ frame_needed = 1, uses_anonymous_args = 0
 3311              		@ link register save eliminated.
 3312 0000 80B4     		push	{r7}
 3313              	.LCFI200:
 3314              		.cfi_def_cfa_offset 4
 3315              		.cfi_offset 7, -4
 3316 0002 83B0     		sub	sp, sp, #12
 3317              	.LCFI201:
 3318              		.cfi_def_cfa_offset 16
 3319 0004 00AF     		add	r7, sp, #0
 3320              	.LCFI202:
 3321              		.cfi_def_cfa_register 7
 3322 0006 7860     		str	r0, [r7, #4]
1361:../../../firmware/n32h7xx_std_periph_driver/src/n32h7xx_lcdc.c ****     /* Set the default configuration */
1362:../../../firmware/n32h7xx_std_periph_driver/src/n32h7xx_lcdc.c ****     LCDC_LayerWindowStruct->Layer_Window_HorizontalStart      = 0x00;
 3323              		.loc 1 1362 63
 3324 0008 7B68     		ldr	r3, [r7, #4]
 3325 000a 0022     		movs	r2, #0
 3326 000c 1A60     		str	r2, [r3]
1363:../../../firmware/n32h7xx_std_periph_driver/src/n32h7xx_lcdc.c ****     LCDC_LayerWindowStruct->Layer_Window_VerticalStart        = 0x00;
 3327              		.loc 1 1363 63
 3328 000e 7B68     		ldr	r3, [r7, #4]
 3329 0010 0022     		movs	r2, #0
 3330 0012 5A60     		str	r2, [r3, #4]
1364:../../../firmware/n32h7xx_std_periph_driver/src/n32h7xx_lcdc.c ****     LCDC_LayerWindowStruct->Layer_Window_Width                = 0x00;
 3331              		.loc 1 1364 63
 3332 0014 7B68     		ldr	r3, [r7, #4]
 3333 0016 0022     		movs	r2, #0
 3334 0018 9A60     		str	r2, [r3, #8]
1365:../../../firmware/n32h7xx_std_periph_driver/src/n32h7xx_lcdc.c ****     LCDC_LayerWindowStruct->Layer_Window_Height               = 0x00;
 3335              		.loc 1 1365 63
 3336 001a 7B68     		ldr	r3, [r7, #4]
 3337 001c 0022     		movs	r2, #0
 3338 001e DA60     		str	r2, [r3, #12]
1366:../../../firmware/n32h7xx_std_periph_driver/src/n32h7xx_lcdc.c **** }
 3339              		.loc 1 1366 1
 3340 0020 00BF     		nop
 3341 0022 0C37     		adds	r7, r7, #12
 3342              	.LCFI203:
 3343              		.cfi_def_cfa_offset 4
 3344 0024 BD46     		mov	sp, r7
 3345              	.LCFI204:
 3346              		.cfi_def_cfa_register 13
 3347              		@ sp needed
 3348 0026 80BC     		pop	{r7}
 3349              	.LCFI205:
 3350              		.cfi_restore 7
 3351              		.cfi_def_cfa_offset 0
 3352 0028 7047     		bx	lr
 3353              		.cfi_endproc
 3354              	.LFE169:
ARM GAS  /tmp/ccxmuAb3.s 			page 83


 3356              		.section	.text.LCDC_LayerScalerStructInit,"ax",%progbits
 3357              		.align	1
 3358              		.global	LCDC_LayerScalerStructInit
 3359              		.syntax unified
 3360              		.thumb
 3361              		.thumb_func
 3363              	LCDC_LayerScalerStructInit:
 3364              	.LFB170:
1367:../../../firmware/n32h7xx_std_periph_driver/src/n32h7xx_lcdc.c **** 
1368:../../../firmware/n32h7xx_std_periph_driver/src/n32h7xx_lcdc.c **** /**
1369:../../../firmware/n32h7xx_std_periph_driver/src/n32h7xx_lcdc.c **** *\*\name    LCDC_LayerScalerStructInit
1370:../../../firmware/n32h7xx_std_periph_driver/src/n32h7xx_lcdc.c **** *\*\fun     Fills each LCDC_LayerScalerStruct member with its default value.
1371:../../../firmware/n32h7xx_std_periph_driver/src/n32h7xx_lcdc.c **** *\*\param   LCDC_LayerScalerStruct: refer to the definition of LCDC_LayerScalerType
1372:../../../firmware/n32h7xx_std_periph_driver/src/n32h7xx_lcdc.c **** *\*\          - Layer_Pixel_Format
1373:../../../firmware/n32h7xx_std_periph_driver/src/n32h7xx_lcdc.c **** *\*\            * LCDC_Pixel_Format_ARGB8888
1374:../../../firmware/n32h7xx_std_periph_driver/src/n32h7xx_lcdc.c **** *\*\            * LCDC_Pixel_Format_ABGR8888
1375:../../../firmware/n32h7xx_std_periph_driver/src/n32h7xx_lcdc.c **** *\*\            * LCDC_Pixel_Format_RGBA8888
1376:../../../firmware/n32h7xx_std_periph_driver/src/n32h7xx_lcdc.c **** *\*\            * LCDC_Pixel_Format_BGRA8888
1377:../../../firmware/n32h7xx_std_periph_driver/src/n32h7xx_lcdc.c **** *\*\            * LCDC_Pixel_Format_RGB565
1378:../../../firmware/n32h7xx_std_periph_driver/src/n32h7xx_lcdc.c **** *\*\            * LCDC_Pixel_Format_BGR565
1379:../../../firmware/n32h7xx_std_periph_driver/src/n32h7xx_lcdc.c **** *\*\            * LCDC_Pixel_Format_RGB888
1380:../../../firmware/n32h7xx_std_periph_driver/src/n32h7xx_lcdc.c **** *\*\            * LCDC_Pixel_Format_YUV422I
1381:../../../firmware/n32h7xx_std_periph_driver/src/n32h7xx_lcdc.c **** *\*\            * LCDC_Pixel_Format_YUV420S
1382:../../../firmware/n32h7xx_std_periph_driver/src/n32h7xx_lcdc.c **** *\*\            * LCDC_Pixel_Format_YUV420P
1383:../../../firmware/n32h7xx_std_periph_driver/src/n32h7xx_lcdc.c **** *\*\            * LCDC_Pixel_Format_YUV444
1384:../../../firmware/n32h7xx_std_periph_driver/src/n32h7xx_lcdc.c **** *\*\            * LCDC_Pixel_Format_CUSTOM
1385:../../../firmware/n32h7xx_std_periph_driver/src/n32h7xx_lcdc.c **** *\*\          - Layer_Scaler_Enable
1386:../../../firmware/n32h7xx_std_periph_driver/src/n32h7xx_lcdc.c **** *\*\            * ENABLE
1387:../../../firmware/n32h7xx_std_periph_driver/src/n32h7xx_lcdc.c **** *\*\            * DISABLE
1388:../../../firmware/n32h7xx_std_periph_driver/src/n32h7xx_lcdc.c **** *\*\          - Layer_Scaler_InputWidth
1389:../../../firmware/n32h7xx_std_periph_driver/src/n32h7xx_lcdc.c **** *\*\            * 0x0000 ~ 0xFFFF
1390:../../../firmware/n32h7xx_std_periph_driver/src/n32h7xx_lcdc.c **** *\*\          - Layer_Scaler_InputHeight
1391:../../../firmware/n32h7xx_std_periph_driver/src/n32h7xx_lcdc.c **** *\*\            * 0x0000 ~ 0xFFFF
1392:../../../firmware/n32h7xx_std_periph_driver/src/n32h7xx_lcdc.c **** *\*\          - Layer_Scaler_OutputWidth
1393:../../../firmware/n32h7xx_std_periph_driver/src/n32h7xx_lcdc.c **** *\*\            * 0x0000 ~ 0xFFFF
1394:../../../firmware/n32h7xx_std_periph_driver/src/n32h7xx_lcdc.c **** *\*\          - Layer_Scaler_OutputHeight
1395:../../../firmware/n32h7xx_std_periph_driver/src/n32h7xx_lcdc.c **** *\*\            * 0x0000 ~ 0xFFFF
1396:../../../firmware/n32h7xx_std_periph_driver/src/n32h7xx_lcdc.c **** *\*\return  none
1397:../../../firmware/n32h7xx_std_periph_driver/src/n32h7xx_lcdc.c **** **/
1398:../../../firmware/n32h7xx_std_periph_driver/src/n32h7xx_lcdc.c **** void LCDC_LayerScalerStructInit(LCDC_LayerScalerType* LCDC_LayerScalerStruct)
1399:../../../firmware/n32h7xx_std_periph_driver/src/n32h7xx_lcdc.c **** {
 3365              		.loc 1 1399 1
 3366              		.cfi_startproc
 3367              		@ args = 0, pretend = 0, frame = 8
 3368              		@ frame_needed = 1, uses_anonymous_args = 0
 3369              		@ link register save eliminated.
 3370 0000 80B4     		push	{r7}
 3371              	.LCFI206:
 3372              		.cfi_def_cfa_offset 4
 3373              		.cfi_offset 7, -4
 3374 0002 83B0     		sub	sp, sp, #12
 3375              	.LCFI207:
 3376              		.cfi_def_cfa_offset 16
 3377 0004 00AF     		add	r7, sp, #0
 3378              	.LCFI208:
 3379              		.cfi_def_cfa_register 7
 3380 0006 7860     		str	r0, [r7, #4]
ARM GAS  /tmp/ccxmuAb3.s 			page 84


1400:../../../firmware/n32h7xx_std_periph_driver/src/n32h7xx_lcdc.c ****     /* Set the default configuration */
1401:../../../firmware/n32h7xx_std_periph_driver/src/n32h7xx_lcdc.c ****     LCDC_LayerScalerStruct->Layer_Pixel_Format           = LCDC_PIXEL_FORMAT_ARGB8888;
 3381              		.loc 1 1401 58
 3382 0008 7B68     		ldr	r3, [r7, #4]
 3383 000a 0022     		movs	r2, #0
 3384 000c 1A60     		str	r2, [r3]
1402:../../../firmware/n32h7xx_std_periph_driver/src/n32h7xx_lcdc.c ****     LCDC_LayerScalerStruct->Layer_Scaler_Enable          = DISABLE;
 3385              		.loc 1 1402 58
 3386 000e 7B68     		ldr	r3, [r7, #4]
 3387 0010 0022     		movs	r2, #0
 3388 0012 5A60     		str	r2, [r3, #4]
1403:../../../firmware/n32h7xx_std_periph_driver/src/n32h7xx_lcdc.c ****     LCDC_LayerScalerStruct->Layer_Scaler_InputWidth      = 0x00;
 3389              		.loc 1 1403 58
 3390 0014 7B68     		ldr	r3, [r7, #4]
 3391 0016 0022     		movs	r2, #0
 3392 0018 9A60     		str	r2, [r3, #8]
1404:../../../firmware/n32h7xx_std_periph_driver/src/n32h7xx_lcdc.c ****     LCDC_LayerScalerStruct->Layer_Scaler_InputHeight     = 0x00;
 3393              		.loc 1 1404 58
 3394 001a 7B68     		ldr	r3, [r7, #4]
 3395 001c 0022     		movs	r2, #0
 3396 001e DA60     		str	r2, [r3, #12]
1405:../../../firmware/n32h7xx_std_periph_driver/src/n32h7xx_lcdc.c ****     LCDC_LayerScalerStruct->Layer_Scaler_OutputWidth     = 0x00;
 3397              		.loc 1 1405 58
 3398 0020 7B68     		ldr	r3, [r7, #4]
 3399 0022 0022     		movs	r2, #0
 3400 0024 1A61     		str	r2, [r3, #16]
1406:../../../firmware/n32h7xx_std_periph_driver/src/n32h7xx_lcdc.c ****     LCDC_LayerScalerStruct->Layer_Scaler_OutputHeight    = 0x00;
 3401              		.loc 1 1406 58
 3402 0026 7B68     		ldr	r3, [r7, #4]
 3403 0028 0022     		movs	r2, #0
 3404 002a 5A61     		str	r2, [r3, #20]
1407:../../../firmware/n32h7xx_std_periph_driver/src/n32h7xx_lcdc.c **** }
 3405              		.loc 1 1407 1
 3406 002c 00BF     		nop
 3407 002e 0C37     		adds	r7, r7, #12
 3408              	.LCFI209:
 3409              		.cfi_def_cfa_offset 4
 3410 0030 BD46     		mov	sp, r7
 3411              	.LCFI210:
 3412              		.cfi_def_cfa_register 13
 3413              		@ sp needed
 3414 0032 80BC     		pop	{r7}
 3415              	.LCFI211:
 3416              		.cfi_restore 7
 3417              		.cfi_def_cfa_offset 0
 3418 0034 7047     		bx	lr
 3419              		.cfi_endproc
 3420              	.LFE170:
 3422              		.global	__aeabi_ui2f
 3423              		.global	__aeabi_fcmpgt
 3424              		.global	__aeabi_fdiv
 3425              		.global	__aeabi_f2uiz
 3426              		.global	__aeabi_fmul
 3427              		.section	.text.LCDC_LayerScaler,"ax",%progbits
 3428              		.align	1
 3429              		.global	LCDC_LayerScaler
 3430              		.syntax unified
ARM GAS  /tmp/ccxmuAb3.s 			page 85


 3431              		.thumb
 3432              		.thumb_func
 3434              	LCDC_LayerScaler:
 3435              	.LFB171:
1408:../../../firmware/n32h7xx_std_periph_driver/src/n32h7xx_lcdc.c **** 
1409:../../../firmware/n32h7xx_std_periph_driver/src/n32h7xx_lcdc.c **** /**
1410:../../../firmware/n32h7xx_std_periph_driver/src/n32h7xx_lcdc.c **** *\*\name    LCDC_LayerScaler
1411:../../../firmware/n32h7xx_std_periph_driver/src/n32h7xx_lcdc.c **** *\*\fun     Set scaler function of layer.
1412:../../../firmware/n32h7xx_std_periph_driver/src/n32h7xx_lcdc.c **** *\*\param   LCDC_Layerx: refer to the definition of LCDC_Layer_Module
1413:../../../firmware/n32h7xx_std_periph_driver/src/n32h7xx_lcdc.c **** *\*\          - LCDC_Layer1
1414:../../../firmware/n32h7xx_std_periph_driver/src/n32h7xx_lcdc.c **** *\*\          - LCDC_Layer2
1415:../../../firmware/n32h7xx_std_periph_driver/src/n32h7xx_lcdc.c **** *\*\          - LCDC_Layer3
1416:../../../firmware/n32h7xx_std_periph_driver/src/n32h7xx_lcdc.c **** *\*\          - LCDC_Layer4
1417:../../../firmware/n32h7xx_std_periph_driver/src/n32h7xx_lcdc.c **** *\*\param   LCDC_LayerScalerStruct: refer to the definition of LCDC_LayerScalerType
1418:../../../firmware/n32h7xx_std_periph_driver/src/n32h7xx_lcdc.c **** *\*\          - Layer_Pixel_Format
1419:../../../firmware/n32h7xx_std_periph_driver/src/n32h7xx_lcdc.c **** *\*\            * LCDC_PIXEL_FORMAT_ARGB8888
1420:../../../firmware/n32h7xx_std_periph_driver/src/n32h7xx_lcdc.c **** *\*\            * LCDC_PIXEL_FORMAT_ABGR8888
1421:../../../firmware/n32h7xx_std_periph_driver/src/n32h7xx_lcdc.c **** *\*\            * LCDC_PIXEL_FORMAT_RGBA8888
1422:../../../firmware/n32h7xx_std_periph_driver/src/n32h7xx_lcdc.c **** *\*\            * LCDC_PIXEL_FORMAT_BGRA8888
1423:../../../firmware/n32h7xx_std_periph_driver/src/n32h7xx_lcdc.c **** *\*\            * LCDC_PIXEL_FORMAT_RGB565
1424:../../../firmware/n32h7xx_std_periph_driver/src/n32h7xx_lcdc.c **** *\*\            * LCDC_PIXEL_FORMAT_BGR565
1425:../../../firmware/n32h7xx_std_periph_driver/src/n32h7xx_lcdc.c **** *\*\            * LCDC_PIXEL_FORMAT_RGB888
1426:../../../firmware/n32h7xx_std_periph_driver/src/n32h7xx_lcdc.c **** *\*\            * LCDC_PIXEL_FORMAT_YUV422I
1427:../../../firmware/n32h7xx_std_periph_driver/src/n32h7xx_lcdc.c **** *\*\            * LCDC_PIXEL_FORMAT_YUV420S
1428:../../../firmware/n32h7xx_std_periph_driver/src/n32h7xx_lcdc.c **** *\*\            * LCDC_PIXEL_FORMAT_YUV420P
1429:../../../firmware/n32h7xx_std_periph_driver/src/n32h7xx_lcdc.c **** *\*\            * LCDC_PIXEL_FORMAT_YUV444
1430:../../../firmware/n32h7xx_std_periph_driver/src/n32h7xx_lcdc.c **** *\*\            * LCDC_PIXEL_FORMAT_L8
1431:../../../firmware/n32h7xx_std_periph_driver/src/n32h7xx_lcdc.c **** *\*\            * LCDC_PIXEL_FORMAT_AL44
1432:../../../firmware/n32h7xx_std_periph_driver/src/n32h7xx_lcdc.c **** *\*\            * LCDC_PIXEL_FORMAT_AL88
1433:../../../firmware/n32h7xx_std_periph_driver/src/n32h7xx_lcdc.c **** *\*\            * LCDC_PIXEL_FORMAT_CUSTOM
1434:../../../firmware/n32h7xx_std_periph_driver/src/n32h7xx_lcdc.c **** *\*\          - Layer_Scaler_Enable
1435:../../../firmware/n32h7xx_std_periph_driver/src/n32h7xx_lcdc.c **** *\*\            * ENABLE
1436:../../../firmware/n32h7xx_std_periph_driver/src/n32h7xx_lcdc.c **** *\*\            * DISABLE
1437:../../../firmware/n32h7xx_std_periph_driver/src/n32h7xx_lcdc.c **** *\*\          - Layer_Scaler_InputWidth
1438:../../../firmware/n32h7xx_std_periph_driver/src/n32h7xx_lcdc.c **** *\*\            * 0x0000 ~ 0xFFFF
1439:../../../firmware/n32h7xx_std_periph_driver/src/n32h7xx_lcdc.c **** *\*\          - Layer_Scaler_InputHeight
1440:../../../firmware/n32h7xx_std_periph_driver/src/n32h7xx_lcdc.c **** *\*\            * 0x0000 ~ 0xFFFF
1441:../../../firmware/n32h7xx_std_periph_driver/src/n32h7xx_lcdc.c **** *\*\          - Layer_Scaler_OutputWidth
1442:../../../firmware/n32h7xx_std_periph_driver/src/n32h7xx_lcdc.c **** *\*\            * 0x0000 ~ 0xFFFF
1443:../../../firmware/n32h7xx_std_periph_driver/src/n32h7xx_lcdc.c **** *\*\          - Layer_Scaler_OutputHeight
1444:../../../firmware/n32h7xx_std_periph_driver/src/n32h7xx_lcdc.c **** *\*\            * 0x0000 ~ 0xFFFF
1445:../../../firmware/n32h7xx_std_periph_driver/src/n32h7xx_lcdc.c **** *\*\return  none
1446:../../../firmware/n32h7xx_std_periph_driver/src/n32h7xx_lcdc.c **** **/
1447:../../../firmware/n32h7xx_std_periph_driver/src/n32h7xx_lcdc.c **** void LCDC_LayerScaler(LCDC_Layer_Module* LCDC_Layerx ,LCDC_LayerScalerType* LCDC_LayerScalerStruct)
1448:../../../firmware/n32h7xx_std_periph_driver/src/n32h7xx_lcdc.c **** {
 3436              		.loc 1 1448 1
 3437              		.cfi_startproc
 3438              		@ args = 0, pretend = 0, frame = 32
 3439              		@ frame_needed = 1, uses_anonymous_args = 0
 3440 0000 90B5     		push	{r4, r7, lr}
 3441              	.LCFI212:
 3442              		.cfi_def_cfa_offset 12
 3443              		.cfi_offset 4, -12
 3444              		.cfi_offset 7, -8
 3445              		.cfi_offset 14, -4
 3446 0002 89B0     		sub	sp, sp, #36
 3447              	.LCFI213:
ARM GAS  /tmp/ccxmuAb3.s 			page 86


 3448              		.cfi_def_cfa_offset 48
 3449 0004 00AF     		add	r7, sp, #0
 3450              	.LCFI214:
 3451              		.cfi_def_cfa_register 7
 3452 0006 7860     		str	r0, [r7, #4]
 3453 0008 3960     		str	r1, [r7]
1449:../../../firmware/n32h7xx_std_periph_driver/src/n32h7xx_lcdc.c ****     uint16_t tmpvsf;
1450:../../../firmware/n32h7xx_std_periph_driver/src/n32h7xx_lcdc.c ****     uint16_t tmpvsp;
1451:../../../firmware/n32h7xx_std_periph_driver/src/n32h7xx_lcdc.c ****     uint16_t tmphsf;
1452:../../../firmware/n32h7xx_std_periph_driver/src/n32h7xx_lcdc.c ****     uint16_t tmphsp;
1453:../../../firmware/n32h7xx_std_periph_driver/src/n32h7xx_lcdc.c ****     uint32_t tmpcfblen;
1454:../../../firmware/n32h7xx_std_periph_driver/src/n32h7xx_lcdc.c ****     uint32_t pixelbyte;
1455:../../../firmware/n32h7xx_std_periph_driver/src/n32h7xx_lcdc.c ****     float ratio;
1456:../../../firmware/n32h7xx_std_periph_driver/src/n32h7xx_lcdc.c ****     
1457:../../../firmware/n32h7xx_std_periph_driver/src/n32h7xx_lcdc.c ****     ratio = (LCDC_LayerScalerStruct->Layer_Scaler_InputHeight)/(LCDC_LayerScalerStruct->Layer_Scale
 3454              		.loc 1 1457 36
 3455 000a 3B68     		ldr	r3, [r7]
 3456 000c DA68     		ldr	r2, [r3, #12]
 3457              		.loc 1 1457 87
 3458 000e 3B68     		ldr	r3, [r7]
 3459 0010 5B69     		ldr	r3, [r3, #20]
 3460              		.loc 1 1457 63
 3461 0012 B2FBF3F3 		udiv	r3, r2, r3
 3462              		.loc 1 1457 11
 3463 0016 1846     		mov	r0, r3
 3464 0018 FFF7FEFF 		bl	__aeabi_ui2f
 3465 001c 0346     		mov	r3, r0
 3466 001e BB61     		str	r3, [r7, #24]	@ float
1458:../../../firmware/n32h7xx_std_periph_driver/src/n32h7xx_lcdc.c ****     
1459:../../../firmware/n32h7xx_std_periph_driver/src/n32h7xx_lcdc.c ****     if(ratio > 1.0f)
 3467              		.loc 1 1459 7
 3468 0020 4FF07E51 		mov	r1, #1065353216
 3469 0024 B869     		ldr	r0, [r7, #24]	@ float
 3470 0026 FFF7FEFF 		bl	__aeabi_fcmpgt
 3471 002a 0346     		mov	r3, r0
 3472 002c 002B     		cmp	r3, #0
 3473 002e 00F0D780 		beq	.L137
1460:../../../firmware/n32h7xx_std_periph_driver/src/n32h7xx_lcdc.c ****     {
1461:../../../firmware/n32h7xx_std_periph_driver/src/n32h7xx_lcdc.c ****         if((LCDC_LayerScalerStruct->Layer_Pixel_Format == LCDC_PIXEL_FORMAT_ARGB8888) |
 3474              		.loc 1 1461 35
 3475 0032 3B68     		ldr	r3, [r7]
 3476 0034 1B68     		ldr	r3, [r3]
 3477              		.loc 1 1461 87
 3478 0036 002B     		cmp	r3, #0
 3479 0038 0CBF     		ite	eq
 3480 003a 0123     		moveq	r3, #1
 3481 003c 0023     		movne	r3, #0
 3482 003e DAB2     		uxtb	r2, r3
1462:../../../firmware/n32h7xx_std_periph_driver/src/n32h7xx_lcdc.c ****            (LCDC_LayerScalerStruct->Layer_Pixel_Format == LCDC_PIXEL_FORMAT_ABGR8888) |
 3483              		.loc 1 1462 35
 3484 0040 3B68     		ldr	r3, [r7]
 3485 0042 1B68     		ldr	r3, [r3]
1461:../../../firmware/n32h7xx_std_periph_driver/src/n32h7xx_lcdc.c ****            (LCDC_LayerScalerStruct->Layer_Pixel_Format == LCDC_PIXEL_FORMAT_ABGR8888) |
 3486              		.loc 1 1461 87
 3487 0044 012B     		cmp	r3, #1
 3488 0046 0CBF     		ite	eq
 3489 0048 0123     		moveq	r3, #1
ARM GAS  /tmp/ccxmuAb3.s 			page 87


 3490 004a 0023     		movne	r3, #0
 3491 004c DBB2     		uxtb	r3, r3
 3492 004e 1343     		orrs	r3, r3, r2
 3493 0050 DBB2     		uxtb	r3, r3
 3494 0052 1A46     		mov	r2, r3
1463:../../../firmware/n32h7xx_std_periph_driver/src/n32h7xx_lcdc.c ****            (LCDC_LayerScalerStruct->Layer_Pixel_Format == LCDC_PIXEL_FORMAT_RGBA8888) |
 3495              		.loc 1 1463 35
 3496 0054 3B68     		ldr	r3, [r7]
 3497 0056 1B68     		ldr	r3, [r3]
 3498              		.loc 1 1463 56
 3499 0058 022B     		cmp	r3, #2
 3500 005a 0CBF     		ite	eq
 3501 005c 0123     		moveq	r3, #1
 3502 005e 0023     		movne	r3, #0
 3503 0060 DBB2     		uxtb	r3, r3
1462:../../../firmware/n32h7xx_std_periph_driver/src/n32h7xx_lcdc.c ****            (LCDC_LayerScalerStruct->Layer_Pixel_Format == LCDC_PIXEL_FORMAT_ABGR8888) |
 3504              		.loc 1 1462 87
 3505 0062 1343     		orrs	r3, r3, r2
1464:../../../firmware/n32h7xx_std_periph_driver/src/n32h7xx_lcdc.c ****            (LCDC_LayerScalerStruct->Layer_Pixel_Format == LCDC_PIXEL_FORMAT_BGRA8888))
 3506              		.loc 1 1464 35
 3507 0064 3A68     		ldr	r2, [r7]
 3508 0066 1268     		ldr	r2, [r2]
 3509              		.loc 1 1464 56
 3510 0068 032A     		cmp	r2, #3
 3511 006a 0CBF     		ite	eq
 3512 006c 0122     		moveq	r2, #1
 3513 006e 0022     		movne	r2, #0
 3514 0070 D2B2     		uxtb	r2, r2
1463:../../../firmware/n32h7xx_std_periph_driver/src/n32h7xx_lcdc.c ****            (LCDC_LayerScalerStruct->Layer_Pixel_Format == LCDC_PIXEL_FORMAT_RGBA8888) |
 3515              		.loc 1 1463 87
 3516 0072 1343     		orrs	r3, r3, r2
1461:../../../firmware/n32h7xx_std_periph_driver/src/n32h7xx_lcdc.c ****            (LCDC_LayerScalerStruct->Layer_Pixel_Format == LCDC_PIXEL_FORMAT_ABGR8888) |
 3517              		.loc 1 1461 11
 3518 0074 002B     		cmp	r3, #0
 3519 0076 02D0     		beq	.L132
1465:../../../firmware/n32h7xx_std_periph_driver/src/n32h7xx_lcdc.c ****         {
1466:../../../firmware/n32h7xx_std_periph_driver/src/n32h7xx_lcdc.c ****             pixelbyte = 4;
 3520              		.loc 1 1466 23
 3521 0078 0423     		movs	r3, #4
 3522 007a FB61     		str	r3, [r7, #28]
 3523 007c 1AE0     		b	.L133
 3524              	.L132:
1467:../../../firmware/n32h7xx_std_periph_driver/src/n32h7xx_lcdc.c ****         }
1468:../../../firmware/n32h7xx_std_periph_driver/src/n32h7xx_lcdc.c ****         else if(LCDC_LayerScalerStruct->Layer_Pixel_Format == LCDC_PIXEL_FORMAT_RGB888)
 3525              		.loc 1 1468 39
 3526 007e 3B68     		ldr	r3, [r7]
 3527 0080 1B68     		ldr	r3, [r3]
 3528              		.loc 1 1468 16
 3529 0082 062B     		cmp	r3, #6
 3530 0084 02D1     		bne	.L134
1469:../../../firmware/n32h7xx_std_periph_driver/src/n32h7xx_lcdc.c ****         {
1470:../../../firmware/n32h7xx_std_periph_driver/src/n32h7xx_lcdc.c ****             pixelbyte = 3;
 3531              		.loc 1 1470 23
 3532 0086 0323     		movs	r3, #3
 3533 0088 FB61     		str	r3, [r7, #28]
 3534 008a 13E0     		b	.L133
 3535              	.L134:
ARM GAS  /tmp/ccxmuAb3.s 			page 88


1471:../../../firmware/n32h7xx_std_periph_driver/src/n32h7xx_lcdc.c ****         }
1472:../../../firmware/n32h7xx_std_periph_driver/src/n32h7xx_lcdc.c ****         else if((LCDC_LayerScalerStruct->Layer_Pixel_Format == LCDC_PIXEL_FORMAT_RGB565) |
 3536              		.loc 1 1472 40
 3537 008c 3B68     		ldr	r3, [r7]
 3538 008e 1B68     		ldr	r3, [r3]
 3539              		.loc 1 1472 90
 3540 0090 042B     		cmp	r3, #4
 3541 0092 0CBF     		ite	eq
 3542 0094 0123     		moveq	r3, #1
 3543 0096 0023     		movne	r3, #0
 3544 0098 DAB2     		uxtb	r2, r3
1473:../../../firmware/n32h7xx_std_periph_driver/src/n32h7xx_lcdc.c ****                 (LCDC_LayerScalerStruct->Layer_Pixel_Format == LCDC_PIXEL_FORMAT_BGR565))
 3545              		.loc 1 1473 40
 3546 009a 3B68     		ldr	r3, [r7]
 3547 009c 1B68     		ldr	r3, [r3]
1472:../../../firmware/n32h7xx_std_periph_driver/src/n32h7xx_lcdc.c ****                 (LCDC_LayerScalerStruct->Layer_Pixel_Format == LCDC_PIXEL_FORMAT_BGR565))
 3548              		.loc 1 1472 90
 3549 009e 052B     		cmp	r3, #5
 3550 00a0 0CBF     		ite	eq
 3551 00a2 0123     		moveq	r3, #1
 3552 00a4 0023     		movne	r3, #0
 3553 00a6 DBB2     		uxtb	r3, r3
 3554 00a8 1343     		orrs	r3, r3, r2
 3555 00aa DBB2     		uxtb	r3, r3
1472:../../../firmware/n32h7xx_std_periph_driver/src/n32h7xx_lcdc.c ****                 (LCDC_LayerScalerStruct->Layer_Pixel_Format == LCDC_PIXEL_FORMAT_BGR565))
 3556              		.loc 1 1472 16
 3557 00ac 002B     		cmp	r3, #0
 3558 00ae 01D0     		beq	.L133
1474:../../../firmware/n32h7xx_std_periph_driver/src/n32h7xx_lcdc.c ****         {
1475:../../../firmware/n32h7xx_std_periph_driver/src/n32h7xx_lcdc.c ****             pixelbyte = 2;
 3559              		.loc 1 1475 23
 3560 00b0 0223     		movs	r3, #2
 3561 00b2 FB61     		str	r3, [r7, #28]
 3562              	.L133:
1476:../../../firmware/n32h7xx_std_periph_driver/src/n32h7xx_lcdc.c ****         }
1477:../../../firmware/n32h7xx_std_periph_driver/src/n32h7xx_lcdc.c ****         else
1478:../../../firmware/n32h7xx_std_periph_driver/src/n32h7xx_lcdc.c ****         {
1479:../../../firmware/n32h7xx_std_periph_driver/src/n32h7xx_lcdc.c ****             /* No process */
1480:../../../firmware/n32h7xx_std_periph_driver/src/n32h7xx_lcdc.c ****         }
1481:../../../firmware/n32h7xx_std_periph_driver/src/n32h7xx_lcdc.c ****         LCDC_Layerx->CFBLNUM = (uint32_t) ((LCDC_LayerScalerStruct->Layer_Scaler_InputHeight)/ratio
 3563              		.loc 1 1481 67
 3564 00b4 3B68     		ldr	r3, [r7]
 3565 00b6 DB68     		ldr	r3, [r3, #12]
 3566              		.loc 1 1481 94
 3567 00b8 1846     		mov	r0, r3
 3568 00ba FFF7FEFF 		bl	__aeabi_ui2f
 3569 00be 0346     		mov	r3, r0
 3570 00c0 B969     		ldr	r1, [r7, #24]	@ float
 3571 00c2 1846     		mov	r0, r3
 3572 00c4 FFF7FEFF 		bl	__aeabi_fdiv
 3573 00c8 0346     		mov	r3, r0
 3574              		.loc 1 1481 32
 3575 00ca 1846     		mov	r0, r3
 3576 00cc FFF7FEFF 		bl	__aeabi_f2uiz
 3577 00d0 0246     		mov	r2, r0
 3578              		.loc 1 1481 30
 3579 00d2 7B68     		ldr	r3, [r7, #4]
ARM GAS  /tmp/ccxmuAb3.s 			page 89


 3580 00d4 DA63     		str	r2, [r3, #60]
1482:../../../firmware/n32h7xx_std_periph_driver/src/n32h7xx_lcdc.c ****         
1483:../../../firmware/n32h7xx_std_periph_driver/src/n32h7xx_lcdc.c ****         tmpcfblen = LCDC_Layerx->CFBLEN;
 3581              		.loc 1 1483 19
 3582 00d6 7B68     		ldr	r3, [r7, #4]
 3583 00d8 9B6B     		ldr	r3, [r3, #56]
 3584 00da 3B61     		str	r3, [r7, #16]
1484:../../../firmware/n32h7xx_std_periph_driver/src/n32h7xx_lcdc.c ****         tmpcfblen &= ~LCDC_CFBLEN_CFBP;
 3585              		.loc 1 1484 19
 3586 00dc 3B69     		ldr	r3, [r7, #16]
 3587 00de 9BB2     		uxth	r3, r3
 3588 00e0 3B61     		str	r3, [r7, #16]
1485:../../../firmware/n32h7xx_std_periph_driver/src/n32h7xx_lcdc.c ****         tmpcfblen |= ((uint32_t) ((LCDC_LayerScalerStruct->Layer_Scaler_InputWidth)*pixelbyte*ratio
 3589              		.loc 1 1485 58
 3590 00e2 3B68     		ldr	r3, [r7]
 3591 00e4 9B68     		ldr	r3, [r3, #8]
 3592              		.loc 1 1485 84
 3593 00e6 FA69     		ldr	r2, [r7, #28]
 3594 00e8 02FB03F3 		mul	r3, r2, r3
 3595              		.loc 1 1485 94
 3596 00ec 1846     		mov	r0, r3
 3597 00ee FFF7FEFF 		bl	__aeabi_ui2f
 3598 00f2 0346     		mov	r3, r0
 3599 00f4 B969     		ldr	r1, [r7, #24]	@ float
 3600 00f6 1846     		mov	r0, r3
 3601 00f8 FFF7FEFF 		bl	__aeabi_fmul
 3602 00fc 0346     		mov	r3, r0
 3603              		.loc 1 1485 23
 3604 00fe 1846     		mov	r0, r3
 3605 0100 FFF7FEFF 		bl	__aeabi_f2uiz
 3606 0104 0346     		mov	r3, r0
 3607              		.loc 1 1485 103
 3608 0106 1B04     		lsls	r3, r3, #16
 3609              		.loc 1 1485 19
 3610 0108 3A69     		ldr	r2, [r7, #16]
 3611 010a 1343     		orrs	r3, r3, r2
 3612 010c 3B61     		str	r3, [r7, #16]
1486:../../../firmware/n32h7xx_std_periph_driver/src/n32h7xx_lcdc.c ****         LCDC_Layerx->CFBLEN = tmpcfblen;
 3613              		.loc 1 1486 29
 3614 010e 7B68     		ldr	r3, [r7, #4]
 3615 0110 3A69     		ldr	r2, [r7, #16]
 3616 0112 9A63     		str	r2, [r3, #56]
1487:../../../firmware/n32h7xx_std_periph_driver/src/n32h7xx_lcdc.c ****         
1488:../../../firmware/n32h7xx_std_periph_driver/src/n32h7xx_lcdc.c ****         /* Specifies the scaler input size */
1489:../../../firmware/n32h7xx_std_periph_driver/src/n32h7xx_lcdc.c ****         /* Clear scaler input size */
1490:../../../firmware/n32h7xx_std_periph_driver/src/n32h7xx_lcdc.c ****         LCDC_Layerx->SINS &= ~(LCDC_SINS_SINW | LCDC_SINS_SINH);
 3617              		.loc 1 1490 20
 3618 0114 7B68     		ldr	r3, [r7, #4]
 3619 0116 5B6D     		ldr	r3, [r3, #84]
 3620              		.loc 1 1490 27
 3621 0118 03F0F022 		and	r2, r3, #-268374016
 3622 011c 7B68     		ldr	r3, [r7, #4]
 3623 011e 5A65     		str	r2, [r3, #84]
1491:../../../firmware/n32h7xx_std_periph_driver/src/n32h7xx_lcdc.c ****         /* Set scaler input size */
1492:../../../firmware/n32h7xx_std_periph_driver/src/n32h7xx_lcdc.c ****         LCDC_Layerx->SINS = (uint32_t)(LCDC_LayerScalerStruct->Layer_Scaler_InputWidth | (((uint32_
 3624              		.loc 1 1492 62
 3625 0120 3B68     		ldr	r3, [r7]
ARM GAS  /tmp/ccxmuAb3.s 			page 90


 3626 0122 9C68     		ldr	r4, [r3, #8]
 3627              		.loc 1 1492 126
 3628 0124 3B68     		ldr	r3, [r7]
 3629 0126 DB68     		ldr	r3, [r3, #12]
 3630              		.loc 1 1492 153
 3631 0128 1846     		mov	r0, r3
 3632 012a FFF7FEFF 		bl	__aeabi_ui2f
 3633 012e 0346     		mov	r3, r0
 3634 0130 B969     		ldr	r1, [r7, #24]	@ float
 3635 0132 1846     		mov	r0, r3
 3636 0134 FFF7FEFF 		bl	__aeabi_fdiv
 3637 0138 0346     		mov	r3, r0
 3638              		.loc 1 1492 92
 3639 013a 1846     		mov	r0, r3
 3640 013c FFF7FEFF 		bl	__aeabi_f2uiz
 3641 0140 0346     		mov	r3, r0
 3642              		.loc 1 1492 162
 3643 0142 1B04     		lsls	r3, r3, #16
 3644              		.loc 1 1492 29
 3645 0144 44EA0302 		orr	r2, r4, r3
 3646              		.loc 1 1492 27
 3647 0148 7B68     		ldr	r3, [r7, #4]
 3648 014a 5A65     		str	r2, [r3, #84]
1493:../../../firmware/n32h7xx_std_periph_driver/src/n32h7xx_lcdc.c ****         /* Clear scaler output size */
1494:../../../firmware/n32h7xx_std_periph_driver/src/n32h7xx_lcdc.c ****         LCDC_Layerx->SOUTS &= ~(LCDC_SOUTS_SOUTW | LCDC_SOUTS_SOUTH);
 3649              		.loc 1 1494 20
 3650 014c 7B68     		ldr	r3, [r7, #4]
 3651 014e 9B6D     		ldr	r3, [r3, #88]
 3652              		.loc 1 1494 28
 3653 0150 03F0F022 		and	r2, r3, #-268374016
 3654 0154 7B68     		ldr	r3, [r7, #4]
 3655 0156 9A65     		str	r2, [r3, #88]
1495:../../../firmware/n32h7xx_std_periph_driver/src/n32h7xx_lcdc.c ****         /* Set scaler output size */
1496:../../../firmware/n32h7xx_std_periph_driver/src/n32h7xx_lcdc.c ****         LCDC_Layerx->SOUTS = (uint32_t)(LCDC_LayerScalerStruct->Layer_Scaler_OutputWidth | (LCDC_La
 3656              		.loc 1 1496 63
 3657 0158 3B68     		ldr	r3, [r7]
 3658 015a 1A69     		ldr	r2, [r3, #16]
 3659              		.loc 1 1496 115
 3660 015c 3B68     		ldr	r3, [r7]
 3661 015e 5B69     		ldr	r3, [r3, #20]
 3662              		.loc 1 1496 143
 3663 0160 1B04     		lsls	r3, r3, #16
 3664              		.loc 1 1496 90
 3665 0162 1A43     		orrs	r2, r2, r3
 3666              		.loc 1 1496 28
 3667 0164 7B68     		ldr	r3, [r7, #4]
 3668 0166 9A65     		str	r2, [r3, #88]
1497:../../../firmware/n32h7xx_std_periph_driver/src/n32h7xx_lcdc.c ****         
1498:../../../firmware/n32h7xx_std_periph_driver/src/n32h7xx_lcdc.c ****         tmpvsf = LCDC_Layerx->VSF;
 3669              		.loc 1 1498 29
 3670 0168 7B68     		ldr	r3, [r7, #4]
 3671 016a DB6D     		ldr	r3, [r3, #92]
 3672              		.loc 1 1498 16
 3673 016c FB82     		strh	r3, [r7, #22]	@ movhi
1499:../../../firmware/n32h7xx_std_periph_driver/src/n32h7xx_lcdc.c ****         tmpvsf &= ~ LCDC_VSF_VSF;
 3674              		.loc 1 1499 16
 3675 016e 0023     		movs	r3, #0
ARM GAS  /tmp/ccxmuAb3.s 			page 91


 3676 0170 FB82     		strh	r3, [r7, #22]	@ movhi
1500:../../../firmware/n32h7xx_std_periph_driver/src/n32h7xx_lcdc.c ****         tmpvsf |= (uint16_t)(((((uint32_t)((LCDC_LayerScalerStruct->Layer_Scaler_InputHeight)/ratio
 3677              		.loc 1 1500 67
 3678 0172 3B68     		ldr	r3, [r7]
 3679 0174 DB68     		ldr	r3, [r3, #12]
 3680              		.loc 1 1500 94
 3681 0176 1846     		mov	r0, r3
 3682 0178 FFF7FEFF 		bl	__aeabi_ui2f
 3683 017c 0346     		mov	r3, r0
 3684 017e B969     		ldr	r1, [r7, #24]	@ float
 3685 0180 1846     		mov	r0, r3
 3686 0182 FFF7FEFF 		bl	__aeabi_fdiv
 3687 0186 0346     		mov	r3, r0
 3688              		.loc 1 1500 33
 3689 0188 1846     		mov	r0, r3
 3690 018a FFF7FEFF 		bl	__aeabi_f2uiz
 3691 018e 0346     		mov	r3, r0
 3692              		.loc 1 1500 102
 3693 0190 013B     		subs	r3, r3, #1
 3694              		.loc 1 1500 105
 3695 0192 1C03     		lsls	r4, r3, #12
 3696              		.loc 1 1500 147
 3697 0194 3B68     		ldr	r3, [r7]
 3698 0196 DB68     		ldr	r3, [r3, #12]
 3699              		.loc 1 1500 174
 3700 0198 1846     		mov	r0, r3
 3701 019a FFF7FEFF 		bl	__aeabi_ui2f
 3702 019e 0346     		mov	r3, r0
 3703 01a0 B969     		ldr	r1, [r7, #24]	@ float
 3704 01a2 1846     		mov	r0, r3
 3705 01a4 FFF7FEFF 		bl	__aeabi_fdiv
 3706 01a8 0346     		mov	r3, r0
 3707              		.loc 1 1500 113
 3708 01aa 1846     		mov	r0, r3
 3709 01ac FFF7FEFF 		bl	__aeabi_f2uiz
 3710 01b0 0346     		mov	r3, r0
 3711              		.loc 1 1500 182
 3712 01b2 013B     		subs	r3, r3, #1
 3713              		.loc 1 1500 110
 3714 01b4 B4FBF3F3 		udiv	r3, r4, r3
 3715              		.loc 1 1500 19
 3716 01b8 9AB2     		uxth	r2, r3
 3717              		.loc 1 1500 16
 3718 01ba FB8A     		ldrh	r3, [r7, #22]	@ movhi
 3719 01bc 1343     		orrs	r3, r3, r2
 3720 01be FB82     		strh	r3, [r7, #22]	@ movhi
1501:../../../firmware/n32h7xx_std_periph_driver/src/n32h7xx_lcdc.c ****         LCDC_Layerx->VSF = tmpvsf;
 3721              		.loc 1 1501 26
 3722 01c0 FA8A     		ldrh	r2, [r7, #22]
 3723 01c2 7B68     		ldr	r3, [r7, #4]
 3724 01c4 DA65     		str	r2, [r3, #92]
1502:../../../firmware/n32h7xx_std_periph_driver/src/n32h7xx_lcdc.c ****         
1503:../../../firmware/n32h7xx_std_periph_driver/src/n32h7xx_lcdc.c ****         tmpvsp = LCDC_Layerx->VSP;
 3725              		.loc 1 1503 29
 3726 01c6 7B68     		ldr	r3, [r7, #4]
 3727 01c8 1B6E     		ldr	r3, [r3, #96]
 3728              		.loc 1 1503 16
ARM GAS  /tmp/ccxmuAb3.s 			page 92


 3729 01ca BB82     		strh	r3, [r7, #20]	@ movhi
1504:../../../firmware/n32h7xx_std_periph_driver/src/n32h7xx_lcdc.c ****         tmpvsp &= ~ LCDC_VSP_VSP;
 3730              		.loc 1 1504 16
 3731 01cc 0023     		movs	r3, #0
 3732 01ce BB82     		strh	r3, [r7, #20]	@ movhi
1505:../../../firmware/n32h7xx_std_periph_driver/src/n32h7xx_lcdc.c ****         tmpvsp |= tmpvsf;
 3733              		.loc 1 1505 16
 3734 01d0 BA8A     		ldrh	r2, [r7, #20]	@ movhi
 3735 01d2 FB8A     		ldrh	r3, [r7, #22]	@ movhi
 3736 01d4 1343     		orrs	r3, r3, r2
 3737 01d6 BB82     		strh	r3, [r7, #20]	@ movhi
1506:../../../firmware/n32h7xx_std_periph_driver/src/n32h7xx_lcdc.c ****         LCDC_Layerx->VSP = tmpvsp;
 3738              		.loc 1 1506 26
 3739 01d8 BA8A     		ldrh	r2, [r7, #20]
 3740 01da 7B68     		ldr	r3, [r7, #4]
 3741 01dc 1A66     		str	r2, [r3, #96]
 3742 01de 3CE0     		b	.L135
 3743              	.L137:
1507:../../../firmware/n32h7xx_std_periph_driver/src/n32h7xx_lcdc.c ****     }
1508:../../../firmware/n32h7xx_std_periph_driver/src/n32h7xx_lcdc.c ****     else
1509:../../../firmware/n32h7xx_std_periph_driver/src/n32h7xx_lcdc.c ****     {
1510:../../../firmware/n32h7xx_std_periph_driver/src/n32h7xx_lcdc.c ****     
1511:../../../firmware/n32h7xx_std_periph_driver/src/n32h7xx_lcdc.c ****         /* Specifies the scaler input size */
1512:../../../firmware/n32h7xx_std_periph_driver/src/n32h7xx_lcdc.c ****         /* Clear scaler input size */
1513:../../../firmware/n32h7xx_std_periph_driver/src/n32h7xx_lcdc.c ****         LCDC_Layerx->SINS &= ~(LCDC_SINS_SINW | LCDC_SINS_SINH);
 3744              		.loc 1 1513 20
 3745 01e0 7B68     		ldr	r3, [r7, #4]
 3746 01e2 5B6D     		ldr	r3, [r3, #84]
 3747              		.loc 1 1513 27
 3748 01e4 03F0F022 		and	r2, r3, #-268374016
 3749 01e8 7B68     		ldr	r3, [r7, #4]
 3750 01ea 5A65     		str	r2, [r3, #84]
1514:../../../firmware/n32h7xx_std_periph_driver/src/n32h7xx_lcdc.c ****         /* Set scaler input size */
1515:../../../firmware/n32h7xx_std_periph_driver/src/n32h7xx_lcdc.c ****         LCDC_Layerx->SINS = (uint32_t)(LCDC_LayerScalerStruct->Layer_Scaler_InputWidth | (LCDC_Laye
 3751              		.loc 1 1515 62
 3752 01ec 3B68     		ldr	r3, [r7]
 3753 01ee 9A68     		ldr	r2, [r3, #8]
 3754              		.loc 1 1515 113
 3755 01f0 3B68     		ldr	r3, [r7]
 3756 01f2 DB68     		ldr	r3, [r3, #12]
 3757              		.loc 1 1515 140
 3758 01f4 1B04     		lsls	r3, r3, #16
 3759              		.loc 1 1515 88
 3760 01f6 1A43     		orrs	r2, r2, r3
 3761              		.loc 1 1515 27
 3762 01f8 7B68     		ldr	r3, [r7, #4]
 3763 01fa 5A65     		str	r2, [r3, #84]
1516:../../../firmware/n32h7xx_std_periph_driver/src/n32h7xx_lcdc.c ****         /* Clear scaler output size */
1517:../../../firmware/n32h7xx_std_periph_driver/src/n32h7xx_lcdc.c ****         LCDC_Layerx->SOUTS &= ~(LCDC_SOUTS_SOUTW | LCDC_SOUTS_SOUTH);
 3764              		.loc 1 1517 20
 3765 01fc 7B68     		ldr	r3, [r7, #4]
 3766 01fe 9B6D     		ldr	r3, [r3, #88]
 3767              		.loc 1 1517 28
 3768 0200 03F0F022 		and	r2, r3, #-268374016
 3769 0204 7B68     		ldr	r3, [r7, #4]
 3770 0206 9A65     		str	r2, [r3, #88]
1518:../../../firmware/n32h7xx_std_periph_driver/src/n32h7xx_lcdc.c ****         /* Set scaler output size */
ARM GAS  /tmp/ccxmuAb3.s 			page 93


1519:../../../firmware/n32h7xx_std_periph_driver/src/n32h7xx_lcdc.c ****         LCDC_Layerx->SOUTS = (uint32_t)(LCDC_LayerScalerStruct->Layer_Scaler_OutputWidth | (LCDC_La
 3771              		.loc 1 1519 63
 3772 0208 3B68     		ldr	r3, [r7]
 3773 020a 1A69     		ldr	r2, [r3, #16]
 3774              		.loc 1 1519 115
 3775 020c 3B68     		ldr	r3, [r7]
 3776 020e 5B69     		ldr	r3, [r3, #20]
 3777              		.loc 1 1519 143
 3778 0210 1B04     		lsls	r3, r3, #16
 3779              		.loc 1 1519 90
 3780 0212 1A43     		orrs	r2, r2, r3
 3781              		.loc 1 1519 28
 3782 0214 7B68     		ldr	r3, [r7, #4]
 3783 0216 9A65     		str	r2, [r3, #88]
1520:../../../firmware/n32h7xx_std_periph_driver/src/n32h7xx_lcdc.c ****         tmpvsf = LCDC_Layerx->VSF;
 3784              		.loc 1 1520 29
 3785 0218 7B68     		ldr	r3, [r7, #4]
 3786 021a DB6D     		ldr	r3, [r3, #92]
 3787              		.loc 1 1520 16
 3788 021c FB82     		strh	r3, [r7, #22]	@ movhi
1521:../../../firmware/n32h7xx_std_periph_driver/src/n32h7xx_lcdc.c ****         tmpvsf &= ~ LCDC_VSF_VSF;
 3789              		.loc 1 1521 16
 3790 021e 0023     		movs	r3, #0
 3791 0220 FB82     		strh	r3, [r7, #22]	@ movhi
1522:../../../firmware/n32h7xx_std_periph_driver/src/n32h7xx_lcdc.c ****         tmpvsf |= (uint16_t)(((LCDC_LayerScalerStruct->Layer_Scaler_InputHeight-1)<<12)/(LCDC_Layer
 3792              		.loc 1 1522 54
 3793 0222 3B68     		ldr	r3, [r7]
 3794 0224 DB68     		ldr	r3, [r3, #12]
 3795              		.loc 1 1522 80
 3796 0226 013B     		subs	r3, r3, #1
 3797              		.loc 1 1522 83
 3798 0228 1A03     		lsls	r2, r3, #12
 3799              		.loc 1 1522 112
 3800 022a 3B68     		ldr	r3, [r7]
 3801 022c 5B69     		ldr	r3, [r3, #20]
 3802              		.loc 1 1522 139
 3803 022e 013B     		subs	r3, r3, #1
 3804              		.loc 1 1522 88
 3805 0230 B2FBF3F3 		udiv	r3, r2, r3
 3806              		.loc 1 1522 19
 3807 0234 9AB2     		uxth	r2, r3
 3808              		.loc 1 1522 16
 3809 0236 FB8A     		ldrh	r3, [r7, #22]	@ movhi
 3810 0238 1343     		orrs	r3, r3, r2
 3811 023a FB82     		strh	r3, [r7, #22]	@ movhi
1523:../../../firmware/n32h7xx_std_periph_driver/src/n32h7xx_lcdc.c ****         LCDC_Layerx->VSF = tmpvsf;
 3812              		.loc 1 1523 26
 3813 023c FA8A     		ldrh	r2, [r7, #22]
 3814 023e 7B68     		ldr	r3, [r7, #4]
 3815 0240 DA65     		str	r2, [r3, #92]
1524:../../../firmware/n32h7xx_std_periph_driver/src/n32h7xx_lcdc.c ****         
1525:../../../firmware/n32h7xx_std_periph_driver/src/n32h7xx_lcdc.c ****         tmpvsp = LCDC_Layerx->VSP;
 3816              		.loc 1 1525 29
 3817 0242 7B68     		ldr	r3, [r7, #4]
 3818 0244 1B6E     		ldr	r3, [r3, #96]
 3819              		.loc 1 1525 16
 3820 0246 BB82     		strh	r3, [r7, #20]	@ movhi
ARM GAS  /tmp/ccxmuAb3.s 			page 94


1526:../../../firmware/n32h7xx_std_periph_driver/src/n32h7xx_lcdc.c ****         tmpvsp &= ~ LCDC_VSP_VSP;
 3821              		.loc 1 1526 16
 3822 0248 0023     		movs	r3, #0
 3823 024a BB82     		strh	r3, [r7, #20]	@ movhi
1527:../../../firmware/n32h7xx_std_periph_driver/src/n32h7xx_lcdc.c ****         tmpvsp |= tmpvsf;
 3824              		.loc 1 1527 16
 3825 024c BA8A     		ldrh	r2, [r7, #20]	@ movhi
 3826 024e FB8A     		ldrh	r3, [r7, #22]	@ movhi
 3827 0250 1343     		orrs	r3, r3, r2
 3828 0252 BB82     		strh	r3, [r7, #20]	@ movhi
1528:../../../firmware/n32h7xx_std_periph_driver/src/n32h7xx_lcdc.c ****         LCDC_Layerx->VSP = tmpvsp;
 3829              		.loc 1 1528 26
 3830 0254 BA8A     		ldrh	r2, [r7, #20]
 3831 0256 7B68     		ldr	r3, [r7, #4]
 3832 0258 1A66     		str	r2, [r3, #96]
 3833              	.L135:
1529:../../../firmware/n32h7xx_std_periph_driver/src/n32h7xx_lcdc.c ****             
1530:../../../firmware/n32h7xx_std_periph_driver/src/n32h7xx_lcdc.c ****     }
1531:../../../firmware/n32h7xx_std_periph_driver/src/n32h7xx_lcdc.c **** 
1532:../../../firmware/n32h7xx_std_periph_driver/src/n32h7xx_lcdc.c ****     tmphsf = LCDC_Layerx->HSF;
 3834              		.loc 1 1532 25
 3835 025a 7B68     		ldr	r3, [r7, #4]
 3836 025c 5B6E     		ldr	r3, [r3, #100]
 3837              		.loc 1 1532 12
 3838 025e FB81     		strh	r3, [r7, #14]	@ movhi
1533:../../../firmware/n32h7xx_std_periph_driver/src/n32h7xx_lcdc.c ****     tmphsf &= ~ LCDC_HSF_HSF;
 3839              		.loc 1 1533 12
 3840 0260 0023     		movs	r3, #0
 3841 0262 FB81     		strh	r3, [r7, #14]	@ movhi
1534:../../../firmware/n32h7xx_std_periph_driver/src/n32h7xx_lcdc.c ****     tmphsf |= (uint16_t)(((LCDC_LayerScalerStruct->Layer_Scaler_InputWidth-1)<<12)/(LCDC_LayerScale
 3842              		.loc 1 1534 50
 3843 0264 3B68     		ldr	r3, [r7]
 3844 0266 9B68     		ldr	r3, [r3, #8]
 3845              		.loc 1 1534 75
 3846 0268 013B     		subs	r3, r3, #1
 3847              		.loc 1 1534 78
 3848 026a 1A03     		lsls	r2, r3, #12
 3849              		.loc 1 1534 107
 3850 026c 3B68     		ldr	r3, [r7]
 3851 026e 1B69     		ldr	r3, [r3, #16]
 3852              		.loc 1 1534 133
 3853 0270 013B     		subs	r3, r3, #1
 3854              		.loc 1 1534 83
 3855 0272 B2FBF3F3 		udiv	r3, r2, r3
 3856              		.loc 1 1534 15
 3857 0276 9AB2     		uxth	r2, r3
 3858              		.loc 1 1534 12
 3859 0278 FB89     		ldrh	r3, [r7, #14]	@ movhi
 3860 027a 1343     		orrs	r3, r3, r2
 3861 027c FB81     		strh	r3, [r7, #14]	@ movhi
1535:../../../firmware/n32h7xx_std_periph_driver/src/n32h7xx_lcdc.c ****     LCDC_Layerx->HSF = tmphsf;
 3862              		.loc 1 1535 22
 3863 027e FA89     		ldrh	r2, [r7, #14]
 3864 0280 7B68     		ldr	r3, [r7, #4]
 3865 0282 5A66     		str	r2, [r3, #100]
1536:../../../firmware/n32h7xx_std_periph_driver/src/n32h7xx_lcdc.c ****     
1537:../../../firmware/n32h7xx_std_periph_driver/src/n32h7xx_lcdc.c ****     tmphsp = LCDC_Layerx->HSP;
ARM GAS  /tmp/ccxmuAb3.s 			page 95


 3866              		.loc 1 1537 25
 3867 0284 7B68     		ldr	r3, [r7, #4]
 3868 0286 9B6E     		ldr	r3, [r3, #104]
 3869              		.loc 1 1537 12
 3870 0288 BB81     		strh	r3, [r7, #12]	@ movhi
1538:../../../firmware/n32h7xx_std_periph_driver/src/n32h7xx_lcdc.c ****     tmphsp &= ~ LCDC_HSP_HSP;
 3871              		.loc 1 1538 12
 3872 028a 0023     		movs	r3, #0
 3873 028c BB81     		strh	r3, [r7, #12]	@ movhi
1539:../../../firmware/n32h7xx_std_periph_driver/src/n32h7xx_lcdc.c ****     tmphsp |= tmphsf + (1<<12);
 3874              		.loc 1 1539 22
 3875 028e FB89     		ldrh	r3, [r7, #14]	@ movhi
 3876 0290 03F58053 		add	r3, r3, #4096
 3877 0294 9BB2     		uxth	r3, r3
 3878 0296 1AB2     		sxth	r2, r3
 3879              		.loc 1 1539 12
 3880 0298 B7F90C30 		ldrsh	r3, [r7, #12]
 3881 029c 1343     		orrs	r3, r3, r2
 3882 029e 1BB2     		sxth	r3, r3
 3883 02a0 BB81     		strh	r3, [r7, #12]	@ movhi
1540:../../../firmware/n32h7xx_std_periph_driver/src/n32h7xx_lcdc.c ****     LCDC_Layerx->HSP = tmphsp;
 3884              		.loc 1 1540 22
 3885 02a2 BA89     		ldrh	r2, [r7, #12]
 3886 02a4 7B68     		ldr	r3, [r7, #4]
 3887 02a6 9A66     		str	r2, [r3, #104]
1541:../../../firmware/n32h7xx_std_periph_driver/src/n32h7xx_lcdc.c **** }
 3888              		.loc 1 1541 1
 3889 02a8 00BF     		nop
 3890 02aa 2437     		adds	r7, r7, #36
 3891              	.LCFI215:
 3892              		.cfi_def_cfa_offset 12
 3893 02ac BD46     		mov	sp, r7
 3894              	.LCFI216:
 3895              		.cfi_def_cfa_register 13
 3896              		@ sp needed
 3897 02ae 90BD     		pop	{r4, r7, pc}
 3898              		.cfi_endproc
 3899              	.LFE171:
 3901              		.section	.text.LCDC_LayerScalerEnable,"ax",%progbits
 3902              		.align	1
 3903              		.global	LCDC_LayerScalerEnable
 3904              		.syntax unified
 3905              		.thumb
 3906              		.thumb_func
 3908              	LCDC_LayerScalerEnable:
 3909              	.LFB172:
1542:../../../firmware/n32h7xx_std_periph_driver/src/n32h7xx_lcdc.c **** 
1543:../../../firmware/n32h7xx_std_periph_driver/src/n32h7xx_lcdc.c **** /**
1544:../../../firmware/n32h7xx_std_periph_driver/src/n32h7xx_lcdc.c **** *\*\name    LCDC_LayerScalerEnable
1545:../../../firmware/n32h7xx_std_periph_driver/src/n32h7xx_lcdc.c **** *\*\fun     Enable or disable the LCDC scaler.
1546:../../../firmware/n32h7xx_std_periph_driver/src/n32h7xx_lcdc.c **** *\*\param   LCDC_Layerx: refer to the definition of LCDC_Layer_Module
1547:../../../firmware/n32h7xx_std_periph_driver/src/n32h7xx_lcdc.c **** *\*\          - LCDC_Layer1
1548:../../../firmware/n32h7xx_std_periph_driver/src/n32h7xx_lcdc.c **** *\*\          - LCDC_Layer2
1549:../../../firmware/n32h7xx_std_periph_driver/src/n32h7xx_lcdc.c **** *\*\          - LCDC_Layer3
1550:../../../firmware/n32h7xx_std_periph_driver/src/n32h7xx_lcdc.c **** *\*\          - LCDC_Layer4
1551:../../../firmware/n32h7xx_std_periph_driver/src/n32h7xx_lcdc.c **** *\*\param   Cmd
1552:../../../firmware/n32h7xx_std_periph_driver/src/n32h7xx_lcdc.c **** *\*\          - ENABLE
ARM GAS  /tmp/ccxmuAb3.s 			page 96


1553:../../../firmware/n32h7xx_std_periph_driver/src/n32h7xx_lcdc.c **** *\*\          - DISABLE
1554:../../../firmware/n32h7xx_std_periph_driver/src/n32h7xx_lcdc.c **** *\*\return  none.
1555:../../../firmware/n32h7xx_std_periph_driver/src/n32h7xx_lcdc.c **** **/
1556:../../../firmware/n32h7xx_std_periph_driver/src/n32h7xx_lcdc.c **** void LCDC_LayerScalerEnable(LCDC_Layer_Module* LCDC_Layerx ,FunctionalState Cmd)
1557:../../../firmware/n32h7xx_std_periph_driver/src/n32h7xx_lcdc.c **** {
 3910              		.loc 1 1557 1
 3911              		.cfi_startproc
 3912              		@ args = 0, pretend = 0, frame = 8
 3913              		@ frame_needed = 1, uses_anonymous_args = 0
 3914              		@ link register save eliminated.
 3915 0000 80B4     		push	{r7}
 3916              	.LCFI217:
 3917              		.cfi_def_cfa_offset 4
 3918              		.cfi_offset 7, -4
 3919 0002 83B0     		sub	sp, sp, #12
 3920              	.LCFI218:
 3921              		.cfi_def_cfa_offset 16
 3922 0004 00AF     		add	r7, sp, #0
 3923              	.LCFI219:
 3924              		.cfi_def_cfa_register 7
 3925 0006 7860     		str	r0, [r7, #4]
 3926 0008 0B46     		mov	r3, r1
 3927 000a FB70     		strb	r3, [r7, #3]
1558:../../../firmware/n32h7xx_std_periph_driver/src/n32h7xx_lcdc.c ****     if (Cmd != DISABLE)
 3928              		.loc 1 1558 8
 3929 000c FB78     		ldrb	r3, [r7, #3]	@ zero_extendqisi2
 3930 000e 002B     		cmp	r3, #0
 3931 0010 06D0     		beq	.L139
1559:../../../firmware/n32h7xx_std_periph_driver/src/n32h7xx_lcdc.c ****     {
1560:../../../firmware/n32h7xx_std_periph_driver/src/n32h7xx_lcdc.c ****         /* Enable the LCDC scaler */
1561:../../../firmware/n32h7xx_std_periph_driver/src/n32h7xx_lcdc.c ****         LCDC_Layerx->LCTRL |= (uint32_t)LCDC_LCTRL_SEN;
 3932              		.loc 1 1561 20
 3933 0012 7B68     		ldr	r3, [r7, #4]
 3934 0014 DB68     		ldr	r3, [r3, #12]
 3935              		.loc 1 1561 28
 3936 0016 43F48062 		orr	r2, r3, #1024
 3937 001a 7B68     		ldr	r3, [r7, #4]
 3938 001c DA60     		str	r2, [r3, #12]
1562:../../../firmware/n32h7xx_std_periph_driver/src/n32h7xx_lcdc.c ****     }
1563:../../../firmware/n32h7xx_std_periph_driver/src/n32h7xx_lcdc.c ****     else
1564:../../../firmware/n32h7xx_std_periph_driver/src/n32h7xx_lcdc.c ****     {
1565:../../../firmware/n32h7xx_std_periph_driver/src/n32h7xx_lcdc.c ****         /* Disable the LCDC scaler */
1566:../../../firmware/n32h7xx_std_periph_driver/src/n32h7xx_lcdc.c ****         LCDC_Layerx->LCTRL &= (uint32_t)(~LCDC_LCTRL_SEN);
1567:../../../firmware/n32h7xx_std_periph_driver/src/n32h7xx_lcdc.c ****     }
1568:../../../firmware/n32h7xx_std_periph_driver/src/n32h7xx_lcdc.c **** }
 3939              		.loc 1 1568 1
 3940 001e 05E0     		b	.L141
 3941              	.L139:
1566:../../../firmware/n32h7xx_std_periph_driver/src/n32h7xx_lcdc.c ****     }
 3942              		.loc 1 1566 20
 3943 0020 7B68     		ldr	r3, [r7, #4]
 3944 0022 DB68     		ldr	r3, [r3, #12]
1566:../../../firmware/n32h7xx_std_periph_driver/src/n32h7xx_lcdc.c ****     }
 3945              		.loc 1 1566 28
 3946 0024 23F48062 		bic	r2, r3, #1024
 3947 0028 7B68     		ldr	r3, [r7, #4]
 3948 002a DA60     		str	r2, [r3, #12]
ARM GAS  /tmp/ccxmuAb3.s 			page 97


 3949              	.L141:
 3950              		.loc 1 1568 1
 3951 002c 00BF     		nop
 3952 002e 0C37     		adds	r7, r7, #12
 3953              	.LCFI220:
 3954              		.cfi_def_cfa_offset 4
 3955 0030 BD46     		mov	sp, r7
 3956              	.LCFI221:
 3957              		.cfi_def_cfa_register 13
 3958              		@ sp needed
 3959 0032 80BC     		pop	{r7}
 3960              	.LCFI222:
 3961              		.cfi_restore 7
 3962              		.cfi_def_cfa_offset 0
 3963 0034 7047     		bx	lr
 3964              		.cfi_endproc
 3965              	.LFE172:
 3967              		.section	.text.LCDC_LayerRotate180Enable,"ax",%progbits
 3968              		.align	1
 3969              		.global	LCDC_LayerRotate180Enable
 3970              		.syntax unified
 3971              		.thumb
 3972              		.thumb_func
 3974              	LCDC_LayerRotate180Enable:
 3975              	.LFB173:
1569:../../../firmware/n32h7xx_std_periph_driver/src/n32h7xx_lcdc.c **** 
1570:../../../firmware/n32h7xx_std_periph_driver/src/n32h7xx_lcdc.c **** /**
1571:../../../firmware/n32h7xx_std_periph_driver/src/n32h7xx_lcdc.c **** *\*\name    LCDC_LayerRotate180Enable
1572:../../../firmware/n32h7xx_std_periph_driver/src/n32h7xx_lcdc.c **** *\*\fun     Enable or disable vertical layer rotate(180°).
1573:../../../firmware/n32h7xx_std_periph_driver/src/n32h7xx_lcdc.c **** *\*\param   LCDC_Layerx: refer to the definition of LCDC_Layer_Module
1574:../../../firmware/n32h7xx_std_periph_driver/src/n32h7xx_lcdc.c **** *\*\          - LCDC_Layer1
1575:../../../firmware/n32h7xx_std_periph_driver/src/n32h7xx_lcdc.c **** *\*\          - LCDC_Layer2
1576:../../../firmware/n32h7xx_std_periph_driver/src/n32h7xx_lcdc.c **** *\*\          - LCDC_Layer3
1577:../../../firmware/n32h7xx_std_periph_driver/src/n32h7xx_lcdc.c **** *\*\          - LCDC_Layer4
1578:../../../firmware/n32h7xx_std_periph_driver/src/n32h7xx_lcdc.c **** *\*\param   Cmd
1579:../../../firmware/n32h7xx_std_periph_driver/src/n32h7xx_lcdc.c **** *\*\          - ENABLE
1580:../../../firmware/n32h7xx_std_periph_driver/src/n32h7xx_lcdc.c **** *\*\          - DISABLE
1581:../../../firmware/n32h7xx_std_periph_driver/src/n32h7xx_lcdc.c **** *\*\return  none.
1582:../../../firmware/n32h7xx_std_periph_driver/src/n32h7xx_lcdc.c **** **/
1583:../../../firmware/n32h7xx_std_periph_driver/src/n32h7xx_lcdc.c **** void LCDC_LayerRotate180Enable(LCDC_Layer_Module* LCDC_Layerx ,FunctionalState Cmd)
1584:../../../firmware/n32h7xx_std_periph_driver/src/n32h7xx_lcdc.c **** {
 3976              		.loc 1 1584 1
 3977              		.cfi_startproc
 3978              		@ args = 0, pretend = 0, frame = 40
 3979              		@ frame_needed = 1, uses_anonymous_args = 0
 3980              		@ link register save eliminated.
 3981 0000 80B4     		push	{r7}
 3982              	.LCFI223:
 3983              		.cfi_def_cfa_offset 4
 3984              		.cfi_offset 7, -4
 3985 0002 8BB0     		sub	sp, sp, #44
 3986              	.LCFI224:
 3987              		.cfi_def_cfa_offset 48
 3988 0004 00AF     		add	r7, sp, #0
 3989              	.LCFI225:
 3990              		.cfi_def_cfa_register 7
 3991 0006 7860     		str	r0, [r7, #4]
ARM GAS  /tmp/ccxmuAb3.s 			page 98


 3992 0008 0B46     		mov	r3, r1
 3993 000a FB70     		strb	r3, [r7, #3]
1585:../../../firmware/n32h7xx_std_periph_driver/src/n32h7xx_lcdc.c ****     uint32_t tmpcfbaddr;
1586:../../../firmware/n32h7xx_std_periph_driver/src/n32h7xx_lcdc.c ****     uint32_t tmpcfblen;
1587:../../../firmware/n32h7xx_std_periph_driver/src/n32h7xx_lcdc.c ****     uint32_t tmpwhpctrl;
1588:../../../firmware/n32h7xx_std_periph_driver/src/n32h7xx_lcdc.c ****     uint32_t tmpwvpctrl;
1589:../../../firmware/n32h7xx_std_periph_driver/src/n32h7xx_lcdc.c ****     uint32_t tmppfctrl;
1590:../../../firmware/n32h7xx_std_periph_driver/src/n32h7xx_lcdc.c ****     uint16_t WindowWidth;
1591:../../../firmware/n32h7xx_std_periph_driver/src/n32h7xx_lcdc.c ****     uint16_t WindowHeight;
1592:../../../firmware/n32h7xx_std_periph_driver/src/n32h7xx_lcdc.c ****     uint16_t pixelbyte;
1593:../../../firmware/n32h7xx_std_periph_driver/src/n32h7xx_lcdc.c ****     
1594:../../../firmware/n32h7xx_std_periph_driver/src/n32h7xx_lcdc.c ****     tmpwhpctrl = LCDC_Layerx->WHPCTRL;
 3994              		.loc 1 1594 16
 3995 000c 7B68     		ldr	r3, [r7, #4]
 3996 000e 1B69     		ldr	r3, [r3, #16]
 3997 0010 3B62     		str	r3, [r7, #32]
1595:../../../firmware/n32h7xx_std_periph_driver/src/n32h7xx_lcdc.c ****     tmpwvpctrl = LCDC_Layerx->WVPCTRL;
 3998              		.loc 1 1595 16
 3999 0012 7B68     		ldr	r3, [r7, #4]
 4000 0014 5B69     		ldr	r3, [r3, #20]
 4001 0016 FB61     		str	r3, [r7, #28]
1596:../../../firmware/n32h7xx_std_periph_driver/src/n32h7xx_lcdc.c ****     tmpcfbaddr = LCDC_Layerx->CFBADDR;
 4002              		.loc 1 1596 16
 4003 0018 7B68     		ldr	r3, [r7, #4]
 4004 001a 5B6B     		ldr	r3, [r3, #52]
 4005 001c BB61     		str	r3, [r7, #24]
1597:../../../firmware/n32h7xx_std_periph_driver/src/n32h7xx_lcdc.c ****     tmpcfblen = LCDC_Layerx->CFBLEN;
 4006              		.loc 1 1597 15
 4007 001e 7B68     		ldr	r3, [r7, #4]
 4008 0020 9B6B     		ldr	r3, [r3, #56]
 4009 0022 7B61     		str	r3, [r7, #20]
1598:../../../firmware/n32h7xx_std_periph_driver/src/n32h7xx_lcdc.c ****     tmppfctrl = LCDC_Layerx->PFCTRL;
 4010              		.loc 1 1598 15
 4011 0024 7B68     		ldr	r3, [r7, #4]
 4012 0026 DB69     		ldr	r3, [r3, #28]
 4013 0028 3B61     		str	r3, [r7, #16]
1599:../../../firmware/n32h7xx_std_periph_driver/src/n32h7xx_lcdc.c ****     
1600:../../../firmware/n32h7xx_std_periph_driver/src/n32h7xx_lcdc.c ****     WindowWidth = (tmpwhpctrl >> 16U) - (tmpwhpctrl & 0x0000FFFFU) +1;
 4014              		.loc 1 1600 31
 4015 002a 3B6A     		ldr	r3, [r7, #32]
 4016 002c 1B0C     		lsrs	r3, r3, #16
 4017              		.loc 1 1600 39
 4018 002e 9AB2     		uxth	r2, r3
 4019 0030 3B6A     		ldr	r3, [r7, #32]
 4020 0032 9BB2     		uxth	r3, r3
 4021 0034 D31A     		subs	r3, r2, r3
 4022 0036 9BB2     		uxth	r3, r3
 4023              		.loc 1 1600 17
 4024 0038 0133     		adds	r3, r3, #1
 4025 003a FB81     		strh	r3, [r7, #14]	@ movhi
1601:../../../firmware/n32h7xx_std_periph_driver/src/n32h7xx_lcdc.c ****     WindowHeight = (tmpwvpctrl >> 16U) - (tmpwvpctrl & 0x0000FFFFU) +1;
 4026              		.loc 1 1601 32
 4027 003c FB69     		ldr	r3, [r7, #28]
 4028 003e 1B0C     		lsrs	r3, r3, #16
 4029              		.loc 1 1601 40
 4030 0040 9AB2     		uxth	r2, r3
 4031 0042 FB69     		ldr	r3, [r7, #28]
ARM GAS  /tmp/ccxmuAb3.s 			page 99


 4032 0044 9BB2     		uxth	r3, r3
 4033 0046 D31A     		subs	r3, r2, r3
 4034 0048 9BB2     		uxth	r3, r3
 4035              		.loc 1 1601 18
 4036 004a 0133     		adds	r3, r3, #1
 4037 004c BB81     		strh	r3, [r7, #12]	@ movhi
1602:../../../firmware/n32h7xx_std_periph_driver/src/n32h7xx_lcdc.c ****     
1603:../../../firmware/n32h7xx_std_periph_driver/src/n32h7xx_lcdc.c ****     if((tmppfctrl == LCDC_PIXEL_FORMAT_ARGB8888) |
 4038              		.loc 1 1603 50
 4039 004e 3B69     		ldr	r3, [r7, #16]
 4040 0050 002B     		cmp	r3, #0
 4041 0052 0CBF     		ite	eq
 4042 0054 0123     		moveq	r3, #1
 4043 0056 0023     		movne	r3, #0
 4044 0058 DAB2     		uxtb	r2, r3
 4045 005a 3B69     		ldr	r3, [r7, #16]
 4046 005c 012B     		cmp	r3, #1
 4047 005e 0CBF     		ite	eq
 4048 0060 0123     		moveq	r3, #1
 4049 0062 0023     		movne	r3, #0
 4050 0064 DBB2     		uxtb	r3, r3
 4051 0066 1343     		orrs	r3, r3, r2
 4052 0068 DBB2     		uxtb	r3, r3
 4053 006a 1A46     		mov	r2, r3
1604:../../../firmware/n32h7xx_std_periph_driver/src/n32h7xx_lcdc.c ****        (tmppfctrl == LCDC_PIXEL_FORMAT_ABGR8888) |
1605:../../../firmware/n32h7xx_std_periph_driver/src/n32h7xx_lcdc.c ****        (tmppfctrl == LCDC_PIXEL_FORMAT_RGBA8888) |
 4054              		.loc 1 1605 19
 4055 006c 3B69     		ldr	r3, [r7, #16]
 4056 006e 022B     		cmp	r3, #2
 4057 0070 0CBF     		ite	eq
 4058 0072 0123     		moveq	r3, #1
 4059 0074 0023     		movne	r3, #0
 4060 0076 DBB2     		uxtb	r3, r3
1604:../../../firmware/n32h7xx_std_periph_driver/src/n32h7xx_lcdc.c ****        (tmppfctrl == LCDC_PIXEL_FORMAT_ABGR8888) |
 4061              		.loc 1 1604 50
 4062 0078 1343     		orrs	r3, r3, r2
1606:../../../firmware/n32h7xx_std_periph_driver/src/n32h7xx_lcdc.c ****        (tmppfctrl == LCDC_PIXEL_FORMAT_BGRA8888))
 4063              		.loc 1 1606 19
 4064 007a 3A69     		ldr	r2, [r7, #16]
 4065 007c 032A     		cmp	r2, #3
 4066 007e 0CBF     		ite	eq
 4067 0080 0122     		moveq	r2, #1
 4068 0082 0022     		movne	r2, #0
 4069 0084 D2B2     		uxtb	r2, r2
1605:../../../firmware/n32h7xx_std_periph_driver/src/n32h7xx_lcdc.c ****        (tmppfctrl == LCDC_PIXEL_FORMAT_BGRA8888))
 4070              		.loc 1 1605 50
 4071 0086 1343     		orrs	r3, r3, r2
1603:../../../firmware/n32h7xx_std_periph_driver/src/n32h7xx_lcdc.c ****        (tmppfctrl == LCDC_PIXEL_FORMAT_ABGR8888) |
 4072              		.loc 1 1603 7
 4073 0088 002B     		cmp	r3, #0
 4074 008a 02D0     		beq	.L143
1607:../../../firmware/n32h7xx_std_periph_driver/src/n32h7xx_lcdc.c ****     {
1608:../../../firmware/n32h7xx_std_periph_driver/src/n32h7xx_lcdc.c ****         pixelbyte = 4;
 4075              		.loc 1 1608 19
 4076 008c 0423     		movs	r3, #4
 4077 008e FB84     		strh	r3, [r7, #38]	@ movhi
 4078 0090 17E0     		b	.L144
ARM GAS  /tmp/ccxmuAb3.s 			page 100


 4079              	.L143:
1609:../../../firmware/n32h7xx_std_periph_driver/src/n32h7xx_lcdc.c ****     }
1610:../../../firmware/n32h7xx_std_periph_driver/src/n32h7xx_lcdc.c ****     else if(tmppfctrl == LCDC_PIXEL_FORMAT_RGB888)
 4080              		.loc 1 1610 12
 4081 0092 3B69     		ldr	r3, [r7, #16]
 4082 0094 062B     		cmp	r3, #6
 4083 0096 02D1     		bne	.L145
1611:../../../firmware/n32h7xx_std_periph_driver/src/n32h7xx_lcdc.c ****     {
1612:../../../firmware/n32h7xx_std_periph_driver/src/n32h7xx_lcdc.c ****         pixelbyte = 3;
 4084              		.loc 1 1612 19
 4085 0098 0323     		movs	r3, #3
 4086 009a FB84     		strh	r3, [r7, #38]	@ movhi
 4087 009c 11E0     		b	.L144
 4088              	.L145:
1613:../../../firmware/n32h7xx_std_periph_driver/src/n32h7xx_lcdc.c ****     }
1614:../../../firmware/n32h7xx_std_periph_driver/src/n32h7xx_lcdc.c ****     else if((tmppfctrl == LCDC_PIXEL_FORMAT_RGB565) |
 4089              		.loc 1 1614 53
 4090 009e 3B69     		ldr	r3, [r7, #16]
 4091 00a0 042B     		cmp	r3, #4
 4092 00a2 0CBF     		ite	eq
 4093 00a4 0123     		moveq	r3, #1
 4094 00a6 0023     		movne	r3, #0
 4095 00a8 DAB2     		uxtb	r2, r3
 4096 00aa 3B69     		ldr	r3, [r7, #16]
 4097 00ac 052B     		cmp	r3, #5
 4098 00ae 0CBF     		ite	eq
 4099 00b0 0123     		moveq	r3, #1
 4100 00b2 0023     		movne	r3, #0
 4101 00b4 DBB2     		uxtb	r3, r3
 4102 00b6 1343     		orrs	r3, r3, r2
 4103 00b8 DBB2     		uxtb	r3, r3
 4104              		.loc 1 1614 12
 4105 00ba 002B     		cmp	r3, #0
 4106 00bc 01D0     		beq	.L144
1615:../../../firmware/n32h7xx_std_periph_driver/src/n32h7xx_lcdc.c ****             (tmppfctrl == LCDC_PIXEL_FORMAT_BGR565))
1616:../../../firmware/n32h7xx_std_periph_driver/src/n32h7xx_lcdc.c ****     {
1617:../../../firmware/n32h7xx_std_periph_driver/src/n32h7xx_lcdc.c ****         pixelbyte = 2;
 4107              		.loc 1 1617 19
 4108 00be 0223     		movs	r3, #2
 4109 00c0 FB84     		strh	r3, [r7, #38]	@ movhi
 4110              	.L144:
1618:../../../firmware/n32h7xx_std_periph_driver/src/n32h7xx_lcdc.c ****     }
1619:../../../firmware/n32h7xx_std_periph_driver/src/n32h7xx_lcdc.c ****     else
1620:../../../firmware/n32h7xx_std_periph_driver/src/n32h7xx_lcdc.c ****     {
1621:../../../firmware/n32h7xx_std_periph_driver/src/n32h7xx_lcdc.c ****         /* No process */
1622:../../../firmware/n32h7xx_std_periph_driver/src/n32h7xx_lcdc.c ****     }
1623:../../../firmware/n32h7xx_std_periph_driver/src/n32h7xx_lcdc.c ****       
1624:../../../firmware/n32h7xx_std_periph_driver/src/n32h7xx_lcdc.c ****     
1625:../../../firmware/n32h7xx_std_periph_driver/src/n32h7xx_lcdc.c ****     if (Cmd != DISABLE)
 4111              		.loc 1 1625 8
 4112 00c2 FB78     		ldrb	r3, [r7, #3]	@ zero_extendqisi2
 4113 00c4 002B     		cmp	r3, #0
 4114 00c6 1AD0     		beq	.L146
1626:../../../firmware/n32h7xx_std_periph_driver/src/n32h7xx_lcdc.c ****     {
1627:../../../firmware/n32h7xx_std_periph_driver/src/n32h7xx_lcdc.c **** 
1628:../../../firmware/n32h7xx_std_periph_driver/src/n32h7xx_lcdc.c ****         /* Enable the LCDC scaler */
1629:../../../firmware/n32h7xx_std_periph_driver/src/n32h7xx_lcdc.c ****         tmpcfbaddr = tmpcfbaddr + (WindowWidth*(WindowHeight-1)*pixelbyte);
ARM GAS  /tmp/ccxmuAb3.s 			page 101


 4115              		.loc 1 1629 47
 4116 00c8 FB89     		ldrh	r3, [r7, #14]
 4117              		.loc 1 1629 61
 4118 00ca BA89     		ldrh	r2, [r7, #12]
 4119 00cc 013A     		subs	r2, r2, #1
 4120              		.loc 1 1629 47
 4121 00ce 02FB03F3 		mul	r3, r2, r3
 4122              		.loc 1 1629 64
 4123 00d2 FA8C     		ldrh	r2, [r7, #38]
 4124 00d4 02FB03F3 		mul	r3, r2, r3
 4125 00d8 1A46     		mov	r2, r3
 4126              		.loc 1 1629 20
 4127 00da BB69     		ldr	r3, [r7, #24]
 4128 00dc 1344     		add	r3, r3, r2
 4129 00de BB61     		str	r3, [r7, #24]
1630:../../../firmware/n32h7xx_std_periph_driver/src/n32h7xx_lcdc.c ****         tmpcfblen = ((~(tmpcfblen >> 16U) + 1U) << 16U)|((tmpcfblen << 16U) >> 16U);
 4130              		.loc 1 1630 35
 4131 00e0 7B69     		ldr	r3, [r7, #20]
 4132 00e2 1B0C     		lsrs	r3, r3, #16
 4133              		.loc 1 1630 43
 4134 00e4 5B42     		rsbs	r3, r3, #0
 4135              		.loc 1 1630 49
 4136 00e6 1A04     		lsls	r2, r3, #16
 4137              		.loc 1 1630 77
 4138 00e8 7B69     		ldr	r3, [r7, #20]
 4139 00ea 9BB2     		uxth	r3, r3
 4140              		.loc 1 1630 19
 4141 00ec 1343     		orrs	r3, r3, r2
 4142 00ee 7B61     		str	r3, [r7, #20]
1631:../../../firmware/n32h7xx_std_periph_driver/src/n32h7xx_lcdc.c ****         LCDC_Layerx->CFBADDR = tmpcfbaddr;
 4143              		.loc 1 1631 30
 4144 00f0 7B68     		ldr	r3, [r7, #4]
 4145 00f2 BA69     		ldr	r2, [r7, #24]
 4146 00f4 5A63     		str	r2, [r3, #52]
1632:../../../firmware/n32h7xx_std_periph_driver/src/n32h7xx_lcdc.c ****         LCDC_Layerx->CFBLEN = tmpcfblen;
 4147              		.loc 1 1632 29
 4148 00f6 7B68     		ldr	r3, [r7, #4]
 4149 00f8 7A69     		ldr	r2, [r7, #20]
 4150 00fa 9A63     		str	r2, [r3, #56]
1633:../../../firmware/n32h7xx_std_periph_driver/src/n32h7xx_lcdc.c ****     }
1634:../../../firmware/n32h7xx_std_periph_driver/src/n32h7xx_lcdc.c ****     else
1635:../../../firmware/n32h7xx_std_periph_driver/src/n32h7xx_lcdc.c ****     {
1636:../../../firmware/n32h7xx_std_periph_driver/src/n32h7xx_lcdc.c ****         /* Disable the LCDC scaler */
1637:../../../firmware/n32h7xx_std_periph_driver/src/n32h7xx_lcdc.c ****         tmpcfbaddr = tmpcfbaddr - (WindowWidth*(WindowHeight-1)*pixelbyte);
1638:../../../firmware/n32h7xx_std_periph_driver/src/n32h7xx_lcdc.c ****         tmpcfblen = ((~(tmpcfblen >> 16U) + 1U) << 16U)|((tmpcfblen << 16U) >> 16U);
1639:../../../firmware/n32h7xx_std_periph_driver/src/n32h7xx_lcdc.c ****         LCDC_Layerx->CFBADDR = tmpcfbaddr;
1640:../../../firmware/n32h7xx_std_periph_driver/src/n32h7xx_lcdc.c ****         LCDC_Layerx->CFBLEN = tmpcfblen;
1641:../../../firmware/n32h7xx_std_periph_driver/src/n32h7xx_lcdc.c ****     }
1642:../../../firmware/n32h7xx_std_periph_driver/src/n32h7xx_lcdc.c **** }
 4151              		.loc 1 1642 1
 4152 00fc 19E0     		b	.L148
 4153              	.L146:
1637:../../../firmware/n32h7xx_std_periph_driver/src/n32h7xx_lcdc.c ****         tmpcfblen = ((~(tmpcfblen >> 16U) + 1U) << 16U)|((tmpcfblen << 16U) >> 16U);
 4154              		.loc 1 1637 47
 4155 00fe FB89     		ldrh	r3, [r7, #14]
1637:../../../firmware/n32h7xx_std_periph_driver/src/n32h7xx_lcdc.c ****         tmpcfblen = ((~(tmpcfblen >> 16U) + 1U) << 16U)|((tmpcfblen << 16U) >> 16U);
 4156              		.loc 1 1637 61
ARM GAS  /tmp/ccxmuAb3.s 			page 102


 4157 0100 BA89     		ldrh	r2, [r7, #12]
 4158 0102 013A     		subs	r2, r2, #1
1637:../../../firmware/n32h7xx_std_periph_driver/src/n32h7xx_lcdc.c ****         tmpcfblen = ((~(tmpcfblen >> 16U) + 1U) << 16U)|((tmpcfblen << 16U) >> 16U);
 4159              		.loc 1 1637 47
 4160 0104 02FB03F3 		mul	r3, r2, r3
1637:../../../firmware/n32h7xx_std_periph_driver/src/n32h7xx_lcdc.c ****         tmpcfblen = ((~(tmpcfblen >> 16U) + 1U) << 16U)|((tmpcfblen << 16U) >> 16U);
 4161              		.loc 1 1637 64
 4162 0108 FA8C     		ldrh	r2, [r7, #38]
 4163 010a 02FB03F3 		mul	r3, r2, r3
 4164 010e 1A46     		mov	r2, r3
1637:../../../firmware/n32h7xx_std_periph_driver/src/n32h7xx_lcdc.c ****         tmpcfblen = ((~(tmpcfblen >> 16U) + 1U) << 16U)|((tmpcfblen << 16U) >> 16U);
 4165              		.loc 1 1637 20
 4166 0110 BB69     		ldr	r3, [r7, #24]
 4167 0112 9B1A     		subs	r3, r3, r2
 4168 0114 BB61     		str	r3, [r7, #24]
1638:../../../firmware/n32h7xx_std_periph_driver/src/n32h7xx_lcdc.c ****         LCDC_Layerx->CFBADDR = tmpcfbaddr;
 4169              		.loc 1 1638 35
 4170 0116 7B69     		ldr	r3, [r7, #20]
 4171 0118 1B0C     		lsrs	r3, r3, #16
1638:../../../firmware/n32h7xx_std_periph_driver/src/n32h7xx_lcdc.c ****         LCDC_Layerx->CFBADDR = tmpcfbaddr;
 4172              		.loc 1 1638 43
 4173 011a 5B42     		rsbs	r3, r3, #0
1638:../../../firmware/n32h7xx_std_periph_driver/src/n32h7xx_lcdc.c ****         LCDC_Layerx->CFBADDR = tmpcfbaddr;
 4174              		.loc 1 1638 49
 4175 011c 1A04     		lsls	r2, r3, #16
1638:../../../firmware/n32h7xx_std_periph_driver/src/n32h7xx_lcdc.c ****         LCDC_Layerx->CFBADDR = tmpcfbaddr;
 4176              		.loc 1 1638 77
 4177 011e 7B69     		ldr	r3, [r7, #20]
 4178 0120 9BB2     		uxth	r3, r3
1638:../../../firmware/n32h7xx_std_periph_driver/src/n32h7xx_lcdc.c ****         LCDC_Layerx->CFBADDR = tmpcfbaddr;
 4179              		.loc 1 1638 19
 4180 0122 1343     		orrs	r3, r3, r2
 4181 0124 7B61     		str	r3, [r7, #20]
1639:../../../firmware/n32h7xx_std_periph_driver/src/n32h7xx_lcdc.c ****         LCDC_Layerx->CFBLEN = tmpcfblen;
 4182              		.loc 1 1639 30
 4183 0126 7B68     		ldr	r3, [r7, #4]
 4184 0128 BA69     		ldr	r2, [r7, #24]
 4185 012a 5A63     		str	r2, [r3, #52]
1640:../../../firmware/n32h7xx_std_periph_driver/src/n32h7xx_lcdc.c ****     }
 4186              		.loc 1 1640 29
 4187 012c 7B68     		ldr	r3, [r7, #4]
 4188 012e 7A69     		ldr	r2, [r7, #20]
 4189 0130 9A63     		str	r2, [r3, #56]
 4190              	.L148:
 4191              		.loc 1 1642 1
 4192 0132 00BF     		nop
 4193 0134 2C37     		adds	r7, r7, #44
 4194              	.LCFI226:
 4195              		.cfi_def_cfa_offset 4
 4196 0136 BD46     		mov	sp, r7
 4197              	.LCFI227:
 4198              		.cfi_def_cfa_register 13
 4199              		@ sp needed
 4200 0138 80BC     		pop	{r7}
 4201              	.LCFI228:
 4202              		.cfi_restore 7
 4203              		.cfi_def_cfa_offset 0
ARM GAS  /tmp/ccxmuAb3.s 			page 103


 4204 013a 7047     		bx	lr
 4205              		.cfi_endproc
 4206              	.LFE173:
 4208              		.section	.text.LCDC_LayerHorizontalMirrorEnable,"ax",%progbits
 4209              		.align	1
 4210              		.global	LCDC_LayerHorizontalMirrorEnable
 4211              		.syntax unified
 4212              		.thumb
 4213              		.thumb_func
 4215              	LCDC_LayerHorizontalMirrorEnable:
 4216              	.LFB174:
1643:../../../firmware/n32h7xx_std_periph_driver/src/n32h7xx_lcdc.c **** 
1644:../../../firmware/n32h7xx_std_periph_driver/src/n32h7xx_lcdc.c **** /**
1645:../../../firmware/n32h7xx_std_periph_driver/src/n32h7xx_lcdc.c **** *\*\name    LCDC_LayerHorizontalMirrorEnable
1646:../../../firmware/n32h7xx_std_periph_driver/src/n32h7xx_lcdc.c **** *\*\fun     Enable or disable horizontal layer mirror.
1647:../../../firmware/n32h7xx_std_periph_driver/src/n32h7xx_lcdc.c **** *\*\param   LCDC_Layerx: refer to the definition of LCDC_Layer_Module
1648:../../../firmware/n32h7xx_std_periph_driver/src/n32h7xx_lcdc.c **** *\*\          - LCDC_Layer1
1649:../../../firmware/n32h7xx_std_periph_driver/src/n32h7xx_lcdc.c **** *\*\          - LCDC_Layer2
1650:../../../firmware/n32h7xx_std_periph_driver/src/n32h7xx_lcdc.c **** *\*\          - LCDC_Layer3
1651:../../../firmware/n32h7xx_std_periph_driver/src/n32h7xx_lcdc.c **** *\*\          - LCDC_Layer4
1652:../../../firmware/n32h7xx_std_periph_driver/src/n32h7xx_lcdc.c **** *\*\param   Cmd
1653:../../../firmware/n32h7xx_std_periph_driver/src/n32h7xx_lcdc.c **** *\*\          - ENABLE
1654:../../../firmware/n32h7xx_std_periph_driver/src/n32h7xx_lcdc.c **** *\*\          - DISABLE
1655:../../../firmware/n32h7xx_std_periph_driver/src/n32h7xx_lcdc.c **** *\*\return  none.
1656:../../../firmware/n32h7xx_std_periph_driver/src/n32h7xx_lcdc.c **** **/
1657:../../../firmware/n32h7xx_std_periph_driver/src/n32h7xx_lcdc.c **** void LCDC_LayerHorizontalMirrorEnable(LCDC_Layer_Module* LCDC_Layerx ,FunctionalState Cmd)
1658:../../../firmware/n32h7xx_std_periph_driver/src/n32h7xx_lcdc.c **** {
 4217              		.loc 1 1658 1
 4218              		.cfi_startproc
 4219              		@ args = 0, pretend = 0, frame = 32
 4220              		@ frame_needed = 1, uses_anonymous_args = 0
 4221              		@ link register save eliminated.
 4222 0000 80B4     		push	{r7}
 4223              	.LCFI229:
 4224              		.cfi_def_cfa_offset 4
 4225              		.cfi_offset 7, -4
 4226 0002 89B0     		sub	sp, sp, #36
 4227              	.LCFI230:
 4228              		.cfi_def_cfa_offset 40
 4229 0004 00AF     		add	r7, sp, #0
 4230              	.LCFI231:
 4231              		.cfi_def_cfa_register 7
 4232 0006 7860     		str	r0, [r7, #4]
 4233 0008 0B46     		mov	r3, r1
 4234 000a FB70     		strb	r3, [r7, #3]
1659:../../../firmware/n32h7xx_std_periph_driver/src/n32h7xx_lcdc.c ****     uint32_t tmpcfbaddr;
1660:../../../firmware/n32h7xx_std_periph_driver/src/n32h7xx_lcdc.c ****     uint32_t tmpwhpctrl;
1661:../../../firmware/n32h7xx_std_periph_driver/src/n32h7xx_lcdc.c ****     uint32_t tmppfctrl;
1662:../../../firmware/n32h7xx_std_periph_driver/src/n32h7xx_lcdc.c ****     uint32_t currentstatus;
1663:../../../firmware/n32h7xx_std_periph_driver/src/n32h7xx_lcdc.c ****     uint16_t WindowWidth;
1664:../../../firmware/n32h7xx_std_periph_driver/src/n32h7xx_lcdc.c ****     uint16_t pixelbyte;
1665:../../../firmware/n32h7xx_std_periph_driver/src/n32h7xx_lcdc.c ****     
1666:../../../firmware/n32h7xx_std_periph_driver/src/n32h7xx_lcdc.c ****     tmpwhpctrl = LCDC_Layerx->WHPCTRL;
 4235              		.loc 1 1666 16
 4236 000c 7B68     		ldr	r3, [r7, #4]
 4237 000e 1B69     		ldr	r3, [r3, #16]
 4238 0010 BB61     		str	r3, [r7, #24]
ARM GAS  /tmp/ccxmuAb3.s 			page 104


1667:../../../firmware/n32h7xx_std_periph_driver/src/n32h7xx_lcdc.c ****     tmpcfbaddr = LCDC_Layerx->CFBADDR;
 4239              		.loc 1 1667 16
 4240 0012 7B68     		ldr	r3, [r7, #4]
 4241 0014 5B6B     		ldr	r3, [r3, #52]
 4242 0016 7B61     		str	r3, [r7, #20]
1668:../../../firmware/n32h7xx_std_periph_driver/src/n32h7xx_lcdc.c ****     tmppfctrl = LCDC_Layerx->PFCTRL;
 4243              		.loc 1 1668 15
 4244 0018 7B68     		ldr	r3, [r7, #4]
 4245 001a DB69     		ldr	r3, [r3, #28]
 4246 001c 3B61     		str	r3, [r7, #16]
1669:../../../firmware/n32h7xx_std_periph_driver/src/n32h7xx_lcdc.c ****     
1670:../../../firmware/n32h7xx_std_periph_driver/src/n32h7xx_lcdc.c ****     WindowWidth = (tmpwhpctrl >> 16U) - (tmpwhpctrl & 0x0000FFFFU) +1;
 4247              		.loc 1 1670 31
 4248 001e BB69     		ldr	r3, [r7, #24]
 4249 0020 1B0C     		lsrs	r3, r3, #16
 4250              		.loc 1 1670 39
 4251 0022 9AB2     		uxth	r2, r3
 4252 0024 BB69     		ldr	r3, [r7, #24]
 4253 0026 9BB2     		uxth	r3, r3
 4254 0028 D31A     		subs	r3, r2, r3
 4255 002a 9BB2     		uxth	r3, r3
 4256              		.loc 1 1670 17
 4257 002c 0133     		adds	r3, r3, #1
 4258 002e FB81     		strh	r3, [r7, #14]	@ movhi
1671:../../../firmware/n32h7xx_std_periph_driver/src/n32h7xx_lcdc.c ****     
1672:../../../firmware/n32h7xx_std_periph_driver/src/n32h7xx_lcdc.c ****     if((tmppfctrl == LCDC_PIXEL_FORMAT_ARGB8888) |
 4259              		.loc 1 1672 50
 4260 0030 3B69     		ldr	r3, [r7, #16]
 4261 0032 002B     		cmp	r3, #0
 4262 0034 0CBF     		ite	eq
 4263 0036 0123     		moveq	r3, #1
 4264 0038 0023     		movne	r3, #0
 4265 003a DAB2     		uxtb	r2, r3
 4266 003c 3B69     		ldr	r3, [r7, #16]
 4267 003e 012B     		cmp	r3, #1
 4268 0040 0CBF     		ite	eq
 4269 0042 0123     		moveq	r3, #1
 4270 0044 0023     		movne	r3, #0
 4271 0046 DBB2     		uxtb	r3, r3
 4272 0048 1343     		orrs	r3, r3, r2
 4273 004a DBB2     		uxtb	r3, r3
 4274 004c 1A46     		mov	r2, r3
1673:../../../firmware/n32h7xx_std_periph_driver/src/n32h7xx_lcdc.c ****        (tmppfctrl == LCDC_PIXEL_FORMAT_ABGR8888) |
1674:../../../firmware/n32h7xx_std_periph_driver/src/n32h7xx_lcdc.c ****        (tmppfctrl == LCDC_PIXEL_FORMAT_RGBA8888) |
 4275              		.loc 1 1674 19
 4276 004e 3B69     		ldr	r3, [r7, #16]
 4277 0050 022B     		cmp	r3, #2
 4278 0052 0CBF     		ite	eq
 4279 0054 0123     		moveq	r3, #1
 4280 0056 0023     		movne	r3, #0
 4281 0058 DBB2     		uxtb	r3, r3
1673:../../../firmware/n32h7xx_std_periph_driver/src/n32h7xx_lcdc.c ****        (tmppfctrl == LCDC_PIXEL_FORMAT_ABGR8888) |
 4282              		.loc 1 1673 50
 4283 005a 1343     		orrs	r3, r3, r2
1675:../../../firmware/n32h7xx_std_periph_driver/src/n32h7xx_lcdc.c ****        (tmppfctrl == LCDC_PIXEL_FORMAT_BGRA8888))
 4284              		.loc 1 1675 19
 4285 005c 3A69     		ldr	r2, [r7, #16]
ARM GAS  /tmp/ccxmuAb3.s 			page 105


 4286 005e 032A     		cmp	r2, #3
 4287 0060 0CBF     		ite	eq
 4288 0062 0122     		moveq	r2, #1
 4289 0064 0022     		movne	r2, #0
 4290 0066 D2B2     		uxtb	r2, r2
1674:../../../firmware/n32h7xx_std_periph_driver/src/n32h7xx_lcdc.c ****        (tmppfctrl == LCDC_PIXEL_FORMAT_BGRA8888))
 4291              		.loc 1 1674 50
 4292 0068 1343     		orrs	r3, r3, r2
1672:../../../firmware/n32h7xx_std_periph_driver/src/n32h7xx_lcdc.c ****        (tmppfctrl == LCDC_PIXEL_FORMAT_ABGR8888) |
 4293              		.loc 1 1672 7
 4294 006a 002B     		cmp	r3, #0
 4295 006c 02D0     		beq	.L150
1676:../../../firmware/n32h7xx_std_periph_driver/src/n32h7xx_lcdc.c ****     {
1677:../../../firmware/n32h7xx_std_periph_driver/src/n32h7xx_lcdc.c ****         pixelbyte = 4;
 4296              		.loc 1 1677 19
 4297 006e 0423     		movs	r3, #4
 4298 0070 FB83     		strh	r3, [r7, #30]	@ movhi
 4299 0072 17E0     		b	.L151
 4300              	.L150:
1678:../../../firmware/n32h7xx_std_periph_driver/src/n32h7xx_lcdc.c ****     }
1679:../../../firmware/n32h7xx_std_periph_driver/src/n32h7xx_lcdc.c ****     else if(tmppfctrl == LCDC_PIXEL_FORMAT_RGB888)
 4301              		.loc 1 1679 12
 4302 0074 3B69     		ldr	r3, [r7, #16]
 4303 0076 062B     		cmp	r3, #6
 4304 0078 02D1     		bne	.L152
1680:../../../firmware/n32h7xx_std_periph_driver/src/n32h7xx_lcdc.c ****     {
1681:../../../firmware/n32h7xx_std_periph_driver/src/n32h7xx_lcdc.c ****         pixelbyte = 3;
 4305              		.loc 1 1681 19
 4306 007a 0323     		movs	r3, #3
 4307 007c FB83     		strh	r3, [r7, #30]	@ movhi
 4308 007e 11E0     		b	.L151
 4309              	.L152:
1682:../../../firmware/n32h7xx_std_periph_driver/src/n32h7xx_lcdc.c ****     }
1683:../../../firmware/n32h7xx_std_periph_driver/src/n32h7xx_lcdc.c ****     else if((tmppfctrl == LCDC_PIXEL_FORMAT_RGB565) |
 4310              		.loc 1 1683 53
 4311 0080 3B69     		ldr	r3, [r7, #16]
 4312 0082 042B     		cmp	r3, #4
 4313 0084 0CBF     		ite	eq
 4314 0086 0123     		moveq	r3, #1
 4315 0088 0023     		movne	r3, #0
 4316 008a DAB2     		uxtb	r2, r3
 4317 008c 3B69     		ldr	r3, [r7, #16]
 4318 008e 052B     		cmp	r3, #5
 4319 0090 0CBF     		ite	eq
 4320 0092 0123     		moveq	r3, #1
 4321 0094 0023     		movne	r3, #0
 4322 0096 DBB2     		uxtb	r3, r3
 4323 0098 1343     		orrs	r3, r3, r2
 4324 009a DBB2     		uxtb	r3, r3
 4325              		.loc 1 1683 12
 4326 009c 002B     		cmp	r3, #0
 4327 009e 01D0     		beq	.L151
1684:../../../firmware/n32h7xx_std_periph_driver/src/n32h7xx_lcdc.c ****             (tmppfctrl == LCDC_PIXEL_FORMAT_BGR565))
1685:../../../firmware/n32h7xx_std_periph_driver/src/n32h7xx_lcdc.c ****     {
1686:../../../firmware/n32h7xx_std_periph_driver/src/n32h7xx_lcdc.c ****         pixelbyte = 2;
 4328              		.loc 1 1686 19
 4329 00a0 0223     		movs	r3, #2
ARM GAS  /tmp/ccxmuAb3.s 			page 106


 4330 00a2 FB83     		strh	r3, [r7, #30]	@ movhi
 4331              	.L151:
1687:../../../firmware/n32h7xx_std_periph_driver/src/n32h7xx_lcdc.c ****     }
1688:../../../firmware/n32h7xx_std_periph_driver/src/n32h7xx_lcdc.c ****     else
1689:../../../firmware/n32h7xx_std_periph_driver/src/n32h7xx_lcdc.c ****     {
1690:../../../firmware/n32h7xx_std_periph_driver/src/n32h7xx_lcdc.c ****         /* No process */
1691:../../../firmware/n32h7xx_std_periph_driver/src/n32h7xx_lcdc.c ****     }
1692:../../../firmware/n32h7xx_std_periph_driver/src/n32h7xx_lcdc.c ****        
1693:../../../firmware/n32h7xx_std_periph_driver/src/n32h7xx_lcdc.c ****     /* Determine whether the current state is already a horizontal mirror image. */
1694:../../../firmware/n32h7xx_std_periph_driver/src/n32h7xx_lcdc.c ****     currentstatus = LCDC_Layerx->LCTRL & LCDC_LCTRL_HMEN;
 4332              		.loc 1 1694 32
 4333 00a4 7B68     		ldr	r3, [r7, #4]
 4334 00a6 DB68     		ldr	r3, [r3, #12]
 4335              		.loc 1 1694 19
 4336 00a8 03F48073 		and	r3, r3, #256
 4337 00ac BB60     		str	r3, [r7, #8]
1695:../../../firmware/n32h7xx_std_periph_driver/src/n32h7xx_lcdc.c ****     
1696:../../../firmware/n32h7xx_std_periph_driver/src/n32h7xx_lcdc.c ****     if (Cmd != DISABLE)
 4338              		.loc 1 1696 8
 4339 00ae FB78     		ldrb	r3, [r7, #3]	@ zero_extendqisi2
 4340 00b0 002B     		cmp	r3, #0
 4341 00b2 15D0     		beq	.L153
1697:../../../firmware/n32h7xx_std_periph_driver/src/n32h7xx_lcdc.c ****     {
1698:../../../firmware/n32h7xx_std_periph_driver/src/n32h7xx_lcdc.c ****         if(!currentstatus)
 4342              		.loc 1 1698 11
 4343 00b4 BB68     		ldr	r3, [r7, #8]
 4344 00b6 002B     		cmp	r3, #0
 4345 00b8 27D1     		bne	.L155
1699:../../../firmware/n32h7xx_std_periph_driver/src/n32h7xx_lcdc.c ****         {
1700:../../../firmware/n32h7xx_std_periph_driver/src/n32h7xx_lcdc.c ****             /* Enable the LCDC scaler */
1701:../../../firmware/n32h7xx_std_periph_driver/src/n32h7xx_lcdc.c ****             LCDC_Layerx->LCTRL |= (uint32_t)LCDC_LCTRL_HMEN;
 4346              		.loc 1 1701 24
 4347 00ba 7B68     		ldr	r3, [r7, #4]
 4348 00bc DB68     		ldr	r3, [r3, #12]
 4349              		.loc 1 1701 32
 4350 00be 43F48072 		orr	r2, r3, #256
 4351 00c2 7B68     		ldr	r3, [r7, #4]
 4352 00c4 DA60     		str	r2, [r3, #12]
1702:../../../firmware/n32h7xx_std_periph_driver/src/n32h7xx_lcdc.c ****             tmpcfbaddr = tmpcfbaddr + (WindowWidth*pixelbyte - 1);
 4353              		.loc 1 1702 51
 4354 00c6 FB89     		ldrh	r3, [r7, #14]
 4355 00c8 FA8B     		ldrh	r2, [r7, #30]
 4356 00ca 02FB03F3 		mul	r3, r2, r3
 4357              		.loc 1 1702 37
 4358 00ce 1A46     		mov	r2, r3
 4359 00d0 7B69     		ldr	r3, [r7, #20]
 4360 00d2 1344     		add	r3, r3, r2
 4361              		.loc 1 1702 24
 4362 00d4 013B     		subs	r3, r3, #1
 4363 00d6 7B61     		str	r3, [r7, #20]
1703:../../../firmware/n32h7xx_std_periph_driver/src/n32h7xx_lcdc.c ****             LCDC_Layerx->CFBADDR = tmpcfbaddr;
 4364              		.loc 1 1703 34
 4365 00d8 7B68     		ldr	r3, [r7, #4]
 4366 00da 7A69     		ldr	r2, [r7, #20]
 4367 00dc 5A63     		str	r2, [r3, #52]
1704:../../../firmware/n32h7xx_std_periph_driver/src/n32h7xx_lcdc.c ****         }
1705:../../../firmware/n32h7xx_std_periph_driver/src/n32h7xx_lcdc.c ****         else
ARM GAS  /tmp/ccxmuAb3.s 			page 107


1706:../../../firmware/n32h7xx_std_periph_driver/src/n32h7xx_lcdc.c ****         {
1707:../../../firmware/n32h7xx_std_periph_driver/src/n32h7xx_lcdc.c ****             /* No process */
1708:../../../firmware/n32h7xx_std_periph_driver/src/n32h7xx_lcdc.c ****         }
1709:../../../firmware/n32h7xx_std_periph_driver/src/n32h7xx_lcdc.c ****         
1710:../../../firmware/n32h7xx_std_periph_driver/src/n32h7xx_lcdc.c ****     }
1711:../../../firmware/n32h7xx_std_periph_driver/src/n32h7xx_lcdc.c ****     else
1712:../../../firmware/n32h7xx_std_periph_driver/src/n32h7xx_lcdc.c ****     {
1713:../../../firmware/n32h7xx_std_periph_driver/src/n32h7xx_lcdc.c ****         if(currentstatus)
1714:../../../firmware/n32h7xx_std_periph_driver/src/n32h7xx_lcdc.c ****         {
1715:../../../firmware/n32h7xx_std_periph_driver/src/n32h7xx_lcdc.c ****             /* Disable the LCDC scaler */
1716:../../../firmware/n32h7xx_std_periph_driver/src/n32h7xx_lcdc.c ****             LCDC_Layerx->LCTRL &= (uint32_t)(~LCDC_LCTRL_HMEN);
1717:../../../firmware/n32h7xx_std_periph_driver/src/n32h7xx_lcdc.c ****             tmpcfbaddr = tmpcfbaddr - (WindowWidth*pixelbyte - 1);
1718:../../../firmware/n32h7xx_std_periph_driver/src/n32h7xx_lcdc.c ****             LCDC_Layerx->CFBADDR = tmpcfbaddr;
1719:../../../firmware/n32h7xx_std_periph_driver/src/n32h7xx_lcdc.c ****         }
1720:../../../firmware/n32h7xx_std_periph_driver/src/n32h7xx_lcdc.c ****         else
1721:../../../firmware/n32h7xx_std_periph_driver/src/n32h7xx_lcdc.c ****         {
1722:../../../firmware/n32h7xx_std_periph_driver/src/n32h7xx_lcdc.c ****             /* No process */
1723:../../../firmware/n32h7xx_std_periph_driver/src/n32h7xx_lcdc.c ****         }
1724:../../../firmware/n32h7xx_std_periph_driver/src/n32h7xx_lcdc.c ****     }
1725:../../../firmware/n32h7xx_std_periph_driver/src/n32h7xx_lcdc.c **** }
 4368              		.loc 1 1725 1
 4369 00de 14E0     		b	.L155
 4370              	.L153:
1713:../../../firmware/n32h7xx_std_periph_driver/src/n32h7xx_lcdc.c ****         {
 4371              		.loc 1 1713 11
 4372 00e0 BB68     		ldr	r3, [r7, #8]
 4373 00e2 002B     		cmp	r3, #0
 4374 00e4 11D0     		beq	.L155
1716:../../../firmware/n32h7xx_std_periph_driver/src/n32h7xx_lcdc.c ****             tmpcfbaddr = tmpcfbaddr - (WindowWidth*pixelbyte - 1);
 4375              		.loc 1 1716 24
 4376 00e6 7B68     		ldr	r3, [r7, #4]
 4377 00e8 DB68     		ldr	r3, [r3, #12]
1716:../../../firmware/n32h7xx_std_periph_driver/src/n32h7xx_lcdc.c ****             tmpcfbaddr = tmpcfbaddr - (WindowWidth*pixelbyte - 1);
 4378              		.loc 1 1716 32
 4379 00ea 23F48072 		bic	r2, r3, #256
 4380 00ee 7B68     		ldr	r3, [r7, #4]
 4381 00f0 DA60     		str	r2, [r3, #12]
1717:../../../firmware/n32h7xx_std_periph_driver/src/n32h7xx_lcdc.c ****             LCDC_Layerx->CFBADDR = tmpcfbaddr;
 4382              		.loc 1 1717 51
 4383 00f2 FB89     		ldrh	r3, [r7, #14]
 4384 00f4 FA8B     		ldrh	r2, [r7, #30]
 4385 00f6 02FB03F3 		mul	r3, r2, r3
1717:../../../firmware/n32h7xx_std_periph_driver/src/n32h7xx_lcdc.c ****             LCDC_Layerx->CFBADDR = tmpcfbaddr;
 4386              		.loc 1 1717 37
 4387 00fa 1A46     		mov	r2, r3
 4388 00fc 7B69     		ldr	r3, [r7, #20]
 4389 00fe 9B1A     		subs	r3, r3, r2
1717:../../../firmware/n32h7xx_std_periph_driver/src/n32h7xx_lcdc.c ****             LCDC_Layerx->CFBADDR = tmpcfbaddr;
 4390              		.loc 1 1717 24
 4391 0100 0133     		adds	r3, r3, #1
 4392 0102 7B61     		str	r3, [r7, #20]
1718:../../../firmware/n32h7xx_std_periph_driver/src/n32h7xx_lcdc.c ****         }
 4393              		.loc 1 1718 34
 4394 0104 7B68     		ldr	r3, [r7, #4]
 4395 0106 7A69     		ldr	r2, [r7, #20]
 4396 0108 5A63     		str	r2, [r3, #52]
 4397              	.L155:
ARM GAS  /tmp/ccxmuAb3.s 			page 108


 4398              		.loc 1 1725 1
 4399 010a 00BF     		nop
 4400 010c 2437     		adds	r7, r7, #36
 4401              	.LCFI232:
 4402              		.cfi_def_cfa_offset 4
 4403 010e BD46     		mov	sp, r7
 4404              	.LCFI233:
 4405              		.cfi_def_cfa_register 13
 4406              		@ sp needed
 4407 0110 80BC     		pop	{r7}
 4408              	.LCFI234:
 4409              		.cfi_restore 7
 4410              		.cfi_def_cfa_offset 0
 4411 0112 7047     		bx	lr
 4412              		.cfi_endproc
 4413              	.LFE174:
 4415              		.text
 4416              	.Letext0:
 4417              		.file 2 "/usr/lib/gcc/arm-none-eabi/13.2.1/include/stdint.h"
 4418              		.file 3 "../../../firmware/CMSIS/device/n32h7xx.h"
 4419              		.file 4 "../../../firmware/n32h7xx_std_periph_driver/inc/n32h7xx_lcdc.h"
 4420              		.file 5 "../../../firmware/n32h7xx_std_periph_driver/inc/n32h7xx_rcc.h"
ARM GAS  /tmp/ccxmuAb3.s 			page 109


DEFINED SYMBOLS
                            *ABS*:00000000 n32h7xx_lcdc.c
     /tmp/ccxmuAb3.s:19     .text.LCDC_DeInit:00000000 $t
     /tmp/ccxmuAb3.s:25     .text.LCDC_DeInit:00000000 LCDC_DeInit
     /tmp/ccxmuAb3.s:49     .text.LCDC_Init:00000000 $t
     /tmp/ccxmuAb3.s:55     .text.LCDC_Init:00000000 LCDC_Init
     /tmp/ccxmuAb3.s:217    .text.LCDC_Init:000000b0 $d
     /tmp/ccxmuAb3.s:222    .text.LCDC_StructInit:00000000 $t
     /tmp/ccxmuAb3.s:228    .text.LCDC_StructInit:00000000 LCDC_StructInit
     /tmp/ccxmuAb3.s:324    .text.LCDC_Enable:00000000 $t
     /tmp/ccxmuAb3.s:330    .text.LCDC_Enable:00000000 LCDC_Enable
     /tmp/ccxmuAb3.s:388    .text.LCDC_Enable:00000034 $d
     /tmp/ccxmuAb3.s:393    .text.LCDC_DitherEnable:00000000 $t
     /tmp/ccxmuAb3.s:399    .text.LCDC_DitherEnable:00000000 LCDC_DitherEnable
     /tmp/ccxmuAb3.s:457    .text.LCDC_DitherEnable:00000034 $d
     /tmp/ccxmuAb3.s:462    .text.LCDC_GetDitherWidth:00000000 $t
     /tmp/ccxmuAb3.s:468    .text.LCDC_GetDitherWidth:00000000 LCDC_GetDitherWidth
     /tmp/ccxmuAb3.s:546    .text.LCDC_GetDitherWidth:00000058 $d
     /tmp/ccxmuAb3.s:551    .text.LCDC_DitherStructInit:00000000 $t
     /tmp/ccxmuAb3.s:557    .text.LCDC_DitherStructInit:00000000 LCDC_DitherStructInit
     /tmp/ccxmuAb3.s:605    .text.LCDC_LINTPConfig:00000000 $t
     /tmp/ccxmuAb3.s:611    .text.LCDC_LINTPConfig:00000000 LCDC_LINTPConfig
     /tmp/ccxmuAb3.s:651    .text.LCDC_LINTPConfig:00000018 $d
     /tmp/ccxmuAb3.s:656    .text.LCDC_ReloadConfig:00000000 $t
     /tmp/ccxmuAb3.s:662    .text.LCDC_ReloadConfig:00000000 LCDC_ReloadConfig
     /tmp/ccxmuAb3.s:702    .text.LCDC_ReloadConfig:00000018 $d
     /tmp/ccxmuAb3.s:707    .text.LCDC_LayerReloadConfig:00000000 $t
     /tmp/ccxmuAb3.s:713    .text.LCDC_LayerReloadConfig:00000000 LCDC_LayerReloadConfig
     /tmp/ccxmuAb3.s:754    .text.LCDC_LayerInit:00000000 $t
     /tmp/ccxmuAb3.s:760    .text.LCDC_LayerInit:00000000 LCDC_LayerInit
     /tmp/ccxmuAb3.s:1253   .text.LCDC_LayerInit:000002cc $d
     /tmp/ccxmuAb3.s:1263   .text.LCDC_LayerStructInit:00000000 $t
     /tmp/ccxmuAb3.s:1269   .text.LCDC_LayerStructInit:00000000 LCDC_LayerStructInit
     /tmp/ccxmuAb3.s:1385   .text.LCDC_LayerEnable:00000000 $t
     /tmp/ccxmuAb3.s:1391   .text.LCDC_LayerEnable:00000000 LCDC_LayerEnable
     /tmp/ccxmuAb3.s:1451   .text.LCDC_GetPosStatus:00000000 $t
     /tmp/ccxmuAb3.s:1457   .text.LCDC_GetPosStatus:00000000 LCDC_GetPosStatus
     /tmp/ccxmuAb3.s:1519   .text.LCDC_GetPosStatus:0000003c $d
     /tmp/ccxmuAb3.s:1524   .text.LCDC_PosStructInit:00000000 $t
     /tmp/ccxmuAb3.s:1530   .text.LCDC_PosStructInit:00000000 LCDC_PosStructInit
     /tmp/ccxmuAb3.s:1574   .text.LCDC_GetCDStatus:00000000 $t
     /tmp/ccxmuAb3.s:1580   .text.LCDC_GetCDStatus:00000000 LCDC_GetCDStatus
     /tmp/ccxmuAb3.s:1635   .text.LCDC_GetCDStatus:0000002c $d
     /tmp/ccxmuAb3.s:1640   .text.LCDC_LayerColorKeyingConfig:00000000 $t
     /tmp/ccxmuAb3.s:1646   .text.LCDC_LayerColorKeyingConfig:00000000 LCDC_LayerColorKeyingConfig
     /tmp/ccxmuAb3.s:1740   .text.LCDC_LayerColorKeyingStructInit:00000000 $t
     /tmp/ccxmuAb3.s:1746   .text.LCDC_LayerColorKeyingStructInit:00000000 LCDC_LayerColorKeyingStructInit
     /tmp/ccxmuAb3.s:1794   .text.LCDC_LayerCLUTEnable:00000000 $t
     /tmp/ccxmuAb3.s:1800   .text.LCDC_LayerCLUTEnable:00000000 LCDC_LayerCLUTEnable
     /tmp/ccxmuAb3.s:1860   .text.LCDC_LayerCLUTInit:00000000 $t
     /tmp/ccxmuAb3.s:1866   .text.LCDC_LayerCLUTInit:00000000 LCDC_LayerCLUTInit
     /tmp/ccxmuAb3.s:1939   .text.LCDC_LayerCLUTStructInit:00000000 $t
     /tmp/ccxmuAb3.s:1945   .text.LCDC_LayerCLUTStructInit:00000000 LCDC_LayerCLUTStructInit
     /tmp/ccxmuAb3.s:1997   .text.LCDC_LayerPosition:00000000 $t
     /tmp/ccxmuAb3.s:2003   .text.LCDC_LayerPosition:00000000 LCDC_LayerPosition
     /tmp/ccxmuAb3.s:2205   .text.LCDC_LayerPosition:00000114 $d
     /tmp/ccxmuAb3.s:2210   .text.LCDC_LayerAlpha:00000000 $t
ARM GAS  /tmp/ccxmuAb3.s 			page 110


     /tmp/ccxmuAb3.s:2216   .text.LCDC_LayerAlpha:00000000 LCDC_LayerAlpha
     /tmp/ccxmuAb3.s:2258   .text.LCDC_LayerAddress:00000000 $t
     /tmp/ccxmuAb3.s:2264   .text.LCDC_LayerAddress:00000000 LCDC_LayerAddress
     /tmp/ccxmuAb3.s:2305   .text.LCDC_LayerSize:00000000 $t
     /tmp/ccxmuAb3.s:2311   .text.LCDC_LayerSize:00000000 LCDC_LayerSize
     /tmp/ccxmuAb3.s:2495   .text.LCDC_LayerPixelFormat:00000000 $t
     /tmp/ccxmuAb3.s:2501   .text.LCDC_LayerPixelFormat:00000000 LCDC_LayerPixelFormat
     /tmp/ccxmuAb3.s:2721   .text.LCDC_ConfigInt:00000000 $t
     /tmp/ccxmuAb3.s:2727   .text.LCDC_ConfigInt:00000000 LCDC_ConfigInt
     /tmp/ccxmuAb3.s:2791   .text.LCDC_ConfigInt:00000038 $d
     /tmp/ccxmuAb3.s:2796   .text.LCDC_GetFlagStatus:00000000 $t
     /tmp/ccxmuAb3.s:2802   .text.LCDC_GetFlagStatus:00000000 LCDC_GetFlagStatus
     /tmp/ccxmuAb3.s:2857   .text.LCDC_GetFlagStatus:0000002c $d
     /tmp/ccxmuAb3.s:2862   .text.LCDC_ClearFlag:00000000 $t
     /tmp/ccxmuAb3.s:2868   .text.LCDC_ClearFlag:00000000 LCDC_ClearFlag
     /tmp/ccxmuAb3.s:2908   .text.LCDC_ClearFlag:00000018 $d
     /tmp/ccxmuAb3.s:2913   .text.LCDC_GetIntStatus:00000000 $t
     /tmp/ccxmuAb3.s:2919   .text.LCDC_GetIntStatus:00000000 LCDC_GetIntStatus
     /tmp/ccxmuAb3.s:2996   .text.LCDC_GetIntStatus:00000048 $d
     /tmp/ccxmuAb3.s:3001   .text.LCDC_ClrIntPendingBit:00000000 $t
     /tmp/ccxmuAb3.s:3007   .text.LCDC_ClrIntPendingBit:00000000 LCDC_ClrIntPendingBit
     /tmp/ccxmuAb3.s:3047   .text.LCDC_ClrIntPendingBit:00000018 $d
     /tmp/ccxmuAb3.s:3052   .text.LCDC_LayerYUVEnable:00000000 $t
     /tmp/ccxmuAb3.s:3058   .text.LCDC_LayerYUVEnable:00000000 LCDC_LayerYUVEnable
     /tmp/ccxmuAb3.s:3118   .text.LCDC_LayerYHeadroomEnable:00000000 $t
     /tmp/ccxmuAb3.s:3124   .text.LCDC_LayerYHeadroomEnable:00000000 LCDC_LayerYHeadroomEnable
     /tmp/ccxmuAb3.s:3184   .text.LCDC_LayerWindow:00000000 $t
     /tmp/ccxmuAb3.s:3190   .text.LCDC_LayerWindow:00000000 LCDC_LayerWindow
     /tmp/ccxmuAb3.s:3294   .text.LCDC_LayerWindow:00000068 $d
     /tmp/ccxmuAb3.s:3299   .text.LCDC_LayerWindowStructInit:00000000 $t
     /tmp/ccxmuAb3.s:3305   .text.LCDC_LayerWindowStructInit:00000000 LCDC_LayerWindowStructInit
     /tmp/ccxmuAb3.s:3357   .text.LCDC_LayerScalerStructInit:00000000 $t
     /tmp/ccxmuAb3.s:3363   .text.LCDC_LayerScalerStructInit:00000000 LCDC_LayerScalerStructInit
     /tmp/ccxmuAb3.s:3428   .text.LCDC_LayerScaler:00000000 $t
     /tmp/ccxmuAb3.s:3434   .text.LCDC_LayerScaler:00000000 LCDC_LayerScaler
     /tmp/ccxmuAb3.s:3902   .text.LCDC_LayerScalerEnable:00000000 $t
     /tmp/ccxmuAb3.s:3908   .text.LCDC_LayerScalerEnable:00000000 LCDC_LayerScalerEnable
     /tmp/ccxmuAb3.s:3968   .text.LCDC_LayerRotate180Enable:00000000 $t
     /tmp/ccxmuAb3.s:3974   .text.LCDC_LayerRotate180Enable:00000000 LCDC_LayerRotate180Enable
     /tmp/ccxmuAb3.s:4209   .text.LCDC_LayerHorizontalMirrorEnable:00000000 $t
     /tmp/ccxmuAb3.s:4215   .text.LCDC_LayerHorizontalMirrorEnable:00000000 LCDC_LayerHorizontalMirrorEnable

UNDEFINED SYMBOLS
RCC_EnableAXIPeriphReset2
__aeabi_ui2f
__aeabi_fcmpgt
__aeabi_fdiv
__aeabi_f2uiz
__aeabi_fmul
