ARM GAS  /tmp/ccLNzWRO.s 			page 1


   1              		.cpu cortex-m4
   2              		.arch armv7e-m
   3              		.fpu softvfp
   4              		.eabi_attribute 20, 1
   5              		.eabi_attribute 21, 1
   6              		.eabi_attribute 23, 3
   7              		.eabi_attribute 24, 1
   8              		.eabi_attribute 25, 1
   9              		.eabi_attribute 26, 1
  10              		.eabi_attribute 30, 6
  11              		.eabi_attribute 34, 1
  12              		.eabi_attribute 18, 4
  13              		.file	"n32h7xx_dsmu.c"
  14              		.text
  15              	.Ltext0:
  16              		.cfi_sections	.debug_frame
  17              		.file 1 "../../../firmware/n32h7xx_std_periph_driver/src/n32h7xx_dsmu.c"
  18              		.section	.bss.gDSMU_ChannelInitStatus,"aw",%nobits
  19              		.align	2
  22              	gDSMU_ChannelInitStatus:
  23 0000 00000000 		.space	4
  24              		.section	.text.DSMU_DeInit,"ax",%progbits
  25              		.align	1
  26              		.global	DSMU_DeInit
  27              		.syntax unified
  28              		.thumb
  29              		.thumb_func
  31              	DSMU_DeInit:
  32              	.LFB135:
   1:../../../firmware/n32h7xx_std_periph_driver/src/n32h7xx_dsmu.c **** 
   2:../../../firmware/n32h7xx_std_periph_driver/src/n32h7xx_dsmu.c **** /**
   3:../../../firmware/n32h7xx_std_periph_driver/src/n32h7xx_dsmu.c **** *     Copyright (c) 2025, Nations Technologies Inc.
   4:../../../firmware/n32h7xx_std_periph_driver/src/n32h7xx_dsmu.c **** *
   5:../../../firmware/n32h7xx_std_periph_driver/src/n32h7xx_dsmu.c **** *     All rights reserved.
   6:../../../firmware/n32h7xx_std_periph_driver/src/n32h7xx_dsmu.c **** *
   7:../../../firmware/n32h7xx_std_periph_driver/src/n32h7xx_dsmu.c **** *     This software is the exclusive property of Nations Technologies Inc. (Hereinafter
   8:../../../firmware/n32h7xx_std_periph_driver/src/n32h7xx_dsmu.c **** * referred to as NATIONS). This software, and the product of NATIONS described herein
   9:../../../firmware/n32h7xx_std_periph_driver/src/n32h7xx_dsmu.c **** * (Hereinafter referred to as the Product) are owned by NATIONS under the laws and treaties
  10:../../../firmware/n32h7xx_std_periph_driver/src/n32h7xx_dsmu.c **** * of the People's Republic of China and other applicable jurisdictions worldwide.
  11:../../../firmware/n32h7xx_std_periph_driver/src/n32h7xx_dsmu.c **** *
  12:../../../firmware/n32h7xx_std_periph_driver/src/n32h7xx_dsmu.c **** *     NATIONS does not grant any license under its patents, copyrights, trademarks, or other
  13:../../../firmware/n32h7xx_std_periph_driver/src/n32h7xx_dsmu.c **** * intellectual property rights. Names and brands of third party may be mentioned or referred
  14:../../../firmware/n32h7xx_std_periph_driver/src/n32h7xx_dsmu.c **** * thereto (if any) for identification purposes only.
  15:../../../firmware/n32h7xx_std_periph_driver/src/n32h7xx_dsmu.c **** *
  16:../../../firmware/n32h7xx_std_periph_driver/src/n32h7xx_dsmu.c **** *     NATIONS reserves the right to make changes, corrections, enhancements, modifications, and
  17:../../../firmware/n32h7xx_std_periph_driver/src/n32h7xx_dsmu.c **** * improvements to this software at any time without notice. Please contact NATIONS and obtain
  18:../../../firmware/n32h7xx_std_periph_driver/src/n32h7xx_dsmu.c **** * the latest version of this software before placing orders.
  19:../../../firmware/n32h7xx_std_periph_driver/src/n32h7xx_dsmu.c **** 
  20:../../../firmware/n32h7xx_std_periph_driver/src/n32h7xx_dsmu.c **** *     Although NATIONS has attempted to provide accurate and reliable information, NATIONS assumes
  21:../../../firmware/n32h7xx_std_periph_driver/src/n32h7xx_dsmu.c **** * no responsibility for the accuracy and reliability of this software.
  22:../../../firmware/n32h7xx_std_periph_driver/src/n32h7xx_dsmu.c **** *
  23:../../../firmware/n32h7xx_std_periph_driver/src/n32h7xx_dsmu.c **** *     It is the responsibility of the user of this software to properly design, program, and test
  24:../../../firmware/n32h7xx_std_periph_driver/src/n32h7xx_dsmu.c **** * the functionality and safety of any application made of this information and any resulting produc
  25:../../../firmware/n32h7xx_std_periph_driver/src/n32h7xx_dsmu.c **** * In no event sl NATIONS be liable for any direct, indirect, incidental, special,exemplary, or
  26:../../../firmware/n32h7xx_std_periph_driver/src/n32h7xx_dsmu.c **** * consequential damages arising in any way out of the use of this software or the Product.
  27:../../../firmware/n32h7xx_std_periph_driver/src/n32h7xx_dsmu.c **** *
  28:../../../firmware/n32h7xx_std_periph_driver/src/n32h7xx_dsmu.c **** *     NATIONS Products are neither intended nor warranted for usage in systems or equipment, any
ARM GAS  /tmp/ccLNzWRO.s 			page 2


  29:../../../firmware/n32h7xx_std_periph_driver/src/n32h7xx_dsmu.c **** * malfunction or failure of which may cause loss of human life, bodily injury or severe property
  30:../../../firmware/n32h7xx_std_periph_driver/src/n32h7xx_dsmu.c **** * damage. Such applications are deemed, "Insecure Usage".
  31:../../../firmware/n32h7xx_std_periph_driver/src/n32h7xx_dsmu.c **** *
  32:../../../firmware/n32h7xx_std_periph_driver/src/n32h7xx_dsmu.c **** *     All Insecure Usage sl be made at user's risk. User sl indemnify NATIONS and hold NATIONS
  33:../../../firmware/n32h7xx_std_periph_driver/src/n32h7xx_dsmu.c **** * harmless from and against all claims, costs, damages, and other liabilities, arising from or rela
  34:../../../firmware/n32h7xx_std_periph_driver/src/n32h7xx_dsmu.c **** * to any customer's Insecure Usage.
  35:../../../firmware/n32h7xx_std_periph_driver/src/n32h7xx_dsmu.c **** 
  36:../../../firmware/n32h7xx_std_periph_driver/src/n32h7xx_dsmu.c **** *     Any express or implied warranty with regard to this software or the Product, including,but no
  37:../../../firmware/n32h7xx_std_periph_driver/src/n32h7xx_dsmu.c **** * limited to, the warranties of merchantability, fitness for a particular purpose and non-infringem
  38:../../../firmware/n32h7xx_std_periph_driver/src/n32h7xx_dsmu.c **** * are disclaimed to the fullest extent permitted by law.
  39:../../../firmware/n32h7xx_std_periph_driver/src/n32h7xx_dsmu.c **** 
  40:../../../firmware/n32h7xx_std_periph_driver/src/n32h7xx_dsmu.c **** *     Unless otherwise explicitly permitted by NATIONS, anyone may not duplicate, modify, transcrib
  41:../../../firmware/n32h7xx_std_periph_driver/src/n32h7xx_dsmu.c **** * or otherwise distribute this software for any purposes, in whole or in part.
  42:../../../firmware/n32h7xx_std_periph_driver/src/n32h7xx_dsmu.c **** *
  43:../../../firmware/n32h7xx_std_periph_driver/src/n32h7xx_dsmu.c **** *     NATIONS products and technologies sl not be used for or incorporated into any products or sys
  44:../../../firmware/n32h7xx_std_periph_driver/src/n32h7xx_dsmu.c **** * whose manufacture, use, or sale is prohibited under any applicable domestic or foreign laws or re
  45:../../../firmware/n32h7xx_std_periph_driver/src/n32h7xx_dsmu.c **** * User sl comply with any applicable export control laws and regulations promulgated and administer
  46:../../../firmware/n32h7xx_std_periph_driver/src/n32h7xx_dsmu.c **** * the governments of any countries asserting jurisdiction over the parties or transactions.
  47:../../../firmware/n32h7xx_std_periph_driver/src/n32h7xx_dsmu.c **** **/
  48:../../../firmware/n32h7xx_std_periph_driver/src/n32h7xx_dsmu.c **** 
  49:../../../firmware/n32h7xx_std_periph_driver/src/n32h7xx_dsmu.c **** /**
  50:../../../firmware/n32h7xx_std_periph_driver/src/n32h7xx_dsmu.c **** *\*\file n32h7xx_dsmu.c
  51:../../../firmware/n32h7xx_std_periph_driver/src/n32h7xx_dsmu.c **** *\*\author Nations
  52:../../../firmware/n32h7xx_std_periph_driver/src/n32h7xx_dsmu.c **** *\*\version v1.0.0
  53:../../../firmware/n32h7xx_std_periph_driver/src/n32h7xx_dsmu.c **** *\*\copyright Copyright (c) 2025, Nations Technologies Inc. All rights reserved.
  54:../../../firmware/n32h7xx_std_periph_driver/src/n32h7xx_dsmu.c **** **/
  55:../../../firmware/n32h7xx_std_periph_driver/src/n32h7xx_dsmu.c **** 
  56:../../../firmware/n32h7xx_std_periph_driver/src/n32h7xx_dsmu.c **** #include "n32h7xx_dsmu.h"
  57:../../../firmware/n32h7xx_std_periph_driver/src/n32h7xx_dsmu.c **** #include "n32h7xx_rcc.h"
  58:../../../firmware/n32h7xx_std_periph_driver/src/n32h7xx_dsmu.c **** 
  59:../../../firmware/n32h7xx_std_periph_driver/src/n32h7xx_dsmu.c **** #ifndef NULL
  60:../../../firmware/n32h7xx_std_periph_driver/src/n32h7xx_dsmu.c ****     #define NULL          0
  61:../../../firmware/n32h7xx_std_periph_driver/src/n32h7xx_dsmu.c **** #endif
  62:../../../firmware/n32h7xx_std_periph_driver/src/n32h7xx_dsmu.c **** 
  63:../../../firmware/n32h7xx_std_periph_driver/src/n32h7xx_dsmu.c **** /** DSMU Private variables **/
  64:../../../firmware/n32h7xx_std_periph_driver/src/n32h7xx_dsmu.c **** static __IO uint32_t    gDSMU_ChannelInitStatus = 0U;
  65:../../../firmware/n32h7xx_std_periph_driver/src/n32h7xx_dsmu.c **** 
  66:../../../firmware/n32h7xx_std_periph_driver/src/n32h7xx_dsmu.c **** /**  DSMU_Private_Functions DSMU Private Functions **/
  67:../../../firmware/n32h7xx_std_periph_driver/src/n32h7xx_dsmu.c **** static uint32_t DSMU_GetChannelNumber(const DSMU_Channel_Submodule *DSMU_Channely);
  68:../../../firmware/n32h7xx_std_periph_driver/src/n32h7xx_dsmu.c **** 
  69:../../../firmware/n32h7xx_std_periph_driver/src/n32h7xx_dsmu.c **** /**
  70:../../../firmware/n32h7xx_std_periph_driver/src/n32h7xx_dsmu.c **** *\*\name   DSMU_DeInit.
  71:../../../firmware/n32h7xx_std_periph_driver/src/n32h7xx_dsmu.c **** *\*\fun    Deinitialize the DSMU.
  72:../../../firmware/n32h7xx_std_periph_driver/src/n32h7xx_dsmu.c **** *\*\param  none.
  73:../../../firmware/n32h7xx_std_periph_driver/src/n32h7xx_dsmu.c **** *\*\return none.
  74:../../../firmware/n32h7xx_std_periph_driver/src/n32h7xx_dsmu.c **** **/
  75:../../../firmware/n32h7xx_std_periph_driver/src/n32h7xx_dsmu.c **** void DSMU_DeInit(void)
  76:../../../firmware/n32h7xx_std_periph_driver/src/n32h7xx_dsmu.c **** {
  33              		.loc 1 76 1
  34              		.cfi_startproc
  35              		@ args = 0, pretend = 0, frame = 0
  36              		@ frame_needed = 1, uses_anonymous_args = 0
  37 0000 80B5     		push	{r7, lr}
  38              	.LCFI0:
  39              		.cfi_def_cfa_offset 8
  40              		.cfi_offset 7, -8
  41              		.cfi_offset 14, -4
ARM GAS  /tmp/ccLNzWRO.s 			page 3


  42 0002 00AF     		add	r7, sp, #0
  43              	.LCFI1:
  44              		.cfi_def_cfa_register 7
  77:../../../firmware/n32h7xx_std_periph_driver/src/n32h7xx_dsmu.c ****     /* Reset DSMU by RCC*/
  78:../../../firmware/n32h7xx_std_periph_driver/src/n32h7xx_dsmu.c ****     RCC_EnableAPB2PeriphReset2(RCC_APB2_PERIPHRST_DSMU);
  45              		.loc 1 78 5
  46 0004 4FF48050 		mov	r0, #4096
  47 0008 FFF7FEFF 		bl	RCC_EnableAPB2PeriphReset2
  79:../../../firmware/n32h7xx_std_periph_driver/src/n32h7xx_dsmu.c **** 
  80:../../../firmware/n32h7xx_std_periph_driver/src/n32h7xx_dsmu.c ****     /* Reset initial status of all channels */
  81:../../../firmware/n32h7xx_std_periph_driver/src/n32h7xx_dsmu.c ****     gDSMU_ChannelInitStatus = 0U;
  48              		.loc 1 81 29
  49 000c 024B     		ldr	r3, .L2
  50 000e 0022     		movs	r2, #0
  51 0010 1A60     		str	r2, [r3]
  82:../../../firmware/n32h7xx_std_periph_driver/src/n32h7xx_dsmu.c **** }
  52              		.loc 1 82 1
  53 0012 00BF     		nop
  54 0014 80BD     		pop	{r7, pc}
  55              	.L3:
  56 0016 00BF     		.align	2
  57              	.L2:
  58 0018 00000000 		.word	gDSMU_ChannelInitStatus
  59              		.cfi_endproc
  60              	.LFE135:
  62              		.section	.text.DSMU_ChannelInit,"ax",%progbits
  63              		.align	1
  64              		.global	DSMU_ChannelInit
  65              		.syntax unified
  66              		.thumb
  67              		.thumb_func
  69              	DSMU_ChannelInit:
  70              	.LFB136:
  83:../../../firmware/n32h7xx_std_periph_driver/src/n32h7xx_dsmu.c **** 
  84:../../../firmware/n32h7xx_std_periph_driver/src/n32h7xx_dsmu.c **** /**
  85:../../../firmware/n32h7xx_std_periph_driver/src/n32h7xx_dsmu.c **** *\*\name   DSMU_ChannelInit.
  86:../../../firmware/n32h7xx_std_periph_driver/src/n32h7xx_dsmu.c **** *\*\fun    Initialize the DSMU channel according to the specified parameters
  87:../../../firmware/n32h7xx_std_periph_driver/src/n32h7xx_dsmu.c **** *\*\param  DSMU_Channely
  88:../../../firmware/n32h7xx_std_periph_driver/src/n32h7xx_dsmu.c **** *\*\          - DSMU_Channel0
  89:../../../firmware/n32h7xx_std_periph_driver/src/n32h7xx_dsmu.c **** *\*\          - DSMU_Channel1
  90:../../../firmware/n32h7xx_std_periph_driver/src/n32h7xx_dsmu.c **** *\*\          - DSMU_Channel2
  91:../../../firmware/n32h7xx_std_periph_driver/src/n32h7xx_dsmu.c **** *\*\          - DSMU_Channel3
  92:../../../firmware/n32h7xx_std_periph_driver/src/n32h7xx_dsmu.c **** *\*\          - DSMU_Channel4
  93:../../../firmware/n32h7xx_std_periph_driver/src/n32h7xx_dsmu.c **** *\*\          - DSMU_Channel5
  94:../../../firmware/n32h7xx_std_periph_driver/src/n32h7xx_dsmu.c **** *\*\          - DSMU_Channel6
  95:../../../firmware/n32h7xx_std_periph_driver/src/n32h7xx_dsmu.c **** *\*\          - DSMU_Channel7
  96:../../../firmware/n32h7xx_std_periph_driver/src/n32h7xx_dsmu.c **** *\*\param  DSMU_ChannelyInitStruct
  97:../../../firmware/n32h7xx_std_periph_driver/src/n32h7xx_dsmu.c **** *\*\          - OutputClock:
  98:../../../firmware/n32h7xx_std_periph_driver/src/n32h7xx_dsmu.c **** *\*\             - Activation:
  99:../../../firmware/n32h7xx_std_periph_driver/src/n32h7xx_dsmu.c **** *\*\                - DISABLE
 100:../../../firmware/n32h7xx_std_periph_driver/src/n32h7xx_dsmu.c **** *\*\                - ENABLE
 101:../../../firmware/n32h7xx_std_periph_driver/src/n32h7xx_dsmu.c **** *\*\             - Selection:
 102:../../../firmware/n32h7xx_std_periph_driver/src/n32h7xx_dsmu.c **** *\*\                - DSMU_CHANNEL_OUTPUT_CLOCK_SYSTEM
 103:../../../firmware/n32h7xx_std_periph_driver/src/n32h7xx_dsmu.c **** *\*\                - DSMU_CHANNEL_OUTPUT_CLOCK_AUDIO
 104:../../../firmware/n32h7xx_std_periph_driver/src/n32h7xx_dsmu.c **** *\*\             - Divider:
 105:../../../firmware/n32h7xx_std_periph_driver/src/n32h7xx_dsmu.c **** *\*\                - This parameter must be a number between Min_Data = 2 and Max_Data = 256.
 106:../../../firmware/n32h7xx_std_periph_driver/src/n32h7xx_dsmu.c **** *\*\          - Input:
ARM GAS  /tmp/ccLNzWRO.s 			page 4


 107:../../../firmware/n32h7xx_std_periph_driver/src/n32h7xx_dsmu.c **** *\*\             - Multiplexer:
 108:../../../firmware/n32h7xx_std_periph_driver/src/n32h7xx_dsmu.c **** *\*\                - DSMU_CHANNEL_EXTERNAL_INPUTS
 109:../../../firmware/n32h7xx_std_periph_driver/src/n32h7xx_dsmu.c **** *\*\                - DSMU_CHANNEL_ADC_OUTPUT
 110:../../../firmware/n32h7xx_std_periph_driver/src/n32h7xx_dsmu.c **** *\*\                - DSMU_CHANNEL_INTERNAL_REGISTER
 111:../../../firmware/n32h7xx_std_periph_driver/src/n32h7xx_dsmu.c **** *\*\             - DataPacking:
 112:../../../firmware/n32h7xx_std_periph_driver/src/n32h7xx_dsmu.c **** *\*\                - DSMU_CHANNEL_STANDARD_MODE
 113:../../../firmware/n32h7xx_std_periph_driver/src/n32h7xx_dsmu.c **** *\*\                - DSMU_CHANNEL_INTERLEAVED_MODE
 114:../../../firmware/n32h7xx_std_periph_driver/src/n32h7xx_dsmu.c **** *\*\                - DSMU_CHANNEL_DUAL_MODE
 115:../../../firmware/n32h7xx_std_periph_driver/src/n32h7xx_dsmu.c **** *\*\             - Pins:
 116:../../../firmware/n32h7xx_std_periph_driver/src/n32h7xx_dsmu.c **** *\*\                - DSMU_CHANNEL_SAME_CHANNEL_PINS
 117:../../../firmware/n32h7xx_std_periph_driver/src/n32h7xx_dsmu.c **** *\*\                - DSMU_CHANNEL_FOLLOWING_CHANNEL_PINS
 118:../../../firmware/n32h7xx_std_periph_driver/src/n32h7xx_dsmu.c **** *\*\          - SerialInterface:
 119:../../../firmware/n32h7xx_std_periph_driver/src/n32h7xx_dsmu.c **** *\*\             - Type:
 120:../../../firmware/n32h7xx_std_periph_driver/src/n32h7xx_dsmu.c **** *\*\                - DSMU_CHANNEL_SPI_RISING
 121:../../../firmware/n32h7xx_std_periph_driver/src/n32h7xx_dsmu.c **** *\*\                - DSMU_CHANNEL_SPI_FALLING
 122:../../../firmware/n32h7xx_std_periph_driver/src/n32h7xx_dsmu.c **** *\*\                - DSMU_CHANNEL_MANCHESTER_RISING
 123:../../../firmware/n32h7xx_std_periph_driver/src/n32h7xx_dsmu.c **** *\*\                - DSMU_CHANNEL_MANCHESTER_FALLING
 124:../../../firmware/n32h7xx_std_periph_driver/src/n32h7xx_dsmu.c **** *\*\             - SpiClock:
 125:../../../firmware/n32h7xx_std_periph_driver/src/n32h7xx_dsmu.c **** *\*\                - DSMU_CHANNEL_SPI_CLOCK_EXTERNAL
 126:../../../firmware/n32h7xx_std_periph_driver/src/n32h7xx_dsmu.c **** *\*\                - DSMU_CHANNEL_SPI_CLOCK_INTERNAL
 127:../../../firmware/n32h7xx_std_periph_driver/src/n32h7xx_dsmu.c **** *\*\                - DSMU_CHANNEL_SPI_CLOCK_INTERNAL_DIV2_FALLING
 128:../../../firmware/n32h7xx_std_periph_driver/src/n32h7xx_dsmu.c **** *\*\                - DSMU_CHANNEL_SPI_CLOCK_INTERNAL_DIV2_RISING
 129:../../../firmware/n32h7xx_std_periph_driver/src/n32h7xx_dsmu.c **** *\*\          - Awd:
 130:../../../firmware/n32h7xx_std_periph_driver/src/n32h7xx_dsmu.c **** *\*\             - FilterOrder:
 131:../../../firmware/n32h7xx_std_periph_driver/src/n32h7xx_dsmu.c **** *\*\                - DSMU_AWD_FASTSINC_ORDER
 132:../../../firmware/n32h7xx_std_periph_driver/src/n32h7xx_dsmu.c **** *\*\                - DSMU_AWD_SINC1_ORDER
 133:../../../firmware/n32h7xx_std_periph_driver/src/n32h7xx_dsmu.c **** *\*\                - DSMU_AWD_SINC2_ORDER
 134:../../../firmware/n32h7xx_std_periph_driver/src/n32h7xx_dsmu.c **** *\*\                - DSMU_AWD_SINC3_ORDER
 135:../../../firmware/n32h7xx_std_periph_driver/src/n32h7xx_dsmu.c **** *\*\             - Oversampling:
 136:../../../firmware/n32h7xx_std_periph_driver/src/n32h7xx_dsmu.c **** *\*\                - This parameter must be a number between Min_Data = 1 and Max_Data = 32.
 137:../../../firmware/n32h7xx_std_periph_driver/src/n32h7xx_dsmu.c **** *\*\          - Offset:
 138:../../../firmware/n32h7xx_std_periph_driver/src/n32h7xx_dsmu.c **** *\*\             - This parameter must be a number between Min_Data = -8388608 and Max_Data = 83886
 139:../../../firmware/n32h7xx_std_periph_driver/src/n32h7xx_dsmu.c **** *\*\          - RightBitShift:
 140:../../../firmware/n32h7xx_std_periph_driver/src/n32h7xx_dsmu.c **** *\*\             - This parameter must be a number between Min_Data = 0 and Max_Data = 31.
 141:../../../firmware/n32h7xx_std_periph_driver/src/n32h7xx_dsmu.c **** *\*\return ErrorStatus:
 142:../../../firmware/n32h7xx_std_periph_driver/src/n32h7xx_dsmu.c **** *\*\          - SUCCESS
 143:../../../firmware/n32h7xx_std_periph_driver/src/n32h7xx_dsmu.c **** *\*\          - ERROR
 144:../../../firmware/n32h7xx_std_periph_driver/src/n32h7xx_dsmu.c **** **/
 145:../../../firmware/n32h7xx_std_periph_driver/src/n32h7xx_dsmu.c **** ErrorStatus DSMU_ChannelInit(DSMU_Channel_Submodule* DSMU_Channely, DSMU_Channel_InitType* DSMU_Cha
 146:../../../firmware/n32h7xx_std_periph_driver/src/n32h7xx_dsmu.c **** {
  71              		.loc 1 146 1
  72              		.cfi_startproc
  73              		@ args = 0, pretend = 0, frame = 16
  74              		@ frame_needed = 1, uses_anonymous_args = 0
  75 0000 80B5     		push	{r7, lr}
  76              	.LCFI2:
  77              		.cfi_def_cfa_offset 8
  78              		.cfi_offset 7, -8
  79              		.cfi_offset 14, -4
  80 0002 84B0     		sub	sp, sp, #16
  81              	.LCFI3:
  82              		.cfi_def_cfa_offset 24
  83 0004 00AF     		add	r7, sp, #0
  84              	.LCFI4:
  85              		.cfi_def_cfa_register 7
  86 0006 7860     		str	r0, [r7, #4]
  87 0008 3960     		str	r1, [r7]
ARM GAS  /tmp/ccLNzWRO.s 			page 5


 147:../../../firmware/n32h7xx_std_periph_driver/src/n32h7xx_dsmu.c ****     uint32_t tReg;
 148:../../../firmware/n32h7xx_std_periph_driver/src/n32h7xx_dsmu.c ****     ErrorStatus status = SUCCESS;
  88              		.loc 1 148 17
  89 000a 0123     		movs	r3, #1
  90 000c FB72     		strb	r3, [r7, #11]
 149:../../../firmware/n32h7xx_std_periph_driver/src/n32h7xx_dsmu.c **** 
 150:../../../firmware/n32h7xx_std_periph_driver/src/n32h7xx_dsmu.c ****     /* Check DSMU Channel handle */
 151:../../../firmware/n32h7xx_std_periph_driver/src/n32h7xx_dsmu.c ****     if(DSMU_ChannelInitStruct == NULL)
  91              		.loc 1 151 7
  92 000e 3B68     		ldr	r3, [r7]
  93 0010 002B     		cmp	r3, #0
  94 0012 02D1     		bne	.L5
 152:../../../firmware/n32h7xx_std_periph_driver/src/n32h7xx_dsmu.c ****     {
 153:../../../firmware/n32h7xx_std_periph_driver/src/n32h7xx_dsmu.c ****         status = ERROR;
  95              		.loc 1 153 16
  96 0014 0023     		movs	r3, #0
  97 0016 FB72     		strb	r3, [r7, #11]
  98 0018 89E0     		b	.L6
  99              	.L5:
 154:../../../firmware/n32h7xx_std_periph_driver/src/n32h7xx_dsmu.c ****     }
 155:../../../firmware/n32h7xx_std_periph_driver/src/n32h7xx_dsmu.c ****     else
 156:../../../firmware/n32h7xx_std_periph_driver/src/n32h7xx_dsmu.c ****     {
 157:../../../firmware/n32h7xx_std_periph_driver/src/n32h7xx_dsmu.c ****         /* Configure output serial clock and enable global DSMU interface only for first channel */
 158:../../../firmware/n32h7xx_std_periph_driver/src/n32h7xx_dsmu.c ****         if(0U == gDSMU_ChannelInitStatus)
 100              		.loc 1 158 15
 101 001a 474B     		ldr	r3, .L10
 102 001c 1B68     		ldr	r3, [r3]
 103              		.loc 1 158 11
 104 001e 002B     		cmp	r3, #0
 105 0020 27D1     		bne	.L7
 159:../../../firmware/n32h7xx_std_periph_driver/src/n32h7xx_dsmu.c ****         {
 160:../../../firmware/n32h7xx_std_periph_driver/src/n32h7xx_dsmu.c ****             /* Disable the DSMU global interface */
 161:../../../firmware/n32h7xx_std_periph_driver/src/n32h7xx_dsmu.c ****             DSMU_Channel0->CHCFG1 &= ~(DSMU_CHYCFG1_DSMUEN);
 106              		.loc 1 161 26
 107 0022 464B     		ldr	r3, .L10+4
 108 0024 1B68     		ldr	r3, [r3]
 109 0026 454A     		ldr	r2, .L10+4
 110              		.loc 1 161 35
 111 0028 23F00043 		bic	r3, r3, #-2147483648
 112 002c 1360     		str	r3, [r2]
 162:../../../firmware/n32h7xx_std_periph_driver/src/n32h7xx_dsmu.c **** 
 163:../../../firmware/n32h7xx_std_periph_driver/src/n32h7xx_dsmu.c ****             /* Reset clock source and divider */
 164:../../../firmware/n32h7xx_std_periph_driver/src/n32h7xx_dsmu.c ****             tReg = DSMU_Channel0->CHCFG1;
 113              		.loc 1 164 33
 114 002e 434B     		ldr	r3, .L10+4
 115              		.loc 1 164 18
 116 0030 1B68     		ldr	r3, [r3]
 117 0032 FB60     		str	r3, [r7, #12]
 165:../../../firmware/n32h7xx_std_periph_driver/src/n32h7xx_dsmu.c ****             tReg &= ~(DSMU_CHYCFG1_CLKOUTSRC | DSMU_CHYCFG1_CLKOUTDIV);
 118              		.loc 1 165 18
 119 0034 FB68     		ldr	r3, [r7, #12]
 120 0036 23F08143 		bic	r3, r3, #1082130432
 121 003a 23F4FE03 		bic	r3, r3, #8323072
 122 003e FB60     		str	r3, [r7, #12]
 166:../../../firmware/n32h7xx_std_periph_driver/src/n32h7xx_dsmu.c **** 
 167:../../../firmware/n32h7xx_std_periph_driver/src/n32h7xx_dsmu.c ****             /* Set the output serial clock source */
 168:../../../firmware/n32h7xx_std_periph_driver/src/n32h7xx_dsmu.c ****             tReg |= DSMU_ChannelInitStruct->OutputClock.Selection;
ARM GAS  /tmp/ccLNzWRO.s 			page 6


 123              		.loc 1 168 56
 124 0040 3B68     		ldr	r3, [r7]
 125 0042 5B68     		ldr	r3, [r3, #4]
 126              		.loc 1 168 18
 127 0044 FA68     		ldr	r2, [r7, #12]
 128 0046 1343     		orrs	r3, r3, r2
 129 0048 FB60     		str	r3, [r7, #12]
 169:../../../firmware/n32h7xx_std_periph_driver/src/n32h7xx_dsmu.c **** 
 170:../../../firmware/n32h7xx_std_periph_driver/src/n32h7xx_dsmu.c ****             if(DSMU_ChannelInitStruct->OutputClock.Activation != DISABLE)
 130              		.loc 1 170 51
 131 004a 3B68     		ldr	r3, [r7]
 132 004c 1B78     		ldrb	r3, [r3]	@ zero_extendqisi2
 133              		.loc 1 170 15
 134 004e 002B     		cmp	r3, #0
 135 0050 06D0     		beq	.L8
 171:../../../firmware/n32h7xx_std_periph_driver/src/n32h7xx_dsmu.c ****             {
 172:../../../firmware/n32h7xx_std_periph_driver/src/n32h7xx_dsmu.c ****                 /* Set the output clock divider */
 173:../../../firmware/n32h7xx_std_periph_driver/src/n32h7xx_dsmu.c ****                 tReg |= ((DSMU_ChannelInitStruct->OutputClock.Divider - 1U) << REG_BIT16_OFFSET);
 136              		.loc 1 173 62
 137 0052 3B68     		ldr	r3, [r7]
 138 0054 9B68     		ldr	r3, [r3, #8]
 139              		.loc 1 173 71
 140 0056 013B     		subs	r3, r3, #1
 141              		.loc 1 173 77
 142 0058 1B04     		lsls	r3, r3, #16
 143              		.loc 1 173 22
 144 005a FA68     		ldr	r2, [r7, #12]
 145 005c 1343     		orrs	r3, r3, r2
 146 005e FB60     		str	r3, [r7, #12]
 147              	.L8:
 174:../../../firmware/n32h7xx_std_periph_driver/src/n32h7xx_dsmu.c ****             }
 175:../../../firmware/n32h7xx_std_periph_driver/src/n32h7xx_dsmu.c **** 
 176:../../../firmware/n32h7xx_std_periph_driver/src/n32h7xx_dsmu.c ****             /* Write register */
 177:../../../firmware/n32h7xx_std_periph_driver/src/n32h7xx_dsmu.c ****             DSMU_Channel0->CHCFG1 = tReg;
 148              		.loc 1 177 26
 149 0060 364A     		ldr	r2, .L10+4
 150              		.loc 1 177 35
 151 0062 FB68     		ldr	r3, [r7, #12]
 152 0064 1360     		str	r3, [r2]
 178:../../../firmware/n32h7xx_std_periph_driver/src/n32h7xx_dsmu.c **** 
 179:../../../firmware/n32h7xx_std_periph_driver/src/n32h7xx_dsmu.c ****             /* Enable the DSMU global interface */
 180:../../../firmware/n32h7xx_std_periph_driver/src/n32h7xx_dsmu.c ****             DSMU_Channel0->CHCFG1 |= DSMU_CHYCFG1_DSMUEN;
 153              		.loc 1 180 26
 154 0066 354B     		ldr	r3, .L10+4
 155 0068 1B68     		ldr	r3, [r3]
 156 006a 344A     		ldr	r2, .L10+4
 157              		.loc 1 180 35
 158 006c 43F00043 		orr	r3, r3, #-2147483648
 159 0070 1360     		str	r3, [r2]
 160              	.L7:
 181:../../../firmware/n32h7xx_std_periph_driver/src/n32h7xx_dsmu.c ****         }
 182:../../../firmware/n32h7xx_std_periph_driver/src/n32h7xx_dsmu.c **** 
 183:../../../firmware/n32h7xx_std_periph_driver/src/n32h7xx_dsmu.c ****         /* Disable current channel */
 184:../../../firmware/n32h7xx_std_periph_driver/src/n32h7xx_dsmu.c ****         DSMU_Channely->CHCFG1 &= ~(DSMU_CHYCFG1_CHEN);
 161              		.loc 1 184 22
 162 0072 7B68     		ldr	r3, [r7, #4]
 163 0074 1B68     		ldr	r3, [r3]
ARM GAS  /tmp/ccLNzWRO.s 			page 7


 164              		.loc 1 184 31
 165 0076 23F08002 		bic	r2, r3, #128
 166 007a 7B68     		ldr	r3, [r7, #4]
 167 007c 1A60     		str	r2, [r3]
 185:../../../firmware/n32h7xx_std_periph_driver/src/n32h7xx_dsmu.c **** 
 186:../../../firmware/n32h7xx_std_periph_driver/src/n32h7xx_dsmu.c ****         /* Config register DSMU_CHCFG1 */
 187:../../../firmware/n32h7xx_std_periph_driver/src/n32h7xx_dsmu.c ****         tReg = DSMU_Channely->CHCFG1;
 168              		.loc 1 187 14
 169 007e 7B68     		ldr	r3, [r7, #4]
 170 0080 1B68     		ldr	r3, [r3]
 171 0082 FB60     		str	r3, [r7, #12]
 188:../../../firmware/n32h7xx_std_periph_driver/src/n32h7xx_dsmu.c ****         tReg &= ~( DSMU_CHYCFG1_DATPACK     \
 172              		.loc 1 188 14
 173 0084 FB68     		ldr	r3, [r7, #12]
 174 0086 23F47143 		bic	r3, r3, #61696
 175 008a 23F00F03 		bic	r3, r3, #15
 176 008e FB60     		str	r3, [r7, #12]
 189:../../../firmware/n32h7xx_std_periph_driver/src/n32h7xx_dsmu.c ****                    |  DSMU_CHYCFG1_DATMUX      \
 190:../../../firmware/n32h7xx_std_periph_driver/src/n32h7xx_dsmu.c ****                    |  DSMU_CHYCFG1_CHINSEL     \
 191:../../../firmware/n32h7xx_std_periph_driver/src/n32h7xx_dsmu.c ****                    |  DSMU_CHYCFG1_SITP        \
 192:../../../firmware/n32h7xx_std_periph_driver/src/n32h7xx_dsmu.c ****                    |  DSMU_CHYCFG1_SPICLKSEL   );
 193:../../../firmware/n32h7xx_std_periph_driver/src/n32h7xx_dsmu.c **** 
 194:../../../firmware/n32h7xx_std_periph_driver/src/n32h7xx_dsmu.c ****         /* Set channel input parameters */
 195:../../../firmware/n32h7xx_std_periph_driver/src/n32h7xx_dsmu.c ****         tReg |= ( DSMU_ChannelInitStruct->Input.Multiplexer \
 177              		.loc 1 195 48
 178 0090 3B68     		ldr	r3, [r7]
 179 0092 DA68     		ldr	r2, [r3, #12]
 196:../../../firmware/n32h7xx_std_periph_driver/src/n32h7xx_dsmu.c ****                   | DSMU_ChannelInitStruct->Input.DataPacking \
 180              		.loc 1 196 50
 181 0094 3B68     		ldr	r3, [r7]
 182 0096 1B69     		ldr	r3, [r3, #16]
 183              		.loc 1 196 19
 184 0098 1A43     		orrs	r2, r2, r3
 197:../../../firmware/n32h7xx_std_periph_driver/src/n32h7xx_dsmu.c ****                   | DSMU_ChannelInitStruct->Input.Pins    );
 185              		.loc 1 197 50
 186 009a 3B68     		ldr	r3, [r7]
 187 009c 5B69     		ldr	r3, [r3, #20]
 188              		.loc 1 197 19
 189 009e 1343     		orrs	r3, r3, r2
 195:../../../firmware/n32h7xx_std_periph_driver/src/n32h7xx_dsmu.c ****                   | DSMU_ChannelInitStruct->Input.DataPacking \
 190              		.loc 1 195 14
 191 00a0 FA68     		ldr	r2, [r7, #12]
 192 00a2 1343     		orrs	r3, r3, r2
 193 00a4 FB60     		str	r3, [r7, #12]
 198:../../../firmware/n32h7xx_std_periph_driver/src/n32h7xx_dsmu.c **** 
 199:../../../firmware/n32h7xx_std_periph_driver/src/n32h7xx_dsmu.c ****         /* Set serial interface parameters */
 200:../../../firmware/n32h7xx_std_periph_driver/src/n32h7xx_dsmu.c ****         tReg |= ( DSMU_ChannelInitStruct->SerialInterface.Type      \
 194              		.loc 1 200 58
 195 00a6 3B68     		ldr	r3, [r7]
 196 00a8 9A69     		ldr	r2, [r3, #24]
 201:../../../firmware/n32h7xx_std_periph_driver/src/n32h7xx_dsmu.c ****                   | DSMU_ChannelInitStruct->SerialInterface.SpiClock  );
 197              		.loc 1 201 60
 198 00aa 3B68     		ldr	r3, [r7]
 199 00ac DB69     		ldr	r3, [r3, #28]
 200              		.loc 1 201 19
 201 00ae 1343     		orrs	r3, r3, r2
 200:../../../firmware/n32h7xx_std_periph_driver/src/n32h7xx_dsmu.c ****                   | DSMU_ChannelInitStruct->SerialInterface.SpiClock  );
ARM GAS  /tmp/ccLNzWRO.s 			page 8


 202              		.loc 1 200 14
 203 00b0 FA68     		ldr	r2, [r7, #12]
 204 00b2 1343     		orrs	r3, r3, r2
 205 00b4 FB60     		str	r3, [r7, #12]
 202:../../../firmware/n32h7xx_std_periph_driver/src/n32h7xx_dsmu.c **** 
 203:../../../firmware/n32h7xx_std_periph_driver/src/n32h7xx_dsmu.c ****         /* Write register */
 204:../../../firmware/n32h7xx_std_periph_driver/src/n32h7xx_dsmu.c ****         DSMU_Channely->CHCFG1 = tReg;
 206              		.loc 1 204 31
 207 00b6 7B68     		ldr	r3, [r7, #4]
 208 00b8 FA68     		ldr	r2, [r7, #12]
 209 00ba 1A60     		str	r2, [r3]
 205:../../../firmware/n32h7xx_std_periph_driver/src/n32h7xx_dsmu.c **** 
 206:../../../firmware/n32h7xx_std_periph_driver/src/n32h7xx_dsmu.c ****         /* Set analog watchdog parameters */
 207:../../../firmware/n32h7xx_std_periph_driver/src/n32h7xx_dsmu.c ****         tReg  = DSMU_Channely->CHAWDSCDET;
 210              		.loc 1 207 15
 211 00bc 7B68     		ldr	r3, [r7, #4]
 212 00be 9B68     		ldr	r3, [r3, #8]
 213 00c0 FB60     		str	r3, [r7, #12]
 208:../../../firmware/n32h7xx_std_periph_driver/src/n32h7xx_dsmu.c ****         tReg &= ~(DSMU_CHYAWDSCDET_AWDFORD | DSMU_CHYAWDSCDET_AWDFOSR);
 214              		.loc 1 208 14
 215 00c2 FB68     		ldr	r3, [r7, #12]
 216 00c4 23F45F03 		bic	r3, r3, #14614528
 217 00c8 FB60     		str	r3, [r7, #12]
 209:../../../firmware/n32h7xx_std_periph_driver/src/n32h7xx_dsmu.c ****         tReg |= (  DSMU_ChannelInitStruct->Awd.FilterOrder  \
 218              		.loc 1 209 47
 219 00ca 3B68     		ldr	r3, [r7]
 220 00cc 1A6A     		ldr	r2, [r3, #32]
 210:../../../firmware/n32h7xx_std_periph_driver/src/n32h7xx_dsmu.c ****                    | ((DSMU_ChannelInitStruct->Awd.Oversampling - 1U) << REG_BIT16_OFFSET));
 221              		.loc 1 210 51
 222 00ce 3B68     		ldr	r3, [r7]
 223 00d0 5B6A     		ldr	r3, [r3, #36]
 224              		.loc 1 210 65
 225 00d2 013B     		subs	r3, r3, #1
 226              		.loc 1 210 71
 227 00d4 1B04     		lsls	r3, r3, #16
 228              		.loc 1 210 20
 229 00d6 1343     		orrs	r3, r3, r2
 209:../../../firmware/n32h7xx_std_periph_driver/src/n32h7xx_dsmu.c ****         tReg |= (  DSMU_ChannelInitStruct->Awd.FilterOrder  \
 230              		.loc 1 209 14
 231 00d8 FA68     		ldr	r2, [r7, #12]
 232 00da 1343     		orrs	r3, r3, r2
 233 00dc FB60     		str	r3, [r7, #12]
 211:../../../firmware/n32h7xx_std_periph_driver/src/n32h7xx_dsmu.c ****         DSMU_Channely->CHAWDSCDET = tReg;
 234              		.loc 1 211 35
 235 00de 7B68     		ldr	r3, [r7, #4]
 236 00e0 FA68     		ldr	r2, [r7, #12]
 237 00e2 9A60     		str	r2, [r3, #8]
 212:../../../firmware/n32h7xx_std_periph_driver/src/n32h7xx_dsmu.c **** 
 213:../../../firmware/n32h7xx_std_periph_driver/src/n32h7xx_dsmu.c ****         /* Set channel offset and right bit shift */
 214:../../../firmware/n32h7xx_std_periph_driver/src/n32h7xx_dsmu.c ****         tReg  = DSMU_Channely->CHCFG2;
 238              		.loc 1 214 15
 239 00e4 7B68     		ldr	r3, [r7, #4]
 240 00e6 5B68     		ldr	r3, [r3, #4]
 241 00e8 FB60     		str	r3, [r7, #12]
 215:../../../firmware/n32h7xx_std_periph_driver/src/n32h7xx_dsmu.c ****         tReg &= ~(DSMU_CHYCFG2_CALOFFSET | DSMU_CHYCFG2_DATRBS);
 242              		.loc 1 215 14
 243 00ea FB68     		ldr	r3, [r7, #12]
ARM GAS  /tmp/ccLNzWRO.s 			page 9


 244 00ec 03F00703 		and	r3, r3, #7
 245 00f0 FB60     		str	r3, [r7, #12]
 216:../../../firmware/n32h7xx_std_periph_driver/src/n32h7xx_dsmu.c ****         tReg |= (((uint32_t) DSMU_ChannelInitStruct->Offset << REG_BIT8_OFFSET)  \
 246              		.loc 1 216 52
 247 00f2 3B68     		ldr	r3, [r7]
 248 00f4 9B6A     		ldr	r3, [r3, #40]
 249              		.loc 1 216 61
 250 00f6 1A02     		lsls	r2, r3, #8
 217:../../../firmware/n32h7xx_std_periph_driver/src/n32h7xx_dsmu.c ****                  | (DSMU_ChannelInitStruct->RightBitShift << REG_BIT3_OFFSET));
 251              		.loc 1 217 43
 252 00f8 3B68     		ldr	r3, [r7]
 253 00fa DB6A     		ldr	r3, [r3, #44]
 254              		.loc 1 217 59
 255 00fc DB00     		lsls	r3, r3, #3
 256              		.loc 1 217 18
 257 00fe 1343     		orrs	r3, r3, r2
 216:../../../firmware/n32h7xx_std_periph_driver/src/n32h7xx_dsmu.c ****         tReg |= (((uint32_t) DSMU_ChannelInitStruct->Offset << REG_BIT8_OFFSET)  \
 258              		.loc 1 216 14
 259 0100 FA68     		ldr	r2, [r7, #12]
 260 0102 1343     		orrs	r3, r3, r2
 261 0104 FB60     		str	r3, [r7, #12]
 218:../../../firmware/n32h7xx_std_periph_driver/src/n32h7xx_dsmu.c ****         DSMU_Channely->CHCFG2 = tReg;
 262              		.loc 1 218 31
 263 0106 7B68     		ldr	r3, [r7, #4]
 264 0108 FA68     		ldr	r2, [r7, #12]
 265 010a 5A60     		str	r2, [r3, #4]
 219:../../../firmware/n32h7xx_std_periph_driver/src/n32h7xx_dsmu.c **** 
 220:../../../firmware/n32h7xx_std_periph_driver/src/n32h7xx_dsmu.c ****         /* Enable DSMU channel */
 221:../../../firmware/n32h7xx_std_periph_driver/src/n32h7xx_dsmu.c ****         DSMU_Channely->CHCFG1 |= DSMU_CHYCFG1_CHEN;
 266              		.loc 1 221 22
 267 010c 7B68     		ldr	r3, [r7, #4]
 268 010e 1B68     		ldr	r3, [r3]
 269              		.loc 1 221 31
 270 0110 43F08002 		orr	r2, r3, #128
 271 0114 7B68     		ldr	r3, [r7, #4]
 272 0116 1A60     		str	r2, [r3]
 222:../../../firmware/n32h7xx_std_periph_driver/src/n32h7xx_dsmu.c **** 
 223:../../../firmware/n32h7xx_std_periph_driver/src/n32h7xx_dsmu.c ****         /* Set channel initialize status */
 224:../../../firmware/n32h7xx_std_periph_driver/src/n32h7xx_dsmu.c ****         gDSMU_ChannelInitStatus |= 1UL << DSMU_GetChannelNumber(DSMU_Channely);
 273              		.loc 1 224 43
 274 0118 7868     		ldr	r0, [r7, #4]
 275 011a FFF7FEFF 		bl	DSMU_GetChannelNumber
 276 011e 0346     		mov	r3, r0
 277              		.loc 1 224 40 discriminator 1
 278 0120 0122     		movs	r2, #1
 279 0122 9A40     		lsls	r2, r2, r3
 280              		.loc 1 224 33 discriminator 1
 281 0124 044B     		ldr	r3, .L10
 282 0126 1B68     		ldr	r3, [r3]
 283 0128 1343     		orrs	r3, r3, r2
 284 012a 034A     		ldr	r2, .L10
 285 012c 1360     		str	r3, [r2]
 286              	.L6:
 225:../../../firmware/n32h7xx_std_periph_driver/src/n32h7xx_dsmu.c ****     }
 226:../../../firmware/n32h7xx_std_periph_driver/src/n32h7xx_dsmu.c **** 
 227:../../../firmware/n32h7xx_std_periph_driver/src/n32h7xx_dsmu.c ****     return status;
 287              		.loc 1 227 12
ARM GAS  /tmp/ccLNzWRO.s 			page 10


 288 012e FB7A     		ldrb	r3, [r7, #11]	@ zero_extendqisi2
 228:../../../firmware/n32h7xx_std_periph_driver/src/n32h7xx_dsmu.c **** }
 289              		.loc 1 228 1
 290 0130 1846     		mov	r0, r3
 291 0132 1037     		adds	r7, r7, #16
 292              	.LCFI5:
 293              		.cfi_def_cfa_offset 8
 294 0134 BD46     		mov	sp, r7
 295              	.LCFI6:
 296              		.cfi_def_cfa_register 13
 297              		@ sp needed
 298 0136 80BD     		pop	{r7, pc}
 299              	.L11:
 300              		.align	2
 301              	.L10:
 302 0138 00000000 		.word	gDSMU_ChannelInitStatus
 303 013c 00A00D40 		.word	1074634752
 304              		.cfi_endproc
 305              	.LFE136:
 307              		.section	.text.DSMU_InitChannelStruct,"ax",%progbits
 308              		.align	1
 309              		.global	DSMU_InitChannelStruct
 310              		.syntax unified
 311              		.thumb
 312              		.thumb_func
 314              	DSMU_InitChannelStruct:
 315              	.LFB137:
 229:../../../firmware/n32h7xx_std_periph_driver/src/n32h7xx_dsmu.c **** 
 230:../../../firmware/n32h7xx_std_periph_driver/src/n32h7xx_dsmu.c **** /**
 231:../../../firmware/n32h7xx_std_periph_driver/src/n32h7xx_dsmu.c **** *\*\name   DSMU_InitChannelStruct.
 232:../../../firmware/n32h7xx_std_periph_driver/src/n32h7xx_dsmu.c **** *\*\fun    Set the initialize structure of DSMU channel to default value.
 233:../../../firmware/n32h7xx_std_periph_driver/src/n32h7xx_dsmu.c **** *\*\param  DSMU_ChannelyInitStruct
 234:../../../firmware/n32h7xx_std_periph_driver/src/n32h7xx_dsmu.c **** *\*\          - OutputClock:
 235:../../../firmware/n32h7xx_std_periph_driver/src/n32h7xx_dsmu.c **** *\*\             - Activation
 236:../../../firmware/n32h7xx_std_periph_driver/src/n32h7xx_dsmu.c **** *\*\             - Selection
 237:../../../firmware/n32h7xx_std_periph_driver/src/n32h7xx_dsmu.c **** *\*\             - Divider
 238:../../../firmware/n32h7xx_std_periph_driver/src/n32h7xx_dsmu.c **** *\*\          - Input:
 239:../../../firmware/n32h7xx_std_periph_driver/src/n32h7xx_dsmu.c **** *\*\             - Multiplexer
 240:../../../firmware/n32h7xx_std_periph_driver/src/n32h7xx_dsmu.c **** *\*\             - DataPacking
 241:../../../firmware/n32h7xx_std_periph_driver/src/n32h7xx_dsmu.c **** *\*\             - Pins
 242:../../../firmware/n32h7xx_std_periph_driver/src/n32h7xx_dsmu.c **** *\*\          - SerialInterface
 243:../../../firmware/n32h7xx_std_periph_driver/src/n32h7xx_dsmu.c **** *\*\             - Type
 244:../../../firmware/n32h7xx_std_periph_driver/src/n32h7xx_dsmu.c **** *\*\             - SpiClock
 245:../../../firmware/n32h7xx_std_periph_driver/src/n32h7xx_dsmu.c **** *\*\          - Awd:
 246:../../../firmware/n32h7xx_std_periph_driver/src/n32h7xx_dsmu.c **** *\*\             - FilterOrder
 247:../../../firmware/n32h7xx_std_periph_driver/src/n32h7xx_dsmu.c **** *\*\             - Oversampling
 248:../../../firmware/n32h7xx_std_periph_driver/src/n32h7xx_dsmu.c **** *\*\          - Offset
 249:../../../firmware/n32h7xx_std_periph_driver/src/n32h7xx_dsmu.c **** *\*\          - RightBitShift
 250:../../../firmware/n32h7xx_std_periph_driver/src/n32h7xx_dsmu.c **** *\*\return none.
 251:../../../firmware/n32h7xx_std_periph_driver/src/n32h7xx_dsmu.c **** **/
 252:../../../firmware/n32h7xx_std_periph_driver/src/n32h7xx_dsmu.c **** void DSMU_InitChannelStruct(DSMU_Channel_InitType* DSMU_ChannelInitStruct)
 253:../../../firmware/n32h7xx_std_periph_driver/src/n32h7xx_dsmu.c **** {
 316              		.loc 1 253 1
 317              		.cfi_startproc
 318              		@ args = 0, pretend = 0, frame = 8
 319              		@ frame_needed = 1, uses_anonymous_args = 0
 320              		@ link register save eliminated.
ARM GAS  /tmp/ccLNzWRO.s 			page 11


 321 0000 80B4     		push	{r7}
 322              	.LCFI7:
 323              		.cfi_def_cfa_offset 4
 324              		.cfi_offset 7, -4
 325 0002 83B0     		sub	sp, sp, #12
 326              	.LCFI8:
 327              		.cfi_def_cfa_offset 16
 328 0004 00AF     		add	r7, sp, #0
 329              	.LCFI9:
 330              		.cfi_def_cfa_register 7
 331 0006 7860     		str	r0, [r7, #4]
 254:../../../firmware/n32h7xx_std_periph_driver/src/n32h7xx_dsmu.c ****     DSMU_ChannelInitStruct->OutputClock.Activation = DISABLE;
 332              		.loc 1 254 52
 333 0008 7B68     		ldr	r3, [r7, #4]
 334 000a 0022     		movs	r2, #0
 335 000c 1A70     		strb	r2, [r3]
 255:../../../firmware/n32h7xx_std_periph_driver/src/n32h7xx_dsmu.c ****     DSMU_ChannelInitStruct->OutputClock.Selection = DSMU_CHANNEL_OUTPUT_CLOCK_SYSTEM;
 336              		.loc 1 255 51
 337 000e 7B68     		ldr	r3, [r7, #4]
 338 0010 0022     		movs	r2, #0
 339 0012 5A60     		str	r2, [r3, #4]
 256:../../../firmware/n32h7xx_std_periph_driver/src/n32h7xx_dsmu.c ****     DSMU_ChannelInitStruct->OutputClock.Divider = 2U;
 340              		.loc 1 256 49
 341 0014 7B68     		ldr	r3, [r7, #4]
 342 0016 0222     		movs	r2, #2
 343 0018 9A60     		str	r2, [r3, #8]
 257:../../../firmware/n32h7xx_std_periph_driver/src/n32h7xx_dsmu.c **** 
 258:../../../firmware/n32h7xx_std_periph_driver/src/n32h7xx_dsmu.c ****     DSMU_ChannelInitStruct->Input.Multiplexer = DSMU_CHANNEL_EXTERNAL_INPUTS;
 344              		.loc 1 258 47
 345 001a 7B68     		ldr	r3, [r7, #4]
 346 001c 0022     		movs	r2, #0
 347 001e DA60     		str	r2, [r3, #12]
 259:../../../firmware/n32h7xx_std_periph_driver/src/n32h7xx_dsmu.c ****     DSMU_ChannelInitStruct->Input.DataPacking = DSMU_CHANNEL_STANDARD_MODE;
 348              		.loc 1 259 47
 349 0020 7B68     		ldr	r3, [r7, #4]
 350 0022 0022     		movs	r2, #0
 351 0024 1A61     		str	r2, [r3, #16]
 260:../../../firmware/n32h7xx_std_periph_driver/src/n32h7xx_dsmu.c ****     DSMU_ChannelInitStruct->Input.Pins = DSMU_CHANNEL_SAME_CHANNEL_PINS;
 352              		.loc 1 260 40
 353 0026 7B68     		ldr	r3, [r7, #4]
 354 0028 0022     		movs	r2, #0
 355 002a 5A61     		str	r2, [r3, #20]
 261:../../../firmware/n32h7xx_std_periph_driver/src/n32h7xx_dsmu.c **** 
 262:../../../firmware/n32h7xx_std_periph_driver/src/n32h7xx_dsmu.c ****     DSMU_ChannelInitStruct->SerialInterface.Type = DSMU_CHANNEL_SPI_RISING;
 356              		.loc 1 262 50
 357 002c 7B68     		ldr	r3, [r7, #4]
 358 002e 0022     		movs	r2, #0
 359 0030 9A61     		str	r2, [r3, #24]
 263:../../../firmware/n32h7xx_std_periph_driver/src/n32h7xx_dsmu.c ****     DSMU_ChannelInitStruct->SerialInterface.SpiClock = DSMU_CHANNEL_SPI_CLOCK_EXTERNAL;
 360              		.loc 1 263 54
 361 0032 7B68     		ldr	r3, [r7, #4]
 362 0034 0022     		movs	r2, #0
 363 0036 DA61     		str	r2, [r3, #28]
 264:../../../firmware/n32h7xx_std_periph_driver/src/n32h7xx_dsmu.c **** 
 265:../../../firmware/n32h7xx_std_periph_driver/src/n32h7xx_dsmu.c ****     DSMU_ChannelInitStruct->Awd.FilterOrder = DSMU_AWD_FASTSINC_ORDER;
 364              		.loc 1 265 45
 365 0038 7B68     		ldr	r3, [r7, #4]
ARM GAS  /tmp/ccLNzWRO.s 			page 12


 366 003a 0022     		movs	r2, #0
 367 003c 1A62     		str	r2, [r3, #32]
 266:../../../firmware/n32h7xx_std_periph_driver/src/n32h7xx_dsmu.c ****     DSMU_ChannelInitStruct->Awd.Oversampling = 1U;
 368              		.loc 1 266 46
 369 003e 7B68     		ldr	r3, [r7, #4]
 370 0040 0122     		movs	r2, #1
 371 0042 5A62     		str	r2, [r3, #36]
 267:../../../firmware/n32h7xx_std_periph_driver/src/n32h7xx_dsmu.c **** 
 268:../../../firmware/n32h7xx_std_periph_driver/src/n32h7xx_dsmu.c ****     DSMU_ChannelInitStruct->Offset = 0;
 372              		.loc 1 268 36
 373 0044 7B68     		ldr	r3, [r7, #4]
 374 0046 0022     		movs	r2, #0
 375 0048 9A62     		str	r2, [r3, #40]
 269:../../../firmware/n32h7xx_std_periph_driver/src/n32h7xx_dsmu.c ****     DSMU_ChannelInitStruct->RightBitShift = 0U;
 376              		.loc 1 269 43
 377 004a 7B68     		ldr	r3, [r7, #4]
 378 004c 0022     		movs	r2, #0
 379 004e DA62     		str	r2, [r3, #44]
 270:../../../firmware/n32h7xx_std_periph_driver/src/n32h7xx_dsmu.c **** }
 380              		.loc 1 270 1
 381 0050 00BF     		nop
 382 0052 0C37     		adds	r7, r7, #12
 383              	.LCFI10:
 384              		.cfi_def_cfa_offset 4
 385 0054 BD46     		mov	sp, r7
 386              	.LCFI11:
 387              		.cfi_def_cfa_register 13
 388              		@ sp needed
 389 0056 80BC     		pop	{r7}
 390              	.LCFI12:
 391              		.cfi_restore 7
 392              		.cfi_def_cfa_offset 0
 393 0058 7047     		bx	lr
 394              		.cfi_endproc
 395              	.LFE137:
 397              		.section	.text.DSMU_ChannelDeInit,"ax",%progbits
 398              		.align	1
 399              		.global	DSMU_ChannelDeInit
 400              		.syntax unified
 401              		.thumb
 402              		.thumb_func
 404              	DSMU_ChannelDeInit:
 405              	.LFB138:
 271:../../../firmware/n32h7xx_std_periph_driver/src/n32h7xx_dsmu.c **** 
 272:../../../firmware/n32h7xx_std_periph_driver/src/n32h7xx_dsmu.c **** /**
 273:../../../firmware/n32h7xx_std_periph_driver/src/n32h7xx_dsmu.c **** *\*\name   DSMU_ChannelDeInit.
 274:../../../firmware/n32h7xx_std_periph_driver/src/n32h7xx_dsmu.c **** *\*\fun    Deinitialize the DSMU channel
 275:../../../firmware/n32h7xx_std_periph_driver/src/n32h7xx_dsmu.c **** *\*\param  DSMU_Channely
 276:../../../firmware/n32h7xx_std_periph_driver/src/n32h7xx_dsmu.c **** *\*\          - DSMU_Channel0
 277:../../../firmware/n32h7xx_std_periph_driver/src/n32h7xx_dsmu.c **** *\*\          - DSMU_Channel1
 278:../../../firmware/n32h7xx_std_periph_driver/src/n32h7xx_dsmu.c **** *\*\          - DSMU_Channel2
 279:../../../firmware/n32h7xx_std_periph_driver/src/n32h7xx_dsmu.c **** *\*\          - DSMU_Channel3
 280:../../../firmware/n32h7xx_std_periph_driver/src/n32h7xx_dsmu.c **** *\*\          - DSMU_Channel4
 281:../../../firmware/n32h7xx_std_periph_driver/src/n32h7xx_dsmu.c **** *\*\          - DSMU_Channel5
 282:../../../firmware/n32h7xx_std_periph_driver/src/n32h7xx_dsmu.c **** *\*\          - DSMU_Channel6
 283:../../../firmware/n32h7xx_std_periph_driver/src/n32h7xx_dsmu.c **** *\*\          - DSMU_Channel7
 284:../../../firmware/n32h7xx_std_periph_driver/src/n32h7xx_dsmu.c **** *\*\return None.
ARM GAS  /tmp/ccLNzWRO.s 			page 13


 285:../../../firmware/n32h7xx_std_periph_driver/src/n32h7xx_dsmu.c **** **/
 286:../../../firmware/n32h7xx_std_periph_driver/src/n32h7xx_dsmu.c **** void DSMU_ChannelDeInit(DSMU_Channel_Submodule* DSMU_Channely)
 287:../../../firmware/n32h7xx_std_periph_driver/src/n32h7xx_dsmu.c **** {
 406              		.loc 1 287 1
 407              		.cfi_startproc
 408              		@ args = 0, pretend = 0, frame = 8
 409              		@ frame_needed = 1, uses_anonymous_args = 0
 410 0000 80B5     		push	{r7, lr}
 411              	.LCFI13:
 412              		.cfi_def_cfa_offset 8
 413              		.cfi_offset 7, -8
 414              		.cfi_offset 14, -4
 415 0002 82B0     		sub	sp, sp, #8
 416              	.LCFI14:
 417              		.cfi_def_cfa_offset 16
 418 0004 00AF     		add	r7, sp, #0
 419              	.LCFI15:
 420              		.cfi_def_cfa_register 7
 421 0006 7860     		str	r0, [r7, #4]
 288:../../../firmware/n32h7xx_std_periph_driver/src/n32h7xx_dsmu.c ****     /* Disable the DSMU channel */
 289:../../../firmware/n32h7xx_std_periph_driver/src/n32h7xx_dsmu.c ****     DSMU_Channely->CHCFG1 &= ~(DSMU_CHYCFG1_CHEN);
 422              		.loc 1 289 18
 423 0008 7B68     		ldr	r3, [r7, #4]
 424 000a 1B68     		ldr	r3, [r3]
 425              		.loc 1 289 27
 426 000c 23F08002 		bic	r2, r3, #128
 427 0010 7B68     		ldr	r3, [r7, #4]
 428 0012 1A60     		str	r2, [r3]
 290:../../../firmware/n32h7xx_std_periph_driver/src/n32h7xx_dsmu.c **** 
 291:../../../firmware/n32h7xx_std_periph_driver/src/n32h7xx_dsmu.c ****     /* Clear channel initialize status */
 292:../../../firmware/n32h7xx_std_periph_driver/src/n32h7xx_dsmu.c ****     gDSMU_ChannelInitStatus &= ~(1U << DSMU_GetChannelNumber(DSMU_Channely));
 429              		.loc 1 292 40
 430 0014 7868     		ldr	r0, [r7, #4]
 431 0016 FFF7FEFF 		bl	DSMU_GetChannelNumber
 432 001a 0346     		mov	r3, r0
 433              		.loc 1 292 37 discriminator 1
 434 001c 0122     		movs	r2, #1
 435 001e 02FA03F3 		lsl	r3, r2, r3
 436              		.loc 1 292 32 discriminator 1
 437 0022 DA43     		mvns	r2, r3
 438              		.loc 1 292 29 discriminator 1
 439 0024 094B     		ldr	r3, .L16
 440 0026 1B68     		ldr	r3, [r3]
 441 0028 1340     		ands	r3, r3, r2
 442 002a 084A     		ldr	r2, .L16
 443 002c 1360     		str	r3, [r2]
 293:../../../firmware/n32h7xx_std_periph_driver/src/n32h7xx_dsmu.c **** 
 294:../../../firmware/n32h7xx_std_periph_driver/src/n32h7xx_dsmu.c ****     /* Disable global DSMU at deinit of last channel */
 295:../../../firmware/n32h7xx_std_periph_driver/src/n32h7xx_dsmu.c ****     if(0U == gDSMU_ChannelInitStatus)
 444              		.loc 1 295 11
 445 002e 074B     		ldr	r3, .L16
 446 0030 1B68     		ldr	r3, [r3]
 447              		.loc 1 295 7
 448 0032 002B     		cmp	r3, #0
 449 0034 05D1     		bne	.L15
 296:../../../firmware/n32h7xx_std_periph_driver/src/n32h7xx_dsmu.c ****     {
 297:../../../firmware/n32h7xx_std_periph_driver/src/n32h7xx_dsmu.c ****         DSMU_Channel0->CHCFG1 &= ~(DSMU_CHYCFG1_DSMUEN);
ARM GAS  /tmp/ccLNzWRO.s 			page 14


 450              		.loc 1 297 22
 451 0036 064B     		ldr	r3, .L16+4
 452 0038 1B68     		ldr	r3, [r3]
 453 003a 054A     		ldr	r2, .L16+4
 454              		.loc 1 297 31
 455 003c 23F00043 		bic	r3, r3, #-2147483648
 456 0040 1360     		str	r3, [r2]
 457              	.L15:
 298:../../../firmware/n32h7xx_std_periph_driver/src/n32h7xx_dsmu.c ****     }
 299:../../../firmware/n32h7xx_std_periph_driver/src/n32h7xx_dsmu.c **** }
 458              		.loc 1 299 1
 459 0042 00BF     		nop
 460 0044 0837     		adds	r7, r7, #8
 461              	.LCFI16:
 462              		.cfi_def_cfa_offset 8
 463 0046 BD46     		mov	sp, r7
 464              	.LCFI17:
 465              		.cfi_def_cfa_register 13
 466              		@ sp needed
 467 0048 80BD     		pop	{r7, pc}
 468              	.L17:
 469 004a 00BF     		.align	2
 470              	.L16:
 471 004c 00000000 		.word	gDSMU_ChannelInitStatus
 472 0050 00A00D40 		.word	1074634752
 473              		.cfi_endproc
 474              	.LFE138:
 476              		.section	.text.DSMU_ChannelCkAbEnable,"ax",%progbits
 477              		.align	1
 478              		.global	DSMU_ChannelCkAbEnable
 479              		.syntax unified
 480              		.thumb
 481              		.thumb_func
 483              	DSMU_ChannelCkAbEnable:
 484              	.LFB139:
 300:../../../firmware/n32h7xx_std_periph_driver/src/n32h7xx_dsmu.c **** 
 301:../../../firmware/n32h7xx_std_periph_driver/src/n32h7xx_dsmu.c **** /**
 302:../../../firmware/n32h7xx_std_periph_driver/src/n32h7xx_dsmu.c **** *\*\name   DSMU_ChannelCkAbEnable.
 303:../../../firmware/n32h7xx_std_periph_driver/src/n32h7xx_dsmu.c **** *\*\fun    Enable clock absence detection
 304:../../../firmware/n32h7xx_std_periph_driver/src/n32h7xx_dsmu.c **** *\*\param  DSMU_Channely
 305:../../../firmware/n32h7xx_std_periph_driver/src/n32h7xx_dsmu.c **** *\*\          - DSMU_Channel0
 306:../../../firmware/n32h7xx_std_periph_driver/src/n32h7xx_dsmu.c **** *\*\          - DSMU_Channel1
 307:../../../firmware/n32h7xx_std_periph_driver/src/n32h7xx_dsmu.c **** *\*\          - DSMU_Channel2
 308:../../../firmware/n32h7xx_std_periph_driver/src/n32h7xx_dsmu.c **** *\*\          - DSMU_Channel3
 309:../../../firmware/n32h7xx_std_periph_driver/src/n32h7xx_dsmu.c **** *\*\          - DSMU_Channel4
 310:../../../firmware/n32h7xx_std_periph_driver/src/n32h7xx_dsmu.c **** *\*\          - DSMU_Channel5
 311:../../../firmware/n32h7xx_std_periph_driver/src/n32h7xx_dsmu.c **** *\*\          - DSMU_Channel6
 312:../../../firmware/n32h7xx_std_periph_driver/src/n32h7xx_dsmu.c **** *\*\          - DSMU_Channel7
 313:../../../firmware/n32h7xx_std_periph_driver/src/n32h7xx_dsmu.c **** *\*\return none
 314:../../../firmware/n32h7xx_std_periph_driver/src/n32h7xx_dsmu.c **** **/
 315:../../../firmware/n32h7xx_std_periph_driver/src/n32h7xx_dsmu.c **** void DSMU_ChannelCkAbEnable(DSMU_Channel_Submodule* DSMU_Channely)
 316:../../../firmware/n32h7xx_std_periph_driver/src/n32h7xx_dsmu.c **** {
 485              		.loc 1 316 1
 486              		.cfi_startproc
 487              		@ args = 0, pretend = 0, frame = 8
 488              		@ frame_needed = 1, uses_anonymous_args = 0
 489              		@ link register save eliminated.
ARM GAS  /tmp/ccLNzWRO.s 			page 15


 490 0000 80B4     		push	{r7}
 491              	.LCFI18:
 492              		.cfi_def_cfa_offset 4
 493              		.cfi_offset 7, -4
 494 0002 83B0     		sub	sp, sp, #12
 495              	.LCFI19:
 496              		.cfi_def_cfa_offset 16
 497 0004 00AF     		add	r7, sp, #0
 498              	.LCFI20:
 499              		.cfi_def_cfa_register 7
 500 0006 7860     		str	r0, [r7, #4]
 317:../../../firmware/n32h7xx_std_periph_driver/src/n32h7xx_dsmu.c ****     /* Enable clock absence detection */
 318:../../../firmware/n32h7xx_std_periph_driver/src/n32h7xx_dsmu.c ****     DSMU_Channely->CHCFG1 |= DSMU_CHYCFG1_CLKABEN;
 501              		.loc 1 318 18
 502 0008 7B68     		ldr	r3, [r7, #4]
 503 000a 1B68     		ldr	r3, [r3]
 504              		.loc 1 318 27
 505 000c 43F04002 		orr	r2, r3, #64
 506 0010 7B68     		ldr	r3, [r7, #4]
 507 0012 1A60     		str	r2, [r3]
 319:../../../firmware/n32h7xx_std_periph_driver/src/n32h7xx_dsmu.c **** }
 508              		.loc 1 319 1
 509 0014 00BF     		nop
 510 0016 0C37     		adds	r7, r7, #12
 511              	.LCFI21:
 512              		.cfi_def_cfa_offset 4
 513 0018 BD46     		mov	sp, r7
 514              	.LCFI22:
 515              		.cfi_def_cfa_register 13
 516              		@ sp needed
 517 001a 80BC     		pop	{r7}
 518              	.LCFI23:
 519              		.cfi_restore 7
 520              		.cfi_def_cfa_offset 0
 521 001c 7047     		bx	lr
 522              		.cfi_endproc
 523              	.LFE139:
 525              		.section	.text.DSMU_ChannelCkAbDisable,"ax",%progbits
 526              		.align	1
 527              		.global	DSMU_ChannelCkAbDisable
 528              		.syntax unified
 529              		.thumb
 530              		.thumb_func
 532              	DSMU_ChannelCkAbDisable:
 533              	.LFB140:
 320:../../../firmware/n32h7xx_std_periph_driver/src/n32h7xx_dsmu.c **** 
 321:../../../firmware/n32h7xx_std_periph_driver/src/n32h7xx_dsmu.c **** /**
 322:../../../firmware/n32h7xx_std_periph_driver/src/n32h7xx_dsmu.c **** *\*\name   DSMU_ChannelCkAbDisable.
 323:../../../firmware/n32h7xx_std_periph_driver/src/n32h7xx_dsmu.c **** *\*\fun    Disable clock absence detection
 324:../../../firmware/n32h7xx_std_periph_driver/src/n32h7xx_dsmu.c **** *\*\param  DSMU_Channely
 325:../../../firmware/n32h7xx_std_periph_driver/src/n32h7xx_dsmu.c **** *\*\          - DSMU_Channel0
 326:../../../firmware/n32h7xx_std_periph_driver/src/n32h7xx_dsmu.c **** *\*\          - DSMU_Channel1
 327:../../../firmware/n32h7xx_std_periph_driver/src/n32h7xx_dsmu.c **** *\*\          - DSMU_Channel2
 328:../../../firmware/n32h7xx_std_periph_driver/src/n32h7xx_dsmu.c **** *\*\          - DSMU_Channel3
 329:../../../firmware/n32h7xx_std_periph_driver/src/n32h7xx_dsmu.c **** *\*\          - DSMU_Channel4
 330:../../../firmware/n32h7xx_std_periph_driver/src/n32h7xx_dsmu.c **** *\*\          - DSMU_Channel5
 331:../../../firmware/n32h7xx_std_periph_driver/src/n32h7xx_dsmu.c **** *\*\          - DSMU_Channel6
ARM GAS  /tmp/ccLNzWRO.s 			page 16


 332:../../../firmware/n32h7xx_std_periph_driver/src/n32h7xx_dsmu.c **** *\*\          - DSMU_Channel7
 333:../../../firmware/n32h7xx_std_periph_driver/src/n32h7xx_dsmu.c **** *\*\return  none
 334:../../../firmware/n32h7xx_std_periph_driver/src/n32h7xx_dsmu.c **** **/
 335:../../../firmware/n32h7xx_std_periph_driver/src/n32h7xx_dsmu.c **** void DSMU_ChannelCkAbDisable(DSMU_Channel_Submodule* DSMU_Channely)
 336:../../../firmware/n32h7xx_std_periph_driver/src/n32h7xx_dsmu.c **** {
 534              		.loc 1 336 1
 535              		.cfi_startproc
 536              		@ args = 0, pretend = 0, frame = 16
 537              		@ frame_needed = 1, uses_anonymous_args = 0
 538 0000 80B5     		push	{r7, lr}
 539              	.LCFI24:
 540              		.cfi_def_cfa_offset 8
 541              		.cfi_offset 7, -8
 542              		.cfi_offset 14, -4
 543 0002 84B0     		sub	sp, sp, #16
 544              	.LCFI25:
 545              		.cfi_def_cfa_offset 24
 546 0004 00AF     		add	r7, sp, #0
 547              	.LCFI26:
 548              		.cfi_def_cfa_register 7
 549 0006 7860     		str	r0, [r7, #4]
 337:../../../firmware/n32h7xx_std_periph_driver/src/n32h7xx_dsmu.c ****     uint32_t channel;
 338:../../../firmware/n32h7xx_std_periph_driver/src/n32h7xx_dsmu.c **** 
 339:../../../firmware/n32h7xx_std_periph_driver/src/n32h7xx_dsmu.c ****     /* Disable clock absence detection */
 340:../../../firmware/n32h7xx_std_periph_driver/src/n32h7xx_dsmu.c ****     DSMU_Channely->CHCFG1 &= ~DSMU_CHYCFG1_CLKABEN;
 550              		.loc 1 340 18
 551 0008 7B68     		ldr	r3, [r7, #4]
 552 000a 1B68     		ldr	r3, [r3]
 553              		.loc 1 340 27
 554 000c 23F04002 		bic	r2, r3, #64
 555 0010 7B68     		ldr	r3, [r7, #4]
 556 0012 1A60     		str	r2, [r3]
 341:../../../firmware/n32h7xx_std_periph_driver/src/n32h7xx_dsmu.c **** 
 342:../../../firmware/n32h7xx_std_periph_driver/src/n32h7xx_dsmu.c ****     /* Clear clock absence flag */
 343:../../../firmware/n32h7xx_std_periph_driver/src/n32h7xx_dsmu.c ****     channel = DSMU_GetChannelNumber(DSMU_Channely);
 557              		.loc 1 343 15
 558 0014 7868     		ldr	r0, [r7, #4]
 559 0016 FFF7FEFF 		bl	DSMU_GetChannelNumber
 560 001a F860     		str	r0, [r7, #12]
 344:../../../firmware/n32h7xx_std_periph_driver/src/n32h7xx_dsmu.c ****     DSMU_Filter0->FLTINTCLR = (1UL << (REG_BIT16_OFFSET + channel));
 561              		.loc 1 344 57
 562 001c FB68     		ldr	r3, [r7, #12]
 563 001e 1033     		adds	r3, r3, #16
 564              		.loc 1 344 17
 565 0020 044A     		ldr	r2, .L20
 566              		.loc 1 344 36
 567 0022 0121     		movs	r1, #1
 568 0024 01FA03F3 		lsl	r3, r1, r3
 569              		.loc 1 344 29
 570 0028 D360     		str	r3, [r2, #12]
 345:../../../firmware/n32h7xx_std_periph_driver/src/n32h7xx_dsmu.c **** }
 571              		.loc 1 345 1
 572 002a 00BF     		nop
 573 002c 1037     		adds	r7, r7, #16
 574              	.LCFI27:
 575              		.cfi_def_cfa_offset 8
 576 002e BD46     		mov	sp, r7
ARM GAS  /tmp/ccLNzWRO.s 			page 17


 577              	.LCFI28:
 578              		.cfi_def_cfa_register 13
 579              		@ sp needed
 580 0030 80BD     		pop	{r7, pc}
 581              	.L21:
 582 0032 00BF     		.align	2
 583              	.L20:
 584 0034 00A10D40 		.word	1074635008
 585              		.cfi_endproc
 586              	.LFE140:
 588              		.section	.text.DSMU_ChannelScdStart,"ax",%progbits
 589              		.align	1
 590              		.global	DSMU_ChannelScdStart
 591              		.syntax unified
 592              		.thumb
 593              		.thumb_func
 595              	DSMU_ChannelScdStart:
 596              	.LFB141:
 346:../../../firmware/n32h7xx_std_periph_driver/src/n32h7xx_dsmu.c **** 
 347:../../../firmware/n32h7xx_std_periph_driver/src/n32h7xx_dsmu.c **** /**
 348:../../../firmware/n32h7xx_std_periph_driver/src/n32h7xx_dsmu.c **** *\*\name   DSMU_ChannelScdStart.
 349:../../../firmware/n32h7xx_std_periph_driver/src/n32h7xx_dsmu.c **** *\*\fun    This function allows to start short circuit detection and assignment break signal.
 350:../../../firmware/n32h7xx_std_periph_driver/src/n32h7xx_dsmu.c **** *\*\param  DSMU_Channely
 351:../../../firmware/n32h7xx_std_periph_driver/src/n32h7xx_dsmu.c **** *\*\          - DSMU_Channel0
 352:../../../firmware/n32h7xx_std_periph_driver/src/n32h7xx_dsmu.c **** *\*\          - DSMU_Channel1
 353:../../../firmware/n32h7xx_std_periph_driver/src/n32h7xx_dsmu.c **** *\*\          - DSMU_Channel2
 354:../../../firmware/n32h7xx_std_periph_driver/src/n32h7xx_dsmu.c **** *\*\          - DSMU_Channel3
 355:../../../firmware/n32h7xx_std_periph_driver/src/n32h7xx_dsmu.c **** *\*\          - DSMU_Channel4
 356:../../../firmware/n32h7xx_std_periph_driver/src/n32h7xx_dsmu.c **** *\*\          - DSMU_Channel5
 357:../../../firmware/n32h7xx_std_periph_driver/src/n32h7xx_dsmu.c **** *\*\          - DSMU_Channel6
 358:../../../firmware/n32h7xx_std_periph_driver/src/n32h7xx_dsmu.c **** *\*\          - DSMU_Channel7
 359:../../../firmware/n32h7xx_std_periph_driver/src/n32h7xx_dsmu.c **** *\*\param  Threshold Short circuit detector threshold.
 360:../../../firmware/n32h7xx_std_periph_driver/src/n32h7xx_dsmu.c ****               - This parameter must be a number between Min_Data = 0 and Max_Data = 255.
 361:../../../firmware/n32h7xx_std_periph_driver/src/n32h7xx_dsmu.c **** *\*\param  BreakSignal Break signals assigned to short circuit event.
 362:../../../firmware/n32h7xx_std_periph_driver/src/n32h7xx_dsmu.c **** *\*\          - DSMU_NO_BREAK_SIGNAL
 363:../../../firmware/n32h7xx_std_periph_driver/src/n32h7xx_dsmu.c **** *\*\          - DSMU_BREAK_SIGNAL_0
 364:../../../firmware/n32h7xx_std_periph_driver/src/n32h7xx_dsmu.c **** *\*\          - DSMU_BREAK_SIGNAL_1
 365:../../../firmware/n32h7xx_std_periph_driver/src/n32h7xx_dsmu.c **** *\*\          - DSMU_BREAK_SIGNAL_2
 366:../../../firmware/n32h7xx_std_periph_driver/src/n32h7xx_dsmu.c **** *\*\          - DSMU_BREAK_SIGNAL_3
 367:../../../firmware/n32h7xx_std_periph_driver/src/n32h7xx_dsmu.c **** *\*\return none
 368:../../../firmware/n32h7xx_std_periph_driver/src/n32h7xx_dsmu.c **** *\*\note   Same mode has to be used for all channels
 369:../../../firmware/n32h7xx_std_periph_driver/src/n32h7xx_dsmu.c **** **/
 370:../../../firmware/n32h7xx_std_periph_driver/src/n32h7xx_dsmu.c **** void DSMU_ChannelScdStart(DSMU_Channel_Submodule* DSMU_Channely,
 371:../../../firmware/n32h7xx_std_periph_driver/src/n32h7xx_dsmu.c ****                           uint32_t Threshold, uint32_t BreakSignal)
 372:../../../firmware/n32h7xx_std_periph_driver/src/n32h7xx_dsmu.c **** {
 597              		.loc 1 372 1
 598              		.cfi_startproc
 599              		@ args = 0, pretend = 0, frame = 24
 600              		@ frame_needed = 1, uses_anonymous_args = 0
 601              		@ link register save eliminated.
 602 0000 80B4     		push	{r7}
 603              	.LCFI29:
 604              		.cfi_def_cfa_offset 4
 605              		.cfi_offset 7, -4
 606 0002 87B0     		sub	sp, sp, #28
 607              	.LCFI30:
 608              		.cfi_def_cfa_offset 32
ARM GAS  /tmp/ccLNzWRO.s 			page 18


 609 0004 00AF     		add	r7, sp, #0
 610              	.LCFI31:
 611              		.cfi_def_cfa_register 7
 612 0006 F860     		str	r0, [r7, #12]
 613 0008 B960     		str	r1, [r7, #8]
 614 000a 7A60     		str	r2, [r7, #4]
 373:../../../firmware/n32h7xx_std_periph_driver/src/n32h7xx_dsmu.c ****     uint32_t tReg;
 374:../../../firmware/n32h7xx_std_periph_driver/src/n32h7xx_dsmu.c **** 
 375:../../../firmware/n32h7xx_std_periph_driver/src/n32h7xx_dsmu.c ****     /* Configure threshold and break signals */
 376:../../../firmware/n32h7xx_std_periph_driver/src/n32h7xx_dsmu.c ****     tReg  = DSMU_Channely->CHAWDSCDET;
 615              		.loc 1 376 11
 616 000c FB68     		ldr	r3, [r7, #12]
 617 000e 9B68     		ldr	r3, [r3, #8]
 618 0010 7B61     		str	r3, [r7, #20]
 377:../../../firmware/n32h7xx_std_periph_driver/src/n32h7xx_dsmu.c ****     tReg &= ~(DSMU_CHYAWDSCDET_BKSCDET | DSMU_CHYAWDSCDET_SCDETTH);
 619              		.loc 1 377 10
 620 0012 7B69     		ldr	r3, [r7, #20]
 621 0014 23F47043 		bic	r3, r3, #61440
 622 0018 23F0FF03 		bic	r3, r3, #255
 623 001c 7B61     		str	r3, [r7, #20]
 378:../../../firmware/n32h7xx_std_periph_driver/src/n32h7xx_dsmu.c ****     tReg |= ((BreakSignal << REG_BIT12_OFFSET) | Threshold);
 624              		.loc 1 378 27
 625 001e 7B68     		ldr	r3, [r7, #4]
 626 0020 1A03     		lsls	r2, r3, #12
 627              		.loc 1 378 48
 628 0022 BB68     		ldr	r3, [r7, #8]
 629 0024 1343     		orrs	r3, r3, r2
 630              		.loc 1 378 10
 631 0026 7A69     		ldr	r2, [r7, #20]
 632 0028 1343     		orrs	r3, r3, r2
 633 002a 7B61     		str	r3, [r7, #20]
 379:../../../firmware/n32h7xx_std_periph_driver/src/n32h7xx_dsmu.c ****     DSMU_Channely->CHAWDSCDET = tReg;
 634              		.loc 1 379 31
 635 002c FB68     		ldr	r3, [r7, #12]
 636 002e 7A69     		ldr	r2, [r7, #20]
 637 0030 9A60     		str	r2, [r3, #8]
 380:../../../firmware/n32h7xx_std_periph_driver/src/n32h7xx_dsmu.c **** 
 381:../../../firmware/n32h7xx_std_periph_driver/src/n32h7xx_dsmu.c ****     /* Start short circuit detection */
 382:../../../firmware/n32h7xx_std_periph_driver/src/n32h7xx_dsmu.c ****     DSMU_Channely->CHCFG1 |= DSMU_CHYCFG1_SCDETEN;
 638              		.loc 1 382 18
 639 0032 FB68     		ldr	r3, [r7, #12]
 640 0034 1B68     		ldr	r3, [r3]
 641              		.loc 1 382 27
 642 0036 43F02002 		orr	r2, r3, #32
 643 003a FB68     		ldr	r3, [r7, #12]
 644 003c 1A60     		str	r2, [r3]
 383:../../../firmware/n32h7xx_std_periph_driver/src/n32h7xx_dsmu.c **** }
 645              		.loc 1 383 1
 646 003e 00BF     		nop
 647 0040 1C37     		adds	r7, r7, #28
 648              	.LCFI32:
 649              		.cfi_def_cfa_offset 4
 650 0042 BD46     		mov	sp, r7
 651              	.LCFI33:
 652              		.cfi_def_cfa_register 13
 653              		@ sp needed
 654 0044 80BC     		pop	{r7}
ARM GAS  /tmp/ccLNzWRO.s 			page 19


 655              	.LCFI34:
 656              		.cfi_restore 7
 657              		.cfi_def_cfa_offset 0
 658 0046 7047     		bx	lr
 659              		.cfi_endproc
 660              	.LFE141:
 662              		.section	.text.DSMU_ChannelScdStop,"ax",%progbits
 663              		.align	1
 664              		.global	DSMU_ChannelScdStop
 665              		.syntax unified
 666              		.thumb
 667              		.thumb_func
 669              	DSMU_ChannelScdStop:
 670              	.LFB142:
 384:../../../firmware/n32h7xx_std_periph_driver/src/n32h7xx_dsmu.c **** 
 385:../../../firmware/n32h7xx_std_periph_driver/src/n32h7xx_dsmu.c **** /**
 386:../../../firmware/n32h7xx_std_periph_driver/src/n32h7xx_dsmu.c **** *\*\name   DSMU_ChannelScdStop.
 387:../../../firmware/n32h7xx_std_periph_driver/src/n32h7xx_dsmu.c **** *\*\fun    This function allows to stop short circuit detection.
 388:../../../firmware/n32h7xx_std_periph_driver/src/n32h7xx_dsmu.c **** *\*\param  DSMU_Channely
 389:../../../firmware/n32h7xx_std_periph_driver/src/n32h7xx_dsmu.c **** *\*\          - DSMU_Channel0
 390:../../../firmware/n32h7xx_std_periph_driver/src/n32h7xx_dsmu.c **** *\*\          - DSMU_Channel1
 391:../../../firmware/n32h7xx_std_periph_driver/src/n32h7xx_dsmu.c **** *\*\          - DSMU_Channel2
 392:../../../firmware/n32h7xx_std_periph_driver/src/n32h7xx_dsmu.c **** *\*\          - DSMU_Channel3
 393:../../../firmware/n32h7xx_std_periph_driver/src/n32h7xx_dsmu.c **** *\*\          - DSMU_Channel4
 394:../../../firmware/n32h7xx_std_periph_driver/src/n32h7xx_dsmu.c **** *\*\          - DSMU_Channel5
 395:../../../firmware/n32h7xx_std_periph_driver/src/n32h7xx_dsmu.c **** *\*\          - DSMU_Channel6
 396:../../../firmware/n32h7xx_std_periph_driver/src/n32h7xx_dsmu.c **** *\*\          - DSMU_Channel7
 397:../../../firmware/n32h7xx_std_periph_driver/src/n32h7xx_dsmu.c **** *\*\return  none
 398:../../../firmware/n32h7xx_std_periph_driver/src/n32h7xx_dsmu.c **** **/
 399:../../../firmware/n32h7xx_std_periph_driver/src/n32h7xx_dsmu.c **** void DSMU_ChannelScdStop(DSMU_Channel_Submodule* DSMU_Channely)
 400:../../../firmware/n32h7xx_std_periph_driver/src/n32h7xx_dsmu.c **** {
 671              		.loc 1 400 1
 672              		.cfi_startproc
 673              		@ args = 0, pretend = 0, frame = 16
 674              		@ frame_needed = 1, uses_anonymous_args = 0
 675 0000 80B5     		push	{r7, lr}
 676              	.LCFI35:
 677              		.cfi_def_cfa_offset 8
 678              		.cfi_offset 7, -8
 679              		.cfi_offset 14, -4
 680 0002 84B0     		sub	sp, sp, #16
 681              	.LCFI36:
 682              		.cfi_def_cfa_offset 24
 683 0004 00AF     		add	r7, sp, #0
 684              	.LCFI37:
 685              		.cfi_def_cfa_register 7
 686 0006 7860     		str	r0, [r7, #4]
 401:../../../firmware/n32h7xx_std_periph_driver/src/n32h7xx_dsmu.c ****     uint32_t channel;
 402:../../../firmware/n32h7xx_std_periph_driver/src/n32h7xx_dsmu.c **** 
 403:../../../firmware/n32h7xx_std_periph_driver/src/n32h7xx_dsmu.c ****     /* Stop short circuit detection */
 404:../../../firmware/n32h7xx_std_periph_driver/src/n32h7xx_dsmu.c ****     DSMU_Channely->CHCFG1 &= ~(DSMU_CHYCFG1_SCDETEN);
 687              		.loc 1 404 18
 688 0008 7B68     		ldr	r3, [r7, #4]
 689 000a 1B68     		ldr	r3, [r3]
 690              		.loc 1 404 27
 691 000c 23F02002 		bic	r2, r3, #32
 692 0010 7B68     		ldr	r3, [r7, #4]
ARM GAS  /tmp/ccLNzWRO.s 			page 20


 693 0012 1A60     		str	r2, [r3]
 405:../../../firmware/n32h7xx_std_periph_driver/src/n32h7xx_dsmu.c **** 
 406:../../../firmware/n32h7xx_std_periph_driver/src/n32h7xx_dsmu.c ****     /* Clear short circuit detection flag */
 407:../../../firmware/n32h7xx_std_periph_driver/src/n32h7xx_dsmu.c ****     channel = DSMU_GetChannelNumber(DSMU_Channely);
 694              		.loc 1 407 15
 695 0014 7868     		ldr	r0, [r7, #4]
 696 0016 FFF7FEFF 		bl	DSMU_GetChannelNumber
 697 001a F860     		str	r0, [r7, #12]
 408:../../../firmware/n32h7xx_std_periph_driver/src/n32h7xx_dsmu.c ****     DSMU_Filter0->FLTINTCLR = (1UL << (REG_BIT24_OFFSET + channel));
 698              		.loc 1 408 57
 699 001c FB68     		ldr	r3, [r7, #12]
 700 001e 1833     		adds	r3, r3, #24
 701              		.loc 1 408 17
 702 0020 044A     		ldr	r2, .L24
 703              		.loc 1 408 36
 704 0022 0121     		movs	r1, #1
 705 0024 01FA03F3 		lsl	r3, r1, r3
 706              		.loc 1 408 29
 707 0028 D360     		str	r3, [r2, #12]
 409:../../../firmware/n32h7xx_std_periph_driver/src/n32h7xx_dsmu.c **** }
 708              		.loc 1 409 1
 709 002a 00BF     		nop
 710 002c 1037     		adds	r7, r7, #16
 711              	.LCFI38:
 712              		.cfi_def_cfa_offset 8
 713 002e BD46     		mov	sp, r7
 714              	.LCFI39:
 715              		.cfi_def_cfa_register 13
 716              		@ sp needed
 717 0030 80BD     		pop	{r7, pc}
 718              	.L25:
 719 0032 00BF     		.align	2
 720              	.L24:
 721 0034 00A10D40 		.word	1074635008
 722              		.cfi_endproc
 723              	.LFE142:
 725              		.section	.text.DSMU_ChannelGetAwdValue,"ax",%progbits
 726              		.align	1
 727              		.global	DSMU_ChannelGetAwdValue
 728              		.syntax unified
 729              		.thumb
 730              		.thumb_func
 732              	DSMU_ChannelGetAwdValue:
 733              	.LFB143:
 410:../../../firmware/n32h7xx_std_periph_driver/src/n32h7xx_dsmu.c **** 
 411:../../../firmware/n32h7xx_std_periph_driver/src/n32h7xx_dsmu.c **** /**
 412:../../../firmware/n32h7xx_std_periph_driver/src/n32h7xx_dsmu.c **** *\*\name   DSMU_ChannelGetAwdValue.
 413:../../../firmware/n32h7xx_std_periph_driver/src/n32h7xx_dsmu.c **** *\*\fun    This function allows to get analog watchdog value for current channel.
 414:../../../firmware/n32h7xx_std_periph_driver/src/n32h7xx_dsmu.c **** *\*\param  DSMU_Channely
 415:../../../firmware/n32h7xx_std_periph_driver/src/n32h7xx_dsmu.c **** *\*\          - DSMU_Channel0
 416:../../../firmware/n32h7xx_std_periph_driver/src/n32h7xx_dsmu.c **** *\*\          - DSMU_Channel1
 417:../../../firmware/n32h7xx_std_periph_driver/src/n32h7xx_dsmu.c **** *\*\          - DSMU_Channel2
 418:../../../firmware/n32h7xx_std_periph_driver/src/n32h7xx_dsmu.c **** *\*\          - DSMU_Channel3
 419:../../../firmware/n32h7xx_std_periph_driver/src/n32h7xx_dsmu.c **** *\*\          - DSMU_Channel4
 420:../../../firmware/n32h7xx_std_periph_driver/src/n32h7xx_dsmu.c **** *\*\          - DSMU_Channel5
 421:../../../firmware/n32h7xx_std_periph_driver/src/n32h7xx_dsmu.c **** *\*\          - DSMU_Channel6
 422:../../../firmware/n32h7xx_std_periph_driver/src/n32h7xx_dsmu.c **** *\*\          - DSMU_Channel7
ARM GAS  /tmp/ccLNzWRO.s 			page 21


 423:../../../firmware/n32h7xx_std_periph_driver/src/n32h7xx_dsmu.c **** *\*\return Channel analog watchdog value.
 424:../../../firmware/n32h7xx_std_periph_driver/src/n32h7xx_dsmu.c **** **/
 425:../../../firmware/n32h7xx_std_periph_driver/src/n32h7xx_dsmu.c **** int16_t DSMU_ChannelGetAwdValue(const DSMU_Channel_Submodule* DSMU_Channely)
 426:../../../firmware/n32h7xx_std_periph_driver/src/n32h7xx_dsmu.c **** {
 734              		.loc 1 426 1
 735              		.cfi_startproc
 736              		@ args = 0, pretend = 0, frame = 8
 737              		@ frame_needed = 1, uses_anonymous_args = 0
 738              		@ link register save eliminated.
 739 0000 80B4     		push	{r7}
 740              	.LCFI40:
 741              		.cfi_def_cfa_offset 4
 742              		.cfi_offset 7, -4
 743 0002 83B0     		sub	sp, sp, #12
 744              	.LCFI41:
 745              		.cfi_def_cfa_offset 16
 746 0004 00AF     		add	r7, sp, #0
 747              	.LCFI42:
 748              		.cfi_def_cfa_register 7
 749 0006 7860     		str	r0, [r7, #4]
 427:../../../firmware/n32h7xx_std_periph_driver/src/n32h7xx_dsmu.c ****     return (int16_t)(DSMU_Channely->CHAWDDAT);
 750              		.loc 1 427 35
 751 0008 7B68     		ldr	r3, [r7, #4]
 752 000a DB68     		ldr	r3, [r3, #12]
 753              		.loc 1 427 12
 754 000c 1BB2     		sxth	r3, r3
 428:../../../firmware/n32h7xx_std_periph_driver/src/n32h7xx_dsmu.c **** }
 755              		.loc 1 428 1
 756 000e 1846     		mov	r0, r3
 757 0010 0C37     		adds	r7, r7, #12
 758              	.LCFI43:
 759              		.cfi_def_cfa_offset 4
 760 0012 BD46     		mov	sp, r7
 761              	.LCFI44:
 762              		.cfi_def_cfa_register 13
 763              		@ sp needed
 764 0014 80BC     		pop	{r7}
 765              	.LCFI45:
 766              		.cfi_restore 7
 767              		.cfi_def_cfa_offset 0
 768 0016 7047     		bx	lr
 769              		.cfi_endproc
 770              	.LFE143:
 772              		.section	.text.DSMU_ChannelModifyOffset,"ax",%progbits
 773              		.align	1
 774              		.global	DSMU_ChannelModifyOffset
 775              		.syntax unified
 776              		.thumb
 777              		.thumb_func
 779              	DSMU_ChannelModifyOffset:
 780              	.LFB144:
 429:../../../firmware/n32h7xx_std_periph_driver/src/n32h7xx_dsmu.c **** 
 430:../../../firmware/n32h7xx_std_periph_driver/src/n32h7xx_dsmu.c **** /**
 431:../../../firmware/n32h7xx_std_periph_driver/src/n32h7xx_dsmu.c **** *\*\name   DSMU_ChannelModifyOffset.
 432:../../../firmware/n32h7xx_std_periph_driver/src/n32h7xx_dsmu.c **** *\*\fun    This function allows to modify channel offset value.
 433:../../../firmware/n32h7xx_std_periph_driver/src/n32h7xx_dsmu.c **** *\*\param  DSMU_Channely
 434:../../../firmware/n32h7xx_std_periph_driver/src/n32h7xx_dsmu.c **** *\*\          - DSMU_Channel0
ARM GAS  /tmp/ccLNzWRO.s 			page 22


 435:../../../firmware/n32h7xx_std_periph_driver/src/n32h7xx_dsmu.c **** *\*\          - DSMU_Channel1
 436:../../../firmware/n32h7xx_std_periph_driver/src/n32h7xx_dsmu.c **** *\*\          - DSMU_Channel2
 437:../../../firmware/n32h7xx_std_periph_driver/src/n32h7xx_dsmu.c **** *\*\          - DSMU_Channel3
 438:../../../firmware/n32h7xx_std_periph_driver/src/n32h7xx_dsmu.c **** *\*\          - DSMU_Channel4
 439:../../../firmware/n32h7xx_std_periph_driver/src/n32h7xx_dsmu.c **** *\*\          - DSMU_Channel5
 440:../../../firmware/n32h7xx_std_periph_driver/src/n32h7xx_dsmu.c **** *\*\          - DSMU_Channel6
 441:../../../firmware/n32h7xx_std_periph_driver/src/n32h7xx_dsmu.c **** *\*\          - DSMU_Channel7
 442:../../../firmware/n32h7xx_std_periph_driver/src/n32h7xx_dsmu.c **** *\*\param  Offset DFSDM channel offset.
 443:../../../firmware/n32h7xx_std_periph_driver/src/n32h7xx_dsmu.c ****               - This parameter must be a number between Min_Data = -8388608 and Max_Data = 8388607.
 444:../../../firmware/n32h7xx_std_periph_driver/src/n32h7xx_dsmu.c **** *\*\return none.
 445:../../../firmware/n32h7xx_std_periph_driver/src/n32h7xx_dsmu.c **** **/
 446:../../../firmware/n32h7xx_std_periph_driver/src/n32h7xx_dsmu.c **** void DSMU_ChannelModifyOffset(DSMU_Channel_Submodule* DSMU_Channely, int32_t Offset)
 447:../../../firmware/n32h7xx_std_periph_driver/src/n32h7xx_dsmu.c **** {
 781              		.loc 1 447 1
 782              		.cfi_startproc
 783              		@ args = 0, pretend = 0, frame = 16
 784              		@ frame_needed = 1, uses_anonymous_args = 0
 785              		@ link register save eliminated.
 786 0000 80B4     		push	{r7}
 787              	.LCFI46:
 788              		.cfi_def_cfa_offset 4
 789              		.cfi_offset 7, -4
 790 0002 85B0     		sub	sp, sp, #20
 791              	.LCFI47:
 792              		.cfi_def_cfa_offset 24
 793 0004 00AF     		add	r7, sp, #0
 794              	.LCFI48:
 795              		.cfi_def_cfa_register 7
 796 0006 7860     		str	r0, [r7, #4]
 797 0008 3960     		str	r1, [r7]
 448:../../../firmware/n32h7xx_std_periph_driver/src/n32h7xx_dsmu.c ****     uint32_t tReg;
 449:../../../firmware/n32h7xx_std_periph_driver/src/n32h7xx_dsmu.c **** 
 450:../../../firmware/n32h7xx_std_periph_driver/src/n32h7xx_dsmu.c ****     tReg  = DSMU_Channely->CHCFG2;
 798              		.loc 1 450 11
 799 000a 7B68     		ldr	r3, [r7, #4]
 800 000c 5B68     		ldr	r3, [r3, #4]
 801 000e FB60     		str	r3, [r7, #12]
 451:../../../firmware/n32h7xx_std_periph_driver/src/n32h7xx_dsmu.c ****     tReg &= (~(DSMU_CHYCFG2_CALOFFSET));
 802              		.loc 1 451 10
 803 0010 FB68     		ldr	r3, [r7, #12]
 804 0012 DBB2     		uxtb	r3, r3
 805 0014 FB60     		str	r3, [r7, #12]
 452:../../../firmware/n32h7xx_std_periph_driver/src/n32h7xx_dsmu.c ****     tReg |= ((uint32_t) Offset << REG_BIT8_OFFSET);
 806              		.loc 1 452 14
 807 0016 3B68     		ldr	r3, [r7]
 808              		.loc 1 452 32
 809 0018 1B02     		lsls	r3, r3, #8
 810              		.loc 1 452 10
 811 001a FA68     		ldr	r2, [r7, #12]
 812 001c 1343     		orrs	r3, r3, r2
 813 001e FB60     		str	r3, [r7, #12]
 453:../../../firmware/n32h7xx_std_periph_driver/src/n32h7xx_dsmu.c ****     DSMU_Channely->CHCFG2 = tReg;
 814              		.loc 1 453 27
 815 0020 7B68     		ldr	r3, [r7, #4]
 816 0022 FA68     		ldr	r2, [r7, #12]
 817 0024 5A60     		str	r2, [r3, #4]
 454:../../../firmware/n32h7xx_std_periph_driver/src/n32h7xx_dsmu.c **** }
ARM GAS  /tmp/ccLNzWRO.s 			page 23


 818              		.loc 1 454 1
 819 0026 00BF     		nop
 820 0028 1437     		adds	r7, r7, #20
 821              	.LCFI49:
 822              		.cfi_def_cfa_offset 4
 823 002a BD46     		mov	sp, r7
 824              	.LCFI50:
 825              		.cfi_def_cfa_register 13
 826              		@ sp needed
 827 002c 80BC     		pop	{r7}
 828              	.LCFI51:
 829              		.cfi_restore 7
 830              		.cfi_def_cfa_offset 0
 831 002e 7047     		bx	lr
 832              		.cfi_endproc
 833              	.LFE144:
 835              		.section	.text.DSMU_ChannelWriteData,"ax",%progbits
 836              		.align	1
 837              		.global	DSMU_ChannelWriteData
 838              		.syntax unified
 839              		.thumb
 840              		.thumb_func
 842              	DSMU_ChannelWriteData:
 843              	.LFB145:
 455:../../../firmware/n32h7xx_std_periph_driver/src/n32h7xx_dsmu.c **** 
 456:../../../firmware/n32h7xx_std_periph_driver/src/n32h7xx_dsmu.c **** /**
 457:../../../firmware/n32h7xx_std_periph_driver/src/n32h7xx_dsmu.c **** *\*\name   DSMU_ChannelWriteData.
 458:../../../firmware/n32h7xx_std_periph_driver/src/n32h7xx_dsmu.c **** *\*\fun    This function allows to write data into input data register.
 459:../../../firmware/n32h7xx_std_periph_driver/src/n32h7xx_dsmu.c **** *\*\param  DSMU_Channely
 460:../../../firmware/n32h7xx_std_periph_driver/src/n32h7xx_dsmu.c **** *\*\          - DSMU_Channel0
 461:../../../firmware/n32h7xx_std_periph_driver/src/n32h7xx_dsmu.c **** *\*\          - DSMU_Channel1
 462:../../../firmware/n32h7xx_std_periph_driver/src/n32h7xx_dsmu.c **** *\*\          - DSMU_Channel2
 463:../../../firmware/n32h7xx_std_periph_driver/src/n32h7xx_dsmu.c **** *\*\          - DSMU_Channel3
 464:../../../firmware/n32h7xx_std_periph_driver/src/n32h7xx_dsmu.c **** *\*\          - DSMU_Channel4
 465:../../../firmware/n32h7xx_std_periph_driver/src/n32h7xx_dsmu.c **** *\*\          - DSMU_Channel5
 466:../../../firmware/n32h7xx_std_periph_driver/src/n32h7xx_dsmu.c **** *\*\          - DSMU_Channel6
 467:../../../firmware/n32h7xx_std_periph_driver/src/n32h7xx_dsmu.c **** *\*\          - DSMU_Channel7
 468:../../../firmware/n32h7xx_std_periph_driver/src/n32h7xx_dsmu.c **** *\*\param  data New data write by CPU.
 469:../../../firmware/n32h7xx_std_periph_driver/src/n32h7xx_dsmu.c **** *\*\return none.
 470:../../../firmware/n32h7xx_std_periph_driver/src/n32h7xx_dsmu.c **** **/
 471:../../../firmware/n32h7xx_std_periph_driver/src/n32h7xx_dsmu.c **** void DSMU_ChannelWriteData(DSMU_Channel_Submodule* DSMU_Channely, uint32_t data)
 472:../../../firmware/n32h7xx_std_periph_driver/src/n32h7xx_dsmu.c **** {
 844              		.loc 1 472 1
 845              		.cfi_startproc
 846              		@ args = 0, pretend = 0, frame = 8
 847              		@ frame_needed = 1, uses_anonymous_args = 0
 848              		@ link register save eliminated.
 849 0000 80B4     		push	{r7}
 850              	.LCFI52:
 851              		.cfi_def_cfa_offset 4
 852              		.cfi_offset 7, -4
 853 0002 83B0     		sub	sp, sp, #12
 854              	.LCFI53:
 855              		.cfi_def_cfa_offset 16
 856 0004 00AF     		add	r7, sp, #0
 857              	.LCFI54:
 858              		.cfi_def_cfa_register 7
ARM GAS  /tmp/ccLNzWRO.s 			page 24


 859 0006 7860     		str	r0, [r7, #4]
 860 0008 3960     		str	r1, [r7]
 473:../../../firmware/n32h7xx_std_periph_driver/src/n32h7xx_dsmu.c ****     DSMU_Channely->CHDATIN = data;
 861              		.loc 1 473 28
 862 000a 7B68     		ldr	r3, [r7, #4]
 863 000c 3A68     		ldr	r2, [r7]
 864 000e 1A61     		str	r2, [r3, #16]
 474:../../../firmware/n32h7xx_std_periph_driver/src/n32h7xx_dsmu.c **** }
 865              		.loc 1 474 1
 866 0010 00BF     		nop
 867 0012 0C37     		adds	r7, r7, #12
 868              	.LCFI55:
 869              		.cfi_def_cfa_offset 4
 870 0014 BD46     		mov	sp, r7
 871              	.LCFI56:
 872              		.cfi_def_cfa_register 13
 873              		@ sp needed
 874 0016 80BC     		pop	{r7}
 875              	.LCFI57:
 876              		.cfi_restore 7
 877              		.cfi_def_cfa_offset 0
 878 0018 7047     		bx	lr
 879              		.cfi_endproc
 880              	.LFE145:
 882              		.section	.text.DSMU_FilterInit,"ax",%progbits
 883              		.align	1
 884              		.global	DSMU_FilterInit
 885              		.syntax unified
 886              		.thumb
 887              		.thumb_func
 889              	DSMU_FilterInit:
 890              	.LFB146:
 475:../../../firmware/n32h7xx_std_periph_driver/src/n32h7xx_dsmu.c **** 
 476:../../../firmware/n32h7xx_std_periph_driver/src/n32h7xx_dsmu.c **** /**
 477:../../../firmware/n32h7xx_std_periph_driver/src/n32h7xx_dsmu.c **** *\*\name   DSMU_FilterInit.
 478:../../../firmware/n32h7xx_std_periph_driver/src/n32h7xx_dsmu.c **** *\*\fun    Initialize the DSMU filter according to the specified parameters
 479:../../../firmware/n32h7xx_std_periph_driver/src/n32h7xx_dsmu.c **** *\*\param  DSMU_Filterx
 480:../../../firmware/n32h7xx_std_periph_driver/src/n32h7xx_dsmu.c **** *\*\          - DSMU_Filter0
 481:../../../firmware/n32h7xx_std_periph_driver/src/n32h7xx_dsmu.c **** *\*\          - DSMU_Filter1
 482:../../../firmware/n32h7xx_std_periph_driver/src/n32h7xx_dsmu.c **** *\*\          - DSMU_Filter2
 483:../../../firmware/n32h7xx_std_periph_driver/src/n32h7xx_dsmu.c **** *\*\          - DSMU_Filter3
 484:../../../firmware/n32h7xx_std_periph_driver/src/n32h7xx_dsmu.c **** *\*\param  DSMU_FilterInitStruct
 485:../../../firmware/n32h7xx_std_periph_driver/src/n32h7xx_dsmu.c **** *\*\          - RegularParam:
 486:../../../firmware/n32h7xx_std_periph_driver/src/n32h7xx_dsmu.c **** *\*\             - DmaMode:
 487:../../../firmware/n32h7xx_std_periph_driver/src/n32h7xx_dsmu.c **** *\*\                - DISABLE
 488:../../../firmware/n32h7xx_std_periph_driver/src/n32h7xx_dsmu.c **** *\*\                - ENABLE
 489:../../../firmware/n32h7xx_std_periph_driver/src/n32h7xx_dsmu.c **** *\*\             - FastMode:
 490:../../../firmware/n32h7xx_std_periph_driver/src/n32h7xx_dsmu.c **** *\*\                - DISABLE
 491:../../../firmware/n32h7xx_std_periph_driver/src/n32h7xx_dsmu.c **** *\*\                - ENABLE
 492:../../../firmware/n32h7xx_std_periph_driver/src/n32h7xx_dsmu.c **** *\*\             - Trigger:
 493:../../../firmware/n32h7xx_std_periph_driver/src/n32h7xx_dsmu.c **** *\*\                - DSMU_FILTER_SW_TRIGGER
 494:../../../firmware/n32h7xx_std_periph_driver/src/n32h7xx_dsmu.c **** *\*\                - DSMU_FILTER_SYNC_TRIGGER
 495:../../../firmware/n32h7xx_std_periph_driver/src/n32h7xx_dsmu.c **** *\*\          - InjectedParam:
 496:../../../firmware/n32h7xx_std_periph_driver/src/n32h7xx_dsmu.c **** *\*\             - ScanMode:
 497:../../../firmware/n32h7xx_std_periph_driver/src/n32h7xx_dsmu.c **** *\*\                - DISABLE
 498:../../../firmware/n32h7xx_std_periph_driver/src/n32h7xx_dsmu.c **** *\*\                - ENABLE
 499:../../../firmware/n32h7xx_std_periph_driver/src/n32h7xx_dsmu.c **** *\*\             - DmaMode:
ARM GAS  /tmp/ccLNzWRO.s 			page 25


 500:../../../firmware/n32h7xx_std_periph_driver/src/n32h7xx_dsmu.c **** *\*\                - DISABLE
 501:../../../firmware/n32h7xx_std_periph_driver/src/n32h7xx_dsmu.c **** *\*\                - ENABLE
 502:../../../firmware/n32h7xx_std_periph_driver/src/n32h7xx_dsmu.c **** *\*\             - Trigger:
 503:../../../firmware/n32h7xx_std_periph_driver/src/n32h7xx_dsmu.c **** *\*\                - DSMU_FILTER_SW_TRIGGER
 504:../../../firmware/n32h7xx_std_periph_driver/src/n32h7xx_dsmu.c **** *\*\                - DSMU_FILTER_SYNC_TRIGGER
 505:../../../firmware/n32h7xx_std_periph_driver/src/n32h7xx_dsmu.c **** *\*\                - DSMU_FILTER_EXT_TRIGGER
 506:../../../firmware/n32h7xx_std_periph_driver/src/n32h7xx_dsmu.c **** *\*\             - ExtTrigger:
 507:../../../firmware/n32h7xx_std_periph_driver/src/n32h7xx_dsmu.c **** *\*\                - DSMU_FILTER_EXT_TRIG_ATIM1_TRGO
 508:../../../firmware/n32h7xx_std_periph_driver/src/n32h7xx_dsmu.c **** *\*\                - DSMU_FILTER_EXT_TRIG_ATIM2_TRGO
 509:../../../firmware/n32h7xx_std_periph_driver/src/n32h7xx_dsmu.c **** *\*\                - DSMU_FILTER_EXT_TRIG_ATIM3_TRGO
 510:../../../firmware/n32h7xx_std_periph_driver/src/n32h7xx_dsmu.c **** *\*\                - DSMU_FILTER_EXT_TRIG_ATIM4_TRGO
 511:../../../firmware/n32h7xx_std_periph_driver/src/n32h7xx_dsmu.c **** *\*\                - DSMU_FILTER_EXT_TRIG_GTIMB1_TRGO
 512:../../../firmware/n32h7xx_std_periph_driver/src/n32h7xx_dsmu.c **** *\*\                - DSMU_FILTER_EXT_TRIG_GTIMB2_TRGO
 513:../../../firmware/n32h7xx_std_periph_driver/src/n32h7xx_dsmu.c **** *\*\                - DSMU_FILTER_EXT_TRIG_GTIMB3_TRGO
 514:../../../firmware/n32h7xx_std_periph_driver/src/n32h7xx_dsmu.c **** *\*\                - DSMU_FILTER_EXT_TRIG_GTIMA1_TRGO
 515:../../../firmware/n32h7xx_std_periph_driver/src/n32h7xx_dsmu.c **** *\*\                - DSMU_FILTER_EXT_TRIG_GTIMA2_TRGO
 516:../../../firmware/n32h7xx_std_periph_driver/src/n32h7xx_dsmu.c **** *\*\                - DSMU_FILTER_EXT_TRIG_GTIMA3_TRGO
 517:../../../firmware/n32h7xx_std_periph_driver/src/n32h7xx_dsmu.c **** *\*\                - DSMU_FILTER_EXT_TRIG_GTIMA4_TRGO
 518:../../../firmware/n32h7xx_std_periph_driver/src/n32h7xx_dsmu.c **** *\*\                - DSMU_FILTER_EXT_TRIG_GTIMA5_TRGO
 519:../../../firmware/n32h7xx_std_periph_driver/src/n32h7xx_dsmu.c **** *\*\                - DSMU_FILTER_EXT_TRIG_ATIM1_TRGO2
 520:../../../firmware/n32h7xx_std_periph_driver/src/n32h7xx_dsmu.c **** *\*\                - DSMU_FILTER_EXT_TRIG_ATIM3_TRGO2
 521:../../../firmware/n32h7xx_std_periph_driver/src/n32h7xx_dsmu.c **** *\*\                - DSMU_FILTER_EXT_TRIG_SHRTIM1_ADC_TRG1
 522:../../../firmware/n32h7xx_std_periph_driver/src/n32h7xx_dsmu.c **** *\*\                - DSMU_FILTER_EXT_TRIG_SHRTIM1_ADC_TRG2
 523:../../../firmware/n32h7xx_std_periph_driver/src/n32h7xx_dsmu.c **** *\*\                - DSMU_FILTER_EXT_TRIG_SHRTIM1_ADC_TRG3
 524:../../../firmware/n32h7xx_std_periph_driver/src/n32h7xx_dsmu.c **** *\*\                - DSMU_FILTER_EXT_TRIG_SHRTIM1_ADC_TRG4
 525:../../../firmware/n32h7xx_std_periph_driver/src/n32h7xx_dsmu.c **** *\*\                - DSMU_FILTER_EXT_TRIG_SHRTIM2_ADC_TRG1
 526:../../../firmware/n32h7xx_std_periph_driver/src/n32h7xx_dsmu.c **** *\*\                - DSMU_FILTER_EXT_TRIG_SHRTIM2_ADC_TRG2
 527:../../../firmware/n32h7xx_std_periph_driver/src/n32h7xx_dsmu.c **** *\*\                - DSMU_FILTER_EXT_TRIG_SHRTIM2_ADC_TRG3
 528:../../../firmware/n32h7xx_std_periph_driver/src/n32h7xx_dsmu.c **** *\*\                - DSMU_FILTER_EXT_TRIG_SHRTIM2_ADC_TRG4
 529:../../../firmware/n32h7xx_std_periph_driver/src/n32h7xx_dsmu.c **** *\*\                - DSMU_FILTER_EXT_TRIG_EXTI6
 530:../../../firmware/n32h7xx_std_periph_driver/src/n32h7xx_dsmu.c **** *\*\                - DSMU_FILTER_EXT_TRIG_EXTI7
 531:../../../firmware/n32h7xx_std_periph_driver/src/n32h7xx_dsmu.c **** *\*\                - DSMU_FILTER_EXT_TRIG_EXTI8
 532:../../../firmware/n32h7xx_std_periph_driver/src/n32h7xx_dsmu.c **** *\*\                - DSMU_FILTER_EXT_TRIG_EXTI9
 533:../../../firmware/n32h7xx_std_periph_driver/src/n32h7xx_dsmu.c **** *\*\                - DSMU_FILTER_EXT_TRIG_EXTI10
 534:../../../firmware/n32h7xx_std_periph_driver/src/n32h7xx_dsmu.c **** *\*\                - DSMU_FILTER_EXT_TRIG_EXTI11
 535:../../../firmware/n32h7xx_std_periph_driver/src/n32h7xx_dsmu.c **** *\*\                - DSMU_FILTER_EXT_TRIG_EXTI12
 536:../../../firmware/n32h7xx_std_periph_driver/src/n32h7xx_dsmu.c **** *\*\                - DSMU_FILTER_EXT_TRIG_EXTI13
 537:../../../firmware/n32h7xx_std_periph_driver/src/n32h7xx_dsmu.c **** *\*\                - DSMU_FILTER_EXT_TRIG_EXTI14
 538:../../../firmware/n32h7xx_std_periph_driver/src/n32h7xx_dsmu.c **** *\*\                - DSMU_FILTER_EXT_TRIG_EXTI15
 539:../../../firmware/n32h7xx_std_periph_driver/src/n32h7xx_dsmu.c **** *\*\          - FilterParam:
 540:../../../firmware/n32h7xx_std_periph_driver/src/n32h7xx_dsmu.c **** *\*\             - SincOrder:
 541:../../../firmware/n32h7xx_std_periph_driver/src/n32h7xx_dsmu.c **** *\*\                - DSMU_FILTER_FASTSINC_ORDER
 542:../../../firmware/n32h7xx_std_periph_driver/src/n32h7xx_dsmu.c **** *\*\                - DSMU_FILTER_SINC1_ORDER
 543:../../../firmware/n32h7xx_std_periph_driver/src/n32h7xx_dsmu.c **** *\*\                - DSMU_FILTER_SINC2_ORDER
 544:../../../firmware/n32h7xx_std_periph_driver/src/n32h7xx_dsmu.c **** *\*\                - DSMU_FILTER_SINC3_ORDER
 545:../../../firmware/n32h7xx_std_periph_driver/src/n32h7xx_dsmu.c **** *\*\                - DSMU_FILTER_SINC4_ORDER
 546:../../../firmware/n32h7xx_std_periph_driver/src/n32h7xx_dsmu.c **** *\*\                - DSMU_FILTER_SINC5_ORDER
 547:../../../firmware/n32h7xx_std_periph_driver/src/n32h7xx_dsmu.c **** *\*\             - Oversampling:
 548:../../../firmware/n32h7xx_std_periph_driver/src/n32h7xx_dsmu.c **** *\*\                - This parameter must be a number between Min_Data = 1 and Max_Data = 1024.
 549:../../../firmware/n32h7xx_std_periph_driver/src/n32h7xx_dsmu.c **** *\*\             - IntOversampling:
 550:../../../firmware/n32h7xx_std_periph_driver/src/n32h7xx_dsmu.c **** *\*\                - This parameter must be a number between Min_Data = 1 and Max_Data = 256.
 551:../../../firmware/n32h7xx_std_periph_driver/src/n32h7xx_dsmu.c **** *\*\return  ErrorStatus.
 552:../../../firmware/n32h7xx_std_periph_driver/src/n32h7xx_dsmu.c **** *\*\          - SUCCESS
 553:../../../firmware/n32h7xx_std_periph_driver/src/n32h7xx_dsmu.c **** *\*\          - ERROR
 554:../../../firmware/n32h7xx_std_periph_driver/src/n32h7xx_dsmu.c **** **/
 555:../../../firmware/n32h7xx_std_periph_driver/src/n32h7xx_dsmu.c **** ErrorStatus DSMU_FilterInit(DSMU_Filter_Submodule* DSMU_Filterx,
 556:../../../firmware/n32h7xx_std_periph_driver/src/n32h7xx_dsmu.c ****                             DSMU_Filter_InitType* DSMU_FilterInitStruct)
ARM GAS  /tmp/ccLNzWRO.s 			page 26


 557:../../../firmware/n32h7xx_std_periph_driver/src/n32h7xx_dsmu.c **** {
 891              		.loc 1 557 1
 892              		.cfi_startproc
 893              		@ args = 0, pretend = 0, frame = 16
 894              		@ frame_needed = 1, uses_anonymous_args = 0
 895              		@ link register save eliminated.
 896 0000 80B4     		push	{r7}
 897              	.LCFI58:
 898              		.cfi_def_cfa_offset 4
 899              		.cfi_offset 7, -4
 900 0002 85B0     		sub	sp, sp, #20
 901              	.LCFI59:
 902              		.cfi_def_cfa_offset 24
 903 0004 00AF     		add	r7, sp, #0
 904              	.LCFI60:
 905              		.cfi_def_cfa_register 7
 906 0006 7860     		str	r0, [r7, #4]
 907 0008 3960     		str	r1, [r7]
 558:../../../firmware/n32h7xx_std_periph_driver/src/n32h7xx_dsmu.c ****     uint32_t tReg;
 559:../../../firmware/n32h7xx_std_periph_driver/src/n32h7xx_dsmu.c ****     ErrorStatus status = SUCCESS;
 908              		.loc 1 559 17
 909 000a 0123     		movs	r3, #1
 910 000c FB72     		strb	r3, [r7, #11]
 560:../../../firmware/n32h7xx_std_periph_driver/src/n32h7xx_dsmu.c **** 
 561:../../../firmware/n32h7xx_std_periph_driver/src/n32h7xx_dsmu.c ****     /* Check parameters compatibility */
 562:../../../firmware/n32h7xx_std_periph_driver/src/n32h7xx_dsmu.c ****     if ((DSMU_Filterx == DSMU_Filter0) &&
 911              		.loc 1 562 8
 912 000e 7B68     		ldr	r3, [r7, #4]
 913 0010 364A     		ldr	r2, .L40
 914 0012 9342     		cmp	r3, r2
 915 0014 0AD1     		bne	.L31
 563:../../../firmware/n32h7xx_std_periph_driver/src/n32h7xx_dsmu.c ****             ((DSMU_FilterInitStruct->RegularParam.Trigger  == DSMU_FILTER_SYNC_TRIGGER) ||
 916              		.loc 1 563 50
 917 0016 3B68     		ldr	r3, [r7]
 918 0018 1B68     		ldr	r3, [r3]
 562:../../../firmware/n32h7xx_std_periph_driver/src/n32h7xx_dsmu.c ****             ((DSMU_FilterInitStruct->RegularParam.Trigger  == DSMU_FILTER_SYNC_TRIGGER) ||
 919              		.loc 1 562 40 discriminator 1
 920 001a 012B     		cmp	r3, #1
 921 001c 03D0     		beq	.L32
 564:../../../firmware/n32h7xx_std_periph_driver/src/n32h7xx_dsmu.c ****              (DSMU_FilterInitStruct->InjectedParam.Trigger == DSMU_FILTER_SYNC_TRIGGER)))
 922              		.loc 1 564 51
 923 001e 3B68     		ldr	r3, [r7]
 924 0020 9B68     		ldr	r3, [r3, #8]
 563:../../../firmware/n32h7xx_std_periph_driver/src/n32h7xx_dsmu.c ****             ((DSMU_FilterInitStruct->RegularParam.Trigger  == DSMU_FILTER_SYNC_TRIGGER) ||
 925              		.loc 1 563 89
 926 0022 012B     		cmp	r3, #1
 927 0024 02D1     		bne	.L31
 928              	.L32:
 565:../../../firmware/n32h7xx_std_periph_driver/src/n32h7xx_dsmu.c ****     {
 566:../../../firmware/n32h7xx_std_periph_driver/src/n32h7xx_dsmu.c ****         status = ERROR;
 929              		.loc 1 566 16
 930 0026 0023     		movs	r3, #0
 931 0028 FB72     		strb	r3, [r7, #11]
 932 002a 58E0     		b	.L33
 933              	.L31:
 567:../../../firmware/n32h7xx_std_periph_driver/src/n32h7xx_dsmu.c ****     }
 568:../../../firmware/n32h7xx_std_periph_driver/src/n32h7xx_dsmu.c ****     else
ARM GAS  /tmp/ccLNzWRO.s 			page 27


 569:../../../firmware/n32h7xx_std_periph_driver/src/n32h7xx_dsmu.c ****     {
 570:../../../firmware/n32h7xx_std_periph_driver/src/n32h7xx_dsmu.c ****         /* Disable the filter */
 571:../../../firmware/n32h7xx_std_periph_driver/src/n32h7xx_dsmu.c ****         DSMU_Filterx->FLTCTRL1 &= ~(DSMU_FLTXCTRL1_DFLTEN);
 934              		.loc 1 571 21
 935 002c 7B68     		ldr	r3, [r7, #4]
 936 002e 1B68     		ldr	r3, [r3]
 937              		.loc 1 571 32
 938 0030 23F00102 		bic	r2, r3, #1
 939 0034 7B68     		ldr	r3, [r7, #4]
 940 0036 1A60     		str	r2, [r3]
 572:../../../firmware/n32h7xx_std_periph_driver/src/n32h7xx_dsmu.c **** 
 573:../../../firmware/n32h7xx_std_periph_driver/src/n32h7xx_dsmu.c ****         /* Config FLTCTRL1 register */
 574:../../../firmware/n32h7xx_std_periph_driver/src/n32h7xx_dsmu.c ****         tReg  = DSMU_Filterx->FLTCTRL1;
 941              		.loc 1 574 15
 942 0038 7B68     		ldr	r3, [r7, #4]
 943 003a 1B68     		ldr	r3, [r3]
 944 003c FB60     		str	r3, [r7, #12]
 575:../../../firmware/n32h7xx_std_periph_driver/src/n32h7xx_dsmu.c ****         tReg &= ~( DSMU_FLTXCTRL1_FAST      \
 945              		.loc 1 575 14
 946 003e FA68     		ldr	r2, [r7, #12]
 947 0040 2B4B     		ldr	r3, .L40+4
 948 0042 1340     		ands	r3, r3, r2
 949 0044 FB60     		str	r3, [r7, #12]
 576:../../../firmware/n32h7xx_std_periph_driver/src/n32h7xx_dsmu.c ****                    |  DSMU_FLTXCTRL1_RDMAEN    \
 577:../../../firmware/n32h7xx_std_periph_driver/src/n32h7xx_dsmu.c ****                    |  DSMU_FLTXCTRL1_RSYNC     \
 578:../../../firmware/n32h7xx_std_periph_driver/src/n32h7xx_dsmu.c ****                    |  DSMU_FLTXCTRL1_JEXTEN    \
 579:../../../firmware/n32h7xx_std_periph_driver/src/n32h7xx_dsmu.c ****                    |  DSMU_FLTXCTRL1_JEXTSEL   \
 580:../../../firmware/n32h7xx_std_periph_driver/src/n32h7xx_dsmu.c ****                    |  DSMU_FLTXCTRL1_JDMAEN    \
 581:../../../firmware/n32h7xx_std_periph_driver/src/n32h7xx_dsmu.c ****                    |  DSMU_FLTXCTRL1_JSCAN     \
 582:../../../firmware/n32h7xx_std_periph_driver/src/n32h7xx_dsmu.c ****                    |  DSMU_FLTXCTRL1_JSYNC     );
 583:../../../firmware/n32h7xx_std_periph_driver/src/n32h7xx_dsmu.c **** 
 584:../../../firmware/n32h7xx_std_periph_driver/src/n32h7xx_dsmu.c ****         /* Set regular parameters */
 585:../../../firmware/n32h7xx_std_periph_driver/src/n32h7xx_dsmu.c ****         if(DSMU_FilterInitStruct->RegularParam.FastMode != DISABLE)
 950              		.loc 1 585 47
 951 0046 3B68     		ldr	r3, [r7]
 952 0048 1B79     		ldrb	r3, [r3, #4]	@ zero_extendqisi2
 953              		.loc 1 585 11
 954 004a 002B     		cmp	r3, #0
 955 004c 03D0     		beq	.L34
 586:../../../firmware/n32h7xx_std_periph_driver/src/n32h7xx_dsmu.c ****         {
 587:../../../firmware/n32h7xx_std_periph_driver/src/n32h7xx_dsmu.c ****             tReg |= DSMU_FLTXCTRL1_FAST;
 956              		.loc 1 587 18
 957 004e FB68     		ldr	r3, [r7, #12]
 958 0050 43F00053 		orr	r3, r3, #536870912
 959 0054 FB60     		str	r3, [r7, #12]
 960              	.L34:
 588:../../../firmware/n32h7xx_std_periph_driver/src/n32h7xx_dsmu.c ****         }
 589:../../../firmware/n32h7xx_std_periph_driver/src/n32h7xx_dsmu.c **** 
 590:../../../firmware/n32h7xx_std_periph_driver/src/n32h7xx_dsmu.c ****         if(DSMU_FilterInitStruct->RegularParam.DmaMode != DISABLE)
 961              		.loc 1 590 47
 962 0056 3B68     		ldr	r3, [r7]
 963 0058 5B79     		ldrb	r3, [r3, #5]	@ zero_extendqisi2
 964              		.loc 1 590 11
 965 005a 002B     		cmp	r3, #0
 966 005c 03D0     		beq	.L35
 591:../../../firmware/n32h7xx_std_periph_driver/src/n32h7xx_dsmu.c ****         {
 592:../../../firmware/n32h7xx_std_periph_driver/src/n32h7xx_dsmu.c ****             tReg |= DSMU_FLTXCTRL1_RDMAEN;
ARM GAS  /tmp/ccLNzWRO.s 			page 28


 967              		.loc 1 592 18
 968 005e FB68     		ldr	r3, [r7, #12]
 969 0060 43F40013 		orr	r3, r3, #2097152
 970 0064 FB60     		str	r3, [r7, #12]
 971              	.L35:
 593:../../../firmware/n32h7xx_std_periph_driver/src/n32h7xx_dsmu.c ****         }
 594:../../../firmware/n32h7xx_std_periph_driver/src/n32h7xx_dsmu.c **** 
 595:../../../firmware/n32h7xx_std_periph_driver/src/n32h7xx_dsmu.c ****         /* Set injected parameters */
 596:../../../firmware/n32h7xx_std_periph_driver/src/n32h7xx_dsmu.c ****         if(DSMU_FilterInitStruct->InjectedParam.Trigger == DSMU_FILTER_EXT_TRIGGER)
 972              		.loc 1 596 48
 973 0066 3B68     		ldr	r3, [r7]
 974 0068 9B68     		ldr	r3, [r3, #8]
 975              		.loc 1 596 11
 976 006a 022B     		cmp	r3, #2
 977 006c 04D1     		bne	.L36
 597:../../../firmware/n32h7xx_std_periph_driver/src/n32h7xx_dsmu.c ****         {
 598:../../../firmware/n32h7xx_std_periph_driver/src/n32h7xx_dsmu.c ****             tReg |= DSMU_FilterInitStruct->InjectedParam.ExtTrigger;
 978              		.loc 1 598 57
 979 006e 3B68     		ldr	r3, [r7]
 980 0070 1B69     		ldr	r3, [r3, #16]
 981              		.loc 1 598 18
 982 0072 FA68     		ldr	r2, [r7, #12]
 983 0074 1343     		orrs	r3, r3, r2
 984 0076 FB60     		str	r3, [r7, #12]
 985              	.L36:
 599:../../../firmware/n32h7xx_std_periph_driver/src/n32h7xx_dsmu.c ****         }
 600:../../../firmware/n32h7xx_std_periph_driver/src/n32h7xx_dsmu.c **** 
 601:../../../firmware/n32h7xx_std_periph_driver/src/n32h7xx_dsmu.c ****         if(DSMU_FilterInitStruct->InjectedParam.ScanMode != DISABLE)
 986              		.loc 1 601 48
 987 0078 3B68     		ldr	r3, [r7]
 988 007a 1B7B     		ldrb	r3, [r3, #12]	@ zero_extendqisi2
 989              		.loc 1 601 11
 990 007c 002B     		cmp	r3, #0
 991 007e 03D0     		beq	.L37
 602:../../../firmware/n32h7xx_std_periph_driver/src/n32h7xx_dsmu.c ****         {
 603:../../../firmware/n32h7xx_std_periph_driver/src/n32h7xx_dsmu.c ****             tReg |= DSMU_FLTXCTRL1_JSCAN;
 992              		.loc 1 603 18
 993 0080 FB68     		ldr	r3, [r7, #12]
 994 0082 43F01003 		orr	r3, r3, #16
 995 0086 FB60     		str	r3, [r7, #12]
 996              	.L37:
 604:../../../firmware/n32h7xx_std_periph_driver/src/n32h7xx_dsmu.c ****         }
 605:../../../firmware/n32h7xx_std_periph_driver/src/n32h7xx_dsmu.c **** 
 606:../../../firmware/n32h7xx_std_periph_driver/src/n32h7xx_dsmu.c ****         if(DSMU_FilterInitStruct->InjectedParam.DmaMode != DISABLE)
 997              		.loc 1 606 48
 998 0088 3B68     		ldr	r3, [r7]
 999 008a 5B7B     		ldrb	r3, [r3, #13]	@ zero_extendqisi2
 1000              		.loc 1 606 11
 1001 008c 002B     		cmp	r3, #0
 1002 008e 03D0     		beq	.L38
 607:../../../firmware/n32h7xx_std_periph_driver/src/n32h7xx_dsmu.c ****         {
 608:../../../firmware/n32h7xx_std_periph_driver/src/n32h7xx_dsmu.c ****             tReg |= DSMU_FLTXCTRL1_JDMAEN;
 1003              		.loc 1 608 18
 1004 0090 FB68     		ldr	r3, [r7, #12]
 1005 0092 43F02003 		orr	r3, r3, #32
 1006 0096 FB60     		str	r3, [r7, #12]
 1007              	.L38:
ARM GAS  /tmp/ccLNzWRO.s 			page 29


 609:../../../firmware/n32h7xx_std_periph_driver/src/n32h7xx_dsmu.c ****         }
 610:../../../firmware/n32h7xx_std_periph_driver/src/n32h7xx_dsmu.c **** 
 611:../../../firmware/n32h7xx_std_periph_driver/src/n32h7xx_dsmu.c ****         /* Write register */
 612:../../../firmware/n32h7xx_std_periph_driver/src/n32h7xx_dsmu.c ****         DSMU_Filterx->FLTCTRL1 = tReg;
 1008              		.loc 1 612 32
 1009 0098 7B68     		ldr	r3, [r7, #4]
 1010 009a FA68     		ldr	r2, [r7, #12]
 1011 009c 1A60     		str	r2, [r3]
 613:../../../firmware/n32h7xx_std_periph_driver/src/n32h7xx_dsmu.c **** 
 614:../../../firmware/n32h7xx_std_periph_driver/src/n32h7xx_dsmu.c ****         /* Set filter parameters */
 615:../../../firmware/n32h7xx_std_periph_driver/src/n32h7xx_dsmu.c ****         tReg  = DSMU_Filterx->FLTFCTRL;
 1012              		.loc 1 615 15
 1013 009e 7B68     		ldr	r3, [r7, #4]
 1014 00a0 5B69     		ldr	r3, [r3, #20]
 1015 00a2 FB60     		str	r3, [r7, #12]
 616:../../../firmware/n32h7xx_std_periph_driver/src/n32h7xx_dsmu.c ****         tReg &= ~(DSMU_FLTXFCTRL_FORD | DSMU_FLTXFCTRL_FOSR | DSMU_FLTXFCTRL_IOSR);
 1016              		.loc 1 616 14
 1017 00a4 FB68     		ldr	r3, [r7, #12]
 1018 00a6 23F06343 		bic	r3, r3, #-486539264
 1019 00aa 03F0FF23 		and	r3, r3, #-16711936
 1020 00ae FB60     		str	r3, [r7, #12]
 617:../../../firmware/n32h7xx_std_periph_driver/src/n32h7xx_dsmu.c ****         tReg |= (  DSMU_FilterInitStruct->FilterParam.SincOrder   \
 1021              		.loc 1 617 54
 1022 00b0 3B68     		ldr	r3, [r7]
 1023 00b2 5A69     		ldr	r2, [r3, #20]
 618:../../../firmware/n32h7xx_std_periph_driver/src/n32h7xx_dsmu.c ****                    | ((DSMU_FilterInitStruct->FilterParam.Oversampling - 1U) << REG_BIT16_OFFSET) \
 1024              		.loc 1 618 58
 1025 00b4 3B68     		ldr	r3, [r7]
 1026 00b6 9B69     		ldr	r3, [r3, #24]
 1027              		.loc 1 618 72
 1028 00b8 013B     		subs	r3, r3, #1
 1029              		.loc 1 618 78
 1030 00ba 1B04     		lsls	r3, r3, #16
 1031              		.loc 1 618 20
 1032 00bc 1A43     		orrs	r2, r2, r3
 619:../../../firmware/n32h7xx_std_periph_driver/src/n32h7xx_dsmu.c ****                    | (DSMU_FilterInitStruct->FilterParam.IntOversampling - 1U));
 1033              		.loc 1 619 57
 1034 00be 3B68     		ldr	r3, [r7]
 1035 00c0 DB69     		ldr	r3, [r3, #28]
 1036              		.loc 1 619 74
 1037 00c2 013B     		subs	r3, r3, #1
 1038              		.loc 1 619 20
 1039 00c4 1343     		orrs	r3, r3, r2
 617:../../../firmware/n32h7xx_std_periph_driver/src/n32h7xx_dsmu.c ****         tReg |= (  DSMU_FilterInitStruct->FilterParam.SincOrder   \
 1040              		.loc 1 617 14
 1041 00c6 FA68     		ldr	r2, [r7, #12]
 1042 00c8 1343     		orrs	r3, r3, r2
 1043 00ca FB60     		str	r3, [r7, #12]
 620:../../../firmware/n32h7xx_std_periph_driver/src/n32h7xx_dsmu.c ****         DSMU_Filterx->FLTFCTRL = tReg;
 1044              		.loc 1 620 32
 1045 00cc 7B68     		ldr	r3, [r7, #4]
 1046 00ce FA68     		ldr	r2, [r7, #12]
 1047 00d0 5A61     		str	r2, [r3, #20]
 621:../../../firmware/n32h7xx_std_periph_driver/src/n32h7xx_dsmu.c **** 
 622:../../../firmware/n32h7xx_std_periph_driver/src/n32h7xx_dsmu.c ****         /* Enable DSMU filter */
 623:../../../firmware/n32h7xx_std_periph_driver/src/n32h7xx_dsmu.c ****         DSMU_Filterx->FLTCTRL1 |= DSMU_FLTXCTRL1_DFLTEN;
 1048              		.loc 1 623 21
ARM GAS  /tmp/ccLNzWRO.s 			page 30


 1049 00d2 7B68     		ldr	r3, [r7, #4]
 1050 00d4 1B68     		ldr	r3, [r3]
 1051              		.loc 1 623 32
 1052 00d6 43F00102 		orr	r2, r3, #1
 1053 00da 7B68     		ldr	r3, [r7, #4]
 1054 00dc 1A60     		str	r2, [r3]
 1055              	.L33:
 624:../../../firmware/n32h7xx_std_periph_driver/src/n32h7xx_dsmu.c ****     }
 625:../../../firmware/n32h7xx_std_periph_driver/src/n32h7xx_dsmu.c **** 
 626:../../../firmware/n32h7xx_std_periph_driver/src/n32h7xx_dsmu.c ****     return status;
 1056              		.loc 1 626 12
 1057 00de FB7A     		ldrb	r3, [r7, #11]	@ zero_extendqisi2
 627:../../../firmware/n32h7xx_std_periph_driver/src/n32h7xx_dsmu.c **** }
 1058              		.loc 1 627 1
 1059 00e0 1846     		mov	r0, r3
 1060 00e2 1437     		adds	r7, r7, #20
 1061              	.LCFI61:
 1062              		.cfi_def_cfa_offset 4
 1063 00e4 BD46     		mov	sp, r7
 1064              	.LCFI62:
 1065              		.cfi_def_cfa_register 13
 1066              		@ sp needed
 1067 00e6 80BC     		pop	{r7}
 1068              	.LCFI63:
 1069              		.cfi_restore 7
 1070              		.cfi_def_cfa_offset 0
 1071 00e8 7047     		bx	lr
 1072              	.L41:
 1073 00ea 00BF     		.align	2
 1074              	.L40:
 1075 00ec 00A10D40 		.word	1074635008
 1076 00f0 C780D7DF 		.word	-539524921
 1077              		.cfi_endproc
 1078              	.LFE146:
 1080              		.section	.text.DSMU_InitFilterStruct,"ax",%progbits
 1081              		.align	1
 1082              		.global	DSMU_InitFilterStruct
 1083              		.syntax unified
 1084              		.thumb
 1085              		.thumb_func
 1087              	DSMU_InitFilterStruct:
 1088              	.LFB147:
 628:../../../firmware/n32h7xx_std_periph_driver/src/n32h7xx_dsmu.c **** 
 629:../../../firmware/n32h7xx_std_periph_driver/src/n32h7xx_dsmu.c **** /**
 630:../../../firmware/n32h7xx_std_periph_driver/src/n32h7xx_dsmu.c **** *\*\name   DSMU_InitFilterStruct.
 631:../../../firmware/n32h7xx_std_periph_driver/src/n32h7xx_dsmu.c **** *\*\fun    Set the initialize structure of DSMU filter to default value.
 632:../../../firmware/n32h7xx_std_periph_driver/src/n32h7xx_dsmu.c **** *\*\param  DSMU_FilterInitStruct
 633:../../../firmware/n32h7xx_std_periph_driver/src/n32h7xx_dsmu.c **** *\*\          - RegularParam:
 634:../../../firmware/n32h7xx_std_periph_driver/src/n32h7xx_dsmu.c **** *\*\             - DmaMode
 635:../../../firmware/n32h7xx_std_periph_driver/src/n32h7xx_dsmu.c **** *\*\             - FastMode
 636:../../../firmware/n32h7xx_std_periph_driver/src/n32h7xx_dsmu.c **** *\*\             - Trigger
 637:../../../firmware/n32h7xx_std_periph_driver/src/n32h7xx_dsmu.c **** *\*\          - InjectedParam:
 638:../../../firmware/n32h7xx_std_periph_driver/src/n32h7xx_dsmu.c **** *\*\             - ScanMode
 639:../../../firmware/n32h7xx_std_periph_driver/src/n32h7xx_dsmu.c **** *\*\             - DmaMode
 640:../../../firmware/n32h7xx_std_periph_driver/src/n32h7xx_dsmu.c **** *\*\             - Trigger
 641:../../../firmware/n32h7xx_std_periph_driver/src/n32h7xx_dsmu.c **** *\*\             - ExtTrigger
 642:../../../firmware/n32h7xx_std_periph_driver/src/n32h7xx_dsmu.c **** *\*\          - FilterParam:
ARM GAS  /tmp/ccLNzWRO.s 			page 31


 643:../../../firmware/n32h7xx_std_periph_driver/src/n32h7xx_dsmu.c **** *\*\             - SincOrder
 644:../../../firmware/n32h7xx_std_periph_driver/src/n32h7xx_dsmu.c **** *\*\             - Oversampling
 645:../../../firmware/n32h7xx_std_periph_driver/src/n32h7xx_dsmu.c **** *\*\             - IntOversampling
 646:../../../firmware/n32h7xx_std_periph_driver/src/n32h7xx_dsmu.c **** *\*\return none.
 647:../../../firmware/n32h7xx_std_periph_driver/src/n32h7xx_dsmu.c **** **/
 648:../../../firmware/n32h7xx_std_periph_driver/src/n32h7xx_dsmu.c **** void DSMU_InitFilterStruct(DSMU_Filter_InitType* DSMU_FilterInitStruct)
 649:../../../firmware/n32h7xx_std_periph_driver/src/n32h7xx_dsmu.c **** {
 1089              		.loc 1 649 1
 1090              		.cfi_startproc
 1091              		@ args = 0, pretend = 0, frame = 8
 1092              		@ frame_needed = 1, uses_anonymous_args = 0
 1093              		@ link register save eliminated.
 1094 0000 80B4     		push	{r7}
 1095              	.LCFI64:
 1096              		.cfi_def_cfa_offset 4
 1097              		.cfi_offset 7, -4
 1098 0002 83B0     		sub	sp, sp, #12
 1099              	.LCFI65:
 1100              		.cfi_def_cfa_offset 16
 1101 0004 00AF     		add	r7, sp, #0
 1102              	.LCFI66:
 1103              		.cfi_def_cfa_register 7
 1104 0006 7860     		str	r0, [r7, #4]
 650:../../../firmware/n32h7xx_std_periph_driver/src/n32h7xx_dsmu.c ****     DSMU_FilterInitStruct->RegularParam.Trigger = DSMU_FILTER_SW_TRIGGER;
 1105              		.loc 1 650 49
 1106 0008 7B68     		ldr	r3, [r7, #4]
 1107 000a 0022     		movs	r2, #0
 1108 000c 1A60     		str	r2, [r3]
 651:../../../firmware/n32h7xx_std_periph_driver/src/n32h7xx_dsmu.c ****     DSMU_FilterInitStruct->RegularParam.FastMode = DISABLE;
 1109              		.loc 1 651 50
 1110 000e 7B68     		ldr	r3, [r7, #4]
 1111 0010 0022     		movs	r2, #0
 1112 0012 1A71     		strb	r2, [r3, #4]
 652:../../../firmware/n32h7xx_std_periph_driver/src/n32h7xx_dsmu.c ****     DSMU_FilterInitStruct->RegularParam.DmaMode = DISABLE;
 1113              		.loc 1 652 49
 1114 0014 7B68     		ldr	r3, [r7, #4]
 1115 0016 0022     		movs	r2, #0
 1116 0018 5A71     		strb	r2, [r3, #5]
 653:../../../firmware/n32h7xx_std_periph_driver/src/n32h7xx_dsmu.c **** 
 654:../../../firmware/n32h7xx_std_periph_driver/src/n32h7xx_dsmu.c ****     DSMU_FilterInitStruct->InjectedParam.Trigger = DSMU_FILTER_SW_TRIGGER;
 1117              		.loc 1 654 50
 1118 001a 7B68     		ldr	r3, [r7, #4]
 1119 001c 0022     		movs	r2, #0
 1120 001e 9A60     		str	r2, [r3, #8]
 655:../../../firmware/n32h7xx_std_periph_driver/src/n32h7xx_dsmu.c ****     DSMU_FilterInitStruct->InjectedParam.ScanMode = DISABLE;
 1121              		.loc 1 655 51
 1122 0020 7B68     		ldr	r3, [r7, #4]
 1123 0022 0022     		movs	r2, #0
 1124 0024 1A73     		strb	r2, [r3, #12]
 656:../../../firmware/n32h7xx_std_periph_driver/src/n32h7xx_dsmu.c ****     DSMU_FilterInitStruct->InjectedParam.DmaMode = DISABLE;
 1125              		.loc 1 656 50
 1126 0026 7B68     		ldr	r3, [r7, #4]
 1127 0028 0022     		movs	r2, #0
 1128 002a 5A73     		strb	r2, [r3, #13]
 657:../../../firmware/n32h7xx_std_periph_driver/src/n32h7xx_dsmu.c ****     DSMU_FilterInitStruct->InjectedParam.ExtTrigger = DSMU_FILTER_EXT_TRIG_ATIM1_TRGO;
 1129              		.loc 1 657 53
 1130 002c 7B68     		ldr	r3, [r7, #4]
ARM GAS  /tmp/ccLNzWRO.s 			page 32


 1131 002e 0022     		movs	r2, #0
 1132 0030 1A61     		str	r2, [r3, #16]
 658:../../../firmware/n32h7xx_std_periph_driver/src/n32h7xx_dsmu.c **** 
 659:../../../firmware/n32h7xx_std_periph_driver/src/n32h7xx_dsmu.c ****     DSMU_FilterInitStruct->FilterParam.SincOrder = DSMU_FILTER_FASTSINC_ORDER;
 1133              		.loc 1 659 50
 1134 0032 7B68     		ldr	r3, [r7, #4]
 1135 0034 0022     		movs	r2, #0
 1136 0036 5A61     		str	r2, [r3, #20]
 660:../../../firmware/n32h7xx_std_periph_driver/src/n32h7xx_dsmu.c ****     DSMU_FilterInitStruct->FilterParam.Oversampling = 1U;
 1137              		.loc 1 660 53
 1138 0038 7B68     		ldr	r3, [r7, #4]
 1139 003a 0122     		movs	r2, #1
 1140 003c 9A61     		str	r2, [r3, #24]
 661:../../../firmware/n32h7xx_std_periph_driver/src/n32h7xx_dsmu.c ****     DSMU_FilterInitStruct->FilterParam.IntOversampling = 1U;
 1141              		.loc 1 661 56
 1142 003e 7B68     		ldr	r3, [r7, #4]
 1143 0040 0122     		movs	r2, #1
 1144 0042 DA61     		str	r2, [r3, #28]
 662:../../../firmware/n32h7xx_std_periph_driver/src/n32h7xx_dsmu.c **** }
 1145              		.loc 1 662 1
 1146 0044 00BF     		nop
 1147 0046 0C37     		adds	r7, r7, #12
 1148              	.LCFI67:
 1149              		.cfi_def_cfa_offset 4
 1150 0048 BD46     		mov	sp, r7
 1151              	.LCFI68:
 1152              		.cfi_def_cfa_register 13
 1153              		@ sp needed
 1154 004a 80BC     		pop	{r7}
 1155              	.LCFI69:
 1156              		.cfi_restore 7
 1157              		.cfi_def_cfa_offset 0
 1158 004c 7047     		bx	lr
 1159              		.cfi_endproc
 1160              	.LFE147:
 1162              		.section	.text.DSMU_FilterEnable,"ax",%progbits
 1163              		.align	1
 1164              		.global	DSMU_FilterEnable
 1165              		.syntax unified
 1166              		.thumb
 1167              		.thumb_func
 1169              	DSMU_FilterEnable:
 1170              	.LFB148:
 663:../../../firmware/n32h7xx_std_periph_driver/src/n32h7xx_dsmu.c **** 
 664:../../../firmware/n32h7xx_std_periph_driver/src/n32h7xx_dsmu.c **** /**
 665:../../../firmware/n32h7xx_std_periph_driver/src/n32h7xx_dsmu.c **** *\*\name   DSMU_FilterEnable.
 666:../../../firmware/n32h7xx_std_periph_driver/src/n32h7xx_dsmu.c **** *\*\fun    Enable or Disable the DSMU filter.
 667:../../../firmware/n32h7xx_std_periph_driver/src/n32h7xx_dsmu.c **** *\*\param  DSMU_Filterx
 668:../../../firmware/n32h7xx_std_periph_driver/src/n32h7xx_dsmu.c **** *\*\          - DSMU_Filter0
 669:../../../firmware/n32h7xx_std_periph_driver/src/n32h7xx_dsmu.c **** *\*\          - DSMU_Filter1
 670:../../../firmware/n32h7xx_std_periph_driver/src/n32h7xx_dsmu.c **** *\*\          - DSMU_Filter2
 671:../../../firmware/n32h7xx_std_periph_driver/src/n32h7xx_dsmu.c **** *\*\          - DSMU_Filter3
 672:../../../firmware/n32h7xx_std_periph_driver/src/n32h7xx_dsmu.c **** *\*\param   Cmd :
 673:../../../firmware/n32h7xx_std_periph_driver/src/n32h7xx_dsmu.c **** *\*\          - ENABLE
 674:../../../firmware/n32h7xx_std_periph_driver/src/n32h7xx_dsmu.c **** *\*\          - DISABLE
 675:../../../firmware/n32h7xx_std_periph_driver/src/n32h7xx_dsmu.c **** *\*\return None.
 676:../../../firmware/n32h7xx_std_periph_driver/src/n32h7xx_dsmu.c **** **/
ARM GAS  /tmp/ccLNzWRO.s 			page 33


 677:../../../firmware/n32h7xx_std_periph_driver/src/n32h7xx_dsmu.c **** void DSMU_FilterEnable(DSMU_Filter_Submodule* DSMU_Filterx, FunctionalState Cmd)
 678:../../../firmware/n32h7xx_std_periph_driver/src/n32h7xx_dsmu.c **** {
 1171              		.loc 1 678 1
 1172              		.cfi_startproc
 1173              		@ args = 0, pretend = 0, frame = 8
 1174              		@ frame_needed = 1, uses_anonymous_args = 0
 1175              		@ link register save eliminated.
 1176 0000 80B4     		push	{r7}
 1177              	.LCFI70:
 1178              		.cfi_def_cfa_offset 4
 1179              		.cfi_offset 7, -4
 1180 0002 83B0     		sub	sp, sp, #12
 1181              	.LCFI71:
 1182              		.cfi_def_cfa_offset 16
 1183 0004 00AF     		add	r7, sp, #0
 1184              	.LCFI72:
 1185              		.cfi_def_cfa_register 7
 1186 0006 7860     		str	r0, [r7, #4]
 1187 0008 0B46     		mov	r3, r1
 1188 000a FB70     		strb	r3, [r7, #3]
 679:../../../firmware/n32h7xx_std_periph_driver/src/n32h7xx_dsmu.c ****     if( Cmd != DISABLE)
 1189              		.loc 1 679 7
 1190 000c FB78     		ldrb	r3, [r7, #3]	@ zero_extendqisi2
 1191 000e 002B     		cmp	r3, #0
 1192 0010 06D0     		beq	.L44
 680:../../../firmware/n32h7xx_std_periph_driver/src/n32h7xx_dsmu.c ****     {
 681:../../../firmware/n32h7xx_std_periph_driver/src/n32h7xx_dsmu.c ****         DSMU_Filterx->FLTCTRL1 |= DSMU_FLTXCTRL1_DFLTEN;
 1193              		.loc 1 681 21
 1194 0012 7B68     		ldr	r3, [r7, #4]
 1195 0014 1B68     		ldr	r3, [r3]
 1196              		.loc 1 681 32
 1197 0016 43F00102 		orr	r2, r3, #1
 1198 001a 7B68     		ldr	r3, [r7, #4]
 1199 001c 1A60     		str	r2, [r3]
 682:../../../firmware/n32h7xx_std_periph_driver/src/n32h7xx_dsmu.c ****     }
 683:../../../firmware/n32h7xx_std_periph_driver/src/n32h7xx_dsmu.c ****     else
 684:../../../firmware/n32h7xx_std_periph_driver/src/n32h7xx_dsmu.c ****     {
 685:../../../firmware/n32h7xx_std_periph_driver/src/n32h7xx_dsmu.c ****         DSMU_Filterx->FLTCTRL1 &= ~(DSMU_FLTXCTRL1_DFLTEN);
 686:../../../firmware/n32h7xx_std_periph_driver/src/n32h7xx_dsmu.c ****     }
 687:../../../firmware/n32h7xx_std_periph_driver/src/n32h7xx_dsmu.c **** }
 1200              		.loc 1 687 1
 1201 001e 05E0     		b	.L46
 1202              	.L44:
 685:../../../firmware/n32h7xx_std_periph_driver/src/n32h7xx_dsmu.c ****     }
 1203              		.loc 1 685 21
 1204 0020 7B68     		ldr	r3, [r7, #4]
 1205 0022 1B68     		ldr	r3, [r3]
 685:../../../firmware/n32h7xx_std_periph_driver/src/n32h7xx_dsmu.c ****     }
 1206              		.loc 1 685 32
 1207 0024 23F00102 		bic	r2, r3, #1
 1208 0028 7B68     		ldr	r3, [r7, #4]
 1209 002a 1A60     		str	r2, [r3]
 1210              	.L46:
 1211              		.loc 1 687 1
 1212 002c 00BF     		nop
 1213 002e 0C37     		adds	r7, r7, #12
 1214              	.LCFI73:
ARM GAS  /tmp/ccLNzWRO.s 			page 34


 1215              		.cfi_def_cfa_offset 4
 1216 0030 BD46     		mov	sp, r7
 1217              	.LCFI74:
 1218              		.cfi_def_cfa_register 13
 1219              		@ sp needed
 1220 0032 80BC     		pop	{r7}
 1221              	.LCFI75:
 1222              		.cfi_restore 7
 1223              		.cfi_def_cfa_offset 0
 1224 0034 7047     		bx	lr
 1225              		.cfi_endproc
 1226              	.LFE148:
 1228              		.section	.text.DSMU_FilterConfigRegChannel,"ax",%progbits
 1229              		.align	1
 1230              		.global	DSMU_FilterConfigRegChannel
 1231              		.syntax unified
 1232              		.thumb
 1233              		.thumb_func
 1235              	DSMU_FilterConfigRegChannel:
 1236              	.LFB149:
 688:../../../firmware/n32h7xx_std_periph_driver/src/n32h7xx_dsmu.c **** 
 689:../../../firmware/n32h7xx_std_periph_driver/src/n32h7xx_dsmu.c **** /**
 690:../../../firmware/n32h7xx_std_periph_driver/src/n32h7xx_dsmu.c **** *\*\name   DSMU_FilterConfigRegChannel.
 691:../../../firmware/n32h7xx_std_periph_driver/src/n32h7xx_dsmu.c **** *\*\fun    This function allows to select regular channel and
 692:../../../firmware/n32h7xx_std_periph_driver/src/n32h7xx_dsmu.c **** *\*\       config continuous mode for regular conversion.
 693:../../../firmware/n32h7xx_std_periph_driver/src/n32h7xx_dsmu.c **** *\*\param  DSMU_Filterx:
 694:../../../firmware/n32h7xx_std_periph_driver/src/n32h7xx_dsmu.c **** *\*\          - DSMU_Filter0
 695:../../../firmware/n32h7xx_std_periph_driver/src/n32h7xx_dsmu.c **** *\*\          - DSMU_Filter1
 696:../../../firmware/n32h7xx_std_periph_driver/src/n32h7xx_dsmu.c **** *\*\          - DSMU_Filter2
 697:../../../firmware/n32h7xx_std_periph_driver/src/n32h7xx_dsmu.c **** *\*\          - DSMU_Filter3
 698:../../../firmware/n32h7xx_std_periph_driver/src/n32h7xx_dsmu.c **** *\*\param  ChannelSelect:
 699:../../../firmware/n32h7xx_std_periph_driver/src/n32h7xx_dsmu.c **** *\*\          - DSMU_CHANNEL_SELECT_0
 700:../../../firmware/n32h7xx_std_periph_driver/src/n32h7xx_dsmu.c **** *\*\          - DSMU_CHANNEL_SELECT_1
 701:../../../firmware/n32h7xx_std_periph_driver/src/n32h7xx_dsmu.c **** *\*\          - DSMU_CHANNEL_SELECT_2
 702:../../../firmware/n32h7xx_std_periph_driver/src/n32h7xx_dsmu.c **** *\*\          - DSMU_CHANNEL_SELECT_3
 703:../../../firmware/n32h7xx_std_periph_driver/src/n32h7xx_dsmu.c **** *\*\          - DSMU_CHANNEL_SELECT_4
 704:../../../firmware/n32h7xx_std_periph_driver/src/n32h7xx_dsmu.c **** *\*\          - DSMU_CHANNEL_SELECT_5
 705:../../../firmware/n32h7xx_std_periph_driver/src/n32h7xx_dsmu.c **** *\*\          - DSMU_CHANNEL_SELECT_6
 706:../../../firmware/n32h7xx_std_periph_driver/src/n32h7xx_dsmu.c **** *\*\          - DSMU_CHANNEL_SELECT_7
 707:../../../firmware/n32h7xx_std_periph_driver/src/n32h7xx_dsmu.c **** *\*\param  ContinuousMode Enable/disable continuous mode for regular conversion.
 708:../../../firmware/n32h7xx_std_periph_driver/src/n32h7xx_dsmu.c **** *\*\          - DSMU_CONTINUOUS_CONV_OFF
 709:../../../firmware/n32h7xx_std_periph_driver/src/n32h7xx_dsmu.c **** *\*\          - DSMU_CONTINUOUS_CONV_ON
 710:../../../firmware/n32h7xx_std_periph_driver/src/n32h7xx_dsmu.c **** *\*\return  none
 711:../../../firmware/n32h7xx_std_periph_driver/src/n32h7xx_dsmu.c **** **/
 712:../../../firmware/n32h7xx_std_periph_driver/src/n32h7xx_dsmu.c **** void DSMU_FilterConfigRegChannel(DSMU_Filter_Submodule* DSMU_Filterx,
 713:../../../firmware/n32h7xx_std_periph_driver/src/n32h7xx_dsmu.c ****                                  uint32_t  ChannelSelect,
 714:../../../firmware/n32h7xx_std_periph_driver/src/n32h7xx_dsmu.c ****                                  uint32_t  ContinuousMode)
 715:../../../firmware/n32h7xx_std_periph_driver/src/n32h7xx_dsmu.c **** {
 1237              		.loc 1 715 1
 1238              		.cfi_startproc
 1239              		@ args = 0, pretend = 0, frame = 16
 1240              		@ frame_needed = 1, uses_anonymous_args = 0
 1241              		@ link register save eliminated.
 1242 0000 80B4     		push	{r7}
 1243              	.LCFI76:
 1244              		.cfi_def_cfa_offset 4
 1245              		.cfi_offset 7, -4
ARM GAS  /tmp/ccLNzWRO.s 			page 35


 1246 0002 85B0     		sub	sp, sp, #20
 1247              	.LCFI77:
 1248              		.cfi_def_cfa_offset 24
 1249 0004 00AF     		add	r7, sp, #0
 1250              	.LCFI78:
 1251              		.cfi_def_cfa_register 7
 1252 0006 F860     		str	r0, [r7, #12]
 1253 0008 B960     		str	r1, [r7, #8]
 1254 000a 7A60     		str	r2, [r7, #4]
 716:../../../firmware/n32h7xx_std_periph_driver/src/n32h7xx_dsmu.c ****     /* Configure channel and continuous mode for regular conversion */
 717:../../../firmware/n32h7xx_std_periph_driver/src/n32h7xx_dsmu.c ****     DSMU_Filterx->FLTCTRL1 &= ~(DSMU_FLTXCTRL1_RCH | DSMU_FLTXCTRL1_RCONT);
 1255              		.loc 1 717 17
 1256 000c FB68     		ldr	r3, [r7, #12]
 1257 000e 1B68     		ldr	r3, [r3]
 1258              		.loc 1 717 28
 1259 0010 23F0E063 		bic	r3, r3, #117440512
 1260 0014 23F48023 		bic	r3, r3, #262144
 1261 0018 FA68     		ldr	r2, [r7, #12]
 1262 001a 1360     		str	r3, [r2]
 718:../../../firmware/n32h7xx_std_periph_driver/src/n32h7xx_dsmu.c ****     DSMU_Filterx->FLTCTRL1 |= ((ChannelSelect & DSMU_FLTXCTRL1_RCH) | ContinuousMode);
 1263              		.loc 1 718 17
 1264 001c FB68     		ldr	r3, [r7, #12]
 1265 001e 1A68     		ldr	r2, [r3]
 1266              		.loc 1 718 47
 1267 0020 BB68     		ldr	r3, [r7, #8]
 1268 0022 03F0E061 		and	r1, r3, #117440512
 1269              		.loc 1 718 69
 1270 0026 7B68     		ldr	r3, [r7, #4]
 1271 0028 0B43     		orrs	r3, r3, r1
 1272              		.loc 1 718 28
 1273 002a 1A43     		orrs	r2, r2, r3
 1274 002c FB68     		ldr	r3, [r7, #12]
 1275 002e 1A60     		str	r2, [r3]
 719:../../../firmware/n32h7xx_std_periph_driver/src/n32h7xx_dsmu.c **** }
 1276              		.loc 1 719 1
 1277 0030 00BF     		nop
 1278 0032 1437     		adds	r7, r7, #20
 1279              	.LCFI79:
 1280              		.cfi_def_cfa_offset 4
 1281 0034 BD46     		mov	sp, r7
 1282              	.LCFI80:
 1283              		.cfi_def_cfa_register 13
 1284              		@ sp needed
 1285 0036 80BC     		pop	{r7}
 1286              	.LCFI81:
 1287              		.cfi_restore 7
 1288              		.cfi_def_cfa_offset 0
 1289 0038 7047     		bx	lr
 1290              		.cfi_endproc
 1291              	.LFE149:
 1293              		.section	.text.DSMU_FilterConfigInjChannel,"ax",%progbits
 1294              		.align	1
 1295              		.global	DSMU_FilterConfigInjChannel
 1296              		.syntax unified
 1297              		.thumb
 1298              		.thumb_func
 1300              	DSMU_FilterConfigInjChannel:
ARM GAS  /tmp/ccLNzWRO.s 			page 36


 1301              	.LFB150:
 720:../../../firmware/n32h7xx_std_periph_driver/src/n32h7xx_dsmu.c **** 
 721:../../../firmware/n32h7xx_std_periph_driver/src/n32h7xx_dsmu.c **** /**
 722:../../../firmware/n32h7xx_std_periph_driver/src/n32h7xx_dsmu.c **** *\*\name   DSMU_FilterConfigInjChannel.
 723:../../../firmware/n32h7xx_std_periph_driver/src/n32h7xx_dsmu.c **** *\*\fun    This function allows to select channels for injected conversion.
 724:../../../firmware/n32h7xx_std_periph_driver/src/n32h7xx_dsmu.c **** *\*\param  DSMU_Filterx
 725:../../../firmware/n32h7xx_std_periph_driver/src/n32h7xx_dsmu.c **** *\*\          - DSMU_Filter0
 726:../../../firmware/n32h7xx_std_periph_driver/src/n32h7xx_dsmu.c **** *\*\          - DSMU_Filter1
 727:../../../firmware/n32h7xx_std_periph_driver/src/n32h7xx_dsmu.c **** *\*\          - DSMU_Filter2
 728:../../../firmware/n32h7xx_std_periph_driver/src/n32h7xx_dsmu.c **** *\*\          - DSMU_Filter3
 729:../../../firmware/n32h7xx_std_periph_driver/src/n32h7xx_dsmu.c **** *\*\param  ChannelSelect:
 730:../../../firmware/n32h7xx_std_periph_driver/src/n32h7xx_dsmu.c **** *\*\          - DSMU_CHANNEL_SELECT_0
 731:../../../firmware/n32h7xx_std_periph_driver/src/n32h7xx_dsmu.c **** *\*\          - DSMU_CHANNEL_SELECT_1
 732:../../../firmware/n32h7xx_std_periph_driver/src/n32h7xx_dsmu.c **** *\*\          - DSMU_CHANNEL_SELECT_2
 733:../../../firmware/n32h7xx_std_periph_driver/src/n32h7xx_dsmu.c **** *\*\          - DSMU_CHANNEL_SELECT_3
 734:../../../firmware/n32h7xx_std_periph_driver/src/n32h7xx_dsmu.c **** *\*\          - DSMU_CHANNEL_SELECT_4
 735:../../../firmware/n32h7xx_std_periph_driver/src/n32h7xx_dsmu.c **** *\*\          - DSMU_CHANNEL_SELECT_5
 736:../../../firmware/n32h7xx_std_periph_driver/src/n32h7xx_dsmu.c **** *\*\          - DSMU_CHANNEL_SELECT_6
 737:../../../firmware/n32h7xx_std_periph_driver/src/n32h7xx_dsmu.c **** *\*\          - DSMU_CHANNEL_SELECT_7
 738:../../../firmware/n32h7xx_std_periph_driver/src/n32h7xx_dsmu.c **** *\*\return  none
 739:../../../firmware/n32h7xx_std_periph_driver/src/n32h7xx_dsmu.c **** **/
 740:../../../firmware/n32h7xx_std_periph_driver/src/n32h7xx_dsmu.c **** void DSMU_FilterConfigInjChannel(DSMU_Filter_Submodule* DSMU_Filterx, uint32_t ChannelSelect)
 741:../../../firmware/n32h7xx_std_periph_driver/src/n32h7xx_dsmu.c **** {
 1302              		.loc 1 741 1
 1303              		.cfi_startproc
 1304              		@ args = 0, pretend = 0, frame = 8
 1305              		@ frame_needed = 1, uses_anonymous_args = 0
 1306              		@ link register save eliminated.
 1307 0000 80B4     		push	{r7}
 1308              	.LCFI82:
 1309              		.cfi_def_cfa_offset 4
 1310              		.cfi_offset 7, -4
 1311 0002 83B0     		sub	sp, sp, #12
 1312              	.LCFI83:
 1313              		.cfi_def_cfa_offset 16
 1314 0004 00AF     		add	r7, sp, #0
 1315              	.LCFI84:
 1316              		.cfi_def_cfa_register 7
 1317 0006 7860     		str	r0, [r7, #4]
 1318 0008 3960     		str	r1, [r7]
 742:../../../firmware/n32h7xx_std_periph_driver/src/n32h7xx_dsmu.c ****     /* Configure channel for injected conversion */
 743:../../../firmware/n32h7xx_std_periph_driver/src/n32h7xx_dsmu.c ****     DSMU_Filterx->FLTJCHG = (ChannelSelect & DSMU_FLTXJCHG_JCHG);
 1319              		.loc 1 743 44
 1320 000a 3B68     		ldr	r3, [r7]
 1321 000c DAB2     		uxtb	r2, r3
 1322              		.loc 1 743 27
 1323 000e 7B68     		ldr	r3, [r7, #4]
 1324 0010 1A61     		str	r2, [r3, #16]
 744:../../../firmware/n32h7xx_std_periph_driver/src/n32h7xx_dsmu.c **** }
 1325              		.loc 1 744 1
 1326 0012 00BF     		nop
 1327 0014 0C37     		adds	r7, r7, #12
 1328              	.LCFI85:
 1329              		.cfi_def_cfa_offset 4
 1330 0016 BD46     		mov	sp, r7
 1331              	.LCFI86:
 1332              		.cfi_def_cfa_register 13
ARM GAS  /tmp/ccLNzWRO.s 			page 37


 1333              		@ sp needed
 1334 0018 80BC     		pop	{r7}
 1335              	.LCFI87:
 1336              		.cfi_restore 7
 1337              		.cfi_def_cfa_offset 0
 1338 001a 7047     		bx	lr
 1339              		.cfi_endproc
 1340              	.LFE150:
 1342              		.section	.text.DSMU_FilterGetRegularValue,"ax",%progbits
 1343              		.align	1
 1344              		.global	DSMU_FilterGetRegularValue
 1345              		.syntax unified
 1346              		.thumb
 1347              		.thumb_func
 1349              	DSMU_FilterGetRegularValue:
 1350              	.LFB151:
 745:../../../firmware/n32h7xx_std_periph_driver/src/n32h7xx_dsmu.c **** 
 746:../../../firmware/n32h7xx_std_periph_driver/src/n32h7xx_dsmu.c **** /**
 747:../../../firmware/n32h7xx_std_periph_driver/src/n32h7xx_dsmu.c **** *\*\name   DSMU_FilterGetRegularValue.
 748:../../../firmware/n32h7xx_std_periph_driver/src/n32h7xx_dsmu.c **** *\*\fun    This function allows to get regular conversion value.
 749:../../../firmware/n32h7xx_std_periph_driver/src/n32h7xx_dsmu.c **** *\*\param  DSMU_Filterx
 750:../../../firmware/n32h7xx_std_periph_driver/src/n32h7xx_dsmu.c **** *\*\          - DSMU_Filter0
 751:../../../firmware/n32h7xx_std_periph_driver/src/n32h7xx_dsmu.c **** *\*\          - DSMU_Filter1
 752:../../../firmware/n32h7xx_std_periph_driver/src/n32h7xx_dsmu.c **** *\*\          - DSMU_Filter2
 753:../../../firmware/n32h7xx_std_periph_driver/src/n32h7xx_dsmu.c **** *\*\          - DSMU_Filter3
 754:../../../firmware/n32h7xx_std_periph_driver/src/n32h7xx_dsmu.c **** *\*\param  Channel Corresponding channel number of regular conversion.
 755:../../../firmware/n32h7xx_std_periph_driver/src/n32h7xx_dsmu.c **** *\*\return Regular conversion value
 756:../../../firmware/n32h7xx_std_periph_driver/src/n32h7xx_dsmu.c **** **/
 757:../../../firmware/n32h7xx_std_periph_driver/src/n32h7xx_dsmu.c **** int32_t DSMU_FilterGetRegularValue(const DSMU_Filter_Submodule* DSMU_Filterx,
 758:../../../firmware/n32h7xx_std_periph_driver/src/n32h7xx_dsmu.c ****                                    uint32_t* Channel)
 759:../../../firmware/n32h7xx_std_periph_driver/src/n32h7xx_dsmu.c **** {
 1351              		.loc 1 759 1
 1352              		.cfi_startproc
 1353              		@ args = 0, pretend = 0, frame = 16
 1354              		@ frame_needed = 1, uses_anonymous_args = 0
 1355              		@ link register save eliminated.
 1356 0000 80B4     		push	{r7}
 1357              	.LCFI88:
 1358              		.cfi_def_cfa_offset 4
 1359              		.cfi_offset 7, -4
 1360 0002 85B0     		sub	sp, sp, #20
 1361              	.LCFI89:
 1362              		.cfi_def_cfa_offset 24
 1363 0004 00AF     		add	r7, sp, #0
 1364              	.LCFI90:
 1365              		.cfi_def_cfa_register 7
 1366 0006 7860     		str	r0, [r7, #4]
 1367 0008 3960     		str	r1, [r7]
 760:../../../firmware/n32h7xx_std_periph_driver/src/n32h7xx_dsmu.c ****     uint32_t reg;
 761:../../../firmware/n32h7xx_std_periph_driver/src/n32h7xx_dsmu.c ****     int32_t  value;
 762:../../../firmware/n32h7xx_std_periph_driver/src/n32h7xx_dsmu.c **** 
 763:../../../firmware/n32h7xx_std_periph_driver/src/n32h7xx_dsmu.c ****     /* Get value of data register for regular channel */
 764:../../../firmware/n32h7xx_std_periph_driver/src/n32h7xx_dsmu.c ****     reg = DSMU_Filterx->FLTRDATA;
 1368              		.loc 1 764 9
 1369 000a 7B68     		ldr	r3, [r7, #4]
 1370 000c DB69     		ldr	r3, [r3, #28]
 1371 000e FB60     		str	r3, [r7, #12]
ARM GAS  /tmp/ccLNzWRO.s 			page 38


 765:../../../firmware/n32h7xx_std_periph_driver/src/n32h7xx_dsmu.c **** 
 766:../../../firmware/n32h7xx_std_periph_driver/src/n32h7xx_dsmu.c ****     /* Extract channel and regular conversion value */
 767:../../../firmware/n32h7xx_std_periph_driver/src/n32h7xx_dsmu.c ****     *Channel = (reg & DSMU_FLTXRDAT_RDATCH);
 1372              		.loc 1 767 21
 1373 0010 FB68     		ldr	r3, [r7, #12]
 1374 0012 03F00702 		and	r2, r3, #7
 1375              		.loc 1 767 14
 1376 0016 3B68     		ldr	r3, [r7]
 1377 0018 1A60     		str	r2, [r3]
 768:../../../firmware/n32h7xx_std_periph_driver/src/n32h7xx_dsmu.c **** 
 769:../../../firmware/n32h7xx_std_periph_driver/src/n32h7xx_dsmu.c ****     /* Regular conversion value is a signed value located on 24 MSB of register */
 770:../../../firmware/n32h7xx_std_periph_driver/src/n32h7xx_dsmu.c ****     /* So after applying a mask on these bits we have to perform a division by 256 (2 raised to the
 771:../../../firmware/n32h7xx_std_periph_driver/src/n32h7xx_dsmu.c ****     reg &= DSMU_FLTXRDAT_RDAT;
 1378              		.loc 1 771 9
 1379 001a FB68     		ldr	r3, [r7, #12]
 1380 001c 23F0FF03 		bic	r3, r3, #255
 1381 0020 FB60     		str	r3, [r7, #12]
 772:../../../firmware/n32h7xx_std_periph_driver/src/n32h7xx_dsmu.c ****     value = ((int32_t)reg) / 256;
 1382              		.loc 1 772 14
 1383 0022 FB68     		ldr	r3, [r7, #12]
 1384              		.loc 1 772 11
 1385 0024 002B     		cmp	r3, #0
 1386 0026 00DA     		bge	.L50
 1387 0028 FF33     		adds	r3, r3, #255
 1388              	.L50:
 1389 002a 1B12     		asrs	r3, r3, #8
 1390 002c BB60     		str	r3, [r7, #8]
 773:../../../firmware/n32h7xx_std_periph_driver/src/n32h7xx_dsmu.c **** 
 774:../../../firmware/n32h7xx_std_periph_driver/src/n32h7xx_dsmu.c ****     /* return regular conversion value */
 775:../../../firmware/n32h7xx_std_periph_driver/src/n32h7xx_dsmu.c ****     return value;
 1391              		.loc 1 775 12
 1392 002e BB68     		ldr	r3, [r7, #8]
 776:../../../firmware/n32h7xx_std_periph_driver/src/n32h7xx_dsmu.c **** }
 1393              		.loc 1 776 1
 1394 0030 1846     		mov	r0, r3
 1395 0032 1437     		adds	r7, r7, #20
 1396              	.LCFI91:
 1397              		.cfi_def_cfa_offset 4
 1398 0034 BD46     		mov	sp, r7
 1399              	.LCFI92:
 1400              		.cfi_def_cfa_register 13
 1401              		@ sp needed
 1402 0036 80BC     		pop	{r7}
 1403              	.LCFI93:
 1404              		.cfi_restore 7
 1405              		.cfi_def_cfa_offset 0
 1406 0038 7047     		bx	lr
 1407              		.cfi_endproc
 1408              	.LFE151:
 1410              		.section	.text.DSMU_FilterGetInjectedValue,"ax",%progbits
 1411              		.align	1
 1412              		.global	DSMU_FilterGetInjectedValue
 1413              		.syntax unified
 1414              		.thumb
 1415              		.thumb_func
 1417              	DSMU_FilterGetInjectedValue:
 1418              	.LFB152:
ARM GAS  /tmp/ccLNzWRO.s 			page 39


 777:../../../firmware/n32h7xx_std_periph_driver/src/n32h7xx_dsmu.c **** 
 778:../../../firmware/n32h7xx_std_periph_driver/src/n32h7xx_dsmu.c **** /**
 779:../../../firmware/n32h7xx_std_periph_driver/src/n32h7xx_dsmu.c **** *\*\name   DSMU_FilterGetInjectedValue.
 780:../../../firmware/n32h7xx_std_periph_driver/src/n32h7xx_dsmu.c **** *\*\fun    This function allows to get injected conversion value.
 781:../../../firmware/n32h7xx_std_periph_driver/src/n32h7xx_dsmu.c **** *\*\param  DSMU_Filterx
 782:../../../firmware/n32h7xx_std_periph_driver/src/n32h7xx_dsmu.c **** *\*\          - DSMU_Filter0
 783:../../../firmware/n32h7xx_std_periph_driver/src/n32h7xx_dsmu.c **** *\*\          - DSMU_Filter1
 784:../../../firmware/n32h7xx_std_periph_driver/src/n32h7xx_dsmu.c **** *\*\          - DSMU_Filter2
 785:../../../firmware/n32h7xx_std_periph_driver/src/n32h7xx_dsmu.c **** *\*\          - DSMU_Filter3
 786:../../../firmware/n32h7xx_std_periph_driver/src/n32h7xx_dsmu.c **** *\*\param  Channel Corresponding channel number of injected conversion.
 787:../../../firmware/n32h7xx_std_periph_driver/src/n32h7xx_dsmu.c **** *\*\return Injected conversion value
 788:../../../firmware/n32h7xx_std_periph_driver/src/n32h7xx_dsmu.c **** **/
 789:../../../firmware/n32h7xx_std_periph_driver/src/n32h7xx_dsmu.c **** int32_t DSMU_FilterGetInjectedValue(const DSMU_Filter_Submodule* DSMU_Filterx,
 790:../../../firmware/n32h7xx_std_periph_driver/src/n32h7xx_dsmu.c ****                                     uint32_t* Channel)
 791:../../../firmware/n32h7xx_std_periph_driver/src/n32h7xx_dsmu.c **** {
 1419              		.loc 1 791 1
 1420              		.cfi_startproc
 1421              		@ args = 0, pretend = 0, frame = 16
 1422              		@ frame_needed = 1, uses_anonymous_args = 0
 1423              		@ link register save eliminated.
 1424 0000 80B4     		push	{r7}
 1425              	.LCFI94:
 1426              		.cfi_def_cfa_offset 4
 1427              		.cfi_offset 7, -4
 1428 0002 85B0     		sub	sp, sp, #20
 1429              	.LCFI95:
 1430              		.cfi_def_cfa_offset 24
 1431 0004 00AF     		add	r7, sp, #0
 1432              	.LCFI96:
 1433              		.cfi_def_cfa_register 7
 1434 0006 7860     		str	r0, [r7, #4]
 1435 0008 3960     		str	r1, [r7]
 792:../../../firmware/n32h7xx_std_periph_driver/src/n32h7xx_dsmu.c ****     uint32_t reg;
 793:../../../firmware/n32h7xx_std_periph_driver/src/n32h7xx_dsmu.c ****     int32_t  value;
 794:../../../firmware/n32h7xx_std_periph_driver/src/n32h7xx_dsmu.c **** 
 795:../../../firmware/n32h7xx_std_periph_driver/src/n32h7xx_dsmu.c ****     /* Get value of data register for injected channel */
 796:../../../firmware/n32h7xx_std_periph_driver/src/n32h7xx_dsmu.c ****     reg = DSMU_Filterx->FLTJDATA;
 1436              		.loc 1 796 9
 1437 000a 7B68     		ldr	r3, [r7, #4]
 1438 000c 9B69     		ldr	r3, [r3, #24]
 1439 000e FB60     		str	r3, [r7, #12]
 797:../../../firmware/n32h7xx_std_periph_driver/src/n32h7xx_dsmu.c **** 
 798:../../../firmware/n32h7xx_std_periph_driver/src/n32h7xx_dsmu.c ****     /* Extract channel and injected conversion value */
 799:../../../firmware/n32h7xx_std_periph_driver/src/n32h7xx_dsmu.c ****     *Channel = (reg & DSMU_FLTXJDAT_JDATCH);
 1440              		.loc 1 799 21
 1441 0010 FB68     		ldr	r3, [r7, #12]
 1442 0012 03F00702 		and	r2, r3, #7
 1443              		.loc 1 799 14
 1444 0016 3B68     		ldr	r3, [r7]
 1445 0018 1A60     		str	r2, [r3]
 800:../../../firmware/n32h7xx_std_periph_driver/src/n32h7xx_dsmu.c **** 
 801:../../../firmware/n32h7xx_std_periph_driver/src/n32h7xx_dsmu.c ****     /* Injected conversion value is a signed value located on 24 MSB of register */
 802:../../../firmware/n32h7xx_std_periph_driver/src/n32h7xx_dsmu.c ****     /* So after applying a mask on these bits we have to perform a division by 256 (2 raised to the
 803:../../../firmware/n32h7xx_std_periph_driver/src/n32h7xx_dsmu.c ****     reg &= DSMU_FLTXJDAT_JDAT;
 1446              		.loc 1 803 9
 1447 001a FB68     		ldr	r3, [r7, #12]
 1448 001c 23F0FF03 		bic	r3, r3, #255
ARM GAS  /tmp/ccLNzWRO.s 			page 40


 1449 0020 FB60     		str	r3, [r7, #12]
 804:../../../firmware/n32h7xx_std_periph_driver/src/n32h7xx_dsmu.c ****     value = ((int32_t)reg) / 256;
 1450              		.loc 1 804 14
 1451 0022 FB68     		ldr	r3, [r7, #12]
 1452              		.loc 1 804 11
 1453 0024 002B     		cmp	r3, #0
 1454 0026 00DA     		bge	.L53
 1455 0028 FF33     		adds	r3, r3, #255
 1456              	.L53:
 1457 002a 1B12     		asrs	r3, r3, #8
 1458 002c BB60     		str	r3, [r7, #8]
 805:../../../firmware/n32h7xx_std_periph_driver/src/n32h7xx_dsmu.c **** 
 806:../../../firmware/n32h7xx_std_periph_driver/src/n32h7xx_dsmu.c ****     /* return regular conversion value */
 807:../../../firmware/n32h7xx_std_periph_driver/src/n32h7xx_dsmu.c ****     return value;
 1459              		.loc 1 807 12
 1460 002e BB68     		ldr	r3, [r7, #8]
 808:../../../firmware/n32h7xx_std_periph_driver/src/n32h7xx_dsmu.c **** }
 1461              		.loc 1 808 1
 1462 0030 1846     		mov	r0, r3
 1463 0032 1437     		adds	r7, r7, #20
 1464              	.LCFI97:
 1465              		.cfi_def_cfa_offset 4
 1466 0034 BD46     		mov	sp, r7
 1467              	.LCFI98:
 1468              		.cfi_def_cfa_register 13
 1469              		@ sp needed
 1470 0036 80BC     		pop	{r7}
 1471              	.LCFI99:
 1472              		.cfi_restore 7
 1473              		.cfi_def_cfa_offset 0
 1474 0038 7047     		bx	lr
 1475              		.cfi_endproc
 1476              	.LFE152:
 1478              		.section	.text.DSMU_FilterAwdStart,"ax",%progbits
 1479              		.align	1
 1480              		.global	DSMU_FilterAwdStart
 1481              		.syntax unified
 1482              		.thumb
 1483              		.thumb_func
 1485              	DSMU_FilterAwdStart:
 1486              	.LFB153:
 809:../../../firmware/n32h7xx_std_periph_driver/src/n32h7xx_dsmu.c **** 
 810:../../../firmware/n32h7xx_std_periph_driver/src/n32h7xx_dsmu.c **** /**
 811:../../../firmware/n32h7xx_std_periph_driver/src/n32h7xx_dsmu.c **** *\*\name   DSMU_FilterAwdStart.
 812:../../../firmware/n32h7xx_std_periph_driver/src/n32h7xx_dsmu.c **** *\*\fun    This function allows to start filter analog watchdog.
 813:../../../firmware/n32h7xx_std_periph_driver/src/n32h7xx_dsmu.c **** *\*\param  DSMU_Filterx
 814:../../../firmware/n32h7xx_std_periph_driver/src/n32h7xx_dsmu.c **** *\*\          - DSMU_Filter0
 815:../../../firmware/n32h7xx_std_periph_driver/src/n32h7xx_dsmu.c **** *\*\          - DSMU_Filter1
 816:../../../firmware/n32h7xx_std_periph_driver/src/n32h7xx_dsmu.c **** *\*\          - DSMU_Filter2
 817:../../../firmware/n32h7xx_std_periph_driver/src/n32h7xx_dsmu.c **** *\*\          - DSMU_Filter3
 818:../../../firmware/n32h7xx_std_periph_driver/src/n32h7xx_dsmu.c **** *\*\param  awdParam DSMU filter analog watchdog parameters.
 819:../../../firmware/n32h7xx_std_periph_driver/src/n32h7xx_dsmu.c **** *\*\          - DataSource:
 820:../../../firmware/n32h7xx_std_periph_driver/src/n32h7xx_dsmu.c **** *\*\            - DSMU_FILTER_AWD_FILTER_DATA
 821:../../../firmware/n32h7xx_std_periph_driver/src/n32h7xx_dsmu.c **** *\*\            - DSMU_FILTER_AWD_CHANNEL_DATA
 822:../../../firmware/n32h7xx_std_periph_driver/src/n32h7xx_dsmu.c **** *\*\          - ChannelSelect:
 823:../../../firmware/n32h7xx_std_periph_driver/src/n32h7xx_dsmu.c **** *\*\            - DSMU_CHANNEL_SELECT_0
 824:../../../firmware/n32h7xx_std_periph_driver/src/n32h7xx_dsmu.c **** *\*\            - DSMU_CHANNEL_SELECT_1
ARM GAS  /tmp/ccLNzWRO.s 			page 41


 825:../../../firmware/n32h7xx_std_periph_driver/src/n32h7xx_dsmu.c **** *\*\            - DSMU_CHANNEL_SELECT_2
 826:../../../firmware/n32h7xx_std_periph_driver/src/n32h7xx_dsmu.c **** *\*\            - DSMU_CHANNEL_SELECT_3
 827:../../../firmware/n32h7xx_std_periph_driver/src/n32h7xx_dsmu.c **** *\*\            - DSMU_CHANNEL_SELECT_4
 828:../../../firmware/n32h7xx_std_periph_driver/src/n32h7xx_dsmu.c **** *\*\            - DSMU_CHANNEL_SELECT_5
 829:../../../firmware/n32h7xx_std_periph_driver/src/n32h7xx_dsmu.c **** *\*\            - DSMU_CHANNEL_SELECT_6
 830:../../../firmware/n32h7xx_std_periph_driver/src/n32h7xx_dsmu.c **** *\*\            - DSMU_CHANNEL_SELECT_7
 831:../../../firmware/n32h7xx_std_periph_driver/src/n32h7xx_dsmu.c **** *\*\          - HighThreshold:
 832:../../../firmware/n32h7xx_std_periph_driver/src/n32h7xx_dsmu.c **** *\*\             - This parameter must be a number between Min_Data = -8388608 and Max_Data = 83886
 833:../../../firmware/n32h7xx_std_periph_driver/src/n32h7xx_dsmu.c **** *\*\          - LowThreshold:
 834:../../../firmware/n32h7xx_std_periph_driver/src/n32h7xx_dsmu.c **** *\*\             - This parameter must be a number between Min_Data = -8388608 and Max_Data = 83886
 835:../../../firmware/n32h7xx_std_periph_driver/src/n32h7xx_dsmu.c **** *\*\          - HighBreakSignal:
 836:../../../firmware/n32h7xx_std_periph_driver/src/n32h7xx_dsmu.c **** *\*\            - DSMU_NO_BREAK_SIGNAL
 837:../../../firmware/n32h7xx_std_periph_driver/src/n32h7xx_dsmu.c **** *\*\            - DSMU_BREAK_SIGNAL_0
 838:../../../firmware/n32h7xx_std_periph_driver/src/n32h7xx_dsmu.c **** *\*\            - DSMU_BREAK_SIGNAL_1
 839:../../../firmware/n32h7xx_std_periph_driver/src/n32h7xx_dsmu.c **** *\*\            - DSMU_BREAK_SIGNAL_2
 840:../../../firmware/n32h7xx_std_periph_driver/src/n32h7xx_dsmu.c **** *\*\            - DSMU_BREAK_SIGNAL_3
 841:../../../firmware/n32h7xx_std_periph_driver/src/n32h7xx_dsmu.c **** *\*\          - LowBreakSignal:
 842:../../../firmware/n32h7xx_std_periph_driver/src/n32h7xx_dsmu.c **** *\*\            - DSMU_NO_BREAK_SIGNAL
 843:../../../firmware/n32h7xx_std_periph_driver/src/n32h7xx_dsmu.c **** *\*\            - DSMU_BREAK_SIGNAL_0
 844:../../../firmware/n32h7xx_std_periph_driver/src/n32h7xx_dsmu.c **** *\*\            - DSMU_BREAK_SIGNAL_1
 845:../../../firmware/n32h7xx_std_periph_driver/src/n32h7xx_dsmu.c **** *\*\            - DSMU_BREAK_SIGNAL_2
 846:../../../firmware/n32h7xx_std_periph_driver/src/n32h7xx_dsmu.c **** *\*\            - DSMU_BREAK_SIGNAL_3
 847:../../../firmware/n32h7xx_std_periph_driver/src/n32h7xx_dsmu.c **** *\*\return  none
 848:../../../firmware/n32h7xx_std_periph_driver/src/n32h7xx_dsmu.c **** **/
 849:../../../firmware/n32h7xx_std_periph_driver/src/n32h7xx_dsmu.c **** void DSMU_FilterAwdStart(DSMU_Filter_Submodule* DSMU_Filterx,
 850:../../../firmware/n32h7xx_std_periph_driver/src/n32h7xx_dsmu.c ****                          DSMU_Filter_AwdParamType* awdParam)
 851:../../../firmware/n32h7xx_std_periph_driver/src/n32h7xx_dsmu.c **** {
 1487              		.loc 1 851 1
 1488              		.cfi_startproc
 1489              		@ args = 0, pretend = 0, frame = 16
 1490              		@ frame_needed = 1, uses_anonymous_args = 0
 1491              		@ link register save eliminated.
 1492 0000 80B4     		push	{r7}
 1493              	.LCFI100:
 1494              		.cfi_def_cfa_offset 4
 1495              		.cfi_offset 7, -4
 1496 0002 85B0     		sub	sp, sp, #20
 1497              	.LCFI101:
 1498              		.cfi_def_cfa_offset 24
 1499 0004 00AF     		add	r7, sp, #0
 1500              	.LCFI102:
 1501              		.cfi_def_cfa_register 7
 1502 0006 7860     		str	r0, [r7, #4]
 1503 0008 3960     		str	r1, [r7]
 852:../../../firmware/n32h7xx_std_periph_driver/src/n32h7xx_dsmu.c ****     uint32_t tReg;
 853:../../../firmware/n32h7xx_std_periph_driver/src/n32h7xx_dsmu.c **** 
 854:../../../firmware/n32h7xx_std_periph_driver/src/n32h7xx_dsmu.c ****     /* Set analog watchdog data source */
 855:../../../firmware/n32h7xx_std_periph_driver/src/n32h7xx_dsmu.c ****     tReg  = DSMU_Filterx->FLTCTRL1;
 1504              		.loc 1 855 11
 1505 000a 7B68     		ldr	r3, [r7, #4]
 1506 000c 1B68     		ldr	r3, [r3]
 1507 000e FB60     		str	r3, [r7, #12]
 856:../../../firmware/n32h7xx_std_periph_driver/src/n32h7xx_dsmu.c ****     tReg &= ~(DSMU_FLTXCTRL1_AWDFSEL);
 1508              		.loc 1 856 10
 1509 0010 FB68     		ldr	r3, [r7, #12]
 1510 0012 23F08043 		bic	r3, r3, #1073741824
 1511 0016 FB60     		str	r3, [r7, #12]
ARM GAS  /tmp/ccLNzWRO.s 			page 42


 857:../../../firmware/n32h7xx_std_periph_driver/src/n32h7xx_dsmu.c ****     tReg |= awdParam->DataSource;
 1512              		.loc 1 857 21
 1513 0018 3B68     		ldr	r3, [r7]
 1514 001a 1B68     		ldr	r3, [r3]
 1515              		.loc 1 857 10
 1516 001c FA68     		ldr	r2, [r7, #12]
 1517 001e 1343     		orrs	r3, r3, r2
 1518 0020 FB60     		str	r3, [r7, #12]
 858:../../../firmware/n32h7xx_std_periph_driver/src/n32h7xx_dsmu.c ****     DSMU_Filterx->FLTCTRL1 = tReg;
 1519              		.loc 1 858 28
 1520 0022 7B68     		ldr	r3, [r7, #4]
 1521 0024 FA68     		ldr	r2, [r7, #12]
 1522 0026 1A60     		str	r2, [r3]
 859:../../../firmware/n32h7xx_std_periph_driver/src/n32h7xx_dsmu.c **** 
 860:../../../firmware/n32h7xx_std_periph_driver/src/n32h7xx_dsmu.c ****     /* Set thresholds and break signals */
 861:../../../firmware/n32h7xx_std_periph_driver/src/n32h7xx_dsmu.c ****     tReg  = DSMU_Filterx->FLTAWDHT;
 1523              		.loc 1 861 11
 1524 0028 7B68     		ldr	r3, [r7, #4]
 1525 002a 1B6A     		ldr	r3, [r3, #32]
 1526 002c FB60     		str	r3, [r7, #12]
 862:../../../firmware/n32h7xx_std_periph_driver/src/n32h7xx_dsmu.c ****     tReg &= ~(DSMU_FLTXAWDHT_AWDHT | DSMU_FLTXAWDHT_BKAWDHT);
 1527              		.loc 1 862 10
 1528 002e FB68     		ldr	r3, [r7, #12]
 1529 0030 03F0F003 		and	r3, r3, #240
 1530 0034 FB60     		str	r3, [r7, #12]
 863:../../../firmware/n32h7xx_std_periph_driver/src/n32h7xx_dsmu.c ****     tReg |= (((uint32_t) awdParam->HighThreshold << REG_BIT8_OFFSET) \
 1531              		.loc 1 863 34
 1532 0036 3B68     		ldr	r3, [r7]
 1533 0038 9B68     		ldr	r3, [r3, #8]
 1534              		.loc 1 863 50
 1535 003a 1A02     		lsls	r2, r3, #8
 864:../../../firmware/n32h7xx_std_periph_driver/src/n32h7xx_dsmu.c ****              |            awdParam->HighBreakSignal    );
 1536              		.loc 1 864 35
 1537 003c 3B68     		ldr	r3, [r7]
 1538 003e 1B69     		ldr	r3, [r3, #16]
 1539              		.loc 1 864 14
 1540 0040 1343     		orrs	r3, r3, r2
 863:../../../firmware/n32h7xx_std_periph_driver/src/n32h7xx_dsmu.c ****     tReg |= (((uint32_t) awdParam->HighThreshold << REG_BIT8_OFFSET) \
 1541              		.loc 1 863 10
 1542 0042 FA68     		ldr	r2, [r7, #12]
 1543 0044 1343     		orrs	r3, r3, r2
 1544 0046 FB60     		str	r3, [r7, #12]
 865:../../../firmware/n32h7xx_std_periph_driver/src/n32h7xx_dsmu.c ****     DSMU_Filterx->FLTAWDHT = tReg;
 1545              		.loc 1 865 28
 1546 0048 7B68     		ldr	r3, [r7, #4]
 1547 004a FA68     		ldr	r2, [r7, #12]
 1548 004c 1A62     		str	r2, [r3, #32]
 866:../../../firmware/n32h7xx_std_periph_driver/src/n32h7xx_dsmu.c **** 
 867:../../../firmware/n32h7xx_std_periph_driver/src/n32h7xx_dsmu.c ****     tReg  = DSMU_Filterx->FLTAWDLT;
 1549              		.loc 1 867 11
 1550 004e 7B68     		ldr	r3, [r7, #4]
 1551 0050 5B6A     		ldr	r3, [r3, #36]
 1552 0052 FB60     		str	r3, [r7, #12]
 868:../../../firmware/n32h7xx_std_periph_driver/src/n32h7xx_dsmu.c ****     tReg &= ~(DSMU_FLTXAWDLT_AWDLT | DSMU_FLTXAWDLT_BKAWDLT);
 1553              		.loc 1 868 10
 1554 0054 FB68     		ldr	r3, [r7, #12]
 1555 0056 03F0F003 		and	r3, r3, #240
ARM GAS  /tmp/ccLNzWRO.s 			page 43


 1556 005a FB60     		str	r3, [r7, #12]
 869:../../../firmware/n32h7xx_std_periph_driver/src/n32h7xx_dsmu.c ****     tReg |= (((uint32_t) awdParam->LowThreshold << REG_BIT8_OFFSET) \
 1557              		.loc 1 869 34
 1558 005c 3B68     		ldr	r3, [r7]
 1559 005e DB68     		ldr	r3, [r3, #12]
 1560              		.loc 1 869 49
 1561 0060 1A02     		lsls	r2, r3, #8
 870:../../../firmware/n32h7xx_std_periph_driver/src/n32h7xx_dsmu.c ****              |            awdParam->LowBreakSignal    );
 1562              		.loc 1 870 35
 1563 0062 3B68     		ldr	r3, [r7]
 1564 0064 5B69     		ldr	r3, [r3, #20]
 1565              		.loc 1 870 14
 1566 0066 1343     		orrs	r3, r3, r2
 869:../../../firmware/n32h7xx_std_periph_driver/src/n32h7xx_dsmu.c ****     tReg |= (((uint32_t) awdParam->LowThreshold << REG_BIT8_OFFSET) \
 1567              		.loc 1 869 10
 1568 0068 FA68     		ldr	r2, [r7, #12]
 1569 006a 1343     		orrs	r3, r3, r2
 1570 006c FB60     		str	r3, [r7, #12]
 871:../../../firmware/n32h7xx_std_periph_driver/src/n32h7xx_dsmu.c ****     DSMU_Filterx->FLTAWDLT = tReg;
 1571              		.loc 1 871 28
 1572 006e 7B68     		ldr	r3, [r7, #4]
 1573 0070 FA68     		ldr	r2, [r7, #12]
 1574 0072 5A62     		str	r2, [r3, #36]
 872:../../../firmware/n32h7xx_std_periph_driver/src/n32h7xx_dsmu.c **** 
 873:../../../firmware/n32h7xx_std_periph_driver/src/n32h7xx_dsmu.c ****     /* Set channels and interrupt for analog watchdog */
 874:../../../firmware/n32h7xx_std_periph_driver/src/n32h7xx_dsmu.c ****     tReg  = DSMU_Filterx->FLTCTRL2;
 1575              		.loc 1 874 11
 1576 0074 7B68     		ldr	r3, [r7, #4]
 1577 0076 5B68     		ldr	r3, [r3, #4]
 1578 0078 FB60     		str	r3, [r7, #12]
 875:../../../firmware/n32h7xx_std_periph_driver/src/n32h7xx_dsmu.c ****     tReg &= ~(DSMU_FLTXCTRL2_AWDCH);
 1579              		.loc 1 875 10
 1580 007a FB68     		ldr	r3, [r7, #12]
 1581 007c 23F47F03 		bic	r3, r3, #16711680
 1582 0080 FB60     		str	r3, [r7, #12]
 876:../../../firmware/n32h7xx_std_periph_driver/src/n32h7xx_dsmu.c ****     tReg |= (awdParam->ChannelSelect & DSMU_FLTXCTRL2_AWDCH);
 1583              		.loc 1 876 22
 1584 0082 3B68     		ldr	r3, [r7]
 1585 0084 5B68     		ldr	r3, [r3, #4]
 1586              		.loc 1 876 38
 1587 0086 03F47F03 		and	r3, r3, #16711680
 1588              		.loc 1 876 10
 1589 008a FA68     		ldr	r2, [r7, #12]
 1590 008c 1343     		orrs	r3, r3, r2
 1591 008e FB60     		str	r3, [r7, #12]
 877:../../../firmware/n32h7xx_std_periph_driver/src/n32h7xx_dsmu.c ****     DSMU_Filterx->FLTCTRL2 = tReg;
 1592              		.loc 1 877 28
 1593 0090 7B68     		ldr	r3, [r7, #4]
 1594 0092 FA68     		ldr	r2, [r7, #12]
 1595 0094 5A60     		str	r2, [r3, #4]
 878:../../../firmware/n32h7xx_std_periph_driver/src/n32h7xx_dsmu.c **** }
 1596              		.loc 1 878 1
 1597 0096 00BF     		nop
 1598 0098 1437     		adds	r7, r7, #20
 1599              	.LCFI103:
 1600              		.cfi_def_cfa_offset 4
 1601 009a BD46     		mov	sp, r7
ARM GAS  /tmp/ccLNzWRO.s 			page 44


 1602              	.LCFI104:
 1603              		.cfi_def_cfa_register 13
 1604              		@ sp needed
 1605 009c 80BC     		pop	{r7}
 1606              	.LCFI105:
 1607              		.cfi_restore 7
 1608              		.cfi_def_cfa_offset 0
 1609 009e 7047     		bx	lr
 1610              		.cfi_endproc
 1611              	.LFE153:
 1613              		.section	.text.DSMU_FilterAwdStop,"ax",%progbits
 1614              		.align	1
 1615              		.global	DSMU_FilterAwdStop
 1616              		.syntax unified
 1617              		.thumb
 1618              		.thumb_func
 1620              	DSMU_FilterAwdStop:
 1621              	.LFB154:
 879:../../../firmware/n32h7xx_std_periph_driver/src/n32h7xx_dsmu.c **** 
 880:../../../firmware/n32h7xx_std_periph_driver/src/n32h7xx_dsmu.c **** /**
 881:../../../firmware/n32h7xx_std_periph_driver/src/n32h7xx_dsmu.c **** *\*\name   DSMU_FilterAwdStop.
 882:../../../firmware/n32h7xx_std_periph_driver/src/n32h7xx_dsmu.c **** *\*\fun    This function allows to stop filter analog watchdog.
 883:../../../firmware/n32h7xx_std_periph_driver/src/n32h7xx_dsmu.c **** *\*\param  DSMU_Filterx
 884:../../../firmware/n32h7xx_std_periph_driver/src/n32h7xx_dsmu.c **** *\*\          - DSMU_Filter0
 885:../../../firmware/n32h7xx_std_periph_driver/src/n32h7xx_dsmu.c **** *\*\          - DSMU_Filter1
 886:../../../firmware/n32h7xx_std_periph_driver/src/n32h7xx_dsmu.c **** *\*\          - DSMU_Filter2
 887:../../../firmware/n32h7xx_std_periph_driver/src/n32h7xx_dsmu.c **** *\*\          - DSMU_Filter3
 888:../../../firmware/n32h7xx_std_periph_driver/src/n32h7xx_dsmu.c **** *\*\return  none
 889:../../../firmware/n32h7xx_std_periph_driver/src/n32h7xx_dsmu.c **** **/
 890:../../../firmware/n32h7xx_std_periph_driver/src/n32h7xx_dsmu.c **** void DSMU_FilterAwdStop(DSMU_Filter_Submodule* DSMU_Filterx)
 891:../../../firmware/n32h7xx_std_periph_driver/src/n32h7xx_dsmu.c **** {
 1622              		.loc 1 891 1
 1623              		.cfi_startproc
 1624              		@ args = 0, pretend = 0, frame = 8
 1625              		@ frame_needed = 1, uses_anonymous_args = 0
 1626              		@ link register save eliminated.
 1627 0000 80B4     		push	{r7}
 1628              	.LCFI106:
 1629              		.cfi_def_cfa_offset 4
 1630              		.cfi_offset 7, -4
 1631 0002 83B0     		sub	sp, sp, #12
 1632              	.LCFI107:
 1633              		.cfi_def_cfa_offset 16
 1634 0004 00AF     		add	r7, sp, #0
 1635              	.LCFI108:
 1636              		.cfi_def_cfa_register 7
 1637 0006 7860     		str	r0, [r7, #4]
 892:../../../firmware/n32h7xx_std_periph_driver/src/n32h7xx_dsmu.c ****     /* Reset channels for analog watchdog and deactivate interrupt */
 893:../../../firmware/n32h7xx_std_periph_driver/src/n32h7xx_dsmu.c ****     DSMU_Filterx->FLTCTRL2 &= ~(DSMU_FLTXCTRL2_AWDCH);
 1638              		.loc 1 893 17
 1639 0008 7B68     		ldr	r3, [r7, #4]
 1640 000a 5B68     		ldr	r3, [r3, #4]
 1641              		.loc 1 893 28
 1642 000c 23F47F02 		bic	r2, r3, #16711680
 1643 0010 7B68     		ldr	r3, [r7, #4]
 1644 0012 5A60     		str	r2, [r3, #4]
 894:../../../firmware/n32h7xx_std_periph_driver/src/n32h7xx_dsmu.c **** 
ARM GAS  /tmp/ccLNzWRO.s 			page 45


 895:../../../firmware/n32h7xx_std_periph_driver/src/n32h7xx_dsmu.c ****     /* Clear all analog watchdog flags */
 896:../../../firmware/n32h7xx_std_periph_driver/src/n32h7xx_dsmu.c ****     DSMU_Filterx->FLTAWDCLR = (DSMU_FLTXAWDCLR_CLRAWDHTF | DSMU_FLTXAWDCLR_CLRAWDLTF);
 1645              		.loc 1 896 29
 1646 0014 7B68     		ldr	r3, [r7, #4]
 1647 0016 4FF6FF72 		movw	r2, #65535
 1648 001a DA62     		str	r2, [r3, #44]
 897:../../../firmware/n32h7xx_std_periph_driver/src/n32h7xx_dsmu.c **** 
 898:../../../firmware/n32h7xx_std_periph_driver/src/n32h7xx_dsmu.c ****     /* Reset thresholds and break signals */
 899:../../../firmware/n32h7xx_std_periph_driver/src/n32h7xx_dsmu.c ****     DSMU_Filterx->FLTAWDHT &= ~(DSMU_FLTXAWDHT_AWDHT | DSMU_FLTXAWDHT_BKAWDHT);
 1649              		.loc 1 899 17
 1650 001c 7B68     		ldr	r3, [r7, #4]
 1651 001e 1B6A     		ldr	r3, [r3, #32]
 1652              		.loc 1 899 28
 1653 0020 03F0F002 		and	r2, r3, #240
 1654 0024 7B68     		ldr	r3, [r7, #4]
 1655 0026 1A62     		str	r2, [r3, #32]
 900:../../../firmware/n32h7xx_std_periph_driver/src/n32h7xx_dsmu.c ****     DSMU_Filterx->FLTAWDLT &= ~(DSMU_FLTXAWDLT_AWDLT | DSMU_FLTXAWDLT_BKAWDLT);
 1656              		.loc 1 900 17
 1657 0028 7B68     		ldr	r3, [r7, #4]
 1658 002a 5B6A     		ldr	r3, [r3, #36]
 1659              		.loc 1 900 28
 1660 002c 03F0F002 		and	r2, r3, #240
 1661 0030 7B68     		ldr	r3, [r7, #4]
 1662 0032 5A62     		str	r2, [r3, #36]
 901:../../../firmware/n32h7xx_std_periph_driver/src/n32h7xx_dsmu.c **** 
 902:../../../firmware/n32h7xx_std_periph_driver/src/n32h7xx_dsmu.c ****     /* Reset analog watchdog data source */
 903:../../../firmware/n32h7xx_std_periph_driver/src/n32h7xx_dsmu.c ****     DSMU_Filterx->FLTCTRL1 &= ~(DSMU_FLTXCTRL1_AWDFSEL);
 1663              		.loc 1 903 17
 1664 0034 7B68     		ldr	r3, [r7, #4]
 1665 0036 1B68     		ldr	r3, [r3]
 1666              		.loc 1 903 28
 1667 0038 23F08042 		bic	r2, r3, #1073741824
 1668 003c 7B68     		ldr	r3, [r7, #4]
 1669 003e 1A60     		str	r2, [r3]
 904:../../../firmware/n32h7xx_std_periph_driver/src/n32h7xx_dsmu.c **** }
 1670              		.loc 1 904 1
 1671 0040 00BF     		nop
 1672 0042 0C37     		adds	r7, r7, #12
 1673              	.LCFI109:
 1674              		.cfi_def_cfa_offset 4
 1675 0044 BD46     		mov	sp, r7
 1676              	.LCFI110:
 1677              		.cfi_def_cfa_register 13
 1678              		@ sp needed
 1679 0046 80BC     		pop	{r7}
 1680              	.LCFI111:
 1681              		.cfi_restore 7
 1682              		.cfi_def_cfa_offset 0
 1683 0048 7047     		bx	lr
 1684              		.cfi_endproc
 1685              	.LFE154:
 1687              		.section	.text.DSMU_FilterExdStart,"ax",%progbits
 1688              		.align	1
 1689              		.global	DSMU_FilterExdStart
 1690              		.syntax unified
 1691              		.thumb
 1692              		.thumb_func
ARM GAS  /tmp/ccLNzWRO.s 			page 46


 1694              	DSMU_FilterExdStart:
 1695              	.LFB155:
 905:../../../firmware/n32h7xx_std_periph_driver/src/n32h7xx_dsmu.c **** 
 906:../../../firmware/n32h7xx_std_periph_driver/src/n32h7xx_dsmu.c **** /**
 907:../../../firmware/n32h7xx_std_periph_driver/src/n32h7xx_dsmu.c **** *\*\name   DSMU_FilterExdStart.
 908:../../../firmware/n32h7xx_std_periph_driver/src/n32h7xx_dsmu.c **** *\*\fun    This function allows to start extreme detector feature.
 909:../../../firmware/n32h7xx_std_periph_driver/src/n32h7xx_dsmu.c **** *\*\param  DSMU_Filterx
 910:../../../firmware/n32h7xx_std_periph_driver/src/n32h7xx_dsmu.c **** *\*\          - DSMU_Filter0
 911:../../../firmware/n32h7xx_std_periph_driver/src/n32h7xx_dsmu.c **** *\*\          - DSMU_Filter1
 912:../../../firmware/n32h7xx_std_periph_driver/src/n32h7xx_dsmu.c **** *\*\          - DSMU_Filter2
 913:../../../firmware/n32h7xx_std_periph_driver/src/n32h7xx_dsmu.c **** *\*\          - DSMU_Filter3
 914:../../../firmware/n32h7xx_std_periph_driver/src/n32h7xx_dsmu.c **** *\*\param  ChannelSelect:
 915:../../../firmware/n32h7xx_std_periph_driver/src/n32h7xx_dsmu.c **** *\*\          - DSMU_CHANNEL_SELECT_0
 916:../../../firmware/n32h7xx_std_periph_driver/src/n32h7xx_dsmu.c **** *\*\          - DSMU_CHANNEL_SELECT_1
 917:../../../firmware/n32h7xx_std_periph_driver/src/n32h7xx_dsmu.c **** *\*\          - DSMU_CHANNEL_SELECT_2
 918:../../../firmware/n32h7xx_std_periph_driver/src/n32h7xx_dsmu.c **** *\*\          - DSMU_CHANNEL_SELECT_3
 919:../../../firmware/n32h7xx_std_periph_driver/src/n32h7xx_dsmu.c **** *\*\          - DSMU_CHANNEL_SELECT_4
 920:../../../firmware/n32h7xx_std_periph_driver/src/n32h7xx_dsmu.c **** *\*\          - DSMU_CHANNEL_SELECT_5
 921:../../../firmware/n32h7xx_std_periph_driver/src/n32h7xx_dsmu.c **** *\*\          - DSMU_CHANNEL_SELECT_6
 922:../../../firmware/n32h7xx_std_periph_driver/src/n32h7xx_dsmu.c **** *\*\          - DSMU_CHANNEL_SELECT_7
 923:../../../firmware/n32h7xx_std_periph_driver/src/n32h7xx_dsmu.c **** *\*\return  none
 924:../../../firmware/n32h7xx_std_periph_driver/src/n32h7xx_dsmu.c **** **/
 925:../../../firmware/n32h7xx_std_periph_driver/src/n32h7xx_dsmu.c **** void DSMU_FilterExdStart(DSMU_Filter_Submodule* DSMU_Filterx,
 926:../../../firmware/n32h7xx_std_periph_driver/src/n32h7xx_dsmu.c ****                          uint32_t ChannelSelect)
 927:../../../firmware/n32h7xx_std_periph_driver/src/n32h7xx_dsmu.c **** {
 1696              		.loc 1 927 1
 1697              		.cfi_startproc
 1698              		@ args = 0, pretend = 0, frame = 16
 1699              		@ frame_needed = 1, uses_anonymous_args = 0
 1700              		@ link register save eliminated.
 1701 0000 80B4     		push	{r7}
 1702              	.LCFI112:
 1703              		.cfi_def_cfa_offset 4
 1704              		.cfi_offset 7, -4
 1705 0002 85B0     		sub	sp, sp, #20
 1706              	.LCFI113:
 1707              		.cfi_def_cfa_offset 24
 1708 0004 00AF     		add	r7, sp, #0
 1709              	.LCFI114:
 1710              		.cfi_def_cfa_register 7
 1711 0006 7860     		str	r0, [r7, #4]
 1712 0008 3960     		str	r1, [r7]
 928:../../../firmware/n32h7xx_std_periph_driver/src/n32h7xx_dsmu.c ****     uint32_t tReg;
 929:../../../firmware/n32h7xx_std_periph_driver/src/n32h7xx_dsmu.c **** 
 930:../../../firmware/n32h7xx_std_periph_driver/src/n32h7xx_dsmu.c ****     /* Set channels for extreme detector */
 931:../../../firmware/n32h7xx_std_periph_driver/src/n32h7xx_dsmu.c ****     tReg  = DSMU_Filterx->FLTCTRL2;
 1713              		.loc 1 931 11
 1714 000a 7B68     		ldr	r3, [r7, #4]
 1715 000c 5B68     		ldr	r3, [r3, #4]
 1716 000e FB60     		str	r3, [r7, #12]
 932:../../../firmware/n32h7xx_std_periph_driver/src/n32h7xx_dsmu.c ****     tReg &= ~(DSMU_FLTXCTRL2_EXDETCH);
 1717              		.loc 1 932 10
 1718 0010 FB68     		ldr	r3, [r7, #12]
 1719 0012 23F47F43 		bic	r3, r3, #65280
 1720 0016 FB60     		str	r3, [r7, #12]
 933:../../../firmware/n32h7xx_std_periph_driver/src/n32h7xx_dsmu.c ****     tReg |= (ChannelSelect & DSMU_FLTXCTRL2_EXDETCH);
 1721              		.loc 1 933 28
ARM GAS  /tmp/ccLNzWRO.s 			page 47


 1722 0018 3B68     		ldr	r3, [r7]
 1723 001a 03F47F43 		and	r3, r3, #65280
 1724              		.loc 1 933 10
 1725 001e FA68     		ldr	r2, [r7, #12]
 1726 0020 1343     		orrs	r3, r3, r2
 1727 0022 FB60     		str	r3, [r7, #12]
 934:../../../firmware/n32h7xx_std_periph_driver/src/n32h7xx_dsmu.c ****     DSMU_Filterx->FLTCTRL2 = tReg;
 1728              		.loc 1 934 28
 1729 0024 7B68     		ldr	r3, [r7, #4]
 1730 0026 FA68     		ldr	r2, [r7, #12]
 1731 0028 5A60     		str	r2, [r3, #4]
 935:../../../firmware/n32h7xx_std_periph_driver/src/n32h7xx_dsmu.c **** }
 1732              		.loc 1 935 1
 1733 002a 00BF     		nop
 1734 002c 1437     		adds	r7, r7, #20
 1735              	.LCFI115:
 1736              		.cfi_def_cfa_offset 4
 1737 002e BD46     		mov	sp, r7
 1738              	.LCFI116:
 1739              		.cfi_def_cfa_register 13
 1740              		@ sp needed
 1741 0030 80BC     		pop	{r7}
 1742              	.LCFI117:
 1743              		.cfi_restore 7
 1744              		.cfi_def_cfa_offset 0
 1745 0032 7047     		bx	lr
 1746              		.cfi_endproc
 1747              	.LFE155:
 1749              		.section	.text.DSMU_FilterExdStop,"ax",%progbits
 1750              		.align	1
 1751              		.global	DSMU_FilterExdStop
 1752              		.syntax unified
 1753              		.thumb
 1754              		.thumb_func
 1756              	DSMU_FilterExdStop:
 1757              	.LFB156:
 936:../../../firmware/n32h7xx_std_periph_driver/src/n32h7xx_dsmu.c **** 
 937:../../../firmware/n32h7xx_std_periph_driver/src/n32h7xx_dsmu.c **** /**
 938:../../../firmware/n32h7xx_std_periph_driver/src/n32h7xx_dsmu.c **** *\*\name   DSMU_FilterExdStop.
 939:../../../firmware/n32h7xx_std_periph_driver/src/n32h7xx_dsmu.c **** *\*\fun    This function allows to stop extreme detector feature.
 940:../../../firmware/n32h7xx_std_periph_driver/src/n32h7xx_dsmu.c **** *\*\param  DSMU_Filterx
 941:../../../firmware/n32h7xx_std_periph_driver/src/n32h7xx_dsmu.c **** *\*\          - DSMU_Filter0
 942:../../../firmware/n32h7xx_std_periph_driver/src/n32h7xx_dsmu.c **** *\*\          - DSMU_Filter1
 943:../../../firmware/n32h7xx_std_periph_driver/src/n32h7xx_dsmu.c **** *\*\          - DSMU_Filter2
 944:../../../firmware/n32h7xx_std_periph_driver/src/n32h7xx_dsmu.c **** *\*\          - DSMU_Filter3
 945:../../../firmware/n32h7xx_std_periph_driver/src/n32h7xx_dsmu.c **** *\*\return  none
 946:../../../firmware/n32h7xx_std_periph_driver/src/n32h7xx_dsmu.c **** **/
 947:../../../firmware/n32h7xx_std_periph_driver/src/n32h7xx_dsmu.c **** void DSMU_FilterExdStop(DSMU_Filter_Submodule* DSMU_Filterx)
 948:../../../firmware/n32h7xx_std_periph_driver/src/n32h7xx_dsmu.c **** {
 1758              		.loc 1 948 1
 1759              		.cfi_startproc
 1760              		@ args = 0, pretend = 0, frame = 16
 1761              		@ frame_needed = 1, uses_anonymous_args = 0
 1762              		@ link register save eliminated.
 1763 0000 80B4     		push	{r7}
 1764              	.LCFI118:
 1765              		.cfi_def_cfa_offset 4
ARM GAS  /tmp/ccLNzWRO.s 			page 48


 1766              		.cfi_offset 7, -4
 1767 0002 85B0     		sub	sp, sp, #20
 1768              	.LCFI119:
 1769              		.cfi_def_cfa_offset 24
 1770 0004 00AF     		add	r7, sp, #0
 1771              	.LCFI120:
 1772              		.cfi_def_cfa_register 7
 1773 0006 7860     		str	r0, [r7, #4]
 949:../../../firmware/n32h7xx_std_periph_driver/src/n32h7xx_dsmu.c ****     __IO uint32_t     reg1;
 950:../../../firmware/n32h7xx_std_periph_driver/src/n32h7xx_dsmu.c ****     __IO uint32_t     reg2;
 951:../../../firmware/n32h7xx_std_periph_driver/src/n32h7xx_dsmu.c **** 
 952:../../../firmware/n32h7xx_std_periph_driver/src/n32h7xx_dsmu.c ****     /* Reset channels for extreme detector */
 953:../../../firmware/n32h7xx_std_periph_driver/src/n32h7xx_dsmu.c ****     DSMU_Filterx->FLTCTRL2 &= ~(DSMU_FLTXCTRL2_EXDETCH);
 1774              		.loc 1 953 17
 1775 0008 7B68     		ldr	r3, [r7, #4]
 1776 000a 5B68     		ldr	r3, [r3, #4]
 1777              		.loc 1 953 28
 1778 000c 23F47F42 		bic	r2, r3, #65280
 1779 0010 7B68     		ldr	r3, [r7, #4]
 1780 0012 5A60     		str	r2, [r3, #4]
 954:../../../firmware/n32h7xx_std_periph_driver/src/n32h7xx_dsmu.c **** 
 955:../../../firmware/n32h7xx_std_periph_driver/src/n32h7xx_dsmu.c ****     /* Clear extreme detector values */
 956:../../../firmware/n32h7xx_std_periph_driver/src/n32h7xx_dsmu.c ****     reg1 = DSMU_Filterx->FLTEXDETMAX;
 1781              		.loc 1 956 24
 1782 0014 7B68     		ldr	r3, [r7, #4]
 1783 0016 1B6B     		ldr	r3, [r3, #48]
 1784              		.loc 1 956 10
 1785 0018 FB60     		str	r3, [r7, #12]
 957:../../../firmware/n32h7xx_std_periph_driver/src/n32h7xx_dsmu.c ****     reg2 = DSMU_Filterx->FLTEXDETMIN;
 1786              		.loc 1 957 24
 1787 001a 7B68     		ldr	r3, [r7, #4]
 1788 001c 5B6B     		ldr	r3, [r3, #52]
 1789              		.loc 1 957 10
 1790 001e BB60     		str	r3, [r7, #8]
 958:../../../firmware/n32h7xx_std_periph_driver/src/n32h7xx_dsmu.c ****     (void)(reg1); /* To avoid GCC warning */
 1791              		.loc 1 958 5
 1792 0020 FB68     		ldr	r3, [r7, #12]
 959:../../../firmware/n32h7xx_std_periph_driver/src/n32h7xx_dsmu.c ****     (void)(reg2); /* To avoid GCC warning */
 1793              		.loc 1 959 5
 1794 0022 BB68     		ldr	r3, [r7, #8]
 960:../../../firmware/n32h7xx_std_periph_driver/src/n32h7xx_dsmu.c **** }
 1795              		.loc 1 960 1
 1796 0024 00BF     		nop
 1797 0026 1437     		adds	r7, r7, #20
 1798              	.LCFI121:
 1799              		.cfi_def_cfa_offset 4
 1800 0028 BD46     		mov	sp, r7
 1801              	.LCFI122:
 1802              		.cfi_def_cfa_register 13
 1803              		@ sp needed
 1804 002a 80BC     		pop	{r7}
 1805              	.LCFI123:
 1806              		.cfi_restore 7
 1807              		.cfi_def_cfa_offset 0
 1808 002c 7047     		bx	lr
 1809              		.cfi_endproc
 1810              	.LFE156:
ARM GAS  /tmp/ccLNzWRO.s 			page 49


 1812              		.section	.text.DSMU_FilterGetExdMaxValue,"ax",%progbits
 1813              		.align	1
 1814              		.global	DSMU_FilterGetExdMaxValue
 1815              		.syntax unified
 1816              		.thumb
 1817              		.thumb_func
 1819              	DSMU_FilterGetExdMaxValue:
 1820              	.LFB157:
 961:../../../firmware/n32h7xx_std_periph_driver/src/n32h7xx_dsmu.c **** 
 962:../../../firmware/n32h7xx_std_periph_driver/src/n32h7xx_dsmu.c **** /**
 963:../../../firmware/n32h7xx_std_periph_driver/src/n32h7xx_dsmu.c **** *\*\name   DSMU_FilterGetExdMaxValue.
 964:../../../firmware/n32h7xx_std_periph_driver/src/n32h7xx_dsmu.c **** *\*\fun    This function allows to get extreme detector maximum value.
 965:../../../firmware/n32h7xx_std_periph_driver/src/n32h7xx_dsmu.c **** *\*\param  DSMU_Filterx
 966:../../../firmware/n32h7xx_std_periph_driver/src/n32h7xx_dsmu.c **** *\*\          - DSMU_Filter0
 967:../../../firmware/n32h7xx_std_periph_driver/src/n32h7xx_dsmu.c **** *\*\          - DSMU_Filter1
 968:../../../firmware/n32h7xx_std_periph_driver/src/n32h7xx_dsmu.c **** *\*\          - DSMU_Filter2
 969:../../../firmware/n32h7xx_std_periph_driver/src/n32h7xx_dsmu.c **** *\*\          - DSMU_Filter3
 970:../../../firmware/n32h7xx_std_periph_driver/src/n32h7xx_dsmu.c **** *\*\param  Channel Corresponding channel.
 971:../../../firmware/n32h7xx_std_periph_driver/src/n32h7xx_dsmu.c **** *\*\return Extreme detector maximum value
 972:../../../firmware/n32h7xx_std_periph_driver/src/n32h7xx_dsmu.c **** *\*\          - This value is between Min_Data = -8388608 and Max_Data = 8388607.
 973:../../../firmware/n32h7xx_std_periph_driver/src/n32h7xx_dsmu.c **** **/
 974:../../../firmware/n32h7xx_std_periph_driver/src/n32h7xx_dsmu.c **** int32_t DSMU_FilterGetExdMaxValue(const DSMU_Filter_Submodule* DSMU_Filterx,
 975:../../../firmware/n32h7xx_std_periph_driver/src/n32h7xx_dsmu.c ****                                   uint32_t* Channel)
 976:../../../firmware/n32h7xx_std_periph_driver/src/n32h7xx_dsmu.c **** {
 1821              		.loc 1 976 1
 1822              		.cfi_startproc
 1823              		@ args = 0, pretend = 0, frame = 16
 1824              		@ frame_needed = 1, uses_anonymous_args = 0
 1825              		@ link register save eliminated.
 1826 0000 80B4     		push	{r7}
 1827              	.LCFI124:
 1828              		.cfi_def_cfa_offset 4
 1829              		.cfi_offset 7, -4
 1830 0002 85B0     		sub	sp, sp, #20
 1831              	.LCFI125:
 1832              		.cfi_def_cfa_offset 24
 1833 0004 00AF     		add	r7, sp, #0
 1834              	.LCFI126:
 1835              		.cfi_def_cfa_register 7
 1836 0006 7860     		str	r0, [r7, #4]
 1837 0008 3960     		str	r1, [r7]
 977:../../../firmware/n32h7xx_std_periph_driver/src/n32h7xx_dsmu.c ****     uint32_t reg;
 978:../../../firmware/n32h7xx_std_periph_driver/src/n32h7xx_dsmu.c ****     int32_t  value;
 979:../../../firmware/n32h7xx_std_periph_driver/src/n32h7xx_dsmu.c **** 
 980:../../../firmware/n32h7xx_std_periph_driver/src/n32h7xx_dsmu.c ****     /* Get value of extreme detector maximum register */
 981:../../../firmware/n32h7xx_std_periph_driver/src/n32h7xx_dsmu.c ****     reg = DSMU_Filterx->FLTEXDETMAX;
 1838              		.loc 1 981 9
 1839 000a 7B68     		ldr	r3, [r7, #4]
 1840 000c 1B6B     		ldr	r3, [r3, #48]
 1841 000e FB60     		str	r3, [r7, #12]
 982:../../../firmware/n32h7xx_std_periph_driver/src/n32h7xx_dsmu.c **** 
 983:../../../firmware/n32h7xx_std_periph_driver/src/n32h7xx_dsmu.c ****     /* Extract channel and extreme detector maximum value */
 984:../../../firmware/n32h7xx_std_periph_driver/src/n32h7xx_dsmu.c ****     *Channel = (reg & DSMU_FLTXEXDETMAX_EXDETMAXCH);
 1842              		.loc 1 984 21
 1843 0010 FB68     		ldr	r3, [r7, #12]
 1844 0012 03F00702 		and	r2, r3, #7
 1845              		.loc 1 984 14
ARM GAS  /tmp/ccLNzWRO.s 			page 50


 1846 0016 3B68     		ldr	r3, [r7]
 1847 0018 1A60     		str	r2, [r3]
 985:../../../firmware/n32h7xx_std_periph_driver/src/n32h7xx_dsmu.c **** 
 986:../../../firmware/n32h7xx_std_periph_driver/src/n32h7xx_dsmu.c ****     /* Extreme detector maximum value is a signed value located on 24 MSB of register */
 987:../../../firmware/n32h7xx_std_periph_driver/src/n32h7xx_dsmu.c ****     /* So after applying a mask on these bits we have to perform a division by 256 (2 raised to the
 988:../../../firmware/n32h7xx_std_periph_driver/src/n32h7xx_dsmu.c ****     reg &= DSMU_FLTXEXDETMAX_EXDETMAX;
 1848              		.loc 1 988 9
 1849 001a FB68     		ldr	r3, [r7, #12]
 1850 001c 23F0FF03 		bic	r3, r3, #255
 1851 0020 FB60     		str	r3, [r7, #12]
 989:../../../firmware/n32h7xx_std_periph_driver/src/n32h7xx_dsmu.c ****     value = ((int32_t)reg) / 256;
 1852              		.loc 1 989 14
 1853 0022 FB68     		ldr	r3, [r7, #12]
 1854              		.loc 1 989 11
 1855 0024 002B     		cmp	r3, #0
 1856 0026 00DA     		bge	.L60
 1857 0028 FF33     		adds	r3, r3, #255
 1858              	.L60:
 1859 002a 1B12     		asrs	r3, r3, #8
 1860 002c BB60     		str	r3, [r7, #8]
 990:../../../firmware/n32h7xx_std_periph_driver/src/n32h7xx_dsmu.c **** 
 991:../../../firmware/n32h7xx_std_periph_driver/src/n32h7xx_dsmu.c ****     /* return extreme detector maximum value */
 992:../../../firmware/n32h7xx_std_periph_driver/src/n32h7xx_dsmu.c ****     return value;
 1861              		.loc 1 992 12
 1862 002e BB68     		ldr	r3, [r7, #8]
 993:../../../firmware/n32h7xx_std_periph_driver/src/n32h7xx_dsmu.c **** }
 1863              		.loc 1 993 1
 1864 0030 1846     		mov	r0, r3
 1865 0032 1437     		adds	r7, r7, #20
 1866              	.LCFI127:
 1867              		.cfi_def_cfa_offset 4
 1868 0034 BD46     		mov	sp, r7
 1869              	.LCFI128:
 1870              		.cfi_def_cfa_register 13
 1871              		@ sp needed
 1872 0036 80BC     		pop	{r7}
 1873              	.LCFI129:
 1874              		.cfi_restore 7
 1875              		.cfi_def_cfa_offset 0
 1876 0038 7047     		bx	lr
 1877              		.cfi_endproc
 1878              	.LFE157:
 1880              		.section	.text.DSMU_FilterGetExdMinValue,"ax",%progbits
 1881              		.align	1
 1882              		.global	DSMU_FilterGetExdMinValue
 1883              		.syntax unified
 1884              		.thumb
 1885              		.thumb_func
 1887              	DSMU_FilterGetExdMinValue:
 1888              	.LFB158:
 994:../../../firmware/n32h7xx_std_periph_driver/src/n32h7xx_dsmu.c **** 
 995:../../../firmware/n32h7xx_std_periph_driver/src/n32h7xx_dsmu.c **** /**
 996:../../../firmware/n32h7xx_std_periph_driver/src/n32h7xx_dsmu.c **** *\*\name   DSMU_FilterGetExdMinValue.
 997:../../../firmware/n32h7xx_std_periph_driver/src/n32h7xx_dsmu.c **** *\*\fun    This function allows to get extreme detector minimum value.
 998:../../../firmware/n32h7xx_std_periph_driver/src/n32h7xx_dsmu.c **** *\*\param  DSMU_Filterx
 999:../../../firmware/n32h7xx_std_periph_driver/src/n32h7xx_dsmu.c **** *\*\          - DSMU_Filter0
1000:../../../firmware/n32h7xx_std_periph_driver/src/n32h7xx_dsmu.c **** *\*\          - DSMU_Filter1
ARM GAS  /tmp/ccLNzWRO.s 			page 51


1001:../../../firmware/n32h7xx_std_periph_driver/src/n32h7xx_dsmu.c **** *\*\          - DSMU_Filter2
1002:../../../firmware/n32h7xx_std_periph_driver/src/n32h7xx_dsmu.c **** *\*\          - DSMU_Filter3
1003:../../../firmware/n32h7xx_std_periph_driver/src/n32h7xx_dsmu.c **** *\*\param  Channel Corresponding channel.
1004:../../../firmware/n32h7xx_std_periph_driver/src/n32h7xx_dsmu.c **** *\*\return Extreme detector minimum value
1005:../../../firmware/n32h7xx_std_periph_driver/src/n32h7xx_dsmu.c **** *\*\          - This value is between Min_Data = -8388608 and Max_Data = 8388607.
1006:../../../firmware/n32h7xx_std_periph_driver/src/n32h7xx_dsmu.c **** **/
1007:../../../firmware/n32h7xx_std_periph_driver/src/n32h7xx_dsmu.c **** int32_t DSMU_FilterGetExdMinValue(const DSMU_Filter_Submodule* DSMU_Filterx,
1008:../../../firmware/n32h7xx_std_periph_driver/src/n32h7xx_dsmu.c ****                                   uint32_t* Channel)
1009:../../../firmware/n32h7xx_std_periph_driver/src/n32h7xx_dsmu.c **** {
 1889              		.loc 1 1009 1
 1890              		.cfi_startproc
 1891              		@ args = 0, pretend = 0, frame = 16
 1892              		@ frame_needed = 1, uses_anonymous_args = 0
 1893              		@ link register save eliminated.
 1894 0000 80B4     		push	{r7}
 1895              	.LCFI130:
 1896              		.cfi_def_cfa_offset 4
 1897              		.cfi_offset 7, -4
 1898 0002 85B0     		sub	sp, sp, #20
 1899              	.LCFI131:
 1900              		.cfi_def_cfa_offset 24
 1901 0004 00AF     		add	r7, sp, #0
 1902              	.LCFI132:
 1903              		.cfi_def_cfa_register 7
 1904 0006 7860     		str	r0, [r7, #4]
 1905 0008 3960     		str	r1, [r7]
1010:../../../firmware/n32h7xx_std_periph_driver/src/n32h7xx_dsmu.c ****     uint32_t reg;
1011:../../../firmware/n32h7xx_std_periph_driver/src/n32h7xx_dsmu.c ****     int32_t  value;
1012:../../../firmware/n32h7xx_std_periph_driver/src/n32h7xx_dsmu.c **** 
1013:../../../firmware/n32h7xx_std_periph_driver/src/n32h7xx_dsmu.c ****     /* Get value of extreme detector minimum register */
1014:../../../firmware/n32h7xx_std_periph_driver/src/n32h7xx_dsmu.c ****     reg = DSMU_Filterx->FLTEXDETMIN;
 1906              		.loc 1 1014 9
 1907 000a 7B68     		ldr	r3, [r7, #4]
 1908 000c 5B6B     		ldr	r3, [r3, #52]
 1909 000e FB60     		str	r3, [r7, #12]
1015:../../../firmware/n32h7xx_std_periph_driver/src/n32h7xx_dsmu.c **** 
1016:../../../firmware/n32h7xx_std_periph_driver/src/n32h7xx_dsmu.c ****     /* Extract channel and extreme detector minimum value */
1017:../../../firmware/n32h7xx_std_periph_driver/src/n32h7xx_dsmu.c ****     *Channel = (reg & DSMU_FLTXEXDETMIN_EXDETMINCH);
 1910              		.loc 1 1017 21
 1911 0010 FB68     		ldr	r3, [r7, #12]
 1912 0012 03F00702 		and	r2, r3, #7
 1913              		.loc 1 1017 14
 1914 0016 3B68     		ldr	r3, [r7]
 1915 0018 1A60     		str	r2, [r3]
1018:../../../firmware/n32h7xx_std_periph_driver/src/n32h7xx_dsmu.c **** 
1019:../../../firmware/n32h7xx_std_periph_driver/src/n32h7xx_dsmu.c ****     /* Extreme detector minimum value is a signed value located on 24 MSB of register */
1020:../../../firmware/n32h7xx_std_periph_driver/src/n32h7xx_dsmu.c ****     /* So after applying a mask on these bits we have to perform a division by 256 (2 raised to the
1021:../../../firmware/n32h7xx_std_periph_driver/src/n32h7xx_dsmu.c ****     reg &= DSMU_FLTXEXDETMIN_EXDETMIN;
 1916              		.loc 1 1021 9
 1917 001a FB68     		ldr	r3, [r7, #12]
 1918 001c 23F0FF03 		bic	r3, r3, #255
 1919 0020 FB60     		str	r3, [r7, #12]
1022:../../../firmware/n32h7xx_std_periph_driver/src/n32h7xx_dsmu.c ****     value = ((int32_t)reg) / 256;
 1920              		.loc 1 1022 14
 1921 0022 FB68     		ldr	r3, [r7, #12]
 1922              		.loc 1 1022 11
 1923 0024 002B     		cmp	r3, #0
ARM GAS  /tmp/ccLNzWRO.s 			page 52


 1924 0026 00DA     		bge	.L63
 1925 0028 FF33     		adds	r3, r3, #255
 1926              	.L63:
 1927 002a 1B12     		asrs	r3, r3, #8
 1928 002c BB60     		str	r3, [r7, #8]
1023:../../../firmware/n32h7xx_std_periph_driver/src/n32h7xx_dsmu.c **** 
1024:../../../firmware/n32h7xx_std_periph_driver/src/n32h7xx_dsmu.c ****     /* return extreme detector minimum value */
1025:../../../firmware/n32h7xx_std_periph_driver/src/n32h7xx_dsmu.c ****     return value;
 1929              		.loc 1 1025 12
 1930 002e BB68     		ldr	r3, [r7, #8]
1026:../../../firmware/n32h7xx_std_periph_driver/src/n32h7xx_dsmu.c **** }
 1931              		.loc 1 1026 1
 1932 0030 1846     		mov	r0, r3
 1933 0032 1437     		adds	r7, r7, #20
 1934              	.LCFI133:
 1935              		.cfi_def_cfa_offset 4
 1936 0034 BD46     		mov	sp, r7
 1937              	.LCFI134:
 1938              		.cfi_def_cfa_register 13
 1939              		@ sp needed
 1940 0036 80BC     		pop	{r7}
 1941              	.LCFI135:
 1942              		.cfi_restore 7
 1943              		.cfi_def_cfa_offset 0
 1944 0038 7047     		bx	lr
 1945              		.cfi_endproc
 1946              	.LFE158:
 1948              		.section	.text.DSMU_FilterGetConvTimeValue,"ax",%progbits
 1949              		.align	1
 1950              		.global	DSMU_FilterGetConvTimeValue
 1951              		.syntax unified
 1952              		.thumb
 1953              		.thumb_func
 1955              	DSMU_FilterGetConvTimeValue:
 1956              	.LFB159:
1027:../../../firmware/n32h7xx_std_periph_driver/src/n32h7xx_dsmu.c **** 
1028:../../../firmware/n32h7xx_std_periph_driver/src/n32h7xx_dsmu.c **** /**
1029:../../../firmware/n32h7xx_std_periph_driver/src/n32h7xx_dsmu.c **** *\*\name   DSMU_FilterGetConvTimeValue.
1030:../../../firmware/n32h7xx_std_periph_driver/src/n32h7xx_dsmu.c **** *\*\fun    This function allows to get conversion time value.
1031:../../../firmware/n32h7xx_std_periph_driver/src/n32h7xx_dsmu.c **** *\*\param  DSMU_Filterx
1032:../../../firmware/n32h7xx_std_periph_driver/src/n32h7xx_dsmu.c **** *\*\          - DSMU_Filter0
1033:../../../firmware/n32h7xx_std_periph_driver/src/n32h7xx_dsmu.c **** *\*\          - DSMU_Filter1
1034:../../../firmware/n32h7xx_std_periph_driver/src/n32h7xx_dsmu.c **** *\*\          - DSMU_Filter2
1035:../../../firmware/n32h7xx_std_periph_driver/src/n32h7xx_dsmu.c **** *\*\          - DSMU_Filter3
1036:../../../firmware/n32h7xx_std_periph_driver/src/n32h7xx_dsmu.c **** *\*\return Conversion time value
1037:../../../firmware/n32h7xx_std_periph_driver/src/n32h7xx_dsmu.c **** *\*\note   To get time in second, this value has to be divided by DSMU clock frequency.
1038:../../../firmware/n32h7xx_std_periph_driver/src/n32h7xx_dsmu.c **** **/
1039:../../../firmware/n32h7xx_std_periph_driver/src/n32h7xx_dsmu.c **** uint32_t DSMU_FilterGetConvTimeValue(const DSMU_Filter_Submodule* DSMU_Filterx)
1040:../../../firmware/n32h7xx_std_periph_driver/src/n32h7xx_dsmu.c **** {
 1957              		.loc 1 1040 1
 1958              		.cfi_startproc
 1959              		@ args = 0, pretend = 0, frame = 16
 1960              		@ frame_needed = 1, uses_anonymous_args = 0
 1961              		@ link register save eliminated.
 1962 0000 80B4     		push	{r7}
 1963              	.LCFI136:
 1964              		.cfi_def_cfa_offset 4
ARM GAS  /tmp/ccLNzWRO.s 			page 53


 1965              		.cfi_offset 7, -4
 1966 0002 85B0     		sub	sp, sp, #20
 1967              	.LCFI137:
 1968              		.cfi_def_cfa_offset 24
 1969 0004 00AF     		add	r7, sp, #0
 1970              	.LCFI138:
 1971              		.cfi_def_cfa_register 7
 1972 0006 7860     		str	r0, [r7, #4]
1041:../../../firmware/n32h7xx_std_periph_driver/src/n32h7xx_dsmu.c ****     uint32_t reg;
1042:../../../firmware/n32h7xx_std_periph_driver/src/n32h7xx_dsmu.c ****     uint32_t value;
1043:../../../firmware/n32h7xx_std_periph_driver/src/n32h7xx_dsmu.c **** 
1044:../../../firmware/n32h7xx_std_periph_driver/src/n32h7xx_dsmu.c ****     /* Get value of conversion timer register */
1045:../../../firmware/n32h7xx_std_periph_driver/src/n32h7xx_dsmu.c ****     reg = DSMU_Filterx->FLTCOVTIM;
 1973              		.loc 1 1045 9
 1974 0008 7B68     		ldr	r3, [r7, #4]
 1975 000a 9B6B     		ldr	r3, [r3, #56]
 1976 000c FB60     		str	r3, [r7, #12]
1046:../../../firmware/n32h7xx_std_periph_driver/src/n32h7xx_dsmu.c **** 
1047:../../../firmware/n32h7xx_std_periph_driver/src/n32h7xx_dsmu.c ****     /* Extract conversion time value */
1048:../../../firmware/n32h7xx_std_periph_driver/src/n32h7xx_dsmu.c ****     value = ((reg & DSMU_FLTXCOVTIM_COVCNT) >> REG_BIT4_OFFSET);
 1977              		.loc 1 1048 11
 1978 000e FB68     		ldr	r3, [r7, #12]
 1979 0010 1B09     		lsrs	r3, r3, #4
 1980 0012 BB60     		str	r3, [r7, #8]
1049:../../../firmware/n32h7xx_std_periph_driver/src/n32h7xx_dsmu.c **** 
1050:../../../firmware/n32h7xx_std_periph_driver/src/n32h7xx_dsmu.c ****     /* return extreme detector minimum value */
1051:../../../firmware/n32h7xx_std_periph_driver/src/n32h7xx_dsmu.c ****     return value;
 1981              		.loc 1 1051 12
 1982 0014 BB68     		ldr	r3, [r7, #8]
1052:../../../firmware/n32h7xx_std_periph_driver/src/n32h7xx_dsmu.c **** }
 1983              		.loc 1 1052 1
 1984 0016 1846     		mov	r0, r3
 1985 0018 1437     		adds	r7, r7, #20
 1986              	.LCFI139:
 1987              		.cfi_def_cfa_offset 4
 1988 001a BD46     		mov	sp, r7
 1989              	.LCFI140:
 1990              		.cfi_def_cfa_register 13
 1991              		@ sp needed
 1992 001c 80BC     		pop	{r7}
 1993              	.LCFI141:
 1994              		.cfi_restore 7
 1995              		.cfi_def_cfa_offset 0
 1996 001e 7047     		bx	lr
 1997              		.cfi_endproc
 1998              	.LFE159:
 2000              		.section	.text.DSMU_RegConvStart,"ax",%progbits
 2001              		.align	1
 2002              		.global	DSMU_RegConvStart
 2003              		.syntax unified
 2004              		.thumb
 2005              		.thumb_func
 2007              	DSMU_RegConvStart:
 2008              	.LFB160:
1053:../../../firmware/n32h7xx_std_periph_driver/src/n32h7xx_dsmu.c **** 
1054:../../../firmware/n32h7xx_std_periph_driver/src/n32h7xx_dsmu.c **** /**
1055:../../../firmware/n32h7xx_std_periph_driver/src/n32h7xx_dsmu.c **** *\*\name   DSMU_RegConvStart.
ARM GAS  /tmp/ccLNzWRO.s 			page 54


1056:../../../firmware/n32h7xx_std_periph_driver/src/n32h7xx_dsmu.c **** *\*\fun    This function allows to really start regular conversion.
1057:../../../firmware/n32h7xx_std_periph_driver/src/n32h7xx_dsmu.c **** *\*\param  DSMU_Filterx
1058:../../../firmware/n32h7xx_std_periph_driver/src/n32h7xx_dsmu.c **** *\*\          - DSMU_Filter0
1059:../../../firmware/n32h7xx_std_periph_driver/src/n32h7xx_dsmu.c **** *\*\          - DSMU_Filter1
1060:../../../firmware/n32h7xx_std_periph_driver/src/n32h7xx_dsmu.c **** *\*\          - DSMU_Filter2
1061:../../../firmware/n32h7xx_std_periph_driver/src/n32h7xx_dsmu.c **** *\*\          - DSMU_Filter3
1062:../../../firmware/n32h7xx_std_periph_driver/src/n32h7xx_dsmu.c **** *\*\param  Trigger
1063:../../../firmware/n32h7xx_std_periph_driver/src/n32h7xx_dsmu.c **** *\*\          - DSMU_FILTER_SW_TRIGGER
1064:../../../firmware/n32h7xx_std_periph_driver/src/n32h7xx_dsmu.c **** *\*\          - DSMU_FILTER_SYNC_TRIGGER
1065:../../../firmware/n32h7xx_std_periph_driver/src/n32h7xx_dsmu.c **** *\*\return None
1066:../../../firmware/n32h7xx_std_periph_driver/src/n32h7xx_dsmu.c **** **/
1067:../../../firmware/n32h7xx_std_periph_driver/src/n32h7xx_dsmu.c **** void DSMU_RegConvStart(DSMU_Filter_Submodule* DSMU_Filterx, uint32_t Trigger)
1068:../../../firmware/n32h7xx_std_periph_driver/src/n32h7xx_dsmu.c **** {
 2009              		.loc 1 1068 1
 2010              		.cfi_startproc
 2011              		@ args = 0, pretend = 0, frame = 8
 2012              		@ frame_needed = 1, uses_anonymous_args = 0
 2013              		@ link register save eliminated.
 2014 0000 80B4     		push	{r7}
 2015              	.LCFI142:
 2016              		.cfi_def_cfa_offset 4
 2017              		.cfi_offset 7, -4
 2018 0002 83B0     		sub	sp, sp, #12
 2019              	.LCFI143:
 2020              		.cfi_def_cfa_offset 16
 2021 0004 00AF     		add	r7, sp, #0
 2022              	.LCFI144:
 2023              		.cfi_def_cfa_register 7
 2024 0006 7860     		str	r0, [r7, #4]
 2025 0008 3960     		str	r1, [r7]
1069:../../../firmware/n32h7xx_std_periph_driver/src/n32h7xx_dsmu.c ****     /* Check regular trigger */
1070:../../../firmware/n32h7xx_std_periph_driver/src/n32h7xx_dsmu.c ****     if(Trigger == DSMU_FILTER_SYNC_TRIGGER) /* Synchronous with DSMU_FLT0 */
 2026              		.loc 1 1070 7
 2027 000a 3B68     		ldr	r3, [r7]
 2028 000c 012B     		cmp	r3, #1
 2029 000e 16D1     		bne	.L68
1071:../../../firmware/n32h7xx_std_periph_driver/src/n32h7xx_dsmu.c ****     {
1072:../../../firmware/n32h7xx_std_periph_driver/src/n32h7xx_dsmu.c ****         /* DSMU filter0 can not be start with synchronous triger */
1073:../../../firmware/n32h7xx_std_periph_driver/src/n32h7xx_dsmu.c ****         if(DSMU_Filterx != DSMU_Filter0)
 2030              		.loc 1 1073 11
 2031 0010 7B68     		ldr	r3, [r7, #4]
 2032 0012 134A     		ldr	r2, .L71
 2033 0014 9342     		cmp	r3, r2
 2034 0016 1ED0     		beq	.L70
1074:../../../firmware/n32h7xx_std_periph_driver/src/n32h7xx_dsmu.c ****         {
1075:../../../firmware/n32h7xx_std_periph_driver/src/n32h7xx_dsmu.c ****             /* Disable DSMU filter */
1076:../../../firmware/n32h7xx_std_periph_driver/src/n32h7xx_dsmu.c ****             DSMU_Filterx->FLTCTRL1 &= ~(DSMU_FLTXCTRL1_DFLTEN);
 2035              		.loc 1 1076 25
 2036 0018 7B68     		ldr	r3, [r7, #4]
 2037 001a 1B68     		ldr	r3, [r3]
 2038              		.loc 1 1076 36
 2039 001c 23F00102 		bic	r2, r3, #1
 2040 0020 7B68     		ldr	r3, [r7, #4]
 2041 0022 1A60     		str	r2, [r3]
1077:../../../firmware/n32h7xx_std_periph_driver/src/n32h7xx_dsmu.c **** 
1078:../../../firmware/n32h7xx_std_periph_driver/src/n32h7xx_dsmu.c ****             /* Set RSYNC bit in DSMU_FLTXCTRL1 register */
1079:../../../firmware/n32h7xx_std_periph_driver/src/n32h7xx_dsmu.c ****             DSMU_Filterx->FLTCTRL1 |= DSMU_FLTXCTRL1_RSYNC;
ARM GAS  /tmp/ccLNzWRO.s 			page 55


 2042              		.loc 1 1079 25
 2043 0024 7B68     		ldr	r3, [r7, #4]
 2044 0026 1B68     		ldr	r3, [r3]
 2045              		.loc 1 1079 36
 2046 0028 43F40022 		orr	r2, r3, #524288
 2047 002c 7B68     		ldr	r3, [r7, #4]
 2048 002e 1A60     		str	r2, [r3]
1080:../../../firmware/n32h7xx_std_periph_driver/src/n32h7xx_dsmu.c **** 
1081:../../../firmware/n32h7xx_std_periph_driver/src/n32h7xx_dsmu.c ****             /* Enable DSMU  filter */
1082:../../../firmware/n32h7xx_std_periph_driver/src/n32h7xx_dsmu.c ****             DSMU_Filterx->FLTCTRL1 |= DSMU_FLTXCTRL1_DFLTEN;
 2049              		.loc 1 1082 25
 2050 0030 7B68     		ldr	r3, [r7, #4]
 2051 0032 1B68     		ldr	r3, [r3]
 2052              		.loc 1 1082 36
 2053 0034 43F00102 		orr	r2, r3, #1
 2054 0038 7B68     		ldr	r3, [r7, #4]
 2055 003a 1A60     		str	r2, [r3]
1083:../../../firmware/n32h7xx_std_periph_driver/src/n32h7xx_dsmu.c ****         }
1084:../../../firmware/n32h7xx_std_periph_driver/src/n32h7xx_dsmu.c ****     }
1085:../../../firmware/n32h7xx_std_periph_driver/src/n32h7xx_dsmu.c ****     else /* Software trigger */
1086:../../../firmware/n32h7xx_std_periph_driver/src/n32h7xx_dsmu.c ****     {
1087:../../../firmware/n32h7xx_std_periph_driver/src/n32h7xx_dsmu.c ****         /* Enable DSMU  filter */
1088:../../../firmware/n32h7xx_std_periph_driver/src/n32h7xx_dsmu.c ****         DSMU_Filterx->FLTCTRL1 |= DSMU_FLTXCTRL1_DFLTEN;
1089:../../../firmware/n32h7xx_std_periph_driver/src/n32h7xx_dsmu.c **** 
1090:../../../firmware/n32h7xx_std_periph_driver/src/n32h7xx_dsmu.c ****         /* Software start of regular conversion */
1091:../../../firmware/n32h7xx_std_periph_driver/src/n32h7xx_dsmu.c ****         DSMU_Filterx->FLTCTRL1 |= DSMU_FLTXCTRL1_RSWSTART;
1092:../../../firmware/n32h7xx_std_periph_driver/src/n32h7xx_dsmu.c ****     }
1093:../../../firmware/n32h7xx_std_periph_driver/src/n32h7xx_dsmu.c **** }
 2056              		.loc 1 1093 1
 2057 003c 0BE0     		b	.L70
 2058              	.L68:
1088:../../../firmware/n32h7xx_std_periph_driver/src/n32h7xx_dsmu.c **** 
 2059              		.loc 1 1088 21
 2060 003e 7B68     		ldr	r3, [r7, #4]
 2061 0040 1B68     		ldr	r3, [r3]
1088:../../../firmware/n32h7xx_std_periph_driver/src/n32h7xx_dsmu.c **** 
 2062              		.loc 1 1088 32
 2063 0042 43F00102 		orr	r2, r3, #1
 2064 0046 7B68     		ldr	r3, [r7, #4]
 2065 0048 1A60     		str	r2, [r3]
1091:../../../firmware/n32h7xx_std_periph_driver/src/n32h7xx_dsmu.c ****     }
 2066              		.loc 1 1091 21
 2067 004a 7B68     		ldr	r3, [r7, #4]
 2068 004c 1B68     		ldr	r3, [r3]
1091:../../../firmware/n32h7xx_std_periph_driver/src/n32h7xx_dsmu.c ****     }
 2069              		.loc 1 1091 32
 2070 004e 43F40032 		orr	r2, r3, #131072
 2071 0052 7B68     		ldr	r3, [r7, #4]
 2072 0054 1A60     		str	r2, [r3]
 2073              	.L70:
 2074              		.loc 1 1093 1
 2075 0056 00BF     		nop
 2076 0058 0C37     		adds	r7, r7, #12
 2077              	.LCFI145:
 2078              		.cfi_def_cfa_offset 4
 2079 005a BD46     		mov	sp, r7
 2080              	.LCFI146:
ARM GAS  /tmp/ccLNzWRO.s 			page 56


 2081              		.cfi_def_cfa_register 13
 2082              		@ sp needed
 2083 005c 80BC     		pop	{r7}
 2084              	.LCFI147:
 2085              		.cfi_restore 7
 2086              		.cfi_def_cfa_offset 0
 2087 005e 7047     		bx	lr
 2088              	.L72:
 2089              		.align	2
 2090              	.L71:
 2091 0060 00A10D40 		.word	1074635008
 2092              		.cfi_endproc
 2093              	.LFE160:
 2095              		.section	.text.DSMU_RegConvStop,"ax",%progbits
 2096              		.align	1
 2097              		.global	DSMU_RegConvStop
 2098              		.syntax unified
 2099              		.thumb
 2100              		.thumb_func
 2102              	DSMU_RegConvStop:
 2103              	.LFB161:
1094:../../../firmware/n32h7xx_std_periph_driver/src/n32h7xx_dsmu.c **** 
1095:../../../firmware/n32h7xx_std_periph_driver/src/n32h7xx_dsmu.c **** /**
1096:../../../firmware/n32h7xx_std_periph_driver/src/n32h7xx_dsmu.c **** *\*\name   DSMU_RegConvStop.
1097:../../../firmware/n32h7xx_std_periph_driver/src/n32h7xx_dsmu.c **** *\*\fun    This function allows to really stop regular conversion.
1098:../../../firmware/n32h7xx_std_periph_driver/src/n32h7xx_dsmu.c **** *\*\param  DSMU_Filterx
1099:../../../firmware/n32h7xx_std_periph_driver/src/n32h7xx_dsmu.c **** *\*\          - DSMU_Filter0
1100:../../../firmware/n32h7xx_std_periph_driver/src/n32h7xx_dsmu.c **** *\*\          - DSMU_Filter1
1101:../../../firmware/n32h7xx_std_periph_driver/src/n32h7xx_dsmu.c **** *\*\          - DSMU_Filter2
1102:../../../firmware/n32h7xx_std_periph_driver/src/n32h7xx_dsmu.c **** *\*\          - DSMU_Filter3
1103:../../../firmware/n32h7xx_std_periph_driver/src/n32h7xx_dsmu.c **** *\*\param  Trigger
1104:../../../firmware/n32h7xx_std_periph_driver/src/n32h7xx_dsmu.c **** *\*\          - DSMU_FILTER_SW_TRIGGER
1105:../../../firmware/n32h7xx_std_periph_driver/src/n32h7xx_dsmu.c **** *\*\          - DSMU_FILTER_SYNC_TRIGGER
1106:../../../firmware/n32h7xx_std_periph_driver/src/n32h7xx_dsmu.c **** *\*\return None
1107:../../../firmware/n32h7xx_std_periph_driver/src/n32h7xx_dsmu.c **** **/
1108:../../../firmware/n32h7xx_std_periph_driver/src/n32h7xx_dsmu.c **** void DSMU_RegConvStop(DSMU_Filter_Submodule* DSMU_Filterx, uint32_t Trigger)
1109:../../../firmware/n32h7xx_std_periph_driver/src/n32h7xx_dsmu.c **** {
 2104              		.loc 1 1109 1
 2105              		.cfi_startproc
 2106              		@ args = 0, pretend = 0, frame = 8
 2107              		@ frame_needed = 1, uses_anonymous_args = 0
 2108              		@ link register save eliminated.
 2109 0000 80B4     		push	{r7}
 2110              	.LCFI148:
 2111              		.cfi_def_cfa_offset 4
 2112              		.cfi_offset 7, -4
 2113 0002 83B0     		sub	sp, sp, #12
 2114              	.LCFI149:
 2115              		.cfi_def_cfa_offset 16
 2116 0004 00AF     		add	r7, sp, #0
 2117              	.LCFI150:
 2118              		.cfi_def_cfa_register 7
 2119 0006 7860     		str	r0, [r7, #4]
 2120 0008 3960     		str	r1, [r7]
1110:../../../firmware/n32h7xx_std_periph_driver/src/n32h7xx_dsmu.c ****     /* Disable DSMU filter */
1111:../../../firmware/n32h7xx_std_periph_driver/src/n32h7xx_dsmu.c ****     DSMU_Filterx->FLTCTRL1 &= ~(DSMU_FLTXCTRL1_DFLTEN);
 2121              		.loc 1 1111 17
ARM GAS  /tmp/ccLNzWRO.s 			page 57


 2122 000a 7B68     		ldr	r3, [r7, #4]
 2123 000c 1B68     		ldr	r3, [r3]
 2124              		.loc 1 1111 28
 2125 000e 23F00102 		bic	r2, r3, #1
 2126 0012 7B68     		ldr	r3, [r7, #4]
 2127 0014 1A60     		str	r2, [r3]
1112:../../../firmware/n32h7xx_std_periph_driver/src/n32h7xx_dsmu.c **** 
1113:../../../firmware/n32h7xx_std_periph_driver/src/n32h7xx_dsmu.c ****     /* If regular trigger was synchronous, reset RSYNC bit in DSMU_FLTXCTRL1 register */
1114:../../../firmware/n32h7xx_std_periph_driver/src/n32h7xx_dsmu.c ****     if(Trigger == DSMU_FILTER_SYNC_TRIGGER)
 2128              		.loc 1 1114 7
 2129 0016 3B68     		ldr	r3, [r7]
 2130 0018 012B     		cmp	r3, #1
 2131 001a 05D1     		bne	.L74
1115:../../../firmware/n32h7xx_std_periph_driver/src/n32h7xx_dsmu.c ****     {
1116:../../../firmware/n32h7xx_std_periph_driver/src/n32h7xx_dsmu.c ****         DSMU_Filterx->FLTCTRL1 &= ~(DSMU_FLTXCTRL1_RSYNC);
 2132              		.loc 1 1116 21
 2133 001c 7B68     		ldr	r3, [r7, #4]
 2134 001e 1B68     		ldr	r3, [r3]
 2135              		.loc 1 1116 32
 2136 0020 23F40022 		bic	r2, r3, #524288
 2137 0024 7B68     		ldr	r3, [r7, #4]
 2138 0026 1A60     		str	r2, [r3]
 2139              	.L74:
1117:../../../firmware/n32h7xx_std_periph_driver/src/n32h7xx_dsmu.c ****     }
1118:../../../firmware/n32h7xx_std_periph_driver/src/n32h7xx_dsmu.c **** 
1119:../../../firmware/n32h7xx_std_periph_driver/src/n32h7xx_dsmu.c ****     /* Enable DSMU filter */
1120:../../../firmware/n32h7xx_std_periph_driver/src/n32h7xx_dsmu.c ****     DSMU_Filterx->FLTCTRL1 |= DSMU_FLTXCTRL1_DFLTEN;
 2140              		.loc 1 1120 17
 2141 0028 7B68     		ldr	r3, [r7, #4]
 2142 002a 1B68     		ldr	r3, [r3]
 2143              		.loc 1 1120 28
 2144 002c 43F00102 		orr	r2, r3, #1
 2145 0030 7B68     		ldr	r3, [r7, #4]
 2146 0032 1A60     		str	r2, [r3]
1121:../../../firmware/n32h7xx_std_periph_driver/src/n32h7xx_dsmu.c **** }
 2147              		.loc 1 1121 1
 2148 0034 00BF     		nop
 2149 0036 0C37     		adds	r7, r7, #12
 2150              	.LCFI151:
 2151              		.cfi_def_cfa_offset 4
 2152 0038 BD46     		mov	sp, r7
 2153              	.LCFI152:
 2154              		.cfi_def_cfa_register 13
 2155              		@ sp needed
 2156 003a 80BC     		pop	{r7}
 2157              	.LCFI153:
 2158              		.cfi_restore 7
 2159              		.cfi_def_cfa_offset 0
 2160 003c 7047     		bx	lr
 2161              		.cfi_endproc
 2162              	.LFE161:
 2164              		.section	.text.DSMU_InjConvStart,"ax",%progbits
 2165              		.align	1
 2166              		.global	DSMU_InjConvStart
 2167              		.syntax unified
 2168              		.thumb
 2169              		.thumb_func
ARM GAS  /tmp/ccLNzWRO.s 			page 58


 2171              	DSMU_InjConvStart:
 2172              	.LFB162:
1122:../../../firmware/n32h7xx_std_periph_driver/src/n32h7xx_dsmu.c **** 
1123:../../../firmware/n32h7xx_std_periph_driver/src/n32h7xx_dsmu.c **** /**
1124:../../../firmware/n32h7xx_std_periph_driver/src/n32h7xx_dsmu.c **** *\*\name   DSMU_InjConvStart.
1125:../../../firmware/n32h7xx_std_periph_driver/src/n32h7xx_dsmu.c **** *\*\fun    This function allows to really start injected conversion.
1126:../../../firmware/n32h7xx_std_periph_driver/src/n32h7xx_dsmu.c **** *\*\param  DSMU_Filterx
1127:../../../firmware/n32h7xx_std_periph_driver/src/n32h7xx_dsmu.c **** *\*\          - DSMU_Filter0
1128:../../../firmware/n32h7xx_std_periph_driver/src/n32h7xx_dsmu.c **** *\*\          - DSMU_Filter1
1129:../../../firmware/n32h7xx_std_periph_driver/src/n32h7xx_dsmu.c **** *\*\          - DSMU_Filter2
1130:../../../firmware/n32h7xx_std_periph_driver/src/n32h7xx_dsmu.c **** *\*\          - DSMU_Filter3
1131:../../../firmware/n32h7xx_std_periph_driver/src/n32h7xx_dsmu.c **** *\*\param  Trigger
1132:../../../firmware/n32h7xx_std_periph_driver/src/n32h7xx_dsmu.c **** *\*\          - DSMU_FILTER_SW_TRIGGER
1133:../../../firmware/n32h7xx_std_periph_driver/src/n32h7xx_dsmu.c **** *\*\          - DSMU_FILTER_SYNC_TRIGGER
1134:../../../firmware/n32h7xx_std_periph_driver/src/n32h7xx_dsmu.c **** *\*\          - DSMU_FILTER_EXT_TRIGGER
1135:../../../firmware/n32h7xx_std_periph_driver/src/n32h7xx_dsmu.c **** *\*\param  TiggerEdge
1136:../../../firmware/n32h7xx_std_periph_driver/src/n32h7xx_dsmu.c **** *\*\          - DSMU_FILTER_EXT_TRIG_DISABLE
1137:../../../firmware/n32h7xx_std_periph_driver/src/n32h7xx_dsmu.c **** *\*\          - DSMU_FILTER_EXT_TRIG_RISING_EDGE
1138:../../../firmware/n32h7xx_std_periph_driver/src/n32h7xx_dsmu.c **** *\*\          - DSMU_FILTER_EXT_TRIG_FALLING_EDGE
1139:../../../firmware/n32h7xx_std_periph_driver/src/n32h7xx_dsmu.c **** *\*\          - DSMU_FILTER_EXT_TRIG_BOTH_EDGES
1140:../../../firmware/n32h7xx_std_periph_driver/src/n32h7xx_dsmu.c **** *\*\return None
1141:../../../firmware/n32h7xx_std_periph_driver/src/n32h7xx_dsmu.c **** **/
1142:../../../firmware/n32h7xx_std_periph_driver/src/n32h7xx_dsmu.c **** void DSMU_InjConvStart(DSMU_Filter_Submodule* DSMU_Filterx, uint32_t Trigger, uint32_t TiggerEdge)
1143:../../../firmware/n32h7xx_std_periph_driver/src/n32h7xx_dsmu.c **** {
 2173              		.loc 1 1143 1
 2174              		.cfi_startproc
 2175              		@ args = 0, pretend = 0, frame = 24
 2176              		@ frame_needed = 1, uses_anonymous_args = 0
 2177              		@ link register save eliminated.
 2178 0000 80B4     		push	{r7}
 2179              	.LCFI154:
 2180              		.cfi_def_cfa_offset 4
 2181              		.cfi_offset 7, -4
 2182 0002 87B0     		sub	sp, sp, #28
 2183              	.LCFI155:
 2184              		.cfi_def_cfa_offset 32
 2185 0004 00AF     		add	r7, sp, #0
 2186              	.LCFI156:
 2187              		.cfi_def_cfa_register 7
 2188 0006 F860     		str	r0, [r7, #12]
 2189 0008 B960     		str	r1, [r7, #8]
 2190 000a 7A60     		str	r2, [r7, #4]
1144:../../../firmware/n32h7xx_std_periph_driver/src/n32h7xx_dsmu.c ****     uint32_t tReg;
1145:../../../firmware/n32h7xx_std_periph_driver/src/n32h7xx_dsmu.c **** 
1146:../../../firmware/n32h7xx_std_periph_driver/src/n32h7xx_dsmu.c ****     /* Check injected trigger */
1147:../../../firmware/n32h7xx_std_periph_driver/src/n32h7xx_dsmu.c ****     if(Trigger == DSMU_FILTER_SW_TRIGGER)
 2191              		.loc 1 1147 7
 2192 000c BB68     		ldr	r3, [r7, #8]
 2193 000e 002B     		cmp	r3, #0
 2194 0010 0CD1     		bne	.L76
1148:../../../firmware/n32h7xx_std_periph_driver/src/n32h7xx_dsmu.c ****     {
1149:../../../firmware/n32h7xx_std_periph_driver/src/n32h7xx_dsmu.c ****         /* Enable DSMU  filter */
1150:../../../firmware/n32h7xx_std_periph_driver/src/n32h7xx_dsmu.c ****         DSMU_Filterx->FLTCTRL1 |= DSMU_FLTXCTRL1_DFLTEN;
 2195              		.loc 1 1150 21
 2196 0012 FB68     		ldr	r3, [r7, #12]
 2197 0014 1B68     		ldr	r3, [r3]
 2198              		.loc 1 1150 32
ARM GAS  /tmp/ccLNzWRO.s 			page 59


 2199 0016 43F00102 		orr	r2, r3, #1
 2200 001a FB68     		ldr	r3, [r7, #12]
 2201 001c 1A60     		str	r2, [r3]
1151:../../../firmware/n32h7xx_std_periph_driver/src/n32h7xx_dsmu.c **** 
1152:../../../firmware/n32h7xx_std_periph_driver/src/n32h7xx_dsmu.c ****         /* Software start of injected conversion */
1153:../../../firmware/n32h7xx_std_periph_driver/src/n32h7xx_dsmu.c ****         DSMU_Filterx->FLTCTRL1 |= DSMU_FLTXCTRL1_JSWSTART;
 2202              		.loc 1 1153 21
 2203 001e FB68     		ldr	r3, [r7, #12]
 2204 0020 1B68     		ldr	r3, [r3]
 2205              		.loc 1 1153 32
 2206 0022 43F00202 		orr	r2, r3, #2
 2207 0026 FB68     		ldr	r3, [r7, #12]
 2208 0028 1A60     		str	r2, [r3]
1154:../../../firmware/n32h7xx_std_periph_driver/src/n32h7xx_dsmu.c ****     }
1155:../../../firmware/n32h7xx_std_periph_driver/src/n32h7xx_dsmu.c ****     else /* external or synchronous trigger */
1156:../../../firmware/n32h7xx_std_periph_driver/src/n32h7xx_dsmu.c ****     {
1157:../../../firmware/n32h7xx_std_periph_driver/src/n32h7xx_dsmu.c ****         /* Disable DSMU filter */
1158:../../../firmware/n32h7xx_std_periph_driver/src/n32h7xx_dsmu.c ****         DSMU_Filterx->FLTCTRL1 &= ~(DSMU_FLTXCTRL1_DFLTEN);
1159:../../../firmware/n32h7xx_std_periph_driver/src/n32h7xx_dsmu.c **** 
1160:../../../firmware/n32h7xx_std_periph_driver/src/n32h7xx_dsmu.c ****         /* Get current register value*/
1161:../../../firmware/n32h7xx_std_periph_driver/src/n32h7xx_dsmu.c ****         tReg  = DSMU_Filterx->FLTCTRL1;
1162:../../../firmware/n32h7xx_std_periph_driver/src/n32h7xx_dsmu.c **** 
1163:../../../firmware/n32h7xx_std_periph_driver/src/n32h7xx_dsmu.c ****         /* Clear JSYNC and JEXTEN[1:0] bits first */
1164:../../../firmware/n32h7xx_std_periph_driver/src/n32h7xx_dsmu.c ****         tReg &= ~(DSMU_FLTXCTRL1_JEXTEN | DSMU_FLTXCTRL1_JSYNC);
1165:../../../firmware/n32h7xx_std_periph_driver/src/n32h7xx_dsmu.c **** 
1166:../../../firmware/n32h7xx_std_periph_driver/src/n32h7xx_dsmu.c ****         /* Config JSYNC and JEXTEN[1:0] as expected */
1167:../../../firmware/n32h7xx_std_periph_driver/src/n32h7xx_dsmu.c ****         if(Trigger == DSMU_FILTER_SYNC_TRIGGER)
1168:../../../firmware/n32h7xx_std_periph_driver/src/n32h7xx_dsmu.c ****         {
1169:../../../firmware/n32h7xx_std_periph_driver/src/n32h7xx_dsmu.c ****             /* Set JSYNC bit in DSMU_FLTXCTRL1 register */
1170:../../../firmware/n32h7xx_std_periph_driver/src/n32h7xx_dsmu.c ****             tReg |= DSMU_FLTXCTRL1_JSYNC;
1171:../../../firmware/n32h7xx_std_periph_driver/src/n32h7xx_dsmu.c ****         }
1172:../../../firmware/n32h7xx_std_periph_driver/src/n32h7xx_dsmu.c ****         else /* external trigger */
1173:../../../firmware/n32h7xx_std_periph_driver/src/n32h7xx_dsmu.c ****         {
1174:../../../firmware/n32h7xx_std_periph_driver/src/n32h7xx_dsmu.c ****             /* Set JEXTEN[1:0] bits in DSMU_FLTXCTRL1 register */
1175:../../../firmware/n32h7xx_std_periph_driver/src/n32h7xx_dsmu.c ****             tReg |= TiggerEdge;
1176:../../../firmware/n32h7xx_std_periph_driver/src/n32h7xx_dsmu.c ****         }
1177:../../../firmware/n32h7xx_std_periph_driver/src/n32h7xx_dsmu.c **** 
1178:../../../firmware/n32h7xx_std_periph_driver/src/n32h7xx_dsmu.c ****         /* Write back */
1179:../../../firmware/n32h7xx_std_periph_driver/src/n32h7xx_dsmu.c ****         DSMU_Filterx->FLTCTRL1 = tReg;
1180:../../../firmware/n32h7xx_std_periph_driver/src/n32h7xx_dsmu.c **** 
1181:../../../firmware/n32h7xx_std_periph_driver/src/n32h7xx_dsmu.c ****         /* Enable DSMU filter */
1182:../../../firmware/n32h7xx_std_periph_driver/src/n32h7xx_dsmu.c ****         DSMU_Filterx->FLTCTRL1 |= DSMU_FLTXCTRL1_DFLTEN;
1183:../../../firmware/n32h7xx_std_periph_driver/src/n32h7xx_dsmu.c ****     }
1184:../../../firmware/n32h7xx_std_periph_driver/src/n32h7xx_dsmu.c **** }
 2209              		.loc 1 1184 1
 2210 002a 23E0     		b	.L80
 2211              	.L76:
1158:../../../firmware/n32h7xx_std_periph_driver/src/n32h7xx_dsmu.c **** 
 2212              		.loc 1 1158 21
 2213 002c FB68     		ldr	r3, [r7, #12]
 2214 002e 1B68     		ldr	r3, [r3]
1158:../../../firmware/n32h7xx_std_periph_driver/src/n32h7xx_dsmu.c **** 
 2215              		.loc 1 1158 32
 2216 0030 23F00102 		bic	r2, r3, #1
 2217 0034 FB68     		ldr	r3, [r7, #12]
 2218 0036 1A60     		str	r2, [r3]
1161:../../../firmware/n32h7xx_std_periph_driver/src/n32h7xx_dsmu.c **** 
ARM GAS  /tmp/ccLNzWRO.s 			page 60


 2219              		.loc 1 1161 15
 2220 0038 FB68     		ldr	r3, [r7, #12]
 2221 003a 1B68     		ldr	r3, [r3]
 2222 003c 7B61     		str	r3, [r7, #20]
1164:../../../firmware/n32h7xx_std_periph_driver/src/n32h7xx_dsmu.c **** 
 2223              		.loc 1 1164 14
 2224 003e 7B69     		ldr	r3, [r7, #20]
 2225 0040 23F4C043 		bic	r3, r3, #24576
 2226 0044 23F00803 		bic	r3, r3, #8
 2227 0048 7B61     		str	r3, [r7, #20]
1167:../../../firmware/n32h7xx_std_periph_driver/src/n32h7xx_dsmu.c ****         {
 2228              		.loc 1 1167 11
 2229 004a BB68     		ldr	r3, [r7, #8]
 2230 004c 012B     		cmp	r3, #1
 2231 004e 04D1     		bne	.L78
1170:../../../firmware/n32h7xx_std_periph_driver/src/n32h7xx_dsmu.c ****         }
 2232              		.loc 1 1170 18
 2233 0050 7B69     		ldr	r3, [r7, #20]
 2234 0052 43F00803 		orr	r3, r3, #8
 2235 0056 7B61     		str	r3, [r7, #20]
 2236 0058 03E0     		b	.L79
 2237              	.L78:
1175:../../../firmware/n32h7xx_std_periph_driver/src/n32h7xx_dsmu.c ****         }
 2238              		.loc 1 1175 18
 2239 005a 7A69     		ldr	r2, [r7, #20]
 2240 005c 7B68     		ldr	r3, [r7, #4]
 2241 005e 1343     		orrs	r3, r3, r2
 2242 0060 7B61     		str	r3, [r7, #20]
 2243              	.L79:
1179:../../../firmware/n32h7xx_std_periph_driver/src/n32h7xx_dsmu.c **** 
 2244              		.loc 1 1179 32
 2245 0062 FB68     		ldr	r3, [r7, #12]
 2246 0064 7A69     		ldr	r2, [r7, #20]
 2247 0066 1A60     		str	r2, [r3]
1182:../../../firmware/n32h7xx_std_periph_driver/src/n32h7xx_dsmu.c ****     }
 2248              		.loc 1 1182 21
 2249 0068 FB68     		ldr	r3, [r7, #12]
 2250 006a 1B68     		ldr	r3, [r3]
1182:../../../firmware/n32h7xx_std_periph_driver/src/n32h7xx_dsmu.c ****     }
 2251              		.loc 1 1182 32
 2252 006c 43F00102 		orr	r2, r3, #1
 2253 0070 FB68     		ldr	r3, [r7, #12]
 2254 0072 1A60     		str	r2, [r3]
 2255              	.L80:
 2256              		.loc 1 1184 1
 2257 0074 00BF     		nop
 2258 0076 1C37     		adds	r7, r7, #28
 2259              	.LCFI157:
 2260              		.cfi_def_cfa_offset 4
 2261 0078 BD46     		mov	sp, r7
 2262              	.LCFI158:
 2263              		.cfi_def_cfa_register 13
 2264              		@ sp needed
 2265 007a 80BC     		pop	{r7}
 2266              	.LCFI159:
 2267              		.cfi_restore 7
 2268              		.cfi_def_cfa_offset 0
ARM GAS  /tmp/ccLNzWRO.s 			page 61


 2269 007c 7047     		bx	lr
 2270              		.cfi_endproc
 2271              	.LFE162:
 2273              		.section	.text.DSMU_InjConvStop,"ax",%progbits
 2274              		.align	1
 2275              		.global	DSMU_InjConvStop
 2276              		.syntax unified
 2277              		.thumb
 2278              		.thumb_func
 2280              	DSMU_InjConvStop:
 2281              	.LFB163:
1185:../../../firmware/n32h7xx_std_periph_driver/src/n32h7xx_dsmu.c **** 
1186:../../../firmware/n32h7xx_std_periph_driver/src/n32h7xx_dsmu.c **** /**
1187:../../../firmware/n32h7xx_std_periph_driver/src/n32h7xx_dsmu.c **** *\*\name   DSMU_InjConvStop.
1188:../../../firmware/n32h7xx_std_periph_driver/src/n32h7xx_dsmu.c **** *\*\fun    This function allows to really stop injected conversion.
1189:../../../firmware/n32h7xx_std_periph_driver/src/n32h7xx_dsmu.c **** *\*\param  DSMU_Filterx
1190:../../../firmware/n32h7xx_std_periph_driver/src/n32h7xx_dsmu.c **** *\*\          - DSMU_Filter0
1191:../../../firmware/n32h7xx_std_periph_driver/src/n32h7xx_dsmu.c **** *\*\          - DSMU_Filter1
1192:../../../firmware/n32h7xx_std_periph_driver/src/n32h7xx_dsmu.c **** *\*\          - DSMU_Filter2
1193:../../../firmware/n32h7xx_std_periph_driver/src/n32h7xx_dsmu.c **** *\*\          - DSMU_Filter3
1194:../../../firmware/n32h7xx_std_periph_driver/src/n32h7xx_dsmu.c **** *\*\param  Trigger
1195:../../../firmware/n32h7xx_std_periph_driver/src/n32h7xx_dsmu.c **** *\*\          - DSMU_FILTER_SW_TRIGGER
1196:../../../firmware/n32h7xx_std_periph_driver/src/n32h7xx_dsmu.c **** *\*\          - DSMU_FILTER_SYNC_TRIGGER
1197:../../../firmware/n32h7xx_std_periph_driver/src/n32h7xx_dsmu.c **** *\*\          - DSMU_FILTER_EXT_TRIGGER
1198:../../../firmware/n32h7xx_std_periph_driver/src/n32h7xx_dsmu.c **** *\*\return None
1199:../../../firmware/n32h7xx_std_periph_driver/src/n32h7xx_dsmu.c **** **/
1200:../../../firmware/n32h7xx_std_periph_driver/src/n32h7xx_dsmu.c **** void DSMU_InjConvStop(DSMU_Filter_Submodule* DSMU_Filterx, uint32_t Trigger)
1201:../../../firmware/n32h7xx_std_periph_driver/src/n32h7xx_dsmu.c **** {
 2282              		.loc 1 1201 1
 2283              		.cfi_startproc
 2284              		@ args = 0, pretend = 0, frame = 8
 2285              		@ frame_needed = 1, uses_anonymous_args = 0
 2286              		@ link register save eliminated.
 2287 0000 80B4     		push	{r7}
 2288              	.LCFI160:
 2289              		.cfi_def_cfa_offset 4
 2290              		.cfi_offset 7, -4
 2291 0002 83B0     		sub	sp, sp, #12
 2292              	.LCFI161:
 2293              		.cfi_def_cfa_offset 16
 2294 0004 00AF     		add	r7, sp, #0
 2295              	.LCFI162:
 2296              		.cfi_def_cfa_register 7
 2297 0006 7860     		str	r0, [r7, #4]
 2298 0008 3960     		str	r1, [r7]
1202:../../../firmware/n32h7xx_std_periph_driver/src/n32h7xx_dsmu.c ****     /* Disable DSMU filter */
1203:../../../firmware/n32h7xx_std_periph_driver/src/n32h7xx_dsmu.c ****     DSMU_Filterx->FLTCTRL1 &= ~(DSMU_FLTXCTRL1_DFLTEN);
 2299              		.loc 1 1203 17
 2300 000a 7B68     		ldr	r3, [r7, #4]
 2301 000c 1B68     		ldr	r3, [r3]
 2302              		.loc 1 1203 28
 2303 000e 23F00102 		bic	r2, r3, #1
 2304 0012 7B68     		ldr	r3, [r7, #4]
 2305 0014 1A60     		str	r2, [r3]
1204:../../../firmware/n32h7xx_std_periph_driver/src/n32h7xx_dsmu.c **** 
1205:../../../firmware/n32h7xx_std_periph_driver/src/n32h7xx_dsmu.c ****     /* If injected trigger was synchronous, reset JSYNC bit in DSMU_FLTXCTRL1 register */
1206:../../../firmware/n32h7xx_std_periph_driver/src/n32h7xx_dsmu.c ****     if(Trigger == DSMU_FILTER_SYNC_TRIGGER)
ARM GAS  /tmp/ccLNzWRO.s 			page 62


 2306              		.loc 1 1206 7
 2307 0016 3B68     		ldr	r3, [r7]
 2308 0018 012B     		cmp	r3, #1
 2309 001a 06D1     		bne	.L82
1207:../../../firmware/n32h7xx_std_periph_driver/src/n32h7xx_dsmu.c ****     {
1208:../../../firmware/n32h7xx_std_periph_driver/src/n32h7xx_dsmu.c ****         DSMU_Filterx->FLTCTRL1 &= ~(DSMU_FLTXCTRL1_JSYNC);
 2310              		.loc 1 1208 21
 2311 001c 7B68     		ldr	r3, [r7, #4]
 2312 001e 1B68     		ldr	r3, [r3]
 2313              		.loc 1 1208 32
 2314 0020 23F00802 		bic	r2, r3, #8
 2315 0024 7B68     		ldr	r3, [r7, #4]
 2316 0026 1A60     		str	r2, [r3]
 2317 0028 08E0     		b	.L83
 2318              	.L82:
1209:../../../firmware/n32h7xx_std_periph_driver/src/n32h7xx_dsmu.c ****     }
1210:../../../firmware/n32h7xx_std_periph_driver/src/n32h7xx_dsmu.c ****     else if(Trigger == DSMU_FILTER_EXT_TRIGGER)
 2319              		.loc 1 1210 12
 2320 002a 3B68     		ldr	r3, [r7]
 2321 002c 022B     		cmp	r3, #2
 2322 002e 05D1     		bne	.L83
1211:../../../firmware/n32h7xx_std_periph_driver/src/n32h7xx_dsmu.c ****     {
1212:../../../firmware/n32h7xx_std_periph_driver/src/n32h7xx_dsmu.c ****         /* Reset JEXTEN[1:0] bits in DSMU_FLTXCTRL1 register */
1213:../../../firmware/n32h7xx_std_periph_driver/src/n32h7xx_dsmu.c ****         DSMU_Filterx->FLTCTRL1 &= ~(DSMU_FLTXCTRL1_JEXTEN);
 2323              		.loc 1 1213 21
 2324 0030 7B68     		ldr	r3, [r7, #4]
 2325 0032 1B68     		ldr	r3, [r3]
 2326              		.loc 1 1213 32
 2327 0034 23F4C042 		bic	r2, r3, #24576
 2328 0038 7B68     		ldr	r3, [r7, #4]
 2329 003a 1A60     		str	r2, [r3]
 2330              	.L83:
1214:../../../firmware/n32h7xx_std_periph_driver/src/n32h7xx_dsmu.c ****     }
1215:../../../firmware/n32h7xx_std_periph_driver/src/n32h7xx_dsmu.c ****     else
1216:../../../firmware/n32h7xx_std_periph_driver/src/n32h7xx_dsmu.c ****     {
1217:../../../firmware/n32h7xx_std_periph_driver/src/n32h7xx_dsmu.c ****         /* Nothing to do */
1218:../../../firmware/n32h7xx_std_periph_driver/src/n32h7xx_dsmu.c ****     }
1219:../../../firmware/n32h7xx_std_periph_driver/src/n32h7xx_dsmu.c **** 
1220:../../../firmware/n32h7xx_std_periph_driver/src/n32h7xx_dsmu.c ****     /* Enable DSMU filter */
1221:../../../firmware/n32h7xx_std_periph_driver/src/n32h7xx_dsmu.c ****     DSMU_Filterx->FLTCTRL1 |= DSMU_FLTXCTRL1_DFLTEN;
 2331              		.loc 1 1221 17
 2332 003c 7B68     		ldr	r3, [r7, #4]
 2333 003e 1B68     		ldr	r3, [r3]
 2334              		.loc 1 1221 28
 2335 0040 43F00102 		orr	r2, r3, #1
 2336 0044 7B68     		ldr	r3, [r7, #4]
 2337 0046 1A60     		str	r2, [r3]
1222:../../../firmware/n32h7xx_std_periph_driver/src/n32h7xx_dsmu.c **** }
 2338              		.loc 1 1222 1
 2339 0048 00BF     		nop
 2340 004a 0C37     		adds	r7, r7, #12
 2341              	.LCFI163:
 2342              		.cfi_def_cfa_offset 4
 2343 004c BD46     		mov	sp, r7
 2344              	.LCFI164:
 2345              		.cfi_def_cfa_register 13
 2346              		@ sp needed
ARM GAS  /tmp/ccLNzWRO.s 			page 63


 2347 004e 80BC     		pop	{r7}
 2348              	.LCFI165:
 2349              		.cfi_restore 7
 2350              		.cfi_def_cfa_offset 0
 2351 0050 7047     		bx	lr
 2352              		.cfi_endproc
 2353              	.LFE163:
 2355              		.section	.text.DSMU_GetFlagStatus,"ax",%progbits
 2356              		.align	1
 2357              		.global	DSMU_GetFlagStatus
 2358              		.syntax unified
 2359              		.thumb
 2360              		.thumb_func
 2362              	DSMU_GetFlagStatus:
 2363              	.LFB164:
1223:../../../firmware/n32h7xx_std_periph_driver/src/n32h7xx_dsmu.c **** 
1224:../../../firmware/n32h7xx_std_periph_driver/src/n32h7xx_dsmu.c **** /**
1225:../../../firmware/n32h7xx_std_periph_driver/src/n32h7xx_dsmu.c **** *\*\name   DSMU_GetFlagStatus.
1226:../../../firmware/n32h7xx_std_periph_driver/src/n32h7xx_dsmu.c **** *\*\fun    Checks whether the DSMU flag has set or not.
1227:../../../firmware/n32h7xx_std_periph_driver/src/n32h7xx_dsmu.c **** *\*\param  DSMU_Filterx
1228:../../../firmware/n32h7xx_std_periph_driver/src/n32h7xx_dsmu.c **** *\*\          - DSMU_Filter0
1229:../../../firmware/n32h7xx_std_periph_driver/src/n32h7xx_dsmu.c **** *\*\          - DSMU_Filter1
1230:../../../firmware/n32h7xx_std_periph_driver/src/n32h7xx_dsmu.c **** *\*\          - DSMU_Filter2
1231:../../../firmware/n32h7xx_std_periph_driver/src/n32h7xx_dsmu.c **** *\*\          - DSMU_Filter3
1232:../../../firmware/n32h7xx_std_periph_driver/src/n32h7xx_dsmu.c **** *\*\param   DSMU_Flag:
1233:../../../firmware/n32h7xx_std_periph_driver/src/n32h7xx_dsmu.c **** *\*\          This parameter must be one of the following:
1234:../../../firmware/n32h7xx_std_periph_driver/src/n32h7xx_dsmu.c **** *\*\          - DSMU_FLAG_SHORT_CIRCUIT_CH0
1235:../../../firmware/n32h7xx_std_periph_driver/src/n32h7xx_dsmu.c **** *\*\          - DSMU_FLAG_SHORT_CIRCUIT_CH1
1236:../../../firmware/n32h7xx_std_periph_driver/src/n32h7xx_dsmu.c **** *\*\          - DSMU_FLAG_SHORT_CIRCUIT_CH2
1237:../../../firmware/n32h7xx_std_periph_driver/src/n32h7xx_dsmu.c **** *\*\          - DSMU_FLAG_SHORT_CIRCUIT_CH3
1238:../../../firmware/n32h7xx_std_periph_driver/src/n32h7xx_dsmu.c **** *\*\          - DSMU_FLAG_SHORT_CIRCUIT_CH4
1239:../../../firmware/n32h7xx_std_periph_driver/src/n32h7xx_dsmu.c **** *\*\          - DSMU_FLAG_SHORT_CIRCUIT_CH5
1240:../../../firmware/n32h7xx_std_periph_driver/src/n32h7xx_dsmu.c **** *\*\          - DSMU_FLAG_SHORT_CIRCUIT_CH6
1241:../../../firmware/n32h7xx_std_periph_driver/src/n32h7xx_dsmu.c **** *\*\          - DSMU_FLAG_SHORT_CIRCUIT_CH7
1242:../../../firmware/n32h7xx_std_periph_driver/src/n32h7xx_dsmu.c **** *\*\          - DSMU_FLAG_CLOCK_ABSENCE_CH0
1243:../../../firmware/n32h7xx_std_periph_driver/src/n32h7xx_dsmu.c **** *\*\          - DSMU_FLAG_CLOCK_ABSENCE_CH1
1244:../../../firmware/n32h7xx_std_periph_driver/src/n32h7xx_dsmu.c **** *\*\          - DSMU_FLAG_CLOCK_ABSENCE_CH2
1245:../../../firmware/n32h7xx_std_periph_driver/src/n32h7xx_dsmu.c **** *\*\          - DSMU_FLAG_CLOCK_ABSENCE_CH3
1246:../../../firmware/n32h7xx_std_periph_driver/src/n32h7xx_dsmu.c **** *\*\          - DSMU_FLAG_CLOCK_ABSENCE_CH4
1247:../../../firmware/n32h7xx_std_periph_driver/src/n32h7xx_dsmu.c **** *\*\          - DSMU_FLAG_CLOCK_ABSENCE_CH5
1248:../../../firmware/n32h7xx_std_periph_driver/src/n32h7xx_dsmu.c **** *\*\          - DSMU_FLAG_CLOCK_ABSENCE_CH6
1249:../../../firmware/n32h7xx_std_periph_driver/src/n32h7xx_dsmu.c **** *\*\          - DSMU_FLAG_CLOCK_ABSENCE_CH7
1250:../../../firmware/n32h7xx_std_periph_driver/src/n32h7xx_dsmu.c **** *\*\          - DSMU_FLAG_REGULAR_ACTIVE
1251:../../../firmware/n32h7xx_std_periph_driver/src/n32h7xx_dsmu.c **** *\*\          - DSMU_FLAG_INJECT_ACTIVE
1252:../../../firmware/n32h7xx_std_periph_driver/src/n32h7xx_dsmu.c **** *\*\          - DSMU_FLAG_ANALOG_WATCHDOG
1253:../../../firmware/n32h7xx_std_periph_driver/src/n32h7xx_dsmu.c **** *\*\          - DSMU_FLAG_REGULAR_OVERRUN
1254:../../../firmware/n32h7xx_std_periph_driver/src/n32h7xx_dsmu.c **** *\*\          - DSMU_FLAG_INJECT_OVERRUN
1255:../../../firmware/n32h7xx_std_periph_driver/src/n32h7xx_dsmu.c **** *\*\          - DSMU_FLAG_REGULAR_END
1256:../../../firmware/n32h7xx_std_periph_driver/src/n32h7xx_dsmu.c **** *\*\          - DSMU_FLAG_INJECT_END
1257:../../../firmware/n32h7xx_std_periph_driver/src/n32h7xx_dsmu.c **** *\*\return FlagStatus:
1258:../../../firmware/n32h7xx_std_periph_driver/src/n32h7xx_dsmu.c **** *\*\          - SET
1259:../../../firmware/n32h7xx_std_periph_driver/src/n32h7xx_dsmu.c **** *\*\          - RESET
1260:../../../firmware/n32h7xx_std_periph_driver/src/n32h7xx_dsmu.c **** *\*\note: DSMU_FLAG_SHORT_CIRCUIT_CH0~7 and DSMU_FLAG_CLOCK_ABSENCE_CH0~7 only exist in DSMU_Filter
1261:../../../firmware/n32h7xx_std_periph_driver/src/n32h7xx_dsmu.c **** **/
1262:../../../firmware/n32h7xx_std_periph_driver/src/n32h7xx_dsmu.c **** FlagStatus DSMU_GetFlagStatus(DSMU_Filter_Submodule* DSMU_Filterx,
1263:../../../firmware/n32h7xx_std_periph_driver/src/n32h7xx_dsmu.c ****                               uint32_t DSMU_Flag)
1264:../../../firmware/n32h7xx_std_periph_driver/src/n32h7xx_dsmu.c **** {
ARM GAS  /tmp/ccLNzWRO.s 			page 64


 2364              		.loc 1 1264 1
 2365              		.cfi_startproc
 2366              		@ args = 0, pretend = 0, frame = 16
 2367              		@ frame_needed = 1, uses_anonymous_args = 0
 2368              		@ link register save eliminated.
 2369 0000 80B4     		push	{r7}
 2370              	.LCFI166:
 2371              		.cfi_def_cfa_offset 4
 2372              		.cfi_offset 7, -4
 2373 0002 85B0     		sub	sp, sp, #20
 2374              	.LCFI167:
 2375              		.cfi_def_cfa_offset 24
 2376 0004 00AF     		add	r7, sp, #0
 2377              	.LCFI168:
 2378              		.cfi_def_cfa_register 7
 2379 0006 7860     		str	r0, [r7, #4]
 2380 0008 3960     		str	r1, [r7]
1265:../../../firmware/n32h7xx_std_periph_driver/src/n32h7xx_dsmu.c ****     FlagStatus bitstatus;
1266:../../../firmware/n32h7xx_std_periph_driver/src/n32h7xx_dsmu.c ****     uint32_t tFLTSTS;
1267:../../../firmware/n32h7xx_std_periph_driver/src/n32h7xx_dsmu.c **** 
1268:../../../firmware/n32h7xx_std_periph_driver/src/n32h7xx_dsmu.c ****     if(DSMU_Flag > DSMU_FLAG_REGULAR_ACTIVE)
 2381              		.loc 1 1268 7
 2382 000a 3B68     		ldr	r3, [r7]
 2383 000c B3F5804F 		cmp	r3, #16384
 2384 0010 03D9     		bls	.L85
1269:../../../firmware/n32h7xx_std_periph_driver/src/n32h7xx_dsmu.c ****     {
1270:../../../firmware/n32h7xx_std_periph_driver/src/n32h7xx_dsmu.c ****         tFLTSTS = DSMU_Filter0->FLTSTS;
 2385              		.loc 1 1270 31
 2386 0012 0B4B     		ldr	r3, .L90
 2387              		.loc 1 1270 17
 2388 0014 9B68     		ldr	r3, [r3, #8]
 2389 0016 BB60     		str	r3, [r7, #8]
 2390 0018 02E0     		b	.L86
 2391              	.L85:
1271:../../../firmware/n32h7xx_std_periph_driver/src/n32h7xx_dsmu.c ****     }
1272:../../../firmware/n32h7xx_std_periph_driver/src/n32h7xx_dsmu.c ****     else
1273:../../../firmware/n32h7xx_std_periph_driver/src/n32h7xx_dsmu.c ****     {
1274:../../../firmware/n32h7xx_std_periph_driver/src/n32h7xx_dsmu.c ****         tFLTSTS = DSMU_Filterx->FLTSTS;
 2392              		.loc 1 1274 17
 2393 001a 7B68     		ldr	r3, [r7, #4]
 2394 001c 9B68     		ldr	r3, [r3, #8]
 2395 001e BB60     		str	r3, [r7, #8]
 2396              	.L86:
1275:../../../firmware/n32h7xx_std_periph_driver/src/n32h7xx_dsmu.c ****     }
1276:../../../firmware/n32h7xx_std_periph_driver/src/n32h7xx_dsmu.c **** 
1277:../../../firmware/n32h7xx_std_periph_driver/src/n32h7xx_dsmu.c ****     if ((tFLTSTS & DSMU_Flag) != (uint32_t)RESET)
 2397              		.loc 1 1277 18
 2398 0020 BA68     		ldr	r2, [r7, #8]
 2399 0022 3B68     		ldr	r3, [r7]
 2400 0024 1340     		ands	r3, r3, r2
 2401              		.loc 1 1277 8
 2402 0026 002B     		cmp	r3, #0
 2403 0028 02D0     		beq	.L87
1278:../../../firmware/n32h7xx_std_periph_driver/src/n32h7xx_dsmu.c ****     {
1279:../../../firmware/n32h7xx_std_periph_driver/src/n32h7xx_dsmu.c ****         bitstatus = SET;
 2404              		.loc 1 1279 19
 2405 002a 0123     		movs	r3, #1
ARM GAS  /tmp/ccLNzWRO.s 			page 65


 2406 002c FB73     		strb	r3, [r7, #15]
 2407 002e 01E0     		b	.L88
 2408              	.L87:
1280:../../../firmware/n32h7xx_std_periph_driver/src/n32h7xx_dsmu.c ****     }
1281:../../../firmware/n32h7xx_std_periph_driver/src/n32h7xx_dsmu.c ****     else
1282:../../../firmware/n32h7xx_std_periph_driver/src/n32h7xx_dsmu.c ****     {
1283:../../../firmware/n32h7xx_std_periph_driver/src/n32h7xx_dsmu.c ****         bitstatus = RESET;
 2409              		.loc 1 1283 19
 2410 0030 0023     		movs	r3, #0
 2411 0032 FB73     		strb	r3, [r7, #15]
 2412              	.L88:
1284:../../../firmware/n32h7xx_std_periph_driver/src/n32h7xx_dsmu.c ****     }
1285:../../../firmware/n32h7xx_std_periph_driver/src/n32h7xx_dsmu.c **** 
1286:../../../firmware/n32h7xx_std_periph_driver/src/n32h7xx_dsmu.c ****     return bitstatus;
 2413              		.loc 1 1286 12
 2414 0034 FB7B     		ldrb	r3, [r7, #15]	@ zero_extendqisi2
1287:../../../firmware/n32h7xx_std_periph_driver/src/n32h7xx_dsmu.c **** }
 2415              		.loc 1 1287 1
 2416 0036 1846     		mov	r0, r3
 2417 0038 1437     		adds	r7, r7, #20
 2418              	.LCFI169:
 2419              		.cfi_def_cfa_offset 4
 2420 003a BD46     		mov	sp, r7
 2421              	.LCFI170:
 2422              		.cfi_def_cfa_register 13
 2423              		@ sp needed
 2424 003c 80BC     		pop	{r7}
 2425              	.LCFI171:
 2426              		.cfi_restore 7
 2427              		.cfi_def_cfa_offset 0
 2428 003e 7047     		bx	lr
 2429              	.L91:
 2430              		.align	2
 2431              	.L90:
 2432 0040 00A10D40 		.word	1074635008
 2433              		.cfi_endproc
 2434              	.LFE164:
 2436              		.section	.text.DSMU_ClearFlag,"ax",%progbits
 2437              		.align	1
 2438              		.global	DSMU_ClearFlag
 2439              		.syntax unified
 2440              		.thumb
 2441              		.thumb_func
 2443              	DSMU_ClearFlag:
 2444              	.LFB165:
1288:../../../firmware/n32h7xx_std_periph_driver/src/n32h7xx_dsmu.c **** 
1289:../../../firmware/n32h7xx_std_periph_driver/src/n32h7xx_dsmu.c **** 
1290:../../../firmware/n32h7xx_std_periph_driver/src/n32h7xx_dsmu.c **** /**
1291:../../../firmware/n32h7xx_std_periph_driver/src/n32h7xx_dsmu.c **** *\*\name   DSMU_ClearFlag.
1292:../../../firmware/n32h7xx_std_periph_driver/src/n32h7xx_dsmu.c **** *\*\fun    Clears flags of the specified DSMU.
1293:../../../firmware/n32h7xx_std_periph_driver/src/n32h7xx_dsmu.c **** *\*\param  DSMU_Filterx
1294:../../../firmware/n32h7xx_std_periph_driver/src/n32h7xx_dsmu.c **** *\*\          - DSMU_Filter0
1295:../../../firmware/n32h7xx_std_periph_driver/src/n32h7xx_dsmu.c **** *\*\          - DSMU_Filter1
1296:../../../firmware/n32h7xx_std_periph_driver/src/n32h7xx_dsmu.c **** *\*\          - DSMU_Filter2
1297:../../../firmware/n32h7xx_std_periph_driver/src/n32h7xx_dsmu.c **** *\*\          - DSMU_Filter3
1298:../../../firmware/n32h7xx_std_periph_driver/src/n32h7xx_dsmu.c **** *\*\param   DSMU_FlagClear :
1299:../../../firmware/n32h7xx_std_periph_driver/src/n32h7xx_dsmu.c **** *\*\          This parameter must be one of the following:
ARM GAS  /tmp/ccLNzWRO.s 			page 66


1300:../../../firmware/n32h7xx_std_periph_driver/src/n32h7xx_dsmu.c **** *\*\          - DSMU_CLEAR_FLAG_SHORT_CIRCUIT_CH0
1301:../../../firmware/n32h7xx_std_periph_driver/src/n32h7xx_dsmu.c **** *\*\          - DSMU_CLEAR_FLAG_SHORT_CIRCUIT_CH1
1302:../../../firmware/n32h7xx_std_periph_driver/src/n32h7xx_dsmu.c **** *\*\          - DSMU_CLEAR_FLAG_SHORT_CIRCUIT_CH2
1303:../../../firmware/n32h7xx_std_periph_driver/src/n32h7xx_dsmu.c **** *\*\          - DSMU_CLEAR_FLAG_SHORT_CIRCUIT_CH3
1304:../../../firmware/n32h7xx_std_periph_driver/src/n32h7xx_dsmu.c **** *\*\          - DSMU_CLEAR_FLAG_SHORT_CIRCUIT_CH4
1305:../../../firmware/n32h7xx_std_periph_driver/src/n32h7xx_dsmu.c **** *\*\          - DSMU_CLEAR_FLAG_SHORT_CIRCUIT_CH5
1306:../../../firmware/n32h7xx_std_periph_driver/src/n32h7xx_dsmu.c **** *\*\          - DSMU_CLEAR_FLAG_SHORT_CIRCUIT_CH6
1307:../../../firmware/n32h7xx_std_periph_driver/src/n32h7xx_dsmu.c **** *\*\          - DSMU_CLEAR_FLAG_SHORT_CIRCUIT_CH7
1308:../../../firmware/n32h7xx_std_periph_driver/src/n32h7xx_dsmu.c **** *\*\          - DSMU_CLEAR_FLAG_CLOCK_ABSENCE_CH0
1309:../../../firmware/n32h7xx_std_periph_driver/src/n32h7xx_dsmu.c **** *\*\          - DSMU_CLEAR_FLAG_CLOCK_ABSENCE_CH1
1310:../../../firmware/n32h7xx_std_periph_driver/src/n32h7xx_dsmu.c **** *\*\          - DSMU_CLEAR_FLAG_CLOCK_ABSENCE_CH2
1311:../../../firmware/n32h7xx_std_periph_driver/src/n32h7xx_dsmu.c **** *\*\          - DSMU_CLEAR_FLAG_CLOCK_ABSENCE_CH3
1312:../../../firmware/n32h7xx_std_periph_driver/src/n32h7xx_dsmu.c **** *\*\          - DSMU_CLEAR_FLAG_CLOCK_ABSENCE_CH4
1313:../../../firmware/n32h7xx_std_periph_driver/src/n32h7xx_dsmu.c **** *\*\          - DSMU_CLEAR_FLAG_CLOCK_ABSENCE_CH5
1314:../../../firmware/n32h7xx_std_periph_driver/src/n32h7xx_dsmu.c **** *\*\          - DSMU_CLEAR_FLAG_CLOCK_ABSENCE_CH6
1315:../../../firmware/n32h7xx_std_periph_driver/src/n32h7xx_dsmu.c **** *\*\          - DSMU_CLEAR_FLAG_CLOCK_ABSENCE_CH7
1316:../../../firmware/n32h7xx_std_periph_driver/src/n32h7xx_dsmu.c **** *\*\          - DSMU_CLEAR_FLAG_REGULAR_OVERRUN
1317:../../../firmware/n32h7xx_std_periph_driver/src/n32h7xx_dsmu.c **** *\*\          - DSMU_CLEAR_FLAG_INJECT_OVERRUN
1318:../../../firmware/n32h7xx_std_periph_driver/src/n32h7xx_dsmu.c **** *\*\return    none.
1319:../../../firmware/n32h7xx_std_periph_driver/src/n32h7xx_dsmu.c **** *\*\note: DSMU_CLEAR_FLAG_SHORT_CIRCUIT_CH0~7 and DSMU_CLEAR_FLAG_CLOCK_ABSENCE_CH0~7 only exist in
1320:../../../firmware/n32h7xx_std_periph_driver/src/n32h7xx_dsmu.c **** **/
1321:../../../firmware/n32h7xx_std_periph_driver/src/n32h7xx_dsmu.c **** void DSMU_ClearFlag(DSMU_Filter_Submodule* DSMU_Filterx, uint32_t DSMU_FlagClear)
1322:../../../firmware/n32h7xx_std_periph_driver/src/n32h7xx_dsmu.c **** {
 2445              		.loc 1 1322 1
 2446              		.cfi_startproc
 2447              		@ args = 0, pretend = 0, frame = 16
 2448              		@ frame_needed = 1, uses_anonymous_args = 0
 2449              		@ link register save eliminated.
 2450 0000 80B4     		push	{r7}
 2451              	.LCFI172:
 2452              		.cfi_def_cfa_offset 4
 2453              		.cfi_offset 7, -4
 2454 0002 85B0     		sub	sp, sp, #20
 2455              	.LCFI173:
 2456              		.cfi_def_cfa_offset 24
 2457 0004 00AF     		add	r7, sp, #0
 2458              	.LCFI174:
 2459              		.cfi_def_cfa_register 7
 2460 0006 7860     		str	r0, [r7, #4]
 2461 0008 3960     		str	r1, [r7]
1323:../../../firmware/n32h7xx_std_periph_driver/src/n32h7xx_dsmu.c ****     __IO uint32_t *pINTCLR;
1324:../../../firmware/n32h7xx_std_periph_driver/src/n32h7xx_dsmu.c **** 
1325:../../../firmware/n32h7xx_std_periph_driver/src/n32h7xx_dsmu.c ****     if(DSMU_FlagClear > DSMU_CLEAR_FLAG_REGULAR_OVERRUN)
 2462              		.loc 1 1325 7
 2463 000a 3B68     		ldr	r3, [r7]
 2464 000c 082B     		cmp	r3, #8
 2465 000e 02D9     		bls	.L93
1326:../../../firmware/n32h7xx_std_periph_driver/src/n32h7xx_dsmu.c ****     {
1327:../../../firmware/n32h7xx_std_periph_driver/src/n32h7xx_dsmu.c ****         pINTCLR = &(DSMU_Filter0->FLTINTCLR);
 2466              		.loc 1 1327 17
 2467 0010 084B     		ldr	r3, .L95
 2468 0012 FB60     		str	r3, [r7, #12]
 2469 0014 02E0     		b	.L94
 2470              	.L93:
1328:../../../firmware/n32h7xx_std_periph_driver/src/n32h7xx_dsmu.c ****     }
1329:../../../firmware/n32h7xx_std_periph_driver/src/n32h7xx_dsmu.c ****     else
1330:../../../firmware/n32h7xx_std_periph_driver/src/n32h7xx_dsmu.c ****     {
ARM GAS  /tmp/ccLNzWRO.s 			page 67


1331:../../../firmware/n32h7xx_std_periph_driver/src/n32h7xx_dsmu.c ****         pINTCLR = &(DSMU_Filterx->FLTINTCLR);
 2471              		.loc 1 1331 17
 2472 0016 7B68     		ldr	r3, [r7, #4]
 2473 0018 0C33     		adds	r3, r3, #12
 2474 001a FB60     		str	r3, [r7, #12]
 2475              	.L94:
1332:../../../firmware/n32h7xx_std_periph_driver/src/n32h7xx_dsmu.c ****     }
1333:../../../firmware/n32h7xx_std_periph_driver/src/n32h7xx_dsmu.c **** 
1334:../../../firmware/n32h7xx_std_periph_driver/src/n32h7xx_dsmu.c ****     /* Clear the selected DSMU flags */
1335:../../../firmware/n32h7xx_std_periph_driver/src/n32h7xx_dsmu.c ****     *pINTCLR = (DSMU_FlagClear & DSMU_CLEAR_FLAG_ALL);
 2476              		.loc 1 1335 32
 2477 001c 3B68     		ldr	r3, [r7]
 2478 001e 23F47F43 		bic	r3, r3, #65280
 2479 0022 23F0F303 		bic	r3, r3, #243
 2480              		.loc 1 1335 14
 2481 0026 FA68     		ldr	r2, [r7, #12]
 2482 0028 1360     		str	r3, [r2]
1336:../../../firmware/n32h7xx_std_periph_driver/src/n32h7xx_dsmu.c **** }
 2483              		.loc 1 1336 1
 2484 002a 00BF     		nop
 2485 002c 1437     		adds	r7, r7, #20
 2486              	.LCFI175:
 2487              		.cfi_def_cfa_offset 4
 2488 002e BD46     		mov	sp, r7
 2489              	.LCFI176:
 2490              		.cfi_def_cfa_register 13
 2491              		@ sp needed
 2492 0030 80BC     		pop	{r7}
 2493              	.LCFI177:
 2494              		.cfi_restore 7
 2495              		.cfi_def_cfa_offset 0
 2496 0032 7047     		bx	lr
 2497              	.L96:
 2498              		.align	2
 2499              	.L95:
 2500 0034 0CA10D40 		.word	1074635020
 2501              		.cfi_endproc
 2502              	.LFE165:
 2504              		.section	.text.DSMU_GetAwdFlagStatus,"ax",%progbits
 2505              		.align	1
 2506              		.global	DSMU_GetAwdFlagStatus
 2507              		.syntax unified
 2508              		.thumb
 2509              		.thumb_func
 2511              	DSMU_GetAwdFlagStatus:
 2512              	.LFB166:
1337:../../../firmware/n32h7xx_std_periph_driver/src/n32h7xx_dsmu.c **** 
1338:../../../firmware/n32h7xx_std_periph_driver/src/n32h7xx_dsmu.c **** /**
1339:../../../firmware/n32h7xx_std_periph_driver/src/n32h7xx_dsmu.c **** *\*\name   DSMU_GetAwdFlagStatus.
1340:../../../firmware/n32h7xx_std_periph_driver/src/n32h7xx_dsmu.c **** *\*\fun    Checks whether the DSMU analog watchdog flag has set or not.
1341:../../../firmware/n32h7xx_std_periph_driver/src/n32h7xx_dsmu.c **** *\*\param  DSMU_Filterx
1342:../../../firmware/n32h7xx_std_periph_driver/src/n32h7xx_dsmu.c **** *\*\          - DSMU_Filter0
1343:../../../firmware/n32h7xx_std_periph_driver/src/n32h7xx_dsmu.c **** *\*\          - DSMU_Filter1
1344:../../../firmware/n32h7xx_std_periph_driver/src/n32h7xx_dsmu.c **** *\*\          - DSMU_Filter2
1345:../../../firmware/n32h7xx_std_periph_driver/src/n32h7xx_dsmu.c **** *\*\          - DSMU_Filter3
1346:../../../firmware/n32h7xx_std_periph_driver/src/n32h7xx_dsmu.c **** *\*\param   DSMU_AwdFlag :
1347:../../../firmware/n32h7xx_std_periph_driver/src/n32h7xx_dsmu.c **** *\*\          - DSMU_AWD_FLAG_HIGH_THRESHLOD_CH0
ARM GAS  /tmp/ccLNzWRO.s 			page 68


1348:../../../firmware/n32h7xx_std_periph_driver/src/n32h7xx_dsmu.c **** *\*\          - DSMU_AWD_FLAG_HIGH_THRESHLOD_CH1
1349:../../../firmware/n32h7xx_std_periph_driver/src/n32h7xx_dsmu.c **** *\*\          - DSMU_AWD_FLAG_HIGH_THRESHLOD_CH2
1350:../../../firmware/n32h7xx_std_periph_driver/src/n32h7xx_dsmu.c **** *\*\          - DSMU_AWD_FLAG_HIGH_THRESHLOD_CH3
1351:../../../firmware/n32h7xx_std_periph_driver/src/n32h7xx_dsmu.c **** *\*\          - DSMU_AWD_FLAG_HIGH_THRESHLOD_CH4
1352:../../../firmware/n32h7xx_std_periph_driver/src/n32h7xx_dsmu.c **** *\*\          - DSMU_AWD_FLAG_HIGH_THRESHLOD_CH5
1353:../../../firmware/n32h7xx_std_periph_driver/src/n32h7xx_dsmu.c **** *\*\          - DSMU_AWD_FLAG_HIGH_THRESHLOD_CH6
1354:../../../firmware/n32h7xx_std_periph_driver/src/n32h7xx_dsmu.c **** *\*\          - DSMU_AWD_FLAG_HIGH_THRESHLOD_CH7
1355:../../../firmware/n32h7xx_std_periph_driver/src/n32h7xx_dsmu.c **** *\*\          - DSMU_AWD_FLAG_LOW_THRESHOLD_CH0
1356:../../../firmware/n32h7xx_std_periph_driver/src/n32h7xx_dsmu.c **** *\*\          - DSMU_AWD_FLAG_LOW_THRESHOLD_CH1
1357:../../../firmware/n32h7xx_std_periph_driver/src/n32h7xx_dsmu.c **** *\*\          - DSMU_AWD_FLAG_LOW_THRESHOLD_CH2
1358:../../../firmware/n32h7xx_std_periph_driver/src/n32h7xx_dsmu.c **** *\*\          - DSMU_AWD_FLAG_LOW_THRESHOLD_CH3
1359:../../../firmware/n32h7xx_std_periph_driver/src/n32h7xx_dsmu.c **** *\*\          - DSMU_AWD_FLAG_LOW_THRESHOLD_CH4
1360:../../../firmware/n32h7xx_std_periph_driver/src/n32h7xx_dsmu.c **** *\*\          - DSMU_AWD_FLAG_LOW_THRESHOLD_CH5
1361:../../../firmware/n32h7xx_std_periph_driver/src/n32h7xx_dsmu.c **** *\*\          - DSMU_AWD_FLAG_LOW_THRESHOLD_CH6
1362:../../../firmware/n32h7xx_std_periph_driver/src/n32h7xx_dsmu.c **** *\*\          - DSMU_AWD_FLAG_LOW_THRESHOLD_CH7
1363:../../../firmware/n32h7xx_std_periph_driver/src/n32h7xx_dsmu.c **** *\*\return FlagStatus:
1364:../../../firmware/n32h7xx_std_periph_driver/src/n32h7xx_dsmu.c **** *\*\          - SET
1365:../../../firmware/n32h7xx_std_periph_driver/src/n32h7xx_dsmu.c **** *\*\          - RESET
1366:../../../firmware/n32h7xx_std_periph_driver/src/n32h7xx_dsmu.c **** **/
1367:../../../firmware/n32h7xx_std_periph_driver/src/n32h7xx_dsmu.c **** FlagStatus DSMU_GetAwdFlagStatus(DSMU_Filter_Submodule* DSMU_Filterx,
1368:../../../firmware/n32h7xx_std_periph_driver/src/n32h7xx_dsmu.c ****                                  uint32_t DSMU_AwdFlag)
1369:../../../firmware/n32h7xx_std_periph_driver/src/n32h7xx_dsmu.c **** {
 2513              		.loc 1 1369 1
 2514              		.cfi_startproc
 2515              		@ args = 0, pretend = 0, frame = 16
 2516              		@ frame_needed = 1, uses_anonymous_args = 0
 2517              		@ link register save eliminated.
 2518 0000 80B4     		push	{r7}
 2519              	.LCFI178:
 2520              		.cfi_def_cfa_offset 4
 2521              		.cfi_offset 7, -4
 2522 0002 85B0     		sub	sp, sp, #20
 2523              	.LCFI179:
 2524              		.cfi_def_cfa_offset 24
 2525 0004 00AF     		add	r7, sp, #0
 2526              	.LCFI180:
 2527              		.cfi_def_cfa_register 7
 2528 0006 7860     		str	r0, [r7, #4]
 2529 0008 3960     		str	r1, [r7]
1370:../../../firmware/n32h7xx_std_periph_driver/src/n32h7xx_dsmu.c ****     FlagStatus bitstatus;
1371:../../../firmware/n32h7xx_std_periph_driver/src/n32h7xx_dsmu.c **** 
1372:../../../firmware/n32h7xx_std_periph_driver/src/n32h7xx_dsmu.c ****     if ((DSMU_Filterx->FLTAWDSTS & DSMU_AwdFlag) != (uint32_t)RESET)
 2530              		.loc 1 1372 22
 2531 000a 7B68     		ldr	r3, [r7, #4]
 2532 000c 9A6A     		ldr	r2, [r3, #40]
 2533              		.loc 1 1372 34
 2534 000e 3B68     		ldr	r3, [r7]
 2535 0010 1340     		ands	r3, r3, r2
 2536              		.loc 1 1372 8
 2537 0012 002B     		cmp	r3, #0
 2538 0014 02D0     		beq	.L98
1373:../../../firmware/n32h7xx_std_periph_driver/src/n32h7xx_dsmu.c ****     {
1374:../../../firmware/n32h7xx_std_periph_driver/src/n32h7xx_dsmu.c ****         bitstatus = SET;
 2539              		.loc 1 1374 19
 2540 0016 0123     		movs	r3, #1
 2541 0018 FB73     		strb	r3, [r7, #15]
 2542 001a 01E0     		b	.L99
ARM GAS  /tmp/ccLNzWRO.s 			page 69


 2543              	.L98:
1375:../../../firmware/n32h7xx_std_periph_driver/src/n32h7xx_dsmu.c ****     }
1376:../../../firmware/n32h7xx_std_periph_driver/src/n32h7xx_dsmu.c ****     else
1377:../../../firmware/n32h7xx_std_periph_driver/src/n32h7xx_dsmu.c ****     {
1378:../../../firmware/n32h7xx_std_periph_driver/src/n32h7xx_dsmu.c ****         bitstatus = RESET;
 2544              		.loc 1 1378 19
 2545 001c 0023     		movs	r3, #0
 2546 001e FB73     		strb	r3, [r7, #15]
 2547              	.L99:
1379:../../../firmware/n32h7xx_std_periph_driver/src/n32h7xx_dsmu.c ****     }
1380:../../../firmware/n32h7xx_std_periph_driver/src/n32h7xx_dsmu.c **** 
1381:../../../firmware/n32h7xx_std_periph_driver/src/n32h7xx_dsmu.c ****     return bitstatus;
 2548              		.loc 1 1381 12
 2549 0020 FB7B     		ldrb	r3, [r7, #15]	@ zero_extendqisi2
1382:../../../firmware/n32h7xx_std_periph_driver/src/n32h7xx_dsmu.c **** }
 2550              		.loc 1 1382 1
 2551 0022 1846     		mov	r0, r3
 2552 0024 1437     		adds	r7, r7, #20
 2553              	.LCFI181:
 2554              		.cfi_def_cfa_offset 4
 2555 0026 BD46     		mov	sp, r7
 2556              	.LCFI182:
 2557              		.cfi_def_cfa_register 13
 2558              		@ sp needed
 2559 0028 80BC     		pop	{r7}
 2560              	.LCFI183:
 2561              		.cfi_restore 7
 2562              		.cfi_def_cfa_offset 0
 2563 002a 7047     		bx	lr
 2564              		.cfi_endproc
 2565              	.LFE166:
 2567              		.section	.text.DSMU_ClearAwdFlag,"ax",%progbits
 2568              		.align	1
 2569              		.global	DSMU_ClearAwdFlag
 2570              		.syntax unified
 2571              		.thumb
 2572              		.thumb_func
 2574              	DSMU_ClearAwdFlag:
 2575              	.LFB167:
1383:../../../firmware/n32h7xx_std_periph_driver/src/n32h7xx_dsmu.c **** 
1384:../../../firmware/n32h7xx_std_periph_driver/src/n32h7xx_dsmu.c **** /**
1385:../../../firmware/n32h7xx_std_periph_driver/src/n32h7xx_dsmu.c **** *\*\name   DSMU_ClearAwdFlag.
1386:../../../firmware/n32h7xx_std_periph_driver/src/n32h7xx_dsmu.c **** *\*\fun    Clears analog watch dog flag of the specified DSMU.
1387:../../../firmware/n32h7xx_std_periph_driver/src/n32h7xx_dsmu.c **** *\*\param  DSMU_Filterx
1388:../../../firmware/n32h7xx_std_periph_driver/src/n32h7xx_dsmu.c **** *\*\          - DSMU_Filter0
1389:../../../firmware/n32h7xx_std_periph_driver/src/n32h7xx_dsmu.c **** *\*\          - DSMU_Filter1
1390:../../../firmware/n32h7xx_std_periph_driver/src/n32h7xx_dsmu.c **** *\*\          - DSMU_Filter2
1391:../../../firmware/n32h7xx_std_periph_driver/src/n32h7xx_dsmu.c **** *\*\          - DSMU_Filter3
1392:../../../firmware/n32h7xx_std_periph_driver/src/n32h7xx_dsmu.c **** *\*\param   DSMU_AwdFlagClear :
1393:../../../firmware/n32h7xx_std_periph_driver/src/n32h7xx_dsmu.c **** *\*\          - DSMU_CLEAR_AWD_FLAG_HIGH_THRESHLOD_CH0
1394:../../../firmware/n32h7xx_std_periph_driver/src/n32h7xx_dsmu.c **** *\*\          - DSMU_CLEAR_AWD_FLAG_HIGH_THRESHLOD_CH1
1395:../../../firmware/n32h7xx_std_periph_driver/src/n32h7xx_dsmu.c **** *\*\          - DSMU_CLEAR_AWD_FLAG_HIGH_THRESHLOD_CH2
1396:../../../firmware/n32h7xx_std_periph_driver/src/n32h7xx_dsmu.c **** *\*\          - DSMU_CLEAR_AWD_FLAG_HIGH_THRESHLOD_CH3
1397:../../../firmware/n32h7xx_std_periph_driver/src/n32h7xx_dsmu.c **** *\*\          - DSMU_CLEAR_AWD_FLAG_HIGH_THRESHLOD_CH4
1398:../../../firmware/n32h7xx_std_periph_driver/src/n32h7xx_dsmu.c **** *\*\          - DSMU_CLEAR_AWD_FLAG_HIGH_THRESHLOD_CH5
1399:../../../firmware/n32h7xx_std_periph_driver/src/n32h7xx_dsmu.c **** *\*\          - DSMU_CLEAR_AWD_FLAG_HIGH_THRESHLOD_CH6
1400:../../../firmware/n32h7xx_std_periph_driver/src/n32h7xx_dsmu.c **** *\*\          - DSMU_CLEAR_AWD_FLAG_HIGH_THRESHLOD_CH7
ARM GAS  /tmp/ccLNzWRO.s 			page 70


1401:../../../firmware/n32h7xx_std_periph_driver/src/n32h7xx_dsmu.c **** *\*\          - DSMU_CLEAR_AWD_FLAG_LOW_THRESHOLD_CH0
1402:../../../firmware/n32h7xx_std_periph_driver/src/n32h7xx_dsmu.c **** *\*\          - DSMU_CLEAR_AWD_FLAG_LOW_THRESHOLD_CH1
1403:../../../firmware/n32h7xx_std_periph_driver/src/n32h7xx_dsmu.c **** *\*\          - DSMU_CLEAR_AWD_FLAG_LOW_THRESHOLD_CH2
1404:../../../firmware/n32h7xx_std_periph_driver/src/n32h7xx_dsmu.c **** *\*\          - DSMU_CLEAR_AWD_FLAG_LOW_THRESHOLD_CH3
1405:../../../firmware/n32h7xx_std_periph_driver/src/n32h7xx_dsmu.c **** *\*\          - DSMU_CLEAR_AWD_FLAG_LOW_THRESHOLD_CH4
1406:../../../firmware/n32h7xx_std_periph_driver/src/n32h7xx_dsmu.c **** *\*\          - DSMU_CLEAR_AWD_FLAG_LOW_THRESHOLD_CH5
1407:../../../firmware/n32h7xx_std_periph_driver/src/n32h7xx_dsmu.c **** *\*\          - DSMU_CLEAR_AWD_FLAG_LOW_THRESHOLD_CH6
1408:../../../firmware/n32h7xx_std_periph_driver/src/n32h7xx_dsmu.c **** *\*\          - DSMU_CLEAR_AWD_FLAG_LOW_THRESHOLD_CH7
1409:../../../firmware/n32h7xx_std_periph_driver/src/n32h7xx_dsmu.c **** *\*\return    none.
1410:../../../firmware/n32h7xx_std_periph_driver/src/n32h7xx_dsmu.c **** **/
1411:../../../firmware/n32h7xx_std_periph_driver/src/n32h7xx_dsmu.c **** void DSMU_ClearAwdFlag(DSMU_Filter_Submodule* DSMU_Filterx, uint32_t DSMU_AwdFlagClear)
1412:../../../firmware/n32h7xx_std_periph_driver/src/n32h7xx_dsmu.c **** {
 2576              		.loc 1 1412 1
 2577              		.cfi_startproc
 2578              		@ args = 0, pretend = 0, frame = 8
 2579              		@ frame_needed = 1, uses_anonymous_args = 0
 2580              		@ link register save eliminated.
 2581 0000 80B4     		push	{r7}
 2582              	.LCFI184:
 2583              		.cfi_def_cfa_offset 4
 2584              		.cfi_offset 7, -4
 2585 0002 83B0     		sub	sp, sp, #12
 2586              	.LCFI185:
 2587              		.cfi_def_cfa_offset 16
 2588 0004 00AF     		add	r7, sp, #0
 2589              	.LCFI186:
 2590              		.cfi_def_cfa_register 7
 2591 0006 7860     		str	r0, [r7, #4]
 2592 0008 3960     		str	r1, [r7]
1413:../../../firmware/n32h7xx_std_periph_driver/src/n32h7xx_dsmu.c ****     /* Clear the selected DSMU watch dog flag */
1414:../../../firmware/n32h7xx_std_periph_driver/src/n32h7xx_dsmu.c ****     DSMU_Filterx->FLTAWDCLR = (DSMU_AwdFlagClear & DSMU_CLEAR_AWD_FLAG_ALL);
 2593              		.loc 1 1414 50
 2594 000a 3B68     		ldr	r3, [r7]
 2595 000c 9AB2     		uxth	r2, r3
 2596              		.loc 1 1414 29
 2597 000e 7B68     		ldr	r3, [r7, #4]
 2598 0010 DA62     		str	r2, [r3, #44]
1415:../../../firmware/n32h7xx_std_periph_driver/src/n32h7xx_dsmu.c **** }
 2599              		.loc 1 1415 1
 2600 0012 00BF     		nop
 2601 0014 0C37     		adds	r7, r7, #12
 2602              	.LCFI187:
 2603              		.cfi_def_cfa_offset 4
 2604 0016 BD46     		mov	sp, r7
 2605              	.LCFI188:
 2606              		.cfi_def_cfa_register 13
 2607              		@ sp needed
 2608 0018 80BC     		pop	{r7}
 2609              	.LCFI189:
 2610              		.cfi_restore 7
 2611              		.cfi_def_cfa_offset 0
 2612 001a 7047     		bx	lr
 2613              		.cfi_endproc
 2614              	.LFE167:
 2616              		.section	.text.DSMU_ConfigInt,"ax",%progbits
 2617              		.align	1
 2618              		.global	DSMU_ConfigInt
ARM GAS  /tmp/ccLNzWRO.s 			page 71


 2619              		.syntax unified
 2620              		.thumb
 2621              		.thumb_func
 2623              	DSMU_ConfigInt:
 2624              	.LFB168:
1416:../../../firmware/n32h7xx_std_periph_driver/src/n32h7xx_dsmu.c **** 
1417:../../../firmware/n32h7xx_std_periph_driver/src/n32h7xx_dsmu.c **** /**
1418:../../../firmware/n32h7xx_std_periph_driver/src/n32h7xx_dsmu.c **** *\*\name   DSMU_ConfigInt
1419:../../../firmware/n32h7xx_std_periph_driver/src/n32h7xx_dsmu.c **** *\*\fun    Enables or disables interrupt
1420:../../../firmware/n32h7xx_std_periph_driver/src/n32h7xx_dsmu.c **** *\*\param  DSMU_Filterx
1421:../../../firmware/n32h7xx_std_periph_driver/src/n32h7xx_dsmu.c **** *\*\          - DSMU_Filter0
1422:../../../firmware/n32h7xx_std_periph_driver/src/n32h7xx_dsmu.c **** *\*\          - DSMU_Filter1
1423:../../../firmware/n32h7xx_std_periph_driver/src/n32h7xx_dsmu.c **** *\*\          - DSMU_Filter2
1424:../../../firmware/n32h7xx_std_periph_driver/src/n32h7xx_dsmu.c **** *\*\          - DSMU_Filter3
1425:../../../firmware/n32h7xx_std_periph_driver/src/n32h7xx_dsmu.c **** *\*\param   DSMU_Int:
1426:../../../firmware/n32h7xx_std_periph_driver/src/n32h7xx_dsmu.c **** *\*\          This parameter must be one of the following:
1427:../../../firmware/n32h7xx_std_periph_driver/src/n32h7xx_dsmu.c **** *\*\          - DSMU_INT_CLOCK_ABSENCE
1428:../../../firmware/n32h7xx_std_periph_driver/src/n32h7xx_dsmu.c **** *\*\          - DSMU_INT_SHORT_CIRCUIT
1429:../../../firmware/n32h7xx_std_periph_driver/src/n32h7xx_dsmu.c **** *\*\          - DSMU_INT_ANALOG_WATCHDOG
1430:../../../firmware/n32h7xx_std_periph_driver/src/n32h7xx_dsmu.c **** *\*\          - DSMU_INT_REGULAR_OVERRUN
1431:../../../firmware/n32h7xx_std_periph_driver/src/n32h7xx_dsmu.c **** *\*\          - DSMU_INT_INJECT_OVERRUN
1432:../../../firmware/n32h7xx_std_periph_driver/src/n32h7xx_dsmu.c **** *\*\          - DSMU_INT_REGULAR_END
1433:../../../firmware/n32h7xx_std_periph_driver/src/n32h7xx_dsmu.c **** *\*\          - DSMU_INT_INJECT_END
1434:../../../firmware/n32h7xx_std_periph_driver/src/n32h7xx_dsmu.c **** *\*\param   Cmd :
1435:../../../firmware/n32h7xx_std_periph_driver/src/n32h7xx_dsmu.c **** *\*\          - ENABLE
1436:../../../firmware/n32h7xx_std_periph_driver/src/n32h7xx_dsmu.c **** *\*\          - DISABLE
1437:../../../firmware/n32h7xx_std_periph_driver/src/n32h7xx_dsmu.c **** *\*\return  none
1438:../../../firmware/n32h7xx_std_periph_driver/src/n32h7xx_dsmu.c **** *\*\note: DSMU_INT_CLOCK_ABSENCE and DSMU_INT_SHORT_CIRCUIT only exist in DSMU_Filter0->FLTCTRL2.
1439:../../../firmware/n32h7xx_std_periph_driver/src/n32h7xx_dsmu.c **** **/
1440:../../../firmware/n32h7xx_std_periph_driver/src/n32h7xx_dsmu.c **** void DSMU_ConfigInt(DSMU_Filter_Submodule* DSMU_Filterx,
1441:../../../firmware/n32h7xx_std_periph_driver/src/n32h7xx_dsmu.c ****                     uint32_t DSMU_Int, FunctionalState Cmd)
1442:../../../firmware/n32h7xx_std_periph_driver/src/n32h7xx_dsmu.c **** {
 2625              		.loc 1 1442 1
 2626              		.cfi_startproc
 2627              		@ args = 0, pretend = 0, frame = 24
 2628              		@ frame_needed = 1, uses_anonymous_args = 0
 2629              		@ link register save eliminated.
 2630 0000 80B4     		push	{r7}
 2631              	.LCFI190:
 2632              		.cfi_def_cfa_offset 4
 2633              		.cfi_offset 7, -4
 2634 0002 87B0     		sub	sp, sp, #28
 2635              	.LCFI191:
 2636              		.cfi_def_cfa_offset 32
 2637 0004 00AF     		add	r7, sp, #0
 2638              	.LCFI192:
 2639              		.cfi_def_cfa_register 7
 2640 0006 F860     		str	r0, [r7, #12]
 2641 0008 B960     		str	r1, [r7, #8]
 2642 000a 1346     		mov	r3, r2
 2643 000c FB71     		strb	r3, [r7, #7]
1443:../../../firmware/n32h7xx_std_periph_driver/src/n32h7xx_dsmu.c ****     __IO uint32_t *pCTRL2;
1444:../../../firmware/n32h7xx_std_periph_driver/src/n32h7xx_dsmu.c **** 
1445:../../../firmware/n32h7xx_std_periph_driver/src/n32h7xx_dsmu.c ****     if(DSMU_Int > DSMU_INT_ANALOG_WATCHDOG)
 2644              		.loc 1 1445 7
 2645 000e BB68     		ldr	r3, [r7, #8]
 2646 0010 102B     		cmp	r3, #16
ARM GAS  /tmp/ccLNzWRO.s 			page 72


 2647 0012 02D9     		bls	.L103
1446:../../../firmware/n32h7xx_std_periph_driver/src/n32h7xx_dsmu.c ****     {
1447:../../../firmware/n32h7xx_std_periph_driver/src/n32h7xx_dsmu.c ****         pCTRL2 = &(DSMU_Filter0->FLTCTRL2);
 2648              		.loc 1 1447 16
 2649 0014 0D4B     		ldr	r3, .L108
 2650 0016 7B61     		str	r3, [r7, #20]
 2651 0018 02E0     		b	.L104
 2652              	.L103:
1448:../../../firmware/n32h7xx_std_periph_driver/src/n32h7xx_dsmu.c ****     }
1449:../../../firmware/n32h7xx_std_periph_driver/src/n32h7xx_dsmu.c ****     else
1450:../../../firmware/n32h7xx_std_periph_driver/src/n32h7xx_dsmu.c ****     {
1451:../../../firmware/n32h7xx_std_periph_driver/src/n32h7xx_dsmu.c ****         pCTRL2 = &(DSMU_Filterx->FLTCTRL2);
 2653              		.loc 1 1451 16
 2654 001a FB68     		ldr	r3, [r7, #12]
 2655 001c 0433     		adds	r3, r3, #4
 2656 001e 7B61     		str	r3, [r7, #20]
 2657              	.L104:
1452:../../../firmware/n32h7xx_std_periph_driver/src/n32h7xx_dsmu.c ****     }
1453:../../../firmware/n32h7xx_std_periph_driver/src/n32h7xx_dsmu.c **** 
1454:../../../firmware/n32h7xx_std_periph_driver/src/n32h7xx_dsmu.c ****     if (Cmd != DISABLE)
 2658              		.loc 1 1454 8
 2659 0020 FB79     		ldrb	r3, [r7, #7]	@ zero_extendqisi2
 2660 0022 002B     		cmp	r3, #0
 2661 0024 06D0     		beq	.L105
1455:../../../firmware/n32h7xx_std_periph_driver/src/n32h7xx_dsmu.c ****     {
1456:../../../firmware/n32h7xx_std_periph_driver/src/n32h7xx_dsmu.c ****         /* Enable the Interrupt sources */
1457:../../../firmware/n32h7xx_std_periph_driver/src/n32h7xx_dsmu.c ****         *pCTRL2 |= DSMU_Int;
 2662              		.loc 1 1457 9
 2663 0026 7B69     		ldr	r3, [r7, #20]
 2664 0028 1A68     		ldr	r2, [r3]
 2665              		.loc 1 1457 17
 2666 002a BB68     		ldr	r3, [r7, #8]
 2667 002c 1A43     		orrs	r2, r2, r3
 2668 002e 7B69     		ldr	r3, [r7, #20]
 2669 0030 1A60     		str	r2, [r3]
1458:../../../firmware/n32h7xx_std_periph_driver/src/n32h7xx_dsmu.c ****     }
1459:../../../firmware/n32h7xx_std_periph_driver/src/n32h7xx_dsmu.c ****     else
1460:../../../firmware/n32h7xx_std_periph_driver/src/n32h7xx_dsmu.c ****     {
1461:../../../firmware/n32h7xx_std_periph_driver/src/n32h7xx_dsmu.c ****         /* Disable the Interrupt sources */
1462:../../../firmware/n32h7xx_std_periph_driver/src/n32h7xx_dsmu.c ****         *pCTRL2 &= (~DSMU_Int);
1463:../../../firmware/n32h7xx_std_periph_driver/src/n32h7xx_dsmu.c ****     }
1464:../../../firmware/n32h7xx_std_periph_driver/src/n32h7xx_dsmu.c **** }
 2670              		.loc 1 1464 1
 2671 0032 06E0     		b	.L107
 2672              	.L105:
1462:../../../firmware/n32h7xx_std_periph_driver/src/n32h7xx_dsmu.c ****     }
 2673              		.loc 1 1462 9
 2674 0034 7B69     		ldr	r3, [r7, #20]
 2675 0036 1A68     		ldr	r2, [r3]
1462:../../../firmware/n32h7xx_std_periph_driver/src/n32h7xx_dsmu.c ****     }
 2676              		.loc 1 1462 21
 2677 0038 BB68     		ldr	r3, [r7, #8]
 2678 003a DB43     		mvns	r3, r3
1462:../../../firmware/n32h7xx_std_periph_driver/src/n32h7xx_dsmu.c ****     }
 2679              		.loc 1 1462 17
 2680 003c 1A40     		ands	r2, r2, r3
 2681 003e 7B69     		ldr	r3, [r7, #20]
ARM GAS  /tmp/ccLNzWRO.s 			page 73


 2682 0040 1A60     		str	r2, [r3]
 2683              	.L107:
 2684              		.loc 1 1464 1
 2685 0042 00BF     		nop
 2686 0044 1C37     		adds	r7, r7, #28
 2687              	.LCFI193:
 2688              		.cfi_def_cfa_offset 4
 2689 0046 BD46     		mov	sp, r7
 2690              	.LCFI194:
 2691              		.cfi_def_cfa_register 13
 2692              		@ sp needed
 2693 0048 80BC     		pop	{r7}
 2694              	.LCFI195:
 2695              		.cfi_restore 7
 2696              		.cfi_def_cfa_offset 0
 2697 004a 7047     		bx	lr
 2698              	.L109:
 2699              		.align	2
 2700              	.L108:
 2701 004c 04A10D40 		.word	1074635012
 2702              		.cfi_endproc
 2703              	.LFE168:
 2705              		.section	.text.DSMU_ConfigRegChDMA,"ax",%progbits
 2706              		.align	1
 2707              		.global	DSMU_ConfigRegChDMA
 2708              		.syntax unified
 2709              		.thumb
 2710              		.thumb_func
 2712              	DSMU_ConfigRegChDMA:
 2713              	.LFB169:
1465:../../../firmware/n32h7xx_std_periph_driver/src/n32h7xx_dsmu.c **** 
1466:../../../firmware/n32h7xx_std_periph_driver/src/n32h7xx_dsmu.c **** /**
1467:../../../firmware/n32h7xx_std_periph_driver/src/n32h7xx_dsmu.c **** *\*\name    DSMU_ConfigRegChDMA
1468:../../../firmware/n32h7xx_std_periph_driver/src/n32h7xx_dsmu.c **** *\*\fun     Enables or disables regular channel DMA
1469:../../../firmware/n32h7xx_std_periph_driver/src/n32h7xx_dsmu.c **** *\*\param  DSMU_Filterx
1470:../../../firmware/n32h7xx_std_periph_driver/src/n32h7xx_dsmu.c **** *\*\          - DSMU_Filter0
1471:../../../firmware/n32h7xx_std_periph_driver/src/n32h7xx_dsmu.c **** *\*\          - DSMU_Filter1
1472:../../../firmware/n32h7xx_std_periph_driver/src/n32h7xx_dsmu.c **** *\*\          - DSMU_Filter2
1473:../../../firmware/n32h7xx_std_periph_driver/src/n32h7xx_dsmu.c **** *\*\          - DSMU_Filter3
1474:../../../firmware/n32h7xx_std_periph_driver/src/n32h7xx_dsmu.c **** *\*\param   Cmd :
1475:../../../firmware/n32h7xx_std_periph_driver/src/n32h7xx_dsmu.c **** *\*\          - ENABLE
1476:../../../firmware/n32h7xx_std_periph_driver/src/n32h7xx_dsmu.c **** *\*\          - DISABLE
1477:../../../firmware/n32h7xx_std_periph_driver/src/n32h7xx_dsmu.c **** *\*\return  none
1478:../../../firmware/n32h7xx_std_periph_driver/src/n32h7xx_dsmu.c **** **/
1479:../../../firmware/n32h7xx_std_periph_driver/src/n32h7xx_dsmu.c **** void DSMU_ConfigRegChDMA(DSMU_Filter_Submodule* DSMU_Filterx, FunctionalState Cmd)
1480:../../../firmware/n32h7xx_std_periph_driver/src/n32h7xx_dsmu.c **** {
 2714              		.loc 1 1480 1
 2715              		.cfi_startproc
 2716              		@ args = 0, pretend = 0, frame = 8
 2717              		@ frame_needed = 1, uses_anonymous_args = 0
 2718              		@ link register save eliminated.
 2719 0000 80B4     		push	{r7}
 2720              	.LCFI196:
 2721              		.cfi_def_cfa_offset 4
 2722              		.cfi_offset 7, -4
 2723 0002 83B0     		sub	sp, sp, #12
 2724              	.LCFI197:
ARM GAS  /tmp/ccLNzWRO.s 			page 74


 2725              		.cfi_def_cfa_offset 16
 2726 0004 00AF     		add	r7, sp, #0
 2727              	.LCFI198:
 2728              		.cfi_def_cfa_register 7
 2729 0006 7860     		str	r0, [r7, #4]
 2730 0008 0B46     		mov	r3, r1
 2731 000a FB70     		strb	r3, [r7, #3]
1481:../../../firmware/n32h7xx_std_periph_driver/src/n32h7xx_dsmu.c ****     if (Cmd != DISABLE)
 2732              		.loc 1 1481 8
 2733 000c FB78     		ldrb	r3, [r7, #3]	@ zero_extendqisi2
 2734 000e 002B     		cmp	r3, #0
 2735 0010 06D0     		beq	.L111
1482:../../../firmware/n32h7xx_std_periph_driver/src/n32h7xx_dsmu.c ****     {
1483:../../../firmware/n32h7xx_std_periph_driver/src/n32h7xx_dsmu.c ****         /* Enable the Interrupt sources */
1484:../../../firmware/n32h7xx_std_periph_driver/src/n32h7xx_dsmu.c ****         DSMU_Filterx->FLTCTRL1 |= DSMU_FLTXCTRL1_RDMAEN;
 2736              		.loc 1 1484 21
 2737 0012 7B68     		ldr	r3, [r7, #4]
 2738 0014 1B68     		ldr	r3, [r3]
 2739              		.loc 1 1484 32
 2740 0016 43F40012 		orr	r2, r3, #2097152
 2741 001a 7B68     		ldr	r3, [r7, #4]
 2742 001c 1A60     		str	r2, [r3]
1485:../../../firmware/n32h7xx_std_periph_driver/src/n32h7xx_dsmu.c ****     }
1486:../../../firmware/n32h7xx_std_periph_driver/src/n32h7xx_dsmu.c ****     else
1487:../../../firmware/n32h7xx_std_periph_driver/src/n32h7xx_dsmu.c ****     {
1488:../../../firmware/n32h7xx_std_periph_driver/src/n32h7xx_dsmu.c ****         /* Disable the Interrupt sources */
1489:../../../firmware/n32h7xx_std_periph_driver/src/n32h7xx_dsmu.c ****         DSMU_Filterx->FLTCTRL1 &= (~DSMU_FLTXCTRL1_RDMAEN);
1490:../../../firmware/n32h7xx_std_periph_driver/src/n32h7xx_dsmu.c ****     }
1491:../../../firmware/n32h7xx_std_periph_driver/src/n32h7xx_dsmu.c **** }
 2743              		.loc 1 1491 1
 2744 001e 05E0     		b	.L113
 2745              	.L111:
1489:../../../firmware/n32h7xx_std_periph_driver/src/n32h7xx_dsmu.c ****     }
 2746              		.loc 1 1489 21
 2747 0020 7B68     		ldr	r3, [r7, #4]
 2748 0022 1B68     		ldr	r3, [r3]
1489:../../../firmware/n32h7xx_std_periph_driver/src/n32h7xx_dsmu.c ****     }
 2749              		.loc 1 1489 32
 2750 0024 23F40012 		bic	r2, r3, #2097152
 2751 0028 7B68     		ldr	r3, [r7, #4]
 2752 002a 1A60     		str	r2, [r3]
 2753              	.L113:
 2754              		.loc 1 1491 1
 2755 002c 00BF     		nop
 2756 002e 0C37     		adds	r7, r7, #12
 2757              	.LCFI199:
 2758              		.cfi_def_cfa_offset 4
 2759 0030 BD46     		mov	sp, r7
 2760              	.LCFI200:
 2761              		.cfi_def_cfa_register 13
 2762              		@ sp needed
 2763 0032 80BC     		pop	{r7}
 2764              	.LCFI201:
 2765              		.cfi_restore 7
 2766              		.cfi_def_cfa_offset 0
 2767 0034 7047     		bx	lr
 2768              		.cfi_endproc
ARM GAS  /tmp/ccLNzWRO.s 			page 75


 2769              	.LFE169:
 2771              		.section	.text.DSMU_ConfigInjChDMA,"ax",%progbits
 2772              		.align	1
 2773              		.global	DSMU_ConfigInjChDMA
 2774              		.syntax unified
 2775              		.thumb
 2776              		.thumb_func
 2778              	DSMU_ConfigInjChDMA:
 2779              	.LFB170:
1492:../../../firmware/n32h7xx_std_periph_driver/src/n32h7xx_dsmu.c **** 
1493:../../../firmware/n32h7xx_std_periph_driver/src/n32h7xx_dsmu.c **** /**
1494:../../../firmware/n32h7xx_std_periph_driver/src/n32h7xx_dsmu.c **** *\*\name    DSMU_ConfigInjChDMA
1495:../../../firmware/n32h7xx_std_periph_driver/src/n32h7xx_dsmu.c **** *\*\fun     Enables or disables injected channel DMA
1496:../../../firmware/n32h7xx_std_periph_driver/src/n32h7xx_dsmu.c **** *\*\param  DSMU_Filterx
1497:../../../firmware/n32h7xx_std_periph_driver/src/n32h7xx_dsmu.c **** *\*\          - DSMU_Filter0
1498:../../../firmware/n32h7xx_std_periph_driver/src/n32h7xx_dsmu.c **** *\*\          - DSMU_Filter1
1499:../../../firmware/n32h7xx_std_periph_driver/src/n32h7xx_dsmu.c **** *\*\          - DSMU_Filter2
1500:../../../firmware/n32h7xx_std_periph_driver/src/n32h7xx_dsmu.c **** *\*\          - DSMU_Filter3
1501:../../../firmware/n32h7xx_std_periph_driver/src/n32h7xx_dsmu.c **** *\*\param   Cmd :
1502:../../../firmware/n32h7xx_std_periph_driver/src/n32h7xx_dsmu.c **** *\*\          - ENABLE
1503:../../../firmware/n32h7xx_std_periph_driver/src/n32h7xx_dsmu.c **** *\*\          - DISABLE
1504:../../../firmware/n32h7xx_std_periph_driver/src/n32h7xx_dsmu.c **** *\*\return  none
1505:../../../firmware/n32h7xx_std_periph_driver/src/n32h7xx_dsmu.c **** **/
1506:../../../firmware/n32h7xx_std_periph_driver/src/n32h7xx_dsmu.c **** void DSMU_ConfigInjChDMA(DSMU_Filter_Submodule* DSMU_Filterx, FunctionalState Cmd)
1507:../../../firmware/n32h7xx_std_periph_driver/src/n32h7xx_dsmu.c **** {
 2780              		.loc 1 1507 1
 2781              		.cfi_startproc
 2782              		@ args = 0, pretend = 0, frame = 8
 2783              		@ frame_needed = 1, uses_anonymous_args = 0
 2784              		@ link register save eliminated.
 2785 0000 80B4     		push	{r7}
 2786              	.LCFI202:
 2787              		.cfi_def_cfa_offset 4
 2788              		.cfi_offset 7, -4
 2789 0002 83B0     		sub	sp, sp, #12
 2790              	.LCFI203:
 2791              		.cfi_def_cfa_offset 16
 2792 0004 00AF     		add	r7, sp, #0
 2793              	.LCFI204:
 2794              		.cfi_def_cfa_register 7
 2795 0006 7860     		str	r0, [r7, #4]
 2796 0008 0B46     		mov	r3, r1
 2797 000a FB70     		strb	r3, [r7, #3]
1508:../../../firmware/n32h7xx_std_periph_driver/src/n32h7xx_dsmu.c ****     if (Cmd != DISABLE)
 2798              		.loc 1 1508 8
 2799 000c FB78     		ldrb	r3, [r7, #3]	@ zero_extendqisi2
 2800 000e 002B     		cmp	r3, #0
 2801 0010 06D0     		beq	.L115
1509:../../../firmware/n32h7xx_std_periph_driver/src/n32h7xx_dsmu.c ****     {
1510:../../../firmware/n32h7xx_std_periph_driver/src/n32h7xx_dsmu.c ****         /* Enable the Interrupt sources */
1511:../../../firmware/n32h7xx_std_periph_driver/src/n32h7xx_dsmu.c ****         DSMU_Filterx->FLTCTRL1 |= DSMU_FLTXCTRL1_JDMAEN;
 2802              		.loc 1 1511 21
 2803 0012 7B68     		ldr	r3, [r7, #4]
 2804 0014 1B68     		ldr	r3, [r3]
 2805              		.loc 1 1511 32
 2806 0016 43F02002 		orr	r2, r3, #32
 2807 001a 7B68     		ldr	r3, [r7, #4]
ARM GAS  /tmp/ccLNzWRO.s 			page 76


 2808 001c 1A60     		str	r2, [r3]
1512:../../../firmware/n32h7xx_std_periph_driver/src/n32h7xx_dsmu.c ****     }
1513:../../../firmware/n32h7xx_std_periph_driver/src/n32h7xx_dsmu.c ****     else
1514:../../../firmware/n32h7xx_std_periph_driver/src/n32h7xx_dsmu.c ****     {
1515:../../../firmware/n32h7xx_std_periph_driver/src/n32h7xx_dsmu.c ****         /* Disable the Interrupt sources */
1516:../../../firmware/n32h7xx_std_periph_driver/src/n32h7xx_dsmu.c ****         DSMU_Filterx->FLTCTRL1 &= (~DSMU_FLTXCTRL1_JDMAEN);
1517:../../../firmware/n32h7xx_std_periph_driver/src/n32h7xx_dsmu.c ****     }
1518:../../../firmware/n32h7xx_std_periph_driver/src/n32h7xx_dsmu.c **** }
 2809              		.loc 1 1518 1
 2810 001e 05E0     		b	.L117
 2811              	.L115:
1516:../../../firmware/n32h7xx_std_periph_driver/src/n32h7xx_dsmu.c ****     }
 2812              		.loc 1 1516 21
 2813 0020 7B68     		ldr	r3, [r7, #4]
 2814 0022 1B68     		ldr	r3, [r3]
1516:../../../firmware/n32h7xx_std_periph_driver/src/n32h7xx_dsmu.c ****     }
 2815              		.loc 1 1516 32
 2816 0024 23F02002 		bic	r2, r3, #32
 2817 0028 7B68     		ldr	r3, [r7, #4]
 2818 002a 1A60     		str	r2, [r3]
 2819              	.L117:
 2820              		.loc 1 1518 1
 2821 002c 00BF     		nop
 2822 002e 0C37     		adds	r7, r7, #12
 2823              	.LCFI205:
 2824              		.cfi_def_cfa_offset 4
 2825 0030 BD46     		mov	sp, r7
 2826              	.LCFI206:
 2827              		.cfi_def_cfa_register 13
 2828              		@ sp needed
 2829 0032 80BC     		pop	{r7}
 2830              	.LCFI207:
 2831              		.cfi_restore 7
 2832              		.cfi_def_cfa_offset 0
 2833 0034 7047     		bx	lr
 2834              		.cfi_endproc
 2835              	.LFE170:
 2837              		.section	.text.DSMU_GetChannelNumber,"ax",%progbits
 2838              		.align	1
 2839              		.syntax unified
 2840              		.thumb
 2841              		.thumb_func
 2843              	DSMU_GetChannelNumber:
 2844              	.LFB171:
1519:../../../firmware/n32h7xx_std_periph_driver/src/n32h7xx_dsmu.c **** 
1520:../../../firmware/n32h7xx_std_periph_driver/src/n32h7xx_dsmu.c **** /**
1521:../../../firmware/n32h7xx_std_periph_driver/src/n32h7xx_dsmu.c **** *\*\fun  This function allows to get the channel number from channel instance.
1522:../../../firmware/n32h7xx_std_periph_driver/src/n32h7xx_dsmu.c **** *\*\param  DSMU_Channely
1523:../../../firmware/n32h7xx_std_periph_driver/src/n32h7xx_dsmu.c **** *\*\          - DSMU_Channel0
1524:../../../firmware/n32h7xx_std_periph_driver/src/n32h7xx_dsmu.c **** *\*\          - DSMU_Channel1
1525:../../../firmware/n32h7xx_std_periph_driver/src/n32h7xx_dsmu.c **** *\*\          - DSMU_Channel2
1526:../../../firmware/n32h7xx_std_periph_driver/src/n32h7xx_dsmu.c **** *\*\          - DSMU_Channel3
1527:../../../firmware/n32h7xx_std_periph_driver/src/n32h7xx_dsmu.c **** *\*\          - DSMU_Channel4
1528:../../../firmware/n32h7xx_std_periph_driver/src/n32h7xx_dsmu.c **** *\*\          - DSMU_Channel5
1529:../../../firmware/n32h7xx_std_periph_driver/src/n32h7xx_dsmu.c **** *\*\          - DSMU_Channel6
1530:../../../firmware/n32h7xx_std_periph_driver/src/n32h7xx_dsmu.c **** *\*\          - DSMU_Channel7
1531:../../../firmware/n32h7xx_std_periph_driver/src/n32h7xx_dsmu.c **** *\*\return Channel number.
ARM GAS  /tmp/ccLNzWRO.s 			page 77


1532:../../../firmware/n32h7xx_std_periph_driver/src/n32h7xx_dsmu.c **** **/
1533:../../../firmware/n32h7xx_std_periph_driver/src/n32h7xx_dsmu.c **** static uint32_t DSMU_GetChannelNumber(const DSMU_Channel_Submodule* DSMU_Channely)
1534:../../../firmware/n32h7xx_std_periph_driver/src/n32h7xx_dsmu.c **** {
 2845              		.loc 1 1534 1
 2846              		.cfi_startproc
 2847              		@ args = 0, pretend = 0, frame = 16
 2848              		@ frame_needed = 1, uses_anonymous_args = 0
 2849              		@ link register save eliminated.
 2850 0000 80B4     		push	{r7}
 2851              	.LCFI208:
 2852              		.cfi_def_cfa_offset 4
 2853              		.cfi_offset 7, -4
 2854 0002 85B0     		sub	sp, sp, #20
 2855              	.LCFI209:
 2856              		.cfi_def_cfa_offset 24
 2857 0004 00AF     		add	r7, sp, #0
 2858              	.LCFI210:
 2859              		.cfi_def_cfa_register 7
 2860 0006 7860     		str	r0, [r7, #4]
1535:../../../firmware/n32h7xx_std_periph_driver/src/n32h7xx_dsmu.c ****     uint32_t ChannelNum;
1536:../../../firmware/n32h7xx_std_periph_driver/src/n32h7xx_dsmu.c **** 
1537:../../../firmware/n32h7xx_std_periph_driver/src/n32h7xx_dsmu.c ****     /* Get channel from instance */
1538:../../../firmware/n32h7xx_std_periph_driver/src/n32h7xx_dsmu.c ****     if(DSMU_Channely == DSMU_Channel0)
 2861              		.loc 1 1538 7
 2862 0008 7B68     		ldr	r3, [r7, #4]
 2863 000a 1C4A     		ldr	r2, .L128
 2864 000c 9342     		cmp	r3, r2
 2865 000e 02D1     		bne	.L119
1539:../../../firmware/n32h7xx_std_periph_driver/src/n32h7xx_dsmu.c ****     {
1540:../../../firmware/n32h7xx_std_periph_driver/src/n32h7xx_dsmu.c ****         ChannelNum = 0;
 2866              		.loc 1 1540 20
 2867 0010 0023     		movs	r3, #0
 2868 0012 FB60     		str	r3, [r7, #12]
 2869 0014 2BE0     		b	.L120
 2870              	.L119:
1541:../../../firmware/n32h7xx_std_periph_driver/src/n32h7xx_dsmu.c ****     }
1542:../../../firmware/n32h7xx_std_periph_driver/src/n32h7xx_dsmu.c ****     else if(DSMU_Channely == DSMU_Channel1)
 2871              		.loc 1 1542 12
 2872 0016 7B68     		ldr	r3, [r7, #4]
 2873 0018 194A     		ldr	r2, .L128+4
 2874 001a 9342     		cmp	r3, r2
 2875 001c 02D1     		bne	.L121
1543:../../../firmware/n32h7xx_std_periph_driver/src/n32h7xx_dsmu.c ****     {
1544:../../../firmware/n32h7xx_std_periph_driver/src/n32h7xx_dsmu.c ****         ChannelNum = 1;
 2876              		.loc 1 1544 20
 2877 001e 0123     		movs	r3, #1
 2878 0020 FB60     		str	r3, [r7, #12]
 2879 0022 24E0     		b	.L120
 2880              	.L121:
1545:../../../firmware/n32h7xx_std_periph_driver/src/n32h7xx_dsmu.c ****     }
1546:../../../firmware/n32h7xx_std_periph_driver/src/n32h7xx_dsmu.c ****     else if(DSMU_Channely == DSMU_Channel2)
 2881              		.loc 1 1546 12
 2882 0024 7B68     		ldr	r3, [r7, #4]
 2883 0026 174A     		ldr	r2, .L128+8
 2884 0028 9342     		cmp	r3, r2
 2885 002a 02D1     		bne	.L122
1547:../../../firmware/n32h7xx_std_periph_driver/src/n32h7xx_dsmu.c ****     {
ARM GAS  /tmp/ccLNzWRO.s 			page 78


1548:../../../firmware/n32h7xx_std_periph_driver/src/n32h7xx_dsmu.c ****         ChannelNum = 2;
 2886              		.loc 1 1548 20
 2887 002c 0223     		movs	r3, #2
 2888 002e FB60     		str	r3, [r7, #12]
 2889 0030 1DE0     		b	.L120
 2890              	.L122:
1549:../../../firmware/n32h7xx_std_periph_driver/src/n32h7xx_dsmu.c ****     }
1550:../../../firmware/n32h7xx_std_periph_driver/src/n32h7xx_dsmu.c ****     else if(DSMU_Channely == DSMU_Channel3)
 2891              		.loc 1 1550 12
 2892 0032 7B68     		ldr	r3, [r7, #4]
 2893 0034 144A     		ldr	r2, .L128+12
 2894 0036 9342     		cmp	r3, r2
 2895 0038 02D1     		bne	.L123
1551:../../../firmware/n32h7xx_std_periph_driver/src/n32h7xx_dsmu.c ****     {
1552:../../../firmware/n32h7xx_std_periph_driver/src/n32h7xx_dsmu.c ****         ChannelNum = 3;
 2896              		.loc 1 1552 20
 2897 003a 0323     		movs	r3, #3
 2898 003c FB60     		str	r3, [r7, #12]
 2899 003e 16E0     		b	.L120
 2900              	.L123:
1553:../../../firmware/n32h7xx_std_periph_driver/src/n32h7xx_dsmu.c ****     }
1554:../../../firmware/n32h7xx_std_periph_driver/src/n32h7xx_dsmu.c ****     else if(DSMU_Channely == DSMU_Channel4)
 2901              		.loc 1 1554 12
 2902 0040 7B68     		ldr	r3, [r7, #4]
 2903 0042 124A     		ldr	r2, .L128+16
 2904 0044 9342     		cmp	r3, r2
 2905 0046 02D1     		bne	.L124
1555:../../../firmware/n32h7xx_std_periph_driver/src/n32h7xx_dsmu.c ****     {
1556:../../../firmware/n32h7xx_std_periph_driver/src/n32h7xx_dsmu.c ****         ChannelNum = 4;
 2906              		.loc 1 1556 20
 2907 0048 0423     		movs	r3, #4
 2908 004a FB60     		str	r3, [r7, #12]
 2909 004c 0FE0     		b	.L120
 2910              	.L124:
1557:../../../firmware/n32h7xx_std_periph_driver/src/n32h7xx_dsmu.c ****     }
1558:../../../firmware/n32h7xx_std_periph_driver/src/n32h7xx_dsmu.c ****     else if(DSMU_Channely == DSMU_Channel5)
 2911              		.loc 1 1558 12
 2912 004e 7B68     		ldr	r3, [r7, #4]
 2913 0050 0F4A     		ldr	r2, .L128+20
 2914 0052 9342     		cmp	r3, r2
 2915 0054 02D1     		bne	.L125
1559:../../../firmware/n32h7xx_std_periph_driver/src/n32h7xx_dsmu.c ****     {
1560:../../../firmware/n32h7xx_std_periph_driver/src/n32h7xx_dsmu.c ****         ChannelNum = 5;
 2916              		.loc 1 1560 20
 2917 0056 0523     		movs	r3, #5
 2918 0058 FB60     		str	r3, [r7, #12]
 2919 005a 08E0     		b	.L120
 2920              	.L125:
1561:../../../firmware/n32h7xx_std_periph_driver/src/n32h7xx_dsmu.c ****     }
1562:../../../firmware/n32h7xx_std_periph_driver/src/n32h7xx_dsmu.c ****     else if(DSMU_Channely == DSMU_Channel6)
 2921              		.loc 1 1562 12
 2922 005c 7B68     		ldr	r3, [r7, #4]
 2923 005e 0D4A     		ldr	r2, .L128+24
 2924 0060 9342     		cmp	r3, r2
 2925 0062 02D1     		bne	.L126
1563:../../../firmware/n32h7xx_std_periph_driver/src/n32h7xx_dsmu.c ****     {
1564:../../../firmware/n32h7xx_std_periph_driver/src/n32h7xx_dsmu.c ****         ChannelNum = 6;
ARM GAS  /tmp/ccLNzWRO.s 			page 79


 2926              		.loc 1 1564 20
 2927 0064 0623     		movs	r3, #6
 2928 0066 FB60     		str	r3, [r7, #12]
 2929 0068 01E0     		b	.L120
 2930              	.L126:
1565:../../../firmware/n32h7xx_std_periph_driver/src/n32h7xx_dsmu.c ****     }
1566:../../../firmware/n32h7xx_std_periph_driver/src/n32h7xx_dsmu.c ****     else /* DSMU_Channel7 */
1567:../../../firmware/n32h7xx_std_periph_driver/src/n32h7xx_dsmu.c ****     {
1568:../../../firmware/n32h7xx_std_periph_driver/src/n32h7xx_dsmu.c ****         ChannelNum = 7;
 2931              		.loc 1 1568 20
 2932 006a 0723     		movs	r3, #7
 2933 006c FB60     		str	r3, [r7, #12]
 2934              	.L120:
1569:../../../firmware/n32h7xx_std_periph_driver/src/n32h7xx_dsmu.c ****     }
1570:../../../firmware/n32h7xx_std_periph_driver/src/n32h7xx_dsmu.c **** 
1571:../../../firmware/n32h7xx_std_periph_driver/src/n32h7xx_dsmu.c ****     return ChannelNum;
 2935              		.loc 1 1571 12
 2936 006e FB68     		ldr	r3, [r7, #12]
1572:../../../firmware/n32h7xx_std_periph_driver/src/n32h7xx_dsmu.c **** }
 2937              		.loc 1 1572 1
 2938 0070 1846     		mov	r0, r3
 2939 0072 1437     		adds	r7, r7, #20
 2940              	.LCFI211:
 2941              		.cfi_def_cfa_offset 4
 2942 0074 BD46     		mov	sp, r7
 2943              	.LCFI212:
 2944              		.cfi_def_cfa_register 13
 2945              		@ sp needed
 2946 0076 80BC     		pop	{r7}
 2947              	.LCFI213:
 2948              		.cfi_restore 7
 2949              		.cfi_def_cfa_offset 0
 2950 0078 7047     		bx	lr
 2951              	.L129:
 2952 007a 00BF     		.align	2
 2953              	.L128:
 2954 007c 00A00D40 		.word	1074634752
 2955 0080 20A00D40 		.word	1074634784
 2956 0084 40A00D40 		.word	1074634816
 2957 0088 60A00D40 		.word	1074634848
 2958 008c 80A00D40 		.word	1074634880
 2959 0090 A0A00D40 		.word	1074634912
 2960 0094 C0A00D40 		.word	1074634944
 2961              		.cfi_endproc
 2962              	.LFE171:
 2964              		.text
 2965              	.Letext0:
 2966              		.file 2 "/usr/lib/gcc/arm-none-eabi/13.2.1/include/stdint.h"
 2967              		.file 3 "../../../firmware/CMSIS/device/n32h7xx.h"
 2968              		.file 4 "../../../firmware/n32h7xx_std_periph_driver/inc/n32h7xx_dsmu.h"
 2969              		.file 5 "../../../firmware/n32h7xx_std_periph_driver/inc/n32h7xx_rcc.h"
ARM GAS  /tmp/ccLNzWRO.s 			page 80


DEFINED SYMBOLS
                            *ABS*:00000000 n32h7xx_dsmu.c
     /tmp/ccLNzWRO.s:19     .bss.gDSMU_ChannelInitStatus:00000000 $d
     /tmp/ccLNzWRO.s:22     .bss.gDSMU_ChannelInitStatus:00000000 gDSMU_ChannelInitStatus
     /tmp/ccLNzWRO.s:25     .text.DSMU_DeInit:00000000 $t
     /tmp/ccLNzWRO.s:31     .text.DSMU_DeInit:00000000 DSMU_DeInit
     /tmp/ccLNzWRO.s:58     .text.DSMU_DeInit:00000018 $d
     /tmp/ccLNzWRO.s:63     .text.DSMU_ChannelInit:00000000 $t
     /tmp/ccLNzWRO.s:69     .text.DSMU_ChannelInit:00000000 DSMU_ChannelInit
     /tmp/ccLNzWRO.s:2843   .text.DSMU_GetChannelNumber:00000000 DSMU_GetChannelNumber
     /tmp/ccLNzWRO.s:302    .text.DSMU_ChannelInit:00000138 $d
     /tmp/ccLNzWRO.s:308    .text.DSMU_InitChannelStruct:00000000 $t
     /tmp/ccLNzWRO.s:314    .text.DSMU_InitChannelStruct:00000000 DSMU_InitChannelStruct
     /tmp/ccLNzWRO.s:398    .text.DSMU_ChannelDeInit:00000000 $t
     /tmp/ccLNzWRO.s:404    .text.DSMU_ChannelDeInit:00000000 DSMU_ChannelDeInit
     /tmp/ccLNzWRO.s:471    .text.DSMU_ChannelDeInit:0000004c $d
     /tmp/ccLNzWRO.s:477    .text.DSMU_ChannelCkAbEnable:00000000 $t
     /tmp/ccLNzWRO.s:483    .text.DSMU_ChannelCkAbEnable:00000000 DSMU_ChannelCkAbEnable
     /tmp/ccLNzWRO.s:526    .text.DSMU_ChannelCkAbDisable:00000000 $t
     /tmp/ccLNzWRO.s:532    .text.DSMU_ChannelCkAbDisable:00000000 DSMU_ChannelCkAbDisable
     /tmp/ccLNzWRO.s:584    .text.DSMU_ChannelCkAbDisable:00000034 $d
     /tmp/ccLNzWRO.s:589    .text.DSMU_ChannelScdStart:00000000 $t
     /tmp/ccLNzWRO.s:595    .text.DSMU_ChannelScdStart:00000000 DSMU_ChannelScdStart
     /tmp/ccLNzWRO.s:663    .text.DSMU_ChannelScdStop:00000000 $t
     /tmp/ccLNzWRO.s:669    .text.DSMU_ChannelScdStop:00000000 DSMU_ChannelScdStop
     /tmp/ccLNzWRO.s:721    .text.DSMU_ChannelScdStop:00000034 $d
     /tmp/ccLNzWRO.s:726    .text.DSMU_ChannelGetAwdValue:00000000 $t
     /tmp/ccLNzWRO.s:732    .text.DSMU_ChannelGetAwdValue:00000000 DSMU_ChannelGetAwdValue
     /tmp/ccLNzWRO.s:773    .text.DSMU_ChannelModifyOffset:00000000 $t
     /tmp/ccLNzWRO.s:779    .text.DSMU_ChannelModifyOffset:00000000 DSMU_ChannelModifyOffset
     /tmp/ccLNzWRO.s:836    .text.DSMU_ChannelWriteData:00000000 $t
     /tmp/ccLNzWRO.s:842    .text.DSMU_ChannelWriteData:00000000 DSMU_ChannelWriteData
     /tmp/ccLNzWRO.s:883    .text.DSMU_FilterInit:00000000 $t
     /tmp/ccLNzWRO.s:889    .text.DSMU_FilterInit:00000000 DSMU_FilterInit
     /tmp/ccLNzWRO.s:1075   .text.DSMU_FilterInit:000000ec $d
     /tmp/ccLNzWRO.s:1081   .text.DSMU_InitFilterStruct:00000000 $t
     /tmp/ccLNzWRO.s:1087   .text.DSMU_InitFilterStruct:00000000 DSMU_InitFilterStruct
     /tmp/ccLNzWRO.s:1163   .text.DSMU_FilterEnable:00000000 $t
     /tmp/ccLNzWRO.s:1169   .text.DSMU_FilterEnable:00000000 DSMU_FilterEnable
     /tmp/ccLNzWRO.s:1229   .text.DSMU_FilterConfigRegChannel:00000000 $t
     /tmp/ccLNzWRO.s:1235   .text.DSMU_FilterConfigRegChannel:00000000 DSMU_FilterConfigRegChannel
     /tmp/ccLNzWRO.s:1294   .text.DSMU_FilterConfigInjChannel:00000000 $t
     /tmp/ccLNzWRO.s:1300   .text.DSMU_FilterConfigInjChannel:00000000 DSMU_FilterConfigInjChannel
     /tmp/ccLNzWRO.s:1343   .text.DSMU_FilterGetRegularValue:00000000 $t
     /tmp/ccLNzWRO.s:1349   .text.DSMU_FilterGetRegularValue:00000000 DSMU_FilterGetRegularValue
     /tmp/ccLNzWRO.s:1411   .text.DSMU_FilterGetInjectedValue:00000000 $t
     /tmp/ccLNzWRO.s:1417   .text.DSMU_FilterGetInjectedValue:00000000 DSMU_FilterGetInjectedValue
     /tmp/ccLNzWRO.s:1479   .text.DSMU_FilterAwdStart:00000000 $t
     /tmp/ccLNzWRO.s:1485   .text.DSMU_FilterAwdStart:00000000 DSMU_FilterAwdStart
     /tmp/ccLNzWRO.s:1614   .text.DSMU_FilterAwdStop:00000000 $t
     /tmp/ccLNzWRO.s:1620   .text.DSMU_FilterAwdStop:00000000 DSMU_FilterAwdStop
     /tmp/ccLNzWRO.s:1688   .text.DSMU_FilterExdStart:00000000 $t
     /tmp/ccLNzWRO.s:1694   .text.DSMU_FilterExdStart:00000000 DSMU_FilterExdStart
     /tmp/ccLNzWRO.s:1750   .text.DSMU_FilterExdStop:00000000 $t
     /tmp/ccLNzWRO.s:1756   .text.DSMU_FilterExdStop:00000000 DSMU_FilterExdStop
     /tmp/ccLNzWRO.s:1813   .text.DSMU_FilterGetExdMaxValue:00000000 $t
     /tmp/ccLNzWRO.s:1819   .text.DSMU_FilterGetExdMaxValue:00000000 DSMU_FilterGetExdMaxValue
ARM GAS  /tmp/ccLNzWRO.s 			page 81


     /tmp/ccLNzWRO.s:1881   .text.DSMU_FilterGetExdMinValue:00000000 $t
     /tmp/ccLNzWRO.s:1887   .text.DSMU_FilterGetExdMinValue:00000000 DSMU_FilterGetExdMinValue
     /tmp/ccLNzWRO.s:1949   .text.DSMU_FilterGetConvTimeValue:00000000 $t
     /tmp/ccLNzWRO.s:1955   .text.DSMU_FilterGetConvTimeValue:00000000 DSMU_FilterGetConvTimeValue
     /tmp/ccLNzWRO.s:2001   .text.DSMU_RegConvStart:00000000 $t
     /tmp/ccLNzWRO.s:2007   .text.DSMU_RegConvStart:00000000 DSMU_RegConvStart
     /tmp/ccLNzWRO.s:2091   .text.DSMU_RegConvStart:00000060 $d
     /tmp/ccLNzWRO.s:2096   .text.DSMU_RegConvStop:00000000 $t
     /tmp/ccLNzWRO.s:2102   .text.DSMU_RegConvStop:00000000 DSMU_RegConvStop
     /tmp/ccLNzWRO.s:2165   .text.DSMU_InjConvStart:00000000 $t
     /tmp/ccLNzWRO.s:2171   .text.DSMU_InjConvStart:00000000 DSMU_InjConvStart
     /tmp/ccLNzWRO.s:2274   .text.DSMU_InjConvStop:00000000 $t
     /tmp/ccLNzWRO.s:2280   .text.DSMU_InjConvStop:00000000 DSMU_InjConvStop
     /tmp/ccLNzWRO.s:2356   .text.DSMU_GetFlagStatus:00000000 $t
     /tmp/ccLNzWRO.s:2362   .text.DSMU_GetFlagStatus:00000000 DSMU_GetFlagStatus
     /tmp/ccLNzWRO.s:2432   .text.DSMU_GetFlagStatus:00000040 $d
     /tmp/ccLNzWRO.s:2437   .text.DSMU_ClearFlag:00000000 $t
     /tmp/ccLNzWRO.s:2443   .text.DSMU_ClearFlag:00000000 DSMU_ClearFlag
     /tmp/ccLNzWRO.s:2500   .text.DSMU_ClearFlag:00000034 $d
     /tmp/ccLNzWRO.s:2505   .text.DSMU_GetAwdFlagStatus:00000000 $t
     /tmp/ccLNzWRO.s:2511   .text.DSMU_GetAwdFlagStatus:00000000 DSMU_GetAwdFlagStatus
     /tmp/ccLNzWRO.s:2568   .text.DSMU_ClearAwdFlag:00000000 $t
     /tmp/ccLNzWRO.s:2574   .text.DSMU_ClearAwdFlag:00000000 DSMU_ClearAwdFlag
     /tmp/ccLNzWRO.s:2617   .text.DSMU_ConfigInt:00000000 $t
     /tmp/ccLNzWRO.s:2623   .text.DSMU_ConfigInt:00000000 DSMU_ConfigInt
     /tmp/ccLNzWRO.s:2701   .text.DSMU_ConfigInt:0000004c $d
     /tmp/ccLNzWRO.s:2706   .text.DSMU_ConfigRegChDMA:00000000 $t
     /tmp/ccLNzWRO.s:2712   .text.DSMU_ConfigRegChDMA:00000000 DSMU_ConfigRegChDMA
     /tmp/ccLNzWRO.s:2772   .text.DSMU_ConfigInjChDMA:00000000 $t
     /tmp/ccLNzWRO.s:2778   .text.DSMU_ConfigInjChDMA:00000000 DSMU_ConfigInjChDMA
     /tmp/ccLNzWRO.s:2838   .text.DSMU_GetChannelNumber:00000000 $t
     /tmp/ccLNzWRO.s:2954   .text.DSMU_GetChannelNumber:0000007c $d

UNDEFINED SYMBOLS
RCC_EnableAPB2PeriphReset2
