ARM GAS  /tmp/ccfokkoU.s 			page 1


   1              		.cpu cortex-m4
   2              		.arch armv7e-m
   3              		.fpu softvfp
   4              		.eabi_attribute 20, 1
   5              		.eabi_attribute 21, 1
   6              		.eabi_attribute 23, 3
   7              		.eabi_attribute 24, 1
   8              		.eabi_attribute 25, 1
   9              		.eabi_attribute 26, 1
  10              		.eabi_attribute 30, 6
  11              		.eabi_attribute 34, 1
  12              		.eabi_attribute 18, 4
  13              		.file	"n32h7xx_dma.c"
  14              		.text
  15              	.Ltext0:
  16              		.cfi_sections	.debug_frame
  17              		.file 1 "../../../firmware/n32h7xx_std_periph_driver/src/n32h7xx_dma.c"
  18              		.section	.text.DMA_ControllerCmd,"ax",%progbits
  19              		.align	1
  20              		.global	DMA_ControllerCmd
  21              		.syntax unified
  22              		.thumb
  23              		.thumb_func
  25              	DMA_ControllerCmd:
  26              	.LFB135:
   1:../../../firmware/n32h7xx_std_periph_driver/src/n32h7xx_dma.c **** /**
   2:../../../firmware/n32h7xx_std_periph_driver/src/n32h7xx_dma.c **** *     Copyright (c) 2025, Nations Technologies Inc.
   3:../../../firmware/n32h7xx_std_periph_driver/src/n32h7xx_dma.c **** *
   4:../../../firmware/n32h7xx_std_periph_driver/src/n32h7xx_dma.c **** *     All rights reserved.
   5:../../../firmware/n32h7xx_std_periph_driver/src/n32h7xx_dma.c **** *
   6:../../../firmware/n32h7xx_std_periph_driver/src/n32h7xx_dma.c **** *     This software is the exclusive property of Nations Technologies Inc. (Hereinafter
   7:../../../firmware/n32h7xx_std_periph_driver/src/n32h7xx_dma.c **** * referred to as NATIONS). This software, and the product of NATIONS described herein
   8:../../../firmware/n32h7xx_std_periph_driver/src/n32h7xx_dma.c **** * (Hereinafter referred to as the Product) are owned by NATIONS under the laws and treaties
   9:../../../firmware/n32h7xx_std_periph_driver/src/n32h7xx_dma.c **** * of the People's Republic of China and other applicable jurisdictions worldwide.
  10:../../../firmware/n32h7xx_std_periph_driver/src/n32h7xx_dma.c **** *
  11:../../../firmware/n32h7xx_std_periph_driver/src/n32h7xx_dma.c **** *     NATIONS does not grant any license under its patents, copyrights, trademarks, or other
  12:../../../firmware/n32h7xx_std_periph_driver/src/n32h7xx_dma.c **** * intellectual property rights. Names and brands of third party may be mentioned or referred
  13:../../../firmware/n32h7xx_std_periph_driver/src/n32h7xx_dma.c **** * thereto (if any) for identification purposes only.
  14:../../../firmware/n32h7xx_std_periph_driver/src/n32h7xx_dma.c **** *
  15:../../../firmware/n32h7xx_std_periph_driver/src/n32h7xx_dma.c **** *     NATIONS reserves the right to make changes, corrections, enhancements, modifications, and
  16:../../../firmware/n32h7xx_std_periph_driver/src/n32h7xx_dma.c **** * improvements to this software at any time without notice. Please contact NATIONS and obtain
  17:../../../firmware/n32h7xx_std_periph_driver/src/n32h7xx_dma.c **** * the latest version of this software before placing orders.
  18:../../../firmware/n32h7xx_std_periph_driver/src/n32h7xx_dma.c **** 
  19:../../../firmware/n32h7xx_std_periph_driver/src/n32h7xx_dma.c **** *     Although NATIONS has attempted to provide accurate and reliable information, NATIONS assumes
  20:../../../firmware/n32h7xx_std_periph_driver/src/n32h7xx_dma.c **** * no responsibility for the accuracy and reliability of this software.
  21:../../../firmware/n32h7xx_std_periph_driver/src/n32h7xx_dma.c **** *
  22:../../../firmware/n32h7xx_std_periph_driver/src/n32h7xx_dma.c **** *     It is the responsibility of the user of this software to properly design, program, and test
  23:../../../firmware/n32h7xx_std_periph_driver/src/n32h7xx_dma.c **** * the functionality and safety of any application made of this information and any resulting produc
  24:../../../firmware/n32h7xx_std_periph_driver/src/n32h7xx_dma.c **** * In no event shall NATIONS be liable for any direct, indirect, incidental, special,exemplary, or
  25:../../../firmware/n32h7xx_std_periph_driver/src/n32h7xx_dma.c **** * consequential damages arising in any way out of the use of this software or the Product.
  26:../../../firmware/n32h7xx_std_periph_driver/src/n32h7xx_dma.c **** *
  27:../../../firmware/n32h7xx_std_periph_driver/src/n32h7xx_dma.c **** *     NATIONS Products are neither intended nor warranted for usage in systems or equipment, any
  28:../../../firmware/n32h7xx_std_periph_driver/src/n32h7xx_dma.c **** * malfunction or failure of which may cause loss of human life, bodily injury or severe property
  29:../../../firmware/n32h7xx_std_periph_driver/src/n32h7xx_dma.c **** * damage. Such applications are deemed, "Insecure Usage".
  30:../../../firmware/n32h7xx_std_periph_driver/src/n32h7xx_dma.c **** *
  31:../../../firmware/n32h7xx_std_periph_driver/src/n32h7xx_dma.c **** *     All Insecure Usage shall be made at user's risk. User shall indemnify NATIONS and hold NATION
  32:../../../firmware/n32h7xx_std_periph_driver/src/n32h7xx_dma.c **** * harmless from and against all claims, costs, damages, and other liabilities, arising from or rela
ARM GAS  /tmp/ccfokkoU.s 			page 2


  33:../../../firmware/n32h7xx_std_periph_driver/src/n32h7xx_dma.c **** * to any customer's Insecure Usage.
  34:../../../firmware/n32h7xx_std_periph_driver/src/n32h7xx_dma.c **** 
  35:../../../firmware/n32h7xx_std_periph_driver/src/n32h7xx_dma.c **** *     Any express or implied warranty with regard to this software or the Product, including,but no
  36:../../../firmware/n32h7xx_std_periph_driver/src/n32h7xx_dma.c **** * limited to, the warranties of merchantability, fitness for a particular purpose and non-infringem
  37:../../../firmware/n32h7xx_std_periph_driver/src/n32h7xx_dma.c **** * are disclaimed to the fullest extent permitted by law.
  38:../../../firmware/n32h7xx_std_periph_driver/src/n32h7xx_dma.c **** 
  39:../../../firmware/n32h7xx_std_periph_driver/src/n32h7xx_dma.c **** *     Unless otherwise explicitly permitted by NATIONS, anyone may not duplicate, modify, transcrib
  40:../../../firmware/n32h7xx_std_periph_driver/src/n32h7xx_dma.c **** * or otherwise distribute this software for any purposes, in whole or in part.
  41:../../../firmware/n32h7xx_std_periph_driver/src/n32h7xx_dma.c **** *
  42:../../../firmware/n32h7xx_std_periph_driver/src/n32h7xx_dma.c **** *     NATIONS products and technologies shall not be used for or incorporated into any products or 
  43:../../../firmware/n32h7xx_std_periph_driver/src/n32h7xx_dma.c **** * whose manufacture, use, or sale is prohibited under any applicable domestic or foreign laws or re
  44:../../../firmware/n32h7xx_std_periph_driver/src/n32h7xx_dma.c **** * User shall comply with any applicable export control laws and regulations promulgated and adminis
  45:../../../firmware/n32h7xx_std_periph_driver/src/n32h7xx_dma.c **** * the governments of any countries asserting jurisdiction over the parties or transactions.
  46:../../../firmware/n32h7xx_std_periph_driver/src/n32h7xx_dma.c **** **/
  47:../../../firmware/n32h7xx_std_periph_driver/src/n32h7xx_dma.c **** 
  48:../../../firmware/n32h7xx_std_periph_driver/src/n32h7xx_dma.c **** /**
  49:../../../firmware/n32h7xx_std_periph_driver/src/n32h7xx_dma.c **** *\*\file n32h7xx_dma.c
  50:../../../firmware/n32h7xx_std_periph_driver/src/n32h7xx_dma.c **** *\*\author Nations
  51:../../../firmware/n32h7xx_std_periph_driver/src/n32h7xx_dma.c **** *\*\version v1.0.0
  52:../../../firmware/n32h7xx_std_periph_driver/src/n32h7xx_dma.c **** *\*\copyright Copyright (c) 2025, Nations Technologies Inc. All rights reserved.
  53:../../../firmware/n32h7xx_std_periph_driver/src/n32h7xx_dma.c **** **/
  54:../../../firmware/n32h7xx_std_periph_driver/src/n32h7xx_dma.c **** 
  55:../../../firmware/n32h7xx_std_periph_driver/src/n32h7xx_dma.c **** #include "n32h7xx_dma.h"
  56:../../../firmware/n32h7xx_std_periph_driver/src/n32h7xx_dma.c **** 
  57:../../../firmware/n32h7xx_std_periph_driver/src/n32h7xx_dma.c **** 
  58:../../../firmware/n32h7xx_std_periph_driver/src/n32h7xx_dma.c **** #define DMA_EVENT_MAX              (5U)
  59:../../../firmware/n32h7xx_std_periph_driver/src/n32h7xx_dma.c **** 
  60:../../../firmware/n32h7xx_std_periph_driver/src/n32h7xx_dma.c **** 
  61:../../../firmware/n32h7xx_std_periph_driver/src/n32h7xx_dma.c **** /**
  62:../../../firmware/n32h7xx_std_periph_driver/src/n32h7xx_dma.c **** *\*\name    DMA_ControllerCmd.
  63:../../../firmware/n32h7xx_std_periph_driver/src/n32h7xx_dma.c **** *\*\fun     Enable or disable DMA Controller peripheral.
  64:../../../firmware/n32h7xx_std_periph_driver/src/n32h7xx_dma.c **** *\*\param   DMAy (The input parameters must be the following values):
  65:../../../firmware/n32h7xx_std_periph_driver/src/n32h7xx_dma.c **** *\*\          - DMA1
  66:../../../firmware/n32h7xx_std_periph_driver/src/n32h7xx_dma.c **** *\*\          - DMA2
  67:../../../firmware/n32h7xx_std_periph_driver/src/n32h7xx_dma.c **** *\*\          - DMA3
  68:../../../firmware/n32h7xx_std_periph_driver/src/n32h7xx_dma.c **** *\*\param   Cmd (The input parameters must be the following values):
  69:../../../firmware/n32h7xx_std_periph_driver/src/n32h7xx_dma.c **** *\*\          - ENABLE
  70:../../../firmware/n32h7xx_std_periph_driver/src/n32h7xx_dma.c **** *\*\          - DISABLE
  71:../../../firmware/n32h7xx_std_periph_driver/src/n32h7xx_dma.c **** *\*\return  none
  72:../../../firmware/n32h7xx_std_periph_driver/src/n32h7xx_dma.c **** **/
  73:../../../firmware/n32h7xx_std_periph_driver/src/n32h7xx_dma.c **** void DMA_ControllerCmd(DMA_Module *const DMAy, FunctionalStatus Cmd)
  74:../../../firmware/n32h7xx_std_periph_driver/src/n32h7xx_dma.c **** {
  27              		.loc 1 74 1
  28              		.cfi_startproc
  29              		@ args = 0, pretend = 0, frame = 8
  30              		@ frame_needed = 1, uses_anonymous_args = 0
  31              		@ link register save eliminated.
  32 0000 80B4     		push	{r7}
  33              	.LCFI0:
  34              		.cfi_def_cfa_offset 4
  35              		.cfi_offset 7, -4
  36 0002 83B0     		sub	sp, sp, #12
  37              	.LCFI1:
  38              		.cfi_def_cfa_offset 16
  39 0004 00AF     		add	r7, sp, #0
  40              	.LCFI2:
  41              		.cfi_def_cfa_register 7
ARM GAS  /tmp/ccfokkoU.s 			page 3


  42 0006 7860     		str	r0, [r7, #4]
  43 0008 0B46     		mov	r3, r1
  44 000a FB70     		strb	r3, [r7, #3]
  75:../../../firmware/n32h7xx_std_periph_driver/src/n32h7xx_dma.c ****     if (Cmd != DISABLE)
  45              		.loc 1 75 8
  46 000c FB78     		ldrb	r3, [r7, #3]	@ zero_extendqisi2
  47 000e 002B     		cmp	r3, #0
  48 0010 08D0     		beq	.L2
  76:../../../firmware/n32h7xx_std_periph_driver/src/n32h7xx_dma.c ****     {
  77:../../../firmware/n32h7xx_std_periph_driver/src/n32h7xx_dma.c ****         /* Enable the DMA Controller */
  78:../../../firmware/n32h7xx_std_periph_driver/src/n32h7xx_dma.c ****         SET_BIT(DMAy->CFG, DMA_CFG_EN);
  49              		.loc 1 78 9
  50 0012 7B68     		ldr	r3, [r7, #4]
  51 0014 D3F89833 		ldr	r3, [r3, #920]
  52 0018 43F00102 		orr	r2, r3, #1
  53 001c 7B68     		ldr	r3, [r7, #4]
  54 001e C3F89823 		str	r2, [r3, #920]
  79:../../../firmware/n32h7xx_std_periph_driver/src/n32h7xx_dma.c ****     }
  80:../../../firmware/n32h7xx_std_periph_driver/src/n32h7xx_dma.c ****     else
  81:../../../firmware/n32h7xx_std_periph_driver/src/n32h7xx_dma.c ****     {
  82:../../../firmware/n32h7xx_std_periph_driver/src/n32h7xx_dma.c ****         /* Disable the DMA Controller */
  83:../../../firmware/n32h7xx_std_periph_driver/src/n32h7xx_dma.c ****         CLEAR_BIT(DMAy->CFG, DMA_CFG_EN);
  84:../../../firmware/n32h7xx_std_periph_driver/src/n32h7xx_dma.c ****     }
  85:../../../firmware/n32h7xx_std_periph_driver/src/n32h7xx_dma.c **** }
  55              		.loc 1 85 1
  56 0022 07E0     		b	.L4
  57              	.L2:
  83:../../../firmware/n32h7xx_std_periph_driver/src/n32h7xx_dma.c ****     }
  58              		.loc 1 83 9
  59 0024 7B68     		ldr	r3, [r7, #4]
  60 0026 D3F89833 		ldr	r3, [r3, #920]
  61 002a 23F00102 		bic	r2, r3, #1
  62 002e 7B68     		ldr	r3, [r7, #4]
  63 0030 C3F89823 		str	r2, [r3, #920]
  64              	.L4:
  65              		.loc 1 85 1
  66 0034 00BF     		nop
  67 0036 0C37     		adds	r7, r7, #12
  68              	.LCFI3:
  69              		.cfi_def_cfa_offset 4
  70 0038 BD46     		mov	sp, r7
  71              	.LCFI4:
  72              		.cfi_def_cfa_register 13
  73              		@ sp needed
  74 003a 80BC     		pop	{r7}
  75              	.LCFI5:
  76              		.cfi_restore 7
  77              		.cfi_def_cfa_offset 0
  78 003c 7047     		bx	lr
  79              		.cfi_endproc
  80              	.LFE135:
  82              		.section	.text.DMA_ControllerIsEnabled,"ax",%progbits
  83              		.align	1
  84              		.global	DMA_ControllerIsEnabled
  85              		.syntax unified
  86              		.thumb
  87              		.thumb_func
ARM GAS  /tmp/ccfokkoU.s 			page 4


  89              	DMA_ControllerIsEnabled:
  90              	.LFB136:
  86:../../../firmware/n32h7xx_std_periph_driver/src/n32h7xx_dma.c **** 
  87:../../../firmware/n32h7xx_std_periph_driver/src/n32h7xx_dma.c **** /**
  88:../../../firmware/n32h7xx_std_periph_driver/src/n32h7xx_dma.c **** *\*\name    DMA_ControllerIsEnabled.
  89:../../../firmware/n32h7xx_std_periph_driver/src/n32h7xx_dma.c **** *\*\fun     Check DMA Controller peripheral is enabled.
  90:../../../firmware/n32h7xx_std_periph_driver/src/n32h7xx_dma.c **** *\*\param   DMAy (The input parameters must be the following values):
  91:../../../firmware/n32h7xx_std_periph_driver/src/n32h7xx_dma.c **** *\*\          - DMA1
  92:../../../firmware/n32h7xx_std_periph_driver/src/n32h7xx_dma.c **** *\*\          - DMA2
  93:../../../firmware/n32h7xx_std_periph_driver/src/n32h7xx_dma.c **** *\*\          - DMA3
  94:../../../firmware/n32h7xx_std_periph_driver/src/n32h7xx_dma.c **** *\*\return  true or false
  95:../../../firmware/n32h7xx_std_periph_driver/src/n32h7xx_dma.c **** **/
  96:../../../firmware/n32h7xx_std_periph_driver/src/n32h7xx_dma.c **** bool DMA_ControllerIsEnabled(DMA_Module *const DMAy)
  97:../../../firmware/n32h7xx_std_periph_driver/src/n32h7xx_dma.c **** {
  91              		.loc 1 97 1
  92              		.cfi_startproc
  93              		@ args = 0, pretend = 0, frame = 16
  94              		@ frame_needed = 1, uses_anonymous_args = 0
  95              		@ link register save eliminated.
  96 0000 80B4     		push	{r7}
  97              	.LCFI6:
  98              		.cfi_def_cfa_offset 4
  99              		.cfi_offset 7, -4
 100 0002 85B0     		sub	sp, sp, #20
 101              	.LCFI7:
 102              		.cfi_def_cfa_offset 24
 103 0004 00AF     		add	r7, sp, #0
 104              	.LCFI8:
 105              		.cfi_def_cfa_register 7
 106 0006 7860     		str	r0, [r7, #4]
  98:../../../firmware/n32h7xx_std_periph_driver/src/n32h7xx_dma.c ****     bool ret;
  99:../../../firmware/n32h7xx_std_periph_driver/src/n32h7xx_dma.c ****     ret = READ_BIT(DMAy->CFG, DMA_CFG_EN) ? true : false;
 107              		.loc 1 99 11
 108 0008 7B68     		ldr	r3, [r7, #4]
 109 000a D3F89833 		ldr	r3, [r3, #920]
 110 000e 03F00103 		and	r3, r3, #1
 111              		.loc 1 99 9
 112 0012 002B     		cmp	r3, #0
 113 0014 14BF     		ite	ne
 114 0016 0123     		movne	r3, #1
 115 0018 0023     		moveq	r3, #0
 116 001a FB73     		strb	r3, [r7, #15]
 100:../../../firmware/n32h7xx_std_periph_driver/src/n32h7xx_dma.c ****     return ret;
 117              		.loc 1 100 12
 118 001c FB7B     		ldrb	r3, [r7, #15]	@ zero_extendqisi2
 101:../../../firmware/n32h7xx_std_periph_driver/src/n32h7xx_dma.c **** }
 119              		.loc 1 101 1
 120 001e 1846     		mov	r0, r3
 121 0020 1437     		adds	r7, r7, #20
 122              	.LCFI9:
 123              		.cfi_def_cfa_offset 4
 124 0022 BD46     		mov	sp, r7
 125              	.LCFI10:
 126              		.cfi_def_cfa_register 13
 127              		@ sp needed
 128 0024 80BC     		pop	{r7}
 129              	.LCFI11:
ARM GAS  /tmp/ccfokkoU.s 			page 5


 130              		.cfi_restore 7
 131              		.cfi_def_cfa_offset 0
 132 0026 7047     		bx	lr
 133              		.cfi_endproc
 134              	.LFE136:
 136              		.section	.text.DMA_ChannelCmd,"ax",%progbits
 137              		.align	1
 138              		.global	DMA_ChannelCmd
 139              		.syntax unified
 140              		.thumb
 141              		.thumb_func
 143              	DMA_ChannelCmd:
 144              	.LFB137:
 102:../../../firmware/n32h7xx_std_periph_driver/src/n32h7xx_dma.c **** 
 103:../../../firmware/n32h7xx_std_periph_driver/src/n32h7xx_dma.c **** /**
 104:../../../firmware/n32h7xx_std_periph_driver/src/n32h7xx_dma.c **** *\*\name    DMA_ChannelCmd.
 105:../../../firmware/n32h7xx_std_periph_driver/src/n32h7xx_dma.c **** *\*\fun     Enable or disable a DMA channel.
 106:../../../firmware/n32h7xx_std_periph_driver/src/n32h7xx_dma.c **** *\*\param   DMAy (The input parameters must be the following values):
 107:../../../firmware/n32h7xx_std_periph_driver/src/n32h7xx_dma.c **** *\*\          - DMA1
 108:../../../firmware/n32h7xx_std_periph_driver/src/n32h7xx_dma.c **** *\*\          - DMA2
 109:../../../firmware/n32h7xx_std_periph_driver/src/n32h7xx_dma.c **** *\*\          - DMA3
 110:../../../firmware/n32h7xx_std_periph_driver/src/n32h7xx_dma.c **** *\*\param   ChNum (The input parameters must be the following values):
 111:../../../firmware/n32h7xx_std_periph_driver/src/n32h7xx_dma.c **** *\*\          - DMA_CHANNEL_0
 112:../../../firmware/n32h7xx_std_periph_driver/src/n32h7xx_dma.c **** *\*\          - DMA_CHANNEL_1
 113:../../../firmware/n32h7xx_std_periph_driver/src/n32h7xx_dma.c **** *\*\          - DMA_CHANNEL_2
 114:../../../firmware/n32h7xx_std_periph_driver/src/n32h7xx_dma.c **** *\*\          - DMA_CHANNEL_3
 115:../../../firmware/n32h7xx_std_periph_driver/src/n32h7xx_dma.c **** *\*\          - DMA_CHANNEL_4
 116:../../../firmware/n32h7xx_std_periph_driver/src/n32h7xx_dma.c **** *\*\          - DMA_CHANNEL_5
 117:../../../firmware/n32h7xx_std_periph_driver/src/n32h7xx_dma.c **** *\*\          - DMA_CHANNEL_6
 118:../../../firmware/n32h7xx_std_periph_driver/src/n32h7xx_dma.c **** *\*\          - DMA_CHANNEL_7
 119:../../../firmware/n32h7xx_std_periph_driver/src/n32h7xx_dma.c **** *\*\param   Cmd (The input parameters must be the following values):
 120:../../../firmware/n32h7xx_std_periph_driver/src/n32h7xx_dma.c **** *\*\          - ENABLE
 121:../../../firmware/n32h7xx_std_periph_driver/src/n32h7xx_dma.c **** *\*\          - DISABLE
 122:../../../firmware/n32h7xx_std_periph_driver/src/n32h7xx_dma.c **** *\*\return  none
 123:../../../firmware/n32h7xx_std_periph_driver/src/n32h7xx_dma.c **** **/
 124:../../../firmware/n32h7xx_std_periph_driver/src/n32h7xx_dma.c **** void DMA_ChannelCmd(DMA_Module *const DMAy, DMA_ChNumType ChNum, FunctionalStatus Cmd)
 125:../../../firmware/n32h7xx_std_periph_driver/src/n32h7xx_dma.c **** {
 145              		.loc 1 125 1
 146              		.cfi_startproc
 147              		@ args = 0, pretend = 0, frame = 8
 148              		@ frame_needed = 1, uses_anonymous_args = 0
 149              		@ link register save eliminated.
 150 0000 80B4     		push	{r7}
 151              	.LCFI12:
 152              		.cfi_def_cfa_offset 4
 153              		.cfi_offset 7, -4
 154 0002 83B0     		sub	sp, sp, #12
 155              	.LCFI13:
 156              		.cfi_def_cfa_offset 16
 157 0004 00AF     		add	r7, sp, #0
 158              	.LCFI14:
 159              		.cfi_def_cfa_register 7
 160 0006 7860     		str	r0, [r7, #4]
 161 0008 0B46     		mov	r3, r1
 162 000a FB70     		strb	r3, [r7, #3]
 163 000c 1346     		mov	r3, r2
 164 000e BB70     		strb	r3, [r7, #2]
ARM GAS  /tmp/ccfokkoU.s 			page 6


 126:../../../firmware/n32h7xx_std_periph_driver/src/n32h7xx_dma.c ****     if (Cmd != DISABLE)
 165              		.loc 1 126 8
 166 0010 BB78     		ldrb	r3, [r7, #2]	@ zero_extendqisi2
 167 0012 002B     		cmp	r3, #0
 168 0014 07D0     		beq	.L8
 127:../../../firmware/n32h7xx_std_periph_driver/src/n32h7xx_dma.c ****     {
 128:../../../firmware/n32h7xx_std_periph_driver/src/n32h7xx_dma.c ****         /* Enable the DMA channel */
 129:../../../firmware/n32h7xx_std_periph_driver/src/n32h7xx_dma.c ****         WRITE_REG(DMAy->CHEN, (DMA_CH_ENABLE << ChNum));
 169              		.loc 1 129 9
 170 0016 FB78     		ldrb	r3, [r7, #3]	@ zero_extendqisi2
 171 0018 40F20112 		movw	r2, #257
 172 001c 9A40     		lsls	r2, r2, r3
 173 001e 7B68     		ldr	r3, [r7, #4]
 174 0020 C3F8A023 		str	r2, [r3, #928]
 130:../../../firmware/n32h7xx_std_periph_driver/src/n32h7xx_dma.c ****     }
 131:../../../firmware/n32h7xx_std_periph_driver/src/n32h7xx_dma.c ****     else
 132:../../../firmware/n32h7xx_std_periph_driver/src/n32h7xx_dma.c ****     {
 133:../../../firmware/n32h7xx_std_periph_driver/src/n32h7xx_dma.c ****         /* Disable the DMA channel */
 134:../../../firmware/n32h7xx_std_periph_driver/src/n32h7xx_dma.c ****         WRITE_REG(DMAy->CHEN, (DMA_CH_DISABLE << ChNum));
 135:../../../firmware/n32h7xx_std_periph_driver/src/n32h7xx_dma.c **** 
 136:../../../firmware/n32h7xx_std_periph_driver/src/n32h7xx_dma.c ****         while (READ_BIT((uint8_t)DMAy->CHEN, ((uint8_t)0x1U << ChNum)) != 0U)
 137:../../../firmware/n32h7xx_std_periph_driver/src/n32h7xx_dma.c ****         {
 138:../../../firmware/n32h7xx_std_periph_driver/src/n32h7xx_dma.c ****             /* Wait until channel is disabled */
 139:../../../firmware/n32h7xx_std_periph_driver/src/n32h7xx_dma.c ****         }
 140:../../../firmware/n32h7xx_std_periph_driver/src/n32h7xx_dma.c ****     }
 141:../../../firmware/n32h7xx_std_periph_driver/src/n32h7xx_dma.c **** }
 175              		.loc 1 141 1
 176 0024 13E0     		b	.L11
 177              	.L8:
 134:../../../firmware/n32h7xx_std_periph_driver/src/n32h7xx_dma.c **** 
 178              		.loc 1 134 9
 179 0026 FB78     		ldrb	r3, [r7, #3]	@ zero_extendqisi2
 180 0028 4FF48072 		mov	r2, #256
 181 002c 9A40     		lsls	r2, r2, r3
 182 002e 7B68     		ldr	r3, [r7, #4]
 183 0030 C3F8A023 		str	r2, [r3, #928]
 136:../../../firmware/n32h7xx_std_periph_driver/src/n32h7xx_dma.c ****         {
 184              		.loc 1 136 15
 185 0034 00BF     		nop
 186              	.L10:
 136:../../../firmware/n32h7xx_std_periph_driver/src/n32h7xx_dma.c ****         {
 187              		.loc 1 136 16 discriminator 1
 188 0036 7B68     		ldr	r3, [r7, #4]
 189 0038 D3F8A033 		ldr	r3, [r3, #928]
 190 003c DBB2     		uxtb	r3, r3
 191 003e 1A46     		mov	r2, r3
 136:../../../firmware/n32h7xx_std_periph_driver/src/n32h7xx_dma.c ****         {
 192              		.loc 1 136 72 discriminator 1
 193 0040 FB78     		ldrb	r3, [r7, #3]	@ zero_extendqisi2
 194 0042 42FA03F3 		asr	r3, r2, r3
 195 0046 03F00103 		and	r3, r3, #1
 196 004a 002B     		cmp	r3, #0
 197 004c F3D1     		bne	.L10
 198              	.L11:
 199              		.loc 1 141 1
 200 004e 00BF     		nop
 201 0050 0C37     		adds	r7, r7, #12
ARM GAS  /tmp/ccfokkoU.s 			page 7


 202              	.LCFI15:
 203              		.cfi_def_cfa_offset 4
 204 0052 BD46     		mov	sp, r7
 205              	.LCFI16:
 206              		.cfi_def_cfa_register 13
 207              		@ sp needed
 208 0054 80BC     		pop	{r7}
 209              	.LCFI17:
 210              		.cfi_restore 7
 211              		.cfi_def_cfa_offset 0
 212 0056 7047     		bx	lr
 213              		.cfi_endproc
 214              	.LFE137:
 216              		.section	.text.DMA_ChannelIsEnabled,"ax",%progbits
 217              		.align	1
 218              		.global	DMA_ChannelIsEnabled
 219              		.syntax unified
 220              		.thumb
 221              		.thumb_func
 223              	DMA_ChannelIsEnabled:
 224              	.LFB138:
 142:../../../firmware/n32h7xx_std_periph_driver/src/n32h7xx_dma.c **** 
 143:../../../firmware/n32h7xx_std_periph_driver/src/n32h7xx_dma.c **** /**
 144:../../../firmware/n32h7xx_std_periph_driver/src/n32h7xx_dma.c **** *\*\name    DMA_ChannelIsEnabled.
 145:../../../firmware/n32h7xx_std_periph_driver/src/n32h7xx_dma.c **** *\*\fun     Check whether a DMA channel enabled.
 146:../../../firmware/n32h7xx_std_periph_driver/src/n32h7xx_dma.c **** *\*\param   DMAy (The input parameters must be the following values):
 147:../../../firmware/n32h7xx_std_periph_driver/src/n32h7xx_dma.c **** *\*\          - DMA1
 148:../../../firmware/n32h7xx_std_periph_driver/src/n32h7xx_dma.c **** *\*\          - DMA2
 149:../../../firmware/n32h7xx_std_periph_driver/src/n32h7xx_dma.c **** *\*\          - DMA3
 150:../../../firmware/n32h7xx_std_periph_driver/src/n32h7xx_dma.c **** *\*\param   ChNum (The input parameters must be the following values):
 151:../../../firmware/n32h7xx_std_periph_driver/src/n32h7xx_dma.c **** *\*\          - DMA_CHANNEL_0
 152:../../../firmware/n32h7xx_std_periph_driver/src/n32h7xx_dma.c **** *\*\          - DMA_CHANNEL_1
 153:../../../firmware/n32h7xx_std_periph_driver/src/n32h7xx_dma.c **** *\*\          - DMA_CHANNEL_2
 154:../../../firmware/n32h7xx_std_periph_driver/src/n32h7xx_dma.c **** *\*\          - DMA_CHANNEL_3
 155:../../../firmware/n32h7xx_std_periph_driver/src/n32h7xx_dma.c **** *\*\          - DMA_CHANNEL_4
 156:../../../firmware/n32h7xx_std_periph_driver/src/n32h7xx_dma.c **** *\*\          - DMA_CHANNEL_5
 157:../../../firmware/n32h7xx_std_periph_driver/src/n32h7xx_dma.c **** *\*\          - DMA_CHANNEL_6
 158:../../../firmware/n32h7xx_std_periph_driver/src/n32h7xx_dma.c **** *\*\          - DMA_CHANNEL_7
 159:../../../firmware/n32h7xx_std_periph_driver/src/n32h7xx_dma.c **** *\*\return  true or false
 160:../../../firmware/n32h7xx_std_periph_driver/src/n32h7xx_dma.c **** **/
 161:../../../firmware/n32h7xx_std_periph_driver/src/n32h7xx_dma.c **** bool DMA_ChannelIsEnabled(DMA_Module *const DMAy, DMA_ChNumType ChNum)
 162:../../../firmware/n32h7xx_std_periph_driver/src/n32h7xx_dma.c **** {
 225              		.loc 1 162 1
 226              		.cfi_startproc
 227              		@ args = 0, pretend = 0, frame = 16
 228              		@ frame_needed = 1, uses_anonymous_args = 0
 229              		@ link register save eliminated.
 230 0000 80B4     		push	{r7}
 231              	.LCFI18:
 232              		.cfi_def_cfa_offset 4
 233              		.cfi_offset 7, -4
 234 0002 85B0     		sub	sp, sp, #20
 235              	.LCFI19:
 236              		.cfi_def_cfa_offset 24
 237 0004 00AF     		add	r7, sp, #0
 238              	.LCFI20:
 239              		.cfi_def_cfa_register 7
ARM GAS  /tmp/ccfokkoU.s 			page 8


 240 0006 7860     		str	r0, [r7, #4]
 241 0008 0B46     		mov	r3, r1
 242 000a FB70     		strb	r3, [r7, #3]
 163:../../../firmware/n32h7xx_std_periph_driver/src/n32h7xx_dma.c ****     bool ret;
 164:../../../firmware/n32h7xx_std_periph_driver/src/n32h7xx_dma.c ****     ret = READ_BIT((uint8_t)DMAy->CHEN, ((uint8_t)0x1U << ChNum)) ? true : false;
 243              		.loc 1 164 11
 244 000c 7B68     		ldr	r3, [r7, #4]
 245 000e D3F8A033 		ldr	r3, [r3, #928]
 246 0012 DBB2     		uxtb	r3, r3
 247 0014 1A46     		mov	r2, r3
 248              		.loc 1 164 67
 249 0016 FB78     		ldrb	r3, [r7, #3]	@ zero_extendqisi2
 250 0018 42FA03F3 		asr	r3, r2, r3
 251 001c 03F00103 		and	r3, r3, #1
 252              		.loc 1 164 9
 253 0020 002B     		cmp	r3, #0
 254 0022 14BF     		ite	ne
 255 0024 0123     		movne	r3, #1
 256 0026 0023     		moveq	r3, #0
 257 0028 FB73     		strb	r3, [r7, #15]
 165:../../../firmware/n32h7xx_std_periph_driver/src/n32h7xx_dma.c ****     return ret;
 258              		.loc 1 165 12
 259 002a FB7B     		ldrb	r3, [r7, #15]	@ zero_extendqisi2
 166:../../../firmware/n32h7xx_std_periph_driver/src/n32h7xx_dma.c **** }
 260              		.loc 1 166 1
 261 002c 1846     		mov	r0, r3
 262 002e 1437     		adds	r7, r7, #20
 263              	.LCFI21:
 264              		.cfi_def_cfa_offset 4
 265 0030 BD46     		mov	sp, r7
 266              	.LCFI22:
 267              		.cfi_def_cfa_register 13
 268              		@ sp needed
 269 0032 80BC     		pop	{r7}
 270              	.LCFI23:
 271              		.cfi_restore 7
 272              		.cfi_def_cfa_offset 0
 273 0034 7047     		bx	lr
 274              		.cfi_endproc
 275              	.LFE138:
 277              		.section	.text.DMA_ChannelInit,"ax",%progbits
 278              		.align	1
 279              		.global	DMA_ChannelInit
 280              		.syntax unified
 281              		.thumb
 282              		.thumb_func
 284              	DMA_ChannelInit:
 285              	.LFB139:
 167:../../../firmware/n32h7xx_std_periph_driver/src/n32h7xx_dma.c **** 
 168:../../../firmware/n32h7xx_std_periph_driver/src/n32h7xx_dma.c **** /**
 169:../../../firmware/n32h7xx_std_periph_driver/src/n32h7xx_dma.c **** *\*\name    DMA_ChannelInit.
 170:../../../firmware/n32h7xx_std_periph_driver/src/n32h7xx_dma.c **** *\*\fun     Initialize a DMA channel with provided channel configuration.
 171:../../../firmware/n32h7xx_std_periph_driver/src/n32h7xx_dma.c **** *\*\        The function sets up the following channel configuration parameters for
 172:../../../firmware/n32h7xx_std_periph_driver/src/n32h7xx_dma.c **** *\*\        a DMA channel specified paramters like:
 173:../../../firmware/n32h7xx_std_periph_driver/src/n32h7xx_dma.c **** *\*\        Source and Destination addresses (and linked list address if required).
 174:../../../firmware/n32h7xx_std_periph_driver/src/n32h7xx_dma.c **** *\*\        Source and Destination handshake method as software/hardware selection.
 175:../../../firmware/n32h7xx_std_periph_driver/src/n32h7xx_dma.c **** *\*\        Scatter/gather configuration and transfer flow and transfer type.
ARM GAS  /tmp/ccfokkoU.s 			page 9


 176:../../../firmware/n32h7xx_std_periph_driver/src/n32h7xx_dma.c **** *\*\param   DMAy (The input parameters must be the following values):
 177:../../../firmware/n32h7xx_std_periph_driver/src/n32h7xx_dma.c **** *\*\          - DMA1
 178:../../../firmware/n32h7xx_std_periph_driver/src/n32h7xx_dma.c **** *\*\          - DMA2
 179:../../../firmware/n32h7xx_std_periph_driver/src/n32h7xx_dma.c **** *\*\          - DMA3
 180:../../../firmware/n32h7xx_std_periph_driver/src/n32h7xx_dma.c **** *\*\param   DMA_ChInitParam :
 181:../../../firmware/n32h7xx_std_periph_driver/src/n32h7xx_dma.c **** *\*\          - Pointer to the DMA_ChInitType structure which will be initialized.
 182:../../../firmware/n32h7xx_std_periph_driver/src/n32h7xx_dma.c **** *\*\param   ChNum (The input parameters must be the following values):
 183:../../../firmware/n32h7xx_std_periph_driver/src/n32h7xx_dma.c **** *\*\          - DMA_CHANNEL_0
 184:../../../firmware/n32h7xx_std_periph_driver/src/n32h7xx_dma.c **** *\*\          - DMA_CHANNEL_1
 185:../../../firmware/n32h7xx_std_periph_driver/src/n32h7xx_dma.c **** *\*\          - DMA_CHANNEL_2
 186:../../../firmware/n32h7xx_std_periph_driver/src/n32h7xx_dma.c **** *\*\          - DMA_CHANNEL_3
 187:../../../firmware/n32h7xx_std_periph_driver/src/n32h7xx_dma.c **** *\*\          - DMA_CHANNEL_4
 188:../../../firmware/n32h7xx_std_periph_driver/src/n32h7xx_dma.c **** *\*\          - DMA_CHANNEL_5
 189:../../../firmware/n32h7xx_std_periph_driver/src/n32h7xx_dma.c **** *\*\          - DMA_CHANNEL_6
 190:../../../firmware/n32h7xx_std_periph_driver/src/n32h7xx_dma.c **** *\*\          - DMA_CHANNEL_7
 191:../../../firmware/n32h7xx_std_periph_driver/src/n32h7xx_dma.c **** *\*\return  One of DMA_ChStatusType.
 192:../../../firmware/n32h7xx_std_periph_driver/src/n32h7xx_dma.c **** **/
 193:../../../firmware/n32h7xx_std_periph_driver/src/n32h7xx_dma.c **** DMA_ChStatusType DMA_ChannelInit(DMA_Module *const DMAy, DMA_ChInitType *const DMA_ChInitParam, DMA
 194:../../../firmware/n32h7xx_std_periph_driver/src/n32h7xx_dma.c **** {
 286              		.loc 1 194 1
 287              		.cfi_startproc
 288              		@ args = 0, pretend = 0, frame = 216
 289              		@ frame_needed = 1, uses_anonymous_args = 0
 290 0000 2DE9F04F 		push	{r4, r5, r6, r7, r8, r9, r10, fp, lr}
 291              	.LCFI24:
 292              		.cfi_def_cfa_offset 36
 293              		.cfi_offset 4, -36
 294              		.cfi_offset 5, -32
 295              		.cfi_offset 6, -28
 296              		.cfi_offset 7, -24
 297              		.cfi_offset 8, -20
 298              		.cfi_offset 9, -16
 299              		.cfi_offset 10, -12
 300              		.cfi_offset 11, -8
 301              		.cfi_offset 14, -4
 302 0004 B7B0     		sub	sp, sp, #220
 303              	.LCFI25:
 304              		.cfi_def_cfa_offset 256
 305 0006 00AF     		add	r7, sp, #0
 306              	.LCFI26:
 307              		.cfi_def_cfa_register 7
 308 0008 C7F8CC00 		str	r0, [r7, #204]
 309 000c C7F8C810 		str	r1, [r7, #200]
 310 0010 1346     		mov	r3, r2
 311 0012 87F8C730 		strb	r3, [r7, #199]
 195:../../../firmware/n32h7xx_std_periph_driver/src/n32h7xx_dma.c ****     uint32_t TempValue;
 196:../../../firmware/n32h7xx_std_periph_driver/src/n32h7xx_dma.c ****     DMA_ChStatusType RetStatus;
 197:../../../firmware/n32h7xx_std_periph_driver/src/n32h7xx_dma.c **** 
 198:../../../firmware/n32h7xx_std_periph_driver/src/n32h7xx_dma.c ****     /* Check whether the specified DMA controller is enabled */
 199:../../../firmware/n32h7xx_std_periph_driver/src/n32h7xx_dma.c ****     if (DMA_ControllerIsEnabled(DMAy) == ENABLE)
 312              		.loc 1 199 9
 313 0016 D7F8CC00 		ldr	r0, [r7, #204]
 314 001a FFF7FEFF 		bl	DMA_ControllerIsEnabled
 315 001e 0346     		mov	r3, r0
 316              		.loc 1 199 8 discriminator 1
 317 0020 002B     		cmp	r3, #0
 318 0022 00F03E83 		beq	.L15
ARM GAS  /tmp/ccfokkoU.s 			page 10


 200:../../../firmware/n32h7xx_std_periph_driver/src/n32h7xx_dma.c ****     {
 201:../../../firmware/n32h7xx_std_periph_driver/src/n32h7xx_dma.c ****         /* Checks whether the specified DMA channel is disabled */
 202:../../../firmware/n32h7xx_std_periph_driver/src/n32h7xx_dma.c ****         if (DMA_ChannelIsEnabled(DMAy, ChNum) == DISABLE)
 319              		.loc 1 202 13
 320 0026 97F8C730 		ldrb	r3, [r7, #199]	@ zero_extendqisi2
 321 002a 1946     		mov	r1, r3
 322 002c D7F8CC00 		ldr	r0, [r7, #204]
 323 0030 FFF7FEFF 		bl	DMA_ChannelIsEnabled
 324 0034 0346     		mov	r3, r0
 325              		.loc 1 202 47 discriminator 1
 326 0036 83F00103 		eor	r3, r3, #1
 327 003a DBB2     		uxtb	r3, r3
 328              		.loc 1 202 12 discriminator 1
 329 003c 002B     		cmp	r3, #0
 330 003e 00F02C83 		beq	.L16
 203:../../../firmware/n32h7xx_std_periph_driver/src/n32h7xx_dma.c ****         {
 204:../../../firmware/n32h7xx_std_periph_driver/src/n32h7xx_dma.c ****             /* Sets channel n source address register */
 205:../../../firmware/n32h7xx_std_periph_driver/src/n32h7xx_dma.c ****             WRITE_REG(DMAy->CH[ChNum].SA, DMA_ChInitParam->SrcAddr);
 331              		.loc 1 205 13
 332 0042 97F8C700 		ldrb	r0, [r7, #199]	@ zero_extendqisi2
 333 0046 D7F8C830 		ldr	r3, [r7, #200]
 334 004a 9968     		ldr	r1, [r3, #8]
 335 004c D7F8CC20 		ldr	r2, [r7, #204]
 336 0050 5823     		movs	r3, #88
 337 0052 00FB03F3 		mul	r3, r0, r3
 338 0056 1344     		add	r3, r3, r2
 339 0058 1960     		str	r1, [r3]
 206:../../../firmware/n32h7xx_std_periph_driver/src/n32h7xx_dma.c ****             /* Sets channel n destination address register */
 207:../../../firmware/n32h7xx_std_periph_driver/src/n32h7xx_dma.c ****             WRITE_REG(DMAy->CH[ChNum].DA, DMA_ChInitParam->DstAddr);
 340              		.loc 1 207 13
 341 005a 97F8C710 		ldrb	r1, [r7, #199]	@ zero_extendqisi2
 342 005e D7F8C830 		ldr	r3, [r7, #200]
 343 0062 D868     		ldr	r0, [r3, #12]
 344 0064 D7F8CC20 		ldr	r2, [r7, #204]
 345 0068 5823     		movs	r3, #88
 346 006a 01FB03F3 		mul	r3, r1, r3
 347 006e 1344     		add	r3, r3, r2
 348 0070 0833     		adds	r3, r3, #8
 349 0072 1860     		str	r0, [r3]
 208:../../../firmware/n32h7xx_std_periph_driver/src/n32h7xx_dma.c ****             /* Sets channel n linked list pointer register */
 209:../../../firmware/n32h7xx_std_periph_driver/src/n32h7xx_dma.c ****             WRITE_REG(DMAy->CH[ChNum].LLP, (uint32_t)DMA_ChInitParam->pLinkListItem);
 350              		.loc 1 209 13
 351 0074 D7F8C830 		ldr	r3, [r7, #200]
 352 0078 1B69     		ldr	r3, [r3, #16]
 353 007a 97F8C710 		ldrb	r1, [r7, #199]	@ zero_extendqisi2
 354 007e 1846     		mov	r0, r3
 355 0080 D7F8CC20 		ldr	r2, [r7, #204]
 356 0084 5823     		movs	r3, #88
 357 0086 01FB03F3 		mul	r3, r1, r3
 358 008a 1344     		add	r3, r3, r2
 359 008c 1033     		adds	r3, r3, #16
 360 008e 1860     		str	r0, [r3]
 210:../../../firmware/n32h7xx_std_periph_driver/src/n32h7xx_dma.c ****             /* Sets channel n control register */
 211:../../../firmware/n32h7xx_std_periph_driver/src/n32h7xx_dma.c ****             WRITE_REG(DMAy->CH[ChNum].CTRL, DMA_ChInitParam->ChCtrl);
 361              		.loc 1 211 13
 362 0090 97F8C740 		ldrb	r4, [r7, #199]	@ zero_extendqisi2
 363 0094 D7F8C830 		ldr	r3, [r7, #200]
ARM GAS  /tmp/ccfokkoU.s 			page 11


 364 0098 D3E90001 		ldrd	r0, [r3]
 365 009c D7F8CC20 		ldr	r2, [r7, #204]
 366 00a0 5823     		movs	r3, #88
 367 00a2 04FB03F3 		mul	r3, r4, r3
 368 00a6 1344     		add	r3, r3, r2
 369 00a8 1833     		adds	r3, r3, #24
 370 00aa C3E90001 		strd	r0, [r3]
 212:../../../firmware/n32h7xx_std_periph_driver/src/n32h7xx_dma.c **** 
 213:../../../firmware/n32h7xx_std_periph_driver/src/n32h7xx_dma.c ****             /* Sets channel n priority */
 214:../../../firmware/n32h7xx_std_periph_driver/src/n32h7xx_dma.c ****             MODIFY_REG(DMAy->CH[ChNum].CFG, DMA_CHNCFG_CHPRIOR, ((uint64_t)DMA_ChInitParam->Channel
 371              		.loc 1 214 13
 372 00ae 97F8C710 		ldrb	r1, [r7, #199]	@ zero_extendqisi2
 373 00b2 D7F8CC20 		ldr	r2, [r7, #204]
 374 00b6 5823     		movs	r3, #88
 375 00b8 01FB03F3 		mul	r3, r1, r3
 376 00bc 1344     		add	r3, r3, r2
 377 00be 4033     		adds	r3, r3, #64
 378 00c0 D3E90023 		ldrd	r2, [r3]
 379 00c4 22F0E00A 		bic	r10, r2, #224
 380 00c8 9B46     		mov	fp, r3
 381 00ca D7F8C830 		ldr	r3, [r7, #200]
 382 00ce 5B7F     		ldrb	r3, [r3, #29]	@ zero_extendqisi2
 383 00d0 DBB2     		uxtb	r3, r3
 384 00d2 0022     		movs	r2, #0
 385 00d4 9846     		mov	r8, r3
 386 00d6 9146     		mov	r9, r2
 387 00d8 4FF00002 		mov	r2, #0
 388 00dc 4FF00003 		mov	r3, #0
 389 00e0 4FEA4913 		lsl	r3, r9, #5
 390 00e4 43EAD863 		orr	r3, r3, r8, lsr #27
 391 00e8 4FEA4812 		lsl	r2, r8, #5
 392 00ec 97F8C710 		ldrb	r1, [r7, #199]	@ zero_extendqisi2
 393 00f0 4AEA0200 		orr	r0, r10, r2
 394 00f4 C7F8B800 		str	r0, [r7, #184]
 395 00f8 4BEA0303 		orr	r3, fp, r3
 396 00fc C7F8BC30 		str	r3, [r7, #188]
 397 0100 D7F8CC20 		ldr	r2, [r7, #204]
 398 0104 5823     		movs	r3, #88
 399 0106 01FB03F3 		mul	r3, r1, r3
 400 010a 1344     		add	r3, r3, r2
 401 010c 4033     		adds	r3, r3, #64
 402 010e D7E92E12 		ldrd	r1, [r7, #184]
 403 0112 C3E90012 		strd	r1, [r3]
 215:../../../firmware/n32h7xx_std_periph_driver/src/n32h7xx_dma.c ****             /* Sets channel n source handshaking interface polarity */
 216:../../../firmware/n32h7xx_std_periph_driver/src/n32h7xx_dma.c ****             MODIFY_REG(DMAy->CH[ChNum].CFG, DMA_CHNCFG_SRCHSPOL, ((uint64_t)DMA_ChInitParam->SrcHsI
 404              		.loc 1 216 13
 405 0116 97F8C710 		ldrb	r1, [r7, #199]	@ zero_extendqisi2
 406 011a D7F8CC20 		ldr	r2, [r7, #204]
 407 011e 5823     		movs	r3, #88
 408 0120 01FB03F3 		mul	r3, r1, r3
 409 0124 1344     		add	r3, r3, r2
 410 0126 4033     		adds	r3, r3, #64
 411 0128 D3E90023 		ldrd	r2, [r3]
 412 012c 22F40021 		bic	r1, r2, #524288
 413 0130 C7F8B010 		str	r1, [r7, #176]
 414 0134 C7F8B430 		str	r3, [r7, #180]
 415 0138 D7F8C830 		ldr	r3, [r7, #200]
ARM GAS  /tmp/ccfokkoU.s 			page 12


 416 013c 93F82030 		ldrb	r3, [r3, #32]	@ zero_extendqisi2
 417 0140 DBB2     		uxtb	r3, r3
 418 0142 0022     		movs	r2, #0
 419 0144 1D46     		mov	r5, r3
 420 0146 1646     		mov	r6, r2
 421 0148 4FF00002 		mov	r2, #0
 422 014c 4FF00003 		mov	r3, #0
 423 0150 F304     		lsls	r3, r6, #19
 424 0152 43EA5533 		orr	r3, r3, r5, lsr #13
 425 0156 EA04     		lsls	r2, r5, #19
 426 0158 97F8C710 		ldrb	r1, [r7, #199]	@ zero_extendqisi2
 427 015c D7E92C45 		ldrd	r4, [r7, #176]
 428 0160 2046     		mov	r0, r4
 429 0162 1043     		orrs	r0, r0, r2
 430 0164 C7F8A800 		str	r0, [r7, #168]
 431 0168 2846     		mov	r0, r5
 432 016a 1843     		orrs	r0, r0, r3
 433 016c C7F8AC00 		str	r0, [r7, #172]
 434 0170 D7F8CC20 		ldr	r2, [r7, #204]
 435 0174 5823     		movs	r3, #88
 436 0176 01FB03F3 		mul	r3, r1, r3
 437 017a 1344     		add	r3, r3, r2
 438 017c 4033     		adds	r3, r3, #64
 439 017e D7E92A12 		ldrd	r1, [r7, #168]
 440 0182 C3E90012 		strd	r1, [r3]
 217:../../../firmware/n32h7xx_std_periph_driver/src/n32h7xx_dma.c ****             /* Sets channel n destination handshaking interface polarity */
 218:../../../firmware/n32h7xx_std_periph_driver/src/n32h7xx_dma.c ****             MODIFY_REG(DMAy->CH[ChNum].CFG, DMA_CHNCFG_DSTHSPOL, ((uint64_t)DMA_ChInitParam->DstHsI
 441              		.loc 1 218 13
 442 0186 97F8C710 		ldrb	r1, [r7, #199]	@ zero_extendqisi2
 443 018a D7F8CC20 		ldr	r2, [r7, #204]
 444 018e 5823     		movs	r3, #88
 445 0190 01FB03F3 		mul	r3, r1, r3
 446 0194 1344     		add	r3, r3, r2
 447 0196 4033     		adds	r3, r3, #64
 448 0198 D3E90023 		ldrd	r2, [r3]
 449 019c 22F48021 		bic	r1, r2, #262144
 450 01a0 C7F8A010 		str	r1, [r7, #160]
 451 01a4 C7F8A430 		str	r3, [r7, #164]
 452 01a8 D7F8C830 		ldr	r3, [r7, #200]
 453 01ac 93F82330 		ldrb	r3, [r3, #35]	@ zero_extendqisi2
 454 01b0 DBB2     		uxtb	r3, r3
 455 01b2 0022     		movs	r2, #0
 456 01b4 C7F89830 		str	r3, [r7, #152]
 457 01b8 C7F89C20 		str	r2, [r7, #156]
 458 01bc 4FF00002 		mov	r2, #0
 459 01c0 4FF00003 		mov	r3, #0
 460 01c4 D7E92645 		ldrd	r4, [r7, #152]
 461 01c8 2946     		mov	r1, r5
 462 01ca 8B04     		lsls	r3, r1, #18
 463 01cc 2046     		mov	r0, r4
 464 01ce 2946     		mov	r1, r5
 465 01d0 0446     		mov	r4, r0
 466 01d2 43EA9433 		orr	r3, r3, r4, lsr #14
 467 01d6 0146     		mov	r1, r0
 468 01d8 8A04     		lsls	r2, r1, #18
 469 01da 97F8C710 		ldrb	r1, [r7, #199]	@ zero_extendqisi2
 470 01de D7E92845 		ldrd	r4, [r7, #160]
ARM GAS  /tmp/ccfokkoU.s 			page 13


 471 01e2 2046     		mov	r0, r4
 472 01e4 1043     		orrs	r0, r0, r2
 473 01e6 C7F89000 		str	r0, [r7, #144]
 474 01ea 2846     		mov	r0, r5
 475 01ec 1843     		orrs	r0, r0, r3
 476 01ee C7F89400 		str	r0, [r7, #148]
 477 01f2 D7F8CC20 		ldr	r2, [r7, #204]
 478 01f6 5823     		movs	r3, #88
 479 01f8 01FB03F3 		mul	r3, r1, r3
 480 01fc 1344     		add	r3, r3, r2
 481 01fe 4033     		adds	r3, r3, #64
 482 0200 D7E92412 		ldrd	r1, [r7, #144]
 483 0204 C3E90012 		strd	r1, [r3]
 219:../../../firmware/n32h7xx_std_periph_driver/src/n32h7xx_dma.c **** 
 220:../../../firmware/n32h7xx_std_periph_driver/src/n32h7xx_dma.c ****             /* Configure scatter and gather */
 221:../../../firmware/n32h7xx_std_periph_driver/src/n32h7xx_dma.c ****             if (DMA_ChInitParam->SrcGatherEn == (uint64_t)true)
 484              		.loc 1 221 46
 485 0208 D7F8C830 		ldr	r3, [r7, #200]
 486 020c 9B78     		ldrb	r3, [r3, #2]	@ zero_extendqisi2
 487 020e 03F00203 		and	r3, r3, #2
 488 0212 DBB2     		uxtb	r3, r3
 489              		.loc 1 221 16
 490 0214 002B     		cmp	r3, #0
 491 0216 0CD0     		beq	.L17
 222:../../../firmware/n32h7xx_std_periph_driver/src/n32h7xx_dma.c ****             {
 223:../../../firmware/n32h7xx_std_periph_driver/src/n32h7xx_dma.c ****                 /* Write the DMA_CHnSG register */
 224:../../../firmware/n32h7xx_std_periph_driver/src/n32h7xx_dma.c ****                 WRITE_REG(DMAy->CH[ChNum].SG, DMA_ChInitParam->SrcGatherCtrl);
 492              		.loc 1 224 17
 493 0218 97F8C710 		ldrb	r1, [r7, #199]	@ zero_extendqisi2
 494 021c D7F8C830 		ldr	r3, [r7, #200]
 495 0220 5869     		ldr	r0, [r3, #20]
 496 0222 D7F8CC20 		ldr	r2, [r7, #204]
 497 0226 5823     		movs	r3, #88
 498 0228 01FB03F3 		mul	r3, r1, r3
 499 022c 1344     		add	r3, r3, r2
 500 022e 4833     		adds	r3, r3, #72
 501 0230 1860     		str	r0, [r3]
 502              	.L17:
 225:../../../firmware/n32h7xx_std_periph_driver/src/n32h7xx_dma.c ****             }
 226:../../../firmware/n32h7xx_std_periph_driver/src/n32h7xx_dma.c **** 
 227:../../../firmware/n32h7xx_std_periph_driver/src/n32h7xx_dma.c ****             if (DMA_ChInitParam->DstScatterEn == (uint64_t)true)
 503              		.loc 1 227 47
 504 0232 D7F8C830 		ldr	r3, [r7, #200]
 505 0236 9B78     		ldrb	r3, [r3, #2]	@ zero_extendqisi2
 506 0238 03F00403 		and	r3, r3, #4
 507 023c DBB2     		uxtb	r3, r3
 508              		.loc 1 227 16
 509 023e 002B     		cmp	r3, #0
 510 0240 0CD0     		beq	.L18
 228:../../../firmware/n32h7xx_std_periph_driver/src/n32h7xx_dma.c ****             {
 229:../../../firmware/n32h7xx_std_periph_driver/src/n32h7xx_dma.c ****                 /* Write the DMA_CHnDS register */
 230:../../../firmware/n32h7xx_std_periph_driver/src/n32h7xx_dma.c ****                 WRITE_REG(DMAy->CH[ChNum].DS, DMA_ChInitParam->DstScatterCtrl);
 511              		.loc 1 230 17
 512 0242 97F8C710 		ldrb	r1, [r7, #199]	@ zero_extendqisi2
 513 0246 D7F8C830 		ldr	r3, [r7, #200]
 514 024a 9869     		ldr	r0, [r3, #24]
 515 024c D7F8CC20 		ldr	r2, [r7, #204]
ARM GAS  /tmp/ccfokkoU.s 			page 14


 516 0250 5823     		movs	r3, #88
 517 0252 01FB03F3 		mul	r3, r1, r3
 518 0256 1344     		add	r3, r3, r2
 519 0258 5033     		adds	r3, r3, #80
 520 025a 1860     		str	r0, [r3]
 521              	.L18:
 231:../../../firmware/n32h7xx_std_periph_driver/src/n32h7xx_dma.c ****             }
 232:../../../firmware/n32h7xx_std_periph_driver/src/n32h7xx_dma.c **** 
 233:../../../firmware/n32h7xx_std_periph_driver/src/n32h7xx_dma.c ****             /* Configure source handshaking hardware mode */
 234:../../../firmware/n32h7xx_std_periph_driver/src/n32h7xx_dma.c ****             if (DMA_ChInitParam->SrcHandshaking == DMA_CH_SRC_HANDSHAKING_HARDWARE)
 522              		.loc 1 234 32
 523 025c D7F8C830 		ldr	r3, [r7, #200]
 524 0260 9B7F     		ldrb	r3, [r3, #30]	@ zero_extendqisi2
 525              		.loc 1 234 16
 526 0262 002B     		cmp	r3, #0
 527 0264 67D1     		bne	.L19
 235:../../../firmware/n32h7xx_std_periph_driver/src/n32h7xx_dma.c ****             {
 236:../../../firmware/n32h7xx_std_periph_driver/src/n32h7xx_dma.c ****                 if ((DMA_ChInitParam->TfrTypeFlowCtrl == (uint64_t)DMA_CH_TRANSFER_FLOW_P2M_DMA) ||
 528              		.loc 1 236 55
 529 0266 D7F8C830 		ldr	r3, [r7, #200]
 530 026a 9B78     		ldrb	r3, [r3, #2]	@ zero_extendqisi2
 531 026c 03F07003 		and	r3, r3, #112
 532 0270 DBB2     		uxtb	r3, r3
 533              		.loc 1 236 20
 534 0272 202B     		cmp	r3, #32
 535 0274 07D0     		beq	.L20
 237:../../../firmware/n32h7xx_std_periph_driver/src/n32h7xx_dma.c ****                         (DMA_ChInitParam->TfrTypeFlowCtrl == (uint64_t)DMA_CH_TRANSFER_FLOW_P2P_DMA
 536              		.loc 1 237 59
 537 0276 D7F8C830 		ldr	r3, [r7, #200]
 538 027a 9B78     		ldrb	r3, [r3, #2]	@ zero_extendqisi2
 539 027c 03F07003 		and	r3, r3, #112
 540 0280 DBB2     		uxtb	r3, r3
 236:../../../firmware/n32h7xx_std_periph_driver/src/n32h7xx_dma.c ****                         (DMA_ChInitParam->TfrTypeFlowCtrl == (uint64_t)DMA_CH_TRANSFER_FLOW_P2P_DMA
 541              		.loc 1 236 98 discriminator 1
 542 0282 302B     		cmp	r3, #48
 543 0284 57D1     		bne	.L19
 544              	.L20:
 238:../../../firmware/n32h7xx_std_periph_driver/src/n32h7xx_dma.c ****                 {
 239:../../../firmware/n32h7xx_std_periph_driver/src/n32h7xx_dma.c ****                     TempValue = ((uint32_t)DMA_ChInitParam->SrcHsInterface & 0x7U);
 545              		.loc 1 239 59
 546 0286 D7F8C830 		ldr	r3, [r7, #200]
 547 028a DB7F     		ldrb	r3, [r3, #31]	@ zero_extendqisi2
 548              		.loc 1 239 31
 549 028c 03F00703 		and	r3, r3, #7
 550 0290 C7F8D030 		str	r3, [r7, #208]
 240:../../../firmware/n32h7xx_std_periph_driver/src/n32h7xx_dma.c ****                     /* Select hardware handshake I/F [0-7] */
 241:../../../firmware/n32h7xx_std_periph_driver/src/n32h7xx_dma.c ****                     MODIFY_REG(DMAy->CH[ChNum].CFG, DMA_CHNCFG_SRCPER, ((uint64_t)TempValue << 0x27
 551              		.loc 1 241 21
 552 0294 97F8C710 		ldrb	r1, [r7, #199]	@ zero_extendqisi2
 553 0298 D7F8CC20 		ldr	r2, [r7, #204]
 554 029c 5823     		movs	r3, #88
 555 029e 01FB03F3 		mul	r3, r1, r3
 556 02a2 1344     		add	r3, r3, r2
 557 02a4 4033     		adds	r3, r3, #64
 558 02a6 D3E90023 		ldrd	r2, [r3]
 559 02aa C7F88820 		str	r2, [r7, #136]
 560 02ae 23F46073 		bic	r3, r3, #896
ARM GAS  /tmp/ccfokkoU.s 			page 15


 561 02b2 C7F88C30 		str	r3, [r7, #140]
 562 02b6 D7F8D030 		ldr	r3, [r7, #208]
 563 02ba 0022     		movs	r2, #0
 564 02bc C7F88030 		str	r3, [r7, #128]
 565 02c0 C7F88420 		str	r2, [r7, #132]
 566 02c4 4FF00002 		mov	r2, #0
 567 02c8 4FF00003 		mov	r3, #0
 568 02cc D7F88010 		ldr	r1, [r7, #128]
 569 02d0 CB01     		lsls	r3, r1, #7
 570 02d2 0022     		movs	r2, #0
 571 02d4 97F8C710 		ldrb	r1, [r7, #199]	@ zero_extendqisi2
 572 02d8 D7E92245 		ldrd	r4, [r7, #136]
 573 02dc 2046     		mov	r0, r4
 574 02de 1043     		orrs	r0, r0, r2
 575 02e0 B867     		str	r0, [r7, #120]
 576 02e2 2846     		mov	r0, r5
 577 02e4 1843     		orrs	r0, r0, r3
 578 02e6 F867     		str	r0, [r7, #124]
 579 02e8 D7F8CC20 		ldr	r2, [r7, #204]
 580 02ec 5823     		movs	r3, #88
 581 02ee 01FB03F3 		mul	r3, r1, r3
 582 02f2 1344     		add	r3, r3, r2
 583 02f4 4033     		adds	r3, r3, #64
 584 02f6 D7E91E12 		ldrd	r1, [r7, #120]
 585 02fa C3E90012 		strd	r1, [r3]
 242:../../../firmware/n32h7xx_std_periph_driver/src/n32h7xx_dma.c **** 
 243:../../../firmware/n32h7xx_std_periph_driver/src/n32h7xx_dma.c ****                     /* Enable hardware handshake to source peripheral */
 244:../../../firmware/n32h7xx_std_periph_driver/src/n32h7xx_dma.c ****                     CLEAR_BIT(DMAy->CH[ChNum].CFG, DMA_CHNCFG_HSSELSRC);
 586              		.loc 1 244 21
 587 02fe 97F8C710 		ldrb	r1, [r7, #199]	@ zero_extendqisi2
 588 0302 D7F8CC20 		ldr	r2, [r7, #204]
 589 0306 5823     		movs	r3, #88
 590 0308 01FB03F3 		mul	r3, r1, r3
 591 030c 1344     		add	r3, r3, r2
 592 030e 4033     		adds	r3, r3, #64
 593 0310 D3E90023 		ldrd	r2, [r3]
 594 0314 97F8C710 		ldrb	r1, [r7, #199]	@ zero_extendqisi2
 595 0318 22F40060 		bic	r0, r2, #2048
 596 031c 3867     		str	r0, [r7, #112]
 597 031e 7B67     		str	r3, [r7, #116]
 598 0320 D7F8CC20 		ldr	r2, [r7, #204]
 599 0324 5823     		movs	r3, #88
 600 0326 01FB03F3 		mul	r3, r1, r3
 601 032a 1344     		add	r3, r3, r2
 602 032c 4033     		adds	r3, r3, #64
 603 032e D7E91C12 		ldrd	r1, [r7, #112]
 604 0332 C3E90012 		strd	r1, [r3]
 605              	.L19:
 245:../../../firmware/n32h7xx_std_periph_driver/src/n32h7xx_dma.c ****                 }
 246:../../../firmware/n32h7xx_std_periph_driver/src/n32h7xx_dma.c ****             }
 247:../../../firmware/n32h7xx_std_periph_driver/src/n32h7xx_dma.c **** 
 248:../../../firmware/n32h7xx_std_periph_driver/src/n32h7xx_dma.c ****             /* Configure destination handshaking hardware mode */
 249:../../../firmware/n32h7xx_std_periph_driver/src/n32h7xx_dma.c ****             if (DMA_ChInitParam->DstHandshaking == DMA_CH_DST_HANDSHAKING_HARDWARE)
 606              		.loc 1 249 32
 607 0336 D7F8C830 		ldr	r3, [r7, #200]
 608 033a 93F82130 		ldrb	r3, [r3, #33]	@ zero_extendqisi2
 609              		.loc 1 249 16
ARM GAS  /tmp/ccfokkoU.s 			page 16


 610 033e 002B     		cmp	r3, #0
 611 0340 63D1     		bne	.L21
 250:../../../firmware/n32h7xx_std_periph_driver/src/n32h7xx_dma.c ****             {
 251:../../../firmware/n32h7xx_std_periph_driver/src/n32h7xx_dma.c ****                 /* Hardware handshaking interface configuration */
 252:../../../firmware/n32h7xx_std_periph_driver/src/n32h7xx_dma.c ****                 if ((DMA_ChInitParam->TfrTypeFlowCtrl == (uint64_t)DMA_CH_TRANSFER_FLOW_M2P_DMA) ||
 612              		.loc 1 252 55
 613 0342 D7F8C830 		ldr	r3, [r7, #200]
 614 0346 9B78     		ldrb	r3, [r3, #2]	@ zero_extendqisi2
 615 0348 03F07003 		and	r3, r3, #112
 616 034c DBB2     		uxtb	r3, r3
 617              		.loc 1 252 20
 618 034e 102B     		cmp	r3, #16
 619 0350 07D0     		beq	.L22
 253:../../../firmware/n32h7xx_std_periph_driver/src/n32h7xx_dma.c ****                         (DMA_ChInitParam->TfrTypeFlowCtrl == (uint64_t)DMA_CH_TRANSFER_FLOW_P2P_DMA
 620              		.loc 1 253 59
 621 0352 D7F8C830 		ldr	r3, [r7, #200]
 622 0356 9B78     		ldrb	r3, [r3, #2]	@ zero_extendqisi2
 623 0358 03F07003 		and	r3, r3, #112
 624 035c DBB2     		uxtb	r3, r3
 252:../../../firmware/n32h7xx_std_periph_driver/src/n32h7xx_dma.c ****                         (DMA_ChInitParam->TfrTypeFlowCtrl == (uint64_t)DMA_CH_TRANSFER_FLOW_P2P_DMA
 625              		.loc 1 252 98 discriminator 1
 626 035e 302B     		cmp	r3, #48
 627 0360 53D1     		bne	.L21
 628              	.L22:
 254:../../../firmware/n32h7xx_std_periph_driver/src/n32h7xx_dma.c ****                 {
 255:../../../firmware/n32h7xx_std_periph_driver/src/n32h7xx_dma.c ****                     TempValue = ((uint32_t)DMA_ChInitParam->DstHsInterface & 0x7U);
 629              		.loc 1 255 59
 630 0362 D7F8C830 		ldr	r3, [r7, #200]
 631 0366 93F82230 		ldrb	r3, [r3, #34]	@ zero_extendqisi2
 632              		.loc 1 255 31
 633 036a 03F00703 		and	r3, r3, #7
 634 036e C7F8D030 		str	r3, [r7, #208]
 256:../../../firmware/n32h7xx_std_periph_driver/src/n32h7xx_dma.c ****                     /* Select hardware handshake I/F [0-7] */
 257:../../../firmware/n32h7xx_std_periph_driver/src/n32h7xx_dma.c ****                     MODIFY_REG(DMAy->CH[ChNum].CFG, DMA_CHNCFG_DSTPER, ((uint64_t)TempValue << 0x2B
 635              		.loc 1 257 21
 636 0372 97F8C710 		ldrb	r1, [r7, #199]	@ zero_extendqisi2
 637 0376 D7F8CC20 		ldr	r2, [r7, #204]
 638 037a 5823     		movs	r3, #88
 639 037c 01FB03F3 		mul	r3, r1, r3
 640 0380 1344     		add	r3, r3, r2
 641 0382 4033     		adds	r3, r3, #64
 642 0384 D3E90023 		ldrd	r2, [r3]
 643 0388 BA66     		str	r2, [r7, #104]
 644 038a 23F46053 		bic	r3, r3, #14336
 645 038e FB66     		str	r3, [r7, #108]
 646 0390 D7F8D030 		ldr	r3, [r7, #208]
 647 0394 0022     		movs	r2, #0
 648 0396 3B66     		str	r3, [r7, #96]
 649 0398 7A66     		str	r2, [r7, #100]
 650 039a 4FF00002 		mov	r2, #0
 651 039e 4FF00003 		mov	r3, #0
 652 03a2 396E     		ldr	r1, [r7, #96]
 653 03a4 CB02     		lsls	r3, r1, #11
 654 03a6 0022     		movs	r2, #0
 655 03a8 97F8C710 		ldrb	r1, [r7, #199]	@ zero_extendqisi2
 656 03ac D7E91A45 		ldrd	r4, [r7, #104]
 657 03b0 2046     		mov	r0, r4
ARM GAS  /tmp/ccfokkoU.s 			page 17


 658 03b2 1043     		orrs	r0, r0, r2
 659 03b4 B865     		str	r0, [r7, #88]
 660 03b6 2846     		mov	r0, r5
 661 03b8 1843     		orrs	r0, r0, r3
 662 03ba F865     		str	r0, [r7, #92]
 663 03bc D7F8CC20 		ldr	r2, [r7, #204]
 664 03c0 5823     		movs	r3, #88
 665 03c2 01FB03F3 		mul	r3, r1, r3
 666 03c6 1344     		add	r3, r3, r2
 667 03c8 4033     		adds	r3, r3, #64
 668 03ca D7E91612 		ldrd	r1, [r7, #88]
 669 03ce C3E90012 		strd	r1, [r3]
 258:../../../firmware/n32h7xx_std_periph_driver/src/n32h7xx_dma.c **** 
 259:../../../firmware/n32h7xx_std_periph_driver/src/n32h7xx_dma.c ****                     /* Enable hardware handshake to destionation peripheral */
 260:../../../firmware/n32h7xx_std_periph_driver/src/n32h7xx_dma.c ****                     CLEAR_BIT(DMAy->CH[ChNum].CFG, DMA_CHNCFG_HSSELDST);
 670              		.loc 1 260 21
 671 03d2 97F8C710 		ldrb	r1, [r7, #199]	@ zero_extendqisi2
 672 03d6 D7F8CC20 		ldr	r2, [r7, #204]
 673 03da 5823     		movs	r3, #88
 674 03dc 01FB03F3 		mul	r3, r1, r3
 675 03e0 1344     		add	r3, r3, r2
 676 03e2 4033     		adds	r3, r3, #64
 677 03e4 D3E90023 		ldrd	r2, [r3]
 678 03e8 97F8C710 		ldrb	r1, [r7, #199]	@ zero_extendqisi2
 679 03ec 22F48060 		bic	r0, r2, #1024
 680 03f0 3865     		str	r0, [r7, #80]
 681 03f2 7B65     		str	r3, [r7, #84]
 682 03f4 D7F8CC20 		ldr	r2, [r7, #204]
 683 03f8 5823     		movs	r3, #88
 684 03fa 01FB03F3 		mul	r3, r1, r3
 685 03fe 1344     		add	r3, r3, r2
 686 0400 4033     		adds	r3, r3, #64
 687 0402 D7E91412 		ldrd	r1, [r7, #80]
 688 0406 C3E90012 		strd	r1, [r3]
 689              	.L21:
 261:../../../firmware/n32h7xx_std_periph_driver/src/n32h7xx_dma.c ****                 }
 262:../../../firmware/n32h7xx_std_periph_driver/src/n32h7xx_dma.c ****             }
 263:../../../firmware/n32h7xx_std_periph_driver/src/n32h7xx_dma.c **** 
 264:../../../firmware/n32h7xx_std_periph_driver/src/n32h7xx_dma.c ****             /* Clear interrupt event status */
 265:../../../firmware/n32h7xx_std_periph_driver/src/n32h7xx_dma.c ****             DMA_ClearChannelEventStatus(DMAy, ChNum, (uint32_t)((uint32_t)DMA_CH_EVENT_TRANSFER_COM
 690              		.loc 1 265 13
 691 040a 97F8C730 		ldrb	r3, [r7, #199]	@ zero_extendqisi2
 692 040e 1F22     		movs	r2, #31
 693 0410 1946     		mov	r1, r3
 694 0412 D7F8CC00 		ldr	r0, [r7, #204]
 695 0416 FFF7FEFF 		bl	DMA_ClearChannelEventStatus
 266:../../../firmware/n32h7xx_std_periph_driver/src/n32h7xx_dma.c ****                                         (uint32_t)DMA_CH_EVENT_BLOCK_TRANSFER_COMPLETE | \
 267:../../../firmware/n32h7xx_std_periph_driver/src/n32h7xx_dma.c ****                                         (uint32_t)DMA_CH_EVENT_SRC_TRANSACTION_COMPLETE | \
 268:../../../firmware/n32h7xx_std_periph_driver/src/n32h7xx_dma.c ****                                         (uint32_t)DMA_CH_EVENT_DST_TRANSACTION_COMPLETE | \
 269:../../../firmware/n32h7xx_std_periph_driver/src/n32h7xx_dma.c ****                                         (uint32_t)DMA_CH_EVENT_ERROR));
 270:../../../firmware/n32h7xx_std_periph_driver/src/n32h7xx_dma.c **** 
 271:../../../firmware/n32h7xx_std_periph_driver/src/n32h7xx_dma.c ****             /* Configure the block tranfer type according to settings */
 272:../../../firmware/n32h7xx_std_periph_driver/src/n32h7xx_dma.c ****             switch (DMA_ChInitParam->TfrType)
 696              		.loc 1 272 36
 697 041a D7F8C830 		ldr	r3, [r7, #200]
 698 041e 1B7F     		ldrb	r3, [r3, #28]	@ zero_extendqisi2
 699              		.loc 1 272 13
ARM GAS  /tmp/ccfokkoU.s 			page 18


 700 0420 082B     		cmp	r3, #8
 701 0422 00F23581 		bhi	.L37
 702 0426 01A2     		adr	r2, .L25
 703 0428 52F823F0 		ldr	pc, [r2, r3, lsl #2]
 704              		.p2align 2
 705              	.L25:
 706 042c 91060000 		.word	.L37+1
 707 0430 51040000 		.word	.L32+1
 708 0434 8B040000 		.word	.L31+1
 709 0438 C5040000 		.word	.L30+1
 710 043c FF040000 		.word	.L29+1
 711 0440 39050000 		.word	.L28+1
 712 0444 AB050000 		.word	.L27+1
 713 0448 E5050000 		.word	.L26+1
 714 044c 57060000 		.word	.L24+1
 715              		.p2align 1
 716              	.L32:
 273:../../../firmware/n32h7xx_std_periph_driver/src/n32h7xx_dma.c ****             {
 274:../../../firmware/n32h7xx_std_periph_driver/src/n32h7xx_dma.c ****                 case DMA_CH_TRANSFER_TYPE_SINGLE_BLOCK:
 275:../../../firmware/n32h7xx_std_periph_driver/src/n32h7xx_dma.c ****                     break;
 276:../../../firmware/n32h7xx_std_periph_driver/src/n32h7xx_dma.c **** 
 277:../../../firmware/n32h7xx_std_periph_driver/src/n32h7xx_dma.c ****                 case DMA_CH_TRANSFER_TYPE_MULTI_BLOCK_SRCADR_CONTIGUOUS_DSTADR_RELOAD:
 278:../../../firmware/n32h7xx_std_periph_driver/src/n32h7xx_dma.c ****                     SET_BIT(DMAy->CH[ChNum].CFG, DMA_CHNCFG_ADR);
 717              		.loc 1 278 21
 718 0450 97F8C730 		ldrb	r3, [r7, #199]	@ zero_extendqisi2
 719 0454 D7F8CC20 		ldr	r2, [r7, #204]
 720 0458 5821     		movs	r1, #88
 721 045a 01FB03F3 		mul	r3, r1, r3
 722 045e 1344     		add	r3, r3, r2
 723 0460 4033     		adds	r3, r3, #64
 724 0462 D3E90023 		ldrd	r2, [r3]
 725 0466 97F8C710 		ldrb	r1, [r7, #199]	@ zero_extendqisi2
 726 046a 42F00040 		orr	r0, r2, #-2147483648
 727 046e B864     		str	r0, [r7, #72]
 728 0470 FB64     		str	r3, [r7, #76]
 729 0472 D7F8CC20 		ldr	r2, [r7, #204]
 730 0476 5823     		movs	r3, #88
 731 0478 01FB03F3 		mul	r3, r1, r3
 732 047c 1344     		add	r3, r3, r2
 733 047e 4033     		adds	r3, r3, #64
 734 0480 D7E91212 		ldrd	r1, [r7, #72]
 735 0484 C3E90012 		strd	r1, [r3]
 279:../../../firmware/n32h7xx_std_periph_driver/src/n32h7xx_dma.c ****                     break;
 736              		.loc 1 279 21
 737 0488 03E1     		b	.L34
 738              	.L31:
 280:../../../firmware/n32h7xx_std_periph_driver/src/n32h7xx_dma.c **** 
 281:../../../firmware/n32h7xx_std_periph_driver/src/n32h7xx_dma.c ****                 case DMA_CH_TRANSFER_TYPE_MULTI_BLOCK_SRCADR_RELOAD_DSTADR_CONTIGUOUS:
 282:../../../firmware/n32h7xx_std_periph_driver/src/n32h7xx_dma.c ****                     SET_BIT(DMAy->CH[ChNum].CFG, DMA_CHNCFG_ASR);
 739              		.loc 1 282 21
 740 048a 97F8C730 		ldrb	r3, [r7, #199]	@ zero_extendqisi2
 741 048e D7F8CC20 		ldr	r2, [r7, #204]
 742 0492 5821     		movs	r1, #88
 743 0494 01FB03F3 		mul	r3, r1, r3
 744 0498 1344     		add	r3, r3, r2
 745 049a 4033     		adds	r3, r3, #64
 746 049c D3E90023 		ldrd	r2, [r3]
ARM GAS  /tmp/ccfokkoU.s 			page 19


 747 04a0 97F8C710 		ldrb	r1, [r7, #199]	@ zero_extendqisi2
 748 04a4 42F08040 		orr	r0, r2, #1073741824
 749 04a8 3864     		str	r0, [r7, #64]
 750 04aa 7B64     		str	r3, [r7, #68]
 751 04ac D7F8CC20 		ldr	r2, [r7, #204]
 752 04b0 5823     		movs	r3, #88
 753 04b2 01FB03F3 		mul	r3, r1, r3
 754 04b6 1344     		add	r3, r3, r2
 755 04b8 4033     		adds	r3, r3, #64
 756 04ba D7E91012 		ldrd	r1, [r7, #64]
 757 04be C3E90012 		strd	r1, [r3]
 283:../../../firmware/n32h7xx_std_periph_driver/src/n32h7xx_dma.c ****                     break;
 758              		.loc 1 283 21
 759 04c2 E6E0     		b	.L34
 760              	.L30:
 284:../../../firmware/n32h7xx_std_periph_driver/src/n32h7xx_dma.c **** 
 285:../../../firmware/n32h7xx_std_periph_driver/src/n32h7xx_dma.c ****                 case DMA_CH_TRANSFER_TYPE_MULTI_BLOCK_SRCADR_RELOAD_DSTADR_RELOAD:
 286:../../../firmware/n32h7xx_std_periph_driver/src/n32h7xx_dma.c ****                     SET_BIT(DMAy->CH[ChNum].CFG, (DMA_CHNCFG_ADR | DMA_CHNCFG_ASR));
 761              		.loc 1 286 21
 762 04c4 97F8C730 		ldrb	r3, [r7, #199]	@ zero_extendqisi2
 763 04c8 D7F8CC20 		ldr	r2, [r7, #204]
 764 04cc 5821     		movs	r1, #88
 765 04ce 01FB03F3 		mul	r3, r1, r3
 766 04d2 1344     		add	r3, r3, r2
 767 04d4 4033     		adds	r3, r3, #64
 768 04d6 D3E90023 		ldrd	r2, [r3]
 769 04da 97F8C710 		ldrb	r1, [r7, #199]	@ zero_extendqisi2
 770 04de 42F04040 		orr	r0, r2, #-1073741824
 771 04e2 B863     		str	r0, [r7, #56]
 772 04e4 FB63     		str	r3, [r7, #60]
 773 04e6 D7F8CC20 		ldr	r2, [r7, #204]
 774 04ea 5823     		movs	r3, #88
 775 04ec 01FB03F3 		mul	r3, r1, r3
 776 04f0 1344     		add	r3, r3, r2
 777 04f2 4033     		adds	r3, r3, #64
 778 04f4 D7E90E12 		ldrd	r1, [r7, #56]
 779 04f8 C3E90012 		strd	r1, [r3]
 287:../../../firmware/n32h7xx_std_periph_driver/src/n32h7xx_dma.c ****                     break;
 780              		.loc 1 287 21
 781 04fc C9E0     		b	.L34
 782              	.L29:
 288:../../../firmware/n32h7xx_std_periph_driver/src/n32h7xx_dma.c **** 
 289:../../../firmware/n32h7xx_std_periph_driver/src/n32h7xx_dma.c ****                 case DMA_CH_TRANSFER_TYPE_MULTI_BLOCK_SRCADR_CONTIGUOUS_DSTADR_LINKED:
 290:../../../firmware/n32h7xx_std_periph_driver/src/n32h7xx_dma.c ****                     SET_BIT(DMAy->CH[ChNum].CTRL, DMA_CHNCTRL_LLPDSTEN);
 783              		.loc 1 290 21
 784 04fe 97F8C730 		ldrb	r3, [r7, #199]	@ zero_extendqisi2
 785 0502 D7F8CC20 		ldr	r2, [r7, #204]
 786 0506 5821     		movs	r1, #88
 787 0508 01FB03F3 		mul	r3, r1, r3
 788 050c 1344     		add	r3, r3, r2
 789 050e 1833     		adds	r3, r3, #24
 790 0510 D3E90023 		ldrd	r2, [r3]
 791 0514 97F8C710 		ldrb	r1, [r7, #199]	@ zero_extendqisi2
 792 0518 42F00060 		orr	r0, r2, #134217728
 793 051c 3863     		str	r0, [r7, #48]
 794 051e 7B63     		str	r3, [r7, #52]
 795 0520 D7F8CC20 		ldr	r2, [r7, #204]
ARM GAS  /tmp/ccfokkoU.s 			page 20


 796 0524 5823     		movs	r3, #88
 797 0526 01FB03F3 		mul	r3, r1, r3
 798 052a 1344     		add	r3, r3, r2
 799 052c 1833     		adds	r3, r3, #24
 800 052e D7E90C12 		ldrd	r1, [r7, #48]
 801 0532 C3E90012 		strd	r1, [r3]
 291:../../../firmware/n32h7xx_std_periph_driver/src/n32h7xx_dma.c ****                     break;
 802              		.loc 1 291 21
 803 0536 ACE0     		b	.L34
 804              	.L28:
 292:../../../firmware/n32h7xx_std_periph_driver/src/n32h7xx_dma.c **** 
 293:../../../firmware/n32h7xx_std_periph_driver/src/n32h7xx_dma.c ****                 case DMA_CH_TRANSFER_TYPE_MULTI_BLOCK_SRCADR_RELOAD_DSTADR_LINKED:
 294:../../../firmware/n32h7xx_std_periph_driver/src/n32h7xx_dma.c ****                     SET_BIT(DMAy->CH[ChNum].CFG, DMA_CHNCFG_ASR);
 805              		.loc 1 294 21
 806 0538 97F8C730 		ldrb	r3, [r7, #199]	@ zero_extendqisi2
 807 053c D7F8CC20 		ldr	r2, [r7, #204]
 808 0540 5821     		movs	r1, #88
 809 0542 01FB03F3 		mul	r3, r1, r3
 810 0546 1344     		add	r3, r3, r2
 811 0548 4033     		adds	r3, r3, #64
 812 054a D3E90023 		ldrd	r2, [r3]
 813 054e 97F8C710 		ldrb	r1, [r7, #199]	@ zero_extendqisi2
 814 0552 42F08040 		orr	r0, r2, #1073741824
 815 0556 B862     		str	r0, [r7, #40]
 816 0558 FB62     		str	r3, [r7, #44]
 817 055a D7F8CC20 		ldr	r2, [r7, #204]
 818 055e 5823     		movs	r3, #88
 819 0560 01FB03F3 		mul	r3, r1, r3
 820 0564 1344     		add	r3, r3, r2
 821 0566 4033     		adds	r3, r3, #64
 822 0568 D7E90A12 		ldrd	r1, [r7, #40]
 823 056c C3E90012 		strd	r1, [r3]
 295:../../../firmware/n32h7xx_std_periph_driver/src/n32h7xx_dma.c ****                     SET_BIT(DMAy->CH[ChNum].CTRL, DMA_CHNCTRL_LLPDSTEN);
 824              		.loc 1 295 21
 825 0570 97F8C730 		ldrb	r3, [r7, #199]	@ zero_extendqisi2
 826 0574 D7F8CC20 		ldr	r2, [r7, #204]
 827 0578 5821     		movs	r1, #88
 828 057a 01FB03F3 		mul	r3, r1, r3
 829 057e 1344     		add	r3, r3, r2
 830 0580 1833     		adds	r3, r3, #24
 831 0582 D3E90023 		ldrd	r2, [r3]
 832 0586 97F8C710 		ldrb	r1, [r7, #199]	@ zero_extendqisi2
 833 058a 42F00060 		orr	r0, r2, #134217728
 834 058e 3862     		str	r0, [r7, #32]
 835 0590 7B62     		str	r3, [r7, #36]
 836 0592 D7F8CC20 		ldr	r2, [r7, #204]
 837 0596 5823     		movs	r3, #88
 838 0598 01FB03F3 		mul	r3, r1, r3
 839 059c 1344     		add	r3, r3, r2
 840 059e 1833     		adds	r3, r3, #24
 841 05a0 D7E90812 		ldrd	r1, [r7, #32]
 842 05a4 C3E90012 		strd	r1, [r3]
 296:../../../firmware/n32h7xx_std_periph_driver/src/n32h7xx_dma.c ****                     break;
 843              		.loc 1 296 21
 844 05a8 73E0     		b	.L34
 845              	.L27:
 297:../../../firmware/n32h7xx_std_periph_driver/src/n32h7xx_dma.c **** 
ARM GAS  /tmp/ccfokkoU.s 			page 21


 298:../../../firmware/n32h7xx_std_periph_driver/src/n32h7xx_dma.c ****                 case DMA_CH_TRANSFER_TYPE_MULTI_BLOCK_SRCADR_LINKED_DSTADR_CONTIGUOUS:
 299:../../../firmware/n32h7xx_std_periph_driver/src/n32h7xx_dma.c ****                     SET_BIT(DMAy->CH[ChNum].CTRL, DMA_CHNCTRL_LLPSRCEN);
 846              		.loc 1 299 21
 847 05aa 97F8C730 		ldrb	r3, [r7, #199]	@ zero_extendqisi2
 848 05ae D7F8CC20 		ldr	r2, [r7, #204]
 849 05b2 5821     		movs	r1, #88
 850 05b4 01FB03F3 		mul	r3, r1, r3
 851 05b8 1344     		add	r3, r3, r2
 852 05ba 1833     		adds	r3, r3, #24
 853 05bc D3E90023 		ldrd	r2, [r3]
 854 05c0 97F8C710 		ldrb	r1, [r7, #199]	@ zero_extendqisi2
 855 05c4 42F08050 		orr	r0, r2, #268435456
 856 05c8 B861     		str	r0, [r7, #24]
 857 05ca FB61     		str	r3, [r7, #28]
 858 05cc D7F8CC20 		ldr	r2, [r7, #204]
 859 05d0 5823     		movs	r3, #88
 860 05d2 01FB03F3 		mul	r3, r1, r3
 861 05d6 1344     		add	r3, r3, r2
 862 05d8 1833     		adds	r3, r3, #24
 863 05da D7E90612 		ldrd	r1, [r7, #24]
 864 05de C3E90012 		strd	r1, [r3]
 300:../../../firmware/n32h7xx_std_periph_driver/src/n32h7xx_dma.c ****                     break;
 865              		.loc 1 300 21
 866 05e2 56E0     		b	.L34
 867              	.L26:
 301:../../../firmware/n32h7xx_std_periph_driver/src/n32h7xx_dma.c **** 
 302:../../../firmware/n32h7xx_std_periph_driver/src/n32h7xx_dma.c ****                 case DMA_CH_TRANSFER_TYPE_MULTI_BLOCK_SRCADR_LINKED_DSTADR_RELOAD:
 303:../../../firmware/n32h7xx_std_periph_driver/src/n32h7xx_dma.c ****                     SET_BIT(DMAy->CH[ChNum].CFG, DMA_CHNCFG_ADR);
 868              		.loc 1 303 21
 869 05e4 97F8C730 		ldrb	r3, [r7, #199]	@ zero_extendqisi2
 870 05e8 D7F8CC20 		ldr	r2, [r7, #204]
 871 05ec 5821     		movs	r1, #88
 872 05ee 01FB03F3 		mul	r3, r1, r3
 873 05f2 1344     		add	r3, r3, r2
 874 05f4 4033     		adds	r3, r3, #64
 875 05f6 D3E90023 		ldrd	r2, [r3]
 876 05fa 97F8C710 		ldrb	r1, [r7, #199]	@ zero_extendqisi2
 877 05fe 42F00040 		orr	r0, r2, #-2147483648
 878 0602 3861     		str	r0, [r7, #16]
 879 0604 7B61     		str	r3, [r7, #20]
 880 0606 D7F8CC20 		ldr	r2, [r7, #204]
 881 060a 5823     		movs	r3, #88
 882 060c 01FB03F3 		mul	r3, r1, r3
 883 0610 1344     		add	r3, r3, r2
 884 0612 4033     		adds	r3, r3, #64
 885 0614 D7E90412 		ldrd	r1, [r7, #16]
 886 0618 C3E90012 		strd	r1, [r3]
 304:../../../firmware/n32h7xx_std_periph_driver/src/n32h7xx_dma.c ****                     SET_BIT(DMAy->CH[ChNum].CTRL, DMA_CHNCTRL_LLPSRCEN);
 887              		.loc 1 304 21
 888 061c 97F8C730 		ldrb	r3, [r7, #199]	@ zero_extendqisi2
 889 0620 D7F8CC20 		ldr	r2, [r7, #204]
 890 0624 5821     		movs	r1, #88
 891 0626 01FB03F3 		mul	r3, r1, r3
 892 062a 1344     		add	r3, r3, r2
 893 062c 1833     		adds	r3, r3, #24
 894 062e D3E90023 		ldrd	r2, [r3]
 895 0632 97F8C710 		ldrb	r1, [r7, #199]	@ zero_extendqisi2
ARM GAS  /tmp/ccfokkoU.s 			page 22


 896 0636 42F08050 		orr	r0, r2, #268435456
 897 063a B860     		str	r0, [r7, #8]
 898 063c FB60     		str	r3, [r7, #12]
 899 063e D7F8CC20 		ldr	r2, [r7, #204]
 900 0642 5823     		movs	r3, #88
 901 0644 01FB03F3 		mul	r3, r1, r3
 902 0648 1344     		add	r3, r3, r2
 903 064a 1833     		adds	r3, r3, #24
 904 064c D7E90212 		ldrd	r1, [r7, #8]
 905 0650 C3E90012 		strd	r1, [r3]
 305:../../../firmware/n32h7xx_std_periph_driver/src/n32h7xx_dma.c ****                     break;
 906              		.loc 1 305 21
 907 0654 1DE0     		b	.L34
 908              	.L24:
 306:../../../firmware/n32h7xx_std_periph_driver/src/n32h7xx_dma.c **** 
 307:../../../firmware/n32h7xx_std_periph_driver/src/n32h7xx_dma.c ****                 case DMA_CH_TRANSFER_TYPE_MULTI_BLOCK_SRCADR_LINKED_DSTADR_LINKED:
 308:../../../firmware/n32h7xx_std_periph_driver/src/n32h7xx_dma.c ****                     SET_BIT(DMAy->CH[ChNum].CTRL, (DMA_CHNCTRL_LLPSRCEN | DMA_CHNCTRL_LLPDSTEN));
 909              		.loc 1 308 21
 910 0656 97F8C730 		ldrb	r3, [r7, #199]	@ zero_extendqisi2
 911 065a D7F8CC20 		ldr	r2, [r7, #204]
 912 065e 5821     		movs	r1, #88
 913 0660 01FB03F3 		mul	r3, r1, r3
 914 0664 1344     		add	r3, r3, r2
 915 0666 1833     		adds	r3, r3, #24
 916 0668 D3E90023 		ldrd	r2, [r3]
 917 066c 97F8C710 		ldrb	r1, [r7, #199]	@ zero_extendqisi2
 918 0670 42F0C050 		orr	r0, r2, #402653184
 919 0674 3860     		str	r0, [r7]
 920 0676 7B60     		str	r3, [r7, #4]
 921 0678 D7F8CC20 		ldr	r2, [r7, #204]
 922 067c 5823     		movs	r3, #88
 923 067e 01FB03F3 		mul	r3, r1, r3
 924 0682 1344     		add	r3, r3, r2
 925 0684 1833     		adds	r3, r3, #24
 926 0686 D7E90012 		ldrd	r1, [r7]
 927 068a C3E90012 		strd	r1, [r3]
 309:../../../firmware/n32h7xx_std_periph_driver/src/n32h7xx_dma.c ****                     break;
 928              		.loc 1 309 21
 929 068e 00E0     		b	.L34
 930              	.L37:
 310:../../../firmware/n32h7xx_std_periph_driver/src/n32h7xx_dma.c **** 
 311:../../../firmware/n32h7xx_std_periph_driver/src/n32h7xx_dma.c ****                 default:
 312:../../../firmware/n32h7xx_std_periph_driver/src/n32h7xx_dma.c ****                     break;
 931              		.loc 1 312 21
 932 0690 00BF     		nop
 933              	.L34:
 313:../../../firmware/n32h7xx_std_periph_driver/src/n32h7xx_dma.c ****             }
 314:../../../firmware/n32h7xx_std_periph_driver/src/n32h7xx_dma.c **** 
 315:../../../firmware/n32h7xx_std_periph_driver/src/n32h7xx_dma.c ****             RetStatus = DMA_CH_STS_OK;
 934              		.loc 1 315 23
 935 0692 0023     		movs	r3, #0
 936 0694 87F8D730 		strb	r3, [r7, #215]
 937 0698 06E0     		b	.L35
 938              	.L16:
 316:../../../firmware/n32h7xx_std_periph_driver/src/n32h7xx_dma.c ****         }
 317:../../../firmware/n32h7xx_std_periph_driver/src/n32h7xx_dma.c ****         else
 318:../../../firmware/n32h7xx_std_periph_driver/src/n32h7xx_dma.c ****         {
ARM GAS  /tmp/ccfokkoU.s 			page 23


 319:../../../firmware/n32h7xx_std_periph_driver/src/n32h7xx_dma.c ****             RetStatus = DMA_CH_STS_BUSY;
 939              		.loc 1 319 23
 940 069a 0223     		movs	r3, #2
 941 069c 87F8D730 		strb	r3, [r7, #215]
 942 06a0 02E0     		b	.L35
 943              	.L15:
 320:../../../firmware/n32h7xx_std_periph_driver/src/n32h7xx_dma.c ****         }
 321:../../../firmware/n32h7xx_std_periph_driver/src/n32h7xx_dma.c ****     }
 322:../../../firmware/n32h7xx_std_periph_driver/src/n32h7xx_dma.c ****     else
 323:../../../firmware/n32h7xx_std_periph_driver/src/n32h7xx_dma.c ****     {
 324:../../../firmware/n32h7xx_std_periph_driver/src/n32h7xx_dma.c ****         RetStatus = DMA_CH_STS_ERROR;
 944              		.loc 1 324 19
 945 06a2 0123     		movs	r3, #1
 946 06a4 87F8D730 		strb	r3, [r7, #215]
 947              	.L35:
 325:../../../firmware/n32h7xx_std_periph_driver/src/n32h7xx_dma.c ****     }
 326:../../../firmware/n32h7xx_std_periph_driver/src/n32h7xx_dma.c **** 
 327:../../../firmware/n32h7xx_std_periph_driver/src/n32h7xx_dma.c ****     return RetStatus;
 948              		.loc 1 327 12
 949 06a8 97F8D730 		ldrb	r3, [r7, #215]	@ zero_extendqisi2
 328:../../../firmware/n32h7xx_std_periph_driver/src/n32h7xx_dma.c **** }
 950              		.loc 1 328 1
 951 06ac 1846     		mov	r0, r3
 952 06ae DC37     		adds	r7, r7, #220
 953              	.LCFI27:
 954              		.cfi_def_cfa_offset 36
 955 06b0 BD46     		mov	sp, r7
 956              	.LCFI28:
 957              		.cfi_def_cfa_register 13
 958              		@ sp needed
 959 06b2 BDE8F08F 		pop	{r4, r5, r6, r7, r8, r9, r10, fp, pc}
 960              		.cfi_endproc
 961              	.LFE139:
 963 06b6 00BF     		.section	.text.DMA_ChannelStructInit,"ax",%progbits
 964              		.align	1
 965              		.global	DMA_ChannelStructInit
 966              		.syntax unified
 967              		.thumb
 968              		.thumb_func
 970              	DMA_ChannelStructInit:
 971              	.LFB140:
 329:../../../firmware/n32h7xx_std_periph_driver/src/n32h7xx_dma.c **** 
 330:../../../firmware/n32h7xx_std_periph_driver/src/n32h7xx_dma.c **** /**
 331:../../../firmware/n32h7xx_std_periph_driver/src/n32h7xx_dma.c **** *\*\name    DMA_ChannelStructInit.
 332:../../../firmware/n32h7xx_std_periph_driver/src/n32h7xx_dma.c **** *\*\fun     Initializes the structure parameter of type DMA_ChInitType used to
 333:../../../firmware/n32h7xx_std_periph_driver/src/n32h7xx_dma.c **** *\*\        initialize DMA. This function is usually called before initializing
 334:../../../firmware/n32h7xx_std_periph_driver/src/n32h7xx_dma.c **** *\*\        a parameter of type DMA_ChInitType.
 335:../../../firmware/n32h7xx_std_periph_driver/src/n32h7xx_dma.c **** *\*\param   DMA_ChInitParam :
 336:../../../firmware/n32h7xx_std_periph_driver/src/n32h7xx_dma.c **** *\*\          - Pointer to the DMA_ChInitType structure which will be initialized.
 337:../../../firmware/n32h7xx_std_periph_driver/src/n32h7xx_dma.c **** *\*\return  none
 338:../../../firmware/n32h7xx_std_periph_driver/src/n32h7xx_dma.c **** **/
 339:../../../firmware/n32h7xx_std_periph_driver/src/n32h7xx_dma.c **** void DMA_ChannelStructInit(DMA_ChInitType *const DMA_ChInitParam)
 340:../../../firmware/n32h7xx_std_periph_driver/src/n32h7xx_dma.c **** {
 972              		.loc 1 340 1
 973              		.cfi_startproc
 974              		@ args = 0, pretend = 0, frame = 8
 975              		@ frame_needed = 1, uses_anonymous_args = 0
ARM GAS  /tmp/ccfokkoU.s 			page 24


 976              		@ link register save eliminated.
 977 0000 80B4     		push	{r7}
 978              	.LCFI29:
 979              		.cfi_def_cfa_offset 4
 980              		.cfi_offset 7, -4
 981 0002 83B0     		sub	sp, sp, #12
 982              	.LCFI30:
 983              		.cfi_def_cfa_offset 16
 984 0004 00AF     		add	r7, sp, #0
 985              	.LCFI31:
 986              		.cfi_def_cfa_register 7
 987 0006 7860     		str	r0, [r7, #4]
 341:../../../firmware/n32h7xx_std_periph_driver/src/n32h7xx_dma.c ****     DMA_ChInitParam->IntEn              = true;
 988              		.loc 1 341 41
 989 0008 7A68     		ldr	r2, [r7, #4]
 990 000a 1378     		ldrb	r3, [r2]
 991 000c 43F00103 		orr	r3, r3, #1
 992 0010 1370     		strb	r3, [r2]
 342:../../../firmware/n32h7xx_std_periph_driver/src/n32h7xx_dma.c ****     DMA_ChInitParam->DstTfrWidth        = (uint64_t)DMA_CH_TRANSFER_WIDTH_8;
 993              		.loc 1 342 41
 994 0012 7A68     		ldr	r2, [r7, #4]
 995 0014 1378     		ldrb	r3, [r2]
 996 0016 23F00E03 		bic	r3, r3, #14
 997 001a 1370     		strb	r3, [r2]
 343:../../../firmware/n32h7xx_std_periph_driver/src/n32h7xx_dma.c ****     DMA_ChInitParam->SrcTfrWidth        = (uint64_t)DMA_CH_TRANSFER_WIDTH_8;
 998              		.loc 1 343 41
 999 001c 7A68     		ldr	r2, [r7, #4]
 1000 001e 1378     		ldrb	r3, [r2]
 1001 0020 23F07003 		bic	r3, r3, #112
 1002 0024 1370     		strb	r3, [r2]
 344:../../../firmware/n32h7xx_std_periph_driver/src/n32h7xx_dma.c ****     DMA_ChInitParam->DstAddrCountMode   = (uint64_t)DMA_CH_ADDRESS_COUNT_MODE_INCREMENT;
 1003              		.loc 1 344 41
 1004 0026 7A68     		ldr	r2, [r7, #4]
 1005 0028 1388     		ldrh	r3, [r2]	@ movhi
 1006 002a 23F4C073 		bic	r3, r3, #384
 1007 002e 1380     		strh	r3, [r2]	@ movhi
 345:../../../firmware/n32h7xx_std_periph_driver/src/n32h7xx_dma.c ****     DMA_ChInitParam->SrcAddrCountMode   = (uint64_t)DMA_CH_ADDRESS_COUNT_MODE_INCREMENT;
 1008              		.loc 1 345 41
 1009 0030 7A68     		ldr	r2, [r7, #4]
 1010 0032 5378     		ldrb	r3, [r2, #1]
 1011 0034 23F00603 		bic	r3, r3, #6
 1012 0038 5370     		strb	r3, [r2, #1]
 346:../../../firmware/n32h7xx_std_periph_driver/src/n32h7xx_dma.c ****     DMA_ChInitParam->DstBurstLen        = (uint64_t)DMA_CH_BURST_LENGTH_4;
 1013              		.loc 1 346 41
 1014 003a 7A68     		ldr	r2, [r7, #4]
 1015 003c 5378     		ldrb	r3, [r2, #1]
 1016 003e 0121     		movs	r1, #1
 1017 0040 61F3C503 		bfi	r3, r1, #3, #3
 1018 0044 5370     		strb	r3, [r2, #1]
 347:../../../firmware/n32h7xx_std_periph_driver/src/n32h7xx_dma.c ****     DMA_ChInitParam->SrcBurstLen        = (uint64_t)DMA_CH_BURST_LENGTH_4;
 1019              		.loc 1 347 41
 1020 0046 7A68     		ldr	r2, [r7, #4]
 1021 0048 1368     		ldr	r3, [r2]
 1022 004a 0121     		movs	r1, #1
 1023 004c 61F39033 		bfi	r3, r1, #14, #3
 1024 0050 1360     		str	r3, [r2]
 348:../../../firmware/n32h7xx_std_periph_driver/src/n32h7xx_dma.c ****     DMA_ChInitParam->SrcGatherEn        = false;
ARM GAS  /tmp/ccfokkoU.s 			page 25


 1025              		.loc 1 348 41
 1026 0052 7A68     		ldr	r2, [r7, #4]
 1027 0054 9378     		ldrb	r3, [r2, #2]
 1028 0056 23F00203 		bic	r3, r3, #2
 1029 005a 9370     		strb	r3, [r2, #2]
 349:../../../firmware/n32h7xx_std_periph_driver/src/n32h7xx_dma.c ****     DMA_ChInitParam->DstScatterEn       = false;
 1030              		.loc 1 349 41
 1031 005c 7A68     		ldr	r2, [r7, #4]
 1032 005e 9378     		ldrb	r3, [r2, #2]
 1033 0060 23F00403 		bic	r3, r3, #4
 1034 0064 9370     		strb	r3, [r2, #2]
 350:../../../firmware/n32h7xx_std_periph_driver/src/n32h7xx_dma.c ****     DMA_ChInitParam->DstMasterSelect    = (uint64_t)DMA_CH_AHB_MASTER_1;
 1035              		.loc 1 350 41
 1036 0066 7A68     		ldr	r2, [r7, #4]
 1037 0068 5388     		ldrh	r3, [r2, #2]	@ movhi
 1038 006a 23F4C073 		bic	r3, r3, #384
 1039 006e 5380     		strh	r3, [r2, #2]	@ movhi
 351:../../../firmware/n32h7xx_std_periph_driver/src/n32h7xx_dma.c ****     DMA_ChInitParam->SrcMasterSelect    = (uint64_t)DMA_CH_AHB_MASTER_1;
 1040              		.loc 1 351 41
 1041 0070 7A68     		ldr	r2, [r7, #4]
 1042 0072 D378     		ldrb	r3, [r2, #3]
 1043 0074 23F00603 		bic	r3, r3, #6
 1044 0078 D370     		strb	r3, [r2, #3]
 352:../../../firmware/n32h7xx_std_periph_driver/src/n32h7xx_dma.c ****     DMA_ChInitParam->TfrTypeFlowCtrl    = (uint64_t)DMA_CH_TRANSFER_FLOW_P2P_DMA;
 1045              		.loc 1 352 41
 1046 007a 7A68     		ldr	r2, [r7, #4]
 1047 007c 9378     		ldrb	r3, [r2, #2]
 1048 007e 0321     		movs	r1, #3
 1049 0080 61F30613 		bfi	r3, r1, #4, #3
 1050 0084 9370     		strb	r3, [r2, #2]
 353:../../../firmware/n32h7xx_std_periph_driver/src/n32h7xx_dma.c ****     DMA_ChInitParam->BlkTfrSize         = 0x2U;
 1051              		.loc 1 353 41
 1052 0086 7A68     		ldr	r2, [r7, #4]
 1053 0088 9388     		ldrh	r3, [r2, #4]	@ movhi
 1054 008a 0221     		movs	r1, #2
 1055 008c 61F30B03 		bfi	r3, r1, #0, #12
 1056 0090 9380     		strh	r3, [r2, #4]	@ movhi
 354:../../../firmware/n32h7xx_std_periph_driver/src/n32h7xx_dma.c ****     DMA_ChInitParam->SrcAddr            = 0x0U;
 1057              		.loc 1 354 41
 1058 0092 7B68     		ldr	r3, [r7, #4]
 1059 0094 0022     		movs	r2, #0
 1060 0096 9A60     		str	r2, [r3, #8]
 355:../../../firmware/n32h7xx_std_periph_driver/src/n32h7xx_dma.c ****     DMA_ChInitParam->DstAddr            = 0x0U;
 1061              		.loc 1 355 41
 1062 0098 7B68     		ldr	r3, [r7, #4]
 1063 009a 0022     		movs	r2, #0
 1064 009c DA60     		str	r2, [r3, #12]
 356:../../../firmware/n32h7xx_std_periph_driver/src/n32h7xx_dma.c ****     DMA_ChInitParam->pLinkListItem      = NULL;
 1065              		.loc 1 356 41
 1066 009e 7B68     		ldr	r3, [r7, #4]
 1067 00a0 0022     		movs	r2, #0
 1068 00a2 1A61     		str	r2, [r3, #16]
 357:../../../firmware/n32h7xx_std_periph_driver/src/n32h7xx_dma.c ****     DMA_ChInitParam->SrcGatherInterval  = 0x0U;
 1069              		.loc 1 357 41
 1070 00a4 7A68     		ldr	r2, [r7, #4]
 1071 00a6 5369     		ldr	r3, [r2, #20]
 1072 00a8 6FF31303 		bfc	r3, #0, #20
ARM GAS  /tmp/ccfokkoU.s 			page 26


 1073 00ac 5361     		str	r3, [r2, #20]
 358:../../../firmware/n32h7xx_std_periph_driver/src/n32h7xx_dma.c ****     DMA_ChInitParam->SrcGatherCount     = 0x0U;
 1074              		.loc 1 358 41
 1075 00ae 7A68     		ldr	r2, [r7, #4]
 1076 00b0 D38A     		ldrh	r3, [r2, #22]	@ movhi
 1077 00b2 6FF30F13 		bfc	r3, #4, #12
 1078 00b6 D382     		strh	r3, [r2, #22]	@ movhi
 359:../../../firmware/n32h7xx_std_periph_driver/src/n32h7xx_dma.c ****     DMA_ChInitParam->DstScatterInterval = 0x0U;
 1079              		.loc 1 359 41
 1080 00b8 7A68     		ldr	r2, [r7, #4]
 1081 00ba 9369     		ldr	r3, [r2, #24]
 1082 00bc 6FF31303 		bfc	r3, #0, #20
 1083 00c0 9361     		str	r3, [r2, #24]
 360:../../../firmware/n32h7xx_std_periph_driver/src/n32h7xx_dma.c ****     DMA_ChInitParam->DstScatterCount    = 0x0U;
 1084              		.loc 1 360 41
 1085 00c2 7A68     		ldr	r2, [r7, #4]
 1086 00c4 538B     		ldrh	r3, [r2, #26]	@ movhi
 1087 00c6 6FF30F13 		bfc	r3, #4, #12
 1088 00ca 5383     		strh	r3, [r2, #26]	@ movhi
 361:../../../firmware/n32h7xx_std_periph_driver/src/n32h7xx_dma.c ****     DMA_ChInitParam->TfrType            = DMA_CH_TRANSFER_TYPE_SINGLE_BLOCK;
 1089              		.loc 1 361 41
 1090 00cc 7B68     		ldr	r3, [r7, #4]
 1091 00ce 0022     		movs	r2, #0
 1092 00d0 1A77     		strb	r2, [r3, #28]
 362:../../../firmware/n32h7xx_std_periph_driver/src/n32h7xx_dma.c ****     DMA_ChInitParam->ChannelPriority    = DMA_CH_PRIORITY_0;
 1093              		.loc 1 362 41
 1094 00d2 7B68     		ldr	r3, [r7, #4]
 1095 00d4 0022     		movs	r2, #0
 1096 00d6 5A77     		strb	r2, [r3, #29]
 363:../../../firmware/n32h7xx_std_periph_driver/src/n32h7xx_dma.c ****     DMA_ChInitParam->SrcHandshaking     = DMA_CH_SRC_HANDSHAKING_SOFTWARE;
 1097              		.loc 1 363 41
 1098 00d8 7B68     		ldr	r3, [r7, #4]
 1099 00da 0122     		movs	r2, #1
 1100 00dc 9A77     		strb	r2, [r3, #30]
 364:../../../firmware/n32h7xx_std_periph_driver/src/n32h7xx_dma.c ****     DMA_ChInitParam->SrcHsInterface     = DMA_CH_HARDWARE_HANDSHAKING_IF_0;
 1101              		.loc 1 364 41
 1102 00de 7B68     		ldr	r3, [r7, #4]
 1103 00e0 0022     		movs	r2, #0
 1104 00e2 DA77     		strb	r2, [r3, #31]
 365:../../../firmware/n32h7xx_std_periph_driver/src/n32h7xx_dma.c ****     DMA_ChInitParam->SrcHsInterfacePol  = DMA_CH_HANDSHAKING_IF_POL_H;
 1105              		.loc 1 365 41
 1106 00e4 7B68     		ldr	r3, [r7, #4]
 1107 00e6 0022     		movs	r2, #0
 1108 00e8 83F82020 		strb	r2, [r3, #32]
 366:../../../firmware/n32h7xx_std_periph_driver/src/n32h7xx_dma.c ****     DMA_ChInitParam->DstHandshaking     = DMA_CH_DST_HANDSHAKING_SOFTWARE;
 1109              		.loc 1 366 41
 1110 00ec 7B68     		ldr	r3, [r7, #4]
 1111 00ee 0122     		movs	r2, #1
 1112 00f0 83F82120 		strb	r2, [r3, #33]
 367:../../../firmware/n32h7xx_std_periph_driver/src/n32h7xx_dma.c ****     DMA_ChInitParam->DstHsInterface     = DMA_CH_HARDWARE_HANDSHAKING_IF_0;
 1113              		.loc 1 367 41
 1114 00f4 7B68     		ldr	r3, [r7, #4]
 1115 00f6 0022     		movs	r2, #0
 1116 00f8 83F82220 		strb	r2, [r3, #34]
 368:../../../firmware/n32h7xx_std_periph_driver/src/n32h7xx_dma.c ****     DMA_ChInitParam->DstHsInterfacePol  = DMA_CH_HANDSHAKING_IF_POL_H;
 1117              		.loc 1 368 41
 1118 00fc 7B68     		ldr	r3, [r7, #4]
ARM GAS  /tmp/ccfokkoU.s 			page 27


 1119 00fe 0022     		movs	r2, #0
 1120 0100 83F82320 		strb	r2, [r3, #35]
 369:../../../firmware/n32h7xx_std_periph_driver/src/n32h7xx_dma.c **** }
 1121              		.loc 1 369 1
 1122 0104 00BF     		nop
 1123 0106 0C37     		adds	r7, r7, #12
 1124              	.LCFI32:
 1125              		.cfi_def_cfa_offset 4
 1126 0108 BD46     		mov	sp, r7
 1127              	.LCFI33:
 1128              		.cfi_def_cfa_register 13
 1129              		@ sp needed
 1130 010a 80BC     		pop	{r7}
 1131              	.LCFI34:
 1132              		.cfi_restore 7
 1133              		.cfi_def_cfa_offset 0
 1134 010c 7047     		bx	lr
 1135              		.cfi_endproc
 1136              	.LFE140:
 1138              		.section	.text.DMA_ChannelSuspend,"ax",%progbits
 1139              		.align	1
 1140              		.global	DMA_ChannelSuspend
 1141              		.syntax unified
 1142              		.thumb
 1143              		.thumb_func
 1145              	DMA_ChannelSuspend:
 1146              	.LFB141:
 370:../../../firmware/n32h7xx_std_periph_driver/src/n32h7xx_dma.c **** 
 371:../../../firmware/n32h7xx_std_periph_driver/src/n32h7xx_dma.c **** /**
 372:../../../firmware/n32h7xx_std_periph_driver/src/n32h7xx_dma.c **** *\*\name    DMA_ChannelSuspend.
 373:../../../firmware/n32h7xx_std_periph_driver/src/n32h7xx_dma.c **** *\*\fun     Suspend a DMA channel.
 374:../../../firmware/n32h7xx_std_periph_driver/src/n32h7xx_dma.c **** *\*\param   DMAy (The input parameters must be the following values):
 375:../../../firmware/n32h7xx_std_periph_driver/src/n32h7xx_dma.c **** *\*\          - DMA1
 376:../../../firmware/n32h7xx_std_periph_driver/src/n32h7xx_dma.c **** *\*\          - DMA2
 377:../../../firmware/n32h7xx_std_periph_driver/src/n32h7xx_dma.c **** *\*\          - DMA3
 378:../../../firmware/n32h7xx_std_periph_driver/src/n32h7xx_dma.c **** *\*\param   ChNum (The input parameters must be the following values):
 379:../../../firmware/n32h7xx_std_periph_driver/src/n32h7xx_dma.c **** *\*\          - DMA_CHANNEL_0
 380:../../../firmware/n32h7xx_std_periph_driver/src/n32h7xx_dma.c **** *\*\          - DMA_CHANNEL_1
 381:../../../firmware/n32h7xx_std_periph_driver/src/n32h7xx_dma.c **** *\*\          - DMA_CHANNEL_2
 382:../../../firmware/n32h7xx_std_periph_driver/src/n32h7xx_dma.c **** *\*\          - DMA_CHANNEL_3
 383:../../../firmware/n32h7xx_std_periph_driver/src/n32h7xx_dma.c **** *\*\          - DMA_CHANNEL_4
 384:../../../firmware/n32h7xx_std_periph_driver/src/n32h7xx_dma.c **** *\*\          - DMA_CHANNEL_5
 385:../../../firmware/n32h7xx_std_periph_driver/src/n32h7xx_dma.c **** *\*\          - DMA_CHANNEL_6
 386:../../../firmware/n32h7xx_std_periph_driver/src/n32h7xx_dma.c **** *\*\          - DMA_CHANNEL_7
 387:../../../firmware/n32h7xx_std_periph_driver/src/n32h7xx_dma.c **** *\*\return  none
 388:../../../firmware/n32h7xx_std_periph_driver/src/n32h7xx_dma.c **** **/
 389:../../../firmware/n32h7xx_std_periph_driver/src/n32h7xx_dma.c **** void DMA_ChannelSuspend(DMA_Module *const DMAy, DMA_ChNumType ChNum)
 390:../../../firmware/n32h7xx_std_periph_driver/src/n32h7xx_dma.c **** {
 1147              		.loc 1 390 1
 1148              		.cfi_startproc
 1149              		@ args = 0, pretend = 0, frame = 8
 1150              		@ frame_needed = 1, uses_anonymous_args = 0
 1151              		@ link register save eliminated.
 1152 0000 90B4     		push	{r4, r7}
 1153              	.LCFI35:
 1154              		.cfi_def_cfa_offset 8
 1155              		.cfi_offset 4, -8
ARM GAS  /tmp/ccfokkoU.s 			page 28


 1156              		.cfi_offset 7, -4
 1157 0002 82B0     		sub	sp, sp, #8
 1158              	.LCFI36:
 1159              		.cfi_def_cfa_offset 16
 1160 0004 00AF     		add	r7, sp, #0
 1161              	.LCFI37:
 1162              		.cfi_def_cfa_register 7
 1163 0006 7860     		str	r0, [r7, #4]
 1164 0008 F970     		strb	r1, [r7, #3]
 391:../../../firmware/n32h7xx_std_periph_driver/src/n32h7xx_dma.c ****     /* Sets the CHSUSP bit of the CHnCFG register */
 392:../../../firmware/n32h7xx_std_periph_driver/src/n32h7xx_dma.c ****     SET_BIT(DMAy->CH[ChNum].CFG, DMA_CHNCFG_CHSUSP);
 1165              		.loc 1 392 5
 1166 000a F978     		ldrb	r1, [r7, #3]	@ zero_extendqisi2
 1167 000c 7868     		ldr	r0, [r7, #4]
 1168 000e 5824     		movs	r4, #88
 1169 0010 04FB01F1 		mul	r1, r4, r1
 1170 0014 0144     		add	r1, r1, r0
 1171 0016 4031     		adds	r1, r1, #64
 1172 0018 D1E90001 		ldrd	r0, [r1]
 1173 001c FC78     		ldrb	r4, [r7, #3]	@ zero_extendqisi2
 1174 001e 40F48072 		orr	r2, r0, #256
 1175 0022 0B46     		mov	r3, r1
 1176 0024 7868     		ldr	r0, [r7, #4]
 1177 0026 5821     		movs	r1, #88
 1178 0028 04FB01F1 		mul	r1, r4, r1
 1179 002c 0144     		add	r1, r1, r0
 1180 002e 4031     		adds	r1, r1, #64
 1181 0030 C1E90023 		strd	r2, [r1]
 393:../../../firmware/n32h7xx_std_periph_driver/src/n32h7xx_dma.c **** }
 1182              		.loc 1 393 1
 1183 0034 00BF     		nop
 1184 0036 0837     		adds	r7, r7, #8
 1185              	.LCFI38:
 1186              		.cfi_def_cfa_offset 8
 1187 0038 BD46     		mov	sp, r7
 1188              	.LCFI39:
 1189              		.cfi_def_cfa_register 13
 1190              		@ sp needed
 1191 003a 90BC     		pop	{r4, r7}
 1192              	.LCFI40:
 1193              		.cfi_restore 7
 1194              		.cfi_restore 4
 1195              		.cfi_def_cfa_offset 0
 1196 003c 7047     		bx	lr
 1197              		.cfi_endproc
 1198              	.LFE141:
 1200              		.section	.text.DMA_ChannelIsSuspended,"ax",%progbits
 1201              		.align	1
 1202              		.global	DMA_ChannelIsSuspended
 1203              		.syntax unified
 1204              		.thumb
 1205              		.thumb_func
 1207              	DMA_ChannelIsSuspended:
 1208              	.LFB142:
 394:../../../firmware/n32h7xx_std_periph_driver/src/n32h7xx_dma.c **** 
 395:../../../firmware/n32h7xx_std_periph_driver/src/n32h7xx_dma.c **** /**
 396:../../../firmware/n32h7xx_std_periph_driver/src/n32h7xx_dma.c **** *\*\name    DMA_ChannelIsSuspended.
ARM GAS  /tmp/ccfokkoU.s 			page 29


 397:../../../firmware/n32h7xx_std_periph_driver/src/n32h7xx_dma.c **** *\*\fun     Check whether a DMA channel suspended.
 398:../../../firmware/n32h7xx_std_periph_driver/src/n32h7xx_dma.c **** *\*\param   DMAy (The input parameters must be the following values):
 399:../../../firmware/n32h7xx_std_periph_driver/src/n32h7xx_dma.c **** *\*\          - DMA1
 400:../../../firmware/n32h7xx_std_periph_driver/src/n32h7xx_dma.c **** *\*\          - DMA2
 401:../../../firmware/n32h7xx_std_periph_driver/src/n32h7xx_dma.c **** *\*\          - DMA3
 402:../../../firmware/n32h7xx_std_periph_driver/src/n32h7xx_dma.c **** *\*\param   ChNum (The input parameters must be the following values):
 403:../../../firmware/n32h7xx_std_periph_driver/src/n32h7xx_dma.c **** *\*\          - DMA_CHANNEL_0
 404:../../../firmware/n32h7xx_std_periph_driver/src/n32h7xx_dma.c **** *\*\          - DMA_CHANNEL_1
 405:../../../firmware/n32h7xx_std_periph_driver/src/n32h7xx_dma.c **** *\*\          - DMA_CHANNEL_2
 406:../../../firmware/n32h7xx_std_periph_driver/src/n32h7xx_dma.c **** *\*\          - DMA_CHANNEL_3
 407:../../../firmware/n32h7xx_std_periph_driver/src/n32h7xx_dma.c **** *\*\          - DMA_CHANNEL_4
 408:../../../firmware/n32h7xx_std_periph_driver/src/n32h7xx_dma.c **** *\*\          - DMA_CHANNEL_5
 409:../../../firmware/n32h7xx_std_periph_driver/src/n32h7xx_dma.c **** *\*\          - DMA_CHANNEL_6
 410:../../../firmware/n32h7xx_std_periph_driver/src/n32h7xx_dma.c **** *\*\          - DMA_CHANNEL_7
 411:../../../firmware/n32h7xx_std_periph_driver/src/n32h7xx_dma.c **** *\*\return  true or false
 412:../../../firmware/n32h7xx_std_periph_driver/src/n32h7xx_dma.c **** **/
 413:../../../firmware/n32h7xx_std_periph_driver/src/n32h7xx_dma.c **** bool DMA_ChannelIsSuspended(DMA_Module *const DMAy, DMA_ChNumType ChNum)
 414:../../../firmware/n32h7xx_std_periph_driver/src/n32h7xx_dma.c **** {
 1209              		.loc 1 414 1
 1210              		.cfi_startproc
 1211              		@ args = 0, pretend = 0, frame = 16
 1212              		@ frame_needed = 1, uses_anonymous_args = 0
 1213              		@ link register save eliminated.
 1214 0000 90B4     		push	{r4, r7}
 1215              	.LCFI41:
 1216              		.cfi_def_cfa_offset 8
 1217              		.cfi_offset 4, -8
 1218              		.cfi_offset 7, -4
 1219 0002 84B0     		sub	sp, sp, #16
 1220              	.LCFI42:
 1221              		.cfi_def_cfa_offset 24
 1222 0004 00AF     		add	r7, sp, #0
 1223              	.LCFI43:
 1224              		.cfi_def_cfa_register 7
 1225 0006 7860     		str	r0, [r7, #4]
 1226 0008 F970     		strb	r1, [r7, #3]
 415:../../../firmware/n32h7xx_std_periph_driver/src/n32h7xx_dma.c ****     bool ret;
 416:../../../firmware/n32h7xx_std_periph_driver/src/n32h7xx_dma.c ****     ret = READ_BIT(DMAy->CH[ChNum].CFG, DMA_CHNCFG_CHSUSP) ? true : false;
 1227              		.loc 1 416 11
 1228 000a F978     		ldrb	r1, [r7, #3]	@ zero_extendqisi2
 1229 000c 7868     		ldr	r0, [r7, #4]
 1230 000e 5824     		movs	r4, #88
 1231 0010 04FB01F1 		mul	r1, r4, r1
 1232 0014 0144     		add	r1, r1, r0
 1233 0016 4031     		adds	r1, r1, #64
 1234 0018 D1E90001 		ldrd	r0, [r1]
 1235 001c 00F48072 		and	r2, r0, #256
 1236 0020 0023     		movs	r3, #0
 1237              		.loc 1 416 9
 1238 0022 1343     		orrs	r3, r3, r2
 1239 0024 14BF     		ite	ne
 1240 0026 0123     		movne	r3, #1
 1241 0028 0023     		moveq	r3, #0
 1242 002a FB73     		strb	r3, [r7, #15]
 417:../../../firmware/n32h7xx_std_periph_driver/src/n32h7xx_dma.c ****     return ret;
 1243              		.loc 1 417 12
 1244 002c FB7B     		ldrb	r3, [r7, #15]	@ zero_extendqisi2
ARM GAS  /tmp/ccfokkoU.s 			page 30


 418:../../../firmware/n32h7xx_std_periph_driver/src/n32h7xx_dma.c **** }
 1245              		.loc 1 418 1
 1246 002e 1846     		mov	r0, r3
 1247 0030 1037     		adds	r7, r7, #16
 1248              	.LCFI44:
 1249              		.cfi_def_cfa_offset 8
 1250 0032 BD46     		mov	sp, r7
 1251              	.LCFI45:
 1252              		.cfi_def_cfa_register 13
 1253              		@ sp needed
 1254 0034 90BC     		pop	{r4, r7}
 1255              	.LCFI46:
 1256              		.cfi_restore 7
 1257              		.cfi_restore 4
 1258              		.cfi_def_cfa_offset 0
 1259 0036 7047     		bx	lr
 1260              		.cfi_endproc
 1261              	.LFE142:
 1263              		.section	.text.DMA_ChannelResume,"ax",%progbits
 1264              		.align	1
 1265              		.global	DMA_ChannelResume
 1266              		.syntax unified
 1267              		.thumb
 1268              		.thumb_func
 1270              	DMA_ChannelResume:
 1271              	.LFB143:
 419:../../../firmware/n32h7xx_std_periph_driver/src/n32h7xx_dma.c **** 
 420:../../../firmware/n32h7xx_std_periph_driver/src/n32h7xx_dma.c **** /**
 421:../../../firmware/n32h7xx_std_periph_driver/src/n32h7xx_dma.c **** *\*\name    DMA_ChannelResume.
 422:../../../firmware/n32h7xx_std_periph_driver/src/n32h7xx_dma.c **** *\*\fun     Resume a DMA channel.
 423:../../../firmware/n32h7xx_std_periph_driver/src/n32h7xx_dma.c **** *\*\param   DMAy (The input parameters must be the following values):
 424:../../../firmware/n32h7xx_std_periph_driver/src/n32h7xx_dma.c **** *\*\          - DMA1
 425:../../../firmware/n32h7xx_std_periph_driver/src/n32h7xx_dma.c **** *\*\          - DMA2
 426:../../../firmware/n32h7xx_std_periph_driver/src/n32h7xx_dma.c **** *\*\          - DMA3
 427:../../../firmware/n32h7xx_std_periph_driver/src/n32h7xx_dma.c **** *\*\param   ChNum (The input parameters must be the following values):
 428:../../../firmware/n32h7xx_std_periph_driver/src/n32h7xx_dma.c **** *\*\          - DMA_CHANNEL_0
 429:../../../firmware/n32h7xx_std_periph_driver/src/n32h7xx_dma.c **** *\*\          - DMA_CHANNEL_1
 430:../../../firmware/n32h7xx_std_periph_driver/src/n32h7xx_dma.c **** *\*\          - DMA_CHANNEL_2
 431:../../../firmware/n32h7xx_std_periph_driver/src/n32h7xx_dma.c **** *\*\          - DMA_CHANNEL_3
 432:../../../firmware/n32h7xx_std_periph_driver/src/n32h7xx_dma.c **** *\*\          - DMA_CHANNEL_4
 433:../../../firmware/n32h7xx_std_periph_driver/src/n32h7xx_dma.c **** *\*\          - DMA_CHANNEL_5
 434:../../../firmware/n32h7xx_std_periph_driver/src/n32h7xx_dma.c **** *\*\          - DMA_CHANNEL_6
 435:../../../firmware/n32h7xx_std_periph_driver/src/n32h7xx_dma.c **** *\*\          - DMA_CHANNEL_7
 436:../../../firmware/n32h7xx_std_periph_driver/src/n32h7xx_dma.c **** *\*\return  none
 437:../../../firmware/n32h7xx_std_periph_driver/src/n32h7xx_dma.c **** **/
 438:../../../firmware/n32h7xx_std_periph_driver/src/n32h7xx_dma.c **** void DMA_ChannelResume(DMA_Module *const DMAy, DMA_ChNumType ChNum)
 439:../../../firmware/n32h7xx_std_periph_driver/src/n32h7xx_dma.c **** {
 1272              		.loc 1 439 1
 1273              		.cfi_startproc
 1274              		@ args = 0, pretend = 0, frame = 8
 1275              		@ frame_needed = 1, uses_anonymous_args = 0
 1276              		@ link register save eliminated.
 1277 0000 90B4     		push	{r4, r7}
 1278              	.LCFI47:
 1279              		.cfi_def_cfa_offset 8
 1280              		.cfi_offset 4, -8
 1281              		.cfi_offset 7, -4
ARM GAS  /tmp/ccfokkoU.s 			page 31


 1282 0002 82B0     		sub	sp, sp, #8
 1283              	.LCFI48:
 1284              		.cfi_def_cfa_offset 16
 1285 0004 00AF     		add	r7, sp, #0
 1286              	.LCFI49:
 1287              		.cfi_def_cfa_register 7
 1288 0006 7860     		str	r0, [r7, #4]
 1289 0008 F970     		strb	r1, [r7, #3]
 440:../../../firmware/n32h7xx_std_periph_driver/src/n32h7xx_dma.c ****     /* Clear the CHSUSP bit of the CHnCFG register */
 441:../../../firmware/n32h7xx_std_periph_driver/src/n32h7xx_dma.c ****     CLEAR_BIT(DMAy->CH[ChNum].CFG, DMA_CHNCFG_CHSUSP);
 1290              		.loc 1 441 5
 1291 000a F978     		ldrb	r1, [r7, #3]	@ zero_extendqisi2
 1292 000c 7868     		ldr	r0, [r7, #4]
 1293 000e 5824     		movs	r4, #88
 1294 0010 04FB01F1 		mul	r1, r4, r1
 1295 0014 0144     		add	r1, r1, r0
 1296 0016 4031     		adds	r1, r1, #64
 1297 0018 D1E90001 		ldrd	r0, [r1]
 1298 001c FC78     		ldrb	r4, [r7, #3]	@ zero_extendqisi2
 1299 001e 20F48072 		bic	r2, r0, #256
 1300 0022 0B46     		mov	r3, r1
 1301 0024 7868     		ldr	r0, [r7, #4]
 1302 0026 5821     		movs	r1, #88
 1303 0028 04FB01F1 		mul	r1, r4, r1
 1304 002c 0144     		add	r1, r1, r0
 1305 002e 4031     		adds	r1, r1, #64
 1306 0030 C1E90023 		strd	r2, [r1]
 442:../../../firmware/n32h7xx_std_periph_driver/src/n32h7xx_dma.c **** }
 1307              		.loc 1 442 1
 1308 0034 00BF     		nop
 1309 0036 0837     		adds	r7, r7, #8
 1310              	.LCFI50:
 1311              		.cfi_def_cfa_offset 8
 1312 0038 BD46     		mov	sp, r7
 1313              	.LCFI51:
 1314              		.cfi_def_cfa_register 13
 1315              		@ sp needed
 1316 003a 90BC     		pop	{r4, r7}
 1317              	.LCFI52:
 1318              		.cfi_restore 7
 1319              		.cfi_restore 4
 1320              		.cfi_def_cfa_offset 0
 1321 003c 7047     		bx	lr
 1322              		.cfi_endproc
 1323              	.LFE143:
 1325              		.section	.text.DMA_ChannelEventCmd,"ax",%progbits
 1326              		.align	1
 1327              		.global	DMA_ChannelEventCmd
 1328              		.syntax unified
 1329              		.thumb
 1330              		.thumb_func
 1332              	DMA_ChannelEventCmd:
 1333              	.LFB144:
 443:../../../firmware/n32h7xx_std_periph_driver/src/n32h7xx_dma.c **** 
 444:../../../firmware/n32h7xx_std_periph_driver/src/n32h7xx_dma.c **** /**
 445:../../../firmware/n32h7xx_std_periph_driver/src/n32h7xx_dma.c **** *\*\name    DMA_ChannelEventCmd.
 446:../../../firmware/n32h7xx_std_periph_driver/src/n32h7xx_dma.c **** *\*\fun     Enable or disable a DMA event.
ARM GAS  /tmp/ccfokkoU.s 			page 32


 447:../../../firmware/n32h7xx_std_periph_driver/src/n32h7xx_dma.c **** *\*\param   DMAy (The input parameters must be the following values):
 448:../../../firmware/n32h7xx_std_periph_driver/src/n32h7xx_dma.c **** *\*\          - DMA1
 449:../../../firmware/n32h7xx_std_periph_driver/src/n32h7xx_dma.c **** *\*\          - DMA2
 450:../../../firmware/n32h7xx_std_periph_driver/src/n32h7xx_dma.c **** *\*\          - DMA3
 451:../../../firmware/n32h7xx_std_periph_driver/src/n32h7xx_dma.c **** *\*\param   ChNum (The input parameters must be the following values):
 452:../../../firmware/n32h7xx_std_periph_driver/src/n32h7xx_dma.c **** *\*\          - DMA_CHANNEL_0
 453:../../../firmware/n32h7xx_std_periph_driver/src/n32h7xx_dma.c **** *\*\          - DMA_CHANNEL_1
 454:../../../firmware/n32h7xx_std_periph_driver/src/n32h7xx_dma.c **** *\*\          - DMA_CHANNEL_2
 455:../../../firmware/n32h7xx_std_periph_driver/src/n32h7xx_dma.c **** *\*\          - DMA_CHANNEL_3
 456:../../../firmware/n32h7xx_std_periph_driver/src/n32h7xx_dma.c **** *\*\          - DMA_CHANNEL_4
 457:../../../firmware/n32h7xx_std_periph_driver/src/n32h7xx_dma.c **** *\*\          - DMA_CHANNEL_5
 458:../../../firmware/n32h7xx_std_periph_driver/src/n32h7xx_dma.c **** *\*\          - DMA_CHANNEL_6
 459:../../../firmware/n32h7xx_std_periph_driver/src/n32h7xx_dma.c **** *\*\          - DMA_CHANNEL_7
 460:../../../firmware/n32h7xx_std_periph_driver/src/n32h7xx_dma.c **** *\*\param   Event (The input parameter must be one or more of the following values (logical OR)):
 461:../../../firmware/n32h7xx_std_periph_driver/src/n32h7xx_dma.c **** *\*\          - DMA_CH_EVENT_TRANSFER_COMPLETE
 462:../../../firmware/n32h7xx_std_periph_driver/src/n32h7xx_dma.c **** *\*\          - DMA_CH_EVENT_BLOCK_TRANSFER_COMPLETE
 463:../../../firmware/n32h7xx_std_periph_driver/src/n32h7xx_dma.c **** *\*\          - DMA_CH_EVENT_SRC_TRANSACTION_COMPLETE
 464:../../../firmware/n32h7xx_std_periph_driver/src/n32h7xx_dma.c **** *\*\          - DMA_CH_EVENT_DST_TRANSACTION_COMPLETE
 465:../../../firmware/n32h7xx_std_periph_driver/src/n32h7xx_dma.c **** *\*\          - DMA_CH_EVENT_ERROR
 466:../../../firmware/n32h7xx_std_periph_driver/src/n32h7xx_dma.c **** *\*\param   Cmd (The input parameters must be the following values):
 467:../../../firmware/n32h7xx_std_periph_driver/src/n32h7xx_dma.c **** *\*\          - ENABLE
 468:../../../firmware/n32h7xx_std_periph_driver/src/n32h7xx_dma.c **** *\*\          - DISABLE
 469:../../../firmware/n32h7xx_std_periph_driver/src/n32h7xx_dma.c **** *\*\return  none
 470:../../../firmware/n32h7xx_std_periph_driver/src/n32h7xx_dma.c **** **/
 471:../../../firmware/n32h7xx_std_periph_driver/src/n32h7xx_dma.c **** void DMA_ChannelEventCmd(DMA_Module *const DMAy, DMA_ChNumType ChNum, uint32_t Event, FunctionalSta
 472:../../../firmware/n32h7xx_std_periph_driver/src/n32h7xx_dma.c **** {
 1334              		.loc 1 472 1
 1335              		.cfi_startproc
 1336              		@ args = 0, pretend = 0, frame = 24
 1337              		@ frame_needed = 1, uses_anonymous_args = 0
 1338              		@ link register save eliminated.
 1339 0000 80B4     		push	{r7}
 1340              	.LCFI53:
 1341              		.cfi_def_cfa_offset 4
 1342              		.cfi_offset 7, -4
 1343 0002 87B0     		sub	sp, sp, #28
 1344              	.LCFI54:
 1345              		.cfi_def_cfa_offset 32
 1346 0004 00AF     		add	r7, sp, #0
 1347              	.LCFI55:
 1348              		.cfi_def_cfa_register 7
 1349 0006 F860     		str	r0, [r7, #12]
 1350 0008 7A60     		str	r2, [r7, #4]
 1351 000a 1A46     		mov	r2, r3
 1352 000c 0B46     		mov	r3, r1
 1353 000e FB72     		strb	r3, [r7, #11]
 1354 0010 1346     		mov	r3, r2
 1355 0012 BB72     		strb	r3, [r7, #10]
 473:../../../firmware/n32h7xx_std_periph_driver/src/n32h7xx_dma.c ****     uint32_t TempIndex;
 474:../../../firmware/n32h7xx_std_periph_driver/src/n32h7xx_dma.c ****     __IO uint32_t *pIntMaskRegBase = &DMAy->TCINTMSK;
 1356              		.loc 1 474 20
 1357 0014 FB68     		ldr	r3, [r7, #12]
 1358 0016 03F54473 		add	r3, r3, #784
 1359 001a 3B61     		str	r3, [r7, #16]
 475:../../../firmware/n32h7xx_std_periph_driver/src/n32h7xx_dma.c **** 
 476:../../../firmware/n32h7xx_std_periph_driver/src/n32h7xx_dma.c ****     if (Cmd != DISABLE)
 1360              		.loc 1 476 8
ARM GAS  /tmp/ccfokkoU.s 			page 33


 1361 001c BB7A     		ldrb	r3, [r7, #10]	@ zero_extendqisi2
 1362 001e 002B     		cmp	r3, #0
 1363 0020 1BD0     		beq	.L44
 477:../../../firmware/n32h7xx_std_periph_driver/src/n32h7xx_dma.c ****     {
 478:../../../firmware/n32h7xx_std_periph_driver/src/n32h7xx_dma.c ****         /* Enable the DMA Channel Interrupt Event */
 479:../../../firmware/n32h7xx_std_periph_driver/src/n32h7xx_dma.c ****         for (TempIndex = 0U; TempIndex < DMA_EVENT_MAX; TempIndex++)
 1364              		.loc 1 479 24
 1365 0022 0023     		movs	r3, #0
 1366 0024 7B61     		str	r3, [r7, #20]
 1367              		.loc 1 479 9
 1368 0026 14E0     		b	.L45
 1369              	.L47:
 480:../../../firmware/n32h7xx_std_periph_driver/src/n32h7xx_dma.c ****         {
 481:../../../firmware/n32h7xx_std_periph_driver/src/n32h7xx_dma.c ****             if ((Event & ((uint32_t)0x1U << TempIndex)) != 0U)
 1370              		.loc 1 481 57
 1371 0028 7A68     		ldr	r2, [r7, #4]
 1372 002a 7B69     		ldr	r3, [r7, #20]
 1373 002c 22FA03F3 		lsr	r3, r2, r3
 1374 0030 03F00103 		and	r3, r3, #1
 1375              		.loc 1 481 16
 1376 0034 002B     		cmp	r3, #0
 1377 0036 09D0     		beq	.L46
 482:../../../firmware/n32h7xx_std_periph_driver/src/n32h7xx_dma.c ****             {
 483:../../../firmware/n32h7xx_std_periph_driver/src/n32h7xx_dma.c ****                 WRITE_REG(*(pIntMaskRegBase + (TempIndex * 2U)), ((uint32_t)DMA_INT_UNMASK << ChNum
 1378              		.loc 1 483 17
 1379 0038 FA7A     		ldrb	r2, [r7, #11]	@ zero_extendqisi2
 1380 003a 7B69     		ldr	r3, [r7, #20]
 1381 003c DB00     		lsls	r3, r3, #3
 1382 003e 3969     		ldr	r1, [r7, #16]
 1383 0040 0B44     		add	r3, r3, r1
 1384 0042 40F20111 		movw	r1, #257
 1385 0046 01FA02F2 		lsl	r2, r1, r2
 1386 004a 1A60     		str	r2, [r3]
 1387              	.L46:
 479:../../../firmware/n32h7xx_std_periph_driver/src/n32h7xx_dma.c ****         {
 1388              		.loc 1 479 66 discriminator 2
 1389 004c 7B69     		ldr	r3, [r7, #20]
 1390 004e 0133     		adds	r3, r3, #1
 1391 0050 7B61     		str	r3, [r7, #20]
 1392              	.L45:
 479:../../../firmware/n32h7xx_std_periph_driver/src/n32h7xx_dma.c ****         {
 1393              		.loc 1 479 40 discriminator 1
 1394 0052 7B69     		ldr	r3, [r7, #20]
 1395 0054 042B     		cmp	r3, #4
 1396 0056 E7D9     		bls	.L47
 484:../../../firmware/n32h7xx_std_periph_driver/src/n32h7xx_dma.c ****             }
 485:../../../firmware/n32h7xx_std_periph_driver/src/n32h7xx_dma.c ****         }
 486:../../../firmware/n32h7xx_std_periph_driver/src/n32h7xx_dma.c ****     }
 487:../../../firmware/n32h7xx_std_periph_driver/src/n32h7xx_dma.c ****     else
 488:../../../firmware/n32h7xx_std_periph_driver/src/n32h7xx_dma.c ****     {
 489:../../../firmware/n32h7xx_std_periph_driver/src/n32h7xx_dma.c ****         /* Disable the DMA Channel Interrupt Event */
 490:../../../firmware/n32h7xx_std_periph_driver/src/n32h7xx_dma.c ****         for (TempIndex = 0U; TempIndex < DMA_EVENT_MAX; TempIndex++)
 491:../../../firmware/n32h7xx_std_periph_driver/src/n32h7xx_dma.c ****         {
 492:../../../firmware/n32h7xx_std_periph_driver/src/n32h7xx_dma.c ****             if ((Event & ((uint32_t)0x1U << TempIndex)) != 0U)
 493:../../../firmware/n32h7xx_std_periph_driver/src/n32h7xx_dma.c ****             {
 494:../../../firmware/n32h7xx_std_periph_driver/src/n32h7xx_dma.c ****                 WRITE_REG(*(pIntMaskRegBase + (TempIndex * 2U)), ((uint32_t)DMA_INT_MASK << ChNum))
 495:../../../firmware/n32h7xx_std_periph_driver/src/n32h7xx_dma.c ****             }
ARM GAS  /tmp/ccfokkoU.s 			page 34


 496:../../../firmware/n32h7xx_std_periph_driver/src/n32h7xx_dma.c ****         }
 497:../../../firmware/n32h7xx_std_periph_driver/src/n32h7xx_dma.c ****     }
 498:../../../firmware/n32h7xx_std_periph_driver/src/n32h7xx_dma.c **** }
 1397              		.loc 1 498 1
 1398 0058 1AE0     		b	.L52
 1399              	.L44:
 490:../../../firmware/n32h7xx_std_periph_driver/src/n32h7xx_dma.c ****         {
 1400              		.loc 1 490 24
 1401 005a 0023     		movs	r3, #0
 1402 005c 7B61     		str	r3, [r7, #20]
 490:../../../firmware/n32h7xx_std_periph_driver/src/n32h7xx_dma.c ****         {
 1403              		.loc 1 490 9
 1404 005e 14E0     		b	.L49
 1405              	.L51:
 492:../../../firmware/n32h7xx_std_periph_driver/src/n32h7xx_dma.c ****             {
 1406              		.loc 1 492 57
 1407 0060 7A68     		ldr	r2, [r7, #4]
 1408 0062 7B69     		ldr	r3, [r7, #20]
 1409 0064 22FA03F3 		lsr	r3, r2, r3
 1410 0068 03F00103 		and	r3, r3, #1
 492:../../../firmware/n32h7xx_std_periph_driver/src/n32h7xx_dma.c ****             {
 1411              		.loc 1 492 16
 1412 006c 002B     		cmp	r3, #0
 1413 006e 09D0     		beq	.L50
 494:../../../firmware/n32h7xx_std_periph_driver/src/n32h7xx_dma.c ****             }
 1414              		.loc 1 494 17
 1415 0070 FA7A     		ldrb	r2, [r7, #11]	@ zero_extendqisi2
 1416 0072 7B69     		ldr	r3, [r7, #20]
 1417 0074 DB00     		lsls	r3, r3, #3
 1418 0076 3969     		ldr	r1, [r7, #16]
 1419 0078 0B44     		add	r3, r3, r1
 1420 007a 4FF48071 		mov	r1, #256
 1421 007e 01FA02F2 		lsl	r2, r1, r2
 1422 0082 1A60     		str	r2, [r3]
 1423              	.L50:
 490:../../../firmware/n32h7xx_std_periph_driver/src/n32h7xx_dma.c ****         {
 1424              		.loc 1 490 66 discriminator 2
 1425 0084 7B69     		ldr	r3, [r7, #20]
 1426 0086 0133     		adds	r3, r3, #1
 1427 0088 7B61     		str	r3, [r7, #20]
 1428              	.L49:
 490:../../../firmware/n32h7xx_std_periph_driver/src/n32h7xx_dma.c ****         {
 1429              		.loc 1 490 40 discriminator 1
 1430 008a 7B69     		ldr	r3, [r7, #20]
 1431 008c 042B     		cmp	r3, #4
 1432 008e E7D9     		bls	.L51
 1433              	.L52:
 1434              		.loc 1 498 1
 1435 0090 00BF     		nop
 1436 0092 1C37     		adds	r7, r7, #28
 1437              	.LCFI56:
 1438              		.cfi_def_cfa_offset 4
 1439 0094 BD46     		mov	sp, r7
 1440              	.LCFI57:
 1441              		.cfi_def_cfa_register 13
 1442              		@ sp needed
 1443 0096 80BC     		pop	{r7}
ARM GAS  /tmp/ccfokkoU.s 			page 35


 1444              	.LCFI58:
 1445              		.cfi_restore 7
 1446              		.cfi_def_cfa_offset 0
 1447 0098 7047     		bx	lr
 1448              		.cfi_endproc
 1449              	.LFE144:
 1451              		.section	.text.DMA_ClearChannelEventStatus,"ax",%progbits
 1452              		.align	1
 1453              		.global	DMA_ClearChannelEventStatus
 1454              		.syntax unified
 1455              		.thumb
 1456              		.thumb_func
 1458              	DMA_ClearChannelEventStatus:
 1459              	.LFB145:
 499:../../../firmware/n32h7xx_std_periph_driver/src/n32h7xx_dma.c **** 
 500:../../../firmware/n32h7xx_std_periph_driver/src/n32h7xx_dma.c **** /**
 501:../../../firmware/n32h7xx_std_periph_driver/src/n32h7xx_dma.c **** *\*\name    DMA_ClearChannelEventStatus.
 502:../../../firmware/n32h7xx_std_periph_driver/src/n32h7xx_dma.c **** *\*\fun     Clear a DMA channel event status.
 503:../../../firmware/n32h7xx_std_periph_driver/src/n32h7xx_dma.c **** *\*\param   DMAy (The input parameters must be the following values):
 504:../../../firmware/n32h7xx_std_periph_driver/src/n32h7xx_dma.c **** *\*\          - DMA1
 505:../../../firmware/n32h7xx_std_periph_driver/src/n32h7xx_dma.c **** *\*\          - DMA2
 506:../../../firmware/n32h7xx_std_periph_driver/src/n32h7xx_dma.c **** *\*\          - DMA3
 507:../../../firmware/n32h7xx_std_periph_driver/src/n32h7xx_dma.c **** *\*\param   ChNum (The input parameters must be the following values):
 508:../../../firmware/n32h7xx_std_periph_driver/src/n32h7xx_dma.c **** *\*\          - DMA_CHANNEL_0
 509:../../../firmware/n32h7xx_std_periph_driver/src/n32h7xx_dma.c **** *\*\          - DMA_CHANNEL_1
 510:../../../firmware/n32h7xx_std_periph_driver/src/n32h7xx_dma.c **** *\*\          - DMA_CHANNEL_2
 511:../../../firmware/n32h7xx_std_periph_driver/src/n32h7xx_dma.c **** *\*\          - DMA_CHANNEL_3
 512:../../../firmware/n32h7xx_std_periph_driver/src/n32h7xx_dma.c **** *\*\          - DMA_CHANNEL_4
 513:../../../firmware/n32h7xx_std_periph_driver/src/n32h7xx_dma.c **** *\*\          - DMA_CHANNEL_5
 514:../../../firmware/n32h7xx_std_periph_driver/src/n32h7xx_dma.c **** *\*\          - DMA_CHANNEL_6
 515:../../../firmware/n32h7xx_std_periph_driver/src/n32h7xx_dma.c **** *\*\          - DMA_CHANNEL_7
 516:../../../firmware/n32h7xx_std_periph_driver/src/n32h7xx_dma.c **** *\*\param   Event (The input parameter must be one or more of the following values (logical OR)):
 517:../../../firmware/n32h7xx_std_periph_driver/src/n32h7xx_dma.c **** *\*\          - DMA_CH_EVENT_TRANSFER_COMPLETE
 518:../../../firmware/n32h7xx_std_periph_driver/src/n32h7xx_dma.c **** *\*\          - DMA_CH_EVENT_BLOCK_TRANSFER_COMPLETE
 519:../../../firmware/n32h7xx_std_periph_driver/src/n32h7xx_dma.c **** *\*\          - DMA_CH_EVENT_SRC_TRANSACTION_COMPLETE
 520:../../../firmware/n32h7xx_std_periph_driver/src/n32h7xx_dma.c **** *\*\          - DMA_CH_EVENT_DST_TRANSACTION_COMPLETE
 521:../../../firmware/n32h7xx_std_periph_driver/src/n32h7xx_dma.c **** *\*\          - DMA_CH_EVENT_ERROR
 522:../../../firmware/n32h7xx_std_periph_driver/src/n32h7xx_dma.c **** *\*\return  none
 523:../../../firmware/n32h7xx_std_periph_driver/src/n32h7xx_dma.c **** **/
 524:../../../firmware/n32h7xx_std_periph_driver/src/n32h7xx_dma.c **** void DMA_ClearChannelEventStatus(DMA_Module *const DMAy, DMA_ChNumType ChNum, uint32_t Event)
 525:../../../firmware/n32h7xx_std_periph_driver/src/n32h7xx_dma.c **** {
 1460              		.loc 1 525 1
 1461              		.cfi_startproc
 1462              		@ args = 0, pretend = 0, frame = 24
 1463              		@ frame_needed = 1, uses_anonymous_args = 0
 1464              		@ link register save eliminated.
 1465 0000 80B4     		push	{r7}
 1466              	.LCFI59:
 1467              		.cfi_def_cfa_offset 4
 1468              		.cfi_offset 7, -4
 1469 0002 87B0     		sub	sp, sp, #28
 1470              	.LCFI60:
 1471              		.cfi_def_cfa_offset 32
 1472 0004 00AF     		add	r7, sp, #0
 1473              	.LCFI61:
 1474              		.cfi_def_cfa_register 7
 1475 0006 F860     		str	r0, [r7, #12]
ARM GAS  /tmp/ccfokkoU.s 			page 36


 1476 0008 0B46     		mov	r3, r1
 1477 000a 7A60     		str	r2, [r7, #4]
 1478 000c FB72     		strb	r3, [r7, #11]
 526:../../../firmware/n32h7xx_std_periph_driver/src/n32h7xx_dma.c ****     uint32_t TempIndex;
 527:../../../firmware/n32h7xx_std_periph_driver/src/n32h7xx_dma.c ****     __IO uint32_t *pIntClearRegBase = &DMAy->TCINTCLR;
 1479              		.loc 1 527 20
 1480 000e FB68     		ldr	r3, [r7, #12]
 1481 0010 03F54E73 		add	r3, r3, #824
 1482 0014 3B61     		str	r3, [r7, #16]
 528:../../../firmware/n32h7xx_std_periph_driver/src/n32h7xx_dma.c **** 
 529:../../../firmware/n32h7xx_std_periph_driver/src/n32h7xx_dma.c ****     /* Clear the DMA Channel Interrupt Event */
 530:../../../firmware/n32h7xx_std_periph_driver/src/n32h7xx_dma.c ****     for (TempIndex = 0U; TempIndex < DMA_EVENT_MAX; TempIndex++)
 1483              		.loc 1 530 20
 1484 0016 0023     		movs	r3, #0
 1485 0018 7B61     		str	r3, [r7, #20]
 1486              		.loc 1 530 5
 1487 001a 13E0     		b	.L54
 1488              	.L56:
 531:../../../firmware/n32h7xx_std_periph_driver/src/n32h7xx_dma.c ****     {
 532:../../../firmware/n32h7xx_std_periph_driver/src/n32h7xx_dma.c ****         if ((Event & ((uint32_t)0x1U << TempIndex)) != 0U)
 1489              		.loc 1 532 53
 1490 001c 7A68     		ldr	r2, [r7, #4]
 1491 001e 7B69     		ldr	r3, [r7, #20]
 1492 0020 22FA03F3 		lsr	r3, r2, r3
 1493 0024 03F00103 		and	r3, r3, #1
 1494              		.loc 1 532 12
 1495 0028 002B     		cmp	r3, #0
 1496 002a 08D0     		beq	.L55
 533:../../../firmware/n32h7xx_std_periph_driver/src/n32h7xx_dma.c ****         {
 534:../../../firmware/n32h7xx_std_periph_driver/src/n32h7xx_dma.c ****             WRITE_REG(*(pIntClearRegBase + (TempIndex * 2U)), ((uint32_t)0x1U << ChNum));
 1497              		.loc 1 534 13
 1498 002c FA7A     		ldrb	r2, [r7, #11]	@ zero_extendqisi2
 1499 002e 7B69     		ldr	r3, [r7, #20]
 1500 0030 DB00     		lsls	r3, r3, #3
 1501 0032 3969     		ldr	r1, [r7, #16]
 1502 0034 0B44     		add	r3, r3, r1
 1503 0036 0121     		movs	r1, #1
 1504 0038 01FA02F2 		lsl	r2, r1, r2
 1505 003c 1A60     		str	r2, [r3]
 1506              	.L55:
 530:../../../firmware/n32h7xx_std_periph_driver/src/n32h7xx_dma.c ****     {
 1507              		.loc 1 530 62 discriminator 2
 1508 003e 7B69     		ldr	r3, [r7, #20]
 1509 0040 0133     		adds	r3, r3, #1
 1510 0042 7B61     		str	r3, [r7, #20]
 1511              	.L54:
 530:../../../firmware/n32h7xx_std_periph_driver/src/n32h7xx_dma.c ****     {
 1512              		.loc 1 530 36 discriminator 1
 1513 0044 7B69     		ldr	r3, [r7, #20]
 1514 0046 042B     		cmp	r3, #4
 1515 0048 E8D9     		bls	.L56
 535:../../../firmware/n32h7xx_std_periph_driver/src/n32h7xx_dma.c ****         }
 536:../../../firmware/n32h7xx_std_periph_driver/src/n32h7xx_dma.c ****     }
 537:../../../firmware/n32h7xx_std_periph_driver/src/n32h7xx_dma.c **** }
 1516              		.loc 1 537 1
 1517 004a 00BF     		nop
 1518 004c 00BF     		nop
ARM GAS  /tmp/ccfokkoU.s 			page 37


 1519 004e 1C37     		adds	r7, r7, #28
 1520              	.LCFI62:
 1521              		.cfi_def_cfa_offset 4
 1522 0050 BD46     		mov	sp, r7
 1523              	.LCFI63:
 1524              		.cfi_def_cfa_register 13
 1525              		@ sp needed
 1526 0052 80BC     		pop	{r7}
 1527              	.LCFI64:
 1528              		.cfi_restore 7
 1529              		.cfi_def_cfa_offset 0
 1530 0054 7047     		bx	lr
 1531              		.cfi_endproc
 1532              	.LFE145:
 1534              		.section	.text.DMA_GetCombinedStatus,"ax",%progbits
 1535              		.align	1
 1536              		.global	DMA_GetCombinedStatus
 1537              		.syntax unified
 1538              		.thumb
 1539              		.thumb_func
 1541              	DMA_GetCombinedStatus:
 1542              	.LFB146:
 538:../../../firmware/n32h7xx_std_periph_driver/src/n32h7xx_dma.c **** 
 539:../../../firmware/n32h7xx_std_periph_driver/src/n32h7xx_dma.c **** /**
 540:../../../firmware/n32h7xx_std_periph_driver/src/n32h7xx_dma.c **** *\*\name    DMA_GetCombinedStatus.
 541:../../../firmware/n32h7xx_std_periph_driver/src/n32h7xx_dma.c **** *\*\fun     Get a DMA combined interrupt status.
 542:../../../firmware/n32h7xx_std_periph_driver/src/n32h7xx_dma.c **** *\*\param   DMAy (The input parameters must be the following values):
 543:../../../firmware/n32h7xx_std_periph_driver/src/n32h7xx_dma.c **** *\*\          - DMA1
 544:../../../firmware/n32h7xx_std_periph_driver/src/n32h7xx_dma.c **** *\*\          - DMA2
 545:../../../firmware/n32h7xx_std_periph_driver/src/n32h7xx_dma.c **** *\*\          - DMA3
 546:../../../firmware/n32h7xx_std_periph_driver/src/n32h7xx_dma.c **** *\*\return  DMA_INTCBESTS register value
 547:../../../firmware/n32h7xx_std_periph_driver/src/n32h7xx_dma.c **** **/
 548:../../../firmware/n32h7xx_std_periph_driver/src/n32h7xx_dma.c **** uint8_t DMA_GetCombinedStatus(DMA_Module *const DMAy)
 549:../../../firmware/n32h7xx_std_periph_driver/src/n32h7xx_dma.c **** {
 1543              		.loc 1 549 1
 1544              		.cfi_startproc
 1545              		@ args = 0, pretend = 0, frame = 8
 1546              		@ frame_needed = 1, uses_anonymous_args = 0
 1547              		@ link register save eliminated.
 1548 0000 80B4     		push	{r7}
 1549              	.LCFI65:
 1550              		.cfi_def_cfa_offset 4
 1551              		.cfi_offset 7, -4
 1552 0002 83B0     		sub	sp, sp, #12
 1553              	.LCFI66:
 1554              		.cfi_def_cfa_offset 16
 1555 0004 00AF     		add	r7, sp, #0
 1556              	.LCFI67:
 1557              		.cfi_def_cfa_register 7
 1558 0006 7860     		str	r0, [r7, #4]
 550:../../../firmware/n32h7xx_std_periph_driver/src/n32h7xx_dma.c ****     return (uint8_t)(READ_REG(DMAy->INTCBESTS) & 0x1FU);
 1559              		.loc 1 550 22
 1560 0008 7B68     		ldr	r3, [r7, #4]
 1561 000a D3F86033 		ldr	r3, [r3, #864]
 1562              		.loc 1 550 12
 1563 000e DBB2     		uxtb	r3, r3
 1564 0010 03F01F03 		and	r3, r3, #31
ARM GAS  /tmp/ccfokkoU.s 			page 38


 1565 0014 DBB2     		uxtb	r3, r3
 551:../../../firmware/n32h7xx_std_periph_driver/src/n32h7xx_dma.c **** }
 1566              		.loc 1 551 1
 1567 0016 1846     		mov	r0, r3
 1568 0018 0C37     		adds	r7, r7, #12
 1569              	.LCFI68:
 1570              		.cfi_def_cfa_offset 4
 1571 001a BD46     		mov	sp, r7
 1572              	.LCFI69:
 1573              		.cfi_def_cfa_register 13
 1574              		@ sp needed
 1575 001c 80BC     		pop	{r7}
 1576              	.LCFI70:
 1577              		.cfi_restore 7
 1578              		.cfi_def_cfa_offset 0
 1579 001e 7047     		bx	lr
 1580              		.cfi_endproc
 1581              	.LFE146:
 1583              		.section	.text.DMA_GetChannelIntTfrStatus,"ax",%progbits
 1584              		.align	1
 1585              		.global	DMA_GetChannelIntTfrStatus
 1586              		.syntax unified
 1587              		.thumb
 1588              		.thumb_func
 1590              	DMA_GetChannelIntTfrStatus:
 1591              	.LFB147:
 552:../../../firmware/n32h7xx_std_periph_driver/src/n32h7xx_dma.c **** 
 553:../../../firmware/n32h7xx_std_periph_driver/src/n32h7xx_dma.c **** /**
 554:../../../firmware/n32h7xx_std_periph_driver/src/n32h7xx_dma.c **** *\*\name    DMA_GetChannelIntTfrStatus.
 555:../../../firmware/n32h7xx_std_periph_driver/src/n32h7xx_dma.c **** *\*\fun     Gets the IntTfr interrupt event status for the specified channel.
 556:../../../firmware/n32h7xx_std_periph_driver/src/n32h7xx_dma.c **** *\*\param   DMAy (The input parameters must be the following values):
 557:../../../firmware/n32h7xx_std_periph_driver/src/n32h7xx_dma.c **** *\*\          - DMA1
 558:../../../firmware/n32h7xx_std_periph_driver/src/n32h7xx_dma.c **** *\*\          - DMA2
 559:../../../firmware/n32h7xx_std_periph_driver/src/n32h7xx_dma.c **** *\*\          - DMA3
 560:../../../firmware/n32h7xx_std_periph_driver/src/n32h7xx_dma.c **** *\*\param   ChNum (The input parameters must be the following values):
 561:../../../firmware/n32h7xx_std_periph_driver/src/n32h7xx_dma.c **** *\*\          - DMA_CHANNEL_0
 562:../../../firmware/n32h7xx_std_periph_driver/src/n32h7xx_dma.c **** *\*\          - DMA_CHANNEL_1
 563:../../../firmware/n32h7xx_std_periph_driver/src/n32h7xx_dma.c **** *\*\          - DMA_CHANNEL_2
 564:../../../firmware/n32h7xx_std_periph_driver/src/n32h7xx_dma.c **** *\*\          - DMA_CHANNEL_3
 565:../../../firmware/n32h7xx_std_periph_driver/src/n32h7xx_dma.c **** *\*\          - DMA_CHANNEL_4
 566:../../../firmware/n32h7xx_std_periph_driver/src/n32h7xx_dma.c **** *\*\          - DMA_CHANNEL_5
 567:../../../firmware/n32h7xx_std_periph_driver/src/n32h7xx_dma.c **** *\*\          - DMA_CHANNEL_6
 568:../../../firmware/n32h7xx_std_periph_driver/src/n32h7xx_dma.c **** *\*\          - DMA_CHANNEL_7
 569:../../../firmware/n32h7xx_std_periph_driver/src/n32h7xx_dma.c **** *\*\return  SET or RESET
 570:../../../firmware/n32h7xx_std_periph_driver/src/n32h7xx_dma.c **** **/
 571:../../../firmware/n32h7xx_std_periph_driver/src/n32h7xx_dma.c **** INTStatus DMA_GetChannelIntTfrStatus(DMA_Module *const DMAy, DMA_ChNumType ChNum)
 572:../../../firmware/n32h7xx_std_periph_driver/src/n32h7xx_dma.c **** {
 1592              		.loc 1 572 1
 1593              		.cfi_startproc
 1594              		@ args = 0, pretend = 0, frame = 16
 1595              		@ frame_needed = 1, uses_anonymous_args = 0
 1596              		@ link register save eliminated.
 1597 0000 80B4     		push	{r7}
 1598              	.LCFI71:
 1599              		.cfi_def_cfa_offset 4
 1600              		.cfi_offset 7, -4
 1601 0002 85B0     		sub	sp, sp, #20
ARM GAS  /tmp/ccfokkoU.s 			page 39


 1602              	.LCFI72:
 1603              		.cfi_def_cfa_offset 24
 1604 0004 00AF     		add	r7, sp, #0
 1605              	.LCFI73:
 1606              		.cfi_def_cfa_register 7
 1607 0006 7860     		str	r0, [r7, #4]
 1608 0008 0B46     		mov	r3, r1
 1609 000a FB70     		strb	r3, [r7, #3]
 573:../../../firmware/n32h7xx_std_periph_driver/src/n32h7xx_dma.c ****     INTStatus RetStatus;
 574:../../../firmware/n32h7xx_std_periph_driver/src/n32h7xx_dma.c **** 
 575:../../../firmware/n32h7xx_std_periph_driver/src/n32h7xx_dma.c ****     /* Read the interrupt status of the corresponding register */
 576:../../../firmware/n32h7xx_std_periph_driver/src/n32h7xx_dma.c ****     if (READ_BIT(DMAy->TCINTSTS, (DMA_EVENT_TRANSFER_COMPLETE << ChNum)) != (uint32_t)RESET)
 1610              		.loc 1 576 9
 1611 000c 7B68     		ldr	r3, [r7, #4]
 1612 000e D3F8E822 		ldr	r2, [r3, #744]
 1613              		.loc 1 576 74
 1614 0012 FB78     		ldrb	r3, [r7, #3]	@ zero_extendqisi2
 1615 0014 22FA03F3 		lsr	r3, r2, r3
 1616 0018 03F00103 		and	r3, r3, #1
 1617              		.loc 1 576 8
 1618 001c 002B     		cmp	r3, #0
 1619 001e 02D0     		beq	.L60
 577:../../../firmware/n32h7xx_std_periph_driver/src/n32h7xx_dma.c ****     {
 578:../../../firmware/n32h7xx_std_periph_driver/src/n32h7xx_dma.c ****         /* This status of the channel is SET */
 579:../../../firmware/n32h7xx_std_periph_driver/src/n32h7xx_dma.c ****         RetStatus = SET;
 1620              		.loc 1 579 19
 1621 0020 0123     		movs	r3, #1
 1622 0022 FB73     		strb	r3, [r7, #15]
 1623 0024 01E0     		b	.L61
 1624              	.L60:
 580:../../../firmware/n32h7xx_std_periph_driver/src/n32h7xx_dma.c ****     }
 581:../../../firmware/n32h7xx_std_periph_driver/src/n32h7xx_dma.c ****     else
 582:../../../firmware/n32h7xx_std_periph_driver/src/n32h7xx_dma.c ****     {
 583:../../../firmware/n32h7xx_std_periph_driver/src/n32h7xx_dma.c ****         /* This status of the channel is RESET */
 584:../../../firmware/n32h7xx_std_periph_driver/src/n32h7xx_dma.c ****         RetStatus = RESET;
 1625              		.loc 1 584 19
 1626 0026 0023     		movs	r3, #0
 1627 0028 FB73     		strb	r3, [r7, #15]
 1628              	.L61:
 585:../../../firmware/n32h7xx_std_periph_driver/src/n32h7xx_dma.c ****     }
 586:../../../firmware/n32h7xx_std_periph_driver/src/n32h7xx_dma.c **** 
 587:../../../firmware/n32h7xx_std_periph_driver/src/n32h7xx_dma.c ****     /* Return status */
 588:../../../firmware/n32h7xx_std_periph_driver/src/n32h7xx_dma.c ****     return RetStatus;
 1629              		.loc 1 588 12
 1630 002a FB7B     		ldrb	r3, [r7, #15]	@ zero_extendqisi2
 589:../../../firmware/n32h7xx_std_periph_driver/src/n32h7xx_dma.c **** }
 1631              		.loc 1 589 1
 1632 002c 1846     		mov	r0, r3
 1633 002e 1437     		adds	r7, r7, #20
 1634              	.LCFI74:
 1635              		.cfi_def_cfa_offset 4
 1636 0030 BD46     		mov	sp, r7
 1637              	.LCFI75:
 1638              		.cfi_def_cfa_register 13
 1639              		@ sp needed
 1640 0032 80BC     		pop	{r7}
 1641              	.LCFI76:
ARM GAS  /tmp/ccfokkoU.s 			page 40


 1642              		.cfi_restore 7
 1643              		.cfi_def_cfa_offset 0
 1644 0034 7047     		bx	lr
 1645              		.cfi_endproc
 1646              	.LFE147:
 1648              		.section	.text.DMA_GetChannelIntBlockStatus,"ax",%progbits
 1649              		.align	1
 1650              		.global	DMA_GetChannelIntBlockStatus
 1651              		.syntax unified
 1652              		.thumb
 1653              		.thumb_func
 1655              	DMA_GetChannelIntBlockStatus:
 1656              	.LFB148:
 590:../../../firmware/n32h7xx_std_periph_driver/src/n32h7xx_dma.c **** 
 591:../../../firmware/n32h7xx_std_periph_driver/src/n32h7xx_dma.c **** /**
 592:../../../firmware/n32h7xx_std_periph_driver/src/n32h7xx_dma.c **** *\*\name    DMA_GetChannelIntBlockStatus.
 593:../../../firmware/n32h7xx_std_periph_driver/src/n32h7xx_dma.c **** *\*\fun     Gets the IntBlock interrupt event status for the specified channel.
 594:../../../firmware/n32h7xx_std_periph_driver/src/n32h7xx_dma.c **** *\*\param   DMAy (The input parameters must be the following values):
 595:../../../firmware/n32h7xx_std_periph_driver/src/n32h7xx_dma.c **** *\*\          - DMA1
 596:../../../firmware/n32h7xx_std_periph_driver/src/n32h7xx_dma.c **** *\*\          - DMA2
 597:../../../firmware/n32h7xx_std_periph_driver/src/n32h7xx_dma.c **** *\*\          - DMA3
 598:../../../firmware/n32h7xx_std_periph_driver/src/n32h7xx_dma.c **** *\*\param   ChNum (The input parameters must be the following values):
 599:../../../firmware/n32h7xx_std_periph_driver/src/n32h7xx_dma.c **** *\*\          - DMA_CHANNEL_0
 600:../../../firmware/n32h7xx_std_periph_driver/src/n32h7xx_dma.c **** *\*\          - DMA_CHANNEL_1
 601:../../../firmware/n32h7xx_std_periph_driver/src/n32h7xx_dma.c **** *\*\          - DMA_CHANNEL_2
 602:../../../firmware/n32h7xx_std_periph_driver/src/n32h7xx_dma.c **** *\*\          - DMA_CHANNEL_3
 603:../../../firmware/n32h7xx_std_periph_driver/src/n32h7xx_dma.c **** *\*\          - DMA_CHANNEL_4
 604:../../../firmware/n32h7xx_std_periph_driver/src/n32h7xx_dma.c **** *\*\          - DMA_CHANNEL_5
 605:../../../firmware/n32h7xx_std_periph_driver/src/n32h7xx_dma.c **** *\*\          - DMA_CHANNEL_6
 606:../../../firmware/n32h7xx_std_periph_driver/src/n32h7xx_dma.c **** *\*\          - DMA_CHANNEL_7
 607:../../../firmware/n32h7xx_std_periph_driver/src/n32h7xx_dma.c **** *\*\return  SET or RESET
 608:../../../firmware/n32h7xx_std_periph_driver/src/n32h7xx_dma.c **** **/
 609:../../../firmware/n32h7xx_std_periph_driver/src/n32h7xx_dma.c **** INTStatus DMA_GetChannelIntBlockStatus(DMA_Module *const DMAy, DMA_ChNumType ChNum)
 610:../../../firmware/n32h7xx_std_periph_driver/src/n32h7xx_dma.c **** {
 1657              		.loc 1 610 1
 1658              		.cfi_startproc
 1659              		@ args = 0, pretend = 0, frame = 16
 1660              		@ frame_needed = 1, uses_anonymous_args = 0
 1661              		@ link register save eliminated.
 1662 0000 80B4     		push	{r7}
 1663              	.LCFI77:
 1664              		.cfi_def_cfa_offset 4
 1665              		.cfi_offset 7, -4
 1666 0002 85B0     		sub	sp, sp, #20
 1667              	.LCFI78:
 1668              		.cfi_def_cfa_offset 24
 1669 0004 00AF     		add	r7, sp, #0
 1670              	.LCFI79:
 1671              		.cfi_def_cfa_register 7
 1672 0006 7860     		str	r0, [r7, #4]
 1673 0008 0B46     		mov	r3, r1
 1674 000a FB70     		strb	r3, [r7, #3]
 611:../../../firmware/n32h7xx_std_periph_driver/src/n32h7xx_dma.c ****     INTStatus RetStatus;
 612:../../../firmware/n32h7xx_std_periph_driver/src/n32h7xx_dma.c **** 
 613:../../../firmware/n32h7xx_std_periph_driver/src/n32h7xx_dma.c ****     /* Read the interrupt status of the corresponding register */
 614:../../../firmware/n32h7xx_std_periph_driver/src/n32h7xx_dma.c ****     if (READ_BIT(DMAy->BTCINTSTS, (DMA_EVENT_BLOCK_TRANSFER_COMPLETE << ChNum)) != (uint32_t)RESET)
 1675              		.loc 1 614 9
ARM GAS  /tmp/ccfokkoU.s 			page 41


 1676 000c 7B68     		ldr	r3, [r7, #4]
 1677 000e D3F8F022 		ldr	r2, [r3, #752]
 1678              		.loc 1 614 81
 1679 0012 FB78     		ldrb	r3, [r7, #3]	@ zero_extendqisi2
 1680 0014 22FA03F3 		lsr	r3, r2, r3
 1681 0018 03F00103 		and	r3, r3, #1
 1682              		.loc 1 614 8
 1683 001c 002B     		cmp	r3, #0
 1684 001e 02D0     		beq	.L64
 615:../../../firmware/n32h7xx_std_periph_driver/src/n32h7xx_dma.c ****     {
 616:../../../firmware/n32h7xx_std_periph_driver/src/n32h7xx_dma.c ****         /* This status of the channel is SET */
 617:../../../firmware/n32h7xx_std_periph_driver/src/n32h7xx_dma.c ****         RetStatus = SET;
 1685              		.loc 1 617 19
 1686 0020 0123     		movs	r3, #1
 1687 0022 FB73     		strb	r3, [r7, #15]
 1688 0024 01E0     		b	.L65
 1689              	.L64:
 618:../../../firmware/n32h7xx_std_periph_driver/src/n32h7xx_dma.c ****     }
 619:../../../firmware/n32h7xx_std_periph_driver/src/n32h7xx_dma.c ****     else
 620:../../../firmware/n32h7xx_std_periph_driver/src/n32h7xx_dma.c ****     {
 621:../../../firmware/n32h7xx_std_periph_driver/src/n32h7xx_dma.c ****         /* This status of the channel is RESET */
 622:../../../firmware/n32h7xx_std_periph_driver/src/n32h7xx_dma.c ****         RetStatus = RESET;
 1690              		.loc 1 622 19
 1691 0026 0023     		movs	r3, #0
 1692 0028 FB73     		strb	r3, [r7, #15]
 1693              	.L65:
 623:../../../firmware/n32h7xx_std_periph_driver/src/n32h7xx_dma.c ****     }
 624:../../../firmware/n32h7xx_std_periph_driver/src/n32h7xx_dma.c **** 
 625:../../../firmware/n32h7xx_std_periph_driver/src/n32h7xx_dma.c ****     /* Return status */
 626:../../../firmware/n32h7xx_std_periph_driver/src/n32h7xx_dma.c ****     return RetStatus;
 1694              		.loc 1 626 12
 1695 002a FB7B     		ldrb	r3, [r7, #15]	@ zero_extendqisi2
 627:../../../firmware/n32h7xx_std_periph_driver/src/n32h7xx_dma.c **** }
 1696              		.loc 1 627 1
 1697 002c 1846     		mov	r0, r3
 1698 002e 1437     		adds	r7, r7, #20
 1699              	.LCFI80:
 1700              		.cfi_def_cfa_offset 4
 1701 0030 BD46     		mov	sp, r7
 1702              	.LCFI81:
 1703              		.cfi_def_cfa_register 13
 1704              		@ sp needed
 1705 0032 80BC     		pop	{r7}
 1706              	.LCFI82:
 1707              		.cfi_restore 7
 1708              		.cfi_def_cfa_offset 0
 1709 0034 7047     		bx	lr
 1710              		.cfi_endproc
 1711              	.LFE148:
 1713              		.section	.text.DMA_GetChannelIntSrcTranStatus,"ax",%progbits
 1714              		.align	1
 1715              		.global	DMA_GetChannelIntSrcTranStatus
 1716              		.syntax unified
 1717              		.thumb
 1718              		.thumb_func
 1720              	DMA_GetChannelIntSrcTranStatus:
 1721              	.LFB149:
ARM GAS  /tmp/ccfokkoU.s 			page 42


 628:../../../firmware/n32h7xx_std_periph_driver/src/n32h7xx_dma.c **** 
 629:../../../firmware/n32h7xx_std_periph_driver/src/n32h7xx_dma.c **** /**
 630:../../../firmware/n32h7xx_std_periph_driver/src/n32h7xx_dma.c **** *\*\name    DMA_GetChannelIntSrcTranStatus.
 631:../../../firmware/n32h7xx_std_periph_driver/src/n32h7xx_dma.c **** *\*\fun     Gets the IntSrcTran interrupt event status for the specified channel.
 632:../../../firmware/n32h7xx_std_periph_driver/src/n32h7xx_dma.c **** *\*\param   DMAy (The input parameters must be the following values):
 633:../../../firmware/n32h7xx_std_periph_driver/src/n32h7xx_dma.c **** *\*\          - DMA1
 634:../../../firmware/n32h7xx_std_periph_driver/src/n32h7xx_dma.c **** *\*\          - DMA2
 635:../../../firmware/n32h7xx_std_periph_driver/src/n32h7xx_dma.c **** *\*\          - DMA3
 636:../../../firmware/n32h7xx_std_periph_driver/src/n32h7xx_dma.c **** *\*\param   ChNum (The input parameters must be the following values):
 637:../../../firmware/n32h7xx_std_periph_driver/src/n32h7xx_dma.c **** *\*\          - DMA_CHANNEL_0
 638:../../../firmware/n32h7xx_std_periph_driver/src/n32h7xx_dma.c **** *\*\          - DMA_CHANNEL_1
 639:../../../firmware/n32h7xx_std_periph_driver/src/n32h7xx_dma.c **** *\*\          - DMA_CHANNEL_2
 640:../../../firmware/n32h7xx_std_periph_driver/src/n32h7xx_dma.c **** *\*\          - DMA_CHANNEL_3
 641:../../../firmware/n32h7xx_std_periph_driver/src/n32h7xx_dma.c **** *\*\          - DMA_CHANNEL_4
 642:../../../firmware/n32h7xx_std_periph_driver/src/n32h7xx_dma.c **** *\*\          - DMA_CHANNEL_5
 643:../../../firmware/n32h7xx_std_periph_driver/src/n32h7xx_dma.c **** *\*\          - DMA_CHANNEL_6
 644:../../../firmware/n32h7xx_std_periph_driver/src/n32h7xx_dma.c **** *\*\          - DMA_CHANNEL_7
 645:../../../firmware/n32h7xx_std_periph_driver/src/n32h7xx_dma.c **** *\*\return  SET or RESET
 646:../../../firmware/n32h7xx_std_periph_driver/src/n32h7xx_dma.c **** **/
 647:../../../firmware/n32h7xx_std_periph_driver/src/n32h7xx_dma.c **** INTStatus DMA_GetChannelIntSrcTranStatus(DMA_Module *const DMAy, DMA_ChNumType ChNum)
 648:../../../firmware/n32h7xx_std_periph_driver/src/n32h7xx_dma.c **** {
 1722              		.loc 1 648 1
 1723              		.cfi_startproc
 1724              		@ args = 0, pretend = 0, frame = 16
 1725              		@ frame_needed = 1, uses_anonymous_args = 0
 1726              		@ link register save eliminated.
 1727 0000 80B4     		push	{r7}
 1728              	.LCFI83:
 1729              		.cfi_def_cfa_offset 4
 1730              		.cfi_offset 7, -4
 1731 0002 85B0     		sub	sp, sp, #20
 1732              	.LCFI84:
 1733              		.cfi_def_cfa_offset 24
 1734 0004 00AF     		add	r7, sp, #0
 1735              	.LCFI85:
 1736              		.cfi_def_cfa_register 7
 1737 0006 7860     		str	r0, [r7, #4]
 1738 0008 0B46     		mov	r3, r1
 1739 000a FB70     		strb	r3, [r7, #3]
 649:../../../firmware/n32h7xx_std_periph_driver/src/n32h7xx_dma.c ****     INTStatus RetStatus;
 650:../../../firmware/n32h7xx_std_periph_driver/src/n32h7xx_dma.c **** 
 651:../../../firmware/n32h7xx_std_periph_driver/src/n32h7xx_dma.c ****     /* Read the interrupt status of the corresponding register */
 652:../../../firmware/n32h7xx_std_periph_driver/src/n32h7xx_dma.c ****     if (READ_BIT(DMAy->STCINTSTS, (DMA_EVENT_SRC_TRANSACTION_COMPLETE << ChNum)) != (uint32_t)RESET
 1740              		.loc 1 652 9
 1741 000c 7B68     		ldr	r3, [r7, #4]
 1742 000e D3F8F822 		ldr	r2, [r3, #760]
 1743              		.loc 1 652 82
 1744 0012 FB78     		ldrb	r3, [r7, #3]	@ zero_extendqisi2
 1745 0014 22FA03F3 		lsr	r3, r2, r3
 1746 0018 03F00103 		and	r3, r3, #1
 1747              		.loc 1 652 8
 1748 001c 002B     		cmp	r3, #0
 1749 001e 02D0     		beq	.L68
 653:../../../firmware/n32h7xx_std_periph_driver/src/n32h7xx_dma.c ****     {
 654:../../../firmware/n32h7xx_std_periph_driver/src/n32h7xx_dma.c ****         /* This status of the channel is SET */
 655:../../../firmware/n32h7xx_std_periph_driver/src/n32h7xx_dma.c ****         RetStatus = SET;
 1750              		.loc 1 655 19
ARM GAS  /tmp/ccfokkoU.s 			page 43


 1751 0020 0123     		movs	r3, #1
 1752 0022 FB73     		strb	r3, [r7, #15]
 1753 0024 01E0     		b	.L69
 1754              	.L68:
 656:../../../firmware/n32h7xx_std_periph_driver/src/n32h7xx_dma.c ****     }
 657:../../../firmware/n32h7xx_std_periph_driver/src/n32h7xx_dma.c ****     else
 658:../../../firmware/n32h7xx_std_periph_driver/src/n32h7xx_dma.c ****     {
 659:../../../firmware/n32h7xx_std_periph_driver/src/n32h7xx_dma.c ****         /* This status of the channel is RESET */
 660:../../../firmware/n32h7xx_std_periph_driver/src/n32h7xx_dma.c ****         RetStatus = RESET;
 1755              		.loc 1 660 19
 1756 0026 0023     		movs	r3, #0
 1757 0028 FB73     		strb	r3, [r7, #15]
 1758              	.L69:
 661:../../../firmware/n32h7xx_std_periph_driver/src/n32h7xx_dma.c ****     }
 662:../../../firmware/n32h7xx_std_periph_driver/src/n32h7xx_dma.c **** 
 663:../../../firmware/n32h7xx_std_periph_driver/src/n32h7xx_dma.c ****     /* Return status */
 664:../../../firmware/n32h7xx_std_periph_driver/src/n32h7xx_dma.c ****     return RetStatus;
 1759              		.loc 1 664 12
 1760 002a FB7B     		ldrb	r3, [r7, #15]	@ zero_extendqisi2
 665:../../../firmware/n32h7xx_std_periph_driver/src/n32h7xx_dma.c **** }
 1761              		.loc 1 665 1
 1762 002c 1846     		mov	r0, r3
 1763 002e 1437     		adds	r7, r7, #20
 1764              	.LCFI86:
 1765              		.cfi_def_cfa_offset 4
 1766 0030 BD46     		mov	sp, r7
 1767              	.LCFI87:
 1768              		.cfi_def_cfa_register 13
 1769              		@ sp needed
 1770 0032 80BC     		pop	{r7}
 1771              	.LCFI88:
 1772              		.cfi_restore 7
 1773              		.cfi_def_cfa_offset 0
 1774 0034 7047     		bx	lr
 1775              		.cfi_endproc
 1776              	.LFE149:
 1778              		.section	.text.DMA_GetChannelIntDstTranStatus,"ax",%progbits
 1779              		.align	1
 1780              		.global	DMA_GetChannelIntDstTranStatus
 1781              		.syntax unified
 1782              		.thumb
 1783              		.thumb_func
 1785              	DMA_GetChannelIntDstTranStatus:
 1786              	.LFB150:
 666:../../../firmware/n32h7xx_std_periph_driver/src/n32h7xx_dma.c **** 
 667:../../../firmware/n32h7xx_std_periph_driver/src/n32h7xx_dma.c **** /**
 668:../../../firmware/n32h7xx_std_periph_driver/src/n32h7xx_dma.c **** *\*\name    DMA_GetChannelIntDstTranStatus.
 669:../../../firmware/n32h7xx_std_periph_driver/src/n32h7xx_dma.c **** *\*\fun     Gets the IntDstTran interrupt event status for the specified channel.
 670:../../../firmware/n32h7xx_std_periph_driver/src/n32h7xx_dma.c **** *\*\param   DMAy (The input parameters must be the following values):
 671:../../../firmware/n32h7xx_std_periph_driver/src/n32h7xx_dma.c **** *\*\          - DMA1
 672:../../../firmware/n32h7xx_std_periph_driver/src/n32h7xx_dma.c **** *\*\          - DMA2
 673:../../../firmware/n32h7xx_std_periph_driver/src/n32h7xx_dma.c **** *\*\          - DMA3
 674:../../../firmware/n32h7xx_std_periph_driver/src/n32h7xx_dma.c **** *\*\param   ChNum (The input parameters must be the following values):
 675:../../../firmware/n32h7xx_std_periph_driver/src/n32h7xx_dma.c **** *\*\          - DMA_CHANNEL_0
 676:../../../firmware/n32h7xx_std_periph_driver/src/n32h7xx_dma.c **** *\*\          - DMA_CHANNEL_1
 677:../../../firmware/n32h7xx_std_periph_driver/src/n32h7xx_dma.c **** *\*\          - DMA_CHANNEL_2
 678:../../../firmware/n32h7xx_std_periph_driver/src/n32h7xx_dma.c **** *\*\          - DMA_CHANNEL_3
ARM GAS  /tmp/ccfokkoU.s 			page 44


 679:../../../firmware/n32h7xx_std_periph_driver/src/n32h7xx_dma.c **** *\*\          - DMA_CHANNEL_4
 680:../../../firmware/n32h7xx_std_periph_driver/src/n32h7xx_dma.c **** *\*\          - DMA_CHANNEL_5
 681:../../../firmware/n32h7xx_std_periph_driver/src/n32h7xx_dma.c **** *\*\          - DMA_CHANNEL_6
 682:../../../firmware/n32h7xx_std_periph_driver/src/n32h7xx_dma.c **** *\*\          - DMA_CHANNEL_7
 683:../../../firmware/n32h7xx_std_periph_driver/src/n32h7xx_dma.c **** *\*\return  SET or RESET
 684:../../../firmware/n32h7xx_std_periph_driver/src/n32h7xx_dma.c **** **/
 685:../../../firmware/n32h7xx_std_periph_driver/src/n32h7xx_dma.c **** INTStatus DMA_GetChannelIntDstTranStatus(DMA_Module *const DMAy, DMA_ChNumType ChNum)
 686:../../../firmware/n32h7xx_std_periph_driver/src/n32h7xx_dma.c **** {
 1787              		.loc 1 686 1
 1788              		.cfi_startproc
 1789              		@ args = 0, pretend = 0, frame = 16
 1790              		@ frame_needed = 1, uses_anonymous_args = 0
 1791              		@ link register save eliminated.
 1792 0000 80B4     		push	{r7}
 1793              	.LCFI89:
 1794              		.cfi_def_cfa_offset 4
 1795              		.cfi_offset 7, -4
 1796 0002 85B0     		sub	sp, sp, #20
 1797              	.LCFI90:
 1798              		.cfi_def_cfa_offset 24
 1799 0004 00AF     		add	r7, sp, #0
 1800              	.LCFI91:
 1801              		.cfi_def_cfa_register 7
 1802 0006 7860     		str	r0, [r7, #4]
 1803 0008 0B46     		mov	r3, r1
 1804 000a FB70     		strb	r3, [r7, #3]
 687:../../../firmware/n32h7xx_std_periph_driver/src/n32h7xx_dma.c ****     INTStatus RetStatus;
 688:../../../firmware/n32h7xx_std_periph_driver/src/n32h7xx_dma.c **** 
 689:../../../firmware/n32h7xx_std_periph_driver/src/n32h7xx_dma.c ****     /* Read the interrupt status of the corresponding register */
 690:../../../firmware/n32h7xx_std_periph_driver/src/n32h7xx_dma.c ****     if (READ_BIT(DMAy->DTCINTSTS, (DMA_EVENT_DST_TRANSACTION_COMPLETE << ChNum)) != (uint32_t)RESET
 1805              		.loc 1 690 9
 1806 000c 7B68     		ldr	r3, [r7, #4]
 1807 000e D3F80023 		ldr	r2, [r3, #768]
 1808              		.loc 1 690 82
 1809 0012 FB78     		ldrb	r3, [r7, #3]	@ zero_extendqisi2
 1810 0014 22FA03F3 		lsr	r3, r2, r3
 1811 0018 03F00103 		and	r3, r3, #1
 1812              		.loc 1 690 8
 1813 001c 002B     		cmp	r3, #0
 1814 001e 02D0     		beq	.L72
 691:../../../firmware/n32h7xx_std_periph_driver/src/n32h7xx_dma.c ****     {
 692:../../../firmware/n32h7xx_std_periph_driver/src/n32h7xx_dma.c ****         /* This status of the channel is SET */
 693:../../../firmware/n32h7xx_std_periph_driver/src/n32h7xx_dma.c ****         RetStatus = SET;
 1815              		.loc 1 693 19
 1816 0020 0123     		movs	r3, #1
 1817 0022 FB73     		strb	r3, [r7, #15]
 1818 0024 01E0     		b	.L73
 1819              	.L72:
 694:../../../firmware/n32h7xx_std_periph_driver/src/n32h7xx_dma.c ****     }
 695:../../../firmware/n32h7xx_std_periph_driver/src/n32h7xx_dma.c ****     else
 696:../../../firmware/n32h7xx_std_periph_driver/src/n32h7xx_dma.c ****     {
 697:../../../firmware/n32h7xx_std_periph_driver/src/n32h7xx_dma.c ****         /* This status of the channel is RESET */
 698:../../../firmware/n32h7xx_std_periph_driver/src/n32h7xx_dma.c ****         RetStatus = RESET;
 1820              		.loc 1 698 19
 1821 0026 0023     		movs	r3, #0
 1822 0028 FB73     		strb	r3, [r7, #15]
 1823              	.L73:
ARM GAS  /tmp/ccfokkoU.s 			page 45


 699:../../../firmware/n32h7xx_std_periph_driver/src/n32h7xx_dma.c ****     }
 700:../../../firmware/n32h7xx_std_periph_driver/src/n32h7xx_dma.c **** 
 701:../../../firmware/n32h7xx_std_periph_driver/src/n32h7xx_dma.c ****     /* Return status */
 702:../../../firmware/n32h7xx_std_periph_driver/src/n32h7xx_dma.c ****     return RetStatus;
 1824              		.loc 1 702 12
 1825 002a FB7B     		ldrb	r3, [r7, #15]	@ zero_extendqisi2
 703:../../../firmware/n32h7xx_std_periph_driver/src/n32h7xx_dma.c **** }
 1826              		.loc 1 703 1
 1827 002c 1846     		mov	r0, r3
 1828 002e 1437     		adds	r7, r7, #20
 1829              	.LCFI92:
 1830              		.cfi_def_cfa_offset 4
 1831 0030 BD46     		mov	sp, r7
 1832              	.LCFI93:
 1833              		.cfi_def_cfa_register 13
 1834              		@ sp needed
 1835 0032 80BC     		pop	{r7}
 1836              	.LCFI94:
 1837              		.cfi_restore 7
 1838              		.cfi_def_cfa_offset 0
 1839 0034 7047     		bx	lr
 1840              		.cfi_endproc
 1841              	.LFE150:
 1843              		.section	.text.DMA_GetChannelIntErrStatus,"ax",%progbits
 1844              		.align	1
 1845              		.global	DMA_GetChannelIntErrStatus
 1846              		.syntax unified
 1847              		.thumb
 1848              		.thumb_func
 1850              	DMA_GetChannelIntErrStatus:
 1851              	.LFB151:
 704:../../../firmware/n32h7xx_std_periph_driver/src/n32h7xx_dma.c **** 
 705:../../../firmware/n32h7xx_std_periph_driver/src/n32h7xx_dma.c **** /**
 706:../../../firmware/n32h7xx_std_periph_driver/src/n32h7xx_dma.c **** *\*\name    DMA_GetChannelIntErrStatus.
 707:../../../firmware/n32h7xx_std_periph_driver/src/n32h7xx_dma.c **** *\*\fun     Gets the IntErr interrupt event status for the specified channel.
 708:../../../firmware/n32h7xx_std_periph_driver/src/n32h7xx_dma.c **** *\*\param   DMAy (The input parameters must be the following values):
 709:../../../firmware/n32h7xx_std_periph_driver/src/n32h7xx_dma.c **** *\*\          - DMA1
 710:../../../firmware/n32h7xx_std_periph_driver/src/n32h7xx_dma.c **** *\*\          - DMA2
 711:../../../firmware/n32h7xx_std_periph_driver/src/n32h7xx_dma.c **** *\*\          - DMA3
 712:../../../firmware/n32h7xx_std_periph_driver/src/n32h7xx_dma.c **** *\*\param   ChNum (The input parameters must be the following values):
 713:../../../firmware/n32h7xx_std_periph_driver/src/n32h7xx_dma.c **** *\*\          - DMA_CHANNEL_0
 714:../../../firmware/n32h7xx_std_periph_driver/src/n32h7xx_dma.c **** *\*\          - DMA_CHANNEL_1
 715:../../../firmware/n32h7xx_std_periph_driver/src/n32h7xx_dma.c **** *\*\          - DMA_CHANNEL_2
 716:../../../firmware/n32h7xx_std_periph_driver/src/n32h7xx_dma.c **** *\*\          - DMA_CHANNEL_3
 717:../../../firmware/n32h7xx_std_periph_driver/src/n32h7xx_dma.c **** *\*\          - DMA_CHANNEL_4
 718:../../../firmware/n32h7xx_std_periph_driver/src/n32h7xx_dma.c **** *\*\          - DMA_CHANNEL_5
 719:../../../firmware/n32h7xx_std_periph_driver/src/n32h7xx_dma.c **** *\*\          - DMA_CHANNEL_6
 720:../../../firmware/n32h7xx_std_periph_driver/src/n32h7xx_dma.c **** *\*\          - DMA_CHANNEL_7
 721:../../../firmware/n32h7xx_std_periph_driver/src/n32h7xx_dma.c **** *\*\return  SET or RESET
 722:../../../firmware/n32h7xx_std_periph_driver/src/n32h7xx_dma.c **** **/
 723:../../../firmware/n32h7xx_std_periph_driver/src/n32h7xx_dma.c **** INTStatus DMA_GetChannelIntErrStatus(DMA_Module *const DMAy, DMA_ChNumType ChNum)
 724:../../../firmware/n32h7xx_std_periph_driver/src/n32h7xx_dma.c **** {
 1852              		.loc 1 724 1
 1853              		.cfi_startproc
 1854              		@ args = 0, pretend = 0, frame = 16
 1855              		@ frame_needed = 1, uses_anonymous_args = 0
 1856              		@ link register save eliminated.
ARM GAS  /tmp/ccfokkoU.s 			page 46


 1857 0000 80B4     		push	{r7}
 1858              	.LCFI95:
 1859              		.cfi_def_cfa_offset 4
 1860              		.cfi_offset 7, -4
 1861 0002 85B0     		sub	sp, sp, #20
 1862              	.LCFI96:
 1863              		.cfi_def_cfa_offset 24
 1864 0004 00AF     		add	r7, sp, #0
 1865              	.LCFI97:
 1866              		.cfi_def_cfa_register 7
 1867 0006 7860     		str	r0, [r7, #4]
 1868 0008 0B46     		mov	r3, r1
 1869 000a FB70     		strb	r3, [r7, #3]
 725:../../../firmware/n32h7xx_std_periph_driver/src/n32h7xx_dma.c ****     INTStatus RetStatus;
 726:../../../firmware/n32h7xx_std_periph_driver/src/n32h7xx_dma.c **** 
 727:../../../firmware/n32h7xx_std_periph_driver/src/n32h7xx_dma.c ****     /* Read the interrupt status of the corresponding register */
 728:../../../firmware/n32h7xx_std_periph_driver/src/n32h7xx_dma.c ****     if (READ_BIT(DMAy->ERRINTSTS, (DMA_EVENT_ERROR << ChNum)) != (uint32_t)RESET)
 1870              		.loc 1 728 9
 1871 000c 7B68     		ldr	r3, [r7, #4]
 1872 000e D3F80823 		ldr	r2, [r3, #776]
 1873              		.loc 1 728 63
 1874 0012 FB78     		ldrb	r3, [r7, #3]	@ zero_extendqisi2
 1875 0014 22FA03F3 		lsr	r3, r2, r3
 1876 0018 03F00103 		and	r3, r3, #1
 1877              		.loc 1 728 8
 1878 001c 002B     		cmp	r3, #0
 1879 001e 02D0     		beq	.L76
 729:../../../firmware/n32h7xx_std_periph_driver/src/n32h7xx_dma.c ****     {
 730:../../../firmware/n32h7xx_std_periph_driver/src/n32h7xx_dma.c ****         /* This status of the channel is SET */
 731:../../../firmware/n32h7xx_std_periph_driver/src/n32h7xx_dma.c ****         RetStatus = SET;
 1880              		.loc 1 731 19
 1881 0020 0123     		movs	r3, #1
 1882 0022 FB73     		strb	r3, [r7, #15]
 1883 0024 01E0     		b	.L77
 1884              	.L76:
 732:../../../firmware/n32h7xx_std_periph_driver/src/n32h7xx_dma.c ****     }
 733:../../../firmware/n32h7xx_std_periph_driver/src/n32h7xx_dma.c ****     else
 734:../../../firmware/n32h7xx_std_periph_driver/src/n32h7xx_dma.c ****     {
 735:../../../firmware/n32h7xx_std_periph_driver/src/n32h7xx_dma.c ****         /* This status of the channel is RESET */
 736:../../../firmware/n32h7xx_std_periph_driver/src/n32h7xx_dma.c ****         RetStatus = RESET;
 1885              		.loc 1 736 19
 1886 0026 0023     		movs	r3, #0
 1887 0028 FB73     		strb	r3, [r7, #15]
 1888              	.L77:
 737:../../../firmware/n32h7xx_std_periph_driver/src/n32h7xx_dma.c ****     }
 738:../../../firmware/n32h7xx_std_periph_driver/src/n32h7xx_dma.c **** 
 739:../../../firmware/n32h7xx_std_periph_driver/src/n32h7xx_dma.c ****     /* Return status */
 740:../../../firmware/n32h7xx_std_periph_driver/src/n32h7xx_dma.c ****     return RetStatus;
 1889              		.loc 1 740 12
 1890 002a FB7B     		ldrb	r3, [r7, #15]	@ zero_extendqisi2
 741:../../../firmware/n32h7xx_std_periph_driver/src/n32h7xx_dma.c **** }
 1891              		.loc 1 741 1
 1892 002c 1846     		mov	r0, r3
 1893 002e 1437     		adds	r7, r7, #20
 1894              	.LCFI98:
 1895              		.cfi_def_cfa_offset 4
 1896 0030 BD46     		mov	sp, r7
ARM GAS  /tmp/ccfokkoU.s 			page 47


 1897              	.LCFI99:
 1898              		.cfi_def_cfa_register 13
 1899              		@ sp needed
 1900 0032 80BC     		pop	{r7}
 1901              	.LCFI100:
 1902              		.cfi_restore 7
 1903              		.cfi_def_cfa_offset 0
 1904 0034 7047     		bx	lr
 1905              		.cfi_endproc
 1906              	.LFE151:
 1908              		.section	.text.DMA_ChannelSourceGatherCmd,"ax",%progbits
 1909              		.align	1
 1910              		.global	DMA_ChannelSourceGatherCmd
 1911              		.syntax unified
 1912              		.thumb
 1913              		.thumb_func
 1915              	DMA_ChannelSourceGatherCmd:
 1916              	.LFB152:
 742:../../../firmware/n32h7xx_std_periph_driver/src/n32h7xx_dma.c **** 
 743:../../../firmware/n32h7xx_std_periph_driver/src/n32h7xx_dma.c **** /**
 744:../../../firmware/n32h7xx_std_periph_driver/src/n32h7xx_dma.c **** *\*\name    DMA_ChannelSourceGatherCmd.
 745:../../../firmware/n32h7xx_std_periph_driver/src/n32h7xx_dma.c **** *\*\fun     Enable or disable a DMA Channel source gather.
 746:../../../firmware/n32h7xx_std_periph_driver/src/n32h7xx_dma.c **** *\*\param   DMAy (The input parameters must be the following values):
 747:../../../firmware/n32h7xx_std_periph_driver/src/n32h7xx_dma.c **** *\*\          - DMA1
 748:../../../firmware/n32h7xx_std_periph_driver/src/n32h7xx_dma.c **** *\*\          - DMA2
 749:../../../firmware/n32h7xx_std_periph_driver/src/n32h7xx_dma.c **** *\*\          - DMA3
 750:../../../firmware/n32h7xx_std_periph_driver/src/n32h7xx_dma.c **** *\*\param   ChNum (The input parameters must be the following values):
 751:../../../firmware/n32h7xx_std_periph_driver/src/n32h7xx_dma.c **** *\*\          - DMA_CHANNEL_0
 752:../../../firmware/n32h7xx_std_periph_driver/src/n32h7xx_dma.c **** *\*\          - DMA_CHANNEL_1
 753:../../../firmware/n32h7xx_std_periph_driver/src/n32h7xx_dma.c **** *\*\          - DMA_CHANNEL_2
 754:../../../firmware/n32h7xx_std_periph_driver/src/n32h7xx_dma.c **** *\*\          - DMA_CHANNEL_3
 755:../../../firmware/n32h7xx_std_periph_driver/src/n32h7xx_dma.c **** *\*\          - DMA_CHANNEL_4
 756:../../../firmware/n32h7xx_std_periph_driver/src/n32h7xx_dma.c **** *\*\          - DMA_CHANNEL_5
 757:../../../firmware/n32h7xx_std_periph_driver/src/n32h7xx_dma.c **** *\*\          - DMA_CHANNEL_6
 758:../../../firmware/n32h7xx_std_periph_driver/src/n32h7xx_dma.c **** *\*\          - DMA_CHANNEL_7
 759:../../../firmware/n32h7xx_std_periph_driver/src/n32h7xx_dma.c **** *\*\param   Cmd (The input parameters must be the following values):
 760:../../../firmware/n32h7xx_std_periph_driver/src/n32h7xx_dma.c **** *\*\          - ENABLE
 761:../../../firmware/n32h7xx_std_periph_driver/src/n32h7xx_dma.c **** *\*\          - DISABLE
 762:../../../firmware/n32h7xx_std_periph_driver/src/n32h7xx_dma.c **** *\*\return  none
 763:../../../firmware/n32h7xx_std_periph_driver/src/n32h7xx_dma.c **** **/
 764:../../../firmware/n32h7xx_std_periph_driver/src/n32h7xx_dma.c **** void DMA_ChannelSourceGatherCmd(DMA_Module *const DMAy, DMA_ChNumType ChNum, FunctionalStatus Cmd)
 765:../../../firmware/n32h7xx_std_periph_driver/src/n32h7xx_dma.c **** {
 1917              		.loc 1 765 1
 1918              		.cfi_startproc
 1919              		@ args = 0, pretend = 0, frame = 8
 1920              		@ frame_needed = 1, uses_anonymous_args = 0
 1921              		@ link register save eliminated.
 1922 0000 2DE9B003 		push	{r4, r5, r7, r8, r9}
 1923              	.LCFI101:
 1924              		.cfi_def_cfa_offset 20
 1925              		.cfi_offset 4, -20
 1926              		.cfi_offset 5, -16
 1927              		.cfi_offset 7, -12
 1928              		.cfi_offset 8, -8
 1929              		.cfi_offset 9, -4
 1930 0004 83B0     		sub	sp, sp, #12
 1931              	.LCFI102:
ARM GAS  /tmp/ccfokkoU.s 			page 48


 1932              		.cfi_def_cfa_offset 32
 1933 0006 00AF     		add	r7, sp, #0
 1934              	.LCFI103:
 1935              		.cfi_def_cfa_register 7
 1936 0008 7860     		str	r0, [r7, #4]
 1937 000a 0B46     		mov	r3, r1
 1938 000c FB70     		strb	r3, [r7, #3]
 1939 000e 1346     		mov	r3, r2
 1940 0010 BB70     		strb	r3, [r7, #2]
 766:../../../firmware/n32h7xx_std_periph_driver/src/n32h7xx_dma.c ****     if (Cmd != DISABLE)
 1941              		.loc 1 766 8
 1942 0012 BB78     		ldrb	r3, [r7, #2]	@ zero_extendqisi2
 1943 0014 002B     		cmp	r3, #0
 1944 0016 15D0     		beq	.L80
 767:../../../firmware/n32h7xx_std_periph_driver/src/n32h7xx_dma.c ****     {
 768:../../../firmware/n32h7xx_std_periph_driver/src/n32h7xx_dma.c ****         /* Enable the Source gather */
 769:../../../firmware/n32h7xx_std_periph_driver/src/n32h7xx_dma.c ****         SET_BIT(DMAy->CH[ChNum].CTRL, DMA_CHNCTRL_SRCGATEN);
 1945              		.loc 1 769 9
 1946 0018 FB78     		ldrb	r3, [r7, #3]	@ zero_extendqisi2
 1947 001a 7A68     		ldr	r2, [r7, #4]
 1948 001c 5821     		movs	r1, #88
 1949 001e 01FB03F3 		mul	r3, r1, r3
 1950 0022 1344     		add	r3, r3, r2
 1951 0024 1833     		adds	r3, r3, #24
 1952 0026 D3E90023 		ldrd	r2, [r3]
 1953 002a F978     		ldrb	r1, [r7, #3]	@ zero_extendqisi2
 1954 002c 42F40038 		orr	r8, r2, #131072
 1955 0030 9946     		mov	r9, r3
 1956 0032 7A68     		ldr	r2, [r7, #4]
 1957 0034 5823     		movs	r3, #88
 1958 0036 01FB03F3 		mul	r3, r1, r3
 1959 003a 1344     		add	r3, r3, r2
 1960 003c 1833     		adds	r3, r3, #24
 1961 003e C3E90089 		strd	r8, [r3]
 770:../../../firmware/n32h7xx_std_periph_driver/src/n32h7xx_dma.c ****     }
 771:../../../firmware/n32h7xx_std_periph_driver/src/n32h7xx_dma.c ****     else
 772:../../../firmware/n32h7xx_std_periph_driver/src/n32h7xx_dma.c ****     {
 773:../../../firmware/n32h7xx_std_periph_driver/src/n32h7xx_dma.c ****         /* Disable the Source gather */
 774:../../../firmware/n32h7xx_std_periph_driver/src/n32h7xx_dma.c ****         CLEAR_BIT(DMAy->CH[ChNum].CTRL, DMA_CHNCTRL_SRCGATEN);
 775:../../../firmware/n32h7xx_std_periph_driver/src/n32h7xx_dma.c ****     }
 776:../../../firmware/n32h7xx_std_periph_driver/src/n32h7xx_dma.c **** }
 1962              		.loc 1 776 1
 1963 0042 14E0     		b	.L82
 1964              	.L80:
 774:../../../firmware/n32h7xx_std_periph_driver/src/n32h7xx_dma.c ****     }
 1965              		.loc 1 774 9
 1966 0044 FB78     		ldrb	r3, [r7, #3]	@ zero_extendqisi2
 1967 0046 7A68     		ldr	r2, [r7, #4]
 1968 0048 5821     		movs	r1, #88
 1969 004a 01FB03F3 		mul	r3, r1, r3
 1970 004e 1344     		add	r3, r3, r2
 1971 0050 1833     		adds	r3, r3, #24
 1972 0052 D3E90023 		ldrd	r2, [r3]
 1973 0056 F978     		ldrb	r1, [r7, #3]	@ zero_extendqisi2
 1974 0058 22F40034 		bic	r4, r2, #131072
 1975 005c 1D46     		mov	r5, r3
 1976 005e 7A68     		ldr	r2, [r7, #4]
ARM GAS  /tmp/ccfokkoU.s 			page 49


 1977 0060 5823     		movs	r3, #88
 1978 0062 01FB03F3 		mul	r3, r1, r3
 1979 0066 1344     		add	r3, r3, r2
 1980 0068 1833     		adds	r3, r3, #24
 1981 006a C3E90045 		strd	r4, [r3]
 1982              	.L82:
 1983              		.loc 1 776 1
 1984 006e 00BF     		nop
 1985 0070 0C37     		adds	r7, r7, #12
 1986              	.LCFI104:
 1987              		.cfi_def_cfa_offset 20
 1988 0072 BD46     		mov	sp, r7
 1989              	.LCFI105:
 1990              		.cfi_def_cfa_register 13
 1991              		@ sp needed
 1992 0074 BDE8B003 		pop	{r4, r5, r7, r8, r9}
 1993              	.LCFI106:
 1994              		.cfi_restore 9
 1995              		.cfi_restore 8
 1996              		.cfi_restore 7
 1997              		.cfi_restore 5
 1998              		.cfi_restore 4
 1999              		.cfi_def_cfa_offset 0
 2000 0078 7047     		bx	lr
 2001              		.cfi_endproc
 2002              	.LFE152:
 2004              		.section	.text.DMA_SetChannelSourceGather,"ax",%progbits
 2005              		.align	1
 2006              		.global	DMA_SetChannelSourceGather
 2007              		.syntax unified
 2008              		.thumb
 2009              		.thumb_func
 2011              	DMA_SetChannelSourceGather:
 2012              	.LFB153:
 777:../../../firmware/n32h7xx_std_periph_driver/src/n32h7xx_dma.c **** 
 778:../../../firmware/n32h7xx_std_periph_driver/src/n32h7xx_dma.c **** /**
 779:../../../firmware/n32h7xx_std_periph_driver/src/n32h7xx_dma.c **** *\*\name    DMA_SetChannelSourceGather.
 780:../../../firmware/n32h7xx_std_periph_driver/src/n32h7xx_dma.c **** *\*\fun     Sets the source gather interval and count of the specified channel.
 781:../../../firmware/n32h7xx_std_periph_driver/src/n32h7xx_dma.c **** *\*\param   DMAy (The input parameters must be the following values):
 782:../../../firmware/n32h7xx_std_periph_driver/src/n32h7xx_dma.c **** *\*\          - DMA1
 783:../../../firmware/n32h7xx_std_periph_driver/src/n32h7xx_dma.c **** *\*\          - DMA2
 784:../../../firmware/n32h7xx_std_periph_driver/src/n32h7xx_dma.c **** *\*\          - DMA3
 785:../../../firmware/n32h7xx_std_periph_driver/src/n32h7xx_dma.c **** *\*\param   ChNum (The input parameters must be the following values):
 786:../../../firmware/n32h7xx_std_periph_driver/src/n32h7xx_dma.c **** *\*\          - DMA_CHANNEL_0
 787:../../../firmware/n32h7xx_std_periph_driver/src/n32h7xx_dma.c **** *\*\          - DMA_CHANNEL_1
 788:../../../firmware/n32h7xx_std_periph_driver/src/n32h7xx_dma.c **** *\*\          - DMA_CHANNEL_2
 789:../../../firmware/n32h7xx_std_periph_driver/src/n32h7xx_dma.c **** *\*\          - DMA_CHANNEL_3
 790:../../../firmware/n32h7xx_std_periph_driver/src/n32h7xx_dma.c **** *\*\          - DMA_CHANNEL_4
 791:../../../firmware/n32h7xx_std_periph_driver/src/n32h7xx_dma.c **** *\*\          - DMA_CHANNEL_5
 792:../../../firmware/n32h7xx_std_periph_driver/src/n32h7xx_dma.c **** *\*\          - DMA_CHANNEL_6
 793:../../../firmware/n32h7xx_std_periph_driver/src/n32h7xx_dma.c **** *\*\          - DMA_CHANNEL_7
 794:../../../firmware/n32h7xx_std_periph_driver/src/n32h7xx_dma.c **** *\*\param   Interval:
 795:../../../firmware/n32h7xx_std_periph_driver/src/n32h7xx_dma.c **** *\*\          - Source Gather Interval (0~0xFFFFF)
 796:../../../firmware/n32h7xx_std_periph_driver/src/n32h7xx_dma.c **** *\*\param   Count:
 797:../../../firmware/n32h7xx_std_periph_driver/src/n32h7xx_dma.c **** *\*\          - Source contiguous transfer count between successive gather boundaries (0~0x1FF)
 798:../../../firmware/n32h7xx_std_periph_driver/src/n32h7xx_dma.c **** *\*\return  none
 799:../../../firmware/n32h7xx_std_periph_driver/src/n32h7xx_dma.c **** **/
ARM GAS  /tmp/ccfokkoU.s 			page 50


 800:../../../firmware/n32h7xx_std_periph_driver/src/n32h7xx_dma.c **** void DMA_SetChannelSourceGather(DMA_Module *const DMAy, DMA_ChNumType ChNum, uint32_t Interval, uin
 801:../../../firmware/n32h7xx_std_periph_driver/src/n32h7xx_dma.c **** {
 2013              		.loc 1 801 1
 2014              		.cfi_startproc
 2015              		@ args = 0, pretend = 0, frame = 16
 2016              		@ frame_needed = 1, uses_anonymous_args = 0
 2017              		@ link register save eliminated.
 2018 0000 80B4     		push	{r7}
 2019              	.LCFI107:
 2020              		.cfi_def_cfa_offset 4
 2021              		.cfi_offset 7, -4
 2022 0002 85B0     		sub	sp, sp, #20
 2023              	.LCFI108:
 2024              		.cfi_def_cfa_offset 24
 2025 0004 00AF     		add	r7, sp, #0
 2026              	.LCFI109:
 2027              		.cfi_def_cfa_register 7
 2028 0006 F860     		str	r0, [r7, #12]
 2029 0008 7A60     		str	r2, [r7, #4]
 2030 000a 3B60     		str	r3, [r7]
 2031 000c 0B46     		mov	r3, r1
 2032 000e FB72     		strb	r3, [r7, #11]
 802:../../../firmware/n32h7xx_std_periph_driver/src/n32h7xx_dma.c ****     WRITE_REG(DMAy->CH[ChNum].SG, (Interval | (Count << 20U)));
 2033              		.loc 1 802 5
 2034 0010 3B68     		ldr	r3, [r7]
 2035 0012 1905     		lsls	r1, r3, #20
 2036 0014 FB7A     		ldrb	r3, [r7, #11]	@ zero_extendqisi2
 2037 0016 7A68     		ldr	r2, [r7, #4]
 2038 0018 0A43     		orrs	r2, r2, r1
 2039 001a F968     		ldr	r1, [r7, #12]
 2040 001c 5820     		movs	r0, #88
 2041 001e 00FB03F3 		mul	r3, r0, r3
 2042 0022 0B44     		add	r3, r3, r1
 2043 0024 4833     		adds	r3, r3, #72
 2044 0026 1A60     		str	r2, [r3]
 803:../../../firmware/n32h7xx_std_periph_driver/src/n32h7xx_dma.c **** }
 2045              		.loc 1 803 1
 2046 0028 00BF     		nop
 2047 002a 1437     		adds	r7, r7, #20
 2048              	.LCFI110:
 2049              		.cfi_def_cfa_offset 4
 2050 002c BD46     		mov	sp, r7
 2051              	.LCFI111:
 2052              		.cfi_def_cfa_register 13
 2053              		@ sp needed
 2054 002e 80BC     		pop	{r7}
 2055              	.LCFI112:
 2056              		.cfi_restore 7
 2057              		.cfi_def_cfa_offset 0
 2058 0030 7047     		bx	lr
 2059              		.cfi_endproc
 2060              	.LFE153:
 2062              		.section	.text.DMA_ChannelDestinationScatterCmd,"ax",%progbits
 2063              		.align	1
 2064              		.global	DMA_ChannelDestinationScatterCmd
 2065              		.syntax unified
 2066              		.thumb
ARM GAS  /tmp/ccfokkoU.s 			page 51


 2067              		.thumb_func
 2069              	DMA_ChannelDestinationScatterCmd:
 2070              	.LFB154:
 804:../../../firmware/n32h7xx_std_periph_driver/src/n32h7xx_dma.c **** 
 805:../../../firmware/n32h7xx_std_periph_driver/src/n32h7xx_dma.c **** /**
 806:../../../firmware/n32h7xx_std_periph_driver/src/n32h7xx_dma.c **** *\*\name    DMA_ChannelDestinationScatterCmd.
 807:../../../firmware/n32h7xx_std_periph_driver/src/n32h7xx_dma.c **** *\*\fun     Enable or disable a DMA Channel destination scatter.
 808:../../../firmware/n32h7xx_std_periph_driver/src/n32h7xx_dma.c **** *\*\param   DMAy (The input parameters must be the following values):
 809:../../../firmware/n32h7xx_std_periph_driver/src/n32h7xx_dma.c **** *\*\          - DMA1
 810:../../../firmware/n32h7xx_std_periph_driver/src/n32h7xx_dma.c **** *\*\          - DMA2
 811:../../../firmware/n32h7xx_std_periph_driver/src/n32h7xx_dma.c **** *\*\          - DMA3
 812:../../../firmware/n32h7xx_std_periph_driver/src/n32h7xx_dma.c **** *\*\param   ChNum (The input parameters must be the following values):
 813:../../../firmware/n32h7xx_std_periph_driver/src/n32h7xx_dma.c **** *\*\          - DMA_CHANNEL_0
 814:../../../firmware/n32h7xx_std_periph_driver/src/n32h7xx_dma.c **** *\*\          - DMA_CHANNEL_1
 815:../../../firmware/n32h7xx_std_periph_driver/src/n32h7xx_dma.c **** *\*\          - DMA_CHANNEL_2
 816:../../../firmware/n32h7xx_std_periph_driver/src/n32h7xx_dma.c **** *\*\          - DMA_CHANNEL_3
 817:../../../firmware/n32h7xx_std_periph_driver/src/n32h7xx_dma.c **** *\*\          - DMA_CHANNEL_4
 818:../../../firmware/n32h7xx_std_periph_driver/src/n32h7xx_dma.c **** *\*\          - DMA_CHANNEL_5
 819:../../../firmware/n32h7xx_std_periph_driver/src/n32h7xx_dma.c **** *\*\          - DMA_CHANNEL_6
 820:../../../firmware/n32h7xx_std_periph_driver/src/n32h7xx_dma.c **** *\*\          - DMA_CHANNEL_7
 821:../../../firmware/n32h7xx_std_periph_driver/src/n32h7xx_dma.c **** *\*\param   Cmd (The input parameters must be the following values):
 822:../../../firmware/n32h7xx_std_periph_driver/src/n32h7xx_dma.c **** *\*\          - ENABLE
 823:../../../firmware/n32h7xx_std_periph_driver/src/n32h7xx_dma.c **** *\*\          - DISABLE
 824:../../../firmware/n32h7xx_std_periph_driver/src/n32h7xx_dma.c **** *\*\return  none
 825:../../../firmware/n32h7xx_std_periph_driver/src/n32h7xx_dma.c **** **/
 826:../../../firmware/n32h7xx_std_periph_driver/src/n32h7xx_dma.c **** void DMA_ChannelDestinationScatterCmd(DMA_Module *const DMAy, DMA_ChNumType ChNum, FunctionalStatus
 827:../../../firmware/n32h7xx_std_periph_driver/src/n32h7xx_dma.c **** {
 2071              		.loc 1 827 1
 2072              		.cfi_startproc
 2073              		@ args = 0, pretend = 0, frame = 8
 2074              		@ frame_needed = 1, uses_anonymous_args = 0
 2075              		@ link register save eliminated.
 2076 0000 2DE9B003 		push	{r4, r5, r7, r8, r9}
 2077              	.LCFI113:
 2078              		.cfi_def_cfa_offset 20
 2079              		.cfi_offset 4, -20
 2080              		.cfi_offset 5, -16
 2081              		.cfi_offset 7, -12
 2082              		.cfi_offset 8, -8
 2083              		.cfi_offset 9, -4
 2084 0004 83B0     		sub	sp, sp, #12
 2085              	.LCFI114:
 2086              		.cfi_def_cfa_offset 32
 2087 0006 00AF     		add	r7, sp, #0
 2088              	.LCFI115:
 2089              		.cfi_def_cfa_register 7
 2090 0008 7860     		str	r0, [r7, #4]
 2091 000a 0B46     		mov	r3, r1
 2092 000c FB70     		strb	r3, [r7, #3]
 2093 000e 1346     		mov	r3, r2
 2094 0010 BB70     		strb	r3, [r7, #2]
 828:../../../firmware/n32h7xx_std_periph_driver/src/n32h7xx_dma.c ****     if (Cmd != DISABLE)
 2095              		.loc 1 828 8
 2096 0012 BB78     		ldrb	r3, [r7, #2]	@ zero_extendqisi2
 2097 0014 002B     		cmp	r3, #0
 2098 0016 15D0     		beq	.L85
 829:../../../firmware/n32h7xx_std_periph_driver/src/n32h7xx_dma.c ****     {
ARM GAS  /tmp/ccfokkoU.s 			page 52


 830:../../../firmware/n32h7xx_std_periph_driver/src/n32h7xx_dma.c ****         /* Enable the destination scatter */
 831:../../../firmware/n32h7xx_std_periph_driver/src/n32h7xx_dma.c ****         SET_BIT(DMAy->CH[ChNum].CTRL, DMA_CHNCTRL_DSTSCAEN);
 2099              		.loc 1 831 9
 2100 0018 FB78     		ldrb	r3, [r7, #3]	@ zero_extendqisi2
 2101 001a 7A68     		ldr	r2, [r7, #4]
 2102 001c 5821     		movs	r1, #88
 2103 001e 01FB03F3 		mul	r3, r1, r3
 2104 0022 1344     		add	r3, r3, r2
 2105 0024 1833     		adds	r3, r3, #24
 2106 0026 D3E90023 		ldrd	r2, [r3]
 2107 002a F978     		ldrb	r1, [r7, #3]	@ zero_extendqisi2
 2108 002c 42F48028 		orr	r8, r2, #262144
 2109 0030 9946     		mov	r9, r3
 2110 0032 7A68     		ldr	r2, [r7, #4]
 2111 0034 5823     		movs	r3, #88
 2112 0036 01FB03F3 		mul	r3, r1, r3
 2113 003a 1344     		add	r3, r3, r2
 2114 003c 1833     		adds	r3, r3, #24
 2115 003e C3E90089 		strd	r8, [r3]
 832:../../../firmware/n32h7xx_std_periph_driver/src/n32h7xx_dma.c ****     }
 833:../../../firmware/n32h7xx_std_periph_driver/src/n32h7xx_dma.c ****     else
 834:../../../firmware/n32h7xx_std_periph_driver/src/n32h7xx_dma.c ****     {
 835:../../../firmware/n32h7xx_std_periph_driver/src/n32h7xx_dma.c ****         /* Disable the destination scatter */
 836:../../../firmware/n32h7xx_std_periph_driver/src/n32h7xx_dma.c ****         CLEAR_BIT(DMAy->CH[ChNum].CTRL, DMA_CHNCTRL_DSTSCAEN);
 837:../../../firmware/n32h7xx_std_periph_driver/src/n32h7xx_dma.c ****     }
 838:../../../firmware/n32h7xx_std_periph_driver/src/n32h7xx_dma.c **** }
 2116              		.loc 1 838 1
 2117 0042 14E0     		b	.L87
 2118              	.L85:
 836:../../../firmware/n32h7xx_std_periph_driver/src/n32h7xx_dma.c ****     }
 2119              		.loc 1 836 9
 2120 0044 FB78     		ldrb	r3, [r7, #3]	@ zero_extendqisi2
 2121 0046 7A68     		ldr	r2, [r7, #4]
 2122 0048 5821     		movs	r1, #88
 2123 004a 01FB03F3 		mul	r3, r1, r3
 2124 004e 1344     		add	r3, r3, r2
 2125 0050 1833     		adds	r3, r3, #24
 2126 0052 D3E90023 		ldrd	r2, [r3]
 2127 0056 F978     		ldrb	r1, [r7, #3]	@ zero_extendqisi2
 2128 0058 22F48024 		bic	r4, r2, #262144
 2129 005c 1D46     		mov	r5, r3
 2130 005e 7A68     		ldr	r2, [r7, #4]
 2131 0060 5823     		movs	r3, #88
 2132 0062 01FB03F3 		mul	r3, r1, r3
 2133 0066 1344     		add	r3, r3, r2
 2134 0068 1833     		adds	r3, r3, #24
 2135 006a C3E90045 		strd	r4, [r3]
 2136              	.L87:
 2137              		.loc 1 838 1
 2138 006e 00BF     		nop
 2139 0070 0C37     		adds	r7, r7, #12
 2140              	.LCFI116:
 2141              		.cfi_def_cfa_offset 20
 2142 0072 BD46     		mov	sp, r7
 2143              	.LCFI117:
 2144              		.cfi_def_cfa_register 13
 2145              		@ sp needed
ARM GAS  /tmp/ccfokkoU.s 			page 53


 2146 0074 BDE8B003 		pop	{r4, r5, r7, r8, r9}
 2147              	.LCFI118:
 2148              		.cfi_restore 9
 2149              		.cfi_restore 8
 2150              		.cfi_restore 7
 2151              		.cfi_restore 5
 2152              		.cfi_restore 4
 2153              		.cfi_def_cfa_offset 0
 2154 0078 7047     		bx	lr
 2155              		.cfi_endproc
 2156              	.LFE154:
 2158              		.section	.text.DMA_SetChannelDestinationScatter,"ax",%progbits
 2159              		.align	1
 2160              		.global	DMA_SetChannelDestinationScatter
 2161              		.syntax unified
 2162              		.thumb
 2163              		.thumb_func
 2165              	DMA_SetChannelDestinationScatter:
 2166              	.LFB155:
 839:../../../firmware/n32h7xx_std_periph_driver/src/n32h7xx_dma.c **** 
 840:../../../firmware/n32h7xx_std_periph_driver/src/n32h7xx_dma.c **** /**
 841:../../../firmware/n32h7xx_std_periph_driver/src/n32h7xx_dma.c **** *\*\name    DMA_SetChannelDestinationScatter.
 842:../../../firmware/n32h7xx_std_periph_driver/src/n32h7xx_dma.c **** *\*\fun     Sets the destination scatter interval and count of the specified channel.
 843:../../../firmware/n32h7xx_std_periph_driver/src/n32h7xx_dma.c **** *\*\param   DMAy (The input parameters must be the following values):
 844:../../../firmware/n32h7xx_std_periph_driver/src/n32h7xx_dma.c **** *\*\          - DMA1
 845:../../../firmware/n32h7xx_std_periph_driver/src/n32h7xx_dma.c **** *\*\          - DMA2
 846:../../../firmware/n32h7xx_std_periph_driver/src/n32h7xx_dma.c **** *\*\          - DMA3
 847:../../../firmware/n32h7xx_std_periph_driver/src/n32h7xx_dma.c **** *\*\param   ChNum (The input parameters must be the following values):
 848:../../../firmware/n32h7xx_std_periph_driver/src/n32h7xx_dma.c **** *\*\          - DMA_CHANNEL_0
 849:../../../firmware/n32h7xx_std_periph_driver/src/n32h7xx_dma.c **** *\*\          - DMA_CHANNEL_1
 850:../../../firmware/n32h7xx_std_periph_driver/src/n32h7xx_dma.c **** *\*\          - DMA_CHANNEL_2
 851:../../../firmware/n32h7xx_std_periph_driver/src/n32h7xx_dma.c **** *\*\          - DMA_CHANNEL_3
 852:../../../firmware/n32h7xx_std_periph_driver/src/n32h7xx_dma.c **** *\*\          - DMA_CHANNEL_4
 853:../../../firmware/n32h7xx_std_periph_driver/src/n32h7xx_dma.c **** *\*\          - DMA_CHANNEL_5
 854:../../../firmware/n32h7xx_std_periph_driver/src/n32h7xx_dma.c **** *\*\          - DMA_CHANNEL_6
 855:../../../firmware/n32h7xx_std_periph_driver/src/n32h7xx_dma.c **** *\*\          - DMA_CHANNEL_7
 856:../../../firmware/n32h7xx_std_periph_driver/src/n32h7xx_dma.c **** *\*\param   Interval:
 857:../../../firmware/n32h7xx_std_periph_driver/src/n32h7xx_dma.c **** *\*\          - Destination scatter Interval (0~0xFFFFF)
 858:../../../firmware/n32h7xx_std_periph_driver/src/n32h7xx_dma.c **** *\*\param   Count:
 859:../../../firmware/n32h7xx_std_periph_driver/src/n32h7xx_dma.c **** *\*\          - Destination contiguous transfer count between successive scatter boundaries (0~0x1F
 860:../../../firmware/n32h7xx_std_periph_driver/src/n32h7xx_dma.c **** *\*\return  none
 861:../../../firmware/n32h7xx_std_periph_driver/src/n32h7xx_dma.c **** **/
 862:../../../firmware/n32h7xx_std_periph_driver/src/n32h7xx_dma.c **** void DMA_SetChannelDestinationScatter(DMA_Module *const DMAy, DMA_ChNumType ChNum, uint32_t Interva
 863:../../../firmware/n32h7xx_std_periph_driver/src/n32h7xx_dma.c **** {
 2167              		.loc 1 863 1
 2168              		.cfi_startproc
 2169              		@ args = 0, pretend = 0, frame = 16
 2170              		@ frame_needed = 1, uses_anonymous_args = 0
 2171              		@ link register save eliminated.
 2172 0000 80B4     		push	{r7}
 2173              	.LCFI119:
 2174              		.cfi_def_cfa_offset 4
 2175              		.cfi_offset 7, -4
 2176 0002 85B0     		sub	sp, sp, #20
 2177              	.LCFI120:
 2178              		.cfi_def_cfa_offset 24
 2179 0004 00AF     		add	r7, sp, #0
ARM GAS  /tmp/ccfokkoU.s 			page 54


 2180              	.LCFI121:
 2181              		.cfi_def_cfa_register 7
 2182 0006 F860     		str	r0, [r7, #12]
 2183 0008 7A60     		str	r2, [r7, #4]
 2184 000a 3B60     		str	r3, [r7]
 2185 000c 0B46     		mov	r3, r1
 2186 000e FB72     		strb	r3, [r7, #11]
 864:../../../firmware/n32h7xx_std_periph_driver/src/n32h7xx_dma.c ****     WRITE_REG(DMAy->CH[ChNum].DS, (Interval | (Count << 20U)));
 2187              		.loc 1 864 5
 2188 0010 3B68     		ldr	r3, [r7]
 2189 0012 1905     		lsls	r1, r3, #20
 2190 0014 FB7A     		ldrb	r3, [r7, #11]	@ zero_extendqisi2
 2191 0016 7A68     		ldr	r2, [r7, #4]
 2192 0018 0A43     		orrs	r2, r2, r1
 2193 001a F968     		ldr	r1, [r7, #12]
 2194 001c 5820     		movs	r0, #88
 2195 001e 00FB03F3 		mul	r3, r0, r3
 2196 0022 0B44     		add	r3, r3, r1
 2197 0024 5033     		adds	r3, r3, #80
 2198 0026 1A60     		str	r2, [r3]
 865:../../../firmware/n32h7xx_std_periph_driver/src/n32h7xx_dma.c **** }
 2199              		.loc 1 865 1
 2200 0028 00BF     		nop
 2201 002a 1437     		adds	r7, r7, #20
 2202              	.LCFI122:
 2203              		.cfi_def_cfa_offset 4
 2204 002c BD46     		mov	sp, r7
 2205              	.LCFI123:
 2206              		.cfi_def_cfa_register 13
 2207              		@ sp needed
 2208 002e 80BC     		pop	{r7}
 2209              	.LCFI124:
 2210              		.cfi_restore 7
 2211              		.cfi_def_cfa_offset 0
 2212 0030 7047     		bx	lr
 2213              		.cfi_endproc
 2214              	.LFE155:
 2216              		.section	.text.DMA_SetChannelSourceAddress,"ax",%progbits
 2217              		.align	1
 2218              		.global	DMA_SetChannelSourceAddress
 2219              		.syntax unified
 2220              		.thumb
 2221              		.thumb_func
 2223              	DMA_SetChannelSourceAddress:
 2224              	.LFB156:
 866:../../../firmware/n32h7xx_std_periph_driver/src/n32h7xx_dma.c **** 
 867:../../../firmware/n32h7xx_std_periph_driver/src/n32h7xx_dma.c **** /**
 868:../../../firmware/n32h7xx_std_periph_driver/src/n32h7xx_dma.c **** *\*\name    DMA_SetChannelSourceAddress.
 869:../../../firmware/n32h7xx_std_periph_driver/src/n32h7xx_dma.c **** *\*\fun     Sets the source address of the specified channel.
 870:../../../firmware/n32h7xx_std_periph_driver/src/n32h7xx_dma.c **** *\*\param   DMAy (The input parameters must be the following values):
 871:../../../firmware/n32h7xx_std_periph_driver/src/n32h7xx_dma.c **** *\*\          - DMA1
 872:../../../firmware/n32h7xx_std_periph_driver/src/n32h7xx_dma.c **** *\*\          - DMA2
 873:../../../firmware/n32h7xx_std_periph_driver/src/n32h7xx_dma.c **** *\*\          - DMA3
 874:../../../firmware/n32h7xx_std_periph_driver/src/n32h7xx_dma.c **** *\*\param   ChNum (The input parameters must be the following values):
 875:../../../firmware/n32h7xx_std_periph_driver/src/n32h7xx_dma.c **** *\*\          - DMA_CHANNEL_0
 876:../../../firmware/n32h7xx_std_periph_driver/src/n32h7xx_dma.c **** *\*\          - DMA_CHANNEL_1
 877:../../../firmware/n32h7xx_std_periph_driver/src/n32h7xx_dma.c **** *\*\          - DMA_CHANNEL_2
ARM GAS  /tmp/ccfokkoU.s 			page 55


 878:../../../firmware/n32h7xx_std_periph_driver/src/n32h7xx_dma.c **** *\*\          - DMA_CHANNEL_3
 879:../../../firmware/n32h7xx_std_periph_driver/src/n32h7xx_dma.c **** *\*\          - DMA_CHANNEL_4
 880:../../../firmware/n32h7xx_std_periph_driver/src/n32h7xx_dma.c **** *\*\          - DMA_CHANNEL_5
 881:../../../firmware/n32h7xx_std_periph_driver/src/n32h7xx_dma.c **** *\*\          - DMA_CHANNEL_6
 882:../../../firmware/n32h7xx_std_periph_driver/src/n32h7xx_dma.c **** *\*\          - DMA_CHANNEL_7
 883:../../../firmware/n32h7xx_std_periph_driver/src/n32h7xx_dma.c **** *\*\param   pAddr:
 884:../../../firmware/n32h7xx_std_periph_driver/src/n32h7xx_dma.c **** *\*\          - Pointer to source address
 885:../../../firmware/n32h7xx_std_periph_driver/src/n32h7xx_dma.c **** *\*\return  none
 886:../../../firmware/n32h7xx_std_periph_driver/src/n32h7xx_dma.c **** **/
 887:../../../firmware/n32h7xx_std_periph_driver/src/n32h7xx_dma.c **** void DMA_SetChannelSourceAddress(DMA_Module *const DMAy, DMA_ChNumType ChNum, uint32_t *pAddr)
 888:../../../firmware/n32h7xx_std_periph_driver/src/n32h7xx_dma.c **** {
 2225              		.loc 1 888 1
 2226              		.cfi_startproc
 2227              		@ args = 0, pretend = 0, frame = 16
 2228              		@ frame_needed = 1, uses_anonymous_args = 0
 2229              		@ link register save eliminated.
 2230 0000 80B4     		push	{r7}
 2231              	.LCFI125:
 2232              		.cfi_def_cfa_offset 4
 2233              		.cfi_offset 7, -4
 2234 0002 85B0     		sub	sp, sp, #20
 2235              	.LCFI126:
 2236              		.cfi_def_cfa_offset 24
 2237 0004 00AF     		add	r7, sp, #0
 2238              	.LCFI127:
 2239              		.cfi_def_cfa_register 7
 2240 0006 F860     		str	r0, [r7, #12]
 2241 0008 0B46     		mov	r3, r1
 2242 000a 7A60     		str	r2, [r7, #4]
 2243 000c FB72     		strb	r3, [r7, #11]
 889:../../../firmware/n32h7xx_std_periph_driver/src/n32h7xx_dma.c ****     WRITE_REG(DMAy->CH[ChNum].SA, (uint32_t)pAddr);
 2244              		.loc 1 889 5
 2245 000e FB7A     		ldrb	r3, [r7, #11]	@ zero_extendqisi2
 2246 0010 7A68     		ldr	r2, [r7, #4]
 2247 0012 F968     		ldr	r1, [r7, #12]
 2248 0014 5820     		movs	r0, #88
 2249 0016 00FB03F3 		mul	r3, r0, r3
 2250 001a 0B44     		add	r3, r3, r1
 2251 001c 1A60     		str	r2, [r3]
 890:../../../firmware/n32h7xx_std_periph_driver/src/n32h7xx_dma.c **** }
 2252              		.loc 1 890 1
 2253 001e 00BF     		nop
 2254 0020 1437     		adds	r7, r7, #20
 2255              	.LCFI128:
 2256              		.cfi_def_cfa_offset 4
 2257 0022 BD46     		mov	sp, r7
 2258              	.LCFI129:
 2259              		.cfi_def_cfa_register 13
 2260              		@ sp needed
 2261 0024 80BC     		pop	{r7}
 2262              	.LCFI130:
 2263              		.cfi_restore 7
 2264              		.cfi_def_cfa_offset 0
 2265 0026 7047     		bx	lr
 2266              		.cfi_endproc
 2267              	.LFE156:
 2269              		.section	.text.DMA_SetChannelDestinationAddress,"ax",%progbits
ARM GAS  /tmp/ccfokkoU.s 			page 56


 2270              		.align	1
 2271              		.global	DMA_SetChannelDestinationAddress
 2272              		.syntax unified
 2273              		.thumb
 2274              		.thumb_func
 2276              	DMA_SetChannelDestinationAddress:
 2277              	.LFB157:
 891:../../../firmware/n32h7xx_std_periph_driver/src/n32h7xx_dma.c **** 
 892:../../../firmware/n32h7xx_std_periph_driver/src/n32h7xx_dma.c **** /**
 893:../../../firmware/n32h7xx_std_periph_driver/src/n32h7xx_dma.c **** *\*\name    DMA_SetChannelDestinationAddress.
 894:../../../firmware/n32h7xx_std_periph_driver/src/n32h7xx_dma.c **** *\*\fun     Sets the destination address of the specified channel.
 895:../../../firmware/n32h7xx_std_periph_driver/src/n32h7xx_dma.c **** *\*\param   DMAy (The input parameters must be the following values):
 896:../../../firmware/n32h7xx_std_periph_driver/src/n32h7xx_dma.c **** *\*\          - DMA1
 897:../../../firmware/n32h7xx_std_periph_driver/src/n32h7xx_dma.c **** *\*\          - DMA2
 898:../../../firmware/n32h7xx_std_periph_driver/src/n32h7xx_dma.c **** *\*\          - DMA3
 899:../../../firmware/n32h7xx_std_periph_driver/src/n32h7xx_dma.c **** *\*\param   ChNum (The input parameters must be the following values):
 900:../../../firmware/n32h7xx_std_periph_driver/src/n32h7xx_dma.c **** *\*\          - DMA_CHANNEL_0
 901:../../../firmware/n32h7xx_std_periph_driver/src/n32h7xx_dma.c **** *\*\          - DMA_CHANNEL_1
 902:../../../firmware/n32h7xx_std_periph_driver/src/n32h7xx_dma.c **** *\*\          - DMA_CHANNEL_2
 903:../../../firmware/n32h7xx_std_periph_driver/src/n32h7xx_dma.c **** *\*\          - DMA_CHANNEL_3
 904:../../../firmware/n32h7xx_std_periph_driver/src/n32h7xx_dma.c **** *\*\          - DMA_CHANNEL_4
 905:../../../firmware/n32h7xx_std_periph_driver/src/n32h7xx_dma.c **** *\*\          - DMA_CHANNEL_5
 906:../../../firmware/n32h7xx_std_periph_driver/src/n32h7xx_dma.c **** *\*\          - DMA_CHANNEL_6
 907:../../../firmware/n32h7xx_std_periph_driver/src/n32h7xx_dma.c **** *\*\          - DMA_CHANNEL_7
 908:../../../firmware/n32h7xx_std_periph_driver/src/n32h7xx_dma.c **** *\*\param   pAddr:
 909:../../../firmware/n32h7xx_std_periph_driver/src/n32h7xx_dma.c **** *\*\          - Pointer to destination address
 910:../../../firmware/n32h7xx_std_periph_driver/src/n32h7xx_dma.c **** *\*\return  none
 911:../../../firmware/n32h7xx_std_periph_driver/src/n32h7xx_dma.c **** **/
 912:../../../firmware/n32h7xx_std_periph_driver/src/n32h7xx_dma.c **** void DMA_SetChannelDestinationAddress(DMA_Module *const DMAy, DMA_ChNumType ChNum, uint32_t *pAddr)
 913:../../../firmware/n32h7xx_std_periph_driver/src/n32h7xx_dma.c **** {
 2278              		.loc 1 913 1
 2279              		.cfi_startproc
 2280              		@ args = 0, pretend = 0, frame = 16
 2281              		@ frame_needed = 1, uses_anonymous_args = 0
 2282              		@ link register save eliminated.
 2283 0000 80B4     		push	{r7}
 2284              	.LCFI131:
 2285              		.cfi_def_cfa_offset 4
 2286              		.cfi_offset 7, -4
 2287 0002 85B0     		sub	sp, sp, #20
 2288              	.LCFI132:
 2289              		.cfi_def_cfa_offset 24
 2290 0004 00AF     		add	r7, sp, #0
 2291              	.LCFI133:
 2292              		.cfi_def_cfa_register 7
 2293 0006 F860     		str	r0, [r7, #12]
 2294 0008 0B46     		mov	r3, r1
 2295 000a 7A60     		str	r2, [r7, #4]
 2296 000c FB72     		strb	r3, [r7, #11]
 914:../../../firmware/n32h7xx_std_periph_driver/src/n32h7xx_dma.c ****     WRITE_REG(DMAy->CH[ChNum].DA, (uint32_t)pAddr);
 2297              		.loc 1 914 5
 2298 000e FB7A     		ldrb	r3, [r7, #11]	@ zero_extendqisi2
 2299 0010 7A68     		ldr	r2, [r7, #4]
 2300 0012 F968     		ldr	r1, [r7, #12]
 2301 0014 5820     		movs	r0, #88
 2302 0016 00FB03F3 		mul	r3, r0, r3
 2303 001a 0B44     		add	r3, r3, r1
ARM GAS  /tmp/ccfokkoU.s 			page 57


 2304 001c 0833     		adds	r3, r3, #8
 2305 001e 1A60     		str	r2, [r3]
 915:../../../firmware/n32h7xx_std_periph_driver/src/n32h7xx_dma.c **** }
 2306              		.loc 1 915 1
 2307 0020 00BF     		nop
 2308 0022 1437     		adds	r7, r7, #20
 2309              	.LCFI134:
 2310              		.cfi_def_cfa_offset 4
 2311 0024 BD46     		mov	sp, r7
 2312              	.LCFI135:
 2313              		.cfi_def_cfa_register 13
 2314              		@ sp needed
 2315 0026 80BC     		pop	{r7}
 2316              	.LCFI136:
 2317              		.cfi_restore 7
 2318              		.cfi_def_cfa_offset 0
 2319 0028 7047     		bx	lr
 2320              		.cfi_endproc
 2321              	.LFE157:
 2323              		.section	.text.DMA_SetChannelBlockSize,"ax",%progbits
 2324              		.align	1
 2325              		.global	DMA_SetChannelBlockSize
 2326              		.syntax unified
 2327              		.thumb
 2328              		.thumb_func
 2330              	DMA_SetChannelBlockSize:
 2331              	.LFB158:
 916:../../../firmware/n32h7xx_std_periph_driver/src/n32h7xx_dma.c **** 
 917:../../../firmware/n32h7xx_std_periph_driver/src/n32h7xx_dma.c **** /**
 918:../../../firmware/n32h7xx_std_periph_driver/src/n32h7xx_dma.c **** *\*\name    DMA_SetChannelBlockSize.
 919:../../../firmware/n32h7xx_std_periph_driver/src/n32h7xx_dma.c **** *\*\fun     Sets the block transfer size of the specified channel.
 920:../../../firmware/n32h7xx_std_periph_driver/src/n32h7xx_dma.c **** *\*\param   DMAy (The input parameters must be the following values):
 921:../../../firmware/n32h7xx_std_periph_driver/src/n32h7xx_dma.c **** *\*\          - DMA1
 922:../../../firmware/n32h7xx_std_periph_driver/src/n32h7xx_dma.c **** *\*\          - DMA2
 923:../../../firmware/n32h7xx_std_periph_driver/src/n32h7xx_dma.c **** *\*\          - DMA3
 924:../../../firmware/n32h7xx_std_periph_driver/src/n32h7xx_dma.c **** *\*\param   ChNum (The input parameters must be the following values):
 925:../../../firmware/n32h7xx_std_periph_driver/src/n32h7xx_dma.c **** *\*\          - DMA_CHANNEL_0
 926:../../../firmware/n32h7xx_std_periph_driver/src/n32h7xx_dma.c **** *\*\          - DMA_CHANNEL_1
 927:../../../firmware/n32h7xx_std_periph_driver/src/n32h7xx_dma.c **** *\*\          - DMA_CHANNEL_2
 928:../../../firmware/n32h7xx_std_periph_driver/src/n32h7xx_dma.c **** *\*\          - DMA_CHANNEL_3
 929:../../../firmware/n32h7xx_std_periph_driver/src/n32h7xx_dma.c **** *\*\          - DMA_CHANNEL_4
 930:../../../firmware/n32h7xx_std_periph_driver/src/n32h7xx_dma.c **** *\*\          - DMA_CHANNEL_5
 931:../../../firmware/n32h7xx_std_periph_driver/src/n32h7xx_dma.c **** *\*\          - DMA_CHANNEL_6
 932:../../../firmware/n32h7xx_std_periph_driver/src/n32h7xx_dma.c **** *\*\          - DMA_CHANNEL_7
 933:../../../firmware/n32h7xx_std_periph_driver/src/n32h7xx_dma.c **** *\*\param   Size:
 934:../../../firmware/n32h7xx_std_periph_driver/src/n32h7xx_dma.c **** *\*\          - The transferred size
 935:../../../firmware/n32h7xx_std_periph_driver/src/n32h7xx_dma.c **** *\*\return  none
 936:../../../firmware/n32h7xx_std_periph_driver/src/n32h7xx_dma.c **** **/
 937:../../../firmware/n32h7xx_std_periph_driver/src/n32h7xx_dma.c **** void DMA_SetChannelBlockSize(DMA_Module *const DMAy, DMA_ChNumType ChNum, uint32_t Size)
 938:../../../firmware/n32h7xx_std_periph_driver/src/n32h7xx_dma.c **** {
 2332              		.loc 1 938 1
 2333              		.cfi_startproc
 2334              		@ args = 0, pretend = 0, frame = 16
 2335              		@ frame_needed = 1, uses_anonymous_args = 0
 2336              		@ link register save eliminated.
 2337 0000 2DE9B00F 		push	{r4, r5, r7, r8, r9, r10, fp}
 2338              	.LCFI137:
ARM GAS  /tmp/ccfokkoU.s 			page 58


 2339              		.cfi_def_cfa_offset 28
 2340              		.cfi_offset 4, -28
 2341              		.cfi_offset 5, -24
 2342              		.cfi_offset 7, -20
 2343              		.cfi_offset 8, -16
 2344              		.cfi_offset 9, -12
 2345              		.cfi_offset 10, -8
 2346              		.cfi_offset 11, -4
 2347 0004 85B0     		sub	sp, sp, #20
 2348              	.LCFI138:
 2349              		.cfi_def_cfa_offset 48
 2350 0006 00AF     		add	r7, sp, #0
 2351              	.LCFI139:
 2352              		.cfi_def_cfa_register 7
 2353 0008 F860     		str	r0, [r7, #12]
 2354 000a 0B46     		mov	r3, r1
 2355 000c 7A60     		str	r2, [r7, #4]
 2356 000e FB72     		strb	r3, [r7, #11]
 939:../../../firmware/n32h7xx_std_periph_driver/src/n32h7xx_dma.c ****     MODIFY_REG(DMAy->CH[ChNum].CTRL, DMA_CHNCTRL_BTS, ((uint64_t)Size << 32U));
 2357              		.loc 1 939 5
 2358 0010 FB7A     		ldrb	r3, [r7, #11]	@ zero_extendqisi2
 2359 0012 FA68     		ldr	r2, [r7, #12]
 2360 0014 5821     		movs	r1, #88
 2361 0016 01FB03F3 		mul	r3, r1, r3
 2362 001a 1344     		add	r3, r3, r2
 2363 001c 1833     		adds	r3, r3, #24
 2364 001e D3E90023 		ldrd	r2, [r3]
 2365 0022 1446     		mov	r4, r2
 2366 0024 23F47F65 		bic	r5, r3, #4080
 2367 0028 25F00F05 		bic	r5, r5, #15
 2368 002c 7B68     		ldr	r3, [r7, #4]
 2369 002e 0022     		movs	r2, #0
 2370 0030 9A46     		mov	r10, r3
 2371 0032 9346     		mov	fp, r2
 2372 0034 4FF00002 		mov	r2, #0
 2373 0038 4FF00003 		mov	r3, #0
 2374 003c 5346     		mov	r3, r10
 2375 003e 0022     		movs	r2, #0
 2376 0040 F97A     		ldrb	r1, [r7, #11]	@ zero_extendqisi2
 2377 0042 44EA0208 		orr	r8, r4, r2
 2378 0046 45EA0309 		orr	r9, r5, r3
 2379 004a FA68     		ldr	r2, [r7, #12]
 2380 004c 5823     		movs	r3, #88
 2381 004e 01FB03F3 		mul	r3, r1, r3
 2382 0052 1344     		add	r3, r3, r2
 2383 0054 1833     		adds	r3, r3, #24
 2384 0056 C3E90089 		strd	r8, [r3]
 940:../../../firmware/n32h7xx_std_periph_driver/src/n32h7xx_dma.c **** }
 2385              		.loc 1 940 1
 2386 005a 00BF     		nop
 2387 005c 1437     		adds	r7, r7, #20
 2388              	.LCFI140:
 2389              		.cfi_def_cfa_offset 28
 2390 005e BD46     		mov	sp, r7
 2391              	.LCFI141:
 2392              		.cfi_def_cfa_register 13
 2393              		@ sp needed
ARM GAS  /tmp/ccfokkoU.s 			page 59


 2394 0060 BDE8B00F 		pop	{r4, r5, r7, r8, r9, r10, fp}
 2395              	.LCFI142:
 2396              		.cfi_restore 11
 2397              		.cfi_restore 10
 2398              		.cfi_restore 9
 2399              		.cfi_restore 8
 2400              		.cfi_restore 7
 2401              		.cfi_restore 5
 2402              		.cfi_restore 4
 2403              		.cfi_def_cfa_offset 0
 2404 0064 7047     		bx	lr
 2405              		.cfi_endproc
 2406              	.LFE158:
 2408              		.section	.text.DMA_GetTransferredNumber,"ax",%progbits
 2409              		.align	1
 2410              		.global	DMA_GetTransferredNumber
 2411              		.syntax unified
 2412              		.thumb
 2413              		.thumb_func
 2415              	DMA_GetTransferredNumber:
 2416              	.LFB159:
 941:../../../firmware/n32h7xx_std_periph_driver/src/n32h7xx_dma.c **** 
 942:../../../firmware/n32h7xx_std_periph_driver/src/n32h7xx_dma.c **** /**
 943:../../../firmware/n32h7xx_std_periph_driver/src/n32h7xx_dma.c **** *\*\name    DMA_GetTransferredNumber.
 944:../../../firmware/n32h7xx_std_periph_driver/src/n32h7xx_dma.c **** *\*\fun     Gets the number of data that has been transmitted by the current channel.
 945:../../../firmware/n32h7xx_std_periph_driver/src/n32h7xx_dma.c **** *\*\param   DMAy (The input parameters must be the following values):
 946:../../../firmware/n32h7xx_std_periph_driver/src/n32h7xx_dma.c **** *\*\          - DMA1
 947:../../../firmware/n32h7xx_std_periph_driver/src/n32h7xx_dma.c **** *\*\          - DMA2
 948:../../../firmware/n32h7xx_std_periph_driver/src/n32h7xx_dma.c **** *\*\          - DMA3
 949:../../../firmware/n32h7xx_std_periph_driver/src/n32h7xx_dma.c **** *\*\param   ChNum (The input parameters must be the following values):
 950:../../../firmware/n32h7xx_std_periph_driver/src/n32h7xx_dma.c **** *\*\          - DMA_CHANNEL_0
 951:../../../firmware/n32h7xx_std_periph_driver/src/n32h7xx_dma.c **** *\*\          - DMA_CHANNEL_1
 952:../../../firmware/n32h7xx_std_periph_driver/src/n32h7xx_dma.c **** *\*\          - DMA_CHANNEL_2
 953:../../../firmware/n32h7xx_std_periph_driver/src/n32h7xx_dma.c **** *\*\          - DMA_CHANNEL_3
 954:../../../firmware/n32h7xx_std_periph_driver/src/n32h7xx_dma.c **** *\*\          - DMA_CHANNEL_4
 955:../../../firmware/n32h7xx_std_periph_driver/src/n32h7xx_dma.c **** *\*\          - DMA_CHANNEL_5
 956:../../../firmware/n32h7xx_std_periph_driver/src/n32h7xx_dma.c **** *\*\          - DMA_CHANNEL_6
 957:../../../firmware/n32h7xx_std_periph_driver/src/n32h7xx_dma.c **** *\*\          - DMA_CHANNEL_7
 958:../../../firmware/n32h7xx_std_periph_driver/src/n32h7xx_dma.c **** *\*\return  Number of data sent
 959:../../../firmware/n32h7xx_std_periph_driver/src/n32h7xx_dma.c **** **/
 960:../../../firmware/n32h7xx_std_periph_driver/src/n32h7xx_dma.c **** uint16_t DMA_GetTransferredNumber(DMA_Module *const DMAy, DMA_ChNumType ChNum)
 961:../../../firmware/n32h7xx_std_periph_driver/src/n32h7xx_dma.c **** {
 2417              		.loc 1 961 1
 2418              		.cfi_startproc
 2419              		@ args = 0, pretend = 0, frame = 8
 2420              		@ frame_needed = 1, uses_anonymous_args = 0
 2421              		@ link register save eliminated.
 2422 0000 80B4     		push	{r7}
 2423              	.LCFI143:
 2424              		.cfi_def_cfa_offset 4
 2425              		.cfi_offset 7, -4
 2426 0002 83B0     		sub	sp, sp, #12
 2427              	.LCFI144:
 2428              		.cfi_def_cfa_offset 16
 2429 0004 00AF     		add	r7, sp, #0
 2430              	.LCFI145:
 2431              		.cfi_def_cfa_register 7
ARM GAS  /tmp/ccfokkoU.s 			page 60


 2432 0006 7860     		str	r0, [r7, #4]
 2433 0008 0B46     		mov	r3, r1
 2434 000a FB70     		strb	r3, [r7, #3]
 962:../../../firmware/n32h7xx_std_periph_driver/src/n32h7xx_dma.c ****     return (uint16_t)(READ_BIT(DMAy->CH[ChNum].CTRL, DMA_CHNCTRL_BTS) >> 32U);
 2435              		.loc 1 962 23
 2436 000c FB78     		ldrb	r3, [r7, #3]	@ zero_extendqisi2
 2437 000e 7A68     		ldr	r2, [r7, #4]
 2438 0010 5821     		movs	r1, #88
 2439 0012 01FB03F3 		mul	r3, r1, r3
 2440 0016 1344     		add	r3, r3, r2
 2441 0018 1833     		adds	r3, r3, #24
 2442 001a D3E90001 		ldrd	r0, [r3]
 2443              		.loc 1 962 71
 2444 001e 4FF00002 		mov	r2, #0
 2445 0022 4FF00003 		mov	r3, #0
 2446 0026 0A00     		movs	r2, r1
 2447 0028 0023     		movs	r3, #0
 2448              		.loc 1 962 12
 2449 002a 93B2     		uxth	r3, r2
 2450 002c C3F30B03 		ubfx	r3, r3, #0, #12
 2451 0030 9BB2     		uxth	r3, r3
 963:../../../firmware/n32h7xx_std_periph_driver/src/n32h7xx_dma.c **** }
 2452              		.loc 1 963 1
 2453 0032 1846     		mov	r0, r3
 2454 0034 0C37     		adds	r7, r7, #12
 2455              	.LCFI146:
 2456              		.cfi_def_cfa_offset 4
 2457 0036 BD46     		mov	sp, r7
 2458              	.LCFI147:
 2459              		.cfi_def_cfa_register 13
 2460              		@ sp needed
 2461 0038 80BC     		pop	{r7}
 2462              	.LCFI148:
 2463              		.cfi_restore 7
 2464              		.cfi_def_cfa_offset 0
 2465 003a 7047     		bx	lr
 2466              		.cfi_endproc
 2467              	.LFE159:
 2469              		.section	.text.DMA_SetChannelLinkedListPointer,"ax",%progbits
 2470              		.align	1
 2471              		.global	DMA_SetChannelLinkedListPointer
 2472              		.syntax unified
 2473              		.thumb
 2474              		.thumb_func
 2476              	DMA_SetChannelLinkedListPointer:
 2477              	.LFB160:
 964:../../../firmware/n32h7xx_std_periph_driver/src/n32h7xx_dma.c **** 
 965:../../../firmware/n32h7xx_std_periph_driver/src/n32h7xx_dma.c **** /**
 966:../../../firmware/n32h7xx_std_periph_driver/src/n32h7xx_dma.c **** *\*\name    DMA_SetChannelLinkedListPointer.
 967:../../../firmware/n32h7xx_std_periph_driver/src/n32h7xx_dma.c **** *\*\fun     Sets linked list pointer function.
 968:../../../firmware/n32h7xx_std_periph_driver/src/n32h7xx_dma.c **** *\*\param   DMAy (The input parameters must be the following values):
 969:../../../firmware/n32h7xx_std_periph_driver/src/n32h7xx_dma.c **** *\*\          - DMA1
 970:../../../firmware/n32h7xx_std_periph_driver/src/n32h7xx_dma.c **** *\*\          - DMA2
 971:../../../firmware/n32h7xx_std_periph_driver/src/n32h7xx_dma.c **** *\*\          - DMA3
 972:../../../firmware/n32h7xx_std_periph_driver/src/n32h7xx_dma.c **** *\*\param   ChNum (The input parameters must be the following values):
 973:../../../firmware/n32h7xx_std_periph_driver/src/n32h7xx_dma.c **** *\*\          - DMA_CHANNEL_0
 974:../../../firmware/n32h7xx_std_periph_driver/src/n32h7xx_dma.c **** *\*\          - DMA_CHANNEL_1
ARM GAS  /tmp/ccfokkoU.s 			page 61


 975:../../../firmware/n32h7xx_std_periph_driver/src/n32h7xx_dma.c **** *\*\          - DMA_CHANNEL_2
 976:../../../firmware/n32h7xx_std_periph_driver/src/n32h7xx_dma.c **** *\*\          - DMA_CHANNEL_3
 977:../../../firmware/n32h7xx_std_periph_driver/src/n32h7xx_dma.c **** *\*\          - DMA_CHANNEL_4
 978:../../../firmware/n32h7xx_std_periph_driver/src/n32h7xx_dma.c **** *\*\          - DMA_CHANNEL_5
 979:../../../firmware/n32h7xx_std_periph_driver/src/n32h7xx_dma.c **** *\*\          - DMA_CHANNEL_6
 980:../../../firmware/n32h7xx_std_periph_driver/src/n32h7xx_dma.c **** *\*\          - DMA_CHANNEL_7
 981:../../../firmware/n32h7xx_std_periph_driver/src/n32h7xx_dma.c **** *\*\param   pStr:
 982:../../../firmware/n32h7xx_std_periph_driver/src/n32h7xx_dma.c **** *\*\          - Pointer to DMA linked list item structure
 983:../../../firmware/n32h7xx_std_periph_driver/src/n32h7xx_dma.c **** *\*\return  none
 984:../../../firmware/n32h7xx_std_periph_driver/src/n32h7xx_dma.c **** **/
 985:../../../firmware/n32h7xx_std_periph_driver/src/n32h7xx_dma.c **** void DMA_SetChannelLinkedListPointer(DMA_Module *const DMAy, DMA_ChNumType ChNum, DMA_LinkListItemT
 986:../../../firmware/n32h7xx_std_periph_driver/src/n32h7xx_dma.c **** {
 2478              		.loc 1 986 1
 2479              		.cfi_startproc
 2480              		@ args = 0, pretend = 0, frame = 16
 2481              		@ frame_needed = 1, uses_anonymous_args = 0
 2482              		@ link register save eliminated.
 2483 0000 80B4     		push	{r7}
 2484              	.LCFI149:
 2485              		.cfi_def_cfa_offset 4
 2486              		.cfi_offset 7, -4
 2487 0002 85B0     		sub	sp, sp, #20
 2488              	.LCFI150:
 2489              		.cfi_def_cfa_offset 24
 2490 0004 00AF     		add	r7, sp, #0
 2491              	.LCFI151:
 2492              		.cfi_def_cfa_register 7
 2493 0006 F860     		str	r0, [r7, #12]
 2494 0008 0B46     		mov	r3, r1
 2495 000a 7A60     		str	r2, [r7, #4]
 2496 000c FB72     		strb	r3, [r7, #11]
 987:../../../firmware/n32h7xx_std_periph_driver/src/n32h7xx_dma.c ****     WRITE_REG(DMAy->CH[ChNum].LLP, (uint32_t)pStr);
 2497              		.loc 1 987 5
 2498 000e FB7A     		ldrb	r3, [r7, #11]	@ zero_extendqisi2
 2499 0010 7A68     		ldr	r2, [r7, #4]
 2500 0012 F968     		ldr	r1, [r7, #12]
 2501 0014 5820     		movs	r0, #88
 2502 0016 00FB03F3 		mul	r3, r0, r3
 2503 001a 0B44     		add	r3, r3, r1
 2504 001c 1033     		adds	r3, r3, #16
 2505 001e 1A60     		str	r2, [r3]
 988:../../../firmware/n32h7xx_std_periph_driver/src/n32h7xx_dma.c **** }
 2506              		.loc 1 988 1
 2507 0020 00BF     		nop
 2508 0022 1437     		adds	r7, r7, #20
 2509              	.LCFI152:
 2510              		.cfi_def_cfa_offset 4
 2511 0024 BD46     		mov	sp, r7
 2512              	.LCFI153:
 2513              		.cfi_def_cfa_register 13
 2514              		@ sp needed
 2515 0026 80BC     		pop	{r7}
 2516              	.LCFI154:
 2517              		.cfi_restore 7
 2518              		.cfi_def_cfa_offset 0
 2519 0028 7047     		bx	lr
 2520              		.cfi_endproc
ARM GAS  /tmp/ccfokkoU.s 			page 62


 2521              	.LFE160:
 2523              		.section	.text.DMA_TriggerSourceRequest,"ax",%progbits
 2524              		.align	1
 2525              		.global	DMA_TriggerSourceRequest
 2526              		.syntax unified
 2527              		.thumb
 2528              		.thumb_func
 2530              	DMA_TriggerSourceRequest:
 2531              	.LFB161:
 989:../../../firmware/n32h7xx_std_periph_driver/src/n32h7xx_dma.c **** 
 990:../../../firmware/n32h7xx_std_periph_driver/src/n32h7xx_dma.c **** /**
 991:../../../firmware/n32h7xx_std_periph_driver/src/n32h7xx_dma.c **** *\*\name    DMA_TriggerSourceRequest.
 992:../../../firmware/n32h7xx_std_periph_driver/src/n32h7xx_dma.c **** *\*\fun     Trigger a software source handshake request.
 993:../../../firmware/n32h7xx_std_periph_driver/src/n32h7xx_dma.c **** *\*\param   DMAy (The input parameters must be the following values):
 994:../../../firmware/n32h7xx_std_periph_driver/src/n32h7xx_dma.c **** *\*\          - DMA1
 995:../../../firmware/n32h7xx_std_periph_driver/src/n32h7xx_dma.c **** *\*\          - DMA2
 996:../../../firmware/n32h7xx_std_periph_driver/src/n32h7xx_dma.c **** *\*\          - DMA3
 997:../../../firmware/n32h7xx_std_periph_driver/src/n32h7xx_dma.c **** *\*\param   ChNum (The input parameters must be the following values):
 998:../../../firmware/n32h7xx_std_periph_driver/src/n32h7xx_dma.c **** *\*\          - DMA_CHANNEL_0
 999:../../../firmware/n32h7xx_std_periph_driver/src/n32h7xx_dma.c **** *\*\          - DMA_CHANNEL_1
1000:../../../firmware/n32h7xx_std_periph_driver/src/n32h7xx_dma.c **** *\*\          - DMA_CHANNEL_2
1001:../../../firmware/n32h7xx_std_periph_driver/src/n32h7xx_dma.c **** *\*\          - DMA_CHANNEL_3
1002:../../../firmware/n32h7xx_std_periph_driver/src/n32h7xx_dma.c **** *\*\          - DMA_CHANNEL_4
1003:../../../firmware/n32h7xx_std_periph_driver/src/n32h7xx_dma.c **** *\*\          - DMA_CHANNEL_5
1004:../../../firmware/n32h7xx_std_periph_driver/src/n32h7xx_dma.c **** *\*\          - DMA_CHANNEL_6
1005:../../../firmware/n32h7xx_std_periph_driver/src/n32h7xx_dma.c **** *\*\          - DMA_CHANNEL_7
1006:../../../firmware/n32h7xx_std_periph_driver/src/n32h7xx_dma.c **** *\*\param   Type (The input parameters must be the following values):
1007:../../../firmware/n32h7xx_std_periph_driver/src/n32h7xx_dma.c **** *\*\          - DMA_CH_TRANSACTION_TYPE_SINGLE
1008:../../../firmware/n32h7xx_std_periph_driver/src/n32h7xx_dma.c **** *\*\          - DMA_CH_TRANSACTION_TYPE_BURST
1009:../../../firmware/n32h7xx_std_periph_driver/src/n32h7xx_dma.c **** *\*\param   isLast:
1010:../../../firmware/n32h7xx_std_periph_driver/src/n32h7xx_dma.c **** *\*\          - true or false
1011:../../../firmware/n32h7xx_std_periph_driver/src/n32h7xx_dma.c **** *\*\return  none
1012:../../../firmware/n32h7xx_std_periph_driver/src/n32h7xx_dma.c **** **/
1013:../../../firmware/n32h7xx_std_periph_driver/src/n32h7xx_dma.c **** void DMA_TriggerSourceRequest(DMA_Module *const DMAy, DMA_ChNumType ChNum, DMA_ChTransacType Type, 
1014:../../../firmware/n32h7xx_std_periph_driver/src/n32h7xx_dma.c **** {
 2532              		.loc 1 1014 1
 2533              		.cfi_startproc
 2534              		@ args = 0, pretend = 0, frame = 8
 2535              		@ frame_needed = 1, uses_anonymous_args = 0
 2536              		@ link register save eliminated.
 2537 0000 80B4     		push	{r7}
 2538              	.LCFI155:
 2539              		.cfi_def_cfa_offset 4
 2540              		.cfi_offset 7, -4
 2541 0002 83B0     		sub	sp, sp, #12
 2542              	.LCFI156:
 2543              		.cfi_def_cfa_offset 16
 2544 0004 00AF     		add	r7, sp, #0
 2545              	.LCFI157:
 2546              		.cfi_def_cfa_register 7
 2547 0006 7860     		str	r0, [r7, #4]
 2548 0008 0846     		mov	r0, r1
 2549 000a 1146     		mov	r1, r2
 2550 000c 1A46     		mov	r2, r3
 2551 000e 0346     		mov	r3, r0
 2552 0010 FB70     		strb	r3, [r7, #3]
 2553 0012 0B46     		mov	r3, r1
ARM GAS  /tmp/ccfokkoU.s 			page 63


 2554 0014 BB70     		strb	r3, [r7, #2]
 2555 0016 1346     		mov	r3, r2
 2556 0018 7B70     		strb	r3, [r7, #1]
1015:../../../firmware/n32h7xx_std_periph_driver/src/n32h7xx_dma.c ****     if (Type == DMA_CH_TRANSACTION_TYPE_SINGLE)
 2557              		.loc 1 1015 8
 2558 001a BB78     		ldrb	r3, [r7, #2]	@ zero_extendqisi2
 2559 001c 002B     		cmp	r3, #0
 2560 001e 06D1     		bne	.L96
1016:../../../firmware/n32h7xx_std_periph_driver/src/n32h7xx_dma.c ****     {
1017:../../../firmware/n32h7xx_std_periph_driver/src/n32h7xx_dma.c ****         /* Enable Channel n Source Single Transaction Request */
1018:../../../firmware/n32h7xx_std_periph_driver/src/n32h7xx_dma.c ****         WRITE_REG(DMAy->SRCSGTREQ, (DMA_SSTR_ENABLE << ChNum));
 2561              		.loc 1 1018 9
 2562 0020 FB78     		ldrb	r3, [r7, #3]	@ zero_extendqisi2
 2563 0022 40F20112 		movw	r2, #257
 2564 0026 9A40     		lsls	r2, r2, r3
 2565 0028 7B68     		ldr	r3, [r7, #4]
 2566 002a C3F87823 		str	r2, [r3, #888]
 2567              	.L96:
1019:../../../firmware/n32h7xx_std_periph_driver/src/n32h7xx_dma.c ****     }
1020:../../../firmware/n32h7xx_std_periph_driver/src/n32h7xx_dma.c **** 
1021:../../../firmware/n32h7xx_std_periph_driver/src/n32h7xx_dma.c ****     if (isLast == true)
 2568              		.loc 1 1021 8
 2569 002e 7B78     		ldrb	r3, [r7, #1]	@ zero_extendqisi2
 2570 0030 002B     		cmp	r3, #0
 2571 0032 06D0     		beq	.L97
1022:../../../firmware/n32h7xx_std_periph_driver/src/n32h7xx_dma.c ****     {
1023:../../../firmware/n32h7xx_std_periph_driver/src/n32h7xx_dma.c ****         /* Enable Channel n Source Last Transaction Request */
1024:../../../firmware/n32h7xx_std_periph_driver/src/n32h7xx_dma.c ****         WRITE_REG(DMAy->SRCLTREQ, (DMA_SLTR_ENABLE << ChNum));
 2572              		.loc 1 1024 9
 2573 0034 FB78     		ldrb	r3, [r7, #3]	@ zero_extendqisi2
 2574 0036 40F20112 		movw	r2, #257
 2575 003a 9A40     		lsls	r2, r2, r3
 2576 003c 7B68     		ldr	r3, [r7, #4]
 2577 003e C3F88823 		str	r2, [r3, #904]
 2578              	.L97:
1025:../../../firmware/n32h7xx_std_periph_driver/src/n32h7xx_dma.c ****     }
1026:../../../firmware/n32h7xx_std_periph_driver/src/n32h7xx_dma.c **** 
1027:../../../firmware/n32h7xx_std_periph_driver/src/n32h7xx_dma.c ****     /* Enable Channel n Source Transaction Request */
1028:../../../firmware/n32h7xx_std_periph_driver/src/n32h7xx_dma.c ****     WRITE_REG(DMAy->SRCSWTREQ, (DMA_STR_ENABLE << ChNum));
 2579              		.loc 1 1028 5
 2580 0042 FB78     		ldrb	r3, [r7, #3]	@ zero_extendqisi2
 2581 0044 40F20112 		movw	r2, #257
 2582 0048 9A40     		lsls	r2, r2, r3
 2583 004a 7B68     		ldr	r3, [r7, #4]
 2584 004c C3F86823 		str	r2, [r3, #872]
1029:../../../firmware/n32h7xx_std_periph_driver/src/n32h7xx_dma.c **** }
 2585              		.loc 1 1029 1
 2586 0050 00BF     		nop
 2587 0052 0C37     		adds	r7, r7, #12
 2588              	.LCFI158:
 2589              		.cfi_def_cfa_offset 4
 2590 0054 BD46     		mov	sp, r7
 2591              	.LCFI159:
 2592              		.cfi_def_cfa_register 13
 2593              		@ sp needed
 2594 0056 80BC     		pop	{r7}
 2595              	.LCFI160:
ARM GAS  /tmp/ccfokkoU.s 			page 64


 2596              		.cfi_restore 7
 2597              		.cfi_def_cfa_offset 0
 2598 0058 7047     		bx	lr
 2599              		.cfi_endproc
 2600              	.LFE161:
 2602              		.section	.text.DMA_TriggerDestinationRequest,"ax",%progbits
 2603              		.align	1
 2604              		.global	DMA_TriggerDestinationRequest
 2605              		.syntax unified
 2606              		.thumb
 2607              		.thumb_func
 2609              	DMA_TriggerDestinationRequest:
 2610              	.LFB162:
1030:../../../firmware/n32h7xx_std_periph_driver/src/n32h7xx_dma.c **** 
1031:../../../firmware/n32h7xx_std_periph_driver/src/n32h7xx_dma.c **** /**
1032:../../../firmware/n32h7xx_std_periph_driver/src/n32h7xx_dma.c **** *\*\name    DMA_TriggerDestinationRequest.
1033:../../../firmware/n32h7xx_std_periph_driver/src/n32h7xx_dma.c **** *\*\fun     Trigger a software Destination handshake request.
1034:../../../firmware/n32h7xx_std_periph_driver/src/n32h7xx_dma.c **** *\*\param   DMAy (The input parameters must be the following values):
1035:../../../firmware/n32h7xx_std_periph_driver/src/n32h7xx_dma.c **** *\*\          - DMA1
1036:../../../firmware/n32h7xx_std_periph_driver/src/n32h7xx_dma.c **** *\*\          - DMA2
1037:../../../firmware/n32h7xx_std_periph_driver/src/n32h7xx_dma.c **** *\*\          - DMA3
1038:../../../firmware/n32h7xx_std_periph_driver/src/n32h7xx_dma.c **** *\*\param   ChNum (The input parameters must be the following values):
1039:../../../firmware/n32h7xx_std_periph_driver/src/n32h7xx_dma.c **** *\*\          - DMA_CHANNEL_0
1040:../../../firmware/n32h7xx_std_periph_driver/src/n32h7xx_dma.c **** *\*\          - DMA_CHANNEL_1
1041:../../../firmware/n32h7xx_std_periph_driver/src/n32h7xx_dma.c **** *\*\          - DMA_CHANNEL_2
1042:../../../firmware/n32h7xx_std_periph_driver/src/n32h7xx_dma.c **** *\*\          - DMA_CHANNEL_3
1043:../../../firmware/n32h7xx_std_periph_driver/src/n32h7xx_dma.c **** *\*\          - DMA_CHANNEL_4
1044:../../../firmware/n32h7xx_std_periph_driver/src/n32h7xx_dma.c **** *\*\          - DMA_CHANNEL_5
1045:../../../firmware/n32h7xx_std_periph_driver/src/n32h7xx_dma.c **** *\*\          - DMA_CHANNEL_6
1046:../../../firmware/n32h7xx_std_periph_driver/src/n32h7xx_dma.c **** *\*\          - DMA_CHANNEL_7
1047:../../../firmware/n32h7xx_std_periph_driver/src/n32h7xx_dma.c **** *\*\param   Type (The input parameters must be the following values):
1048:../../../firmware/n32h7xx_std_periph_driver/src/n32h7xx_dma.c **** *\*\          - DMA_CH_TRANSACTION_TYPE_SINGLE
1049:../../../firmware/n32h7xx_std_periph_driver/src/n32h7xx_dma.c **** *\*\          - DMA_CH_TRANSACTION_TYPE_BURST
1050:../../../firmware/n32h7xx_std_periph_driver/src/n32h7xx_dma.c **** *\*\param   isLast:
1051:../../../firmware/n32h7xx_std_periph_driver/src/n32h7xx_dma.c **** *\*\          - true or false
1052:../../../firmware/n32h7xx_std_periph_driver/src/n32h7xx_dma.c **** *\*\return  none
1053:../../../firmware/n32h7xx_std_periph_driver/src/n32h7xx_dma.c **** **/
1054:../../../firmware/n32h7xx_std_periph_driver/src/n32h7xx_dma.c **** void DMA_TriggerDestinationRequest(DMA_Module *const DMAy, DMA_ChNumType ChNum, DMA_ChTransacType T
1055:../../../firmware/n32h7xx_std_periph_driver/src/n32h7xx_dma.c **** {
 2611              		.loc 1 1055 1
 2612              		.cfi_startproc
 2613              		@ args = 0, pretend = 0, frame = 8
 2614              		@ frame_needed = 1, uses_anonymous_args = 0
 2615              		@ link register save eliminated.
 2616 0000 80B4     		push	{r7}
 2617              	.LCFI161:
 2618              		.cfi_def_cfa_offset 4
 2619              		.cfi_offset 7, -4
 2620 0002 83B0     		sub	sp, sp, #12
 2621              	.LCFI162:
 2622              		.cfi_def_cfa_offset 16
 2623 0004 00AF     		add	r7, sp, #0
 2624              	.LCFI163:
 2625              		.cfi_def_cfa_register 7
 2626 0006 7860     		str	r0, [r7, #4]
 2627 0008 0846     		mov	r0, r1
 2628 000a 1146     		mov	r1, r2
ARM GAS  /tmp/ccfokkoU.s 			page 65


 2629 000c 1A46     		mov	r2, r3
 2630 000e 0346     		mov	r3, r0
 2631 0010 FB70     		strb	r3, [r7, #3]
 2632 0012 0B46     		mov	r3, r1
 2633 0014 BB70     		strb	r3, [r7, #2]
 2634 0016 1346     		mov	r3, r2
 2635 0018 7B70     		strb	r3, [r7, #1]
1056:../../../firmware/n32h7xx_std_periph_driver/src/n32h7xx_dma.c ****     if (Type == DMA_CH_TRANSACTION_TYPE_SINGLE)
 2636              		.loc 1 1056 8
 2637 001a BB78     		ldrb	r3, [r7, #2]	@ zero_extendqisi2
 2638 001c 002B     		cmp	r3, #0
 2639 001e 06D1     		bne	.L99
1057:../../../firmware/n32h7xx_std_periph_driver/src/n32h7xx_dma.c ****     {
1058:../../../firmware/n32h7xx_std_periph_driver/src/n32h7xx_dma.c ****         /* Enable Channel n Destination Single Transaction Request */
1059:../../../firmware/n32h7xx_std_periph_driver/src/n32h7xx_dma.c ****         WRITE_REG(DMAy->DSTSGTREQ, (DMA_DSTR_ENABLE << ChNum));
 2640              		.loc 1 1059 9
 2641 0020 FB78     		ldrb	r3, [r7, #3]	@ zero_extendqisi2
 2642 0022 40F20112 		movw	r2, #257
 2643 0026 9A40     		lsls	r2, r2, r3
 2644 0028 7B68     		ldr	r3, [r7, #4]
 2645 002a C3F88023 		str	r2, [r3, #896]
 2646              	.L99:
1060:../../../firmware/n32h7xx_std_periph_driver/src/n32h7xx_dma.c ****     }
1061:../../../firmware/n32h7xx_std_periph_driver/src/n32h7xx_dma.c **** 
1062:../../../firmware/n32h7xx_std_periph_driver/src/n32h7xx_dma.c ****     if (isLast == true)
 2647              		.loc 1 1062 8
 2648 002e 7B78     		ldrb	r3, [r7, #1]	@ zero_extendqisi2
 2649 0030 002B     		cmp	r3, #0
 2650 0032 06D0     		beq	.L100
1063:../../../firmware/n32h7xx_std_periph_driver/src/n32h7xx_dma.c ****     {
1064:../../../firmware/n32h7xx_std_periph_driver/src/n32h7xx_dma.c ****         /* Enable Channel n Destination Last Transaction Request */
1065:../../../firmware/n32h7xx_std_periph_driver/src/n32h7xx_dma.c ****         WRITE_REG(DMAy->DSTLTREQ, (DMA_DLTR_ENABLE << ChNum));
 2651              		.loc 1 1065 9
 2652 0034 FB78     		ldrb	r3, [r7, #3]	@ zero_extendqisi2
 2653 0036 40F20112 		movw	r2, #257
 2654 003a 9A40     		lsls	r2, r2, r3
 2655 003c 7B68     		ldr	r3, [r7, #4]
 2656 003e C3F89023 		str	r2, [r3, #912]
 2657              	.L100:
1066:../../../firmware/n32h7xx_std_periph_driver/src/n32h7xx_dma.c ****     }
1067:../../../firmware/n32h7xx_std_periph_driver/src/n32h7xx_dma.c **** 
1068:../../../firmware/n32h7xx_std_periph_driver/src/n32h7xx_dma.c ****     /* Enable Channel n Destination Transaction Request */
1069:../../../firmware/n32h7xx_std_periph_driver/src/n32h7xx_dma.c ****     WRITE_REG(DMAy->DSTSWTREQ, (DMA_DTR_ENABLE << ChNum));
 2658              		.loc 1 1069 5
 2659 0042 FB78     		ldrb	r3, [r7, #3]	@ zero_extendqisi2
 2660 0044 40F20112 		movw	r2, #257
 2661 0048 9A40     		lsls	r2, r2, r3
 2662 004a 7B68     		ldr	r3, [r7, #4]
 2663 004c C3F87023 		str	r2, [r3, #880]
1070:../../../firmware/n32h7xx_std_periph_driver/src/n32h7xx_dma.c **** }
 2664              		.loc 1 1070 1
 2665 0050 00BF     		nop
 2666 0052 0C37     		adds	r7, r7, #12
 2667              	.LCFI164:
 2668              		.cfi_def_cfa_offset 4
 2669 0054 BD46     		mov	sp, r7
 2670              	.LCFI165:
ARM GAS  /tmp/ccfokkoU.s 			page 66


 2671              		.cfi_def_cfa_register 13
 2672              		@ sp needed
 2673 0056 80BC     		pop	{r7}
 2674              	.LCFI166:
 2675              		.cfi_restore 7
 2676              		.cfi_def_cfa_offset 0
 2677 0058 7047     		bx	lr
 2678              		.cfi_endproc
 2679              	.LFE162:
 2681              		.section	.text.DMA_ChannelSourceAddressReloadCmd,"ax",%progbits
 2682              		.align	1
 2683              		.global	DMA_ChannelSourceAddressReloadCmd
 2684              		.syntax unified
 2685              		.thumb
 2686              		.thumb_func
 2688              	DMA_ChannelSourceAddressReloadCmd:
 2689              	.LFB163:
1071:../../../firmware/n32h7xx_std_periph_driver/src/n32h7xx_dma.c **** 
1072:../../../firmware/n32h7xx_std_periph_driver/src/n32h7xx_dma.c **** /**
1073:../../../firmware/n32h7xx_std_periph_driver/src/n32h7xx_dma.c **** *\*\name    DMA_ChannelSourceAddressReloadCmd.
1074:../../../firmware/n32h7xx_std_periph_driver/src/n32h7xx_dma.c **** *\*\fun     Enable or disable a DMA Channel source address reload.
1075:../../../firmware/n32h7xx_std_periph_driver/src/n32h7xx_dma.c **** *\*\param   DMAy (The input parameters must be the following values):
1076:../../../firmware/n32h7xx_std_periph_driver/src/n32h7xx_dma.c **** *\*\          - DMA1
1077:../../../firmware/n32h7xx_std_periph_driver/src/n32h7xx_dma.c **** *\*\          - DMA2
1078:../../../firmware/n32h7xx_std_periph_driver/src/n32h7xx_dma.c **** *\*\          - DMA3
1079:../../../firmware/n32h7xx_std_periph_driver/src/n32h7xx_dma.c **** *\*\param   ChNum (The input parameters must be the following values):
1080:../../../firmware/n32h7xx_std_periph_driver/src/n32h7xx_dma.c **** *\*\          - DMA_CHANNEL_0
1081:../../../firmware/n32h7xx_std_periph_driver/src/n32h7xx_dma.c **** *\*\          - DMA_CHANNEL_1
1082:../../../firmware/n32h7xx_std_periph_driver/src/n32h7xx_dma.c **** *\*\          - DMA_CHANNEL_2
1083:../../../firmware/n32h7xx_std_periph_driver/src/n32h7xx_dma.c **** *\*\          - DMA_CHANNEL_3
1084:../../../firmware/n32h7xx_std_periph_driver/src/n32h7xx_dma.c **** *\*\          - DMA_CHANNEL_4
1085:../../../firmware/n32h7xx_std_periph_driver/src/n32h7xx_dma.c **** *\*\          - DMA_CHANNEL_5
1086:../../../firmware/n32h7xx_std_periph_driver/src/n32h7xx_dma.c **** *\*\          - DMA_CHANNEL_6
1087:../../../firmware/n32h7xx_std_periph_driver/src/n32h7xx_dma.c **** *\*\          - DMA_CHANNEL_7
1088:../../../firmware/n32h7xx_std_periph_driver/src/n32h7xx_dma.c **** *\*\param   Cmd (The input parameters must be the following values):
1089:../../../firmware/n32h7xx_std_periph_driver/src/n32h7xx_dma.c **** *\*\          - ENABLE
1090:../../../firmware/n32h7xx_std_periph_driver/src/n32h7xx_dma.c **** *\*\          - DISABLE
1091:../../../firmware/n32h7xx_std_periph_driver/src/n32h7xx_dma.c **** *\*\return  none
1092:../../../firmware/n32h7xx_std_periph_driver/src/n32h7xx_dma.c **** **/
1093:../../../firmware/n32h7xx_std_periph_driver/src/n32h7xx_dma.c **** void DMA_ChannelSourceAddressReloadCmd(DMA_Module *const DMAy, DMA_ChNumType ChNum, FunctionalStatu
1094:../../../firmware/n32h7xx_std_periph_driver/src/n32h7xx_dma.c **** {
 2690              		.loc 1 1094 1
 2691              		.cfi_startproc
 2692              		@ args = 0, pretend = 0, frame = 8
 2693              		@ frame_needed = 1, uses_anonymous_args = 0
 2694              		@ link register save eliminated.
 2695 0000 2DE9B003 		push	{r4, r5, r7, r8, r9}
 2696              	.LCFI167:
 2697              		.cfi_def_cfa_offset 20
 2698              		.cfi_offset 4, -20
 2699              		.cfi_offset 5, -16
 2700              		.cfi_offset 7, -12
 2701              		.cfi_offset 8, -8
 2702              		.cfi_offset 9, -4
 2703 0004 83B0     		sub	sp, sp, #12
 2704              	.LCFI168:
 2705              		.cfi_def_cfa_offset 32
ARM GAS  /tmp/ccfokkoU.s 			page 67


 2706 0006 00AF     		add	r7, sp, #0
 2707              	.LCFI169:
 2708              		.cfi_def_cfa_register 7
 2709 0008 7860     		str	r0, [r7, #4]
 2710 000a 0B46     		mov	r3, r1
 2711 000c FB70     		strb	r3, [r7, #3]
 2712 000e 1346     		mov	r3, r2
 2713 0010 BB70     		strb	r3, [r7, #2]
1095:../../../firmware/n32h7xx_std_periph_driver/src/n32h7xx_dma.c ****     if (Cmd != DISABLE)
 2714              		.loc 1 1095 8
 2715 0012 BB78     		ldrb	r3, [r7, #2]	@ zero_extendqisi2
 2716 0014 002B     		cmp	r3, #0
 2717 0016 15D0     		beq	.L102
1096:../../../firmware/n32h7xx_std_periph_driver/src/n32h7xx_dma.c ****     {
1097:../../../firmware/n32h7xx_std_periph_driver/src/n32h7xx_dma.c ****         /* Enable the Automatic Source Reload */
1098:../../../firmware/n32h7xx_std_periph_driver/src/n32h7xx_dma.c ****         SET_BIT(DMAy->CH[ChNum].CFG, DMA_CHNCFG_ASR);
 2718              		.loc 1 1098 9
 2719 0018 FB78     		ldrb	r3, [r7, #3]	@ zero_extendqisi2
 2720 001a 7A68     		ldr	r2, [r7, #4]
 2721 001c 5821     		movs	r1, #88
 2722 001e 01FB03F3 		mul	r3, r1, r3
 2723 0022 1344     		add	r3, r3, r2
 2724 0024 4033     		adds	r3, r3, #64
 2725 0026 D3E90023 		ldrd	r2, [r3]
 2726 002a F978     		ldrb	r1, [r7, #3]	@ zero_extendqisi2
 2727 002c 42F08048 		orr	r8, r2, #1073741824
 2728 0030 9946     		mov	r9, r3
 2729 0032 7A68     		ldr	r2, [r7, #4]
 2730 0034 5823     		movs	r3, #88
 2731 0036 01FB03F3 		mul	r3, r1, r3
 2732 003a 1344     		add	r3, r3, r2
 2733 003c 4033     		adds	r3, r3, #64
 2734 003e C3E90089 		strd	r8, [r3]
1099:../../../firmware/n32h7xx_std_periph_driver/src/n32h7xx_dma.c ****     }
1100:../../../firmware/n32h7xx_std_periph_driver/src/n32h7xx_dma.c ****     else
1101:../../../firmware/n32h7xx_std_periph_driver/src/n32h7xx_dma.c ****     {
1102:../../../firmware/n32h7xx_std_periph_driver/src/n32h7xx_dma.c ****         /* Disable the Automatic Source Reload */
1103:../../../firmware/n32h7xx_std_periph_driver/src/n32h7xx_dma.c ****         CLEAR_BIT(DMAy->CH[ChNum].CFG, DMA_CHNCFG_ASR);
1104:../../../firmware/n32h7xx_std_periph_driver/src/n32h7xx_dma.c ****     }
1105:../../../firmware/n32h7xx_std_periph_driver/src/n32h7xx_dma.c **** }
 2735              		.loc 1 1105 1
 2736 0042 14E0     		b	.L104
 2737              	.L102:
1103:../../../firmware/n32h7xx_std_periph_driver/src/n32h7xx_dma.c ****     }
 2738              		.loc 1 1103 9
 2739 0044 FB78     		ldrb	r3, [r7, #3]	@ zero_extendqisi2
 2740 0046 7A68     		ldr	r2, [r7, #4]
 2741 0048 5821     		movs	r1, #88
 2742 004a 01FB03F3 		mul	r3, r1, r3
 2743 004e 1344     		add	r3, r3, r2
 2744 0050 4033     		adds	r3, r3, #64
 2745 0052 D3E90023 		ldrd	r2, [r3]
 2746 0056 F978     		ldrb	r1, [r7, #3]	@ zero_extendqisi2
 2747 0058 22F08044 		bic	r4, r2, #1073741824
 2748 005c 1D46     		mov	r5, r3
 2749 005e 7A68     		ldr	r2, [r7, #4]
 2750 0060 5823     		movs	r3, #88
ARM GAS  /tmp/ccfokkoU.s 			page 68


 2751 0062 01FB03F3 		mul	r3, r1, r3
 2752 0066 1344     		add	r3, r3, r2
 2753 0068 4033     		adds	r3, r3, #64
 2754 006a C3E90045 		strd	r4, [r3]
 2755              	.L104:
 2756              		.loc 1 1105 1
 2757 006e 00BF     		nop
 2758 0070 0C37     		adds	r7, r7, #12
 2759              	.LCFI170:
 2760              		.cfi_def_cfa_offset 20
 2761 0072 BD46     		mov	sp, r7
 2762              	.LCFI171:
 2763              		.cfi_def_cfa_register 13
 2764              		@ sp needed
 2765 0074 BDE8B003 		pop	{r4, r5, r7, r8, r9}
 2766              	.LCFI172:
 2767              		.cfi_restore 9
 2768              		.cfi_restore 8
 2769              		.cfi_restore 7
 2770              		.cfi_restore 5
 2771              		.cfi_restore 4
 2772              		.cfi_def_cfa_offset 0
 2773 0078 7047     		bx	lr
 2774              		.cfi_endproc
 2775              	.LFE163:
 2777              		.section	.text.DMA_ChannelDestinationAddressReloadCmd,"ax",%progbits
 2778              		.align	1
 2779              		.global	DMA_ChannelDestinationAddressReloadCmd
 2780              		.syntax unified
 2781              		.thumb
 2782              		.thumb_func
 2784              	DMA_ChannelDestinationAddressReloadCmd:
 2785              	.LFB164:
1106:../../../firmware/n32h7xx_std_periph_driver/src/n32h7xx_dma.c **** 
1107:../../../firmware/n32h7xx_std_periph_driver/src/n32h7xx_dma.c **** /**
1108:../../../firmware/n32h7xx_std_periph_driver/src/n32h7xx_dma.c **** *\*\name    DMA_ChannelDestinationAddressReloadCmd.
1109:../../../firmware/n32h7xx_std_periph_driver/src/n32h7xx_dma.c **** *\*\fun     Enable or disable a DMA Channel destination address reload.
1110:../../../firmware/n32h7xx_std_periph_driver/src/n32h7xx_dma.c **** *\*\param   DMAy (The input parameters must be the following values):
1111:../../../firmware/n32h7xx_std_periph_driver/src/n32h7xx_dma.c **** *\*\          - DMA1
1112:../../../firmware/n32h7xx_std_periph_driver/src/n32h7xx_dma.c **** *\*\          - DMA2
1113:../../../firmware/n32h7xx_std_periph_driver/src/n32h7xx_dma.c **** *\*\          - DMA3
1114:../../../firmware/n32h7xx_std_periph_driver/src/n32h7xx_dma.c **** *\*\param   ChNum (The input parameters must be the following values):
1115:../../../firmware/n32h7xx_std_periph_driver/src/n32h7xx_dma.c **** *\*\          - DMA_CHANNEL_0
1116:../../../firmware/n32h7xx_std_periph_driver/src/n32h7xx_dma.c **** *\*\          - DMA_CHANNEL_1
1117:../../../firmware/n32h7xx_std_periph_driver/src/n32h7xx_dma.c **** *\*\          - DMA_CHANNEL_2
1118:../../../firmware/n32h7xx_std_periph_driver/src/n32h7xx_dma.c **** *\*\          - DMA_CHANNEL_3
1119:../../../firmware/n32h7xx_std_periph_driver/src/n32h7xx_dma.c **** *\*\          - DMA_CHANNEL_4
1120:../../../firmware/n32h7xx_std_periph_driver/src/n32h7xx_dma.c **** *\*\          - DMA_CHANNEL_5
1121:../../../firmware/n32h7xx_std_periph_driver/src/n32h7xx_dma.c **** *\*\          - DMA_CHANNEL_6
1122:../../../firmware/n32h7xx_std_periph_driver/src/n32h7xx_dma.c **** *\*\          - DMA_CHANNEL_7
1123:../../../firmware/n32h7xx_std_periph_driver/src/n32h7xx_dma.c **** *\*\param   Cmd (The input parameters must be the following values):
1124:../../../firmware/n32h7xx_std_periph_driver/src/n32h7xx_dma.c **** *\*\          - ENABLE
1125:../../../firmware/n32h7xx_std_periph_driver/src/n32h7xx_dma.c **** *\*\          - DISABLE
1126:../../../firmware/n32h7xx_std_periph_driver/src/n32h7xx_dma.c **** *\*\return  none
1127:../../../firmware/n32h7xx_std_periph_driver/src/n32h7xx_dma.c **** **/
1128:../../../firmware/n32h7xx_std_periph_driver/src/n32h7xx_dma.c **** void DMA_ChannelDestinationAddressReloadCmd(DMA_Module *const DMAy, DMA_ChNumType ChNum, Functional
1129:../../../firmware/n32h7xx_std_periph_driver/src/n32h7xx_dma.c **** {
ARM GAS  /tmp/ccfokkoU.s 			page 69


 2786              		.loc 1 1129 1
 2787              		.cfi_startproc
 2788              		@ args = 0, pretend = 0, frame = 8
 2789              		@ frame_needed = 1, uses_anonymous_args = 0
 2790              		@ link register save eliminated.
 2791 0000 2DE9B003 		push	{r4, r5, r7, r8, r9}
 2792              	.LCFI173:
 2793              		.cfi_def_cfa_offset 20
 2794              		.cfi_offset 4, -20
 2795              		.cfi_offset 5, -16
 2796              		.cfi_offset 7, -12
 2797              		.cfi_offset 8, -8
 2798              		.cfi_offset 9, -4
 2799 0004 83B0     		sub	sp, sp, #12
 2800              	.LCFI174:
 2801              		.cfi_def_cfa_offset 32
 2802 0006 00AF     		add	r7, sp, #0
 2803              	.LCFI175:
 2804              		.cfi_def_cfa_register 7
 2805 0008 7860     		str	r0, [r7, #4]
 2806 000a 0B46     		mov	r3, r1
 2807 000c FB70     		strb	r3, [r7, #3]
 2808 000e 1346     		mov	r3, r2
 2809 0010 BB70     		strb	r3, [r7, #2]
1130:../../../firmware/n32h7xx_std_periph_driver/src/n32h7xx_dma.c ****     if (Cmd != DISABLE)
 2810              		.loc 1 1130 8
 2811 0012 BB78     		ldrb	r3, [r7, #2]	@ zero_extendqisi2
 2812 0014 002B     		cmp	r3, #0
 2813 0016 15D0     		beq	.L106
1131:../../../firmware/n32h7xx_std_periph_driver/src/n32h7xx_dma.c ****     {
1132:../../../firmware/n32h7xx_std_periph_driver/src/n32h7xx_dma.c ****         /* Enable the Automatic Destination Reload */
1133:../../../firmware/n32h7xx_std_periph_driver/src/n32h7xx_dma.c ****         SET_BIT(DMAy->CH[ChNum].CFG, DMA_CHNCFG_ADR);
 2814              		.loc 1 1133 9
 2815 0018 FB78     		ldrb	r3, [r7, #3]	@ zero_extendqisi2
 2816 001a 7A68     		ldr	r2, [r7, #4]
 2817 001c 5821     		movs	r1, #88
 2818 001e 01FB03F3 		mul	r3, r1, r3
 2819 0022 1344     		add	r3, r3, r2
 2820 0024 4033     		adds	r3, r3, #64
 2821 0026 D3E90023 		ldrd	r2, [r3]
 2822 002a F978     		ldrb	r1, [r7, #3]	@ zero_extendqisi2
 2823 002c 42F00048 		orr	r8, r2, #-2147483648
 2824 0030 9946     		mov	r9, r3
 2825 0032 7A68     		ldr	r2, [r7, #4]
 2826 0034 5823     		movs	r3, #88
 2827 0036 01FB03F3 		mul	r3, r1, r3
 2828 003a 1344     		add	r3, r3, r2
 2829 003c 4033     		adds	r3, r3, #64
 2830 003e C3E90089 		strd	r8, [r3]
1134:../../../firmware/n32h7xx_std_periph_driver/src/n32h7xx_dma.c ****     }
1135:../../../firmware/n32h7xx_std_periph_driver/src/n32h7xx_dma.c ****     else
1136:../../../firmware/n32h7xx_std_periph_driver/src/n32h7xx_dma.c ****     {
1137:../../../firmware/n32h7xx_std_periph_driver/src/n32h7xx_dma.c ****         /* Disable the Automatic Destination Reload */
1138:../../../firmware/n32h7xx_std_periph_driver/src/n32h7xx_dma.c ****         CLEAR_BIT(DMAy->CH[ChNum].CFG, DMA_CHNCFG_ADR);
1139:../../../firmware/n32h7xx_std_periph_driver/src/n32h7xx_dma.c ****     }
1140:../../../firmware/n32h7xx_std_periph_driver/src/n32h7xx_dma.c **** }
 2831              		.loc 1 1140 1
ARM GAS  /tmp/ccfokkoU.s 			page 70


 2832 0042 14E0     		b	.L108
 2833              	.L106:
1138:../../../firmware/n32h7xx_std_periph_driver/src/n32h7xx_dma.c ****     }
 2834              		.loc 1 1138 9
 2835 0044 FB78     		ldrb	r3, [r7, #3]	@ zero_extendqisi2
 2836 0046 7A68     		ldr	r2, [r7, #4]
 2837 0048 5821     		movs	r1, #88
 2838 004a 01FB03F3 		mul	r3, r1, r3
 2839 004e 1344     		add	r3, r3, r2
 2840 0050 4033     		adds	r3, r3, #64
 2841 0052 D3E90023 		ldrd	r2, [r3]
 2842 0056 F978     		ldrb	r1, [r7, #3]	@ zero_extendqisi2
 2843 0058 22F00044 		bic	r4, r2, #-2147483648
 2844 005c 1D46     		mov	r5, r3
 2845 005e 7A68     		ldr	r2, [r7, #4]
 2846 0060 5823     		movs	r3, #88
 2847 0062 01FB03F3 		mul	r3, r1, r3
 2848 0066 1344     		add	r3, r3, r2
 2849 0068 4033     		adds	r3, r3, #64
 2850 006a C3E90045 		strd	r4, [r3]
 2851              	.L108:
 2852              		.loc 1 1140 1
 2853 006e 00BF     		nop
 2854 0070 0C37     		adds	r7, r7, #12
 2855              	.LCFI176:
 2856              		.cfi_def_cfa_offset 20
 2857 0072 BD46     		mov	sp, r7
 2858              	.LCFI177:
 2859              		.cfi_def_cfa_register 13
 2860              		@ sp needed
 2861 0074 BDE8B003 		pop	{r4, r5, r7, r8, r9}
 2862              	.LCFI178:
 2863              		.cfi_restore 9
 2864              		.cfi_restore 8
 2865              		.cfi_restore 7
 2866              		.cfi_restore 5
 2867              		.cfi_restore 4
 2868              		.cfi_def_cfa_offset 0
 2869 0078 7047     		bx	lr
 2870              		.cfi_endproc
 2871              	.LFE164:
 2873              		.section	.text.DMA_ChannelBusLockCmd,"ax",%progbits
 2874              		.align	1
 2875              		.global	DMA_ChannelBusLockCmd
 2876              		.syntax unified
 2877              		.thumb
 2878              		.thumb_func
 2880              	DMA_ChannelBusLockCmd:
 2881              	.LFB165:
1141:../../../firmware/n32h7xx_std_periph_driver/src/n32h7xx_dma.c **** 
1142:../../../firmware/n32h7xx_std_periph_driver/src/n32h7xx_dma.c **** /**
1143:../../../firmware/n32h7xx_std_periph_driver/src/n32h7xx_dma.c **** *\*\name    DMA_ChannelBusLockCmd.
1144:../../../firmware/n32h7xx_std_periph_driver/src/n32h7xx_dma.c **** *\*\fun     Enable or disable a DMA Channel bus lock.
1145:../../../firmware/n32h7xx_std_periph_driver/src/n32h7xx_dma.c **** *\*\param   DMAy (The input parameters must be the following values):
1146:../../../firmware/n32h7xx_std_periph_driver/src/n32h7xx_dma.c **** *\*\          - DMA1
1147:../../../firmware/n32h7xx_std_periph_driver/src/n32h7xx_dma.c **** *\*\          - DMA2
1148:../../../firmware/n32h7xx_std_periph_driver/src/n32h7xx_dma.c **** *\*\          - DMA3
ARM GAS  /tmp/ccfokkoU.s 			page 71


1149:../../../firmware/n32h7xx_std_periph_driver/src/n32h7xx_dma.c **** *\*\param   ChNum (The input parameters must be the following values):
1150:../../../firmware/n32h7xx_std_periph_driver/src/n32h7xx_dma.c **** *\*\          - DMA_CHANNEL_0
1151:../../../firmware/n32h7xx_std_periph_driver/src/n32h7xx_dma.c **** *\*\          - DMA_CHANNEL_1
1152:../../../firmware/n32h7xx_std_periph_driver/src/n32h7xx_dma.c **** *\*\          - DMA_CHANNEL_2
1153:../../../firmware/n32h7xx_std_periph_driver/src/n32h7xx_dma.c **** *\*\          - DMA_CHANNEL_3
1154:../../../firmware/n32h7xx_std_periph_driver/src/n32h7xx_dma.c **** *\*\          - DMA_CHANNEL_4
1155:../../../firmware/n32h7xx_std_periph_driver/src/n32h7xx_dma.c **** *\*\          - DMA_CHANNEL_5
1156:../../../firmware/n32h7xx_std_periph_driver/src/n32h7xx_dma.c **** *\*\          - DMA_CHANNEL_6
1157:../../../firmware/n32h7xx_std_periph_driver/src/n32h7xx_dma.c **** *\*\          - DMA_CHANNEL_7
1158:../../../firmware/n32h7xx_std_periph_driver/src/n32h7xx_dma.c **** *\*\param   Cmd (The input parameters must be the following values):
1159:../../../firmware/n32h7xx_std_periph_driver/src/n32h7xx_dma.c **** *\*\          - ENABLE
1160:../../../firmware/n32h7xx_std_periph_driver/src/n32h7xx_dma.c **** *\*\          - DISABLE
1161:../../../firmware/n32h7xx_std_periph_driver/src/n32h7xx_dma.c **** *\*\return  none
1162:../../../firmware/n32h7xx_std_periph_driver/src/n32h7xx_dma.c **** **/
1163:../../../firmware/n32h7xx_std_periph_driver/src/n32h7xx_dma.c **** void DMA_ChannelBusLockCmd(DMA_Module *const DMAy, DMA_ChNumType ChNum, FunctionalStatus Cmd)
1164:../../../firmware/n32h7xx_std_periph_driver/src/n32h7xx_dma.c **** {
 2882              		.loc 1 1164 1
 2883              		.cfi_startproc
 2884              		@ args = 0, pretend = 0, frame = 8
 2885              		@ frame_needed = 1, uses_anonymous_args = 0
 2886              		@ link register save eliminated.
 2887 0000 2DE9B003 		push	{r4, r5, r7, r8, r9}
 2888              	.LCFI179:
 2889              		.cfi_def_cfa_offset 20
 2890              		.cfi_offset 4, -20
 2891              		.cfi_offset 5, -16
 2892              		.cfi_offset 7, -12
 2893              		.cfi_offset 8, -8
 2894              		.cfi_offset 9, -4
 2895 0004 83B0     		sub	sp, sp, #12
 2896              	.LCFI180:
 2897              		.cfi_def_cfa_offset 32
 2898 0006 00AF     		add	r7, sp, #0
 2899              	.LCFI181:
 2900              		.cfi_def_cfa_register 7
 2901 0008 7860     		str	r0, [r7, #4]
 2902 000a 0B46     		mov	r3, r1
 2903 000c FB70     		strb	r3, [r7, #3]
 2904 000e 1346     		mov	r3, r2
 2905 0010 BB70     		strb	r3, [r7, #2]
1165:../../../firmware/n32h7xx_std_periph_driver/src/n32h7xx_dma.c ****     if (Cmd != DISABLE)
 2906              		.loc 1 1165 8
 2907 0012 BB78     		ldrb	r3, [r7, #2]	@ zero_extendqisi2
 2908 0014 002B     		cmp	r3, #0
 2909 0016 15D0     		beq	.L110
1166:../../../firmware/n32h7xx_std_periph_driver/src/n32h7xx_dma.c ****     {
1167:../../../firmware/n32h7xx_std_periph_driver/src/n32h7xx_dma.c ****         /* Enable the DMA Channel bus lock */
1168:../../../firmware/n32h7xx_std_periph_driver/src/n32h7xx_dma.c ****         SET_BIT(DMAy->CH[ChNum].CFG, DMA_CHNCFG_LOCKB);
 2910              		.loc 1 1168 9
 2911 0018 FB78     		ldrb	r3, [r7, #3]	@ zero_extendqisi2
 2912 001a 7A68     		ldr	r2, [r7, #4]
 2913 001c 5821     		movs	r1, #88
 2914 001e 01FB03F3 		mul	r3, r1, r3
 2915 0022 1344     		add	r3, r3, r2
 2916 0024 4033     		adds	r3, r3, #64
 2917 0026 D3E90023 		ldrd	r2, [r3]
 2918 002a F978     		ldrb	r1, [r7, #3]	@ zero_extendqisi2
ARM GAS  /tmp/ccfokkoU.s 			page 72


 2919 002c 42F40038 		orr	r8, r2, #131072
 2920 0030 9946     		mov	r9, r3
 2921 0032 7A68     		ldr	r2, [r7, #4]
 2922 0034 5823     		movs	r3, #88
 2923 0036 01FB03F3 		mul	r3, r1, r3
 2924 003a 1344     		add	r3, r3, r2
 2925 003c 4033     		adds	r3, r3, #64
 2926 003e C3E90089 		strd	r8, [r3]
1169:../../../firmware/n32h7xx_std_periph_driver/src/n32h7xx_dma.c ****     }
1170:../../../firmware/n32h7xx_std_periph_driver/src/n32h7xx_dma.c ****     else
1171:../../../firmware/n32h7xx_std_periph_driver/src/n32h7xx_dma.c ****     {
1172:../../../firmware/n32h7xx_std_periph_driver/src/n32h7xx_dma.c ****         /* Disable the DMA Channel bus lock */
1173:../../../firmware/n32h7xx_std_periph_driver/src/n32h7xx_dma.c ****         CLEAR_BIT(DMAy->CH[ChNum].CFG, DMA_CHNCFG_LOCKB);
1174:../../../firmware/n32h7xx_std_periph_driver/src/n32h7xx_dma.c ****     }
1175:../../../firmware/n32h7xx_std_periph_driver/src/n32h7xx_dma.c **** }
 2927              		.loc 1 1175 1
 2928 0042 14E0     		b	.L112
 2929              	.L110:
1173:../../../firmware/n32h7xx_std_periph_driver/src/n32h7xx_dma.c ****     }
 2930              		.loc 1 1173 9
 2931 0044 FB78     		ldrb	r3, [r7, #3]	@ zero_extendqisi2
 2932 0046 7A68     		ldr	r2, [r7, #4]
 2933 0048 5821     		movs	r1, #88
 2934 004a 01FB03F3 		mul	r3, r1, r3
 2935 004e 1344     		add	r3, r3, r2
 2936 0050 4033     		adds	r3, r3, #64
 2937 0052 D3E90023 		ldrd	r2, [r3]
 2938 0056 F978     		ldrb	r1, [r7, #3]	@ zero_extendqisi2
 2939 0058 22F40034 		bic	r4, r2, #131072
 2940 005c 1D46     		mov	r5, r3
 2941 005e 7A68     		ldr	r2, [r7, #4]
 2942 0060 5823     		movs	r3, #88
 2943 0062 01FB03F3 		mul	r3, r1, r3
 2944 0066 1344     		add	r3, r3, r2
 2945 0068 4033     		adds	r3, r3, #64
 2946 006a C3E90045 		strd	r4, [r3]
 2947              	.L112:
 2948              		.loc 1 1175 1
 2949 006e 00BF     		nop
 2950 0070 0C37     		adds	r7, r7, #12
 2951              	.LCFI182:
 2952              		.cfi_def_cfa_offset 20
 2953 0072 BD46     		mov	sp, r7
 2954              	.LCFI183:
 2955              		.cfi_def_cfa_register 13
 2956              		@ sp needed
 2957 0074 BDE8B003 		pop	{r4, r5, r7, r8, r9}
 2958              	.LCFI184:
 2959              		.cfi_restore 9
 2960              		.cfi_restore 8
 2961              		.cfi_restore 7
 2962              		.cfi_restore 5
 2963              		.cfi_restore 4
 2964              		.cfi_def_cfa_offset 0
 2965 0078 7047     		bx	lr
 2966              		.cfi_endproc
 2967              	.LFE165:
ARM GAS  /tmp/ccfokkoU.s 			page 73


 2969              		.section	.text.DMA_ChannelLockCmd,"ax",%progbits
 2970              		.align	1
 2971              		.global	DMA_ChannelLockCmd
 2972              		.syntax unified
 2973              		.thumb
 2974              		.thumb_func
 2976              	DMA_ChannelLockCmd:
 2977              	.LFB166:
1176:../../../firmware/n32h7xx_std_periph_driver/src/n32h7xx_dma.c **** 
1177:../../../firmware/n32h7xx_std_periph_driver/src/n32h7xx_dma.c **** /**
1178:../../../firmware/n32h7xx_std_periph_driver/src/n32h7xx_dma.c **** *\*\name    DMA_ChannelLockCmd.
1179:../../../firmware/n32h7xx_std_periph_driver/src/n32h7xx_dma.c **** *\*\fun     Enable or disable a DMA Channel lock.
1180:../../../firmware/n32h7xx_std_periph_driver/src/n32h7xx_dma.c **** *\*\param   DMAy (The input parameters must be the following values):
1181:../../../firmware/n32h7xx_std_periph_driver/src/n32h7xx_dma.c **** *\*\          - DMA1
1182:../../../firmware/n32h7xx_std_periph_driver/src/n32h7xx_dma.c **** *\*\          - DMA2
1183:../../../firmware/n32h7xx_std_periph_driver/src/n32h7xx_dma.c **** *\*\          - DMA3
1184:../../../firmware/n32h7xx_std_periph_driver/src/n32h7xx_dma.c **** *\*\param   ChNum (The input parameters must be the following values):
1185:../../../firmware/n32h7xx_std_periph_driver/src/n32h7xx_dma.c **** *\*\          - DMA_CHANNEL_0
1186:../../../firmware/n32h7xx_std_periph_driver/src/n32h7xx_dma.c **** *\*\          - DMA_CHANNEL_1
1187:../../../firmware/n32h7xx_std_periph_driver/src/n32h7xx_dma.c **** *\*\          - DMA_CHANNEL_2
1188:../../../firmware/n32h7xx_std_periph_driver/src/n32h7xx_dma.c **** *\*\          - DMA_CHANNEL_3
1189:../../../firmware/n32h7xx_std_periph_driver/src/n32h7xx_dma.c **** *\*\          - DMA_CHANNEL_4
1190:../../../firmware/n32h7xx_std_periph_driver/src/n32h7xx_dma.c **** *\*\          - DMA_CHANNEL_5
1191:../../../firmware/n32h7xx_std_periph_driver/src/n32h7xx_dma.c **** *\*\          - DMA_CHANNEL_6
1192:../../../firmware/n32h7xx_std_periph_driver/src/n32h7xx_dma.c **** *\*\          - DMA_CHANNEL_7
1193:../../../firmware/n32h7xx_std_periph_driver/src/n32h7xx_dma.c **** *\*\param   Cmd (The input parameters must be the following values):
1194:../../../firmware/n32h7xx_std_periph_driver/src/n32h7xx_dma.c **** *\*\          - ENABLE
1195:../../../firmware/n32h7xx_std_periph_driver/src/n32h7xx_dma.c **** *\*\          - DISABLE
1196:../../../firmware/n32h7xx_std_periph_driver/src/n32h7xx_dma.c **** *\*\return  none
1197:../../../firmware/n32h7xx_std_periph_driver/src/n32h7xx_dma.c **** **/
1198:../../../firmware/n32h7xx_std_periph_driver/src/n32h7xx_dma.c **** void DMA_ChannelLockCmd(DMA_Module *const DMAy, DMA_ChNumType ChNum, FunctionalStatus Cmd)
1199:../../../firmware/n32h7xx_std_periph_driver/src/n32h7xx_dma.c **** {
 2978              		.loc 1 1199 1
 2979              		.cfi_startproc
 2980              		@ args = 0, pretend = 0, frame = 8
 2981              		@ frame_needed = 1, uses_anonymous_args = 0
 2982              		@ link register save eliminated.
 2983 0000 2DE9B003 		push	{r4, r5, r7, r8, r9}
 2984              	.LCFI185:
 2985              		.cfi_def_cfa_offset 20
 2986              		.cfi_offset 4, -20
 2987              		.cfi_offset 5, -16
 2988              		.cfi_offset 7, -12
 2989              		.cfi_offset 8, -8
 2990              		.cfi_offset 9, -4
 2991 0004 83B0     		sub	sp, sp, #12
 2992              	.LCFI186:
 2993              		.cfi_def_cfa_offset 32
 2994 0006 00AF     		add	r7, sp, #0
 2995              	.LCFI187:
 2996              		.cfi_def_cfa_register 7
 2997 0008 7860     		str	r0, [r7, #4]
 2998 000a 0B46     		mov	r3, r1
 2999 000c FB70     		strb	r3, [r7, #3]
 3000 000e 1346     		mov	r3, r2
 3001 0010 BB70     		strb	r3, [r7, #2]
1200:../../../firmware/n32h7xx_std_periph_driver/src/n32h7xx_dma.c ****     if (Cmd != DISABLE)
ARM GAS  /tmp/ccfokkoU.s 			page 74


 3002              		.loc 1 1200 8
 3003 0012 BB78     		ldrb	r3, [r7, #2]	@ zero_extendqisi2
 3004 0014 002B     		cmp	r3, #0
 3005 0016 15D0     		beq	.L114
1201:../../../firmware/n32h7xx_std_periph_driver/src/n32h7xx_dma.c ****     {
1202:../../../firmware/n32h7xx_std_periph_driver/src/n32h7xx_dma.c ****         /* Enable the DMA Channel lock */
1203:../../../firmware/n32h7xx_std_periph_driver/src/n32h7xx_dma.c ****         SET_BIT(DMAy->CH[ChNum].CFG, DMA_CHNCFG_LOCKCH);
 3006              		.loc 1 1203 9
 3007 0018 FB78     		ldrb	r3, [r7, #3]	@ zero_extendqisi2
 3008 001a 7A68     		ldr	r2, [r7, #4]
 3009 001c 5821     		movs	r1, #88
 3010 001e 01FB03F3 		mul	r3, r1, r3
 3011 0022 1344     		add	r3, r3, r2
 3012 0024 4033     		adds	r3, r3, #64
 3013 0026 D3E90023 		ldrd	r2, [r3]
 3014 002a F978     		ldrb	r1, [r7, #3]	@ zero_extendqisi2
 3015 002c 42F48038 		orr	r8, r2, #65536
 3016 0030 9946     		mov	r9, r3
 3017 0032 7A68     		ldr	r2, [r7, #4]
 3018 0034 5823     		movs	r3, #88
 3019 0036 01FB03F3 		mul	r3, r1, r3
 3020 003a 1344     		add	r3, r3, r2
 3021 003c 4033     		adds	r3, r3, #64
 3022 003e C3E90089 		strd	r8, [r3]
1204:../../../firmware/n32h7xx_std_periph_driver/src/n32h7xx_dma.c ****     }
1205:../../../firmware/n32h7xx_std_periph_driver/src/n32h7xx_dma.c ****     else
1206:../../../firmware/n32h7xx_std_periph_driver/src/n32h7xx_dma.c ****     {
1207:../../../firmware/n32h7xx_std_periph_driver/src/n32h7xx_dma.c ****         /* Disable the DMA Channel lock */
1208:../../../firmware/n32h7xx_std_periph_driver/src/n32h7xx_dma.c ****         CLEAR_BIT(DMAy->CH[ChNum].CFG, DMA_CHNCFG_LOCKCH);
1209:../../../firmware/n32h7xx_std_periph_driver/src/n32h7xx_dma.c ****     }
1210:../../../firmware/n32h7xx_std_periph_driver/src/n32h7xx_dma.c **** }
 3023              		.loc 1 1210 1
 3024 0042 14E0     		b	.L116
 3025              	.L114:
1208:../../../firmware/n32h7xx_std_periph_driver/src/n32h7xx_dma.c ****     }
 3026              		.loc 1 1208 9
 3027 0044 FB78     		ldrb	r3, [r7, #3]	@ zero_extendqisi2
 3028 0046 7A68     		ldr	r2, [r7, #4]
 3029 0048 5821     		movs	r1, #88
 3030 004a 01FB03F3 		mul	r3, r1, r3
 3031 004e 1344     		add	r3, r3, r2
 3032 0050 4033     		adds	r3, r3, #64
 3033 0052 D3E90023 		ldrd	r2, [r3]
 3034 0056 F978     		ldrb	r1, [r7, #3]	@ zero_extendqisi2
 3035 0058 22F48034 		bic	r4, r2, #65536
 3036 005c 1D46     		mov	r5, r3
 3037 005e 7A68     		ldr	r2, [r7, #4]
 3038 0060 5823     		movs	r3, #88
 3039 0062 01FB03F3 		mul	r3, r1, r3
 3040 0066 1344     		add	r3, r3, r2
 3041 0068 4033     		adds	r3, r3, #64
 3042 006a C3E90045 		strd	r4, [r3]
 3043              	.L116:
 3044              		.loc 1 1210 1
 3045 006e 00BF     		nop
 3046 0070 0C37     		adds	r7, r7, #12
 3047              	.LCFI188:
ARM GAS  /tmp/ccfokkoU.s 			page 75


 3048              		.cfi_def_cfa_offset 20
 3049 0072 BD46     		mov	sp, r7
 3050              	.LCFI189:
 3051              		.cfi_def_cfa_register 13
 3052              		@ sp needed
 3053 0074 BDE8B003 		pop	{r4, r5, r7, r8, r9}
 3054              	.LCFI190:
 3055              		.cfi_restore 9
 3056              		.cfi_restore 8
 3057              		.cfi_restore 7
 3058              		.cfi_restore 5
 3059              		.cfi_restore 4
 3060              		.cfi_def_cfa_offset 0
 3061 0078 7047     		bx	lr
 3062              		.cfi_endproc
 3063              	.LFE166:
 3065              		.section	.text.DMA_SetChannelBusLockLevel,"ax",%progbits
 3066              		.align	1
 3067              		.global	DMA_SetChannelBusLockLevel
 3068              		.syntax unified
 3069              		.thumb
 3070              		.thumb_func
 3072              	DMA_SetChannelBusLockLevel:
 3073              	.LFB167:
1211:../../../firmware/n32h7xx_std_periph_driver/src/n32h7xx_dma.c **** 
1212:../../../firmware/n32h7xx_std_periph_driver/src/n32h7xx_dma.c **** /**
1213:../../../firmware/n32h7xx_std_periph_driver/src/n32h7xx_dma.c **** *\*\name    DMA_SetChannelBusLockLevel.
1214:../../../firmware/n32h7xx_std_periph_driver/src/n32h7xx_dma.c **** *\*\fun     Set DMA Channel bus lock level.
1215:../../../firmware/n32h7xx_std_periph_driver/src/n32h7xx_dma.c **** *\*\param   DMAy (The input parameters must be the following values):
1216:../../../firmware/n32h7xx_std_periph_driver/src/n32h7xx_dma.c **** *\*\          - DMA1
1217:../../../firmware/n32h7xx_std_periph_driver/src/n32h7xx_dma.c **** *\*\          - DMA2
1218:../../../firmware/n32h7xx_std_periph_driver/src/n32h7xx_dma.c **** *\*\          - DMA3
1219:../../../firmware/n32h7xx_std_periph_driver/src/n32h7xx_dma.c **** *\*\param   ChNum (The input parameters must be the following values):
1220:../../../firmware/n32h7xx_std_periph_driver/src/n32h7xx_dma.c **** *\*\          - DMA_CHANNEL_0
1221:../../../firmware/n32h7xx_std_periph_driver/src/n32h7xx_dma.c **** *\*\          - DMA_CHANNEL_1
1222:../../../firmware/n32h7xx_std_periph_driver/src/n32h7xx_dma.c **** *\*\          - DMA_CHANNEL_2
1223:../../../firmware/n32h7xx_std_periph_driver/src/n32h7xx_dma.c **** *\*\          - DMA_CHANNEL_3
1224:../../../firmware/n32h7xx_std_periph_driver/src/n32h7xx_dma.c **** *\*\          - DMA_CHANNEL_4
1225:../../../firmware/n32h7xx_std_periph_driver/src/n32h7xx_dma.c **** *\*\          - DMA_CHANNEL_5
1226:../../../firmware/n32h7xx_std_periph_driver/src/n32h7xx_dma.c **** *\*\          - DMA_CHANNEL_6
1227:../../../firmware/n32h7xx_std_periph_driver/src/n32h7xx_dma.c **** *\*\          - DMA_CHANNEL_7
1228:../../../firmware/n32h7xx_std_periph_driver/src/n32h7xx_dma.c **** *\*\param   Level (The input parameters must be the following values):
1229:../../../firmware/n32h7xx_std_periph_driver/src/n32h7xx_dma.c **** *\*\          - DMA_CH_BUS_LOCK_LEVEL_OCDMATFR
1230:../../../firmware/n32h7xx_std_periph_driver/src/n32h7xx_dma.c **** *\*\          - DMA_CH_BUS_LOCK_LEVEL_OCDMABLKTFR
1231:../../../firmware/n32h7xx_std_periph_driver/src/n32h7xx_dma.c **** *\*\          - DMA_CH_BUS_LOCK_LEVEL_OCDMATRAN
1232:../../../firmware/n32h7xx_std_periph_driver/src/n32h7xx_dma.c **** *\*\return  none
1233:../../../firmware/n32h7xx_std_periph_driver/src/n32h7xx_dma.c **** **/
1234:../../../firmware/n32h7xx_std_periph_driver/src/n32h7xx_dma.c **** void DMA_SetChannelBusLockLevel(DMA_Module *const DMAy, DMA_ChNumType ChNum, uint64_t Level)
1235:../../../firmware/n32h7xx_std_periph_driver/src/n32h7xx_dma.c **** {
 3074              		.loc 1 1235 1
 3075              		.cfi_startproc
 3076              		@ args = 0, pretend = 0, frame = 16
 3077              		@ frame_needed = 1, uses_anonymous_args = 0
 3078              		@ link register save eliminated.
 3079 0000 2DE9B003 		push	{r4, r5, r7, r8, r9}
 3080              	.LCFI191:
 3081              		.cfi_def_cfa_offset 20
ARM GAS  /tmp/ccfokkoU.s 			page 76


 3082              		.cfi_offset 4, -20
 3083              		.cfi_offset 5, -16
 3084              		.cfi_offset 7, -12
 3085              		.cfi_offset 8, -8
 3086              		.cfi_offset 9, -4
 3087 0004 85B0     		sub	sp, sp, #20
 3088              	.LCFI192:
 3089              		.cfi_def_cfa_offset 40
 3090 0006 00AF     		add	r7, sp, #0
 3091              	.LCFI193:
 3092              		.cfi_def_cfa_register 7
 3093 0008 F860     		str	r0, [r7, #12]
 3094 000a C7E90023 		strd	r2, [r7]
 3095 000e 0B46     		mov	r3, r1
 3096 0010 FB72     		strb	r3, [r7, #11]
1236:../../../firmware/n32h7xx_std_periph_driver/src/n32h7xx_dma.c ****     /* Set the DMA Channel bus lock level */
1237:../../../firmware/n32h7xx_std_periph_driver/src/n32h7xx_dma.c ****     MODIFY_REG(DMAy->CH[ChNum].CFG, DMA_CHNCFG_LOCKBL, Level);
 3097              		.loc 1 1237 5
 3098 0012 FB7A     		ldrb	r3, [r7, #11]	@ zero_extendqisi2
 3099 0014 FA68     		ldr	r2, [r7, #12]
 3100 0016 5821     		movs	r1, #88
 3101 0018 01FB03F3 		mul	r3, r1, r3
 3102 001c 1344     		add	r3, r3, r2
 3103 001e 4033     		adds	r3, r3, #64
 3104 0020 D3E90023 		ldrd	r2, [r3]
 3105 0024 22F44044 		bic	r4, r2, #49152
 3106 0028 1D46     		mov	r5, r3
 3107 002a F97A     		ldrb	r1, [r7, #11]	@ zero_extendqisi2
 3108 002c D7E90023 		ldrd	r2, [r7]
 3109 0030 44EA0208 		orr	r8, r4, r2
 3110 0034 45EA0309 		orr	r9, r5, r3
 3111 0038 FA68     		ldr	r2, [r7, #12]
 3112 003a 5823     		movs	r3, #88
 3113 003c 01FB03F3 		mul	r3, r1, r3
 3114 0040 1344     		add	r3, r3, r2
 3115 0042 4033     		adds	r3, r3, #64
 3116 0044 C3E90089 		strd	r8, [r3]
1238:../../../firmware/n32h7xx_std_periph_driver/src/n32h7xx_dma.c **** }
 3117              		.loc 1 1238 1
 3118 0048 00BF     		nop
 3119 004a 1437     		adds	r7, r7, #20
 3120              	.LCFI194:
 3121              		.cfi_def_cfa_offset 20
 3122 004c BD46     		mov	sp, r7
 3123              	.LCFI195:
 3124              		.cfi_def_cfa_register 13
 3125              		@ sp needed
 3126 004e BDE8B003 		pop	{r4, r5, r7, r8, r9}
 3127              	.LCFI196:
 3128              		.cfi_restore 9
 3129              		.cfi_restore 8
 3130              		.cfi_restore 7
 3131              		.cfi_restore 5
 3132              		.cfi_restore 4
 3133              		.cfi_def_cfa_offset 0
 3134 0052 7047     		bx	lr
 3135              		.cfi_endproc
ARM GAS  /tmp/ccfokkoU.s 			page 77


 3136              	.LFE167:
 3138              		.section	.text.DMA_SetChannelLockLevel,"ax",%progbits
 3139              		.align	1
 3140              		.global	DMA_SetChannelLockLevel
 3141              		.syntax unified
 3142              		.thumb
 3143              		.thumb_func
 3145              	DMA_SetChannelLockLevel:
 3146              	.LFB168:
1239:../../../firmware/n32h7xx_std_periph_driver/src/n32h7xx_dma.c **** 
1240:../../../firmware/n32h7xx_std_periph_driver/src/n32h7xx_dma.c **** /**
1241:../../../firmware/n32h7xx_std_periph_driver/src/n32h7xx_dma.c **** *\*\name    DMA_SetChannelLockLevel.
1242:../../../firmware/n32h7xx_std_periph_driver/src/n32h7xx_dma.c **** *\*\fun     Set DMA Channel lock level.
1243:../../../firmware/n32h7xx_std_periph_driver/src/n32h7xx_dma.c **** *\*\param   DMAy (The input parameters must be the following values):
1244:../../../firmware/n32h7xx_std_periph_driver/src/n32h7xx_dma.c **** *\*\          - DMA1
1245:../../../firmware/n32h7xx_std_periph_driver/src/n32h7xx_dma.c **** *\*\          - DMA2
1246:../../../firmware/n32h7xx_std_periph_driver/src/n32h7xx_dma.c **** *\*\          - DMA3
1247:../../../firmware/n32h7xx_std_periph_driver/src/n32h7xx_dma.c **** *\*\param   ChNum (The input parameters must be the following values):
1248:../../../firmware/n32h7xx_std_periph_driver/src/n32h7xx_dma.c **** *\*\          - DMA_CHANNEL_0
1249:../../../firmware/n32h7xx_std_periph_driver/src/n32h7xx_dma.c **** *\*\          - DMA_CHANNEL_1
1250:../../../firmware/n32h7xx_std_periph_driver/src/n32h7xx_dma.c **** *\*\          - DMA_CHANNEL_2
1251:../../../firmware/n32h7xx_std_periph_driver/src/n32h7xx_dma.c **** *\*\          - DMA_CHANNEL_3
1252:../../../firmware/n32h7xx_std_periph_driver/src/n32h7xx_dma.c **** *\*\          - DMA_CHANNEL_4
1253:../../../firmware/n32h7xx_std_periph_driver/src/n32h7xx_dma.c **** *\*\          - DMA_CHANNEL_5
1254:../../../firmware/n32h7xx_std_periph_driver/src/n32h7xx_dma.c **** *\*\          - DMA_CHANNEL_6
1255:../../../firmware/n32h7xx_std_periph_driver/src/n32h7xx_dma.c **** *\*\          - DMA_CHANNEL_7
1256:../../../firmware/n32h7xx_std_periph_driver/src/n32h7xx_dma.c **** *\*\param   Level (The input parameters must be the following values):
1257:../../../firmware/n32h7xx_std_periph_driver/src/n32h7xx_dma.c **** *\*\          - DMA_CH_LOCK_LEVEL_OCDMATFR
1258:../../../firmware/n32h7xx_std_periph_driver/src/n32h7xx_dma.c **** *\*\          - DMA_CH_LOCK_LEVEL_OCDMABLKTFR
1259:../../../firmware/n32h7xx_std_periph_driver/src/n32h7xx_dma.c **** *\*\          - DMA_CH_LOCK_LEVEL_OCDMATRAN
1260:../../../firmware/n32h7xx_std_periph_driver/src/n32h7xx_dma.c **** *\*\return  none
1261:../../../firmware/n32h7xx_std_periph_driver/src/n32h7xx_dma.c **** **/
1262:../../../firmware/n32h7xx_std_periph_driver/src/n32h7xx_dma.c **** void DMA_SetChannelLockLevel(DMA_Module *const DMAy, DMA_ChNumType ChNum, uint64_t Level)
1263:../../../firmware/n32h7xx_std_periph_driver/src/n32h7xx_dma.c **** {
 3147              		.loc 1 1263 1
 3148              		.cfi_startproc
 3149              		@ args = 0, pretend = 0, frame = 16
 3150              		@ frame_needed = 1, uses_anonymous_args = 0
 3151              		@ link register save eliminated.
 3152 0000 2DE9B003 		push	{r4, r5, r7, r8, r9}
 3153              	.LCFI197:
 3154              		.cfi_def_cfa_offset 20
 3155              		.cfi_offset 4, -20
 3156              		.cfi_offset 5, -16
 3157              		.cfi_offset 7, -12
 3158              		.cfi_offset 8, -8
 3159              		.cfi_offset 9, -4
 3160 0004 85B0     		sub	sp, sp, #20
 3161              	.LCFI198:
 3162              		.cfi_def_cfa_offset 40
 3163 0006 00AF     		add	r7, sp, #0
 3164              	.LCFI199:
 3165              		.cfi_def_cfa_register 7
 3166 0008 F860     		str	r0, [r7, #12]
 3167 000a C7E90023 		strd	r2, [r7]
 3168 000e 0B46     		mov	r3, r1
 3169 0010 FB72     		strb	r3, [r7, #11]
ARM GAS  /tmp/ccfokkoU.s 			page 78


1264:../../../firmware/n32h7xx_std_periph_driver/src/n32h7xx_dma.c ****     /* Set the DMA Channel lock level */
1265:../../../firmware/n32h7xx_std_periph_driver/src/n32h7xx_dma.c ****     MODIFY_REG(DMAy->CH[ChNum].CFG, DMA_CHNCFG_LOCKCHL, Level);
 3170              		.loc 1 1265 5
 3171 0012 FB7A     		ldrb	r3, [r7, #11]	@ zero_extendqisi2
 3172 0014 FA68     		ldr	r2, [r7, #12]
 3173 0016 5821     		movs	r1, #88
 3174 0018 01FB03F3 		mul	r3, r1, r3
 3175 001c 1344     		add	r3, r3, r2
 3176 001e 4033     		adds	r3, r3, #64
 3177 0020 D3E90023 		ldrd	r2, [r3]
 3178 0024 22F44054 		bic	r4, r2, #12288
 3179 0028 1D46     		mov	r5, r3
 3180 002a F97A     		ldrb	r1, [r7, #11]	@ zero_extendqisi2
 3181 002c D7E90023 		ldrd	r2, [r7]
 3182 0030 44EA0208 		orr	r8, r4, r2
 3183 0034 45EA0309 		orr	r9, r5, r3
 3184 0038 FA68     		ldr	r2, [r7, #12]
 3185 003a 5823     		movs	r3, #88
 3186 003c 01FB03F3 		mul	r3, r1, r3
 3187 0040 1344     		add	r3, r3, r2
 3188 0042 4033     		adds	r3, r3, #64
 3189 0044 C3E90089 		strd	r8, [r3]
1266:../../../firmware/n32h7xx_std_periph_driver/src/n32h7xx_dma.c **** }
 3190              		.loc 1 1266 1
 3191 0048 00BF     		nop
 3192 004a 1437     		adds	r7, r7, #20
 3193              	.LCFI200:
 3194              		.cfi_def_cfa_offset 20
 3195 004c BD46     		mov	sp, r7
 3196              	.LCFI201:
 3197              		.cfi_def_cfa_register 13
 3198              		@ sp needed
 3199 004e BDE8B003 		pop	{r4, r5, r7, r8, r9}
 3200              	.LCFI202:
 3201              		.cfi_restore 9
 3202              		.cfi_restore 8
 3203              		.cfi_restore 7
 3204              		.cfi_restore 5
 3205              		.cfi_restore 4
 3206              		.cfi_def_cfa_offset 0
 3207 0052 7047     		bx	lr
 3208              		.cfi_endproc
 3209              	.LFE168:
 3211              		.text
 3212              	.Letext0:
 3213              		.file 2 "/usr/lib/gcc/arm-none-eabi/13.2.1/include/stdint.h"
 3214              		.file 3 "../../../firmware/CMSIS/device/n32h7xx.h"
 3215              		.file 4 "../../../firmware/n32h7xx_std_periph_driver/inc/n32h7xx_dma.h"
ARM GAS  /tmp/ccfokkoU.s 			page 79


DEFINED SYMBOLS
                            *ABS*:00000000 n32h7xx_dma.c
     /tmp/ccfokkoU.s:19     .text.DMA_ControllerCmd:00000000 $t
     /tmp/ccfokkoU.s:25     .text.DMA_ControllerCmd:00000000 DMA_ControllerCmd
     /tmp/ccfokkoU.s:83     .text.DMA_ControllerIsEnabled:00000000 $t
     /tmp/ccfokkoU.s:89     .text.DMA_ControllerIsEnabled:00000000 DMA_ControllerIsEnabled
     /tmp/ccfokkoU.s:137    .text.DMA_ChannelCmd:00000000 $t
     /tmp/ccfokkoU.s:143    .text.DMA_ChannelCmd:00000000 DMA_ChannelCmd
     /tmp/ccfokkoU.s:217    .text.DMA_ChannelIsEnabled:00000000 $t
     /tmp/ccfokkoU.s:223    .text.DMA_ChannelIsEnabled:00000000 DMA_ChannelIsEnabled
     /tmp/ccfokkoU.s:278    .text.DMA_ChannelInit:00000000 $t
     /tmp/ccfokkoU.s:284    .text.DMA_ChannelInit:00000000 DMA_ChannelInit
     /tmp/ccfokkoU.s:1458   .text.DMA_ClearChannelEventStatus:00000000 DMA_ClearChannelEventStatus
     /tmp/ccfokkoU.s:706    .text.DMA_ChannelInit:0000042c $d
     /tmp/ccfokkoU.s:715    .text.DMA_ChannelInit:00000450 $t
     /tmp/ccfokkoU.s:964    .text.DMA_ChannelStructInit:00000000 $t
     /tmp/ccfokkoU.s:970    .text.DMA_ChannelStructInit:00000000 DMA_ChannelStructInit
     /tmp/ccfokkoU.s:1139   .text.DMA_ChannelSuspend:00000000 $t
     /tmp/ccfokkoU.s:1145   .text.DMA_ChannelSuspend:00000000 DMA_ChannelSuspend
     /tmp/ccfokkoU.s:1201   .text.DMA_ChannelIsSuspended:00000000 $t
     /tmp/ccfokkoU.s:1207   .text.DMA_ChannelIsSuspended:00000000 DMA_ChannelIsSuspended
     /tmp/ccfokkoU.s:1264   .text.DMA_ChannelResume:00000000 $t
     /tmp/ccfokkoU.s:1270   .text.DMA_ChannelResume:00000000 DMA_ChannelResume
     /tmp/ccfokkoU.s:1326   .text.DMA_ChannelEventCmd:00000000 $t
     /tmp/ccfokkoU.s:1332   .text.DMA_ChannelEventCmd:00000000 DMA_ChannelEventCmd
     /tmp/ccfokkoU.s:1452   .text.DMA_ClearChannelEventStatus:00000000 $t
     /tmp/ccfokkoU.s:1535   .text.DMA_GetCombinedStatus:00000000 $t
     /tmp/ccfokkoU.s:1541   .text.DMA_GetCombinedStatus:00000000 DMA_GetCombinedStatus
     /tmp/ccfokkoU.s:1584   .text.DMA_GetChannelIntTfrStatus:00000000 $t
     /tmp/ccfokkoU.s:1590   .text.DMA_GetChannelIntTfrStatus:00000000 DMA_GetChannelIntTfrStatus
     /tmp/ccfokkoU.s:1649   .text.DMA_GetChannelIntBlockStatus:00000000 $t
     /tmp/ccfokkoU.s:1655   .text.DMA_GetChannelIntBlockStatus:00000000 DMA_GetChannelIntBlockStatus
     /tmp/ccfokkoU.s:1714   .text.DMA_GetChannelIntSrcTranStatus:00000000 $t
     /tmp/ccfokkoU.s:1720   .text.DMA_GetChannelIntSrcTranStatus:00000000 DMA_GetChannelIntSrcTranStatus
     /tmp/ccfokkoU.s:1779   .text.DMA_GetChannelIntDstTranStatus:00000000 $t
     /tmp/ccfokkoU.s:1785   .text.DMA_GetChannelIntDstTranStatus:00000000 DMA_GetChannelIntDstTranStatus
     /tmp/ccfokkoU.s:1844   .text.DMA_GetChannelIntErrStatus:00000000 $t
     /tmp/ccfokkoU.s:1850   .text.DMA_GetChannelIntErrStatus:00000000 DMA_GetChannelIntErrStatus
     /tmp/ccfokkoU.s:1909   .text.DMA_ChannelSourceGatherCmd:00000000 $t
     /tmp/ccfokkoU.s:1915   .text.DMA_ChannelSourceGatherCmd:00000000 DMA_ChannelSourceGatherCmd
     /tmp/ccfokkoU.s:2005   .text.DMA_SetChannelSourceGather:00000000 $t
     /tmp/ccfokkoU.s:2011   .text.DMA_SetChannelSourceGather:00000000 DMA_SetChannelSourceGather
     /tmp/ccfokkoU.s:2063   .text.DMA_ChannelDestinationScatterCmd:00000000 $t
     /tmp/ccfokkoU.s:2069   .text.DMA_ChannelDestinationScatterCmd:00000000 DMA_ChannelDestinationScatterCmd
     /tmp/ccfokkoU.s:2159   .text.DMA_SetChannelDestinationScatter:00000000 $t
     /tmp/ccfokkoU.s:2165   .text.DMA_SetChannelDestinationScatter:00000000 DMA_SetChannelDestinationScatter
     /tmp/ccfokkoU.s:2217   .text.DMA_SetChannelSourceAddress:00000000 $t
     /tmp/ccfokkoU.s:2223   .text.DMA_SetChannelSourceAddress:00000000 DMA_SetChannelSourceAddress
     /tmp/ccfokkoU.s:2270   .text.DMA_SetChannelDestinationAddress:00000000 $t
     /tmp/ccfokkoU.s:2276   .text.DMA_SetChannelDestinationAddress:00000000 DMA_SetChannelDestinationAddress
     /tmp/ccfokkoU.s:2324   .text.DMA_SetChannelBlockSize:00000000 $t
     /tmp/ccfokkoU.s:2330   .text.DMA_SetChannelBlockSize:00000000 DMA_SetChannelBlockSize
     /tmp/ccfokkoU.s:2409   .text.DMA_GetTransferredNumber:00000000 $t
     /tmp/ccfokkoU.s:2415   .text.DMA_GetTransferredNumber:00000000 DMA_GetTransferredNumber
     /tmp/ccfokkoU.s:2470   .text.DMA_SetChannelLinkedListPointer:00000000 $t
     /tmp/ccfokkoU.s:2476   .text.DMA_SetChannelLinkedListPointer:00000000 DMA_SetChannelLinkedListPointer
     /tmp/ccfokkoU.s:2524   .text.DMA_TriggerSourceRequest:00000000 $t
ARM GAS  /tmp/ccfokkoU.s 			page 80


     /tmp/ccfokkoU.s:2530   .text.DMA_TriggerSourceRequest:00000000 DMA_TriggerSourceRequest
     /tmp/ccfokkoU.s:2603   .text.DMA_TriggerDestinationRequest:00000000 $t
     /tmp/ccfokkoU.s:2609   .text.DMA_TriggerDestinationRequest:00000000 DMA_TriggerDestinationRequest
     /tmp/ccfokkoU.s:2682   .text.DMA_ChannelSourceAddressReloadCmd:00000000 $t
     /tmp/ccfokkoU.s:2688   .text.DMA_ChannelSourceAddressReloadCmd:00000000 DMA_ChannelSourceAddressReloadCmd
     /tmp/ccfokkoU.s:2778   .text.DMA_ChannelDestinationAddressReloadCmd:00000000 $t
     /tmp/ccfokkoU.s:2784   .text.DMA_ChannelDestinationAddressReloadCmd:00000000 DMA_ChannelDestinationAddressReloadCmd
     /tmp/ccfokkoU.s:2874   .text.DMA_ChannelBusLockCmd:00000000 $t
     /tmp/ccfokkoU.s:2880   .text.DMA_ChannelBusLockCmd:00000000 DMA_ChannelBusLockCmd
     /tmp/ccfokkoU.s:2970   .text.DMA_ChannelLockCmd:00000000 $t
     /tmp/ccfokkoU.s:2976   .text.DMA_ChannelLockCmd:00000000 DMA_ChannelLockCmd
     /tmp/ccfokkoU.s:3066   .text.DMA_SetChannelBusLockLevel:00000000 $t
     /tmp/ccfokkoU.s:3072   .text.DMA_SetChannelBusLockLevel:00000000 DMA_SetChannelBusLockLevel
     /tmp/ccfokkoU.s:3139   .text.DMA_SetChannelLockLevel:00000000 $t
     /tmp/ccfokkoU.s:3145   .text.DMA_SetChannelLockLevel:00000000 DMA_SetChannelLockLevel

NO UNDEFINED SYMBOLS
