ARM GAS  /tmp/ccfMwLzE.s 			page 1


   1              		.cpu cortex-m4
   2              		.arch armv7e-m
   3              		.fpu softvfp
   4              		.eabi_attribute 20, 1
   5              		.eabi_attribute 21, 1
   6              		.eabi_attribute 23, 3
   7              		.eabi_attribute 24, 1
   8              		.eabi_attribute 25, 1
   9              		.eabi_attribute 26, 1
  10              		.eabi_attribute 30, 6
  11              		.eabi_attribute 34, 1
  12              		.eabi_attribute 18, 4
  13              		.file	"n32h7xx_pwr.c"
  14              		.text
  15              	.Ltext0:
  16              		.cfi_sections	.debug_frame
  17              		.file 1 "../../../firmware/n32h7xx_std_periph_driver/src/n32h7xx_pwr.c"
  18              		.section	.text.PWR_DeInit,"ax",%progbits
  19              		.align	1
  20              		.global	PWR_DeInit
  21              		.syntax unified
  22              		.thumb
  23              		.thumb_func
  25              	PWR_DeInit:
  26              	.LFB135:
   1:../../../firmware/n32h7xx_std_periph_driver/src/n32h7xx_pwr.c **** /**
   2:../../../firmware/n32h7xx_std_periph_driver/src/n32h7xx_pwr.c **** *     Copyright (c) 2025, Nations Technologies Inc.
   3:../../../firmware/n32h7xx_std_periph_driver/src/n32h7xx_pwr.c **** * 
   4:../../../firmware/n32h7xx_std_periph_driver/src/n32h7xx_pwr.c **** *     All rights reserved.
   5:../../../firmware/n32h7xx_std_periph_driver/src/n32h7xx_pwr.c **** *
   6:../../../firmware/n32h7xx_std_periph_driver/src/n32h7xx_pwr.c **** *     This software is the exclusive property of Nations Technologies Inc. (Hereinafter 
   7:../../../firmware/n32h7xx_std_periph_driver/src/n32h7xx_pwr.c **** * referred to as NATIONS). This software, and the product of NATIONS described herein 
   8:../../../firmware/n32h7xx_std_periph_driver/src/n32h7xx_pwr.c **** * (Hereinafter referred to as the Product) are owned by NATIONS under the laws and treaties
   9:../../../firmware/n32h7xx_std_periph_driver/src/n32h7xx_pwr.c **** * of the People's Republic of China and other applicable jurisdictions worldwide.
  10:../../../firmware/n32h7xx_std_periph_driver/src/n32h7xx_pwr.c **** *
  11:../../../firmware/n32h7xx_std_periph_driver/src/n32h7xx_pwr.c **** *     NATIONS does not grant any license under its patents, copyrights, trademarks, or other 
  12:../../../firmware/n32h7xx_std_periph_driver/src/n32h7xx_pwr.c **** * intellectual property rights. Names and brands of third party may be mentioned or referred 
  13:../../../firmware/n32h7xx_std_periph_driver/src/n32h7xx_pwr.c **** * thereto (if any) for identification purposes only.
  14:../../../firmware/n32h7xx_std_periph_driver/src/n32h7xx_pwr.c **** *
  15:../../../firmware/n32h7xx_std_periph_driver/src/n32h7xx_pwr.c **** *     NATIONS reserves the right to make changes, corrections, enhancements, modifications, and 
  16:../../../firmware/n32h7xx_std_periph_driver/src/n32h7xx_pwr.c **** * improvements to this software at any time without notice. Please contact NATIONS and obtain 
  17:../../../firmware/n32h7xx_std_periph_driver/src/n32h7xx_pwr.c **** * the latest version of this software before placing orders.
  18:../../../firmware/n32h7xx_std_periph_driver/src/n32h7xx_pwr.c **** 
  19:../../../firmware/n32h7xx_std_periph_driver/src/n32h7xx_pwr.c **** *     Although NATIONS has attempted to provide accurate and reliable information, NATIONS assumes 
  20:../../../firmware/n32h7xx_std_periph_driver/src/n32h7xx_pwr.c **** * no responsibility for the accuracy and reliability of this software.
  21:../../../firmware/n32h7xx_std_periph_driver/src/n32h7xx_pwr.c **** * 
  22:../../../firmware/n32h7xx_std_periph_driver/src/n32h7xx_pwr.c **** *     It is the responsibility of the user of this software to properly design, program, and test 
  23:../../../firmware/n32h7xx_std_periph_driver/src/n32h7xx_pwr.c **** * the functionality and safety of any application made of this information and any resulting produc
  24:../../../firmware/n32h7xx_std_periph_driver/src/n32h7xx_pwr.c **** * In no event shall NATIONS be liable for any direct, indirect, incidental, special,exemplary, or 
  25:../../../firmware/n32h7xx_std_periph_driver/src/n32h7xx_pwr.c **** * consequential damages arising in any way out of the use of this software or the Product.
  26:../../../firmware/n32h7xx_std_periph_driver/src/n32h7xx_pwr.c **** *
  27:../../../firmware/n32h7xx_std_periph_driver/src/n32h7xx_pwr.c **** *     NATIONS Products are neither intended nor warranted for usage in systems or equipment, any
  28:../../../firmware/n32h7xx_std_periph_driver/src/n32h7xx_pwr.c **** * malfunction or failure of which may cause loss of human life, bodily injury or severe property 
  29:../../../firmware/n32h7xx_std_periph_driver/src/n32h7xx_pwr.c **** * damage. Such applications are deemed, "Insecure Usage".
  30:../../../firmware/n32h7xx_std_periph_driver/src/n32h7xx_pwr.c **** *
  31:../../../firmware/n32h7xx_std_periph_driver/src/n32h7xx_pwr.c **** *     All Insecure Usage shall be made at user's risk. User shall indemnify NATIONS and hold NATION
  32:../../../firmware/n32h7xx_std_periph_driver/src/n32h7xx_pwr.c **** * harmless from and against all claims, costs, damages, and other liabilities, arising from or rela
ARM GAS  /tmp/ccfMwLzE.s 			page 2


  33:../../../firmware/n32h7xx_std_periph_driver/src/n32h7xx_pwr.c **** * to any customer's Insecure Usage.
  34:../../../firmware/n32h7xx_std_periph_driver/src/n32h7xx_pwr.c **** 
  35:../../../firmware/n32h7xx_std_periph_driver/src/n32h7xx_pwr.c **** *     Any express or implied warranty with regard to this software or the Product, including,but no
  36:../../../firmware/n32h7xx_std_periph_driver/src/n32h7xx_pwr.c **** * limited to, the warranties of merchantability, fitness for a particular purpose and non-infringem
  37:../../../firmware/n32h7xx_std_periph_driver/src/n32h7xx_pwr.c **** * are disclaimed to the fullest extent permitted by law.
  38:../../../firmware/n32h7xx_std_periph_driver/src/n32h7xx_pwr.c **** 
  39:../../../firmware/n32h7xx_std_periph_driver/src/n32h7xx_pwr.c **** *     Unless otherwise explicitly permitted by NATIONS, anyone may not duplicate, modify, transcrib
  40:../../../firmware/n32h7xx_std_periph_driver/src/n32h7xx_pwr.c **** * or otherwise distribute this software for any purposes, in whole or in part.
  41:../../../firmware/n32h7xx_std_periph_driver/src/n32h7xx_pwr.c **** *
  42:../../../firmware/n32h7xx_std_periph_driver/src/n32h7xx_pwr.c **** *     NATIONS products and technologies shall not be used for or incorporated into any products or 
  43:../../../firmware/n32h7xx_std_periph_driver/src/n32h7xx_pwr.c **** * whose manufacture, use, or sale is prohibited under any applicable domestic or foreign laws or re
  44:../../../firmware/n32h7xx_std_periph_driver/src/n32h7xx_pwr.c **** * User shall comply with any applicable export control laws and regulations promulgated and adminis
  45:../../../firmware/n32h7xx_std_periph_driver/src/n32h7xx_pwr.c **** * the governments of any countries asserting jurisdiction over the parties or transactions.
  46:../../../firmware/n32h7xx_std_periph_driver/src/n32h7xx_pwr.c **** **/
  47:../../../firmware/n32h7xx_std_periph_driver/src/n32h7xx_pwr.c **** 
  48:../../../firmware/n32h7xx_std_periph_driver/src/n32h7xx_pwr.c **** /**
  49:../../../firmware/n32h7xx_std_periph_driver/src/n32h7xx_pwr.c ****  * @file n32h7xx_pwr.c
  50:../../../firmware/n32h7xx_std_periph_driver/src/n32h7xx_pwr.c ****  * @author Nations
  51:../../../firmware/n32h7xx_std_periph_driver/src/n32h7xx_pwr.c ****  * @version v1.1.0
  52:../../../firmware/n32h7xx_std_periph_driver/src/n32h7xx_pwr.c ****  *
  53:../../../firmware/n32h7xx_std_periph_driver/src/n32h7xx_pwr.c ****  * @copyright Copyright (c) 2025, Nations Technologies Inc. All rights reserved.
  54:../../../firmware/n32h7xx_std_periph_driver/src/n32h7xx_pwr.c ****  */
  55:../../../firmware/n32h7xx_std_periph_driver/src/n32h7xx_pwr.c **** #include "n32h7xx_pwr.h"
  56:../../../firmware/n32h7xx_std_periph_driver/src/n32h7xx_pwr.c **** #include "n32h7xx_rcc.h"
  57:../../../firmware/n32h7xx_std_periph_driver/src/n32h7xx_pwr.c **** #include "misc.h"
  58:../../../firmware/n32h7xx_std_periph_driver/src/n32h7xx_pwr.c **** 
  59:../../../firmware/n32h7xx_std_periph_driver/src/n32h7xx_pwr.c **** #define   GRAPHIC_MODULE_MASK    ((uint32_t)0x0000001FU)
  60:../../../firmware/n32h7xx_std_periph_driver/src/n32h7xx_pwr.c **** #define   HSC1_MODULE_MASK       ((uint32_t)0x00000700U)
  61:../../../firmware/n32h7xx_std_periph_driver/src/n32h7xx_pwr.c **** #define   HSC2_MODULE_MASK       ((uint32_t)0x000000E0U)
  62:../../../firmware/n32h7xx_std_periph_driver/src/n32h7xx_pwr.c **** /**
  63:../../../firmware/n32h7xx_std_periph_driver/src/n32h7xx_pwr.c **** *\*\name    PWR_DeInit.
  64:../../../firmware/n32h7xx_std_periph_driver/src/n32h7xx_pwr.c **** *\*\fun     Deinitializes the PWR peripheral registers to their default reset values.
  65:../../../firmware/n32h7xx_std_periph_driver/src/n32h7xx_pwr.c **** *\*\param   none
  66:../../../firmware/n32h7xx_std_periph_driver/src/n32h7xx_pwr.c **** *\*\return  none
  67:../../../firmware/n32h7xx_std_periph_driver/src/n32h7xx_pwr.c **** **/
  68:../../../firmware/n32h7xx_std_periph_driver/src/n32h7xx_pwr.c **** void PWR_DeInit(void)
  69:../../../firmware/n32h7xx_std_periph_driver/src/n32h7xx_pwr.c **** {
  27              		.loc 1 69 1
  28              		.cfi_startproc
  29              		@ args = 0, pretend = 0, frame = 0
  30              		@ frame_needed = 1, uses_anonymous_args = 0
  31 0000 80B5     		push	{r7, lr}
  32              	.LCFI0:
  33              		.cfi_def_cfa_offset 8
  34              		.cfi_offset 7, -8
  35              		.cfi_offset 14, -4
  36 0002 00AF     		add	r7, sp, #0
  37              	.LCFI1:
  38              		.cfi_def_cfa_register 7
  70:../../../firmware/n32h7xx_std_periph_driver/src/n32h7xx_pwr.c ****     RCC_EnableAHB5PeriphReset2(RCC_AHB5_PERIPHRST_PWR);
  39              		.loc 1 70 5
  40 0004 4FF48050 		mov	r0, #4096
  41 0008 FFF7FEFF 		bl	RCC_EnableAHB5PeriphReset2
  71:../../../firmware/n32h7xx_std_periph_driver/src/n32h7xx_pwr.c **** }
  42              		.loc 1 71 1
  43 000c 00BF     		nop
  44 000e 80BD     		pop	{r7, pc}
ARM GAS  /tmp/ccfMwLzE.s 			page 3


  45              		.cfi_endproc
  46              	.LFE135:
  48              		.section	.text.PWR_BackupAccessEnable,"ax",%progbits
  49              		.align	1
  50              		.global	PWR_BackupAccessEnable
  51              		.syntax unified
  52              		.thumb
  53              		.thumb_func
  55              	PWR_BackupAccessEnable:
  56              	.LFB136:
  72:../../../firmware/n32h7xx_std_periph_driver/src/n32h7xx_pwr.c **** 
  73:../../../firmware/n32h7xx_std_periph_driver/src/n32h7xx_pwr.c **** /**
  74:../../../firmware/n32h7xx_std_periph_driver/src/n32h7xx_pwr.c **** *\*\name  PWR_BackupAccessEnable.
  75:../../../firmware/n32h7xx_std_periph_driver/src/n32h7xx_pwr.c **** *\*\fun   Enables or disables access to the RTC and backup registers.
  76:../../../firmware/n32h7xx_std_periph_driver/src/n32h7xx_pwr.c **** *\*\param   Cmd: 
  77:../../../firmware/n32h7xx_std_periph_driver/src/n32h7xx_pwr.c **** *\*\          - ENABLE  
  78:../../../firmware/n32h7xx_std_periph_driver/src/n32h7xx_pwr.c **** *\*\          - DISABLE 
  79:../../../firmware/n32h7xx_std_periph_driver/src/n32h7xx_pwr.c **** *\*\return  none
  80:../../../firmware/n32h7xx_std_periph_driver/src/n32h7xx_pwr.c **** **/
  81:../../../firmware/n32h7xx_std_periph_driver/src/n32h7xx_pwr.c **** void PWR_BackupAccessEnable(FunctionalState Cmd)
  82:../../../firmware/n32h7xx_std_periph_driver/src/n32h7xx_pwr.c **** {
  57              		.loc 1 82 1
  58              		.cfi_startproc
  59              		@ args = 0, pretend = 0, frame = 8
  60              		@ frame_needed = 1, uses_anonymous_args = 0
  61              		@ link register save eliminated.
  62 0000 80B4     		push	{r7}
  63              	.LCFI2:
  64              		.cfi_def_cfa_offset 4
  65              		.cfi_offset 7, -4
  66 0002 83B0     		sub	sp, sp, #12
  67              	.LCFI3:
  68              		.cfi_def_cfa_offset 16
  69 0004 00AF     		add	r7, sp, #0
  70              	.LCFI4:
  71              		.cfi_def_cfa_register 7
  72 0006 0346     		mov	r3, r0
  73 0008 FB71     		strb	r3, [r7, #7]
  83:../../../firmware/n32h7xx_std_periph_driver/src/n32h7xx_pwr.c ****     if(Cmd == ENABLE)
  74              		.loc 1 83 7
  75 000a FB79     		ldrb	r3, [r7, #7]	@ zero_extendqisi2
  76 000c 012B     		cmp	r3, #1
  77 000e 06D1     		bne	.L3
  84:../../../firmware/n32h7xx_std_periph_driver/src/n32h7xx_pwr.c ****     {
  85:../../../firmware/n32h7xx_std_periph_driver/src/n32h7xx_pwr.c ****       PWR->SYSCTRL1 |= PWR_DBKPEN;
  78              		.loc 1 85 10
  79 0010 084B     		ldr	r3, .L6
  80 0012 1B6C     		ldr	r3, [r3, #64]
  81 0014 074A     		ldr	r2, .L6
  82              		.loc 1 85 21
  83 0016 43F48073 		orr	r3, r3, #256
  84 001a 1364     		str	r3, [r2, #64]
  86:../../../firmware/n32h7xx_std_periph_driver/src/n32h7xx_pwr.c ****     }
  87:../../../firmware/n32h7xx_std_periph_driver/src/n32h7xx_pwr.c ****     else
  88:../../../firmware/n32h7xx_std_periph_driver/src/n32h7xx_pwr.c ****     {
  89:../../../firmware/n32h7xx_std_periph_driver/src/n32h7xx_pwr.c ****       PWR->SYSCTRL1 &= ~PWR_DBKPEN;
  90:../../../firmware/n32h7xx_std_periph_driver/src/n32h7xx_pwr.c ****     }
ARM GAS  /tmp/ccfMwLzE.s 			page 4


  91:../../../firmware/n32h7xx_std_periph_driver/src/n32h7xx_pwr.c **** }
  85              		.loc 1 91 1
  86 001c 05E0     		b	.L5
  87              	.L3:
  89:../../../firmware/n32h7xx_std_periph_driver/src/n32h7xx_pwr.c ****     }
  88              		.loc 1 89 10
  89 001e 054B     		ldr	r3, .L6
  90 0020 1B6C     		ldr	r3, [r3, #64]
  91 0022 044A     		ldr	r2, .L6
  89:../../../firmware/n32h7xx_std_periph_driver/src/n32h7xx_pwr.c ****     }
  92              		.loc 1 89 21
  93 0024 23F48073 		bic	r3, r3, #256
  94 0028 1364     		str	r3, [r2, #64]
  95              	.L5:
  96              		.loc 1 91 1
  97 002a 00BF     		nop
  98 002c 0C37     		adds	r7, r7, #12
  99              	.LCFI5:
 100              		.cfi_def_cfa_offset 4
 101 002e BD46     		mov	sp, r7
 102              	.LCFI6:
 103              		.cfi_def_cfa_register 13
 104              		@ sp needed
 105 0030 80BC     		pop	{r7}
 106              	.LCFI7:
 107              		.cfi_restore 7
 108              		.cfi_def_cfa_offset 0
 109 0032 7047     		bx	lr
 110              	.L7:
 111              		.align	2
 112              	.L6:
 113 0034 00100358 		.word	1476595712
 114              		.cfi_endproc
 115              	.LFE136:
 117              		.section	.text.PWR_PvdEnable,"ax",%progbits
 118              		.align	1
 119              		.global	PWR_PvdEnable
 120              		.syntax unified
 121              		.thumb
 122              		.thumb_func
 124              	PWR_PvdEnable:
 125              	.LFB137:
  92:../../../firmware/n32h7xx_std_periph_driver/src/n32h7xx_pwr.c **** 
  93:../../../firmware/n32h7xx_std_periph_driver/src/n32h7xx_pwr.c **** /**
  94:../../../firmware/n32h7xx_std_periph_driver/src/n32h7xx_pwr.c **** *\*\name    PWR_PvdEnable.
  95:../../../firmware/n32h7xx_std_periph_driver/src/n32h7xx_pwr.c **** *\*\fun     Enables or disables the Power Voltage Detector(PVD).
  96:../../../firmware/n32h7xx_std_periph_driver/src/n32h7xx_pwr.c **** *\*\param   Cmd: 
  97:../../../firmware/n32h7xx_std_periph_driver/src/n32h7xx_pwr.c **** *\*\          - ENABLE  
  98:../../../firmware/n32h7xx_std_periph_driver/src/n32h7xx_pwr.c **** *\*\          - DISABLE 
  99:../../../firmware/n32h7xx_std_periph_driver/src/n32h7xx_pwr.c **** *\*\return  none
 100:../../../firmware/n32h7xx_std_periph_driver/src/n32h7xx_pwr.c **** **/
 101:../../../firmware/n32h7xx_std_periph_driver/src/n32h7xx_pwr.c **** void PWR_PvdEnable(FunctionalState Cmd)
 102:../../../firmware/n32h7xx_std_periph_driver/src/n32h7xx_pwr.c **** {
 126              		.loc 1 102 1
 127              		.cfi_startproc
 128              		@ args = 0, pretend = 0, frame = 8
 129              		@ frame_needed = 1, uses_anonymous_args = 0
ARM GAS  /tmp/ccfMwLzE.s 			page 5


 130              		@ link register save eliminated.
 131 0000 80B4     		push	{r7}
 132              	.LCFI8:
 133              		.cfi_def_cfa_offset 4
 134              		.cfi_offset 7, -4
 135 0002 83B0     		sub	sp, sp, #12
 136              	.LCFI9:
 137              		.cfi_def_cfa_offset 16
 138 0004 00AF     		add	r7, sp, #0
 139              	.LCFI10:
 140              		.cfi_def_cfa_register 7
 141 0006 0346     		mov	r3, r0
 142 0008 FB71     		strb	r3, [r7, #7]
 103:../../../firmware/n32h7xx_std_periph_driver/src/n32h7xx_pwr.c ****     if(Cmd == ENABLE)
 143              		.loc 1 103 7
 144 000a FB79     		ldrb	r3, [r7, #7]	@ zero_extendqisi2
 145 000c 012B     		cmp	r3, #1
 146 000e 06D1     		bne	.L9
 104:../../../firmware/n32h7xx_std_periph_driver/src/n32h7xx_pwr.c ****     {
 105:../../../firmware/n32h7xx_std_periph_driver/src/n32h7xx_pwr.c ****         PWR->SYSCTRL1 |= PWR_PVDEN;
 147              		.loc 1 105 12
 148 0010 084B     		ldr	r3, .L12
 149 0012 1B6C     		ldr	r3, [r3, #64]
 150 0014 074A     		ldr	r2, .L12
 151              		.loc 1 105 23
 152 0016 43F01003 		orr	r3, r3, #16
 153 001a 1364     		str	r3, [r2, #64]
 106:../../../firmware/n32h7xx_std_periph_driver/src/n32h7xx_pwr.c ****     }
 107:../../../firmware/n32h7xx_std_periph_driver/src/n32h7xx_pwr.c ****     else
 108:../../../firmware/n32h7xx_std_periph_driver/src/n32h7xx_pwr.c ****     {
 109:../../../firmware/n32h7xx_std_periph_driver/src/n32h7xx_pwr.c ****         PWR->SYSCTRL1 &= ~PWR_PVDEN;
 110:../../../firmware/n32h7xx_std_periph_driver/src/n32h7xx_pwr.c ****     }
 111:../../../firmware/n32h7xx_std_periph_driver/src/n32h7xx_pwr.c **** }
 154              		.loc 1 111 1
 155 001c 05E0     		b	.L11
 156              	.L9:
 109:../../../firmware/n32h7xx_std_periph_driver/src/n32h7xx_pwr.c ****     }
 157              		.loc 1 109 12
 158 001e 054B     		ldr	r3, .L12
 159 0020 1B6C     		ldr	r3, [r3, #64]
 160 0022 044A     		ldr	r2, .L12
 109:../../../firmware/n32h7xx_std_periph_driver/src/n32h7xx_pwr.c ****     }
 161              		.loc 1 109 23
 162 0024 23F01003 		bic	r3, r3, #16
 163 0028 1364     		str	r3, [r2, #64]
 164              	.L11:
 165              		.loc 1 111 1
 166 002a 00BF     		nop
 167 002c 0C37     		adds	r7, r7, #12
 168              	.LCFI11:
 169              		.cfi_def_cfa_offset 4
 170 002e BD46     		mov	sp, r7
 171              	.LCFI12:
 172              		.cfi_def_cfa_register 13
 173              		@ sp needed
 174 0030 80BC     		pop	{r7}
 175              	.LCFI13:
ARM GAS  /tmp/ccfMwLzE.s 			page 6


 176              		.cfi_restore 7
 177              		.cfi_def_cfa_offset 0
 178 0032 7047     		bx	lr
 179              	.L13:
 180              		.align	2
 181              	.L12:
 182 0034 00100358 		.word	1476595712
 183              		.cfi_endproc
 184              	.LFE137:
 186              		.section	.text.PWR_AvdEnable,"ax",%progbits
 187              		.align	1
 188              		.global	PWR_AvdEnable
 189              		.syntax unified
 190              		.thumb
 191              		.thumb_func
 193              	PWR_AvdEnable:
 194              	.LFB138:
 112:../../../firmware/n32h7xx_std_periph_driver/src/n32h7xx_pwr.c **** 
 113:../../../firmware/n32h7xx_std_periph_driver/src/n32h7xx_pwr.c **** /**
 114:../../../firmware/n32h7xx_std_periph_driver/src/n32h7xx_pwr.c **** *\*\name    PWR_AvdEnable.
 115:../../../firmware/n32h7xx_std_periph_driver/src/n32h7xx_pwr.c **** *\*\fun     Enables or disables the Power Analog Voltage Detector(AVD).
 116:../../../firmware/n32h7xx_std_periph_driver/src/n32h7xx_pwr.c **** *\*\param   Cmd: 
 117:../../../firmware/n32h7xx_std_periph_driver/src/n32h7xx_pwr.c **** *\*\          - ENABLE  
 118:../../../firmware/n32h7xx_std_periph_driver/src/n32h7xx_pwr.c **** *\*\          - DISABLE 
 119:../../../firmware/n32h7xx_std_periph_driver/src/n32h7xx_pwr.c **** *\*\return  none
 120:../../../firmware/n32h7xx_std_periph_driver/src/n32h7xx_pwr.c **** **/
 121:../../../firmware/n32h7xx_std_periph_driver/src/n32h7xx_pwr.c **** void PWR_AvdEnable(FunctionalState Cmd)
 122:../../../firmware/n32h7xx_std_periph_driver/src/n32h7xx_pwr.c **** {
 195              		.loc 1 122 1
 196              		.cfi_startproc
 197              		@ args = 0, pretend = 0, frame = 8
 198              		@ frame_needed = 1, uses_anonymous_args = 0
 199              		@ link register save eliminated.
 200 0000 80B4     		push	{r7}
 201              	.LCFI14:
 202              		.cfi_def_cfa_offset 4
 203              		.cfi_offset 7, -4
 204 0002 83B0     		sub	sp, sp, #12
 205              	.LCFI15:
 206              		.cfi_def_cfa_offset 16
 207 0004 00AF     		add	r7, sp, #0
 208              	.LCFI16:
 209              		.cfi_def_cfa_register 7
 210 0006 0346     		mov	r3, r0
 211 0008 FB71     		strb	r3, [r7, #7]
 123:../../../firmware/n32h7xx_std_periph_driver/src/n32h7xx_pwr.c ****     if(Cmd == ENABLE)
 212              		.loc 1 123 7
 213 000a FB79     		ldrb	r3, [r7, #7]	@ zero_extendqisi2
 214 000c 012B     		cmp	r3, #1
 215 000e 06D1     		bne	.L15
 124:../../../firmware/n32h7xx_std_periph_driver/src/n32h7xx_pwr.c ****     {
 125:../../../firmware/n32h7xx_std_periph_driver/src/n32h7xx_pwr.c ****         PWR->SYSCTRL1 |= PWR_AVDEN;
 216              		.loc 1 125 12
 217 0010 084B     		ldr	r3, .L18
 218 0012 1B6C     		ldr	r3, [r3, #64]
 219 0014 074A     		ldr	r2, .L18
 220              		.loc 1 125 23
ARM GAS  /tmp/ccfMwLzE.s 			page 7


 221 0016 43F00803 		orr	r3, r3, #8
 222 001a 1364     		str	r3, [r2, #64]
 126:../../../firmware/n32h7xx_std_periph_driver/src/n32h7xx_pwr.c ****     }
 127:../../../firmware/n32h7xx_std_periph_driver/src/n32h7xx_pwr.c ****     else
 128:../../../firmware/n32h7xx_std_periph_driver/src/n32h7xx_pwr.c ****     {
 129:../../../firmware/n32h7xx_std_periph_driver/src/n32h7xx_pwr.c ****         PWR->SYSCTRL1 &= ~PWR_AVDEN;
 130:../../../firmware/n32h7xx_std_periph_driver/src/n32h7xx_pwr.c ****     }
 131:../../../firmware/n32h7xx_std_periph_driver/src/n32h7xx_pwr.c **** }
 223              		.loc 1 131 1
 224 001c 05E0     		b	.L17
 225              	.L15:
 129:../../../firmware/n32h7xx_std_periph_driver/src/n32h7xx_pwr.c ****     }
 226              		.loc 1 129 12
 227 001e 054B     		ldr	r3, .L18
 228 0020 1B6C     		ldr	r3, [r3, #64]
 229 0022 044A     		ldr	r2, .L18
 129:../../../firmware/n32h7xx_std_periph_driver/src/n32h7xx_pwr.c ****     }
 230              		.loc 1 129 23
 231 0024 23F00803 		bic	r3, r3, #8
 232 0028 1364     		str	r3, [r2, #64]
 233              	.L17:
 234              		.loc 1 131 1
 235 002a 00BF     		nop
 236 002c 0C37     		adds	r7, r7, #12
 237              	.LCFI17:
 238              		.cfi_def_cfa_offset 4
 239 002e BD46     		mov	sp, r7
 240              	.LCFI18:
 241              		.cfi_def_cfa_register 13
 242              		@ sp needed
 243 0030 80BC     		pop	{r7}
 244              	.LCFI19:
 245              		.cfi_restore 7
 246              		.cfi_def_cfa_offset 0
 247 0032 7047     		bx	lr
 248              	.L19:
 249              		.align	2
 250              	.L18:
 251 0034 00100358 		.word	1476595712
 252              		.cfi_endproc
 253              	.LFE138:
 255              		.section	.text.PWR_EnableMRInStandby,"ax",%progbits
 256              		.align	1
 257              		.global	PWR_EnableMRInStandby
 258              		.syntax unified
 259              		.thumb
 260              		.thumb_func
 262              	PWR_EnableMRInStandby:
 263              	.LFB139:
 132:../../../firmware/n32h7xx_std_periph_driver/src/n32h7xx_pwr.c **** 
 133:../../../firmware/n32h7xx_std_periph_driver/src/n32h7xx_pwr.c **** /**
 134:../../../firmware/n32h7xx_std_periph_driver/src/n32h7xx_pwr.c **** *\*\name    PWR_EnableMRInStandby.
 135:../../../firmware/n32h7xx_std_periph_driver/src/n32h7xx_pwr.c **** *\*\fun     Enables or disables the MR power when the system enters into standby mode .
 136:../../../firmware/n32h7xx_std_periph_driver/src/n32h7xx_pwr.c **** *\*\param   Cmd: 
 137:../../../firmware/n32h7xx_std_periph_driver/src/n32h7xx_pwr.c **** *\*\          - ENABLE  : MR is on when system enters into Standby mode.
 138:../../../firmware/n32h7xx_std_periph_driver/src/n32h7xx_pwr.c **** *\*\          - DISABLE : MR is off when system enters into Standby mode.
 139:../../../firmware/n32h7xx_std_periph_driver/src/n32h7xx_pwr.c **** *\*\return  none
ARM GAS  /tmp/ccfMwLzE.s 			page 8


 140:../../../firmware/n32h7xx_std_periph_driver/src/n32h7xx_pwr.c **** **/
 141:../../../firmware/n32h7xx_std_periph_driver/src/n32h7xx_pwr.c **** void PWR_EnableMRInStandby(FunctionalState Cmd)
 142:../../../firmware/n32h7xx_std_periph_driver/src/n32h7xx_pwr.c **** {
 264              		.loc 1 142 1
 265              		.cfi_startproc
 266              		@ args = 0, pretend = 0, frame = 8
 267              		@ frame_needed = 1, uses_anonymous_args = 0
 268              		@ link register save eliminated.
 269 0000 80B4     		push	{r7}
 270              	.LCFI20:
 271              		.cfi_def_cfa_offset 4
 272              		.cfi_offset 7, -4
 273 0002 83B0     		sub	sp, sp, #12
 274              	.LCFI21:
 275              		.cfi_def_cfa_offset 16
 276 0004 00AF     		add	r7, sp, #0
 277              	.LCFI22:
 278              		.cfi_def_cfa_register 7
 279 0006 0346     		mov	r3, r0
 280 0008 FB71     		strb	r3, [r7, #7]
 143:../../../firmware/n32h7xx_std_periph_driver/src/n32h7xx_pwr.c ****     if(Cmd == ENABLE)
 281              		.loc 1 143 7
 282 000a FB79     		ldrb	r3, [r7, #7]	@ zero_extendqisi2
 283 000c 012B     		cmp	r3, #1
 284 000e 06D1     		bne	.L21
 144:../../../firmware/n32h7xx_std_periph_driver/src/n32h7xx_pwr.c ****     {
 145:../../../firmware/n32h7xx_std_periph_driver/src/n32h7xx_pwr.c ****         PWR->SYSCTRL2 &= ~PWR_MROFF_IN_STANDBY;
 285              		.loc 1 145 12
 286 0010 084B     		ldr	r3, .L24
 287 0012 9B6C     		ldr	r3, [r3, #72]
 288 0014 074A     		ldr	r2, .L24
 289              		.loc 1 145 23
 290 0016 23F00203 		bic	r3, r3, #2
 291 001a 9364     		str	r3, [r2, #72]
 146:../../../firmware/n32h7xx_std_periph_driver/src/n32h7xx_pwr.c ****     }
 147:../../../firmware/n32h7xx_std_periph_driver/src/n32h7xx_pwr.c ****     else
 148:../../../firmware/n32h7xx_std_periph_driver/src/n32h7xx_pwr.c ****     {
 149:../../../firmware/n32h7xx_std_periph_driver/src/n32h7xx_pwr.c ****         PWR->SYSCTRL2 |= PWR_MROFF_IN_STANDBY;
 150:../../../firmware/n32h7xx_std_periph_driver/src/n32h7xx_pwr.c ****     }
 151:../../../firmware/n32h7xx_std_periph_driver/src/n32h7xx_pwr.c **** }
 292              		.loc 1 151 1
 293 001c 05E0     		b	.L23
 294              	.L21:
 149:../../../firmware/n32h7xx_std_periph_driver/src/n32h7xx_pwr.c ****     }
 295              		.loc 1 149 12
 296 001e 054B     		ldr	r3, .L24
 297 0020 9B6C     		ldr	r3, [r3, #72]
 298 0022 044A     		ldr	r2, .L24
 149:../../../firmware/n32h7xx_std_periph_driver/src/n32h7xx_pwr.c ****     }
 299              		.loc 1 149 23
 300 0024 43F00203 		orr	r3, r3, #2
 301 0028 9364     		str	r3, [r2, #72]
 302              	.L23:
 303              		.loc 1 151 1
 304 002a 00BF     		nop
 305 002c 0C37     		adds	r7, r7, #12
 306              	.LCFI23:
ARM GAS  /tmp/ccfMwLzE.s 			page 9


 307              		.cfi_def_cfa_offset 4
 308 002e BD46     		mov	sp, r7
 309              	.LCFI24:
 310              		.cfi_def_cfa_register 13
 311              		@ sp needed
 312 0030 80BC     		pop	{r7}
 313              	.LCFI25:
 314              		.cfi_restore 7
 315              		.cfi_def_cfa_offset 0
 316 0032 7047     		bx	lr
 317              	.L25:
 318              		.align	2
 319              	.L24:
 320 0034 00100358 		.word	1476595712
 321              		.cfi_endproc
 322              	.LFE139:
 324              		.section	.text.PWR_ConfigDigitalFilterOnNRST,"ax",%progbits
 325              		.align	1
 326              		.global	PWR_ConfigDigitalFilterOnNRST
 327              		.syntax unified
 328              		.thumb
 329              		.thumb_func
 331              	PWR_ConfigDigitalFilterOnNRST:
 332              	.LFB140:
 152:../../../firmware/n32h7xx_std_periph_driver/src/n32h7xx_pwr.c **** 
 153:../../../firmware/n32h7xx_std_periph_driver/src/n32h7xx_pwr.c **** 
 154:../../../firmware/n32h7xx_std_periph_driver/src/n32h7xx_pwr.c **** /**
 155:../../../firmware/n32h7xx_std_periph_driver/src/n32h7xx_pwr.c **** *\*\name    PWR_ConfigDigitalFilterOnNRST.
 156:../../../firmware/n32h7xx_std_periph_driver/src/n32h7xx_pwr.c **** *\*\fun     Config the digital glitch filtered pulse width  on NRST .
 157:../../../firmware/n32h7xx_std_periph_driver/src/n32h7xx_pwr.c **** *\*\param   cycle_cnt(The input parameters must be the following values): 
 158:../../../firmware/n32h7xx_std_periph_driver/src/n32h7xx_pwr.c **** *\*\          - 0x000U - 0xFFFU .
 159:../../../firmware/n32h7xx_std_periph_driver/src/n32h7xx_pwr.c **** *\*\param   Cmd: 
 160:../../../firmware/n32h7xx_std_periph_driver/src/n32h7xx_pwr.c **** *\*\          - ENABLE .
 161:../../../firmware/n32h7xx_std_periph_driver/src/n32h7xx_pwr.c **** *\*\          - DISABLE.
 162:../../../firmware/n32h7xx_std_periph_driver/src/n32h7xx_pwr.c **** *\*\return  none
 163:../../../firmware/n32h7xx_std_periph_driver/src/n32h7xx_pwr.c **** **/
 164:../../../firmware/n32h7xx_std_periph_driver/src/n32h7xx_pwr.c **** void PWR_ConfigDigitalFilterOnNRST(uint32_t cycle_cnt, FunctionalState Cmd)
 165:../../../firmware/n32h7xx_std_periph_driver/src/n32h7xx_pwr.c **** {
 333              		.loc 1 165 1
 334              		.cfi_startproc
 335              		@ args = 0, pretend = 0, frame = 16
 336              		@ frame_needed = 1, uses_anonymous_args = 0
 337              		@ link register save eliminated.
 338 0000 80B4     		push	{r7}
 339              	.LCFI26:
 340              		.cfi_def_cfa_offset 4
 341              		.cfi_offset 7, -4
 342 0002 85B0     		sub	sp, sp, #20
 343              	.LCFI27:
 344              		.cfi_def_cfa_offset 24
 345 0004 00AF     		add	r7, sp, #0
 346              	.LCFI28:
 347              		.cfi_def_cfa_register 7
 348 0006 7860     		str	r0, [r7, #4]
 349 0008 0B46     		mov	r3, r1
 350 000a FB70     		strb	r3, [r7, #3]
 166:../../../firmware/n32h7xx_std_periph_driver/src/n32h7xx_pwr.c ****     __IO uint32_t tempreg;
ARM GAS  /tmp/ccfMwLzE.s 			page 10


 167:../../../firmware/n32h7xx_std_periph_driver/src/n32h7xx_pwr.c ****     /* Get the old register value */
 168:../../../firmware/n32h7xx_std_periph_driver/src/n32h7xx_pwr.c ****     tempreg = PWR->SYSCTRL1;
 351              		.loc 1 168 18
 352 000c 0E4B     		ldr	r3, .L29
 353 000e 1B6C     		ldr	r3, [r3, #64]
 354              		.loc 1 168 13
 355 0010 FB60     		str	r3, [r7, #12]
 169:../../../firmware/n32h7xx_std_periph_driver/src/n32h7xx_pwr.c ****     if(Cmd == ENABLE)
 356              		.loc 1 169 7
 357 0012 FB78     		ldrb	r3, [r7, #3]	@ zero_extendqisi2
 358 0014 012B     		cmp	r3, #1
 359 0016 0BD1     		bne	.L27
 170:../../../firmware/n32h7xx_std_periph_driver/src/n32h7xx_pwr.c ****     {
 171:../../../firmware/n32h7xx_std_periph_driver/src/n32h7xx_pwr.c ****         tempreg &= ~(PWR_NRST_DGF_BP | PWR_NRST_DGF_CNT_MASK);
 360              		.loc 1 171 17
 361 0018 FB68     		ldr	r3, [r7, #12]
 362 001a 23F07F63 		bic	r3, r3, #267386880
 363 001e 23F47823 		bic	r3, r3, #1015808
 364 0022 FB60     		str	r3, [r7, #12]
 172:../../../firmware/n32h7xx_std_periph_driver/src/n32h7xx_pwr.c ****         tempreg |= (cycle_cnt << PWR_NRST_DGF_CNT_BIT_OFFSET);
 365              		.loc 1 172 31
 366 0024 7B68     		ldr	r3, [r7, #4]
 367 0026 1A04     		lsls	r2, r3, #16
 368              		.loc 1 172 17
 369 0028 FB68     		ldr	r3, [r7, #12]
 370 002a 1343     		orrs	r3, r3, r2
 371 002c FB60     		str	r3, [r7, #12]
 372 002e 03E0     		b	.L28
 373              	.L27:
 173:../../../firmware/n32h7xx_std_periph_driver/src/n32h7xx_pwr.c ****     }
 174:../../../firmware/n32h7xx_std_periph_driver/src/n32h7xx_pwr.c ****     else
 175:../../../firmware/n32h7xx_std_periph_driver/src/n32h7xx_pwr.c ****     {
 176:../../../firmware/n32h7xx_std_periph_driver/src/n32h7xx_pwr.c ****         tempreg |= PWR_NRST_DGF_BP;
 374              		.loc 1 176 17
 375 0030 FB68     		ldr	r3, [r7, #12]
 376 0032 43F40043 		orr	r3, r3, #32768
 377 0036 FB60     		str	r3, [r7, #12]
 378              	.L28:
 177:../../../firmware/n32h7xx_std_periph_driver/src/n32h7xx_pwr.c ****     }
 178:../../../firmware/n32h7xx_std_periph_driver/src/n32h7xx_pwr.c ****     /* Set new configuration */
 179:../../../firmware/n32h7xx_std_periph_driver/src/n32h7xx_pwr.c ****     PWR->SYSCTRL1 = tempreg;
 379              		.loc 1 179 8
 380 0038 034A     		ldr	r2, .L29
 381              		.loc 1 179 19
 382 003a FB68     		ldr	r3, [r7, #12]
 383 003c 1364     		str	r3, [r2, #64]
 180:../../../firmware/n32h7xx_std_periph_driver/src/n32h7xx_pwr.c **** }
 384              		.loc 1 180 1
 385 003e 00BF     		nop
 386 0040 1437     		adds	r7, r7, #20
 387              	.LCFI29:
 388              		.cfi_def_cfa_offset 4
 389 0042 BD46     		mov	sp, r7
 390              	.LCFI30:
 391              		.cfi_def_cfa_register 13
 392              		@ sp needed
 393 0044 80BC     		pop	{r7}
ARM GAS  /tmp/ccfMwLzE.s 			page 11


 394              	.LCFI31:
 395              		.cfi_restore 7
 396              		.cfi_def_cfa_offset 0
 397 0046 7047     		bx	lr
 398              	.L30:
 399              		.align	2
 400              	.L29:
 401 0048 00100358 		.word	1476595712
 402              		.cfi_endproc
 403              	.LFE140:
 405              		.section	.text.PWR_EnableBKPLDO,"ax",%progbits
 406              		.align	1
 407              		.global	PWR_EnableBKPLDO
 408              		.syntax unified
 409              		.thumb
 410              		.thumb_func
 412              	PWR_EnableBKPLDO:
 413              	.LFB141:
 181:../../../firmware/n32h7xx_std_periph_driver/src/n32h7xx_pwr.c **** 
 182:../../../firmware/n32h7xx_std_periph_driver/src/n32h7xx_pwr.c **** /**
 183:../../../firmware/n32h7xx_std_periph_driver/src/n32h7xx_pwr.c **** *\*\name    PWR_EnableBKPLDO.
 184:../../../firmware/n32h7xx_std_periph_driver/src/n32h7xx_pwr.c **** *\*\fun     Enables or disables the backup LDO.
 185:../../../firmware/n32h7xx_std_periph_driver/src/n32h7xx_pwr.c **** *\*\param   Cmd: 
 186:../../../firmware/n32h7xx_std_periph_driver/src/n32h7xx_pwr.c **** *\*\          - ENABLE  : Enable the backup LDO.
 187:../../../firmware/n32h7xx_std_periph_driver/src/n32h7xx_pwr.c **** *\*\          - DISABLE : Disable the backup LDO.
 188:../../../firmware/n32h7xx_std_periph_driver/src/n32h7xx_pwr.c **** *\*\return  none
 189:../../../firmware/n32h7xx_std_periph_driver/src/n32h7xx_pwr.c **** **/
 190:../../../firmware/n32h7xx_std_periph_driver/src/n32h7xx_pwr.c **** void PWR_EnableBKPLDO(FunctionalState Cmd)
 191:../../../firmware/n32h7xx_std_periph_driver/src/n32h7xx_pwr.c **** {
 414              		.loc 1 191 1
 415              		.cfi_startproc
 416              		@ args = 0, pretend = 0, frame = 8
 417              		@ frame_needed = 1, uses_anonymous_args = 0
 418              		@ link register save eliminated.
 419 0000 80B4     		push	{r7}
 420              	.LCFI32:
 421              		.cfi_def_cfa_offset 4
 422              		.cfi_offset 7, -4
 423 0002 83B0     		sub	sp, sp, #12
 424              	.LCFI33:
 425              		.cfi_def_cfa_offset 16
 426 0004 00AF     		add	r7, sp, #0
 427              	.LCFI34:
 428              		.cfi_def_cfa_register 7
 429 0006 0346     		mov	r3, r0
 430 0008 FB71     		strb	r3, [r7, #7]
 192:../../../firmware/n32h7xx_std_periph_driver/src/n32h7xx_pwr.c ****     if(Cmd == ENABLE)
 431              		.loc 1 192 7
 432 000a FB79     		ldrb	r3, [r7, #7]	@ zero_extendqisi2
 433 000c 012B     		cmp	r3, #1
 434 000e 06D1     		bne	.L32
 193:../../../firmware/n32h7xx_std_periph_driver/src/n32h7xx_pwr.c ****     {
 194:../../../firmware/n32h7xx_std_periph_driver/src/n32h7xx_pwr.c ****         PWR->SYSCTRL1 |= ~PWR_BKPLDOEN;
 435              		.loc 1 194 12
 436 0010 084B     		ldr	r3, .L35
 437 0012 1B6C     		ldr	r3, [r3, #64]
 438 0014 074A     		ldr	r2, .L35
ARM GAS  /tmp/ccfMwLzE.s 			page 12


 439              		.loc 1 194 23
 440 0016 63F00103 		orn	r3, r3, #1
 441 001a 1364     		str	r3, [r2, #64]
 195:../../../firmware/n32h7xx_std_periph_driver/src/n32h7xx_pwr.c ****     }
 196:../../../firmware/n32h7xx_std_periph_driver/src/n32h7xx_pwr.c ****     else
 197:../../../firmware/n32h7xx_std_periph_driver/src/n32h7xx_pwr.c ****     {
 198:../../../firmware/n32h7xx_std_periph_driver/src/n32h7xx_pwr.c ****         PWR->SYSCTRL1 &= PWR_BKPLDOEN;
 199:../../../firmware/n32h7xx_std_periph_driver/src/n32h7xx_pwr.c ****     }
 200:../../../firmware/n32h7xx_std_periph_driver/src/n32h7xx_pwr.c **** }
 442              		.loc 1 200 1
 443 001c 05E0     		b	.L34
 444              	.L32:
 198:../../../firmware/n32h7xx_std_periph_driver/src/n32h7xx_pwr.c ****     }
 445              		.loc 1 198 12
 446 001e 054B     		ldr	r3, .L35
 447 0020 1B6C     		ldr	r3, [r3, #64]
 448 0022 044A     		ldr	r2, .L35
 198:../../../firmware/n32h7xx_std_periph_driver/src/n32h7xx_pwr.c ****     }
 449              		.loc 1 198 23
 450 0024 03F00103 		and	r3, r3, #1
 451 0028 1364     		str	r3, [r2, #64]
 452              	.L34:
 453              		.loc 1 200 1
 454 002a 00BF     		nop
 455 002c 0C37     		adds	r7, r7, #12
 456              	.LCFI35:
 457              		.cfi_def_cfa_offset 4
 458 002e BD46     		mov	sp, r7
 459              	.LCFI36:
 460              		.cfi_def_cfa_register 13
 461              		@ sp needed
 462 0030 80BC     		pop	{r7}
 463              	.LCFI37:
 464              		.cfi_restore 7
 465              		.cfi_def_cfa_offset 0
 466 0032 7047     		bx	lr
 467              	.L36:
 468              		.align	2
 469              	.L35:
 470 0034 00100358 		.word	1476595712
 471              		.cfi_endproc
 472              	.LFE141:
 474              		.section	.text.PWR_PVDLevelConfig,"ax",%progbits
 475              		.align	1
 476              		.global	PWR_PVDLevelConfig
 477              		.syntax unified
 478              		.thumb
 479              		.thumb_func
 481              	PWR_PVDLevelConfig:
 482              	.LFB142:
 201:../../../firmware/n32h7xx_std_periph_driver/src/n32h7xx_pwr.c **** 
 202:../../../firmware/n32h7xx_std_periph_driver/src/n32h7xx_pwr.c **** 
 203:../../../firmware/n32h7xx_std_periph_driver/src/n32h7xx_pwr.c **** /**
 204:../../../firmware/n32h7xx_std_periph_driver/src/n32h7xx_pwr.c **** *\*\name    PWR_PVDLevelConfig.
 205:../../../firmware/n32h7xx_std_periph_driver/src/n32h7xx_pwr.c **** *\*\fun     Configures the voltage threshold detected by the Power Voltage Detector(PVD).
 206:../../../firmware/n32h7xx_std_periph_driver/src/n32h7xx_pwr.c **** *\*\param   level (The input parameters must be the following values):
 207:../../../firmware/n32h7xx_std_periph_driver/src/n32h7xx_pwr.c **** *\*\          - PWR_PVD_LEVEL_2V28    PVD level is 2.28V
ARM GAS  /tmp/ccfMwLzE.s 			page 13


 208:../../../firmware/n32h7xx_std_periph_driver/src/n32h7xx_pwr.c **** *\*\          - PWR_PVD_LEVEL_2V38    PVD level is 2.38V
 209:../../../firmware/n32h7xx_std_periph_driver/src/n32h7xx_pwr.c **** *\*\          - PWR_PVD_LEVEL_2V48    PVD level is 2.48V
 210:../../../firmware/n32h7xx_std_periph_driver/src/n32h7xx_pwr.c **** *\*\          - PWR_PVD_LEVEL_2V58    PVD level is 2.58V
 211:../../../firmware/n32h7xx_std_periph_driver/src/n32h7xx_pwr.c **** *\*\          - PWR_PVD_LEVEL_2V68    PVD level is 2.68V
 212:../../../firmware/n32h7xx_std_periph_driver/src/n32h7xx_pwr.c **** *\*\          - PWR_PVD_LEVEL_2V78    PVD level is 2.78V
 213:../../../firmware/n32h7xx_std_periph_driver/src/n32h7xx_pwr.c **** *\*\          - PWR_PVD_LEVEL_2V88    PVD level is 2.88V
 214:../../../firmware/n32h7xx_std_periph_driver/src/n32h7xx_pwr.c **** *\*\          - PWR_PVD_LEVEL_3V28    PVD level is 3.28V
 215:../../../firmware/n32h7xx_std_periph_driver/src/n32h7xx_pwr.c **** *\*\          - PWR_PVD_LEVEL_3V38    PVD level is 3.38V
 216:../../../firmware/n32h7xx_std_periph_driver/src/n32h7xx_pwr.c **** *\*\          - PWR_PVD_LEVEL_3V48    PVD level is 3.48V
 217:../../../firmware/n32h7xx_std_periph_driver/src/n32h7xx_pwr.c **** *\*\          - PWR_PVD_LEVEL_3V58    PVD level is 3.58V
 218:../../../firmware/n32h7xx_std_periph_driver/src/n32h7xx_pwr.c **** *\*\return  none
 219:../../../firmware/n32h7xx_std_periph_driver/src/n32h7xx_pwr.c **** **/
 220:../../../firmware/n32h7xx_std_periph_driver/src/n32h7xx_pwr.c **** void PWR_PVDLevelConfig(uint32_t level)
 221:../../../firmware/n32h7xx_std_periph_driver/src/n32h7xx_pwr.c **** {
 483              		.loc 1 221 1
 484              		.cfi_startproc
 485              		@ args = 0, pretend = 0, frame = 16
 486              		@ frame_needed = 1, uses_anonymous_args = 0
 487              		@ link register save eliminated.
 488 0000 80B4     		push	{r7}
 489              	.LCFI38:
 490              		.cfi_def_cfa_offset 4
 491              		.cfi_offset 7, -4
 492 0002 85B0     		sub	sp, sp, #20
 493              	.LCFI39:
 494              		.cfi_def_cfa_offset 24
 495 0004 00AF     		add	r7, sp, #0
 496              	.LCFI40:
 497              		.cfi_def_cfa_register 7
 498 0006 7860     		str	r0, [r7, #4]
 222:../../../firmware/n32h7xx_std_periph_driver/src/n32h7xx_pwr.c ****     uint32_t temp_value;
 223:../../../firmware/n32h7xx_std_periph_driver/src/n32h7xx_pwr.c **** 
 224:../../../firmware/n32h7xx_std_periph_driver/src/n32h7xx_pwr.c ****     temp_value = *(__IO uint32_t *)PVD_ContrlBaseAddress;
 499              		.loc 1 224 18
 500 0008 094B     		ldr	r3, .L38
 501              		.loc 1 224 16
 502 000a 1B68     		ldr	r3, [r3]
 503 000c FB60     		str	r3, [r7, #12]
 225:../../../firmware/n32h7xx_std_periph_driver/src/n32h7xx_pwr.c ****     /* Clear MSB and PLS[2:0] bits bit */
 226:../../../firmware/n32h7xx_std_periph_driver/src/n32h7xx_pwr.c ****     temp_value &= PWR_PVD_LEVEL_MASK;
 504              		.loc 1 226 16
 505 000e FB68     		ldr	r3, [r7, #12]
 506 0010 03F4F013 		and	r3, r3, #1966080
 507 0014 FB60     		str	r3, [r7, #12]
 227:../../../firmware/n32h7xx_std_periph_driver/src/n32h7xx_pwr.c ****     /* Set PLS[3:0] bits according to level value */
 228:../../../firmware/n32h7xx_std_periph_driver/src/n32h7xx_pwr.c ****     temp_value |= level;
 508              		.loc 1 228 16
 509 0016 FA68     		ldr	r2, [r7, #12]
 510 0018 7B68     		ldr	r3, [r7, #4]
 511 001a 1343     		orrs	r3, r3, r2
 512 001c FB60     		str	r3, [r7, #12]
 229:../../../firmware/n32h7xx_std_periph_driver/src/n32h7xx_pwr.c ****     /* Store the new value */
 230:../../../firmware/n32h7xx_std_periph_driver/src/n32h7xx_pwr.c ****     *(__IO uint32_t *)PVD_ContrlBaseAddress = temp_value;
 513              		.loc 1 230 5
 514 001e 044A     		ldr	r2, .L38
 515              		.loc 1 230 45
 516 0020 FB68     		ldr	r3, [r7, #12]
ARM GAS  /tmp/ccfMwLzE.s 			page 14


 517 0022 1360     		str	r3, [r2]
 231:../../../firmware/n32h7xx_std_periph_driver/src/n32h7xx_pwr.c **** }
 518              		.loc 1 231 1
 519 0024 00BF     		nop
 520 0026 1437     		adds	r7, r7, #20
 521              	.LCFI41:
 522              		.cfi_def_cfa_offset 4
 523 0028 BD46     		mov	sp, r7
 524              	.LCFI42:
 525              		.cfi_def_cfa_register 13
 526              		@ sp needed
 527 002a 80BC     		pop	{r7}
 528              	.LCFI43:
 529              		.cfi_restore 7
 530              		.cfi_def_cfa_offset 0
 531 002c 7047     		bx	lr
 532              	.L39:
 533 002e 00BF     		.align	2
 534              	.L38:
 535 0030 2C040058 		.word	1476396076
 536              		.cfi_endproc
 537              	.LFE142:
 539              		.section	.text.PWR_AVDLevelConfig,"ax",%progbits
 540              		.align	1
 541              		.global	PWR_AVDLevelConfig
 542              		.syntax unified
 543              		.thumb
 544              		.thumb_func
 546              	PWR_AVDLevelConfig:
 547              	.LFB143:
 232:../../../firmware/n32h7xx_std_periph_driver/src/n32h7xx_pwr.c **** 
 233:../../../firmware/n32h7xx_std_periph_driver/src/n32h7xx_pwr.c **** /**
 234:../../../firmware/n32h7xx_std_periph_driver/src/n32h7xx_pwr.c **** *\*\name    PWR_AVDLevelConfig.
 235:../../../firmware/n32h7xx_std_periph_driver/src/n32h7xx_pwr.c **** *\*\fun     Configure the voltage threshold to be detected by the Analog Power Voltage Detector(AVD
 236:../../../firmware/n32h7xx_std_periph_driver/src/n32h7xx_pwr.c **** *\*\param   level (The input parameters must be the following values):
 237:../../../firmware/n32h7xx_std_periph_driver/src/n32h7xx_pwr.c **** *\*\          - PWR_AVD_LEVEL_2V28    AVD level is 2.28V
 238:../../../firmware/n32h7xx_std_periph_driver/src/n32h7xx_pwr.c **** *\*\          - PWR_AVD_LEVEL_2V38    AVD level is 2.38V
 239:../../../firmware/n32h7xx_std_periph_driver/src/n32h7xx_pwr.c **** *\*\          - PWR_AVD_LEVEL_2V48    AVD level is 2.48V
 240:../../../firmware/n32h7xx_std_periph_driver/src/n32h7xx_pwr.c **** *\*\          - PWR_AVD_LEVEL_2V58    AVD level is 2.58V
 241:../../../firmware/n32h7xx_std_periph_driver/src/n32h7xx_pwr.c **** *\*\          - PWR_AVD_LEVEL_2V68    AVD level is 2.68V
 242:../../../firmware/n32h7xx_std_periph_driver/src/n32h7xx_pwr.c **** *\*\          - PWR_AVD_LEVEL_2V78    AVD level is 2.78V
 243:../../../firmware/n32h7xx_std_periph_driver/src/n32h7xx_pwr.c **** *\*\          - PWR_AVD_LEVEL_2V88    AVD level is 2.88V
 244:../../../firmware/n32h7xx_std_periph_driver/src/n32h7xx_pwr.c **** *\*\          - PWR_AVD_LEVEL_3V28    AVD level is 3.28V
 245:../../../firmware/n32h7xx_std_periph_driver/src/n32h7xx_pwr.c **** *\*\          - PWR_AVD_LEVEL_3V38    AVD level is 3.38V
 246:../../../firmware/n32h7xx_std_periph_driver/src/n32h7xx_pwr.c **** *\*\          - PWR_AVD_LEVEL_3V48    AVD level is 3.48V
 247:../../../firmware/n32h7xx_std_periph_driver/src/n32h7xx_pwr.c **** *\*\          - PWR_AVD_LEVEL_3V58    AVD level is 3.58V
 248:../../../firmware/n32h7xx_std_periph_driver/src/n32h7xx_pwr.c **** *\*\return  none
 249:../../../firmware/n32h7xx_std_periph_driver/src/n32h7xx_pwr.c **** **/
 250:../../../firmware/n32h7xx_std_periph_driver/src/n32h7xx_pwr.c **** void PWR_AVDLevelConfig(uint32_t level)
 251:../../../firmware/n32h7xx_std_periph_driver/src/n32h7xx_pwr.c **** {
 548              		.loc 1 251 1
 549              		.cfi_startproc
 550              		@ args = 0, pretend = 0, frame = 16
 551              		@ frame_needed = 1, uses_anonymous_args = 0
 552              		@ link register save eliminated.
 553 0000 80B4     		push	{r7}
 554              	.LCFI44:
ARM GAS  /tmp/ccfMwLzE.s 			page 15


 555              		.cfi_def_cfa_offset 4
 556              		.cfi_offset 7, -4
 557 0002 85B0     		sub	sp, sp, #20
 558              	.LCFI45:
 559              		.cfi_def_cfa_offset 24
 560 0004 00AF     		add	r7, sp, #0
 561              	.LCFI46:
 562              		.cfi_def_cfa_register 7
 563 0006 7860     		str	r0, [r7, #4]
 252:../../../firmware/n32h7xx_std_periph_driver/src/n32h7xx_pwr.c ****     uint32_t temp_value;
 253:../../../firmware/n32h7xx_std_periph_driver/src/n32h7xx_pwr.c **** 
 254:../../../firmware/n32h7xx_std_periph_driver/src/n32h7xx_pwr.c ****     temp_value = *(__IO uint32_t *)AVD_ContrlBaseAddress;
 564              		.loc 1 254 18
 565 0008 094B     		ldr	r3, .L41
 566              		.loc 1 254 16
 567 000a 1B68     		ldr	r3, [r3]
 568 000c FB60     		str	r3, [r7, #12]
 255:../../../firmware/n32h7xx_std_periph_driver/src/n32h7xx_pwr.c ****     /* Clear ALS[3:0] bits bit */
 256:../../../firmware/n32h7xx_std_periph_driver/src/n32h7xx_pwr.c ****     temp_value &= PWR_AVD_LEVEL_MASK;
 569              		.loc 1 256 16
 570 000e FB68     		ldr	r3, [r7, #12]
 571 0010 03F47043 		and	r3, r3, #61440
 572 0014 FB60     		str	r3, [r7, #12]
 257:../../../firmware/n32h7xx_std_periph_driver/src/n32h7xx_pwr.c ****     /* Set ALS[3:0] bits according to level value */
 258:../../../firmware/n32h7xx_std_periph_driver/src/n32h7xx_pwr.c ****     temp_value |= level;
 573              		.loc 1 258 16
 574 0016 FA68     		ldr	r2, [r7, #12]
 575 0018 7B68     		ldr	r3, [r7, #4]
 576 001a 1343     		orrs	r3, r3, r2
 577 001c FB60     		str	r3, [r7, #12]
 259:../../../firmware/n32h7xx_std_periph_driver/src/n32h7xx_pwr.c ****     /* Store the new value */
 260:../../../firmware/n32h7xx_std_periph_driver/src/n32h7xx_pwr.c ****     *(__IO uint32_t *)AVD_ContrlBaseAddress = temp_value;
 578              		.loc 1 260 5
 579 001e 044A     		ldr	r2, .L41
 580              		.loc 1 260 45
 581 0020 FB68     		ldr	r3, [r7, #12]
 582 0022 1360     		str	r3, [r2]
 261:../../../firmware/n32h7xx_std_periph_driver/src/n32h7xx_pwr.c **** }
 583              		.loc 1 261 1
 584 0024 00BF     		nop
 585 0026 1437     		adds	r7, r7, #20
 586              	.LCFI47:
 587              		.cfi_def_cfa_offset 4
 588 0028 BD46     		mov	sp, r7
 589              	.LCFI48:
 590              		.cfi_def_cfa_register 13
 591              		@ sp needed
 592 002a 80BC     		pop	{r7}
 593              	.LCFI49:
 594              		.cfi_restore 7
 595              		.cfi_def_cfa_offset 0
 596 002c 7047     		bx	lr
 597              	.L42:
 598 002e 00BF     		.align	2
 599              	.L41:
 600 0030 00040058 		.word	1476396032
 601              		.cfi_endproc
ARM GAS  /tmp/ccfMwLzE.s 			page 16


 602              	.LFE143:
 604              		.section	.text.PWR_VDDDPORLevelConfig,"ax",%progbits
 605              		.align	1
 606              		.global	PWR_VDDDPORLevelConfig
 607              		.syntax unified
 608              		.thumb
 609              		.thumb_func
 611              	PWR_VDDDPORLevelConfig:
 612              	.LFB144:
 262:../../../firmware/n32h7xx_std_periph_driver/src/n32h7xx_pwr.c **** 
 263:../../../firmware/n32h7xx_std_periph_driver/src/n32h7xx_pwr.c **** /**
 264:../../../firmware/n32h7xx_std_periph_driver/src/n32h7xx_pwr.c **** *\*\name    PWR_VDDDPORLevelConfig.
 265:../../../firmware/n32h7xx_std_periph_driver/src/n32h7xx_pwr.c **** *\*\fun     Configure the voltage Power-on reset (POR) / power-down reset (PDR) of VDDD.
 266:../../../firmware/n32h7xx_std_periph_driver/src/n32h7xx_pwr.c **** *\*\param   mode (The input parameters must be the following values):
 267:../../../firmware/n32h7xx_std_periph_driver/src/n32h7xx_pwr.c **** *\*\          - SYSTEM_RUN_MODE
 268:../../../firmware/n32h7xx_std_periph_driver/src/n32h7xx_pwr.c **** *\*\          - SYSTEM_LOW_POWER_MODE
 269:../../../firmware/n32h7xx_std_periph_driver/src/n32h7xx_pwr.c **** *\*\param   level (The input parameters must be the following values):
 270:../../../firmware/n32h7xx_std_periph_driver/src/n32h7xx_pwr.c **** *\*\          - PWR_VDDD_POR_Level_0V70    POR level is 0.70V, PDR level is 0.65V
 271:../../../firmware/n32h7xx_std_periph_driver/src/n32h7xx_pwr.c **** *\*\          - PWR_VDDD_POR_Level_0V75    POR level is 0.75V, PDR level is 0.70V
 272:../../../firmware/n32h7xx_std_periph_driver/src/n32h7xx_pwr.c **** *\*\          - PWR_VDDD_POR_Level_0V80    POR level is 0.80V, PDR level is 0.75V
 273:../../../firmware/n32h7xx_std_periph_driver/src/n32h7xx_pwr.c **** *\*\return  none
 274:../../../firmware/n32h7xx_std_periph_driver/src/n32h7xx_pwr.c **** **/
 275:../../../firmware/n32h7xx_std_periph_driver/src/n32h7xx_pwr.c **** void PWR_VDDDPORLevelConfig(SYSTEM_POWER_TYPE mode, uint32_t level)
 276:../../../firmware/n32h7xx_std_periph_driver/src/n32h7xx_pwr.c **** {
 613              		.loc 1 276 1
 614              		.cfi_startproc
 615              		@ args = 0, pretend = 0, frame = 16
 616              		@ frame_needed = 1, uses_anonymous_args = 0
 617              		@ link register save eliminated.
 618 0000 80B4     		push	{r7}
 619              	.LCFI50:
 620              		.cfi_def_cfa_offset 4
 621              		.cfi_offset 7, -4
 622 0002 85B0     		sub	sp, sp, #20
 623              	.LCFI51:
 624              		.cfi_def_cfa_offset 24
 625 0004 00AF     		add	r7, sp, #0
 626              	.LCFI52:
 627              		.cfi_def_cfa_register 7
 628 0006 0346     		mov	r3, r0
 629 0008 3960     		str	r1, [r7]
 630 000a FB71     		strb	r3, [r7, #7]
 277:../../../firmware/n32h7xx_std_periph_driver/src/n32h7xx_pwr.c ****     __IO uint32_t temp_value;
 278:../../../firmware/n32h7xx_std_periph_driver/src/n32h7xx_pwr.c ****     uint32_t bitoffset ;
 279:../../../firmware/n32h7xx_std_periph_driver/src/n32h7xx_pwr.c **** 
 280:../../../firmware/n32h7xx_std_periph_driver/src/n32h7xx_pwr.c ****     temp_value = PWR->SYSCTRL4;
 631              		.loc 1 280 21
 632 000c 104B     		ldr	r3, .L46
 633 000e 1B6D     		ldr	r3, [r3, #80]
 634              		.loc 1 280 16
 635 0010 BB60     		str	r3, [r7, #8]
 281:../../../firmware/n32h7xx_std_periph_driver/src/n32h7xx_pwr.c ****     if(mode == SYSTEM_RUN_MODE)
 636              		.loc 1 281 7
 637 0012 FB79     		ldrb	r3, [r7, #7]	@ zero_extendqisi2
 638 0014 002B     		cmp	r3, #0
 639 0016 02D1     		bne	.L44
 282:../../../firmware/n32h7xx_std_periph_driver/src/n32h7xx_pwr.c ****     {
ARM GAS  /tmp/ccfMwLzE.s 			page 17


 283:../../../firmware/n32h7xx_std_periph_driver/src/n32h7xx_pwr.c ****         bitoffset = PWR_VDDD_POR_LEVEL_OFFSET;
 640              		.loc 1 283 19
 641 0018 0C23     		movs	r3, #12
 642 001a FB60     		str	r3, [r7, #12]
 643 001c 01E0     		b	.L45
 644              	.L44:
 284:../../../firmware/n32h7xx_std_periph_driver/src/n32h7xx_pwr.c ****     }
 285:../../../firmware/n32h7xx_std_periph_driver/src/n32h7xx_pwr.c ****     else
 286:../../../firmware/n32h7xx_std_periph_driver/src/n32h7xx_pwr.c ****     {
 287:../../../firmware/n32h7xx_std_periph_driver/src/n32h7xx_pwr.c ****         bitoffset = PWR_VDDD_LPPOR_LEVEL_OFFSET;
 645              		.loc 1 287 19
 646 001e 1623     		movs	r3, #22
 647 0020 FB60     		str	r3, [r7, #12]
 648              	.L45:
 288:../../../firmware/n32h7xx_std_periph_driver/src/n32h7xx_pwr.c ****     }
 289:../../../firmware/n32h7xx_std_periph_driver/src/n32h7xx_pwr.c ****     /* Clear ALS[3:0] bits bit */
 290:../../../firmware/n32h7xx_std_periph_driver/src/n32h7xx_pwr.c ****     temp_value &= ~(PWR_VDDD_POR_Level_MASK << bitoffset);
 649              		.loc 1 290 45
 650 0022 0322     		movs	r2, #3
 651 0024 FB68     		ldr	r3, [r7, #12]
 652 0026 02FA03F3 		lsl	r3, r2, r3
 653              		.loc 1 290 19
 654 002a DA43     		mvns	r2, r3
 655              		.loc 1 290 16
 656 002c BB68     		ldr	r3, [r7, #8]
 657 002e 1340     		ands	r3, r3, r2
 658 0030 BB60     		str	r3, [r7, #8]
 291:../../../firmware/n32h7xx_std_periph_driver/src/n32h7xx_pwr.c ****     /* Set ALS[3:0] bits according to level value */
 292:../../../firmware/n32h7xx_std_periph_driver/src/n32h7xx_pwr.c ****     temp_value |= (level << bitoffset);
 659              		.loc 1 292 26
 660 0032 3A68     		ldr	r2, [r7]
 661 0034 FB68     		ldr	r3, [r7, #12]
 662 0036 9A40     		lsls	r2, r2, r3
 663              		.loc 1 292 16
 664 0038 BB68     		ldr	r3, [r7, #8]
 665 003a 1343     		orrs	r3, r3, r2
 666 003c BB60     		str	r3, [r7, #8]
 293:../../../firmware/n32h7xx_std_periph_driver/src/n32h7xx_pwr.c ****     /* Store the new value */
 294:../../../firmware/n32h7xx_std_periph_driver/src/n32h7xx_pwr.c ****     PWR->SYSCTRL4 = temp_value;
 667              		.loc 1 294 8
 668 003e 044A     		ldr	r2, .L46
 669              		.loc 1 294 19
 670 0040 BB68     		ldr	r3, [r7, #8]
 671 0042 1365     		str	r3, [r2, #80]
 295:../../../firmware/n32h7xx_std_periph_driver/src/n32h7xx_pwr.c **** }
 672              		.loc 1 295 1
 673 0044 00BF     		nop
 674 0046 1437     		adds	r7, r7, #20
 675              	.LCFI53:
 676              		.cfi_def_cfa_offset 4
 677 0048 BD46     		mov	sp, r7
 678              	.LCFI54:
 679              		.cfi_def_cfa_register 13
 680              		@ sp needed
 681 004a 80BC     		pop	{r7}
 682              	.LCFI55:
 683              		.cfi_restore 7
ARM GAS  /tmp/ccfMwLzE.s 			page 18


 684              		.cfi_def_cfa_offset 0
 685 004c 7047     		bx	lr
 686              	.L47:
 687 004e 00BF     		.align	2
 688              	.L46:
 689 0050 00100358 		.word	1476595712
 690              		.cfi_endproc
 691              	.LFE144:
 693              		.section	.text.PWR_DCDCPORLevelConfig,"ax",%progbits
 694              		.align	1
 695              		.global	PWR_DCDCPORLevelConfig
 696              		.syntax unified
 697              		.thumb
 698              		.thumb_func
 700              	PWR_DCDCPORLevelConfig:
 701              	.LFB145:
 296:../../../firmware/n32h7xx_std_periph_driver/src/n32h7xx_pwr.c **** 
 297:../../../firmware/n32h7xx_std_periph_driver/src/n32h7xx_pwr.c **** /**
 298:../../../firmware/n32h7xx_std_periph_driver/src/n32h7xx_pwr.c **** *\*\name    PWR_DCDCPORLevelConfig.
 299:../../../firmware/n32h7xx_std_periph_driver/src/n32h7xx_pwr.c **** *\*\fun     Configure the voltage Power-on reset (POR) / power-down reset (PDR) of DCDC.
 300:../../../firmware/n32h7xx_std_periph_driver/src/n32h7xx_pwr.c **** *\*\param   mode (The input parameters must be the following values):
 301:../../../firmware/n32h7xx_std_periph_driver/src/n32h7xx_pwr.c **** *\*\          - SYSTEM_RUN_MODE
 302:../../../firmware/n32h7xx_std_periph_driver/src/n32h7xx_pwr.c **** *\*\          - SYSTEM_LOW_POWER_MODE
 303:../../../firmware/n32h7xx_std_periph_driver/src/n32h7xx_pwr.c **** *\*\param   level (The input parameters must be the following values):
 304:../../../firmware/n32h7xx_std_periph_driver/src/n32h7xx_pwr.c **** *\*\          - PWR_DCDC_POR_Level_0V80    POR level is 0.80V, PDR level is 0.75V
 305:../../../firmware/n32h7xx_std_periph_driver/src/n32h7xx_pwr.c **** *\*\          - PWR_DCDC_POR_Level_0V85    POR level is 0.85V, PDR level is 0.80V
 306:../../../firmware/n32h7xx_std_periph_driver/src/n32h7xx_pwr.c **** *\*\          - PWR_DCDC_POR_Level_0V90    POR level is 0.90V, PDR level is 0.85V
 307:../../../firmware/n32h7xx_std_periph_driver/src/n32h7xx_pwr.c **** *\*\return  none
 308:../../../firmware/n32h7xx_std_periph_driver/src/n32h7xx_pwr.c **** **/
 309:../../../firmware/n32h7xx_std_periph_driver/src/n32h7xx_pwr.c **** void PWR_DCDCPORLevelConfig(SYSTEM_POWER_TYPE mode, uint32_t level) 
 310:../../../firmware/n32h7xx_std_periph_driver/src/n32h7xx_pwr.c **** {
 702              		.loc 1 310 1
 703              		.cfi_startproc
 704              		@ args = 0, pretend = 0, frame = 24
 705              		@ frame_needed = 1, uses_anonymous_args = 0
 706              		@ link register save eliminated.
 707 0000 80B4     		push	{r7}
 708              	.LCFI56:
 709              		.cfi_def_cfa_offset 4
 710              		.cfi_offset 7, -4
 711 0002 87B0     		sub	sp, sp, #28
 712              	.LCFI57:
 713              		.cfi_def_cfa_offset 32
 714 0004 00AF     		add	r7, sp, #0
 715              	.LCFI58:
 716              		.cfi_def_cfa_register 7
 717 0006 0346     		mov	r3, r0
 718 0008 3960     		str	r1, [r7]
 719 000a FB71     		strb	r3, [r7, #7]
 311:../../../firmware/n32h7xx_std_periph_driver/src/n32h7xx_pwr.c ****     __IO uint32_t* ControlRegAddr;
 312:../../../firmware/n32h7xx_std_periph_driver/src/n32h7xx_pwr.c ****     __IO uint32_t temp_value;
 313:../../../firmware/n32h7xx_std_periph_driver/src/n32h7xx_pwr.c ****     uint32_t bitoffset ;
 314:../../../firmware/n32h7xx_std_periph_driver/src/n32h7xx_pwr.c **** 
 315:../../../firmware/n32h7xx_std_periph_driver/src/n32h7xx_pwr.c ****     if(mode == SYSTEM_RUN_MODE)
 720              		.loc 1 315 7
 721 000c FB79     		ldrb	r3, [r7, #7]	@ zero_extendqisi2
 722 000e 002B     		cmp	r3, #0
ARM GAS  /tmp/ccfMwLzE.s 			page 19


 723 0010 07D1     		bne	.L49
 316:../../../firmware/n32h7xx_std_periph_driver/src/n32h7xx_pwr.c ****     {
 317:../../../firmware/n32h7xx_std_periph_driver/src/n32h7xx_pwr.c ****         bitoffset = PWR_DCDC_POR_LEVEL_OFFSET;
 724              		.loc 1 317 19
 725 0012 1023     		movs	r3, #16
 726 0014 3B61     		str	r3, [r7, #16]
 318:../../../firmware/n32h7xx_std_periph_driver/src/n32h7xx_pwr.c ****         temp_value = *(__IO uint32_t *)DCDC_ContrlBaseAddress;
 727              		.loc 1 318 22
 728 0016 114B     		ldr	r3, .L51
 729 0018 1B68     		ldr	r3, [r3]
 730              		.loc 1 318 20
 731 001a FB60     		str	r3, [r7, #12]
 319:../../../firmware/n32h7xx_std_periph_driver/src/n32h7xx_pwr.c ****         ControlRegAddr = (__IO uint32_t*)DCDC_ContrlBaseAddress;
 732              		.loc 1 319 24
 733 001c 0F4B     		ldr	r3, .L51
 734 001e 7B61     		str	r3, [r7, #20]
 735 0020 06E0     		b	.L50
 736              	.L49:
 320:../../../firmware/n32h7xx_std_periph_driver/src/n32h7xx_pwr.c ****     }
 321:../../../firmware/n32h7xx_std_periph_driver/src/n32h7xx_pwr.c ****     else
 322:../../../firmware/n32h7xx_std_periph_driver/src/n32h7xx_pwr.c ****     {
 323:../../../firmware/n32h7xx_std_periph_driver/src/n32h7xx_pwr.c ****         bitoffset = PWR_DCDC_LPPOR_LEVEL_OFFSET;
 737              		.loc 1 323 19
 738 0022 1123     		movs	r3, #17
 739 0024 3B61     		str	r3, [r7, #16]
 324:../../../firmware/n32h7xx_std_periph_driver/src/n32h7xx_pwr.c ****         ControlRegAddr = &PWR->SYSCTRL4;
 740              		.loc 1 324 24
 741 0026 0E4B     		ldr	r3, .L51+4
 742 0028 7B61     		str	r3, [r7, #20]
 325:../../../firmware/n32h7xx_std_periph_driver/src/n32h7xx_pwr.c ****         temp_value = PWR->SYSCTRL4;
 743              		.loc 1 325 25
 744 002a 0E4B     		ldr	r3, .L51+8
 745 002c 1B6D     		ldr	r3, [r3, #80]
 746              		.loc 1 325 20
 747 002e FB60     		str	r3, [r7, #12]
 748              	.L50:
 326:../../../firmware/n32h7xx_std_periph_driver/src/n32h7xx_pwr.c ****     }
 327:../../../firmware/n32h7xx_std_periph_driver/src/n32h7xx_pwr.c ****     /* Clear ALS[3:0] bits bit */
 328:../../../firmware/n32h7xx_std_periph_driver/src/n32h7xx_pwr.c ****     temp_value &= ~(PWR_DCDC_POR_Level_MASK << bitoffset);
 749              		.loc 1 328 45
 750 0030 1F22     		movs	r2, #31
 751 0032 3B69     		ldr	r3, [r7, #16]
 752 0034 02FA03F3 		lsl	r3, r2, r3
 753              		.loc 1 328 19
 754 0038 DA43     		mvns	r2, r3
 755              		.loc 1 328 16
 756 003a FB68     		ldr	r3, [r7, #12]
 757 003c 1340     		ands	r3, r3, r2
 758 003e FB60     		str	r3, [r7, #12]
 329:../../../firmware/n32h7xx_std_periph_driver/src/n32h7xx_pwr.c ****     /* Set ALS[3:0] bits according to level value */
 330:../../../firmware/n32h7xx_std_periph_driver/src/n32h7xx_pwr.c ****     temp_value |= (level << bitoffset);
 759              		.loc 1 330 26
 760 0040 3A68     		ldr	r2, [r7]
 761 0042 3B69     		ldr	r3, [r7, #16]
 762 0044 9A40     		lsls	r2, r2, r3
 763              		.loc 1 330 16
 764 0046 FB68     		ldr	r3, [r7, #12]
ARM GAS  /tmp/ccfMwLzE.s 			page 20


 765 0048 1343     		orrs	r3, r3, r2
 766 004a FB60     		str	r3, [r7, #12]
 331:../../../firmware/n32h7xx_std_periph_driver/src/n32h7xx_pwr.c ****     /* Store the new value */
 332:../../../firmware/n32h7xx_std_periph_driver/src/n32h7xx_pwr.c ****     *ControlRegAddr = temp_value;
 767              		.loc 1 332 21
 768 004c FA68     		ldr	r2, [r7, #12]
 769 004e 7B69     		ldr	r3, [r7, #20]
 770 0050 1A60     		str	r2, [r3]
 333:../../../firmware/n32h7xx_std_periph_driver/src/n32h7xx_pwr.c **** }
 771              		.loc 1 333 1
 772 0052 00BF     		nop
 773 0054 1C37     		adds	r7, r7, #28
 774              	.LCFI59:
 775              		.cfi_def_cfa_offset 4
 776 0056 BD46     		mov	sp, r7
 777              	.LCFI60:
 778              		.cfi_def_cfa_register 13
 779              		@ sp needed
 780 0058 80BC     		pop	{r7}
 781              	.LCFI61:
 782              		.cfi_restore 7
 783              		.cfi_def_cfa_offset 0
 784 005a 7047     		bx	lr
 785              	.L52:
 786              		.align	2
 787              	.L51:
 788 005c 30040058 		.word	1476396080
 789 0060 50100358 		.word	1476595792
 790 0064 00100358 		.word	1476595712
 791              		.cfi_endproc
 792              	.LFE145:
 794              		.section	.text.PWR_MLDOOutputVoltageConfig,"ax",%progbits
 795              		.align	1
 796              		.global	PWR_MLDOOutputVoltageConfig
 797              		.syntax unified
 798              		.thumb
 799              		.thumb_func
 801              	PWR_MLDOOutputVoltageConfig:
 802              	.LFB146:
 334:../../../firmware/n32h7xx_std_periph_driver/src/n32h7xx_pwr.c **** 
 335:../../../firmware/n32h7xx_std_periph_driver/src/n32h7xx_pwr.c **** /**
 336:../../../firmware/n32h7xx_std_periph_driver/src/n32h7xx_pwr.c **** *\*\name    PWR_MLDOOutputVoltageConfig.
 337:../../../firmware/n32h7xx_std_periph_driver/src/n32h7xx_pwr.c **** *\*\fun     Configure the voltage output of LDO.
 338:../../../firmware/n32h7xx_std_periph_driver/src/n32h7xx_pwr.c **** *\*\param   mode (The input parameters must be the following values):
 339:../../../firmware/n32h7xx_std_periph_driver/src/n32h7xx_pwr.c **** *\*\          - SYSTEM_RUN_MODE
 340:../../../firmware/n32h7xx_std_periph_driver/src/n32h7xx_pwr.c **** *\*\          - SYSTEM_LOW_POWER_MODE
 341:../../../firmware/n32h7xx_std_periph_driver/src/n32h7xx_pwr.c **** *\*\param   level (The input parameters must be the following values):
 342:../../../firmware/n32h7xx_std_periph_driver/src/n32h7xx_pwr.c **** *\*\          - PWR_MLDO_VOLTAGE_OUTPUT_LEVEL_0V80    LDO level is 0.80V
 343:../../../firmware/n32h7xx_std_periph_driver/src/n32h7xx_pwr.c **** *\*\          - PWR_MLDO_VOLTAGE_OUTPUT_LEVEL_0V85    LDO level is 0.85V
 344:../../../firmware/n32h7xx_std_periph_driver/src/n32h7xx_pwr.c **** *\*\          - PWR_MLDO_VOLTAGE_OUTPUT_LEVEL_0V90    LDO level is 0.90V
 345:../../../firmware/n32h7xx_std_periph_driver/src/n32h7xx_pwr.c **** *\*\return  none
 346:../../../firmware/n32h7xx_std_periph_driver/src/n32h7xx_pwr.c **** **/
 347:../../../firmware/n32h7xx_std_periph_driver/src/n32h7xx_pwr.c **** void PWR_MLDOOutputVoltageConfig(SYSTEM_POWER_TYPE mode, uint32_t level)  
 348:../../../firmware/n32h7xx_std_periph_driver/src/n32h7xx_pwr.c **** {
 803              		.loc 1 348 1
 804              		.cfi_startproc
 805              		@ args = 0, pretend = 0, frame = 16
ARM GAS  /tmp/ccfMwLzE.s 			page 21


 806              		@ frame_needed = 1, uses_anonymous_args = 0
 807              		@ link register save eliminated.
 808 0000 80B4     		push	{r7}
 809              	.LCFI62:
 810              		.cfi_def_cfa_offset 4
 811              		.cfi_offset 7, -4
 812 0002 85B0     		sub	sp, sp, #20
 813              	.LCFI63:
 814              		.cfi_def_cfa_offset 24
 815 0004 00AF     		add	r7, sp, #0
 816              	.LCFI64:
 817              		.cfi_def_cfa_register 7
 818 0006 0346     		mov	r3, r0
 819 0008 3960     		str	r1, [r7]
 820 000a FB71     		strb	r3, [r7, #7]
 349:../../../firmware/n32h7xx_std_periph_driver/src/n32h7xx_pwr.c ****     __IO uint32_t temp_value;
 350:../../../firmware/n32h7xx_std_periph_driver/src/n32h7xx_pwr.c ****     uint32_t bitoffset ;
 351:../../../firmware/n32h7xx_std_periph_driver/src/n32h7xx_pwr.c ****     /* Get the old register value */
 352:../../../firmware/n32h7xx_std_periph_driver/src/n32h7xx_pwr.c ****     temp_value = PWR->SYSCTRL4;
 821              		.loc 1 352 21
 822 000c 104B     		ldr	r3, .L56
 823 000e 1B6D     		ldr	r3, [r3, #80]
 824              		.loc 1 352 16
 825 0010 BB60     		str	r3, [r7, #8]
 353:../../../firmware/n32h7xx_std_periph_driver/src/n32h7xx_pwr.c ****     if(mode == SYSTEM_RUN_MODE)
 826              		.loc 1 353 7
 827 0012 FB79     		ldrb	r3, [r7, #7]	@ zero_extendqisi2
 828 0014 002B     		cmp	r3, #0
 829 0016 02D1     		bne	.L54
 354:../../../firmware/n32h7xx_std_periph_driver/src/n32h7xx_pwr.c ****     {
 355:../../../firmware/n32h7xx_std_periph_driver/src/n32h7xx_pwr.c ****         bitoffset = PWR_MLDO_VOLT_OUTPUT_LEVEL_OFFSET;
 830              		.loc 1 355 19
 831 0018 0823     		movs	r3, #8
 832 001a FB60     		str	r3, [r7, #12]
 833 001c 01E0     		b	.L55
 834              	.L54:
 356:../../../firmware/n32h7xx_std_periph_driver/src/n32h7xx_pwr.c ****     }
 357:../../../firmware/n32h7xx_std_periph_driver/src/n32h7xx_pwr.c ****     else
 358:../../../firmware/n32h7xx_std_periph_driver/src/n32h7xx_pwr.c ****     {
 359:../../../firmware/n32h7xx_std_periph_driver/src/n32h7xx_pwr.c ****         bitoffset = PWR_MLDO_LP_VOLT_OUTPUT_LEVEL_OFFSET;
 835              		.loc 1 359 19
 836 001e 0A23     		movs	r3, #10
 837 0020 FB60     		str	r3, [r7, #12]
 838              	.L55:
 360:../../../firmware/n32h7xx_std_periph_driver/src/n32h7xx_pwr.c ****     }
 361:../../../firmware/n32h7xx_std_periph_driver/src/n32h7xx_pwr.c ****     /* Clear ALS[3:0] bits bit */
 362:../../../firmware/n32h7xx_std_periph_driver/src/n32h7xx_pwr.c ****     temp_value &= ~(PWR_MLDO_VOLTAGE_OUTPUT_LEVEL_MASK << bitoffset);
 839              		.loc 1 362 56
 840 0022 0322     		movs	r2, #3
 841 0024 FB68     		ldr	r3, [r7, #12]
 842 0026 02FA03F3 		lsl	r3, r2, r3
 843              		.loc 1 362 19
 844 002a DA43     		mvns	r2, r3
 845              		.loc 1 362 16
 846 002c BB68     		ldr	r3, [r7, #8]
 847 002e 1340     		ands	r3, r3, r2
 848 0030 BB60     		str	r3, [r7, #8]
ARM GAS  /tmp/ccfMwLzE.s 			page 22


 363:../../../firmware/n32h7xx_std_periph_driver/src/n32h7xx_pwr.c ****     /* Set ALS[3:0] bits according to level value */
 364:../../../firmware/n32h7xx_std_periph_driver/src/n32h7xx_pwr.c ****     temp_value |= (level << bitoffset);
 849              		.loc 1 364 26
 850 0032 3A68     		ldr	r2, [r7]
 851 0034 FB68     		ldr	r3, [r7, #12]
 852 0036 9A40     		lsls	r2, r2, r3
 853              		.loc 1 364 16
 854 0038 BB68     		ldr	r3, [r7, #8]
 855 003a 1343     		orrs	r3, r3, r2
 856 003c BB60     		str	r3, [r7, #8]
 365:../../../firmware/n32h7xx_std_periph_driver/src/n32h7xx_pwr.c ****     /* Store the new value */
 366:../../../firmware/n32h7xx_std_periph_driver/src/n32h7xx_pwr.c ****     PWR->SYSCTRL4 = temp_value;
 857              		.loc 1 366 8
 858 003e 044A     		ldr	r2, .L56
 859              		.loc 1 366 19
 860 0040 BB68     		ldr	r3, [r7, #8]
 861 0042 1365     		str	r3, [r2, #80]
 367:../../../firmware/n32h7xx_std_periph_driver/src/n32h7xx_pwr.c **** }
 862              		.loc 1 367 1
 863 0044 00BF     		nop
 864 0046 1437     		adds	r7, r7, #20
 865              	.LCFI65:
 866              		.cfi_def_cfa_offset 4
 867 0048 BD46     		mov	sp, r7
 868              	.LCFI66:
 869              		.cfi_def_cfa_register 13
 870              		@ sp needed
 871 004a 80BC     		pop	{r7}
 872              	.LCFI67:
 873              		.cfi_restore 7
 874              		.cfi_def_cfa_offset 0
 875 004c 7047     		bx	lr
 876              	.L57:
 877 004e 00BF     		.align	2
 878              	.L56:
 879 0050 00100358 		.word	1476595712
 880              		.cfi_endproc
 881              	.LFE146:
 883              		.section	.text.PWR_DCDCOutputVoltageConfig,"ax",%progbits
 884              		.align	1
 885              		.global	PWR_DCDCOutputVoltageConfig
 886              		.syntax unified
 887              		.thumb
 888              		.thumb_func
 890              	PWR_DCDCOutputVoltageConfig:
 891              	.LFB147:
 368:../../../firmware/n32h7xx_std_periph_driver/src/n32h7xx_pwr.c **** 
 369:../../../firmware/n32h7xx_std_periph_driver/src/n32h7xx_pwr.c **** /**
 370:../../../firmware/n32h7xx_std_periph_driver/src/n32h7xx_pwr.c **** *\*\name    PWR_DCDCOutputVoltageConfig.
 371:../../../firmware/n32h7xx_std_periph_driver/src/n32h7xx_pwr.c **** *\*\fun     Configure the voltage output of DCDC.
 372:../../../firmware/n32h7xx_std_periph_driver/src/n32h7xx_pwr.c **** *\*\param   mode (The input parameters must be the following values):
 373:../../../firmware/n32h7xx_std_periph_driver/src/n32h7xx_pwr.c **** *\*\          - SYSTEM_RUN_MODE
 374:../../../firmware/n32h7xx_std_periph_driver/src/n32h7xx_pwr.c **** *\*\          - SYSTEM_LOW_POWER_MODE
 375:../../../firmware/n32h7xx_std_periph_driver/src/n32h7xx_pwr.c **** *\*\param   level (The input parameters must be the following values):
 376:../../../firmware/n32h7xx_std_periph_driver/src/n32h7xx_pwr.c **** *\*\          - PWR_DCDC_VOLTAGE_OUTPUT_LEVEL_0V80    DCDC level is 0.80V
 377:../../../firmware/n32h7xx_std_periph_driver/src/n32h7xx_pwr.c **** *\*\          - PWR_DCDC_VOLTAGE_OUTPUT_LEVEL_0V85    DCDC level is 0.85V
 378:../../../firmware/n32h7xx_std_periph_driver/src/n32h7xx_pwr.c **** *\*\          - PWR_DCDC_VOLTAGE_OUTPUT_LEVEL_0V90    DCDC level is 0.90V
ARM GAS  /tmp/ccfMwLzE.s 			page 23


 379:../../../firmware/n32h7xx_std_periph_driver/src/n32h7xx_pwr.c **** *\*\return  none
 380:../../../firmware/n32h7xx_std_periph_driver/src/n32h7xx_pwr.c **** **/
 381:../../../firmware/n32h7xx_std_periph_driver/src/n32h7xx_pwr.c **** void PWR_DCDCOutputVoltageConfig(SYSTEM_POWER_TYPE mode, uint32_t level) 
 382:../../../firmware/n32h7xx_std_periph_driver/src/n32h7xx_pwr.c **** {
 892              		.loc 1 382 1
 893              		.cfi_startproc
 894              		@ args = 0, pretend = 0, frame = 24
 895              		@ frame_needed = 1, uses_anonymous_args = 0
 896              		@ link register save eliminated.
 897 0000 80B4     		push	{r7}
 898              	.LCFI68:
 899              		.cfi_def_cfa_offset 4
 900              		.cfi_offset 7, -4
 901 0002 87B0     		sub	sp, sp, #28
 902              	.LCFI69:
 903              		.cfi_def_cfa_offset 32
 904 0004 00AF     		add	r7, sp, #0
 905              	.LCFI70:
 906              		.cfi_def_cfa_register 7
 907 0006 0346     		mov	r3, r0
 908 0008 3960     		str	r1, [r7]
 909 000a FB71     		strb	r3, [r7, #7]
 383:../../../firmware/n32h7xx_std_periph_driver/src/n32h7xx_pwr.c ****     __IO uint32_t* ControlRegAddr;
 384:../../../firmware/n32h7xx_std_periph_driver/src/n32h7xx_pwr.c ****     __IO uint32_t temp_value;
 385:../../../firmware/n32h7xx_std_periph_driver/src/n32h7xx_pwr.c ****     uint32_t bitoffset ;
 386:../../../firmware/n32h7xx_std_periph_driver/src/n32h7xx_pwr.c ****     
 387:../../../firmware/n32h7xx_std_periph_driver/src/n32h7xx_pwr.c ****     if(mode == SYSTEM_RUN_MODE)
 910              		.loc 1 387 7
 911 000c FB79     		ldrb	r3, [r7, #7]	@ zero_extendqisi2
 912 000e 002B     		cmp	r3, #0
 913 0010 07D1     		bne	.L59
 388:../../../firmware/n32h7xx_std_periph_driver/src/n32h7xx_pwr.c ****     {
 389:../../../firmware/n32h7xx_std_periph_driver/src/n32h7xx_pwr.c ****         bitoffset = PWR_DCDC_VOLT_OUTPUT_LEVEL_OFFSET;
 914              		.loc 1 389 19
 915 0012 0823     		movs	r3, #8
 916 0014 3B61     		str	r3, [r7, #16]
 390:../../../firmware/n32h7xx_std_periph_driver/src/n32h7xx_pwr.c ****         temp_value = *(__IO uint32_t *)DCDC_ContrlBaseAddress;
 917              		.loc 1 390 22
 918 0016 114B     		ldr	r3, .L61
 919 0018 1B68     		ldr	r3, [r3]
 920              		.loc 1 390 20
 921 001a FB60     		str	r3, [r7, #12]
 391:../../../firmware/n32h7xx_std_periph_driver/src/n32h7xx_pwr.c ****         ControlRegAddr = (__IO uint32_t*)DCDC_ContrlBaseAddress;
 922              		.loc 1 391 24
 923 001c 0F4B     		ldr	r3, .L61
 924 001e 7B61     		str	r3, [r7, #20]
 925 0020 06E0     		b	.L60
 926              	.L59:
 392:../../../firmware/n32h7xx_std_periph_driver/src/n32h7xx_pwr.c ****     }
 393:../../../firmware/n32h7xx_std_periph_driver/src/n32h7xx_pwr.c ****     else
 394:../../../firmware/n32h7xx_std_periph_driver/src/n32h7xx_pwr.c ****     {
 395:../../../firmware/n32h7xx_std_periph_driver/src/n32h7xx_pwr.c ****         bitoffset = PWR_DCDC_LP_VOLT_OUTPUT_LEVEL_OFFSET;
 927              		.loc 1 395 19
 928 0022 1823     		movs	r3, #24
 929 0024 3B61     		str	r3, [r7, #16]
 396:../../../firmware/n32h7xx_std_periph_driver/src/n32h7xx_pwr.c ****         ControlRegAddr = &PWR->SYSCTRL4;
 930              		.loc 1 396 24
ARM GAS  /tmp/ccfMwLzE.s 			page 24


 931 0026 0E4B     		ldr	r3, .L61+4
 932 0028 7B61     		str	r3, [r7, #20]
 397:../../../firmware/n32h7xx_std_periph_driver/src/n32h7xx_pwr.c ****         temp_value = PWR->SYSCTRL4;
 933              		.loc 1 397 25
 934 002a 0E4B     		ldr	r3, .L61+8
 935 002c 1B6D     		ldr	r3, [r3, #80]
 936              		.loc 1 397 20
 937 002e FB60     		str	r3, [r7, #12]
 938              	.L60:
 398:../../../firmware/n32h7xx_std_periph_driver/src/n32h7xx_pwr.c ****     }
 399:../../../firmware/n32h7xx_std_periph_driver/src/n32h7xx_pwr.c ****     /* Clear ALS[3:0] bits bit */
 400:../../../firmware/n32h7xx_std_periph_driver/src/n32h7xx_pwr.c ****     temp_value &= ~(PWR_DCDC_VOLTAGE_OUTPUT_LEVEL_MASK << bitoffset);
 939              		.loc 1 400 56
 940 0030 0F22     		movs	r2, #15
 941 0032 3B69     		ldr	r3, [r7, #16]
 942 0034 02FA03F3 		lsl	r3, r2, r3
 943              		.loc 1 400 19
 944 0038 DA43     		mvns	r2, r3
 945              		.loc 1 400 16
 946 003a FB68     		ldr	r3, [r7, #12]
 947 003c 1340     		ands	r3, r3, r2
 948 003e FB60     		str	r3, [r7, #12]
 401:../../../firmware/n32h7xx_std_periph_driver/src/n32h7xx_pwr.c ****     /* Set ALS[3:0] bits according to level value */
 402:../../../firmware/n32h7xx_std_periph_driver/src/n32h7xx_pwr.c ****     temp_value |= (level << bitoffset);
 949              		.loc 1 402 26
 950 0040 3A68     		ldr	r2, [r7]
 951 0042 3B69     		ldr	r3, [r7, #16]
 952 0044 9A40     		lsls	r2, r2, r3
 953              		.loc 1 402 16
 954 0046 FB68     		ldr	r3, [r7, #12]
 955 0048 1343     		orrs	r3, r3, r2
 956 004a FB60     		str	r3, [r7, #12]
 403:../../../firmware/n32h7xx_std_periph_driver/src/n32h7xx_pwr.c ****     /* Store the new value */
 404:../../../firmware/n32h7xx_std_periph_driver/src/n32h7xx_pwr.c ****     *ControlRegAddr = temp_value;
 957              		.loc 1 404 21
 958 004c FA68     		ldr	r2, [r7, #12]
 959 004e 7B69     		ldr	r3, [r7, #20]
 960 0050 1A60     		str	r2, [r3]
 405:../../../firmware/n32h7xx_std_periph_driver/src/n32h7xx_pwr.c **** }
 961              		.loc 1 405 1
 962 0052 00BF     		nop
 963 0054 1C37     		adds	r7, r7, #28
 964              	.LCFI71:
 965              		.cfi_def_cfa_offset 4
 966 0056 BD46     		mov	sp, r7
 967              	.LCFI72:
 968              		.cfi_def_cfa_register 13
 969              		@ sp needed
 970 0058 80BC     		pop	{r7}
 971              	.LCFI73:
 972              		.cfi_restore 7
 973              		.cfi_def_cfa_offset 0
 974 005a 7047     		bx	lr
 975              	.L62:
 976              		.align	2
 977              	.L61:
 978 005c 30040058 		.word	1476396080
ARM GAS  /tmp/ccfMwLzE.s 			page 25


 979 0060 50100358 		.word	1476595792
 980 0064 00100358 		.word	1476595712
 981              		.cfi_endproc
 982              	.LFE147:
 984              		.section	.text.PWR_BKPLDOOutputVoltageConfig,"ax",%progbits
 985              		.align	1
 986              		.global	PWR_BKPLDOOutputVoltageConfig
 987              		.syntax unified
 988              		.thumb
 989              		.thumb_func
 991              	PWR_BKPLDOOutputVoltageConfig:
 992              	.LFB148:
 406:../../../firmware/n32h7xx_std_periph_driver/src/n32h7xx_pwr.c **** 
 407:../../../firmware/n32h7xx_std_periph_driver/src/n32h7xx_pwr.c **** /**
 408:../../../firmware/n32h7xx_std_periph_driver/src/n32h7xx_pwr.c **** *\*\name    PWR_BKPLDOOutputVoltageConfig.
 409:../../../firmware/n32h7xx_std_periph_driver/src/n32h7xx_pwr.c **** *\*\fun     Configure the voltage output of BKPLDO.
 410:../../../firmware/n32h7xx_std_periph_driver/src/n32h7xx_pwr.c **** *\*\param   mode (The input parameters must be the following values):
 411:../../../firmware/n32h7xx_std_periph_driver/src/n32h7xx_pwr.c **** *\*\          - SYSTEM_RUN_MODE
 412:../../../firmware/n32h7xx_std_periph_driver/src/n32h7xx_pwr.c **** *\*\          - SYSTEM_LOW_POWER_MODE
 413:../../../firmware/n32h7xx_std_periph_driver/src/n32h7xx_pwr.c **** *\*\param   level (The input parameters must be the following values):
 414:../../../firmware/n32h7xx_std_periph_driver/src/n32h7xx_pwr.c **** *\*\          - PWR_BKPLDO_VOLTAGE_OUTPUT_LEVEL_0V80    BKPLDO level is 0.80V
 415:../../../firmware/n32h7xx_std_periph_driver/src/n32h7xx_pwr.c **** *\*\          - PWR_BKPLDO_VOLTAGE_OUTPUT_LEVEL_0V90    BKPLDO level is 0.90V
 416:../../../firmware/n32h7xx_std_periph_driver/src/n32h7xx_pwr.c **** *\*\return  none
 417:../../../firmware/n32h7xx_std_periph_driver/src/n32h7xx_pwr.c **** **/
 418:../../../firmware/n32h7xx_std_periph_driver/src/n32h7xx_pwr.c **** void PWR_BKPLDOOutputVoltageConfig(SYSTEM_POWER_TYPE mode, uint32_t level) 
 419:../../../firmware/n32h7xx_std_periph_driver/src/n32h7xx_pwr.c **** {
 993              		.loc 1 419 1
 994              		.cfi_startproc
 995              		@ args = 0, pretend = 0, frame = 16
 996              		@ frame_needed = 1, uses_anonymous_args = 0
 997              		@ link register save eliminated.
 998 0000 80B4     		push	{r7}
 999              	.LCFI74:
 1000              		.cfi_def_cfa_offset 4
 1001              		.cfi_offset 7, -4
 1002 0002 85B0     		sub	sp, sp, #20
 1003              	.LCFI75:
 1004              		.cfi_def_cfa_offset 24
 1005 0004 00AF     		add	r7, sp, #0
 1006              	.LCFI76:
 1007              		.cfi_def_cfa_register 7
 1008 0006 0346     		mov	r3, r0
 1009 0008 3960     		str	r1, [r7]
 1010 000a FB71     		strb	r3, [r7, #7]
 420:../../../firmware/n32h7xx_std_periph_driver/src/n32h7xx_pwr.c ****     __IO uint32_t temp_value;
 421:../../../firmware/n32h7xx_std_periph_driver/src/n32h7xx_pwr.c ****     uint32_t bitoffset ;
 422:../../../firmware/n32h7xx_std_periph_driver/src/n32h7xx_pwr.c ****     /* Get the old register value */
 423:../../../firmware/n32h7xx_std_periph_driver/src/n32h7xx_pwr.c ****     temp_value = PWR->SYSCTRL4;
 1011              		.loc 1 423 21
 1012 000c 104B     		ldr	r3, .L66
 1013 000e 1B6D     		ldr	r3, [r3, #80]
 1014              		.loc 1 423 16
 1015 0010 BB60     		str	r3, [r7, #8]
 424:../../../firmware/n32h7xx_std_periph_driver/src/n32h7xx_pwr.c ****     if(mode == SYSTEM_RUN_MODE)
 1016              		.loc 1 424 7
 1017 0012 FB79     		ldrb	r3, [r7, #7]	@ zero_extendqisi2
 1018 0014 002B     		cmp	r3, #0
ARM GAS  /tmp/ccfMwLzE.s 			page 26


 1019 0016 02D1     		bne	.L64
 425:../../../firmware/n32h7xx_std_periph_driver/src/n32h7xx_pwr.c ****     {
 426:../../../firmware/n32h7xx_std_periph_driver/src/n32h7xx_pwr.c ****         bitoffset = PWR_BKPLDO_VOLT_OUTPUT_LEVEL_OFFSET;
 1020              		.loc 1 426 19
 1021 0018 0F23     		movs	r3, #15
 1022 001a FB60     		str	r3, [r7, #12]
 1023 001c 01E0     		b	.L65
 1024              	.L64:
 427:../../../firmware/n32h7xx_std_periph_driver/src/n32h7xx_pwr.c ****     }
 428:../../../firmware/n32h7xx_std_periph_driver/src/n32h7xx_pwr.c ****     else
 429:../../../firmware/n32h7xx_std_periph_driver/src/n32h7xx_pwr.c ****     {
 430:../../../firmware/n32h7xx_std_periph_driver/src/n32h7xx_pwr.c ****         bitoffset = PWR_BKPLDO_LP_VOLT_OUTPUT_LEVEL_OFFSET;
 1025              		.loc 1 430 19
 1026 001e 1023     		movs	r3, #16
 1027 0020 FB60     		str	r3, [r7, #12]
 1028              	.L65:
 431:../../../firmware/n32h7xx_std_periph_driver/src/n32h7xx_pwr.c ****     }
 432:../../../firmware/n32h7xx_std_periph_driver/src/n32h7xx_pwr.c ****     /* Clear bits bit */
 433:../../../firmware/n32h7xx_std_periph_driver/src/n32h7xx_pwr.c ****     temp_value &= ~(PWR_BKPLDO_VOLTAGE_OUTPUT_LEVEL_MASK << bitoffset);
 1029              		.loc 1 433 58
 1030 0022 0122     		movs	r2, #1
 1031 0024 FB68     		ldr	r3, [r7, #12]
 1032 0026 02FA03F3 		lsl	r3, r2, r3
 1033              		.loc 1 433 19
 1034 002a DA43     		mvns	r2, r3
 1035              		.loc 1 433 16
 1036 002c BB68     		ldr	r3, [r7, #8]
 1037 002e 1340     		ands	r3, r3, r2
 1038 0030 BB60     		str	r3, [r7, #8]
 434:../../../firmware/n32h7xx_std_periph_driver/src/n32h7xx_pwr.c ****     /* Set bits according to level value */
 435:../../../firmware/n32h7xx_std_periph_driver/src/n32h7xx_pwr.c ****     temp_value |= (level << bitoffset);
 1039              		.loc 1 435 26
 1040 0032 3A68     		ldr	r2, [r7]
 1041 0034 FB68     		ldr	r3, [r7, #12]
 1042 0036 9A40     		lsls	r2, r2, r3
 1043              		.loc 1 435 16
 1044 0038 BB68     		ldr	r3, [r7, #8]
 1045 003a 1343     		orrs	r3, r3, r2
 1046 003c BB60     		str	r3, [r7, #8]
 436:../../../firmware/n32h7xx_std_periph_driver/src/n32h7xx_pwr.c ****     /* Store the new value */
 437:../../../firmware/n32h7xx_std_periph_driver/src/n32h7xx_pwr.c ****     PWR->SYSCTRL4 = temp_value;
 1047              		.loc 1 437 8
 1048 003e 044A     		ldr	r2, .L66
 1049              		.loc 1 437 19
 1050 0040 BB68     		ldr	r3, [r7, #8]
 1051 0042 1365     		str	r3, [r2, #80]
 438:../../../firmware/n32h7xx_std_periph_driver/src/n32h7xx_pwr.c **** }
 1052              		.loc 1 438 1
 1053 0044 00BF     		nop
 1054 0046 1437     		adds	r7, r7, #20
 1055              	.LCFI77:
 1056              		.cfi_def_cfa_offset 4
 1057 0048 BD46     		mov	sp, r7
 1058              	.LCFI78:
 1059              		.cfi_def_cfa_register 13
 1060              		@ sp needed
 1061 004a 80BC     		pop	{r7}
ARM GAS  /tmp/ccfMwLzE.s 			page 27


 1062              	.LCFI79:
 1063              		.cfi_restore 7
 1064              		.cfi_def_cfa_offset 0
 1065 004c 7047     		bx	lr
 1066              	.L67:
 1067 004e 00BF     		.align	2
 1068              	.L66:
 1069 0050 00100358 		.word	1476595712
 1070              		.cfi_endproc
 1071              	.LFE148:
 1073              		.section	.text.PWR_EnableLPMRVoltageOutput,"ax",%progbits
 1074              		.align	1
 1075              		.global	PWR_EnableLPMRVoltageOutput
 1076              		.syntax unified
 1077              		.thumb
 1078              		.thumb_func
 1080              	PWR_EnableLPMRVoltageOutput:
 1081              	.LFB149:
 439:../../../firmware/n32h7xx_std_periph_driver/src/n32h7xx_pwr.c **** 
 440:../../../firmware/n32h7xx_std_periph_driver/src/n32h7xx_pwr.c **** /**
 441:../../../firmware/n32h7xx_std_periph_driver/src/n32h7xx_pwr.c **** *\*\name    PWR_EnableLPMRVoltageOutput.
 442:../../../firmware/n32h7xx_std_periph_driver/src/n32h7xx_pwr.c **** *\*\fun     Enables or disables the Voltage scaling of MR in Low power mode.
 443:../../../firmware/n32h7xx_std_periph_driver/src/n32h7xx_pwr.c **** *\*\param   Cmd: 
 444:../../../firmware/n32h7xx_std_periph_driver/src/n32h7xx_pwr.c **** *\*\          - ENABLE  
 445:../../../firmware/n32h7xx_std_periph_driver/src/n32h7xx_pwr.c **** *\*\          - DISABLE 
 446:../../../firmware/n32h7xx_std_periph_driver/src/n32h7xx_pwr.c **** *\*\return  none
 447:../../../firmware/n32h7xx_std_periph_driver/src/n32h7xx_pwr.c **** **/
 448:../../../firmware/n32h7xx_std_periph_driver/src/n32h7xx_pwr.c **** void PWR_EnableLPMRVoltageOutput(FunctionalState Cmd)
 449:../../../firmware/n32h7xx_std_periph_driver/src/n32h7xx_pwr.c **** {
 1082              		.loc 1 449 1
 1083              		.cfi_startproc
 1084              		@ args = 0, pretend = 0, frame = 8
 1085              		@ frame_needed = 1, uses_anonymous_args = 0
 1086              		@ link register save eliminated.
 1087 0000 80B4     		push	{r7}
 1088              	.LCFI80:
 1089              		.cfi_def_cfa_offset 4
 1090              		.cfi_offset 7, -4
 1091 0002 83B0     		sub	sp, sp, #12
 1092              	.LCFI81:
 1093              		.cfi_def_cfa_offset 16
 1094 0004 00AF     		add	r7, sp, #0
 1095              	.LCFI82:
 1096              		.cfi_def_cfa_register 7
 1097 0006 0346     		mov	r3, r0
 1098 0008 FB71     		strb	r3, [r7, #7]
 450:../../../firmware/n32h7xx_std_periph_driver/src/n32h7xx_pwr.c ****     if(Cmd == ENABLE)
 1099              		.loc 1 450 7
 1100 000a FB79     		ldrb	r3, [r7, #7]	@ zero_extendqisi2
 1101 000c 012B     		cmp	r3, #1
 1102 000e 06D1     		bne	.L69
 451:../../../firmware/n32h7xx_std_periph_driver/src/n32h7xx_pwr.c ****     {
 452:../../../firmware/n32h7xx_std_periph_driver/src/n32h7xx_pwr.c ****         PWR->SYSCTRL4 |= PWR_MR_LPVSELEN;
 1103              		.loc 1 452 12
 1104 0010 084B     		ldr	r3, .L72
 1105 0012 1B6D     		ldr	r3, [r3, #80]
 1106 0014 074A     		ldr	r2, .L72
ARM GAS  /tmp/ccfMwLzE.s 			page 28


 1107              		.loc 1 452 23
 1108 0016 43F00053 		orr	r3, r3, #536870912
 1109 001a 1365     		str	r3, [r2, #80]
 453:../../../firmware/n32h7xx_std_periph_driver/src/n32h7xx_pwr.c ****     }
 454:../../../firmware/n32h7xx_std_periph_driver/src/n32h7xx_pwr.c ****     else
 455:../../../firmware/n32h7xx_std_periph_driver/src/n32h7xx_pwr.c ****     {
 456:../../../firmware/n32h7xx_std_periph_driver/src/n32h7xx_pwr.c ****         PWR->SYSCTRL4 &= ~PWR_MR_LPVSELEN;
 457:../../../firmware/n32h7xx_std_periph_driver/src/n32h7xx_pwr.c ****     }
 458:../../../firmware/n32h7xx_std_periph_driver/src/n32h7xx_pwr.c **** }
 1110              		.loc 1 458 1
 1111 001c 05E0     		b	.L71
 1112              	.L69:
 456:../../../firmware/n32h7xx_std_periph_driver/src/n32h7xx_pwr.c ****     }
 1113              		.loc 1 456 12
 1114 001e 054B     		ldr	r3, .L72
 1115 0020 1B6D     		ldr	r3, [r3, #80]
 1116 0022 044A     		ldr	r2, .L72
 456:../../../firmware/n32h7xx_std_periph_driver/src/n32h7xx_pwr.c ****     }
 1117              		.loc 1 456 23
 1118 0024 23F00053 		bic	r3, r3, #536870912
 1119 0028 1365     		str	r3, [r2, #80]
 1120              	.L71:
 1121              		.loc 1 458 1
 1122 002a 00BF     		nop
 1123 002c 0C37     		adds	r7, r7, #12
 1124              	.LCFI83:
 1125              		.cfi_def_cfa_offset 4
 1126 002e BD46     		mov	sp, r7
 1127              	.LCFI84:
 1128              		.cfi_def_cfa_register 13
 1129              		@ sp needed
 1130 0030 80BC     		pop	{r7}
 1131              	.LCFI85:
 1132              		.cfi_restore 7
 1133              		.cfi_def_cfa_offset 0
 1134 0032 7047     		bx	lr
 1135              	.L73:
 1136              		.align	2
 1137              	.L72:
 1138 0034 00100358 		.word	1476595712
 1139              		.cfi_endproc
 1140              	.LFE149:
 1142              		.section	.text.PWR_EnableOPTC_LPMode,"ax",%progbits
 1143              		.align	1
 1144              		.global	PWR_EnableOPTC_LPMode
 1145              		.syntax unified
 1146              		.thumb
 1147              		.thumb_func
 1149              	PWR_EnableOPTC_LPMode:
 1150              	.LFB150:
 459:../../../firmware/n32h7xx_std_periph_driver/src/n32h7xx_pwr.c **** /**
 460:../../../firmware/n32h7xx_std_periph_driver/src/n32h7xx_pwr.c **** *\*\name    PWR_EnableOPTC_LPMode.
 461:../../../firmware/n32h7xx_std_periph_driver/src/n32h7xx_pwr.c **** *\*\fun     Configure the OPTC PWR Mode.
 462:../../../firmware/n32h7xx_std_periph_driver/src/n32h7xx_pwr.c **** *\*\param   ChipStatus (The input parameters must be the following values):
 463:../../../firmware/n32h7xx_std_periph_driver/src/n32h7xx_pwr.c **** *\*\          - PWR_SYSTEM_RUN 
 464:../../../firmware/n32h7xx_std_periph_driver/src/n32h7xx_pwr.c **** *\*\          - PWR_SYSTEM_STOP0 
 465:../../../firmware/n32h7xx_std_periph_driver/src/n32h7xx_pwr.c **** *\*\          - PWR_SYSTEM_STOP2 
ARM GAS  /tmp/ccfMwLzE.s 			page 29


 466:../../../firmware/n32h7xx_std_periph_driver/src/n32h7xx_pwr.c **** *\*\param   OPTC_Mode :
 467:../../../firmware/n32h7xx_std_periph_driver/src/n32h7xx_pwr.c **** *\*\          - OPTC_POWER_ENTER_STANDBY_MODE
 468:../../../firmware/n32h7xx_std_periph_driver/src/n32h7xx_pwr.c **** *\*\          - OPTC_POWER_ENTER_DEEPSTANDBY_MODE 
 469:../../../firmware/n32h7xx_std_periph_driver/src/n32h7xx_pwr.c **** *\*\          - OPTC_POWER_ENTER_RUN_MODE 
 470:../../../firmware/n32h7xx_std_periph_driver/src/n32h7xx_pwr.c **** *\*\param   Cmd :
 471:../../../firmware/n32h7xx_std_periph_driver/src/n32h7xx_pwr.c **** *\*\          - ENABLE
 472:../../../firmware/n32h7xx_std_periph_driver/src/n32h7xx_pwr.c **** *\*\          - DISABLE 
 473:../../../firmware/n32h7xx_std_periph_driver/src/n32h7xx_pwr.c **** *\*\return  none
 474:../../../firmware/n32h7xx_std_periph_driver/src/n32h7xx_pwr.c **** **/
 475:../../../firmware/n32h7xx_std_periph_driver/src/n32h7xx_pwr.c **** void PWR_EnableOPTC_LPMode(SYSTEM_OPTC_STATUS ChipStatus, uint32_t OPTC_Mode, FunctionalState Cmd)
 476:../../../firmware/n32h7xx_std_periph_driver/src/n32h7xx_pwr.c **** {
 1151              		.loc 1 476 1
 1152              		.cfi_startproc
 1153              		@ args = 0, pretend = 0, frame = 16
 1154              		@ frame_needed = 1, uses_anonymous_args = 0
 1155              		@ link register save eliminated.
 1156 0000 80B4     		push	{r7}
 1157              	.LCFI86:
 1158              		.cfi_def_cfa_offset 4
 1159              		.cfi_offset 7, -4
 1160 0002 85B0     		sub	sp, sp, #20
 1161              	.LCFI87:
 1162              		.cfi_def_cfa_offset 24
 1163 0004 00AF     		add	r7, sp, #0
 1164              	.LCFI88:
 1165              		.cfi_def_cfa_register 7
 1166 0006 0346     		mov	r3, r0
 1167 0008 3960     		str	r1, [r7]
 1168 000a FB71     		strb	r3, [r7, #7]
 1169 000c 1346     		mov	r3, r2
 1170 000e BB71     		strb	r3, [r7, #6]
 477:../../../firmware/n32h7xx_std_periph_driver/src/n32h7xx_pwr.c ****     __IO uint32_t tempreg;
 478:../../../firmware/n32h7xx_std_periph_driver/src/n32h7xx_pwr.c ****     /* Get the old register value */
 479:../../../firmware/n32h7xx_std_periph_driver/src/n32h7xx_pwr.c ****     tempreg = PWR->SYSCTRL2;
 1171              		.loc 1 479 18
 1172 0010 224B     		ldr	r3, .L81
 1173 0012 9B6C     		ldr	r3, [r3, #72]
 1174              		.loc 1 479 13
 1175 0014 FB60     		str	r3, [r7, #12]
 480:../../../firmware/n32h7xx_std_periph_driver/src/n32h7xx_pwr.c ****     if(Cmd == ENABLE)
 1176              		.loc 1 480 7
 1177 0016 BB79     		ldrb	r3, [r7, #6]	@ zero_extendqisi2
 1178 0018 012B     		cmp	r3, #1
 1179 001a 23D1     		bne	.L75
 481:../../../firmware/n32h7xx_std_periph_driver/src/n32h7xx_pwr.c ****     {
 482:../../../firmware/n32h7xx_std_periph_driver/src/n32h7xx_pwr.c ****         if(ChipStatus == PWR_SYSTEM_RUN)
 1180              		.loc 1 482 11
 1181 001c FB79     		ldrb	r3, [r7, #7]	@ zero_extendqisi2
 1182 001e 002B     		cmp	r3, #0
 1183 0020 09D1     		bne	.L76
 483:../../../firmware/n32h7xx_std_periph_driver/src/n32h7xx_pwr.c ****         {
 484:../../../firmware/n32h7xx_std_periph_driver/src/n32h7xx_pwr.c ****             /* Clear the old  value */
 485:../../../firmware/n32h7xx_std_periph_driver/src/n32h7xx_pwr.c ****             tempreg &= (~(OPTC_POWER_ENTER_MODE_MASK<<22U));
 1184              		.loc 1 485 21
 1185 0022 FB68     		ldr	r3, [r7, #12]
 1186 0024 23F44003 		bic	r3, r3, #12582912
 1187 0028 FB60     		str	r3, [r7, #12]
ARM GAS  /tmp/ccfMwLzE.s 			page 30


 486:../../../firmware/n32h7xx_std_periph_driver/src/n32h7xx_pwr.c ****             /* Set the new values */
 487:../../../firmware/n32h7xx_std_periph_driver/src/n32h7xx_pwr.c ****             tempreg |= (OPTC_Mode << 22U);    
 1188              		.loc 1 487 35
 1189 002a 3B68     		ldr	r3, [r7]
 1190 002c 9A05     		lsls	r2, r3, #22
 1191              		.loc 1 487 21
 1192 002e FB68     		ldr	r3, [r7, #12]
 1193 0030 1343     		orrs	r3, r3, r2
 1194 0032 FB60     		str	r3, [r7, #12]
 1195 0034 2AE0     		b	.L77
 1196              	.L76:
 488:../../../firmware/n32h7xx_std_periph_driver/src/n32h7xx_pwr.c ****         }
 489:../../../firmware/n32h7xx_std_periph_driver/src/n32h7xx_pwr.c ****         else if(ChipStatus == PWR_SYSTEM_STOP0)
 1197              		.loc 1 489 16
 1198 0036 FB79     		ldrb	r3, [r7, #7]	@ zero_extendqisi2
 1199 0038 012B     		cmp	r3, #1
 1200 003a 09D1     		bne	.L78
 490:../../../firmware/n32h7xx_std_periph_driver/src/n32h7xx_pwr.c ****         {
 491:../../../firmware/n32h7xx_std_periph_driver/src/n32h7xx_pwr.c ****             /* Clear the old  value */
 492:../../../firmware/n32h7xx_std_periph_driver/src/n32h7xx_pwr.c ****             tempreg &= (~(OPTC_POWER_ENTER_MODE_MASK<<20U));
 1201              		.loc 1 492 21
 1202 003c FB68     		ldr	r3, [r7, #12]
 1203 003e 23F44013 		bic	r3, r3, #3145728
 1204 0042 FB60     		str	r3, [r7, #12]
 493:../../../firmware/n32h7xx_std_periph_driver/src/n32h7xx_pwr.c ****             /* Set the new values */
 494:../../../firmware/n32h7xx_std_periph_driver/src/n32h7xx_pwr.c ****             tempreg |= (OPTC_Mode << 20U);   
 1205              		.loc 1 494 35
 1206 0044 3B68     		ldr	r3, [r7]
 1207 0046 1A05     		lsls	r2, r3, #20
 1208              		.loc 1 494 21
 1209 0048 FB68     		ldr	r3, [r7, #12]
 1210 004a 1343     		orrs	r3, r3, r2
 1211 004c FB60     		str	r3, [r7, #12]
 1212 004e 1DE0     		b	.L77
 1213              	.L78:
 495:../../../firmware/n32h7xx_std_periph_driver/src/n32h7xx_pwr.c ****         }
 496:../../../firmware/n32h7xx_std_periph_driver/src/n32h7xx_pwr.c ****         else
 497:../../../firmware/n32h7xx_std_periph_driver/src/n32h7xx_pwr.c ****         {
 498:../../../firmware/n32h7xx_std_periph_driver/src/n32h7xx_pwr.c ****             /* Clear the old  value */
 499:../../../firmware/n32h7xx_std_periph_driver/src/n32h7xx_pwr.c ****             tempreg &= (~(OPTC_POWER_ENTER_MODE_MASK<<18U));
 1214              		.loc 1 499 21
 1215 0050 FB68     		ldr	r3, [r7, #12]
 1216 0052 23F44023 		bic	r3, r3, #786432
 1217 0056 FB60     		str	r3, [r7, #12]
 500:../../../firmware/n32h7xx_std_periph_driver/src/n32h7xx_pwr.c ****             /* Set the new values */
 501:../../../firmware/n32h7xx_std_periph_driver/src/n32h7xx_pwr.c ****             tempreg |= (OPTC_Mode << 18U);  
 1218              		.loc 1 501 35
 1219 0058 3B68     		ldr	r3, [r7]
 1220 005a 9A04     		lsls	r2, r3, #18
 1221              		.loc 1 501 21
 1222 005c FB68     		ldr	r3, [r7, #12]
 1223 005e 1343     		orrs	r3, r3, r2
 1224 0060 FB60     		str	r3, [r7, #12]
 1225 0062 13E0     		b	.L77
 1226              	.L75:
 502:../../../firmware/n32h7xx_std_periph_driver/src/n32h7xx_pwr.c ****         } 
 503:../../../firmware/n32h7xx_std_periph_driver/src/n32h7xx_pwr.c ****     }
ARM GAS  /tmp/ccfMwLzE.s 			page 31


 504:../../../firmware/n32h7xx_std_periph_driver/src/n32h7xx_pwr.c ****     else
 505:../../../firmware/n32h7xx_std_periph_driver/src/n32h7xx_pwr.c ****     {
 506:../../../firmware/n32h7xx_std_periph_driver/src/n32h7xx_pwr.c ****         if(ChipStatus == PWR_SYSTEM_RUN)
 1227              		.loc 1 506 11
 1228 0064 FB79     		ldrb	r3, [r7, #7]	@ zero_extendqisi2
 1229 0066 002B     		cmp	r3, #0
 1230 0068 04D1     		bne	.L79
 507:../../../firmware/n32h7xx_std_periph_driver/src/n32h7xx_pwr.c ****         {
 508:../../../firmware/n32h7xx_std_periph_driver/src/n32h7xx_pwr.c ****             /* Clear the old  value */
 509:../../../firmware/n32h7xx_std_periph_driver/src/n32h7xx_pwr.c ****             tempreg &= (~(OPTC_POWER_ENTER_MODE_MASK<<22U));  
 1231              		.loc 1 509 21
 1232 006a FB68     		ldr	r3, [r7, #12]
 1233 006c 23F44003 		bic	r3, r3, #12582912
 1234 0070 FB60     		str	r3, [r7, #12]
 1235 0072 0BE0     		b	.L77
 1236              	.L79:
 510:../../../firmware/n32h7xx_std_periph_driver/src/n32h7xx_pwr.c ****         }
 511:../../../firmware/n32h7xx_std_periph_driver/src/n32h7xx_pwr.c ****         else if(ChipStatus == PWR_SYSTEM_STOP0)
 1237              		.loc 1 511 16
 1238 0074 FB79     		ldrb	r3, [r7, #7]	@ zero_extendqisi2
 1239 0076 012B     		cmp	r3, #1
 1240 0078 04D1     		bne	.L80
 512:../../../firmware/n32h7xx_std_periph_driver/src/n32h7xx_pwr.c ****         {
 513:../../../firmware/n32h7xx_std_periph_driver/src/n32h7xx_pwr.c ****             /* Clear the old  value */
 514:../../../firmware/n32h7xx_std_periph_driver/src/n32h7xx_pwr.c ****             tempreg &= (~(OPTC_POWER_ENTER_MODE_MASK<<20U));  
 1241              		.loc 1 514 21
 1242 007a FB68     		ldr	r3, [r7, #12]
 1243 007c 23F44013 		bic	r3, r3, #3145728
 1244 0080 FB60     		str	r3, [r7, #12]
 1245 0082 03E0     		b	.L77
 1246              	.L80:
 515:../../../firmware/n32h7xx_std_periph_driver/src/n32h7xx_pwr.c ****         }
 516:../../../firmware/n32h7xx_std_periph_driver/src/n32h7xx_pwr.c ****         else
 517:../../../firmware/n32h7xx_std_periph_driver/src/n32h7xx_pwr.c ****         {
 518:../../../firmware/n32h7xx_std_periph_driver/src/n32h7xx_pwr.c ****             /* Clear the old  value */
 519:../../../firmware/n32h7xx_std_periph_driver/src/n32h7xx_pwr.c ****             tempreg &= (~(OPTC_POWER_ENTER_MODE_MASK<<18U)); 
 1247              		.loc 1 519 21
 1248 0084 FB68     		ldr	r3, [r7, #12]
 1249 0086 23F44023 		bic	r3, r3, #786432
 1250 008a FB60     		str	r3, [r7, #12]
 1251              	.L77:
 520:../../../firmware/n32h7xx_std_periph_driver/src/n32h7xx_pwr.c ****         } 
 521:../../../firmware/n32h7xx_std_periph_driver/src/n32h7xx_pwr.c ****     }
 522:../../../firmware/n32h7xx_std_periph_driver/src/n32h7xx_pwr.c ****     /* Set the power supply configuration */
 523:../../../firmware/n32h7xx_std_periph_driver/src/n32h7xx_pwr.c ****     PWR->SYSCTRL2 = tempreg;
 1252              		.loc 1 523 8
 1253 008c 034A     		ldr	r2, .L81
 1254              		.loc 1 523 19
 1255 008e FB68     		ldr	r3, [r7, #12]
 1256 0090 9364     		str	r3, [r2, #72]
 524:../../../firmware/n32h7xx_std_periph_driver/src/n32h7xx_pwr.c **** }
 1257              		.loc 1 524 1
 1258 0092 00BF     		nop
 1259 0094 1437     		adds	r7, r7, #20
 1260              	.LCFI89:
 1261              		.cfi_def_cfa_offset 4
 1262 0096 BD46     		mov	sp, r7
ARM GAS  /tmp/ccfMwLzE.s 			page 32


 1263              	.LCFI90:
 1264              		.cfi_def_cfa_register 13
 1265              		@ sp needed
 1266 0098 80BC     		pop	{r7}
 1267              	.LCFI91:
 1268              		.cfi_restore 7
 1269              		.cfi_def_cfa_offset 0
 1270 009a 7047     		bx	lr
 1271              	.L82:
 1272              		.align	2
 1273              	.L81:
 1274 009c 00100358 		.word	1476595712
 1275              		.cfi_endproc
 1276              	.LFE150:
 1278              		.section	.text.PWR_EnableTCMPiece,"ax",%progbits
 1279              		.align	1
 1280              		.global	PWR_EnableTCMPiece
 1281              		.syntax unified
 1282              		.thumb
 1283              		.thumb_func
 1285              	PWR_EnableTCMPiece:
 1286              	.LFB151:
 525:../../../firmware/n32h7xx_std_periph_driver/src/n32h7xx_pwr.c **** 
 526:../../../firmware/n32h7xx_std_periph_driver/src/n32h7xx_pwr.c **** /**
 527:../../../firmware/n32h7xx_std_periph_driver/src/n32h7xx_pwr.c **** *\*\name    PWR_EnableTCMPiece.
 528:../../../firmware/n32h7xx_std_periph_driver/src/n32h7xx_pwr.c **** *\*\fun     Enable the TCM Piece PWR.
 529:../../../firmware/n32h7xx_std_periph_driver/src/n32h7xx_pwr.c **** *\*\param   PieceIndex (The input parameters must be the following values):
 530:../../../firmware/n32h7xx_std_periph_driver/src/n32h7xx_pwr.c **** *\*\          - 0-63 
 531:../../../firmware/n32h7xx_std_periph_driver/src/n32h7xx_pwr.c **** *\*\param   Cmd :
 532:../../../firmware/n32h7xx_std_periph_driver/src/n32h7xx_pwr.c **** *\*\          - ENABLE
 533:../../../firmware/n32h7xx_std_periph_driver/src/n32h7xx_pwr.c **** *\*\          - DISABLE 
 534:../../../firmware/n32h7xx_std_periph_driver/src/n32h7xx_pwr.c **** *\*\return  none
 535:../../../firmware/n32h7xx_std_periph_driver/src/n32h7xx_pwr.c **** **/
 536:../../../firmware/n32h7xx_std_periph_driver/src/n32h7xx_pwr.c **** void PWR_EnableTCMPiece(uint32_t PieceIndex, FunctionalState Cmd)
 537:../../../firmware/n32h7xx_std_periph_driver/src/n32h7xx_pwr.c **** {
 1287              		.loc 1 537 1
 1288              		.cfi_startproc
 1289              		@ args = 0, pretend = 0, frame = 16
 1290              		@ frame_needed = 1, uses_anonymous_args = 0
 1291              		@ link register save eliminated.
 1292 0000 80B4     		push	{r7}
 1293              	.LCFI92:
 1294              		.cfi_def_cfa_offset 4
 1295              		.cfi_offset 7, -4
 1296 0002 85B0     		sub	sp, sp, #20
 1297              	.LCFI93:
 1298              		.cfi_def_cfa_offset 24
 1299 0004 00AF     		add	r7, sp, #0
 1300              	.LCFI94:
 1301              		.cfi_def_cfa_register 7
 1302 0006 7860     		str	r0, [r7, #4]
 1303 0008 0B46     		mov	r3, r1
 1304 000a FB70     		strb	r3, [r7, #3]
 538:../../../firmware/n32h7xx_std_periph_driver/src/n32h7xx_pwr.c ****     __IO uint32_t* ControlRegAddr;
 539:../../../firmware/n32h7xx_std_periph_driver/src/n32h7xx_pwr.c ****     __IO uint32_t* ReadyRegAddr;
 540:../../../firmware/n32h7xx_std_periph_driver/src/n32h7xx_pwr.c ****     if(Cmd == ENABLE)
 1305              		.loc 1 540 7
ARM GAS  /tmp/ccfMwLzE.s 			page 33


 1306 000c FB78     		ldrb	r3, [r7, #3]	@ zero_extendqisi2
 1307 000e 012B     		cmp	r3, #1
 1308 0010 39D1     		bne	.L84
 541:../../../firmware/n32h7xx_std_periph_driver/src/n32h7xx_pwr.c ****     {
 542:../../../firmware/n32h7xx_std_periph_driver/src/n32h7xx_pwr.c ****         if(PieceIndex < 32U )
 1309              		.loc 1 542 11
 1310 0012 7B68     		ldr	r3, [r7, #4]
 1311 0014 1F2B     		cmp	r3, #31
 1312 0016 0DD8     		bhi	.L85
 543:../../../firmware/n32h7xx_std_periph_driver/src/n32h7xx_pwr.c ****         {
 544:../../../firmware/n32h7xx_std_periph_driver/src/n32h7xx_pwr.c ****             ReadyRegAddr = &PWR->M7TCMPRDY0;
 1313              		.loc 1 544 26
 1314 0018 3D4B     		ldr	r3, .L100
 1315 001a BB60     		str	r3, [r7, #8]
 545:../../../firmware/n32h7xx_std_periph_driver/src/n32h7xx_pwr.c ****             if(*ReadyRegAddr & (1U<< PieceIndex))
 1316              		.loc 1 545 16
 1317 001c BB68     		ldr	r3, [r7, #8]
 1318 001e 1A68     		ldr	r2, [r3]
 1319              		.loc 1 545 35
 1320 0020 0121     		movs	r1, #1
 1321 0022 7B68     		ldr	r3, [r7, #4]
 1322 0024 01FA03F3 		lsl	r3, r1, r3
 1323              		.loc 1 545 30
 1324 0028 1340     		ands	r3, r3, r2
 1325              		.loc 1 545 15
 1326 002a 002B     		cmp	r3, #0
 1327 002c 64D1     		bne	.L96
 546:../../../firmware/n32h7xx_std_periph_driver/src/n32h7xx_pwr.c ****             {
 547:../../../firmware/n32h7xx_std_periph_driver/src/n32h7xx_pwr.c ****                 return;
 548:../../../firmware/n32h7xx_std_periph_driver/src/n32h7xx_pwr.c ****             }
 549:../../../firmware/n32h7xx_std_periph_driver/src/n32h7xx_pwr.c ****             ControlRegAddr = &PWR->M7TCMPG0;
 1328              		.loc 1 549 28
 1329 002e 394B     		ldr	r3, .L100+4
 1330 0030 FB60     		str	r3, [r7, #12]
 1331 0032 0FE0     		b	.L88
 1332              	.L85:
 550:../../../firmware/n32h7xx_std_periph_driver/src/n32h7xx_pwr.c ****         }
 551:../../../firmware/n32h7xx_std_periph_driver/src/n32h7xx_pwr.c ****         else
 552:../../../firmware/n32h7xx_std_periph_driver/src/n32h7xx_pwr.c ****         {
 553:../../../firmware/n32h7xx_std_periph_driver/src/n32h7xx_pwr.c ****             PieceIndex = PieceIndex - 32U; 
 1333              		.loc 1 553 24
 1334 0034 7B68     		ldr	r3, [r7, #4]
 1335 0036 203B     		subs	r3, r3, #32
 1336 0038 7B60     		str	r3, [r7, #4]
 554:../../../firmware/n32h7xx_std_periph_driver/src/n32h7xx_pwr.c ****             ReadyRegAddr = &PWR->M7TCMPRDY1;
 1337              		.loc 1 554 26
 1338 003a 374B     		ldr	r3, .L100+8
 1339 003c BB60     		str	r3, [r7, #8]
 555:../../../firmware/n32h7xx_std_periph_driver/src/n32h7xx_pwr.c ****             if(*ReadyRegAddr & (1UL<< PieceIndex))
 1340              		.loc 1 555 16
 1341 003e BB68     		ldr	r3, [r7, #8]
 1342 0040 1A68     		ldr	r2, [r3]
 1343 0042 7B68     		ldr	r3, [r7, #4]
 1344 0044 22FA03F3 		lsr	r3, r2, r3
 1345 0048 03F00103 		and	r3, r3, #1
 1346              		.loc 1 555 15
 1347 004c 002B     		cmp	r3, #0
ARM GAS  /tmp/ccfMwLzE.s 			page 34


 1348 004e 55D1     		bne	.L97
 556:../../../firmware/n32h7xx_std_periph_driver/src/n32h7xx_pwr.c ****             {
 557:../../../firmware/n32h7xx_std_periph_driver/src/n32h7xx_pwr.c ****                 return;
 558:../../../firmware/n32h7xx_std_periph_driver/src/n32h7xx_pwr.c ****             }
 559:../../../firmware/n32h7xx_std_periph_driver/src/n32h7xx_pwr.c ****             ControlRegAddr = &PWR->M7TCMPG1;
 1349              		.loc 1 559 28
 1350 0050 324B     		ldr	r3, .L100+12
 1351 0052 FB60     		str	r3, [r7, #12]
 1352              	.L88:
 560:../../../firmware/n32h7xx_std_periph_driver/src/n32h7xx_pwr.c ****         } 
 561:../../../firmware/n32h7xx_std_periph_driver/src/n32h7xx_pwr.c ****         /* Enable TCM Piece Bit */
 562:../../../firmware/n32h7xx_std_periph_driver/src/n32h7xx_pwr.c ****         *ControlRegAddr &= ~(1UL<< PieceIndex);
 1353              		.loc 1 562 9
 1354 0054 FB68     		ldr	r3, [r7, #12]
 1355 0056 1A68     		ldr	r2, [r3]
 1356              		.loc 1 562 33
 1357 0058 0121     		movs	r1, #1
 1358 005a 7B68     		ldr	r3, [r7, #4]
 1359 005c 01FA03F3 		lsl	r3, r1, r3
 1360              		.loc 1 562 28
 1361 0060 DB43     		mvns	r3, r3
 1362              		.loc 1 562 25
 1363 0062 1A40     		ands	r2, r2, r3
 1364 0064 FB68     		ldr	r3, [r7, #12]
 1365 0066 1A60     		str	r2, [r3]
 563:../../../firmware/n32h7xx_std_periph_driver/src/n32h7xx_pwr.c ****         /* Wait TCM Piece Power on Ready */
 564:../../../firmware/n32h7xx_std_periph_driver/src/n32h7xx_pwr.c ****         while((*ReadyRegAddr & (1UL<< PieceIndex)) != (1UL<< PieceIndex));
 1366              		.loc 1 564 14
 1367 0068 00BF     		nop
 1368              	.L90:
 1369              		.loc 1 564 16 discriminator 1
 1370 006a BB68     		ldr	r3, [r7, #8]
 1371 006c 1A68     		ldr	r2, [r3]
 1372              		.loc 1 564 36 discriminator 1
 1373 006e 0121     		movs	r1, #1
 1374 0070 7B68     		ldr	r3, [r7, #4]
 1375 0072 01FA03F3 		lsl	r3, r1, r3
 1376              		.loc 1 564 30 discriminator 1
 1377 0076 1A40     		ands	r2, r2, r3
 1378              		.loc 1 564 59 discriminator 1
 1379 0078 0121     		movs	r1, #1
 1380 007a 7B68     		ldr	r3, [r7, #4]
 1381 007c 01FA03F3 		lsl	r3, r1, r3
 1382              		.loc 1 564 52 discriminator 1
 1383 0080 9A42     		cmp	r2, r3
 1384 0082 F2D1     		bne	.L90
 1385 0084 3FE0     		b	.L83
 1386              	.L84:
 565:../../../firmware/n32h7xx_std_periph_driver/src/n32h7xx_pwr.c ****     }
 566:../../../firmware/n32h7xx_std_periph_driver/src/n32h7xx_pwr.c ****     else
 567:../../../firmware/n32h7xx_std_periph_driver/src/n32h7xx_pwr.c ****     {
 568:../../../firmware/n32h7xx_std_periph_driver/src/n32h7xx_pwr.c ****         if(PieceIndex < 32U )
 1387              		.loc 1 568 11
 1388 0086 7B68     		ldr	r3, [r7, #4]
 1389 0088 1F2B     		cmp	r3, #31
 1390 008a 0DD8     		bhi	.L91
 569:../../../firmware/n32h7xx_std_periph_driver/src/n32h7xx_pwr.c ****         {
ARM GAS  /tmp/ccfMwLzE.s 			page 35


 570:../../../firmware/n32h7xx_std_periph_driver/src/n32h7xx_pwr.c ****             ReadyRegAddr = &PWR->M7TCMPRDY0;
 1391              		.loc 1 570 26
 1392 008c 204B     		ldr	r3, .L100
 1393 008e BB60     		str	r3, [r7, #8]
 571:../../../firmware/n32h7xx_std_periph_driver/src/n32h7xx_pwr.c ****             if((*ReadyRegAddr & (1UL<< PieceIndex)) == RESET )
 1394              		.loc 1 571 17
 1395 0090 BB68     		ldr	r3, [r7, #8]
 1396 0092 1A68     		ldr	r2, [r3]
 1397              		.loc 1 571 53
 1398 0094 7B68     		ldr	r3, [r7, #4]
 1399 0096 22FA03F3 		lsr	r3, r2, r3
 1400 009a 03F00103 		and	r3, r3, #1
 1401              		.loc 1 571 15
 1402 009e 002B     		cmp	r3, #0
 1403 00a0 2ED0     		beq	.L98
 572:../../../firmware/n32h7xx_std_periph_driver/src/n32h7xx_pwr.c ****             {
 573:../../../firmware/n32h7xx_std_periph_driver/src/n32h7xx_pwr.c ****                 return;
 574:../../../firmware/n32h7xx_std_periph_driver/src/n32h7xx_pwr.c ****             }
 575:../../../firmware/n32h7xx_std_periph_driver/src/n32h7xx_pwr.c ****             ControlRegAddr = &PWR->M7TCMPG0;
 1404              		.loc 1 575 28
 1405 00a2 1C4B     		ldr	r3, .L100+4
 1406 00a4 FB60     		str	r3, [r7, #12]
 1407 00a6 0FE0     		b	.L93
 1408              	.L91:
 576:../../../firmware/n32h7xx_std_periph_driver/src/n32h7xx_pwr.c ****         }
 577:../../../firmware/n32h7xx_std_periph_driver/src/n32h7xx_pwr.c ****         else
 578:../../../firmware/n32h7xx_std_periph_driver/src/n32h7xx_pwr.c ****         {
 579:../../../firmware/n32h7xx_std_periph_driver/src/n32h7xx_pwr.c ****             PieceIndex = PieceIndex-32U; 
 1409              		.loc 1 579 24
 1410 00a8 7B68     		ldr	r3, [r7, #4]
 1411 00aa 203B     		subs	r3, r3, #32
 1412 00ac 7B60     		str	r3, [r7, #4]
 580:../../../firmware/n32h7xx_std_periph_driver/src/n32h7xx_pwr.c ****             ReadyRegAddr = &PWR->M7TCMPRDY1;
 1413              		.loc 1 580 26
 1414 00ae 1A4B     		ldr	r3, .L100+8
 1415 00b0 BB60     		str	r3, [r7, #8]
 581:../../../firmware/n32h7xx_std_periph_driver/src/n32h7xx_pwr.c ****             if((*ReadyRegAddr & (1UL<< PieceIndex)) == RESET )
 1416              		.loc 1 581 17
 1417 00b2 BB68     		ldr	r3, [r7, #8]
 1418 00b4 1A68     		ldr	r2, [r3]
 1419              		.loc 1 581 53
 1420 00b6 7B68     		ldr	r3, [r7, #4]
 1421 00b8 22FA03F3 		lsr	r3, r2, r3
 1422 00bc 03F00103 		and	r3, r3, #1
 1423              		.loc 1 581 15
 1424 00c0 002B     		cmp	r3, #0
 1425 00c2 1FD0     		beq	.L99
 582:../../../firmware/n32h7xx_std_periph_driver/src/n32h7xx_pwr.c ****             {
 583:../../../firmware/n32h7xx_std_periph_driver/src/n32h7xx_pwr.c ****                 return;
 584:../../../firmware/n32h7xx_std_periph_driver/src/n32h7xx_pwr.c ****             }
 585:../../../firmware/n32h7xx_std_periph_driver/src/n32h7xx_pwr.c ****             ControlRegAddr = &PWR->M7TCMPG1;
 1426              		.loc 1 585 28
 1427 00c4 154B     		ldr	r3, .L100+12
 1428 00c6 FB60     		str	r3, [r7, #12]
 1429              	.L93:
 586:../../../firmware/n32h7xx_std_periph_driver/src/n32h7xx_pwr.c ****         } 
 587:../../../firmware/n32h7xx_std_periph_driver/src/n32h7xx_pwr.c ****         /* Disable TCM Piece Bit */
ARM GAS  /tmp/ccfMwLzE.s 			page 36


 588:../../../firmware/n32h7xx_std_periph_driver/src/n32h7xx_pwr.c ****         *ControlRegAddr |= (1UL<< PieceIndex);
 1430              		.loc 1 588 9
 1431 00c8 FB68     		ldr	r3, [r7, #12]
 1432 00ca 1A68     		ldr	r2, [r3]
 1433              		.loc 1 588 32
 1434 00cc 0121     		movs	r1, #1
 1435 00ce 7B68     		ldr	r3, [r7, #4]
 1436 00d0 01FA03F3 		lsl	r3, r1, r3
 1437              		.loc 1 588 25
 1438 00d4 1A43     		orrs	r2, r2, r3
 1439 00d6 FB68     		ldr	r3, [r7, #12]
 1440 00d8 1A60     		str	r2, [r3]
 589:../../../firmware/n32h7xx_std_periph_driver/src/n32h7xx_pwr.c ****         /* Wait TCM Piece Power down Ready */
 590:../../../firmware/n32h7xx_std_periph_driver/src/n32h7xx_pwr.c ****         while((*ReadyRegAddr & (1UL<< PieceIndex)) == (1UL<< PieceIndex)) ;
 1441              		.loc 1 590 14
 1442 00da 00BF     		nop
 1443              	.L95:
 1444              		.loc 1 590 16 discriminator 1
 1445 00dc BB68     		ldr	r3, [r7, #8]
 1446 00de 1A68     		ldr	r2, [r3]
 1447              		.loc 1 590 36 discriminator 1
 1448 00e0 0121     		movs	r1, #1
 1449 00e2 7B68     		ldr	r3, [r7, #4]
 1450 00e4 01FA03F3 		lsl	r3, r1, r3
 1451              		.loc 1 590 30 discriminator 1
 1452 00e8 1A40     		ands	r2, r2, r3
 1453              		.loc 1 590 59 discriminator 1
 1454 00ea 0121     		movs	r1, #1
 1455 00ec 7B68     		ldr	r3, [r7, #4]
 1456 00ee 01FA03F3 		lsl	r3, r1, r3
 1457              		.loc 1 590 52 discriminator 1
 1458 00f2 9A42     		cmp	r2, r3
 1459 00f4 F2D0     		beq	.L95
 1460 00f6 06E0     		b	.L83
 1461              	.L96:
 547:../../../firmware/n32h7xx_std_periph_driver/src/n32h7xx_pwr.c ****             }
 1462              		.loc 1 547 17
 1463 00f8 00BF     		nop
 1464 00fa 04E0     		b	.L83
 1465              	.L97:
 557:../../../firmware/n32h7xx_std_periph_driver/src/n32h7xx_pwr.c ****             }
 1466              		.loc 1 557 17
 1467 00fc 00BF     		nop
 1468 00fe 02E0     		b	.L83
 1469              	.L98:
 573:../../../firmware/n32h7xx_std_periph_driver/src/n32h7xx_pwr.c ****             }
 1470              		.loc 1 573 17
 1471 0100 00BF     		nop
 1472 0102 00E0     		b	.L83
 1473              	.L99:
 583:../../../firmware/n32h7xx_std_periph_driver/src/n32h7xx_pwr.c ****             }
 1474              		.loc 1 583 17
 1475 0104 00BF     		nop
 1476              	.L83:
 591:../../../firmware/n32h7xx_std_periph_driver/src/n32h7xx_pwr.c ****     }
 592:../../../firmware/n32h7xx_std_periph_driver/src/n32h7xx_pwr.c **** }
 1477              		.loc 1 592 1
ARM GAS  /tmp/ccfMwLzE.s 			page 37


 1478 0106 1437     		adds	r7, r7, #20
 1479              	.LCFI95:
 1480              		.cfi_def_cfa_offset 4
 1481 0108 BD46     		mov	sp, r7
 1482              	.LCFI96:
 1483              		.cfi_def_cfa_register 13
 1484              		@ sp needed
 1485 010a 80BC     		pop	{r7}
 1486              	.LCFI97:
 1487              		.cfi_restore 7
 1488              		.cfi_def_cfa_offset 0
 1489 010c 7047     		bx	lr
 1490              	.L101:
 1491 010e 00BF     		.align	2
 1492              	.L100:
 1493 0110 80100358 		.word	1476595840
 1494 0114 68100358 		.word	1476595816
 1495 0118 84100358 		.word	1476595844
 1496 011c 6C100358 		.word	1476595820
 1497              		.cfi_endproc
 1498              	.LFE151:
 1500              		.section	.text.PWR_TCMModeSelInSTOP2,"ax",%progbits
 1501              		.align	1
 1502              		.global	PWR_TCMModeSelInSTOP2
 1503              		.syntax unified
 1504              		.thumb
 1505              		.thumb_func
 1507              	PWR_TCMModeSelInSTOP2:
 1508              	.LFB152:
 593:../../../firmware/n32h7xx_std_periph_driver/src/n32h7xx_pwr.c **** /**
 594:../../../firmware/n32h7xx_std_periph_driver/src/n32h7xx_pwr.c **** *\*\name    PWR_TCMModeSelInSTOP2.
 595:../../../firmware/n32h7xx_std_periph_driver/src/n32h7xx_pwr.c **** *\*\fun     Config TCM memory the low power mode when the system enter into STOP2 Enable the.
 596:../../../firmware/n32h7xx_std_periph_driver/src/n32h7xx_pwr.c **** *\*\param   PieceIndex (The input parameters must be the following values):
 597:../../../firmware/n32h7xx_std_periph_driver/src/n32h7xx_pwr.c **** *\*\          - 0-63 
 598:../../../firmware/n32h7xx_std_periph_driver/src/n32h7xx_pwr.c **** *\*\param   Mode :
 599:../../../firmware/n32h7xx_std_periph_driver/src/n32h7xx_pwr.c **** *\*\          - SYSTEM_MEMORY_STATUS_PD
 600:../../../firmware/n32h7xx_std_periph_driver/src/n32h7xx_pwr.c **** *\*\          - SYSTEM_MEMORY_STATUS_RETENTION_1 
 601:../../../firmware/n32h7xx_std_periph_driver/src/n32h7xx_pwr.c **** *\*\          - SYSTEM_MEMORY_STATUS_RETENTION_2 
 602:../../../firmware/n32h7xx_std_periph_driver/src/n32h7xx_pwr.c **** *\*\return  none
 603:../../../firmware/n32h7xx_std_periph_driver/src/n32h7xx_pwr.c **** **/
 604:../../../firmware/n32h7xx_std_periph_driver/src/n32h7xx_pwr.c **** void PWR_TCMModeSelInSTOP2(uint32_t PieceIndex, uint32_t Mode)
 605:../../../firmware/n32h7xx_std_periph_driver/src/n32h7xx_pwr.c **** {
 1509              		.loc 1 605 1
 1510              		.cfi_startproc
 1511              		@ args = 0, pretend = 0, frame = 16
 1512              		@ frame_needed = 1, uses_anonymous_args = 0
 1513              		@ link register save eliminated.
 1514 0000 80B4     		push	{r7}
 1515              	.LCFI98:
 1516              		.cfi_def_cfa_offset 4
 1517              		.cfi_offset 7, -4
 1518 0002 85B0     		sub	sp, sp, #20
 1519              	.LCFI99:
 1520              		.cfi_def_cfa_offset 24
 1521 0004 00AF     		add	r7, sp, #0
 1522              	.LCFI100:
 1523              		.cfi_def_cfa_register 7
ARM GAS  /tmp/ccfMwLzE.s 			page 38


 1524 0006 7860     		str	r0, [r7, #4]
 1525 0008 3960     		str	r1, [r7]
 606:../../../firmware/n32h7xx_std_periph_driver/src/n32h7xx_pwr.c ****     __IO uint32_t* ControlRegAddrLow;
 607:../../../firmware/n32h7xx_std_periph_driver/src/n32h7xx_pwr.c ****     __IO uint32_t* ControlRegAddrHigh;
 608:../../../firmware/n32h7xx_std_periph_driver/src/n32h7xx_pwr.c ****     if(PieceIndex < 32U )
 1526              		.loc 1 608 7
 1527 000a 7B68     		ldr	r3, [r7, #4]
 1528 000c 1F2B     		cmp	r3, #31
 1529 000e 04D8     		bhi	.L103
 609:../../../firmware/n32h7xx_std_periph_driver/src/n32h7xx_pwr.c ****     {
 610:../../../firmware/n32h7xx_std_periph_driver/src/n32h7xx_pwr.c ****         ControlRegAddrLow = &PWR->M7TCMRET1N0;
 1530              		.loc 1 610 27
 1531 0010 2A4B     		ldr	r3, .L109
 1532 0012 FB60     		str	r3, [r7, #12]
 611:../../../firmware/n32h7xx_std_periph_driver/src/n32h7xx_pwr.c ****         ControlRegAddrHigh = &PWR->M7TCMRET2N0;
 1533              		.loc 1 611 28
 1534 0014 2A4B     		ldr	r3, .L109+4
 1535 0016 BB60     		str	r3, [r7, #8]
 1536 0018 06E0     		b	.L104
 1537              	.L103:
 612:../../../firmware/n32h7xx_std_periph_driver/src/n32h7xx_pwr.c ****     }
 613:../../../firmware/n32h7xx_std_periph_driver/src/n32h7xx_pwr.c ****     else
 614:../../../firmware/n32h7xx_std_periph_driver/src/n32h7xx_pwr.c ****     {
 615:../../../firmware/n32h7xx_std_periph_driver/src/n32h7xx_pwr.c ****         PieceIndex = PieceIndex - 32U; 
 1538              		.loc 1 615 20
 1539 001a 7B68     		ldr	r3, [r7, #4]
 1540 001c 203B     		subs	r3, r3, #32
 1541 001e 7B60     		str	r3, [r7, #4]
 616:../../../firmware/n32h7xx_std_periph_driver/src/n32h7xx_pwr.c ****         ControlRegAddrLow = &PWR->M7TCMRET1N1;
 1542              		.loc 1 616 27
 1543 0020 284B     		ldr	r3, .L109+8
 1544 0022 FB60     		str	r3, [r7, #12]
 617:../../../firmware/n32h7xx_std_periph_driver/src/n32h7xx_pwr.c ****         ControlRegAddrHigh = &PWR->M7TCMRET2N1;
 1545              		.loc 1 617 28
 1546 0024 284B     		ldr	r3, .L109+12
 1547 0026 BB60     		str	r3, [r7, #8]
 1548              	.L104:
 618:../../../firmware/n32h7xx_std_periph_driver/src/n32h7xx_pwr.c ****     }
 619:../../../firmware/n32h7xx_std_periph_driver/src/n32h7xx_pwr.c ****     if(Mode == SYSTEM_MEMORY_STATUS_PD)
 1549              		.loc 1 619 7
 1550 0028 3B68     		ldr	r3, [r7]
 1551 002a 002B     		cmp	r3, #0
 1552 002c 14D1     		bne	.L105
 620:../../../firmware/n32h7xx_std_periph_driver/src/n32h7xx_pwr.c ****     {
 621:../../../firmware/n32h7xx_std_periph_driver/src/n32h7xx_pwr.c ****         /* Set [M7TCMRET2Nx M7TCMRET1Nx] = [00]*/
 622:../../../firmware/n32h7xx_std_periph_driver/src/n32h7xx_pwr.c ****         *ControlRegAddrLow  &= ~(1UL<< PieceIndex);
 1553              		.loc 1 622 9
 1554 002e FB68     		ldr	r3, [r7, #12]
 1555 0030 1A68     		ldr	r2, [r3]
 1556              		.loc 1 622 37
 1557 0032 0121     		movs	r1, #1
 1558 0034 7B68     		ldr	r3, [r7, #4]
 1559 0036 01FA03F3 		lsl	r3, r1, r3
 1560              		.loc 1 622 32
 1561 003a DB43     		mvns	r3, r3
 1562              		.loc 1 622 29
 1563 003c 1A40     		ands	r2, r2, r3
ARM GAS  /tmp/ccfMwLzE.s 			page 39


 1564 003e FB68     		ldr	r3, [r7, #12]
 1565 0040 1A60     		str	r2, [r3]
 623:../../../firmware/n32h7xx_std_periph_driver/src/n32h7xx_pwr.c ****         *ControlRegAddrHigh &= ~(1UL<< PieceIndex);
 1566              		.loc 1 623 9
 1567 0042 BB68     		ldr	r3, [r7, #8]
 1568 0044 1A68     		ldr	r2, [r3]
 1569              		.loc 1 623 37
 1570 0046 0121     		movs	r1, #1
 1571 0048 7B68     		ldr	r3, [r7, #4]
 1572 004a 01FA03F3 		lsl	r3, r1, r3
 1573              		.loc 1 623 32
 1574 004e DB43     		mvns	r3, r3
 1575              		.loc 1 623 29
 1576 0050 1A40     		ands	r2, r2, r3
 1577 0052 BB68     		ldr	r3, [r7, #8]
 1578 0054 1A60     		str	r2, [r3]
 624:../../../firmware/n32h7xx_std_periph_driver/src/n32h7xx_pwr.c ****     }
 625:../../../firmware/n32h7xx_std_periph_driver/src/n32h7xx_pwr.c ****     else if(Mode == SYSTEM_MEMORY_STATUS_RETENTION_1)
 626:../../../firmware/n32h7xx_std_periph_driver/src/n32h7xx_pwr.c ****     {
 627:../../../firmware/n32h7xx_std_periph_driver/src/n32h7xx_pwr.c ****         /* Set [M7TCMRET2Nx M7TCMRET1Nx] = [11]*/
 628:../../../firmware/n32h7xx_std_periph_driver/src/n32h7xx_pwr.c ****         *ControlRegAddrLow  |= (1UL<< PieceIndex);
 629:../../../firmware/n32h7xx_std_periph_driver/src/n32h7xx_pwr.c ****         *ControlRegAddrHigh |= (1UL<< PieceIndex);
 630:../../../firmware/n32h7xx_std_periph_driver/src/n32h7xx_pwr.c ****     }
 631:../../../firmware/n32h7xx_std_periph_driver/src/n32h7xx_pwr.c ****     else if(Mode == SYSTEM_MEMORY_STATUS_RETENTION_2) 
 632:../../../firmware/n32h7xx_std_periph_driver/src/n32h7xx_pwr.c ****     {
 633:../../../firmware/n32h7xx_std_periph_driver/src/n32h7xx_pwr.c ****         /* Set [M7TCMRET2Nx M7TCMRET1Nx] = [10]*/
 634:../../../firmware/n32h7xx_std_periph_driver/src/n32h7xx_pwr.c ****         *ControlRegAddrLow  &= ~(1UL<< PieceIndex);
 635:../../../firmware/n32h7xx_std_periph_driver/src/n32h7xx_pwr.c ****         *ControlRegAddrHigh |= (1UL<< PieceIndex);
 636:../../../firmware/n32h7xx_std_periph_driver/src/n32h7xx_pwr.c ****     }
 637:../../../firmware/n32h7xx_std_periph_driver/src/n32h7xx_pwr.c ****     else
 638:../../../firmware/n32h7xx_std_periph_driver/src/n32h7xx_pwr.c ****     {
 639:../../../firmware/n32h7xx_std_periph_driver/src/n32h7xx_pwr.c ****        /* no process*/
 640:../../../firmware/n32h7xx_std_periph_driver/src/n32h7xx_pwr.c ****     }
 641:../../../firmware/n32h7xx_std_periph_driver/src/n32h7xx_pwr.c **** }
 1579              		.loc 1 641 1
 1580 0056 2BE0     		b	.L108
 1581              	.L105:
 625:../../../firmware/n32h7xx_std_periph_driver/src/n32h7xx_pwr.c ****     {
 1582              		.loc 1 625 12
 1583 0058 3B68     		ldr	r3, [r7]
 1584 005a 012B     		cmp	r3, #1
 1585 005c 12D1     		bne	.L107
 628:../../../firmware/n32h7xx_std_periph_driver/src/n32h7xx_pwr.c ****         *ControlRegAddrHigh |= (1UL<< PieceIndex);
 1586              		.loc 1 628 9
 1587 005e FB68     		ldr	r3, [r7, #12]
 1588 0060 1A68     		ldr	r2, [r3]
 628:../../../firmware/n32h7xx_std_periph_driver/src/n32h7xx_pwr.c ****         *ControlRegAddrHigh |= (1UL<< PieceIndex);
 1589              		.loc 1 628 36
 1590 0062 0121     		movs	r1, #1
 1591 0064 7B68     		ldr	r3, [r7, #4]
 1592 0066 01FA03F3 		lsl	r3, r1, r3
 628:../../../firmware/n32h7xx_std_periph_driver/src/n32h7xx_pwr.c ****         *ControlRegAddrHigh |= (1UL<< PieceIndex);
 1593              		.loc 1 628 29
 1594 006a 1A43     		orrs	r2, r2, r3
 1595 006c FB68     		ldr	r3, [r7, #12]
 1596 006e 1A60     		str	r2, [r3]
 629:../../../firmware/n32h7xx_std_periph_driver/src/n32h7xx_pwr.c ****     }
ARM GAS  /tmp/ccfMwLzE.s 			page 40


 1597              		.loc 1 629 9
 1598 0070 BB68     		ldr	r3, [r7, #8]
 1599 0072 1A68     		ldr	r2, [r3]
 629:../../../firmware/n32h7xx_std_periph_driver/src/n32h7xx_pwr.c ****     }
 1600              		.loc 1 629 36
 1601 0074 0121     		movs	r1, #1
 1602 0076 7B68     		ldr	r3, [r7, #4]
 1603 0078 01FA03F3 		lsl	r3, r1, r3
 629:../../../firmware/n32h7xx_std_periph_driver/src/n32h7xx_pwr.c ****     }
 1604              		.loc 1 629 29
 1605 007c 1A43     		orrs	r2, r2, r3
 1606 007e BB68     		ldr	r3, [r7, #8]
 1607 0080 1A60     		str	r2, [r3]
 1608              		.loc 1 641 1
 1609 0082 15E0     		b	.L108
 1610              	.L107:
 631:../../../firmware/n32h7xx_std_periph_driver/src/n32h7xx_pwr.c ****     {
 1611              		.loc 1 631 12
 1612 0084 3B68     		ldr	r3, [r7]
 1613 0086 022B     		cmp	r3, #2
 1614 0088 12D1     		bne	.L108
 634:../../../firmware/n32h7xx_std_periph_driver/src/n32h7xx_pwr.c ****         *ControlRegAddrHigh |= (1UL<< PieceIndex);
 1615              		.loc 1 634 9
 1616 008a FB68     		ldr	r3, [r7, #12]
 1617 008c 1A68     		ldr	r2, [r3]
 634:../../../firmware/n32h7xx_std_periph_driver/src/n32h7xx_pwr.c ****         *ControlRegAddrHigh |= (1UL<< PieceIndex);
 1618              		.loc 1 634 37
 1619 008e 0121     		movs	r1, #1
 1620 0090 7B68     		ldr	r3, [r7, #4]
 1621 0092 01FA03F3 		lsl	r3, r1, r3
 634:../../../firmware/n32h7xx_std_periph_driver/src/n32h7xx_pwr.c ****         *ControlRegAddrHigh |= (1UL<< PieceIndex);
 1622              		.loc 1 634 32
 1623 0096 DB43     		mvns	r3, r3
 634:../../../firmware/n32h7xx_std_periph_driver/src/n32h7xx_pwr.c ****         *ControlRegAddrHigh |= (1UL<< PieceIndex);
 1624              		.loc 1 634 29
 1625 0098 1A40     		ands	r2, r2, r3
 1626 009a FB68     		ldr	r3, [r7, #12]
 1627 009c 1A60     		str	r2, [r3]
 635:../../../firmware/n32h7xx_std_periph_driver/src/n32h7xx_pwr.c ****     }
 1628              		.loc 1 635 9
 1629 009e BB68     		ldr	r3, [r7, #8]
 1630 00a0 1A68     		ldr	r2, [r3]
 635:../../../firmware/n32h7xx_std_periph_driver/src/n32h7xx_pwr.c ****     }
 1631              		.loc 1 635 36
 1632 00a2 0121     		movs	r1, #1
 1633 00a4 7B68     		ldr	r3, [r7, #4]
 1634 00a6 01FA03F3 		lsl	r3, r1, r3
 635:../../../firmware/n32h7xx_std_periph_driver/src/n32h7xx_pwr.c ****     }
 1635              		.loc 1 635 29
 1636 00aa 1A43     		orrs	r2, r2, r3
 1637 00ac BB68     		ldr	r3, [r7, #8]
 1638 00ae 1A60     		str	r2, [r3]
 1639              	.L108:
 1640              		.loc 1 641 1
 1641 00b0 00BF     		nop
 1642 00b2 1437     		adds	r7, r7, #20
 1643              	.LCFI101:
ARM GAS  /tmp/ccfMwLzE.s 			page 41


 1644              		.cfi_def_cfa_offset 4
 1645 00b4 BD46     		mov	sp, r7
 1646              	.LCFI102:
 1647              		.cfi_def_cfa_register 13
 1648              		@ sp needed
 1649 00b6 80BC     		pop	{r7}
 1650              	.LCFI103:
 1651              		.cfi_restore 7
 1652              		.cfi_def_cfa_offset 0
 1653 00b8 7047     		bx	lr
 1654              	.L110:
 1655 00ba 00BF     		.align	2
 1656              	.L109:
 1657 00bc 70100358 		.word	1476595824
 1658 00c0 78100358 		.word	1476595832
 1659 00c4 74100358 		.word	1476595828
 1660 00c8 7C100358 		.word	1476595836
 1661              		.cfi_endproc
 1662              	.LFE152:
 1664              		.section	.text.PWR_SystemMemoryModeSelInSTOP2,"ax",%progbits
 1665              		.align	1
 1666              		.global	PWR_SystemMemoryModeSelInSTOP2
 1667              		.syntax unified
 1668              		.thumb
 1669              		.thumb_func
 1671              	PWR_SystemMemoryModeSelInSTOP2:
 1672              	.LFB153:
 642:../../../firmware/n32h7xx_std_periph_driver/src/n32h7xx_pwr.c **** /**
 643:../../../firmware/n32h7xx_std_periph_driver/src/n32h7xx_pwr.c **** *\*\name    PWR_SystemMemoryModeSelInSTOP2.
 644:../../../firmware/n32h7xx_std_periph_driver/src/n32h7xx_pwr.c **** *\*\fun     Config system memory the low power mode when the system enter into STOP2.
 645:../../../firmware/n32h7xx_std_periph_driver/src/n32h7xx_pwr.c **** *\*\param   SysMemoryType (The input parameters must be the following values):
 646:../../../firmware/n32h7xx_std_periph_driver/src/n32h7xx_pwr.c **** *\*\          - SYSTEM_MEMORY_AXISRAM 
 647:../../../firmware/n32h7xx_std_periph_driver/src/n32h7xx_pwr.c **** *\*\          - SYSTEM_MEMORY_AHBSRAM1 
 648:../../../firmware/n32h7xx_std_periph_driver/src/n32h7xx_pwr.c **** *\*\          - SYSTEM_MEMORY_AHBSRAM2 
 649:../../../firmware/n32h7xx_std_periph_driver/src/n32h7xx_pwr.c **** *\*\          - SYSTEM_MEMORY_AHBSRAM3 
 650:../../../firmware/n32h7xx_std_periph_driver/src/n32h7xx_pwr.c **** *\*\          - SYSTEM_MEMORY_AHBSRAM4 
 651:../../../firmware/n32h7xx_std_periph_driver/src/n32h7xx_pwr.c **** *\*\          - SYSTEM_MEMORY_AHBSRAM5S1 
 652:../../../firmware/n32h7xx_std_periph_driver/src/n32h7xx_pwr.c **** *\*\          - SYSTEM_MEMORY_AHBSRAM5S2 
 653:../../../firmware/n32h7xx_std_periph_driver/src/n32h7xx_pwr.c **** *\*\param   Mode :
 654:../../../firmware/n32h7xx_std_periph_driver/src/n32h7xx_pwr.c **** *\*\          - SYSTEM_MEMORY_STATUS_PD
 655:../../../firmware/n32h7xx_std_periph_driver/src/n32h7xx_pwr.c **** *\*\          - SYSTEM_MEMORY_STATUS_RETENTION_1 
 656:../../../firmware/n32h7xx_std_periph_driver/src/n32h7xx_pwr.c **** *\*\          - SYSTEM_MEMORY_STATUS_RETENTION_2 
 657:../../../firmware/n32h7xx_std_periph_driver/src/n32h7xx_pwr.c **** *\*\return  none
 658:../../../firmware/n32h7xx_std_periph_driver/src/n32h7xx_pwr.c **** **/
 659:../../../firmware/n32h7xx_std_periph_driver/src/n32h7xx_pwr.c **** void PWR_SystemMemoryModeSelInSTOP2(SYSTEM_MEMORY_TYPE SysMemoryType, uint32_t Mode)
 660:../../../firmware/n32h7xx_std_periph_driver/src/n32h7xx_pwr.c **** {
 1673              		.loc 1 660 1
 1674              		.cfi_startproc
 1675              		@ args = 0, pretend = 0, frame = 16
 1676              		@ frame_needed = 1, uses_anonymous_args = 0
 1677              		@ link register save eliminated.
 1678 0000 80B4     		push	{r7}
 1679              	.LCFI104:
 1680              		.cfi_def_cfa_offset 4
 1681              		.cfi_offset 7, -4
 1682 0002 85B0     		sub	sp, sp, #20
 1683              	.LCFI105:
ARM GAS  /tmp/ccfMwLzE.s 			page 42


 1684              		.cfi_def_cfa_offset 24
 1685 0004 00AF     		add	r7, sp, #0
 1686              	.LCFI106:
 1687              		.cfi_def_cfa_register 7
 1688 0006 0346     		mov	r3, r0
 1689 0008 3960     		str	r1, [r7]
 1690 000a FB71     		strb	r3, [r7, #7]
 661:../../../firmware/n32h7xx_std_periph_driver/src/n32h7xx_pwr.c ****     __IO uint32_t tempreg;
 662:../../../firmware/n32h7xx_std_periph_driver/src/n32h7xx_pwr.c ****     uint32_t bitoffset ;
 663:../../../firmware/n32h7xx_std_periph_driver/src/n32h7xx_pwr.c ****     
 664:../../../firmware/n32h7xx_std_periph_driver/src/n32h7xx_pwr.c ****     bitoffset  = SYSTEM_MEMORY_AXISRAM_BITOFFSET;
 1691              		.loc 1 664 16
 1692 000c 0D23     		movs	r3, #13
 1693 000e FB60     		str	r3, [r7, #12]
 665:../../../firmware/n32h7xx_std_periph_driver/src/n32h7xx_pwr.c ****     bitoffset += 2u*((uint32_t)SysMemoryType);
 1694              		.loc 1 665 22
 1695 0010 FB79     		ldrb	r3, [r7, #7]	@ zero_extendqisi2
 1696              		.loc 1 665 20
 1697 0012 5B00     		lsls	r3, r3, #1
 1698              		.loc 1 665 15
 1699 0014 FA68     		ldr	r2, [r7, #12]
 1700 0016 1344     		add	r3, r3, r2
 1701 0018 FB60     		str	r3, [r7, #12]
 666:../../../firmware/n32h7xx_std_periph_driver/src/n32h7xx_pwr.c ****     
 667:../../../firmware/n32h7xx_std_periph_driver/src/n32h7xx_pwr.c ****     /* Get the old register value */
 668:../../../firmware/n32h7xx_std_periph_driver/src/n32h7xx_pwr.c ****     tempreg = PWR->SYSMEMLPCTRL;
 1702              		.loc 1 668 18
 1703 001a 0D4B     		ldr	r3, .L112
 1704 001c D3F8A030 		ldr	r3, [r3, #160]
 1705              		.loc 1 668 13
 1706 0020 BB60     		str	r3, [r7, #8]
 669:../../../firmware/n32h7xx_std_periph_driver/src/n32h7xx_pwr.c ****     /* Clear the old  value */
 670:../../../firmware/n32h7xx_std_periph_driver/src/n32h7xx_pwr.c ****     tempreg &= (~(SYSTEM_MEMORY_STATUS_MASK<< bitoffset));
 1707              		.loc 1 670 44
 1708 0022 0322     		movs	r2, #3
 1709 0024 FB68     		ldr	r3, [r7, #12]
 1710 0026 02FA03F3 		lsl	r3, r2, r3
 1711              		.loc 1 670 17
 1712 002a DA43     		mvns	r2, r3
 1713              		.loc 1 670 13
 1714 002c BB68     		ldr	r3, [r7, #8]
 1715 002e 1340     		ands	r3, r3, r2
 1716 0030 BB60     		str	r3, [r7, #8]
 671:../../../firmware/n32h7xx_std_periph_driver/src/n32h7xx_pwr.c ****     /* Set the new values */
 672:../../../firmware/n32h7xx_std_periph_driver/src/n32h7xx_pwr.c ****     tempreg |= (Mode << bitoffset); 
 1717              		.loc 1 672 22
 1718 0032 3A68     		ldr	r2, [r7]
 1719 0034 FB68     		ldr	r3, [r7, #12]
 1720 0036 9A40     		lsls	r2, r2, r3
 1721              		.loc 1 672 13
 1722 0038 BB68     		ldr	r3, [r7, #8]
 1723 003a 1343     		orrs	r3, r3, r2
 1724 003c BB60     		str	r3, [r7, #8]
 673:../../../firmware/n32h7xx_std_periph_driver/src/n32h7xx_pwr.c ****     /* Store the new values */
 674:../../../firmware/n32h7xx_std_periph_driver/src/n32h7xx_pwr.c ****     PWR->SYSMEMLPCTRL = tempreg;
 1725              		.loc 1 674 8
 1726 003e 044A     		ldr	r2, .L112
ARM GAS  /tmp/ccfMwLzE.s 			page 43


 1727              		.loc 1 674 23
 1728 0040 BB68     		ldr	r3, [r7, #8]
 1729 0042 C2F8A030 		str	r3, [r2, #160]
 675:../../../firmware/n32h7xx_std_periph_driver/src/n32h7xx_pwr.c **** }
 1730              		.loc 1 675 1
 1731 0046 00BF     		nop
 1732 0048 1437     		adds	r7, r7, #20
 1733              	.LCFI107:
 1734              		.cfi_def_cfa_offset 4
 1735 004a BD46     		mov	sp, r7
 1736              	.LCFI108:
 1737              		.cfi_def_cfa_register 13
 1738              		@ sp needed
 1739 004c 80BC     		pop	{r7}
 1740              	.LCFI109:
 1741              		.cfi_restore 7
 1742              		.cfi_def_cfa_offset 0
 1743 004e 7047     		bx	lr
 1744              	.L113:
 1745              		.align	2
 1746              	.L112:
 1747 0050 00100358 		.word	1476595712
 1748              		.cfi_endproc
 1749              	.LFE153:
 1751              		.section	.text.PWR_SystemMemoryModeSelInSTOP0,"ax",%progbits
 1752              		.align	1
 1753              		.global	PWR_SystemMemoryModeSelInSTOP0
 1754              		.syntax unified
 1755              		.thumb
 1756              		.thumb_func
 1758              	PWR_SystemMemoryModeSelInSTOP0:
 1759              	.LFB154:
 676:../../../firmware/n32h7xx_std_periph_driver/src/n32h7xx_pwr.c **** 
 677:../../../firmware/n32h7xx_std_periph_driver/src/n32h7xx_pwr.c **** /**
 678:../../../firmware/n32h7xx_std_periph_driver/src/n32h7xx_pwr.c **** *\*\name    PWR_SystemMemoryModeSelInSTOP0.
 679:../../../firmware/n32h7xx_std_periph_driver/src/n32h7xx_pwr.c **** *\*\fun     Config system memory the low power mode when the system enter into STOP0.
 680:../../../firmware/n32h7xx_std_periph_driver/src/n32h7xx_pwr.c **** *\*\param   Mode (The input parameters must be the following values):
 681:../../../firmware/n32h7xx_std_periph_driver/src/n32h7xx_pwr.c **** *\*\          - ALL_SYSTEM_MEMORY_STATUS_CHIP_DISABLE
 682:../../../firmware/n32h7xx_std_periph_driver/src/n32h7xx_pwr.c **** *\*\          - ALL_SYSTEM_MEMORY_STATUS_PRECHARGE 
 683:../../../firmware/n32h7xx_std_periph_driver/src/n32h7xx_pwr.c **** *\*\          - ALL_SYSTEM_MEMORY_STATUS_RETENTION_1 
 684:../../../firmware/n32h7xx_std_periph_driver/src/n32h7xx_pwr.c **** *\*\return  none
 685:../../../firmware/n32h7xx_std_periph_driver/src/n32h7xx_pwr.c **** **/
 686:../../../firmware/n32h7xx_std_periph_driver/src/n32h7xx_pwr.c **** void PWR_SystemMemoryModeSelInSTOP0(uint32_t Mode)
 687:../../../firmware/n32h7xx_std_periph_driver/src/n32h7xx_pwr.c **** {
 1760              		.loc 1 687 1
 1761              		.cfi_startproc
 1762              		@ args = 0, pretend = 0, frame = 16
 1763              		@ frame_needed = 1, uses_anonymous_args = 0
 1764              		@ link register save eliminated.
 1765 0000 80B4     		push	{r7}
 1766              	.LCFI110:
 1767              		.cfi_def_cfa_offset 4
 1768              		.cfi_offset 7, -4
 1769 0002 85B0     		sub	sp, sp, #20
 1770              	.LCFI111:
 1771              		.cfi_def_cfa_offset 24
 1772 0004 00AF     		add	r7, sp, #0
ARM GAS  /tmp/ccfMwLzE.s 			page 44


 1773              	.LCFI112:
 1774              		.cfi_def_cfa_register 7
 1775 0006 7860     		str	r0, [r7, #4]
 688:../../../firmware/n32h7xx_std_periph_driver/src/n32h7xx_pwr.c ****     __IO uint32_t tempreg;
 689:../../../firmware/n32h7xx_std_periph_driver/src/n32h7xx_pwr.c ****     
 690:../../../firmware/n32h7xx_std_periph_driver/src/n32h7xx_pwr.c ****     /* Get the old register value */
 691:../../../firmware/n32h7xx_std_periph_driver/src/n32h7xx_pwr.c ****     tempreg = PWR->SYSMEMLPCTRL;
 1776              		.loc 1 691 18
 1777 0008 0A4B     		ldr	r3, .L115
 1778 000a D3F8A030 		ldr	r3, [r3, #160]
 1779              		.loc 1 691 13
 1780 000e FB60     		str	r3, [r7, #12]
 692:../../../firmware/n32h7xx_std_periph_driver/src/n32h7xx_pwr.c ****     /* Clear the old  value */
 693:../../../firmware/n32h7xx_std_periph_driver/src/n32h7xx_pwr.c ****     tempreg &= (~ALL_SYSTEM_MEMORY_STATUS_MASK);
 1781              		.loc 1 693 13
 1782 0010 FB68     		ldr	r3, [r7, #12]
 1783 0012 23F44073 		bic	r3, r3, #768
 1784 0016 FB60     		str	r3, [r7, #12]
 694:../../../firmware/n32h7xx_std_periph_driver/src/n32h7xx_pwr.c ****     /* Set the new values */
 695:../../../firmware/n32h7xx_std_periph_driver/src/n32h7xx_pwr.c ****     tempreg |= Mode; 
 1785              		.loc 1 695 13
 1786 0018 FA68     		ldr	r2, [r7, #12]
 1787 001a 7B68     		ldr	r3, [r7, #4]
 1788 001c 1343     		orrs	r3, r3, r2
 1789 001e FB60     		str	r3, [r7, #12]
 696:../../../firmware/n32h7xx_std_periph_driver/src/n32h7xx_pwr.c ****     /* Store the new values */
 697:../../../firmware/n32h7xx_std_periph_driver/src/n32h7xx_pwr.c ****     PWR->SYSMEMLPCTRL = tempreg;
 1790              		.loc 1 697 8
 1791 0020 044A     		ldr	r2, .L115
 1792              		.loc 1 697 23
 1793 0022 FB68     		ldr	r3, [r7, #12]
 1794 0024 C2F8A030 		str	r3, [r2, #160]
 698:../../../firmware/n32h7xx_std_periph_driver/src/n32h7xx_pwr.c **** }
 1795              		.loc 1 698 1
 1796 0028 00BF     		nop
 1797 002a 1437     		adds	r7, r7, #20
 1798              	.LCFI113:
 1799              		.cfi_def_cfa_offset 4
 1800 002c BD46     		mov	sp, r7
 1801              	.LCFI114:
 1802              		.cfi_def_cfa_register 13
 1803              		@ sp needed
 1804 002e 80BC     		pop	{r7}
 1805              	.LCFI115:
 1806              		.cfi_restore 7
 1807              		.cfi_def_cfa_offset 0
 1808 0030 7047     		bx	lr
 1809              	.L116:
 1810 0032 00BF     		.align	2
 1811              	.L115:
 1812 0034 00100358 		.word	1476595712
 1813              		.cfi_endproc
 1814              	.LFE154:
 1816              		.section	.text.PWR_EnableSystemMemory,"ax",%progbits
 1817              		.align	1
 1818              		.global	PWR_EnableSystemMemory
 1819              		.syntax unified
ARM GAS  /tmp/ccfMwLzE.s 			page 45


 1820              		.thumb
 1821              		.thumb_func
 1823              	PWR_EnableSystemMemory:
 1824              	.LFB155:
 699:../../../firmware/n32h7xx_std_periph_driver/src/n32h7xx_pwr.c **** 
 700:../../../firmware/n32h7xx_std_periph_driver/src/n32h7xx_pwr.c **** /**
 701:../../../firmware/n32h7xx_std_periph_driver/src/n32h7xx_pwr.c **** *\*\name    PWR_EnableSystemMemory.
 702:../../../firmware/n32h7xx_std_periph_driver/src/n32h7xx_pwr.c **** *\*\fun     Enable or disable system memory power when the system in SYSTEM_RUN mode.
 703:../../../firmware/n32h7xx_std_periph_driver/src/n32h7xx_pwr.c **** *\*\param   SysMemoryType (The input parameters must be the following values):
 704:../../../firmware/n32h7xx_std_periph_driver/src/n32h7xx_pwr.c **** *\*\          - SYSTEM_MEMORY_AXISRAM 
 705:../../../firmware/n32h7xx_std_periph_driver/src/n32h7xx_pwr.c **** *\*\          - SYSTEM_MEMORY_AHBSRAM1 
 706:../../../firmware/n32h7xx_std_periph_driver/src/n32h7xx_pwr.c **** *\*\          - SYSTEM_MEMORY_AHBSRAM2 
 707:../../../firmware/n32h7xx_std_periph_driver/src/n32h7xx_pwr.c **** *\*\          - SYSTEM_MEMORY_AHBSRAM3 
 708:../../../firmware/n32h7xx_std_periph_driver/src/n32h7xx_pwr.c **** *\*\          - SYSTEM_MEMORY_AHBSRAM4 
 709:../../../firmware/n32h7xx_std_periph_driver/src/n32h7xx_pwr.c **** *\*\          - SYSTEM_MEMORY_AHBSRAM5S1 
 710:../../../firmware/n32h7xx_std_periph_driver/src/n32h7xx_pwr.c **** *\*\          - SYSTEM_MEMORY_AHBSRAM5S2 
 711:../../../firmware/n32h7xx_std_periph_driver/src/n32h7xx_pwr.c **** *\*\param   Cmd :
 712:../../../firmware/n32h7xx_std_periph_driver/src/n32h7xx_pwr.c **** *\*\          - ENABLE
 713:../../../firmware/n32h7xx_std_periph_driver/src/n32h7xx_pwr.c **** *\*\          - DISABLE 
 714:../../../firmware/n32h7xx_std_periph_driver/src/n32h7xx_pwr.c **** *\*\return  none
 715:../../../firmware/n32h7xx_std_periph_driver/src/n32h7xx_pwr.c **** **/
 716:../../../firmware/n32h7xx_std_periph_driver/src/n32h7xx_pwr.c **** void PWR_EnableSystemMemory(SYSTEM_MEMORY_TYPE SysMemoryType, FunctionalState Cmd)
 717:../../../firmware/n32h7xx_std_periph_driver/src/n32h7xx_pwr.c **** {
 1825              		.loc 1 717 1
 1826              		.cfi_startproc
 1827              		@ args = 0, pretend = 0, frame = 16
 1828              		@ frame_needed = 1, uses_anonymous_args = 0
 1829              		@ link register save eliminated.
 1830 0000 80B4     		push	{r7}
 1831              	.LCFI116:
 1832              		.cfi_def_cfa_offset 4
 1833              		.cfi_offset 7, -4
 1834 0002 85B0     		sub	sp, sp, #20
 1835              	.LCFI117:
 1836              		.cfi_def_cfa_offset 24
 1837 0004 00AF     		add	r7, sp, #0
 1838              	.LCFI118:
 1839              		.cfi_def_cfa_register 7
 1840 0006 0346     		mov	r3, r0
 1841 0008 0A46     		mov	r2, r1
 1842 000a FB71     		strb	r3, [r7, #7]
 1843 000c 1346     		mov	r3, r2
 1844 000e BB71     		strb	r3, [r7, #6]
 718:../../../firmware/n32h7xx_std_periph_driver/src/n32h7xx_pwr.c ****     uint8_t bitoffset ;
 719:../../../firmware/n32h7xx_std_periph_driver/src/n32h7xx_pwr.c **** 
 720:../../../firmware/n32h7xx_std_periph_driver/src/n32h7xx_pwr.c ****     bitoffset = (uint8_t)SysMemoryType;
 1845              		.loc 1 720 15
 1846 0010 FB79     		ldrb	r3, [r7, #7]
 1847 0012 FB73     		strb	r3, [r7, #15]
 721:../../../firmware/n32h7xx_std_periph_driver/src/n32h7xx_pwr.c ****     if(Cmd == ENABLE)
 1848              		.loc 1 721 7
 1849 0014 BB79     		ldrb	r3, [r7, #6]	@ zero_extendqisi2
 1850 0016 012B     		cmp	r3, #1
 1851 0018 0CD1     		bne	.L118
 722:../../../firmware/n32h7xx_std_periph_driver/src/n32h7xx_pwr.c ****     {
 723:../../../firmware/n32h7xx_std_periph_driver/src/n32h7xx_pwr.c ****         /* Enable system memory power */
 724:../../../firmware/n32h7xx_std_periph_driver/src/n32h7xx_pwr.c ****         PWR->SYSMEMLPCTRL &= (~((uint32_t)0x01u << bitoffset));
ARM GAS  /tmp/ccfMwLzE.s 			page 46


 1852              		.loc 1 724 12
 1853 001a 0E4B     		ldr	r3, .L121
 1854 001c D3F8A020 		ldr	r2, [r3, #160]
 1855              		.loc 1 724 49
 1856 0020 FB7B     		ldrb	r3, [r7, #15]	@ zero_extendqisi2
 1857 0022 0121     		movs	r1, #1
 1858 0024 01FA03F3 		lsl	r3, r1, r3
 1859              		.loc 1 724 31
 1860 0028 DB43     		mvns	r3, r3
 1861              		.loc 1 724 12
 1862 002a 0A49     		ldr	r1, .L121
 1863              		.loc 1 724 27
 1864 002c 1340     		ands	r3, r3, r2
 1865 002e C1F8A030 		str	r3, [r1, #160]
 725:../../../firmware/n32h7xx_std_periph_driver/src/n32h7xx_pwr.c ****     }
 726:../../../firmware/n32h7xx_std_periph_driver/src/n32h7xx_pwr.c ****     else
 727:../../../firmware/n32h7xx_std_periph_driver/src/n32h7xx_pwr.c ****     {
 728:../../../firmware/n32h7xx_std_periph_driver/src/n32h7xx_pwr.c ****         /* Disable system memory power */
 729:../../../firmware/n32h7xx_std_periph_driver/src/n32h7xx_pwr.c ****         PWR->SYSMEMLPCTRL |= ((uint32_t)0x01u << bitoffset);
 730:../../../firmware/n32h7xx_std_periph_driver/src/n32h7xx_pwr.c ****     }
 731:../../../firmware/n32h7xx_std_periph_driver/src/n32h7xx_pwr.c **** }
 1866              		.loc 1 731 1
 1867 0032 0AE0     		b	.L120
 1868              	.L118:
 729:../../../firmware/n32h7xx_std_periph_driver/src/n32h7xx_pwr.c ****     }
 1869              		.loc 1 729 12
 1870 0034 074B     		ldr	r3, .L121
 1871 0036 D3F8A020 		ldr	r2, [r3, #160]
 729:../../../firmware/n32h7xx_std_periph_driver/src/n32h7xx_pwr.c ****     }
 1872              		.loc 1 729 47
 1873 003a FB7B     		ldrb	r3, [r7, #15]	@ zero_extendqisi2
 1874 003c 0121     		movs	r1, #1
 1875 003e 01FA03F3 		lsl	r3, r1, r3
 729:../../../firmware/n32h7xx_std_periph_driver/src/n32h7xx_pwr.c ****     }
 1876              		.loc 1 729 12
 1877 0042 0449     		ldr	r1, .L121
 729:../../../firmware/n32h7xx_std_periph_driver/src/n32h7xx_pwr.c ****     }
 1878              		.loc 1 729 27
 1879 0044 1343     		orrs	r3, r3, r2
 1880 0046 C1F8A030 		str	r3, [r1, #160]
 1881              	.L120:
 1882              		.loc 1 731 1
 1883 004a 00BF     		nop
 1884 004c 1437     		adds	r7, r7, #20
 1885              	.LCFI119:
 1886              		.cfi_def_cfa_offset 4
 1887 004e BD46     		mov	sp, r7
 1888              	.LCFI120:
 1889              		.cfi_def_cfa_register 13
 1890              		@ sp needed
 1891 0050 80BC     		pop	{r7}
 1892              	.LCFI121:
 1893              		.cfi_restore 7
 1894              		.cfi_def_cfa_offset 0
 1895 0052 7047     		bx	lr
 1896              	.L122:
 1897              		.align	2
ARM GAS  /tmp/ccfMwLzE.s 			page 47


 1898              	.L121:
 1899 0054 00100358 		.word	1476595712
 1900              		.cfi_endproc
 1901              	.LFE155:
 1903              		.section	.text.PWR_HSC1_HSC2_GRAPHIC_DomainEnable,"ax",%progbits
 1904              		.align	1
 1905              		.syntax unified
 1906              		.thumb
 1907              		.thumb_func
 1909              	PWR_HSC1_HSC2_GRAPHIC_DomainEnable:
 1910              	.LFB156:
 732:../../../firmware/n32h7xx_std_periph_driver/src/n32h7xx_pwr.c **** /**
 733:../../../firmware/n32h7xx_std_periph_driver/src/n32h7xx_pwr.c **** *\*\name    PWR_HSC1_HSC2_GRAPHIC_DomainEnable.
 734:../../../firmware/n32h7xx_std_periph_driver/src/n32h7xx_pwr.c **** *\*\fun     Enables or disables HSC1/HSC2/Grpahic Domain power.
 735:../../../firmware/n32h7xx_std_periph_driver/src/n32h7xx_pwr.c **** *\*\param   DOMAIN_Type:
 736:../../../firmware/n32h7xx_std_periph_driver/src/n32h7xx_pwr.c **** *\*\          - HSC1_Domain
 737:../../../firmware/n32h7xx_std_periph_driver/src/n32h7xx_pwr.c **** *\*\          - HSC2_Domain
 738:../../../firmware/n32h7xx_std_periph_driver/src/n32h7xx_pwr.c **** *\*\          - GRAPHIC_Domain
 739:../../../firmware/n32h7xx_std_periph_driver/src/n32h7xx_pwr.c **** *\*\param   Cmd :
 740:../../../firmware/n32h7xx_std_periph_driver/src/n32h7xx_pwr.c **** *\*\          - ENABLE
 741:../../../firmware/n32h7xx_std_periph_driver/src/n32h7xx_pwr.c **** *\*\          - DISABLE
 742:../../../firmware/n32h7xx_std_periph_driver/src/n32h7xx_pwr.c **** *\*\return  none
 743:../../../firmware/n32h7xx_std_periph_driver/src/n32h7xx_pwr.c **** **/
 744:../../../firmware/n32h7xx_std_periph_driver/src/n32h7xx_pwr.c **** static void PWR_HSC1_HSC2_GRAPHIC_DomainEnable(DOMAIN_Type DomainType, FunctionalState Cmd)
 745:../../../firmware/n32h7xx_std_periph_driver/src/n32h7xx_pwr.c **** {
 1911              		.loc 1 745 1
 1912              		.cfi_startproc
 1913              		@ args = 0, pretend = 0, frame = 8
 1914              		@ frame_needed = 1, uses_anonymous_args = 0
 1915              		@ link register save eliminated.
 1916 0000 80B4     		push	{r7}
 1917              	.LCFI122:
 1918              		.cfi_def_cfa_offset 4
 1919              		.cfi_offset 7, -4
 1920 0002 83B0     		sub	sp, sp, #12
 1921              	.LCFI123:
 1922              		.cfi_def_cfa_offset 16
 1923 0004 00AF     		add	r7, sp, #0
 1924              	.LCFI124:
 1925              		.cfi_def_cfa_register 7
 1926 0006 0346     		mov	r3, r0
 1927 0008 0A46     		mov	r2, r1
 1928 000a FB71     		strb	r3, [r7, #7]
 1929 000c 1346     		mov	r3, r2
 1930 000e BB71     		strb	r3, [r7, #6]
 746:../../../firmware/n32h7xx_std_periph_driver/src/n32h7xx_pwr.c ****     if(Cmd == ENABLE)
 1931              		.loc 1 746 7
 1932 0010 BB79     		ldrb	r3, [r7, #6]	@ zero_extendqisi2
 1933 0012 012B     		cmp	r3, #1
 1934 0014 36D1     		bne	.L124
 747:../../../firmware/n32h7xx_std_periph_driver/src/n32h7xx_pwr.c ****     {
 748:../../../firmware/n32h7xx_std_periph_driver/src/n32h7xx_pwr.c ****         /*Select the switcher mode  */
 749:../../../firmware/n32h7xx_std_periph_driver/src/n32h7xx_pwr.c ****         PWR->SYSCTRL3 |= (PWR_SYSCTRL3_GRC_PSWACK1<< DomainType);
 1935              		.loc 1 749 12
 1936 0016 354B     		ldr	r3, .L129
 1937 0018 DA6C     		ldr	r2, [r3, #76]
 1938              		.loc 1 749 51
ARM GAS  /tmp/ccfMwLzE.s 			page 48


 1939 001a FB79     		ldrb	r3, [r7, #7]	@ zero_extendqisi2
 1940 001c 4FF48011 		mov	r1, #1048576
 1941 0020 01FA03F3 		lsl	r3, r1, r3
 1942              		.loc 1 749 12
 1943 0024 3149     		ldr	r1, .L129
 1944              		.loc 1 749 23
 1945 0026 1343     		orrs	r3, r3, r2
 1946 0028 CB64     		str	r3, [r1, #76]
 750:../../../firmware/n32h7xx_std_periph_driver/src/n32h7xx_pwr.c ****         /*Enable the domain power */
 751:../../../firmware/n32h7xx_std_periph_driver/src/n32h7xx_pwr.c ****         PWR->SYSCTRL3 |= (PWR_SYSCTRL3_GRC_PWREN<< DomainType);
 1947              		.loc 1 751 12
 1948 002a 304B     		ldr	r3, .L129
 1949 002c DA6C     		ldr	r2, [r3, #76]
 1950              		.loc 1 751 49
 1951 002e FB79     		ldrb	r3, [r7, #7]	@ zero_extendqisi2
 1952 0030 0121     		movs	r1, #1
 1953 0032 01FA03F3 		lsl	r3, r1, r3
 1954              		.loc 1 751 12
 1955 0036 2D49     		ldr	r1, .L129
 1956              		.loc 1 751 23
 1957 0038 1343     		orrs	r3, r3, r2
 1958 003a CB64     		str	r3, [r1, #76]
 752:../../../firmware/n32h7xx_std_periph_driver/src/n32h7xx_pwr.c ****         /*wait power on ready flag */
 753:../../../firmware/n32h7xx_std_periph_driver/src/n32h7xx_pwr.c ****         while( (PWR->SYSCTRL3& (PWR_SYSCTRL3_GRC_PWRRDY<< DomainType)) != (PWR_SYSCTRL3_GRC_PWRRDY<
 1959              		.loc 1 753 14
 1960 003c 00BF     		nop
 1961              	.L125:
 1962              		.loc 1 753 20 discriminator 1
 1963 003e 2B4B     		ldr	r3, .L129
 1964 0040 DA6C     		ldr	r2, [r3, #76]
 1965              		.loc 1 753 56 discriminator 1
 1966 0042 FB79     		ldrb	r3, [r7, #7]	@ zero_extendqisi2
 1967 0044 4FF48031 		mov	r1, #65536
 1968 0048 01FA03F3 		lsl	r3, r1, r3
 1969              		.loc 1 753 30 discriminator 1
 1970 004c 1A40     		ands	r2, r2, r3
 1971              		.loc 1 753 99 discriminator 1
 1972 004e FB79     		ldrb	r3, [r7, #7]	@ zero_extendqisi2
 1973 0050 4FF48031 		mov	r1, #65536
 1974 0054 01FA03F3 		lsl	r3, r1, r3
 1975              		.loc 1 753 72 discriminator 1
 1976 0058 9A42     		cmp	r2, r3
 1977 005a F0D1     		bne	.L125
 754:../../../firmware/n32h7xx_std_periph_driver/src/n32h7xx_pwr.c ****         /*Set domain out of reset state*/
 755:../../../firmware/n32h7xx_std_periph_driver/src/n32h7xx_pwr.c ****         PWR->SYSCTRL3 |= (PWR_SYSCTRL3_GRC_FUCEN<< DomainType);
 1978              		.loc 1 755 12
 1979 005c 234B     		ldr	r3, .L129
 1980 005e DA6C     		ldr	r2, [r3, #76]
 1981              		.loc 1 755 49
 1982 0060 FB79     		ldrb	r3, [r7, #7]	@ zero_extendqisi2
 1983 0062 1021     		movs	r1, #16
 1984 0064 01FA03F3 		lsl	r3, r1, r3
 1985              		.loc 1 755 12
 1986 0068 2049     		ldr	r1, .L129
 1987              		.loc 1 755 23
 1988 006a 1343     		orrs	r3, r3, r2
 1989 006c CB64     		str	r3, [r1, #76]
ARM GAS  /tmp/ccfMwLzE.s 			page 49


 756:../../../firmware/n32h7xx_std_periph_driver/src/n32h7xx_pwr.c ****         /* remove isolation on domain output signals*/
 757:../../../firmware/n32h7xx_std_periph_driver/src/n32h7xx_pwr.c ****         PWR->SYSCTRL3 |= (PWR_SYSCTRL3_GRC_ISNEN<< DomainType);
 1990              		.loc 1 757 12
 1991 006e 1F4B     		ldr	r3, .L129
 1992 0070 DA6C     		ldr	r2, [r3, #76]
 1993              		.loc 1 757 49
 1994 0072 FB79     		ldrb	r3, [r7, #7]	@ zero_extendqisi2
 1995 0074 4FF48071 		mov	r1, #256
 1996 0078 01FA03F3 		lsl	r3, r1, r3
 1997              		.loc 1 757 12
 1998 007c 1B49     		ldr	r1, .L129
 1999              		.loc 1 757 23
 2000 007e 1343     		orrs	r3, r3, r2
 2001 0080 CB64     		str	r3, [r1, #76]
 758:../../../firmware/n32h7xx_std_periph_driver/src/n32h7xx_pwr.c ****     }
 759:../../../firmware/n32h7xx_std_periph_driver/src/n32h7xx_pwr.c ****     else
 760:../../../firmware/n32h7xx_std_periph_driver/src/n32h7xx_pwr.c ****     {
 761:../../../firmware/n32h7xx_std_periph_driver/src/n32h7xx_pwr.c ****         /* Apply isolation on domain domain output signals*/
 762:../../../firmware/n32h7xx_std_periph_driver/src/n32h7xx_pwr.c ****         PWR->SYSCTRL3 &= ~(PWR_SYSCTRL3_GRC_ISNEN<< DomainType);
 763:../../../firmware/n32h7xx_std_periph_driver/src/n32h7xx_pwr.c ****         /*Set domain domain reset state*/
 764:../../../firmware/n32h7xx_std_periph_driver/src/n32h7xx_pwr.c ****         PWR->SYSCTRL3 &= ~(PWR_SYSCTRL3_GRC_FUCEN<< DomainType);
 765:../../../firmware/n32h7xx_std_periph_driver/src/n32h7xx_pwr.c ****         /*Disable the domain power */
 766:../../../firmware/n32h7xx_std_periph_driver/src/n32h7xx_pwr.c ****         PWR->SYSCTRL3 &= ~(PWR_SYSCTRL3_GRC_PWREN<< DomainType);
 767:../../../firmware/n32h7xx_std_periph_driver/src/n32h7xx_pwr.c **** 
 768:../../../firmware/n32h7xx_std_periph_driver/src/n32h7xx_pwr.c ****         /*wait the power down ready flag */
 769:../../../firmware/n32h7xx_std_periph_driver/src/n32h7xx_pwr.c ****         while((PWR->SYSCTRL3& (PWR_SYSCTRL3_GRC_PWRRDY<< DomainType)) == (PWR_SYSCTRL3_GRC_PWRRDY<<
 770:../../../firmware/n32h7xx_std_periph_driver/src/n32h7xx_pwr.c ****     }
 771:../../../firmware/n32h7xx_std_periph_driver/src/n32h7xx_pwr.c **** }
 2002              		.loc 1 771 1
 2003 0082 2EE0     		b	.L128
 2004              	.L124:
 762:../../../firmware/n32h7xx_std_periph_driver/src/n32h7xx_pwr.c ****         /*Set domain domain reset state*/
 2005              		.loc 1 762 12
 2006 0084 194B     		ldr	r3, .L129
 2007 0086 DA6C     		ldr	r2, [r3, #76]
 762:../../../firmware/n32h7xx_std_periph_driver/src/n32h7xx_pwr.c ****         /*Set domain domain reset state*/
 2008              		.loc 1 762 50
 2009 0088 FB79     		ldrb	r3, [r7, #7]	@ zero_extendqisi2
 2010 008a 4FF48071 		mov	r1, #256
 2011 008e 01FA03F3 		lsl	r3, r1, r3
 762:../../../firmware/n32h7xx_std_periph_driver/src/n32h7xx_pwr.c ****         /*Set domain domain reset state*/
 2012              		.loc 1 762 26
 2013 0092 DB43     		mvns	r3, r3
 762:../../../firmware/n32h7xx_std_periph_driver/src/n32h7xx_pwr.c ****         /*Set domain domain reset state*/
 2014              		.loc 1 762 12
 2015 0094 1549     		ldr	r1, .L129
 762:../../../firmware/n32h7xx_std_periph_driver/src/n32h7xx_pwr.c ****         /*Set domain domain reset state*/
 2016              		.loc 1 762 23
 2017 0096 1340     		ands	r3, r3, r2
 2018 0098 CB64     		str	r3, [r1, #76]
 764:../../../firmware/n32h7xx_std_periph_driver/src/n32h7xx_pwr.c ****         /*Disable the domain power */
 2019              		.loc 1 764 12
 2020 009a 144B     		ldr	r3, .L129
 2021 009c DA6C     		ldr	r2, [r3, #76]
 764:../../../firmware/n32h7xx_std_periph_driver/src/n32h7xx_pwr.c ****         /*Disable the domain power */
 2022              		.loc 1 764 50
 2023 009e FB79     		ldrb	r3, [r7, #7]	@ zero_extendqisi2
ARM GAS  /tmp/ccfMwLzE.s 			page 50


 2024 00a0 1021     		movs	r1, #16
 2025 00a2 01FA03F3 		lsl	r3, r1, r3
 764:../../../firmware/n32h7xx_std_periph_driver/src/n32h7xx_pwr.c ****         /*Disable the domain power */
 2026              		.loc 1 764 26
 2027 00a6 DB43     		mvns	r3, r3
 764:../../../firmware/n32h7xx_std_periph_driver/src/n32h7xx_pwr.c ****         /*Disable the domain power */
 2028              		.loc 1 764 12
 2029 00a8 1049     		ldr	r1, .L129
 764:../../../firmware/n32h7xx_std_periph_driver/src/n32h7xx_pwr.c ****         /*Disable the domain power */
 2030              		.loc 1 764 23
 2031 00aa 1340     		ands	r3, r3, r2
 2032 00ac CB64     		str	r3, [r1, #76]
 766:../../../firmware/n32h7xx_std_periph_driver/src/n32h7xx_pwr.c **** 
 2033              		.loc 1 766 12
 2034 00ae 0F4B     		ldr	r3, .L129
 2035 00b0 DA6C     		ldr	r2, [r3, #76]
 766:../../../firmware/n32h7xx_std_periph_driver/src/n32h7xx_pwr.c **** 
 2036              		.loc 1 766 50
 2037 00b2 FB79     		ldrb	r3, [r7, #7]	@ zero_extendqisi2
 2038 00b4 0121     		movs	r1, #1
 2039 00b6 01FA03F3 		lsl	r3, r1, r3
 766:../../../firmware/n32h7xx_std_periph_driver/src/n32h7xx_pwr.c **** 
 2040              		.loc 1 766 26
 2041 00ba DB43     		mvns	r3, r3
 766:../../../firmware/n32h7xx_std_periph_driver/src/n32h7xx_pwr.c **** 
 2042              		.loc 1 766 12
 2043 00bc 0B49     		ldr	r1, .L129
 766:../../../firmware/n32h7xx_std_periph_driver/src/n32h7xx_pwr.c **** 
 2044              		.loc 1 766 23
 2045 00be 1340     		ands	r3, r3, r2
 2046 00c0 CB64     		str	r3, [r1, #76]
 769:../../../firmware/n32h7xx_std_periph_driver/src/n32h7xx_pwr.c ****     }
 2047              		.loc 1 769 14
 2048 00c2 00BF     		nop
 2049              	.L127:
 769:../../../firmware/n32h7xx_std_periph_driver/src/n32h7xx_pwr.c ****     }
 2050              		.loc 1 769 19 discriminator 1
 2051 00c4 094B     		ldr	r3, .L129
 2052 00c6 DA6C     		ldr	r2, [r3, #76]
 769:../../../firmware/n32h7xx_std_periph_driver/src/n32h7xx_pwr.c ****     }
 2053              		.loc 1 769 55 discriminator 1
 2054 00c8 FB79     		ldrb	r3, [r7, #7]	@ zero_extendqisi2
 2055 00ca 4FF48031 		mov	r1, #65536
 2056 00ce 01FA03F3 		lsl	r3, r1, r3
 769:../../../firmware/n32h7xx_std_periph_driver/src/n32h7xx_pwr.c ****     }
 2057              		.loc 1 769 29 discriminator 1
 2058 00d2 1A40     		ands	r2, r2, r3
 769:../../../firmware/n32h7xx_std_periph_driver/src/n32h7xx_pwr.c ****     }
 2059              		.loc 1 769 98 discriminator 1
 2060 00d4 FB79     		ldrb	r3, [r7, #7]	@ zero_extendqisi2
 2061 00d6 4FF48031 		mov	r1, #65536
 2062 00da 01FA03F3 		lsl	r3, r1, r3
 769:../../../firmware/n32h7xx_std_periph_driver/src/n32h7xx_pwr.c ****     }
 2063              		.loc 1 769 71 discriminator 1
 2064 00de 9A42     		cmp	r2, r3
 2065 00e0 F0D0     		beq	.L127
 2066              	.L128:
ARM GAS  /tmp/ccfMwLzE.s 			page 51


 2067              		.loc 1 771 1
 2068 00e2 00BF     		nop
 2069 00e4 0C37     		adds	r7, r7, #12
 2070              	.LCFI125:
 2071              		.cfi_def_cfa_offset 4
 2072 00e6 BD46     		mov	sp, r7
 2073              	.LCFI126:
 2074              		.cfi_def_cfa_register 13
 2075              		@ sp needed
 2076 00e8 80BC     		pop	{r7}
 2077              	.LCFI127:
 2078              		.cfi_restore 7
 2079              		.cfi_def_cfa_offset 0
 2080 00ea 7047     		bx	lr
 2081              	.L130:
 2082              		.align	2
 2083              	.L129:
 2084 00ec 00100358 		.word	1476595712
 2085              		.cfi_endproc
 2086              	.LFE156:
 2088              		.section	.text.PWR_ESC_DomainEnable,"ax",%progbits
 2089              		.align	1
 2090              		.syntax unified
 2091              		.thumb
 2092              		.thumb_func
 2094              	PWR_ESC_DomainEnable:
 2095              	.LFB157:
 772:../../../firmware/n32h7xx_std_periph_driver/src/n32h7xx_pwr.c **** 
 773:../../../firmware/n32h7xx_std_periph_driver/src/n32h7xx_pwr.c **** 
 774:../../../firmware/n32h7xx_std_periph_driver/src/n32h7xx_pwr.c **** /**
 775:../../../firmware/n32h7xx_std_periph_driver/src/n32h7xx_pwr.c **** *\*\name    PWR_ESC_DomainEnable.
 776:../../../firmware/n32h7xx_std_periph_driver/src/n32h7xx_pwr.c **** *\*\fun     Enables or disables ESC Domain power.
 777:../../../firmware/n32h7xx_std_periph_driver/src/n32h7xx_pwr.c **** *\*\param   Cmd :
 778:../../../firmware/n32h7xx_std_periph_driver/src/n32h7xx_pwr.c **** *\*\          - ENABLE
 779:../../../firmware/n32h7xx_std_periph_driver/src/n32h7xx_pwr.c **** *\*\          - DISABLE
 780:../../../firmware/n32h7xx_std_periph_driver/src/n32h7xx_pwr.c **** *\*\return  none
 781:../../../firmware/n32h7xx_std_periph_driver/src/n32h7xx_pwr.c **** **/
 782:../../../firmware/n32h7xx_std_periph_driver/src/n32h7xx_pwr.c **** static void PWR_ESC_DomainEnable(FunctionalState Cmd)
 783:../../../firmware/n32h7xx_std_periph_driver/src/n32h7xx_pwr.c **** {
 2096              		.loc 1 783 1
 2097              		.cfi_startproc
 2098              		@ args = 0, pretend = 0, frame = 8
 2099              		@ frame_needed = 1, uses_anonymous_args = 0
 2100              		@ link register save eliminated.
 2101 0000 80B4     		push	{r7}
 2102              	.LCFI128:
 2103              		.cfi_def_cfa_offset 4
 2104              		.cfi_offset 7, -4
 2105 0002 83B0     		sub	sp, sp, #12
 2106              	.LCFI129:
 2107              		.cfi_def_cfa_offset 16
 2108 0004 00AF     		add	r7, sp, #0
 2109              	.LCFI130:
 2110              		.cfi_def_cfa_register 7
 2111 0006 0346     		mov	r3, r0
 2112 0008 FB71     		strb	r3, [r7, #7]
 784:../../../firmware/n32h7xx_std_periph_driver/src/n32h7xx_pwr.c ****   if(Cmd == ENABLE)
ARM GAS  /tmp/ccfMwLzE.s 			page 52


 2113              		.loc 1 784 5
 2114 000a FB79     		ldrb	r3, [r7, #7]	@ zero_extendqisi2
 2115 000c 012B     		cmp	r3, #1
 2116 000e 28D1     		bne	.L132
 785:../../../firmware/n32h7xx_std_periph_driver/src/n32h7xx_pwr.c ****   {
 786:../../../firmware/n32h7xx_std_periph_driver/src/n32h7xx_pwr.c ****       /*Select the switcher mode  */
 787:../../../firmware/n32h7xx_std_periph_driver/src/n32h7xx_pwr.c ****       PWR->ESCCTRL |= (ESC_PSWACK1);
 2117              		.loc 1 787 10
 2118 0010 264B     		ldr	r3, .L137
 2119 0012 D3F8B830 		ldr	r3, [r3, #184]
 2120 0016 254A     		ldr	r2, .L137
 2121              		.loc 1 787 20
 2122 0018 43F01003 		orr	r3, r3, #16
 2123 001c C2F8B830 		str	r3, [r2, #184]
 788:../../../firmware/n32h7xx_std_periph_driver/src/n32h7xx_pwr.c ****       /*Enable the ESC power */
 789:../../../firmware/n32h7xx_std_periph_driver/src/n32h7xx_pwr.c ****       PWR->ESCCTRL |= (ESC_POWER_ENABLE);
 2124              		.loc 1 789 10
 2125 0020 224B     		ldr	r3, .L137
 2126 0022 D3F8B830 		ldr	r3, [r3, #184]
 2127 0026 214A     		ldr	r2, .L137
 2128              		.loc 1 789 20
 2129 0028 43F00103 		orr	r3, r3, #1
 2130 002c C2F8B830 		str	r3, [r2, #184]
 790:../../../firmware/n32h7xx_std_periph_driver/src/n32h7xx_pwr.c ****       /*wait power on ready flag */
 791:../../../firmware/n32h7xx_std_periph_driver/src/n32h7xx_pwr.c ****       while((PWR->ESCCTRL& (ESC_POWER_RDY)) != ESC_POWER_RDY);
 2131              		.loc 1 791 12
 2132 0030 00BF     		nop
 2133              	.L133:
 2134              		.loc 1 791 17 discriminator 1
 2135 0032 1E4B     		ldr	r3, .L137
 2136 0034 D3F8B830 		ldr	r3, [r3, #184]
 2137              		.loc 1 791 26 discriminator 1
 2138 0038 03F00803 		and	r3, r3, #8
 2139              		.loc 1 791 45 discriminator 1
 2140 003c 082B     		cmp	r3, #8
 2141 003e F8D1     		bne	.L133
 792:../../../firmware/n32h7xx_std_periph_driver/src/n32h7xx_pwr.c ****       /*Set ESC out of reset state*/
 793:../../../firmware/n32h7xx_std_periph_driver/src/n32h7xx_pwr.c ****       PWR->ESCCTRL |= (ESC_FUNCTION_ENABLE);
 2142              		.loc 1 793 10
 2143 0040 1A4B     		ldr	r3, .L137
 2144 0042 D3F8B830 		ldr	r3, [r3, #184]
 2145 0046 194A     		ldr	r2, .L137
 2146              		.loc 1 793 20
 2147 0048 43F00203 		orr	r3, r3, #2
 2148 004c C2F8B830 		str	r3, [r2, #184]
 794:../../../firmware/n32h7xx_std_periph_driver/src/n32h7xx_pwr.c ****       /* remove isolation on ESC output signals*/
 795:../../../firmware/n32h7xx_std_periph_driver/src/n32h7xx_pwr.c ****       PWR->ESCCTRL |= (ESC_ISOLATION_ENABLE);
 2149              		.loc 1 795 10
 2150 0050 164B     		ldr	r3, .L137
 2151 0052 D3F8B830 		ldr	r3, [r3, #184]
 2152 0056 154A     		ldr	r2, .L137
 2153              		.loc 1 795 20
 2154 0058 43F00403 		orr	r3, r3, #4
 2155 005c C2F8B830 		str	r3, [r2, #184]
 796:../../../firmware/n32h7xx_std_periph_driver/src/n32h7xx_pwr.c ****   }
 797:../../../firmware/n32h7xx_std_periph_driver/src/n32h7xx_pwr.c ****   else
 798:../../../firmware/n32h7xx_std_periph_driver/src/n32h7xx_pwr.c ****   {
ARM GAS  /tmp/ccfMwLzE.s 			page 53


 799:../../../firmware/n32h7xx_std_periph_driver/src/n32h7xx_pwr.c ****       /* Apply isolation on ESC output signals*/
 800:../../../firmware/n32h7xx_std_periph_driver/src/n32h7xx_pwr.c ****       PWR->ESCCTRL &= ~(ESC_ISOLATION_ENABLE);
 801:../../../firmware/n32h7xx_std_periph_driver/src/n32h7xx_pwr.c ****       /*Set ESC reset state*/
 802:../../../firmware/n32h7xx_std_periph_driver/src/n32h7xx_pwr.c ****       PWR->ESCCTRL &= ~(ESC_FUNCTION_ENABLE);
 803:../../../firmware/n32h7xx_std_periph_driver/src/n32h7xx_pwr.c ****       /*Disable the ESC power */
 804:../../../firmware/n32h7xx_std_periph_driver/src/n32h7xx_pwr.c ****       PWR->ESCCTRL &= ~(ESC_POWER_ENABLE);
 805:../../../firmware/n32h7xx_std_periph_driver/src/n32h7xx_pwr.c **** 
 806:../../../firmware/n32h7xx_std_periph_driver/src/n32h7xx_pwr.c ****       /*wait the power down ready flag */
 807:../../../firmware/n32h7xx_std_periph_driver/src/n32h7xx_pwr.c ****       while((PWR->ESCCTRL& ESC_POWER_RDY) == ESC_POWER_RDY);
 808:../../../firmware/n32h7xx_std_periph_driver/src/n32h7xx_pwr.c ****   }
 809:../../../firmware/n32h7xx_std_periph_driver/src/n32h7xx_pwr.c **** }
 2156              		.loc 1 809 1
 2157 0060 1FE0     		b	.L136
 2158              	.L132:
 800:../../../firmware/n32h7xx_std_periph_driver/src/n32h7xx_pwr.c ****       /*Set ESC reset state*/
 2159              		.loc 1 800 10
 2160 0062 124B     		ldr	r3, .L137
 2161 0064 D3F8B830 		ldr	r3, [r3, #184]
 2162 0068 104A     		ldr	r2, .L137
 800:../../../firmware/n32h7xx_std_periph_driver/src/n32h7xx_pwr.c ****       /*Set ESC reset state*/
 2163              		.loc 1 800 20
 2164 006a 23F00403 		bic	r3, r3, #4
 2165 006e C2F8B830 		str	r3, [r2, #184]
 802:../../../firmware/n32h7xx_std_periph_driver/src/n32h7xx_pwr.c ****       /*Disable the ESC power */
 2166              		.loc 1 802 10
 2167 0072 0E4B     		ldr	r3, .L137
 2168 0074 D3F8B830 		ldr	r3, [r3, #184]
 2169 0078 0C4A     		ldr	r2, .L137
 802:../../../firmware/n32h7xx_std_periph_driver/src/n32h7xx_pwr.c ****       /*Disable the ESC power */
 2170              		.loc 1 802 20
 2171 007a 23F00203 		bic	r3, r3, #2
 2172 007e C2F8B830 		str	r3, [r2, #184]
 804:../../../firmware/n32h7xx_std_periph_driver/src/n32h7xx_pwr.c **** 
 2173              		.loc 1 804 10
 2174 0082 0A4B     		ldr	r3, .L137
 2175 0084 D3F8B830 		ldr	r3, [r3, #184]
 2176 0088 084A     		ldr	r2, .L137
 804:../../../firmware/n32h7xx_std_periph_driver/src/n32h7xx_pwr.c **** 
 2177              		.loc 1 804 20
 2178 008a 23F00103 		bic	r3, r3, #1
 2179 008e C2F8B830 		str	r3, [r2, #184]
 807:../../../firmware/n32h7xx_std_periph_driver/src/n32h7xx_pwr.c ****   }
 2180              		.loc 1 807 12
 2181 0092 00BF     		nop
 2182              	.L135:
 807:../../../firmware/n32h7xx_std_periph_driver/src/n32h7xx_pwr.c ****   }
 2183              		.loc 1 807 17 discriminator 1
 2184 0094 054B     		ldr	r3, .L137
 2185 0096 D3F8B830 		ldr	r3, [r3, #184]
 807:../../../firmware/n32h7xx_std_periph_driver/src/n32h7xx_pwr.c ****   }
 2186              		.loc 1 807 26 discriminator 1
 2187 009a 03F00803 		and	r3, r3, #8
 807:../../../firmware/n32h7xx_std_periph_driver/src/n32h7xx_pwr.c ****   }
 2188              		.loc 1 807 43 discriminator 1
 2189 009e 082B     		cmp	r3, #8
 2190 00a0 F8D0     		beq	.L135
 2191              	.L136:
ARM GAS  /tmp/ccfMwLzE.s 			page 54


 2192              		.loc 1 809 1
 2193 00a2 00BF     		nop
 2194 00a4 0C37     		adds	r7, r7, #12
 2195              	.LCFI131:
 2196              		.cfi_def_cfa_offset 4
 2197 00a6 BD46     		mov	sp, r7
 2198              	.LCFI132:
 2199              		.cfi_def_cfa_register 13
 2200              		@ sp needed
 2201 00a8 80BC     		pop	{r7}
 2202              	.LCFI133:
 2203              		.cfi_restore 7
 2204              		.cfi_def_cfa_offset 0
 2205 00aa 7047     		bx	lr
 2206              	.L138:
 2207              		.align	2
 2208              	.L137:
 2209 00ac 00100358 		.word	1476595712
 2210              		.cfi_endproc
 2211              	.LFE157:
 2213              		.section	.text.PWR_MDMA_DomainEnable,"ax",%progbits
 2214              		.align	1
 2215              		.global	PWR_MDMA_DomainEnable
 2216              		.syntax unified
 2217              		.thumb
 2218              		.thumb_func
 2220              	PWR_MDMA_DomainEnable:
 2221              	.LFB158:
 810:../../../firmware/n32h7xx_std_periph_driver/src/n32h7xx_pwr.c **** 
 811:../../../firmware/n32h7xx_std_periph_driver/src/n32h7xx_pwr.c **** /**
 812:../../../firmware/n32h7xx_std_periph_driver/src/n32h7xx_pwr.c **** *\*\name    PWR_MDMA_DomainEnable.
 813:../../../firmware/n32h7xx_std_periph_driver/src/n32h7xx_pwr.c **** *\*\fun     Enables or disables MDMA power.
 814:../../../firmware/n32h7xx_std_periph_driver/src/n32h7xx_pwr.c **** *\*\param   Cmd :
 815:../../../firmware/n32h7xx_std_periph_driver/src/n32h7xx_pwr.c **** *\*\          - ENABLE
 816:../../../firmware/n32h7xx_std_periph_driver/src/n32h7xx_pwr.c **** *\*\          - DISABLE
 817:../../../firmware/n32h7xx_std_periph_driver/src/n32h7xx_pwr.c **** *\*\return  none
 818:../../../firmware/n32h7xx_std_periph_driver/src/n32h7xx_pwr.c **** **/
 819:../../../firmware/n32h7xx_std_periph_driver/src/n32h7xx_pwr.c **** void PWR_MDMA_DomainEnable(FunctionalState Cmd)
 820:../../../firmware/n32h7xx_std_periph_driver/src/n32h7xx_pwr.c **** {
 2222              		.loc 1 820 1
 2223              		.cfi_startproc
 2224              		@ args = 0, pretend = 0, frame = 8
 2225              		@ frame_needed = 1, uses_anonymous_args = 0
 2226              		@ link register save eliminated.
 2227 0000 80B4     		push	{r7}
 2228              	.LCFI134:
 2229              		.cfi_def_cfa_offset 4
 2230              		.cfi_offset 7, -4
 2231 0002 83B0     		sub	sp, sp, #12
 2232              	.LCFI135:
 2233              		.cfi_def_cfa_offset 16
 2234 0004 00AF     		add	r7, sp, #0
 2235              	.LCFI136:
 2236              		.cfi_def_cfa_register 7
 2237 0006 0346     		mov	r3, r0
 2238 0008 FB71     		strb	r3, [r7, #7]
 821:../../../firmware/n32h7xx_std_periph_driver/src/n32h7xx_pwr.c ****   if(Cmd == ENABLE)
ARM GAS  /tmp/ccfMwLzE.s 			page 55


 2239              		.loc 1 821 5
 2240 000a FB79     		ldrb	r3, [r7, #7]	@ zero_extendqisi2
 2241 000c 012B     		cmp	r3, #1
 2242 000e 28D1     		bne	.L140
 822:../../../firmware/n32h7xx_std_periph_driver/src/n32h7xx_pwr.c ****   {
 823:../../../firmware/n32h7xx_std_periph_driver/src/n32h7xx_pwr.c ****       /*Select the switcher mode  */
 824:../../../firmware/n32h7xx_std_periph_driver/src/n32h7xx_pwr.c ****       PWR->MDMACTRL |= (MDMA_PSWACK1);
 2243              		.loc 1 824 10
 2244 0010 264B     		ldr	r3, .L145
 2245 0012 D3F8B430 		ldr	r3, [r3, #180]
 2246 0016 254A     		ldr	r2, .L145
 2247              		.loc 1 824 21
 2248 0018 43F01003 		orr	r3, r3, #16
 2249 001c C2F8B430 		str	r3, [r2, #180]
 825:../../../firmware/n32h7xx_std_periph_driver/src/n32h7xx_pwr.c ****       /*Enable the MDMA power */
 826:../../../firmware/n32h7xx_std_periph_driver/src/n32h7xx_pwr.c ****       PWR->MDMACTRL |= (MDMA_POWER_ENABLE);
 2250              		.loc 1 826 10
 2251 0020 224B     		ldr	r3, .L145
 2252 0022 D3F8B430 		ldr	r3, [r3, #180]
 2253 0026 214A     		ldr	r2, .L145
 2254              		.loc 1 826 21
 2255 0028 43F00103 		orr	r3, r3, #1
 2256 002c C2F8B430 		str	r3, [r2, #180]
 827:../../../firmware/n32h7xx_std_periph_driver/src/n32h7xx_pwr.c ****       /*wait power on ready flag */
 828:../../../firmware/n32h7xx_std_periph_driver/src/n32h7xx_pwr.c ****       while((PWR->MDMACTRL& (MDMA_POWER_RDY)) != MDMA_POWER_RDY);
 2257              		.loc 1 828 12
 2258 0030 00BF     		nop
 2259              	.L141:
 2260              		.loc 1 828 17 discriminator 1
 2261 0032 1E4B     		ldr	r3, .L145
 2262 0034 D3F8B430 		ldr	r3, [r3, #180]
 2263              		.loc 1 828 27 discriminator 1
 2264 0038 03F00803 		and	r3, r3, #8
 2265              		.loc 1 828 47 discriminator 1
 2266 003c 082B     		cmp	r3, #8
 2267 003e F8D1     		bne	.L141
 829:../../../firmware/n32h7xx_std_periph_driver/src/n32h7xx_pwr.c ****       /*Set MDMA out of reset state*/
 830:../../../firmware/n32h7xx_std_periph_driver/src/n32h7xx_pwr.c ****       PWR->MDMACTRL |= (MDMA_FUNCTION_ENABLE);
 2268              		.loc 1 830 10
 2269 0040 1A4B     		ldr	r3, .L145
 2270 0042 D3F8B430 		ldr	r3, [r3, #180]
 2271 0046 194A     		ldr	r2, .L145
 2272              		.loc 1 830 21
 2273 0048 43F00203 		orr	r3, r3, #2
 2274 004c C2F8B430 		str	r3, [r2, #180]
 831:../../../firmware/n32h7xx_std_periph_driver/src/n32h7xx_pwr.c ****       /* remove isolation on MDMA output signals*/
 832:../../../firmware/n32h7xx_std_periph_driver/src/n32h7xx_pwr.c ****       PWR->MDMACTRL |= (MDMA_ISOLATION_ENABLE);
 2275              		.loc 1 832 10
 2276 0050 164B     		ldr	r3, .L145
 2277 0052 D3F8B430 		ldr	r3, [r3, #180]
 2278 0056 154A     		ldr	r2, .L145
 2279              		.loc 1 832 21
 2280 0058 43F00403 		orr	r3, r3, #4
 2281 005c C2F8B430 		str	r3, [r2, #180]
 833:../../../firmware/n32h7xx_std_periph_driver/src/n32h7xx_pwr.c ****   }
 834:../../../firmware/n32h7xx_std_periph_driver/src/n32h7xx_pwr.c ****   else
 835:../../../firmware/n32h7xx_std_periph_driver/src/n32h7xx_pwr.c ****   {
ARM GAS  /tmp/ccfMwLzE.s 			page 56


 836:../../../firmware/n32h7xx_std_periph_driver/src/n32h7xx_pwr.c ****       /* Apply isolation on MDMA output signals*/
 837:../../../firmware/n32h7xx_std_periph_driver/src/n32h7xx_pwr.c ****       PWR->MDMACTRL &= ~(MDMA_ISOLATION_ENABLE);
 838:../../../firmware/n32h7xx_std_periph_driver/src/n32h7xx_pwr.c ****       /*Set MDMA reset state*/
 839:../../../firmware/n32h7xx_std_periph_driver/src/n32h7xx_pwr.c ****       PWR->MDMACTRL &= ~(MDMA_FUNCTION_ENABLE);
 840:../../../firmware/n32h7xx_std_periph_driver/src/n32h7xx_pwr.c ****       /*Disable the MDMA power */
 841:../../../firmware/n32h7xx_std_periph_driver/src/n32h7xx_pwr.c ****       PWR->MDMACTRL &= ~(MDMA_POWER_ENABLE);
 842:../../../firmware/n32h7xx_std_periph_driver/src/n32h7xx_pwr.c **** 
 843:../../../firmware/n32h7xx_std_periph_driver/src/n32h7xx_pwr.c ****       /*wait the power down ready flag */
 844:../../../firmware/n32h7xx_std_periph_driver/src/n32h7xx_pwr.c ****       while((PWR->MDMACTRL& MDMA_POWER_RDY) == MDMA_POWER_RDY); 
 845:../../../firmware/n32h7xx_std_periph_driver/src/n32h7xx_pwr.c ****   }
 846:../../../firmware/n32h7xx_std_periph_driver/src/n32h7xx_pwr.c **** }
 2282              		.loc 1 846 1
 2283 0060 1FE0     		b	.L144
 2284              	.L140:
 837:../../../firmware/n32h7xx_std_periph_driver/src/n32h7xx_pwr.c ****       /*Set MDMA reset state*/
 2285              		.loc 1 837 10
 2286 0062 124B     		ldr	r3, .L145
 2287 0064 D3F8B430 		ldr	r3, [r3, #180]
 2288 0068 104A     		ldr	r2, .L145
 837:../../../firmware/n32h7xx_std_periph_driver/src/n32h7xx_pwr.c ****       /*Set MDMA reset state*/
 2289              		.loc 1 837 21
 2290 006a 23F00403 		bic	r3, r3, #4
 2291 006e C2F8B430 		str	r3, [r2, #180]
 839:../../../firmware/n32h7xx_std_periph_driver/src/n32h7xx_pwr.c ****       /*Disable the MDMA power */
 2292              		.loc 1 839 10
 2293 0072 0E4B     		ldr	r3, .L145
 2294 0074 D3F8B430 		ldr	r3, [r3, #180]
 2295 0078 0C4A     		ldr	r2, .L145
 839:../../../firmware/n32h7xx_std_periph_driver/src/n32h7xx_pwr.c ****       /*Disable the MDMA power */
 2296              		.loc 1 839 21
 2297 007a 23F00203 		bic	r3, r3, #2
 2298 007e C2F8B430 		str	r3, [r2, #180]
 841:../../../firmware/n32h7xx_std_periph_driver/src/n32h7xx_pwr.c **** 
 2299              		.loc 1 841 10
 2300 0082 0A4B     		ldr	r3, .L145
 2301 0084 D3F8B430 		ldr	r3, [r3, #180]
 2302 0088 084A     		ldr	r2, .L145
 841:../../../firmware/n32h7xx_std_periph_driver/src/n32h7xx_pwr.c **** 
 2303              		.loc 1 841 21
 2304 008a 23F00103 		bic	r3, r3, #1
 2305 008e C2F8B430 		str	r3, [r2, #180]
 844:../../../firmware/n32h7xx_std_periph_driver/src/n32h7xx_pwr.c ****   }
 2306              		.loc 1 844 12
 2307 0092 00BF     		nop
 2308              	.L143:
 844:../../../firmware/n32h7xx_std_periph_driver/src/n32h7xx_pwr.c ****   }
 2309              		.loc 1 844 17 discriminator 1
 2310 0094 054B     		ldr	r3, .L145
 2311 0096 D3F8B430 		ldr	r3, [r3, #180]
 844:../../../firmware/n32h7xx_std_periph_driver/src/n32h7xx_pwr.c ****   }
 2312              		.loc 1 844 27 discriminator 1
 2313 009a 03F00803 		and	r3, r3, #8
 844:../../../firmware/n32h7xx_std_periph_driver/src/n32h7xx_pwr.c ****   }
 2314              		.loc 1 844 45 discriminator 1
 2315 009e 082B     		cmp	r3, #8
 2316 00a0 F8D0     		beq	.L143
 2317              	.L144:
ARM GAS  /tmp/ccfMwLzE.s 			page 57


 2318              		.loc 1 846 1
 2319 00a2 00BF     		nop
 2320 00a4 0C37     		adds	r7, r7, #12
 2321              	.LCFI137:
 2322              		.cfi_def_cfa_offset 4
 2323 00a6 BD46     		mov	sp, r7
 2324              	.LCFI138:
 2325              		.cfi_def_cfa_register 13
 2326              		@ sp needed
 2327 00a8 80BC     		pop	{r7}
 2328              	.LCFI139:
 2329              		.cfi_restore 7
 2330              		.cfi_def_cfa_offset 0
 2331 00aa 7047     		bx	lr
 2332              	.L146:
 2333              		.align	2
 2334              	.L145:
 2335 00ac 00100358 		.word	1476595712
 2336              		.cfi_endproc
 2337              	.LFE158:
 2339              		.section	.text.PWR_SHRTIM_DomainEnable,"ax",%progbits
 2340              		.align	1
 2341              		.global	PWR_SHRTIM_DomainEnable
 2342              		.syntax unified
 2343              		.thumb
 2344              		.thumb_func
 2346              	PWR_SHRTIM_DomainEnable:
 2347              	.LFB159:
 847:../../../firmware/n32h7xx_std_periph_driver/src/n32h7xx_pwr.c **** 
 848:../../../firmware/n32h7xx_std_periph_driver/src/n32h7xx_pwr.c **** /**
 849:../../../firmware/n32h7xx_std_periph_driver/src/n32h7xx_pwr.c **** *\*\name    PWR_SHRTIM_DomainEnable.
 850:../../../firmware/n32h7xx_std_periph_driver/src/n32h7xx_pwr.c **** *\*\fun     Enables or disables shrtimx power.
 851:../../../firmware/n32h7xx_std_periph_driver/src/n32h7xx_pwr.c **** *\*\param   shrtimx :
 852:../../../firmware/n32h7xx_std_periph_driver/src/n32h7xx_pwr.c **** *\*\          - Power_SHRTIM1
 853:../../../firmware/n32h7xx_std_periph_driver/src/n32h7xx_pwr.c **** *\*\          - Power_SHRTIM2
 854:../../../firmware/n32h7xx_std_periph_driver/src/n32h7xx_pwr.c **** *\*\param   Cmd :
 855:../../../firmware/n32h7xx_std_periph_driver/src/n32h7xx_pwr.c **** *\*\          - ENABLE
 856:../../../firmware/n32h7xx_std_periph_driver/src/n32h7xx_pwr.c **** *\*\          - DISABLE
 857:../../../firmware/n32h7xx_std_periph_driver/src/n32h7xx_pwr.c **** *\*\return  none
 858:../../../firmware/n32h7xx_std_periph_driver/src/n32h7xx_pwr.c **** **/
 859:../../../firmware/n32h7xx_std_periph_driver/src/n32h7xx_pwr.c **** void PWR_SHRTIM_DomainEnable(SHRTIM_PowerType shrtimx, FunctionalState Cmd) //test
 860:../../../firmware/n32h7xx_std_periph_driver/src/n32h7xx_pwr.c **** {
 2348              		.loc 1 860 1
 2349              		.cfi_startproc
 2350              		@ args = 0, pretend = 0, frame = 8
 2351              		@ frame_needed = 1, uses_anonymous_args = 0
 2352              		@ link register save eliminated.
 2353 0000 80B4     		push	{r7}
 2354              	.LCFI140:
 2355              		.cfi_def_cfa_offset 4
 2356              		.cfi_offset 7, -4
 2357 0002 83B0     		sub	sp, sp, #12
 2358              	.LCFI141:
 2359              		.cfi_def_cfa_offset 16
 2360 0004 00AF     		add	r7, sp, #0
 2361              	.LCFI142:
 2362              		.cfi_def_cfa_register 7
ARM GAS  /tmp/ccfMwLzE.s 			page 58


 2363 0006 0346     		mov	r3, r0
 2364 0008 0A46     		mov	r2, r1
 2365 000a FB71     		strb	r3, [r7, #7]
 2366 000c 1346     		mov	r3, r2
 2367 000e BB71     		strb	r3, [r7, #6]
 861:../../../firmware/n32h7xx_std_periph_driver/src/n32h7xx_pwr.c ****   if(Cmd == ENABLE)
 2368              		.loc 1 861 5
 2369 0010 BB79     		ldrb	r3, [r7, #6]	@ zero_extendqisi2
 2370 0012 012B     		cmp	r3, #1
 2371 0014 72D1     		bne	.L148
 862:../../../firmware/n32h7xx_std_periph_driver/src/n32h7xx_pwr.c ****   {
 863:../../../firmware/n32h7xx_std_periph_driver/src/n32h7xx_pwr.c ****       if((PWR->SHRTIMCTRL& SHRTIMA_POWER_RDY) != SHRTIMA_POWER_RDY)
 2372              		.loc 1 863 14
 2373 0016 734B     		ldr	r3, .L158
 2374 0018 D3F8B030 		ldr	r3, [r3, #176]
 2375              		.loc 1 863 26
 2376 001c 03F40023 		and	r3, r3, #524288
 2377              		.loc 1 863 9
 2378 0020 B3F5002F 		cmp	r3, #524288
 2379 0024 28D0     		beq	.L149
 864:../../../firmware/n32h7xx_std_periph_driver/src/n32h7xx_pwr.c ****       {
 865:../../../firmware/n32h7xx_std_periph_driver/src/n32h7xx_pwr.c ****           /*Power on SHRTIM AFE First */
 866:../../../firmware/n32h7xx_std_periph_driver/src/n32h7xx_pwr.c ****           /*Select the switcher mode */
 867:../../../firmware/n32h7xx_std_periph_driver/src/n32h7xx_pwr.c ****           PWR->SHRTIMCTRL |= (SHRTIMA_PSWACK1);
 2380              		.loc 1 867 14
 2381 0026 6F4B     		ldr	r3, .L158
 2382 0028 D3F8B030 		ldr	r3, [r3, #176]
 2383 002c 6D4A     		ldr	r2, .L158
 2384              		.loc 1 867 27
 2385 002e 43F48013 		orr	r3, r3, #1048576
 2386 0032 C2F8B030 		str	r3, [r2, #176]
 868:../../../firmware/n32h7xx_std_periph_driver/src/n32h7xx_pwr.c ****           /*Enable the  SHRTIM AFE power */
 869:../../../firmware/n32h7xx_std_periph_driver/src/n32h7xx_pwr.c ****           PWR->SHRTIMCTRL |= (SHRTIMA_POWER_ENABLE);
 2387              		.loc 1 869 14
 2388 0036 6B4B     		ldr	r3, .L158
 2389 0038 D3F8B030 		ldr	r3, [r3, #176]
 2390 003c 694A     		ldr	r2, .L158
 2391              		.loc 1 869 27
 2392 003e 43F48033 		orr	r3, r3, #65536
 2393 0042 C2F8B030 		str	r3, [r2, #176]
 870:../../../firmware/n32h7xx_std_periph_driver/src/n32h7xx_pwr.c ****           /*wait power on ready flag */
 871:../../../firmware/n32h7xx_std_periph_driver/src/n32h7xx_pwr.c ****           while((PWR->SHRTIMCTRL& SHRTIMA_POWER_RDY) != SHRTIMA_POWER_RDY);
 2394              		.loc 1 871 16
 2395 0046 00BF     		nop
 2396              	.L150:
 2397              		.loc 1 871 21 discriminator 1
 2398 0048 664B     		ldr	r3, .L158
 2399 004a D3F8B030 		ldr	r3, [r3, #176]
 2400              		.loc 1 871 33 discriminator 1
 2401 004e 03F40023 		and	r3, r3, #524288
 2402              		.loc 1 871 54 discriminator 1
 2403 0052 B3F5002F 		cmp	r3, #524288
 2404 0056 F7D1     		bne	.L150
 872:../../../firmware/n32h7xx_std_periph_driver/src/n32h7xx_pwr.c ****           /*Set  SHRTIM AFE out of reset state*/
 873:../../../firmware/n32h7xx_std_periph_driver/src/n32h7xx_pwr.c ****           PWR->SHRTIMCTRL |= (SHRTIMA_FUNCTION_ENABLE);
 2405              		.loc 1 873 14
 2406 0058 624B     		ldr	r3, .L158
ARM GAS  /tmp/ccfMwLzE.s 			page 59


 2407 005a D3F8B030 		ldr	r3, [r3, #176]
 2408 005e 614A     		ldr	r2, .L158
 2409              		.loc 1 873 27
 2410 0060 43F40033 		orr	r3, r3, #131072
 2411 0064 C2F8B030 		str	r3, [r2, #176]
 874:../../../firmware/n32h7xx_std_periph_driver/src/n32h7xx_pwr.c ****           /* remove isolation on  SHRTIM AFE output signals*/
 875:../../../firmware/n32h7xx_std_periph_driver/src/n32h7xx_pwr.c ****           PWR->SHRTIMCTRL |= (SHRTIMA_ISOLATION_ENABLE);
 2412              		.loc 1 875 14
 2413 0068 5E4B     		ldr	r3, .L158
 2414 006a D3F8B030 		ldr	r3, [r3, #176]
 2415 006e 5D4A     		ldr	r2, .L158
 2416              		.loc 1 875 27
 2417 0070 43F48023 		orr	r3, r3, #262144
 2418 0074 C2F8B030 		str	r3, [r2, #176]
 2419              	.L149:
 876:../../../firmware/n32h7xx_std_periph_driver/src/n32h7xx_pwr.c ****       }
 877:../../../firmware/n32h7xx_std_periph_driver/src/n32h7xx_pwr.c ****       else
 878:../../../firmware/n32h7xx_std_periph_driver/src/n32h7xx_pwr.c ****       {
 879:../../../firmware/n32h7xx_std_periph_driver/src/n32h7xx_pwr.c ****          /*no process*/
 880:../../../firmware/n32h7xx_std_periph_driver/src/n32h7xx_pwr.c ****       }
 881:../../../firmware/n32h7xx_std_periph_driver/src/n32h7xx_pwr.c **** 
 882:../../../firmware/n32h7xx_std_periph_driver/src/n32h7xx_pwr.c ****       /*Then power on SHRTIM1 or SHRTIM2 */
 883:../../../firmware/n32h7xx_std_periph_driver/src/n32h7xx_pwr.c ****       /*Select the switcher mode */
 884:../../../firmware/n32h7xx_std_periph_driver/src/n32h7xx_pwr.c ****       PWR->SHRTIMCTRL |= (SHRTIM1_PSWACK1<<(8U*(uint32_t)shrtimx));
 2420              		.loc 1 884 10
 2421 0078 5A4B     		ldr	r3, .L158
 2422 007a D3F8B020 		ldr	r2, [r3, #176]
 2423              		.loc 1 884 48
 2424 007e FB79     		ldrb	r3, [r7, #7]	@ zero_extendqisi2
 2425              		.loc 1 884 47
 2426 0080 DB00     		lsls	r3, r3, #3
 2427              		.loc 1 884 42
 2428 0082 1021     		movs	r1, #16
 2429 0084 01FA03F3 		lsl	r3, r1, r3
 2430              		.loc 1 884 10
 2431 0088 5649     		ldr	r1, .L158
 2432              		.loc 1 884 23
 2433 008a 1343     		orrs	r3, r3, r2
 2434 008c C1F8B030 		str	r3, [r1, #176]
 885:../../../firmware/n32h7xx_std_periph_driver/src/n32h7xx_pwr.c ****       /*Enable the  SHRTIM AFE power */
 886:../../../firmware/n32h7xx_std_periph_driver/src/n32h7xx_pwr.c ****       PWR->SHRTIMCTRL |= (SHRTIM1_POWER_ENABLE<<(8U*(uint32_t)shrtimx));
 2435              		.loc 1 886 10
 2436 0090 544B     		ldr	r3, .L158
 2437 0092 D3F8B020 		ldr	r2, [r3, #176]
 2438              		.loc 1 886 53
 2439 0096 FB79     		ldrb	r3, [r7, #7]	@ zero_extendqisi2
 2440              		.loc 1 886 52
 2441 0098 DB00     		lsls	r3, r3, #3
 2442              		.loc 1 886 47
 2443 009a 0121     		movs	r1, #1
 2444 009c 01FA03F3 		lsl	r3, r1, r3
 2445              		.loc 1 886 10
 2446 00a0 5049     		ldr	r1, .L158
 2447              		.loc 1 886 23
 2448 00a2 1343     		orrs	r3, r3, r2
 2449 00a4 C1F8B030 		str	r3, [r1, #176]
 887:../../../firmware/n32h7xx_std_periph_driver/src/n32h7xx_pwr.c ****       /*wait power on ready flag */
ARM GAS  /tmp/ccfMwLzE.s 			page 60


 888:../../../firmware/n32h7xx_std_periph_driver/src/n32h7xx_pwr.c ****       while((PWR->SHRTIMCTRL& (SHRTIM1_POWER_RDY<<(8U*(uint32_t)shrtimx))) != (SHRTIM1_POWER_RDY<< 
 2450              		.loc 1 888 12
 2451 00a8 00BF     		nop
 2452              	.L151:
 2453              		.loc 1 888 17 discriminator 1
 2454 00aa 4E4B     		ldr	r3, .L158
 2455 00ac D3F8B020 		ldr	r2, [r3, #176]
 2456              		.loc 1 888 55 discriminator 1
 2457 00b0 FB79     		ldrb	r3, [r7, #7]	@ zero_extendqisi2
 2458              		.loc 1 888 54 discriminator 1
 2459 00b2 DB00     		lsls	r3, r3, #3
 2460              		.loc 1 888 49 discriminator 1
 2461 00b4 0821     		movs	r1, #8
 2462 00b6 01FA03F3 		lsl	r3, r1, r3
 2463              		.loc 1 888 29 discriminator 1
 2464 00ba 1A40     		ands	r2, r2, r3
 2465              		.loc 1 888 104 discriminator 1
 2466 00bc FB79     		ldrb	r3, [r7, #7]	@ zero_extendqisi2
 2467              		.loc 1 888 103 discriminator 1
 2468 00be DB00     		lsls	r3, r3, #3
 2469              		.loc 1 888 97 discriminator 1
 2470 00c0 0821     		movs	r1, #8
 2471 00c2 01FA03F3 		lsl	r3, r1, r3
 2472              		.loc 1 888 76 discriminator 1
 2473 00c6 9A42     		cmp	r2, r3
 2474 00c8 EFD1     		bne	.L151
 889:../../../firmware/n32h7xx_std_periph_driver/src/n32h7xx_pwr.c ****       /*Set  SHRTIM AFE out of reset state*/
 890:../../../firmware/n32h7xx_std_periph_driver/src/n32h7xx_pwr.c ****       PWR->SHRTIMCTRL |= (SHRTIM1_FUNCTION_ENABLE<<(8U*(uint32_t)shrtimx));
 2475              		.loc 1 890 10
 2476 00ca 464B     		ldr	r3, .L158
 2477 00cc D3F8B020 		ldr	r2, [r3, #176]
 2478              		.loc 1 890 56
 2479 00d0 FB79     		ldrb	r3, [r7, #7]	@ zero_extendqisi2
 2480              		.loc 1 890 55
 2481 00d2 DB00     		lsls	r3, r3, #3
 2482              		.loc 1 890 50
 2483 00d4 0221     		movs	r1, #2
 2484 00d6 01FA03F3 		lsl	r3, r1, r3
 2485              		.loc 1 890 10
 2486 00da 4249     		ldr	r1, .L158
 2487              		.loc 1 890 23
 2488 00dc 1343     		orrs	r3, r3, r2
 2489 00de C1F8B030 		str	r3, [r1, #176]
 891:../../../firmware/n32h7xx_std_periph_driver/src/n32h7xx_pwr.c ****       /* remove isolation on  SHRTIM AFE output signals*/
 892:../../../firmware/n32h7xx_std_periph_driver/src/n32h7xx_pwr.c ****       PWR->SHRTIMCTRL |= (SHRTIM1_ISOLATION_ENABLE<<(8U*(uint32_t)shrtimx));
 2490              		.loc 1 892 10
 2491 00e2 404B     		ldr	r3, .L158
 2492 00e4 D3F8B020 		ldr	r2, [r3, #176]
 2493              		.loc 1 892 57
 2494 00e8 FB79     		ldrb	r3, [r7, #7]	@ zero_extendqisi2
 2495              		.loc 1 892 56
 2496 00ea DB00     		lsls	r3, r3, #3
 2497              		.loc 1 892 51
 2498 00ec 0421     		movs	r1, #4
 2499 00ee 01FA03F3 		lsl	r3, r1, r3
 2500              		.loc 1 892 10
 2501 00f2 3C49     		ldr	r1, .L158
ARM GAS  /tmp/ccfMwLzE.s 			page 61


 2502              		.loc 1 892 23
 2503 00f4 1343     		orrs	r3, r3, r2
 2504 00f6 C1F8B030 		str	r3, [r1, #176]
 893:../../../firmware/n32h7xx_std_periph_driver/src/n32h7xx_pwr.c ****   }
 894:../../../firmware/n32h7xx_std_periph_driver/src/n32h7xx_pwr.c ****   else
 895:../../../firmware/n32h7xx_std_periph_driver/src/n32h7xx_pwr.c ****   {
 896:../../../firmware/n32h7xx_std_periph_driver/src/n32h7xx_pwr.c ****       /*Power off SHRTIM1 or SHRTIM2 First */
 897:../../../firmware/n32h7xx_std_periph_driver/src/n32h7xx_pwr.c ****       /* Apply isolation on  SHRTIM AFE output signals*/
 898:../../../firmware/n32h7xx_std_periph_driver/src/n32h7xx_pwr.c ****       PWR->SHRTIMCTRL &= ~(SHRTIM1_ISOLATION_ENABLE<<(8U*(uint32_t)shrtimx));
 899:../../../firmware/n32h7xx_std_periph_driver/src/n32h7xx_pwr.c ****       /*Set  SHRTIM AFE reset state*/
 900:../../../firmware/n32h7xx_std_periph_driver/src/n32h7xx_pwr.c ****       PWR->SHRTIMCTRL &= ~(SHRTIM1_FUNCTION_ENABLE<<(8U*(uint32_t)shrtimx));
 901:../../../firmware/n32h7xx_std_periph_driver/src/n32h7xx_pwr.c ****       /*Disable the SHRTIM AFE power */
 902:../../../firmware/n32h7xx_std_periph_driver/src/n32h7xx_pwr.c ****       PWR->SHRTIMCTRL &= ~(SHRTIM1_POWER_ENABLE<<(8U*(uint32_t)shrtimx));
 903:../../../firmware/n32h7xx_std_periph_driver/src/n32h7xx_pwr.c **** 
 904:../../../firmware/n32h7xx_std_periph_driver/src/n32h7xx_pwr.c ****       /*wait the power down ready flag */
 905:../../../firmware/n32h7xx_std_periph_driver/src/n32h7xx_pwr.c ****       while((PWR->SHRTIMCTRL& (SHRTIM1_POWER_RDY<<(8U*(uint32_t)shrtimx))) == (SHRTIM1_POWER_RDY<<(
 906:../../../firmware/n32h7xx_std_periph_driver/src/n32h7xx_pwr.c ****       
 907:../../../firmware/n32h7xx_std_periph_driver/src/n32h7xx_pwr.c ****       /*if Both SHRTIM1 and SHRTIM2 off, then power off SHRTIM AFE */
 908:../../../firmware/n32h7xx_std_periph_driver/src/n32h7xx_pwr.c ****       if( (((PWR->SHRTIMCTRL&SHRTIM2_POWER_RDY) != SHRTIM2_POWER_RDY )&&(shrtimx == Power_SHRTIM1))
 909:../../../firmware/n32h7xx_std_periph_driver/src/n32h7xx_pwr.c ****         ||(((PWR->SHRTIMCTRL&SHRTIM1_POWER_RDY) != SHRTIM1_POWER_RDY )&&(shrtimx == Power_SHRTIM2))
 910:../../../firmware/n32h7xx_std_periph_driver/src/n32h7xx_pwr.c ****       {
 911:../../../firmware/n32h7xx_std_periph_driver/src/n32h7xx_pwr.c ****           /* Apply isolation on  SHRTIM AFE output signals*/
 912:../../../firmware/n32h7xx_std_periph_driver/src/n32h7xx_pwr.c ****           PWR->SHRTIMCTRL &= ~(SHRTIMA_ISOLATION_ENABLE);
 913:../../../firmware/n32h7xx_std_periph_driver/src/n32h7xx_pwr.c ****           /*Set  SHRTIM AFE reset state*/
 914:../../../firmware/n32h7xx_std_periph_driver/src/n32h7xx_pwr.c ****           PWR->SHRTIMCTRL &= ~(SHRTIMA_FUNCTION_ENABLE);
 915:../../../firmware/n32h7xx_std_periph_driver/src/n32h7xx_pwr.c ****           /*Disable the SHRTIM AFE power */
 916:../../../firmware/n32h7xx_std_periph_driver/src/n32h7xx_pwr.c ****           PWR->SHRTIMCTRL &= ~(SHRTIMA_POWER_ENABLE);
 917:../../../firmware/n32h7xx_std_periph_driver/src/n32h7xx_pwr.c **** 
 918:../../../firmware/n32h7xx_std_periph_driver/src/n32h7xx_pwr.c ****           /*wait the power down ready flag */
 919:../../../firmware/n32h7xx_std_periph_driver/src/n32h7xx_pwr.c ****           while((PWR->SHRTIMCTRL& SHRTIMA_POWER_RDY) == SHRTIMA_POWER_RDY); 
 920:../../../firmware/n32h7xx_std_periph_driver/src/n32h7xx_pwr.c ****       }
 921:../../../firmware/n32h7xx_std_periph_driver/src/n32h7xx_pwr.c ****       else
 922:../../../firmware/n32h7xx_std_periph_driver/src/n32h7xx_pwr.c ****       {
 923:../../../firmware/n32h7xx_std_periph_driver/src/n32h7xx_pwr.c ****          /*no process*/
 924:../../../firmware/n32h7xx_std_periph_driver/src/n32h7xx_pwr.c ****       }
 925:../../../firmware/n32h7xx_std_periph_driver/src/n32h7xx_pwr.c ****   }
 926:../../../firmware/n32h7xx_std_periph_driver/src/n32h7xx_pwr.c **** }
 2505              		.loc 1 926 1
 2506 00fa 6DE0     		b	.L157
 2507              	.L148:
 898:../../../firmware/n32h7xx_std_periph_driver/src/n32h7xx_pwr.c ****       /*Set  SHRTIM AFE reset state*/
 2508              		.loc 1 898 10
 2509 00fc 394B     		ldr	r3, .L158
 2510 00fe D3F8B020 		ldr	r2, [r3, #176]
 898:../../../firmware/n32h7xx_std_periph_driver/src/n32h7xx_pwr.c ****       /*Set  SHRTIM AFE reset state*/
 2511              		.loc 1 898 58
 2512 0102 FB79     		ldrb	r3, [r7, #7]	@ zero_extendqisi2
 898:../../../firmware/n32h7xx_std_periph_driver/src/n32h7xx_pwr.c ****       /*Set  SHRTIM AFE reset state*/
 2513              		.loc 1 898 57
 2514 0104 DB00     		lsls	r3, r3, #3
 898:../../../firmware/n32h7xx_std_periph_driver/src/n32h7xx_pwr.c ****       /*Set  SHRTIM AFE reset state*/
 2515              		.loc 1 898 52
 2516 0106 0421     		movs	r1, #4
 2517 0108 01FA03F3 		lsl	r3, r1, r3
 898:../../../firmware/n32h7xx_std_periph_driver/src/n32h7xx_pwr.c ****       /*Set  SHRTIM AFE reset state*/
 2518              		.loc 1 898 26
 2519 010c DB43     		mvns	r3, r3
ARM GAS  /tmp/ccfMwLzE.s 			page 62


 898:../../../firmware/n32h7xx_std_periph_driver/src/n32h7xx_pwr.c ****       /*Set  SHRTIM AFE reset state*/
 2520              		.loc 1 898 10
 2521 010e 3549     		ldr	r1, .L158
 898:../../../firmware/n32h7xx_std_periph_driver/src/n32h7xx_pwr.c ****       /*Set  SHRTIM AFE reset state*/
 2522              		.loc 1 898 23
 2523 0110 1340     		ands	r3, r3, r2
 2524 0112 C1F8B030 		str	r3, [r1, #176]
 900:../../../firmware/n32h7xx_std_periph_driver/src/n32h7xx_pwr.c ****       /*Disable the SHRTIM AFE power */
 2525              		.loc 1 900 10
 2526 0116 334B     		ldr	r3, .L158
 2527 0118 D3F8B020 		ldr	r2, [r3, #176]
 900:../../../firmware/n32h7xx_std_periph_driver/src/n32h7xx_pwr.c ****       /*Disable the SHRTIM AFE power */
 2528              		.loc 1 900 57
 2529 011c FB79     		ldrb	r3, [r7, #7]	@ zero_extendqisi2
 900:../../../firmware/n32h7xx_std_periph_driver/src/n32h7xx_pwr.c ****       /*Disable the SHRTIM AFE power */
 2530              		.loc 1 900 56
 2531 011e DB00     		lsls	r3, r3, #3
 900:../../../firmware/n32h7xx_std_periph_driver/src/n32h7xx_pwr.c ****       /*Disable the SHRTIM AFE power */
 2532              		.loc 1 900 51
 2533 0120 0221     		movs	r1, #2
 2534 0122 01FA03F3 		lsl	r3, r1, r3
 900:../../../firmware/n32h7xx_std_periph_driver/src/n32h7xx_pwr.c ****       /*Disable the SHRTIM AFE power */
 2535              		.loc 1 900 26
 2536 0126 DB43     		mvns	r3, r3
 900:../../../firmware/n32h7xx_std_periph_driver/src/n32h7xx_pwr.c ****       /*Disable the SHRTIM AFE power */
 2537              		.loc 1 900 10
 2538 0128 2E49     		ldr	r1, .L158
 900:../../../firmware/n32h7xx_std_periph_driver/src/n32h7xx_pwr.c ****       /*Disable the SHRTIM AFE power */
 2539              		.loc 1 900 23
 2540 012a 1340     		ands	r3, r3, r2
 2541 012c C1F8B030 		str	r3, [r1, #176]
 902:../../../firmware/n32h7xx_std_periph_driver/src/n32h7xx_pwr.c **** 
 2542              		.loc 1 902 10
 2543 0130 2C4B     		ldr	r3, .L158
 2544 0132 D3F8B020 		ldr	r2, [r3, #176]
 902:../../../firmware/n32h7xx_std_periph_driver/src/n32h7xx_pwr.c **** 
 2545              		.loc 1 902 54
 2546 0136 FB79     		ldrb	r3, [r7, #7]	@ zero_extendqisi2
 902:../../../firmware/n32h7xx_std_periph_driver/src/n32h7xx_pwr.c **** 
 2547              		.loc 1 902 53
 2548 0138 DB00     		lsls	r3, r3, #3
 902:../../../firmware/n32h7xx_std_periph_driver/src/n32h7xx_pwr.c **** 
 2549              		.loc 1 902 48
 2550 013a 0121     		movs	r1, #1
 2551 013c 01FA03F3 		lsl	r3, r1, r3
 902:../../../firmware/n32h7xx_std_periph_driver/src/n32h7xx_pwr.c **** 
 2552              		.loc 1 902 26
 2553 0140 DB43     		mvns	r3, r3
 902:../../../firmware/n32h7xx_std_periph_driver/src/n32h7xx_pwr.c **** 
 2554              		.loc 1 902 10
 2555 0142 2849     		ldr	r1, .L158
 902:../../../firmware/n32h7xx_std_periph_driver/src/n32h7xx_pwr.c **** 
 2556              		.loc 1 902 23
 2557 0144 1340     		ands	r3, r3, r2
 2558 0146 C1F8B030 		str	r3, [r1, #176]
 905:../../../firmware/n32h7xx_std_periph_driver/src/n32h7xx_pwr.c ****       
 2559              		.loc 1 905 12
ARM GAS  /tmp/ccfMwLzE.s 			page 63


 2560 014a 00BF     		nop
 2561              	.L153:
 905:../../../firmware/n32h7xx_std_periph_driver/src/n32h7xx_pwr.c ****       
 2562              		.loc 1 905 17 discriminator 1
 2563 014c 254B     		ldr	r3, .L158
 2564 014e D3F8B020 		ldr	r2, [r3, #176]
 905:../../../firmware/n32h7xx_std_periph_driver/src/n32h7xx_pwr.c ****       
 2565              		.loc 1 905 55 discriminator 1
 2566 0152 FB79     		ldrb	r3, [r7, #7]	@ zero_extendqisi2
 905:../../../firmware/n32h7xx_std_periph_driver/src/n32h7xx_pwr.c ****       
 2567              		.loc 1 905 54 discriminator 1
 2568 0154 DB00     		lsls	r3, r3, #3
 905:../../../firmware/n32h7xx_std_periph_driver/src/n32h7xx_pwr.c ****       
 2569              		.loc 1 905 49 discriminator 1
 2570 0156 0821     		movs	r1, #8
 2571 0158 01FA03F3 		lsl	r3, r1, r3
 905:../../../firmware/n32h7xx_std_periph_driver/src/n32h7xx_pwr.c ****       
 2572              		.loc 1 905 29 discriminator 1
 2573 015c 1A40     		ands	r2, r2, r3
 905:../../../firmware/n32h7xx_std_periph_driver/src/n32h7xx_pwr.c ****       
 2574              		.loc 1 905 103 discriminator 1
 2575 015e FB79     		ldrb	r3, [r7, #7]	@ zero_extendqisi2
 905:../../../firmware/n32h7xx_std_periph_driver/src/n32h7xx_pwr.c ****       
 2576              		.loc 1 905 102 discriminator 1
 2577 0160 DB00     		lsls	r3, r3, #3
 905:../../../firmware/n32h7xx_std_periph_driver/src/n32h7xx_pwr.c ****       
 2578              		.loc 1 905 97 discriminator 1
 2579 0162 0821     		movs	r1, #8
 2580 0164 01FA03F3 		lsl	r3, r1, r3
 905:../../../firmware/n32h7xx_std_periph_driver/src/n32h7xx_pwr.c ****       
 2581              		.loc 1 905 76 discriminator 1
 2582 0168 9A42     		cmp	r2, r3
 2583 016a EFD0     		beq	.L153
 908:../../../firmware/n32h7xx_std_periph_driver/src/n32h7xx_pwr.c ****         ||(((PWR->SHRTIMCTRL&SHRTIM1_POWER_RDY) != SHRTIM1_POWER_RDY )&&(shrtimx == Power_SHRTIM2))
 2584              		.loc 1 908 17
 2585 016c 1D4B     		ldr	r3, .L158
 2586 016e D3F8B030 		ldr	r3, [r3, #176]
 908:../../../firmware/n32h7xx_std_periph_driver/src/n32h7xx_pwr.c ****         ||(((PWR->SHRTIMCTRL&SHRTIM1_POWER_RDY) != SHRTIM1_POWER_RDY )&&(shrtimx == Power_SHRTIM2))
 2587              		.loc 1 908 29
 2588 0172 03F40063 		and	r3, r3, #2048
 908:../../../firmware/n32h7xx_std_periph_driver/src/n32h7xx_pwr.c ****         ||(((PWR->SHRTIMCTRL&SHRTIM1_POWER_RDY) != SHRTIM1_POWER_RDY )&&(shrtimx == Power_SHRTIM2))
 2589              		.loc 1 908 9
 2590 0176 B3F5006F 		cmp	r3, #2048
 2591 017a 02D0     		beq	.L154
 908:../../../firmware/n32h7xx_std_periph_driver/src/n32h7xx_pwr.c ****         ||(((PWR->SHRTIMCTRL&SHRTIM1_POWER_RDY) != SHRTIM1_POWER_RDY )&&(shrtimx == Power_SHRTIM2))
 2592              		.loc 1 908 71 discriminator 1
 2593 017c FB79     		ldrb	r3, [r7, #7]	@ zero_extendqisi2
 2594 017e 002B     		cmp	r3, #0
 2595 0180 09D0     		beq	.L155
 2596              	.L154:
 909:../../../firmware/n32h7xx_std_periph_driver/src/n32h7xx_pwr.c ****       {
 2597              		.loc 1 909 17
 2598 0182 184B     		ldr	r3, .L158
 2599 0184 D3F8B030 		ldr	r3, [r3, #176]
 909:../../../firmware/n32h7xx_std_periph_driver/src/n32h7xx_pwr.c ****       {
 2600              		.loc 1 909 29
 2601 0188 03F00803 		and	r3, r3, #8
ARM GAS  /tmp/ccfMwLzE.s 			page 64


 909:../../../firmware/n32h7xx_std_periph_driver/src/n32h7xx_pwr.c ****       {
 2602              		.loc 1 909 9
 2603 018c 082B     		cmp	r3, #8
 2604 018e 23D0     		beq	.L157
 909:../../../firmware/n32h7xx_std_periph_driver/src/n32h7xx_pwr.c ****       {
 2605              		.loc 1 909 71 discriminator 1
 2606 0190 FB79     		ldrb	r3, [r7, #7]	@ zero_extendqisi2
 2607 0192 012B     		cmp	r3, #1
 2608 0194 20D1     		bne	.L157
 2609              	.L155:
 912:../../../firmware/n32h7xx_std_periph_driver/src/n32h7xx_pwr.c ****           /*Set  SHRTIM AFE reset state*/
 2610              		.loc 1 912 14
 2611 0196 134B     		ldr	r3, .L158
 2612 0198 D3F8B030 		ldr	r3, [r3, #176]
 2613 019c 114A     		ldr	r2, .L158
 912:../../../firmware/n32h7xx_std_periph_driver/src/n32h7xx_pwr.c ****           /*Set  SHRTIM AFE reset state*/
 2614              		.loc 1 912 27
 2615 019e 23F48023 		bic	r3, r3, #262144
 2616 01a2 C2F8B030 		str	r3, [r2, #176]
 914:../../../firmware/n32h7xx_std_periph_driver/src/n32h7xx_pwr.c ****           /*Disable the SHRTIM AFE power */
 2617              		.loc 1 914 14
 2618 01a6 0F4B     		ldr	r3, .L158
 2619 01a8 D3F8B030 		ldr	r3, [r3, #176]
 2620 01ac 0D4A     		ldr	r2, .L158
 914:../../../firmware/n32h7xx_std_periph_driver/src/n32h7xx_pwr.c ****           /*Disable the SHRTIM AFE power */
 2621              		.loc 1 914 27
 2622 01ae 23F40033 		bic	r3, r3, #131072
 2623 01b2 C2F8B030 		str	r3, [r2, #176]
 916:../../../firmware/n32h7xx_std_periph_driver/src/n32h7xx_pwr.c **** 
 2624              		.loc 1 916 14
 2625 01b6 0B4B     		ldr	r3, .L158
 2626 01b8 D3F8B030 		ldr	r3, [r3, #176]
 2627 01bc 094A     		ldr	r2, .L158
 916:../../../firmware/n32h7xx_std_periph_driver/src/n32h7xx_pwr.c **** 
 2628              		.loc 1 916 27
 2629 01be 23F48033 		bic	r3, r3, #65536
 2630 01c2 C2F8B030 		str	r3, [r2, #176]
 919:../../../firmware/n32h7xx_std_periph_driver/src/n32h7xx_pwr.c ****       }
 2631              		.loc 1 919 16
 2632 01c6 00BF     		nop
 2633              	.L156:
 919:../../../firmware/n32h7xx_std_periph_driver/src/n32h7xx_pwr.c ****       }
 2634              		.loc 1 919 21 discriminator 1
 2635 01c8 064B     		ldr	r3, .L158
 2636 01ca D3F8B030 		ldr	r3, [r3, #176]
 919:../../../firmware/n32h7xx_std_periph_driver/src/n32h7xx_pwr.c ****       }
 2637              		.loc 1 919 33 discriminator 1
 2638 01ce 03F40023 		and	r3, r3, #524288
 919:../../../firmware/n32h7xx_std_periph_driver/src/n32h7xx_pwr.c ****       }
 2639              		.loc 1 919 54 discriminator 1
 2640 01d2 B3F5002F 		cmp	r3, #524288
 2641 01d6 F7D0     		beq	.L156
 2642              	.L157:
 2643              		.loc 1 926 1
 2644 01d8 00BF     		nop
 2645 01da 0C37     		adds	r7, r7, #12
 2646              	.LCFI143:
ARM GAS  /tmp/ccfMwLzE.s 			page 65


 2647              		.cfi_def_cfa_offset 4
 2648 01dc BD46     		mov	sp, r7
 2649              	.LCFI144:
 2650              		.cfi_def_cfa_register 13
 2651              		@ sp needed
 2652 01de 80BC     		pop	{r7}
 2653              	.LCFI145:
 2654              		.cfi_restore 7
 2655              		.cfi_def_cfa_offset 0
 2656 01e0 7047     		bx	lr
 2657              	.L159:
 2658 01e2 00BF     		.align	2
 2659              	.L158:
 2660 01e4 00100358 		.word	1476595712
 2661              		.cfi_endproc
 2662              	.LFE159:
 2664              		.section	.text.PWR_MoudlePowerEnable,"ax",%progbits
 2665              		.align	1
 2666              		.global	PWR_MoudlePowerEnable
 2667              		.syntax unified
 2668              		.thumb
 2669              		.thumb_func
 2671              	PWR_MoudlePowerEnable:
 2672              	.LFB160:
 927:../../../firmware/n32h7xx_std_periph_driver/src/n32h7xx_pwr.c **** 
 928:../../../firmware/n32h7xx_std_periph_driver/src/n32h7xx_pwr.c **** /**
 929:../../../firmware/n32h7xx_std_periph_driver/src/n32h7xx_pwr.c **** *\*\name    PWR_MoudlePowerEnable.
 930:../../../firmware/n32h7xx_std_periph_driver/src/n32h7xx_pwr.c **** *\*\fun     Enables or disables the specified module power.
 931:../../../firmware/n32h7xx_std_periph_driver/src/n32h7xx_pwr.c **** *\*\param   module :
 932:../../../firmware/n32h7xx_std_periph_driver/src/n32h7xx_pwr.c **** *\*\          - GRAPHIC_GPU_PWRCTRL
 933:../../../firmware/n32h7xx_std_periph_driver/src/n32h7xx_pwr.c **** *\*\          - GRAPHIC_LCDC_PWRCTRL
 934:../../../firmware/n32h7xx_std_periph_driver/src/n32h7xx_pwr.c **** *\*\          - GRAPHIC_JPEG_PWRCTRL
 935:../../../firmware/n32h7xx_std_periph_driver/src/n32h7xx_pwr.c **** *\*\          - GRAPHIC_DSI_PWRCTRL
 936:../../../firmware/n32h7xx_std_periph_driver/src/n32h7xx_pwr.c **** *\*\          - GRAPHIC_DVP_PWRCTRL
 937:../../../firmware/n32h7xx_std_periph_driver/src/n32h7xx_pwr.c **** *\*\          - HSC2_ETH2_PWRCTRL
 938:../../../firmware/n32h7xx_std_periph_driver/src/n32h7xx_pwr.c **** *\*\          - HSC2_USB2_PWRCTRL
 939:../../../firmware/n32h7xx_std_periph_driver/src/n32h7xx_pwr.c **** *\*\          - HSC2_SDMMC2_PWRCTRL
 940:../../../firmware/n32h7xx_std_periph_driver/src/n32h7xx_pwr.c **** *\*\          - HSC1_ETH1_PWRCTRL
 941:../../../firmware/n32h7xx_std_periph_driver/src/n32h7xx_pwr.c **** *\*\          - HSC1_USB1_PWRCTRL
 942:../../../firmware/n32h7xx_std_periph_driver/src/n32h7xx_pwr.c **** *\*\          - HSC1_SDMMC1_PWRCTRL
 943:../../../firmware/n32h7xx_std_periph_driver/src/n32h7xx_pwr.c **** *\*\          - FMAC_PWRCTRL
 944:../../../firmware/n32h7xx_std_periph_driver/src/n32h7xx_pwr.c **** *\*\          - ESC_PWRCTRL
 945:../../../firmware/n32h7xx_std_periph_driver/src/n32h7xx_pwr.c **** *\*\param   Cmd :
 946:../../../firmware/n32h7xx_std_periph_driver/src/n32h7xx_pwr.c **** *\*\          - ENABLE
 947:../../../firmware/n32h7xx_std_periph_driver/src/n32h7xx_pwr.c **** *\*\          - DISABLE
 948:../../../firmware/n32h7xx_std_periph_driver/src/n32h7xx_pwr.c **** *\*\return  none
 949:../../../firmware/n32h7xx_std_periph_driver/src/n32h7xx_pwr.c **** **/
 950:../../../firmware/n32h7xx_std_periph_driver/src/n32h7xx_pwr.c **** void PWR_MoudlePowerEnable(uint32_t module, FunctionalState Cmd) 
 951:../../../firmware/n32h7xx_std_periph_driver/src/n32h7xx_pwr.c **** {
 2673              		.loc 1 951 1
 2674              		.cfi_startproc
 2675              		@ args = 0, pretend = 0, frame = 8
 2676              		@ frame_needed = 1, uses_anonymous_args = 0
 2677 0000 80B5     		push	{r7, lr}
 2678              	.LCFI146:
 2679              		.cfi_def_cfa_offset 8
 2680              		.cfi_offset 7, -8
ARM GAS  /tmp/ccfMwLzE.s 			page 66


 2681              		.cfi_offset 14, -4
 2682 0002 82B0     		sub	sp, sp, #8
 2683              	.LCFI147:
 2684              		.cfi_def_cfa_offset 16
 2685 0004 00AF     		add	r7, sp, #0
 2686              	.LCFI148:
 2687              		.cfi_def_cfa_register 7
 2688 0006 7860     		str	r0, [r7, #4]
 2689 0008 0B46     		mov	r3, r1
 2690 000a FB70     		strb	r3, [r7, #3]
 952:../../../firmware/n32h7xx_std_periph_driver/src/n32h7xx_pwr.c ****     if( (module == GRAPHIC_GPU_PWRCTRL) ||(module == GRAPHIC_LCDC_PWRCTRL)|| \
 2691              		.loc 1 952 7
 2692 000c 7B68     		ldr	r3, [r7, #4]
 2693 000e 012B     		cmp	r3, #1
 2694 0010 0BD0     		beq	.L161
 2695              		.loc 1 952 41 discriminator 1
 2696 0012 7B68     		ldr	r3, [r7, #4]
 2697 0014 022B     		cmp	r3, #2
 2698 0016 08D0     		beq	.L161
 2699              		.loc 1 952 75 discriminator 2
 2700 0018 7B68     		ldr	r3, [r7, #4]
 2701 001a 042B     		cmp	r3, #4
 2702 001c 05D0     		beq	.L161
 953:../../../firmware/n32h7xx_std_periph_driver/src/n32h7xx_pwr.c ****         (module == GRAPHIC_JPEG_PWRCTRL)||(module == GRAPHIC_DSI_PWRCTRL) || (module == GRAPHIC_DVP
 2703              		.loc 1 953 41
 2704 001e 7B68     		ldr	r3, [r7, #4]
 2705 0020 082B     		cmp	r3, #8
 2706 0022 02D0     		beq	.L161
 2707              		.loc 1 953 75 discriminator 1
 2708 0024 7B68     		ldr	r3, [r7, #4]
 2709 0026 102B     		cmp	r3, #16
 2710 0028 38D1     		bne	.L162
 2711              	.L161:
 954:../../../firmware/n32h7xx_std_periph_driver/src/n32h7xx_pwr.c ****     {
 955:../../../firmware/n32h7xx_std_periph_driver/src/n32h7xx_pwr.c ****         if(Cmd == ENABLE)
 2712              		.loc 1 955 11
 2713 002a FB78     		ldrb	r3, [r7, #3]	@ zero_extendqisi2
 2714 002c 012B     		cmp	r3, #1
 2715 002e 1BD1     		bne	.L163
 956:../../../firmware/n32h7xx_std_periph_driver/src/n32h7xx_pwr.c ****         {
 957:../../../firmware/n32h7xx_std_periph_driver/src/n32h7xx_pwr.c ****             PWR->IPMEMCTRL &= (~module);
 2716              		.loc 1 957 16
 2717 0030 8A4B     		ldr	r3, .L194
 2718 0032 9A6D     		ldr	r2, [r3, #88]
 2719              		.loc 1 957 32
 2720 0034 7B68     		ldr	r3, [r7, #4]
 2721 0036 DB43     		mvns	r3, r3
 2722              		.loc 1 957 16
 2723 0038 8849     		ldr	r1, .L194
 2724              		.loc 1 957 28
 2725 003a 1340     		ands	r3, r3, r2
 2726 003c 8B65     		str	r3, [r1, #88]
 958:../../../firmware/n32h7xx_std_periph_driver/src/n32h7xx_pwr.c ****             while((PWR->IPMEMCTRLSTS & module ) != module);
 2727              		.loc 1 958 18
 2728 003e 00BF     		nop
 2729              	.L164:
 2730              		.loc 1 958 23 discriminator 1
ARM GAS  /tmp/ccfMwLzE.s 			page 67


 2731 0040 864B     		ldr	r3, .L194
 2732 0042 DA6D     		ldr	r2, [r3, #92]
 2733              		.loc 1 958 38 discriminator 1
 2734 0044 7B68     		ldr	r3, [r7, #4]
 2735 0046 1340     		ands	r3, r3, r2
 2736              		.loc 1 958 49 discriminator 1
 2737 0048 7A68     		ldr	r2, [r7, #4]
 2738 004a 9A42     		cmp	r2, r3
 2739 004c F8D1     		bne	.L164
 959:../../../firmware/n32h7xx_std_periph_driver/src/n32h7xx_pwr.c ****             if( (PWR->SYSCTRL3&PWR_SYSCTRL3_GRC_PWRRDY) != PWR_SYSCTRL3_GRC_PWRRDY)
 2740              		.loc 1 959 21
 2741 004e 834B     		ldr	r3, .L194
 2742 0050 DB6C     		ldr	r3, [r3, #76]
 2743              		.loc 1 959 31
 2744 0052 03F48033 		and	r3, r3, #65536
 2745              		.loc 1 959 15
 2746 0056 B3F5803F 		cmp	r3, #65536
 2747 005a 00F0F580 		beq	.L190
 960:../../../firmware/n32h7xx_std_periph_driver/src/n32h7xx_pwr.c ****             {
 961:../../../firmware/n32h7xx_std_periph_driver/src/n32h7xx_pwr.c ****                 PWR_HSC1_HSC2_GRAPHIC_DomainEnable(GRAPHIC_Domain, ENABLE);
 2748              		.loc 1 961 17
 2749 005e 0121     		movs	r1, #1
 2750 0060 0020     		movs	r0, #0
 2751 0062 FFF7FEFF 		bl	PWR_HSC1_HSC2_GRAPHIC_DomainEnable
 955:../../../firmware/n32h7xx_std_periph_driver/src/n32h7xx_pwr.c ****         {
 2752              		.loc 1 955 11
 2753 0066 EFE0     		b	.L190
 2754              	.L163:
 962:../../../firmware/n32h7xx_std_periph_driver/src/n32h7xx_pwr.c ****             }
 963:../../../firmware/n32h7xx_std_periph_driver/src/n32h7xx_pwr.c ****             else
 964:../../../firmware/n32h7xx_std_periph_driver/src/n32h7xx_pwr.c ****             {
 965:../../../firmware/n32h7xx_std_periph_driver/src/n32h7xx_pwr.c ****                 /*no process*/
 966:../../../firmware/n32h7xx_std_periph_driver/src/n32h7xx_pwr.c ****             }
 967:../../../firmware/n32h7xx_std_periph_driver/src/n32h7xx_pwr.c ****         }
 968:../../../firmware/n32h7xx_std_periph_driver/src/n32h7xx_pwr.c ****         else
 969:../../../firmware/n32h7xx_std_periph_driver/src/n32h7xx_pwr.c ****         {
 970:../../../firmware/n32h7xx_std_periph_driver/src/n32h7xx_pwr.c ****             if((PWR->IPMEMCTRLSTS&GRAPHIC_MODULE_MASK) == module)
 2755              		.loc 1 970 20
 2756 0068 7C4B     		ldr	r3, .L194
 2757 006a DB6D     		ldr	r3, [r3, #92]
 2758              		.loc 1 970 34
 2759 006c 03F01F03 		and	r3, r3, #31
 2760              		.loc 1 970 15
 2761 0070 7A68     		ldr	r2, [r7, #4]
 2762 0072 9A42     		cmp	r2, r3
 2763 0074 03D1     		bne	.L166
 971:../../../firmware/n32h7xx_std_periph_driver/src/n32h7xx_pwr.c ****             {
 972:../../../firmware/n32h7xx_std_periph_driver/src/n32h7xx_pwr.c ****                 PWR_HSC1_HSC2_GRAPHIC_DomainEnable(GRAPHIC_Domain, DISABLE);
 2764              		.loc 1 972 17
 2765 0076 0021     		movs	r1, #0
 2766 0078 0020     		movs	r0, #0
 2767 007a FFF7FEFF 		bl	PWR_HSC1_HSC2_GRAPHIC_DomainEnable
 2768              	.L166:
 973:../../../firmware/n32h7xx_std_periph_driver/src/n32h7xx_pwr.c ****             }
 974:../../../firmware/n32h7xx_std_periph_driver/src/n32h7xx_pwr.c ****             else
 975:../../../firmware/n32h7xx_std_periph_driver/src/n32h7xx_pwr.c ****             {
 976:../../../firmware/n32h7xx_std_periph_driver/src/n32h7xx_pwr.c ****                 /*no process*/
ARM GAS  /tmp/ccfMwLzE.s 			page 68


 977:../../../firmware/n32h7xx_std_periph_driver/src/n32h7xx_pwr.c ****             }
 978:../../../firmware/n32h7xx_std_periph_driver/src/n32h7xx_pwr.c ****             PWR->IPMEMCTRL |= module;
 2769              		.loc 1 978 16
 2770 007e 774B     		ldr	r3, .L194
 2771 0080 9A6D     		ldr	r2, [r3, #88]
 2772 0082 7649     		ldr	r1, .L194
 2773              		.loc 1 978 28
 2774 0084 7B68     		ldr	r3, [r7, #4]
 2775 0086 1343     		orrs	r3, r3, r2
 2776 0088 8B65     		str	r3, [r1, #88]
 979:../../../firmware/n32h7xx_std_periph_driver/src/n32h7xx_pwr.c ****             while((PWR->IPMEMCTRLSTS & module ) == module);
 2777              		.loc 1 979 18
 2778 008a 00BF     		nop
 2779              	.L167:
 2780              		.loc 1 979 23 discriminator 1
 2781 008c 734B     		ldr	r3, .L194
 2782 008e DA6D     		ldr	r2, [r3, #92]
 2783              		.loc 1 979 38 discriminator 1
 2784 0090 7B68     		ldr	r3, [r7, #4]
 2785 0092 1340     		ands	r3, r3, r2
 2786              		.loc 1 979 49 discriminator 1
 2787 0094 7A68     		ldr	r2, [r7, #4]
 2788 0096 9A42     		cmp	r2, r3
 2789 0098 F8D0     		beq	.L167
 955:../../../firmware/n32h7xx_std_periph_driver/src/n32h7xx_pwr.c ****         {
 2790              		.loc 1 955 11
 2791 009a D5E0     		b	.L190
 2792              	.L162:
 980:../../../firmware/n32h7xx_std_periph_driver/src/n32h7xx_pwr.c ****         }
 981:../../../firmware/n32h7xx_std_periph_driver/src/n32h7xx_pwr.c ****     }
 982:../../../firmware/n32h7xx_std_periph_driver/src/n32h7xx_pwr.c ****     else if((module == HSC2_ETH2_PWRCTRL) ||(module == HSC2_USB2_PWRCTRL)||(module == HSC2_SDMMC2_P
 2793              		.loc 1 982 12
 2794 009c 7B68     		ldr	r3, [r7, #4]
 2795 009e 202B     		cmp	r3, #32
 2796 00a0 05D0     		beq	.L169
 2797              		.loc 1 982 43 discriminator 1
 2798 00a2 7B68     		ldr	r3, [r7, #4]
 2799 00a4 402B     		cmp	r3, #64
 2800 00a6 02D0     		beq	.L169
 2801              		.loc 1 982 74 discriminator 2
 2802 00a8 7B68     		ldr	r3, [r7, #4]
 2803 00aa 802B     		cmp	r3, #128
 2804 00ac 38D1     		bne	.L170
 2805              	.L169:
 983:../../../firmware/n32h7xx_std_periph_driver/src/n32h7xx_pwr.c ****     {
 984:../../../firmware/n32h7xx_std_periph_driver/src/n32h7xx_pwr.c ****         if(Cmd == ENABLE)
 2806              		.loc 1 984 11
 2807 00ae FB78     		ldrb	r3, [r7, #3]	@ zero_extendqisi2
 2808 00b0 012B     		cmp	r3, #1
 2809 00b2 1BD1     		bne	.L171
 985:../../../firmware/n32h7xx_std_periph_driver/src/n32h7xx_pwr.c ****         {
 986:../../../firmware/n32h7xx_std_periph_driver/src/n32h7xx_pwr.c ****             PWR->IPMEMCTRL &= (~module);
 2810              		.loc 1 986 16
 2811 00b4 694B     		ldr	r3, .L194
 2812 00b6 9A6D     		ldr	r2, [r3, #88]
 2813              		.loc 1 986 32
 2814 00b8 7B68     		ldr	r3, [r7, #4]
ARM GAS  /tmp/ccfMwLzE.s 			page 69


 2815 00ba DB43     		mvns	r3, r3
 2816              		.loc 1 986 16
 2817 00bc 6749     		ldr	r1, .L194
 2818              		.loc 1 986 28
 2819 00be 1340     		ands	r3, r3, r2
 2820 00c0 8B65     		str	r3, [r1, #88]
 987:../../../firmware/n32h7xx_std_periph_driver/src/n32h7xx_pwr.c ****             while((PWR->IPMEMCTRLSTS & module ) != module);
 2821              		.loc 1 987 18
 2822 00c2 00BF     		nop
 2823              	.L172:
 2824              		.loc 1 987 23 discriminator 1
 2825 00c4 654B     		ldr	r3, .L194
 2826 00c6 DA6D     		ldr	r2, [r3, #92]
 2827              		.loc 1 987 38 discriminator 1
 2828 00c8 7B68     		ldr	r3, [r7, #4]
 2829 00ca 1340     		ands	r3, r3, r2
 2830              		.loc 1 987 49 discriminator 1
 2831 00cc 7A68     		ldr	r2, [r7, #4]
 2832 00ce 9A42     		cmp	r2, r3
 2833 00d0 F8D1     		bne	.L172
 988:../../../firmware/n32h7xx_std_periph_driver/src/n32h7xx_pwr.c ****             if( (PWR->SYSCTRL3&PWR_SYSCTRL3_HSC2_PWRRDY) != PWR_SYSCTRL3_HSC2_PWRRDY)
 2834              		.loc 1 988 21
 2835 00d2 624B     		ldr	r3, .L194
 2836 00d4 DB6C     		ldr	r3, [r3, #76]
 2837              		.loc 1 988 31
 2838 00d6 03F48023 		and	r3, r3, #262144
 2839              		.loc 1 988 15
 2840 00da B3F5802F 		cmp	r3, #262144
 2841 00de 00F0B580 		beq	.L191
 989:../../../firmware/n32h7xx_std_periph_driver/src/n32h7xx_pwr.c ****             {
 990:../../../firmware/n32h7xx_std_periph_driver/src/n32h7xx_pwr.c ****                 PWR_HSC1_HSC2_GRAPHIC_DomainEnable(HSC2_Domain, ENABLE);
 2842              		.loc 1 990 17
 2843 00e2 0121     		movs	r1, #1
 2844 00e4 0220     		movs	r0, #2
 2845 00e6 FFF7FEFF 		bl	PWR_HSC1_HSC2_GRAPHIC_DomainEnable
 984:../../../firmware/n32h7xx_std_periph_driver/src/n32h7xx_pwr.c ****         {
 2846              		.loc 1 984 11
 2847 00ea AFE0     		b	.L191
 2848              	.L171:
 991:../../../firmware/n32h7xx_std_periph_driver/src/n32h7xx_pwr.c ****             }
 992:../../../firmware/n32h7xx_std_periph_driver/src/n32h7xx_pwr.c ****             else
 993:../../../firmware/n32h7xx_std_periph_driver/src/n32h7xx_pwr.c ****             {
 994:../../../firmware/n32h7xx_std_periph_driver/src/n32h7xx_pwr.c ****                 /*no process*/
 995:../../../firmware/n32h7xx_std_periph_driver/src/n32h7xx_pwr.c ****             }
 996:../../../firmware/n32h7xx_std_periph_driver/src/n32h7xx_pwr.c ****         }
 997:../../../firmware/n32h7xx_std_periph_driver/src/n32h7xx_pwr.c ****         else
 998:../../../firmware/n32h7xx_std_periph_driver/src/n32h7xx_pwr.c ****         {
 999:../../../firmware/n32h7xx_std_periph_driver/src/n32h7xx_pwr.c ****             if((PWR->IPMEMCTRLSTS&HSC2_MODULE_MASK) == module)
 2849              		.loc 1 999 20
 2850 00ec 5B4B     		ldr	r3, .L194
 2851 00ee DB6D     		ldr	r3, [r3, #92]
 2852              		.loc 1 999 34
 2853 00f0 03F0E003 		and	r3, r3, #224
 2854              		.loc 1 999 15
 2855 00f4 7A68     		ldr	r2, [r7, #4]
 2856 00f6 9A42     		cmp	r2, r3
 2857 00f8 03D1     		bne	.L174
ARM GAS  /tmp/ccfMwLzE.s 			page 70


1000:../../../firmware/n32h7xx_std_periph_driver/src/n32h7xx_pwr.c ****             {
1001:../../../firmware/n32h7xx_std_periph_driver/src/n32h7xx_pwr.c ****                 PWR_HSC1_HSC2_GRAPHIC_DomainEnable(HSC2_Domain, DISABLE);
 2858              		.loc 1 1001 17
 2859 00fa 0021     		movs	r1, #0
 2860 00fc 0220     		movs	r0, #2
 2861 00fe FFF7FEFF 		bl	PWR_HSC1_HSC2_GRAPHIC_DomainEnable
 2862              	.L174:
1002:../../../firmware/n32h7xx_std_periph_driver/src/n32h7xx_pwr.c ****             }
1003:../../../firmware/n32h7xx_std_periph_driver/src/n32h7xx_pwr.c ****             else
1004:../../../firmware/n32h7xx_std_periph_driver/src/n32h7xx_pwr.c ****             {
1005:../../../firmware/n32h7xx_std_periph_driver/src/n32h7xx_pwr.c ****                 /*no process*/
1006:../../../firmware/n32h7xx_std_periph_driver/src/n32h7xx_pwr.c ****             }
1007:../../../firmware/n32h7xx_std_periph_driver/src/n32h7xx_pwr.c ****             PWR->IPMEMCTRL |= module;
 2863              		.loc 1 1007 16
 2864 0102 564B     		ldr	r3, .L194
 2865 0104 9A6D     		ldr	r2, [r3, #88]
 2866 0106 5549     		ldr	r1, .L194
 2867              		.loc 1 1007 28
 2868 0108 7B68     		ldr	r3, [r7, #4]
 2869 010a 1343     		orrs	r3, r3, r2
 2870 010c 8B65     		str	r3, [r1, #88]
1008:../../../firmware/n32h7xx_std_periph_driver/src/n32h7xx_pwr.c ****             while((PWR->IPMEMCTRLSTS & module ) == module);
 2871              		.loc 1 1008 18
 2872 010e 00BF     		nop
 2873              	.L175:
 2874              		.loc 1 1008 23 discriminator 1
 2875 0110 524B     		ldr	r3, .L194
 2876 0112 DA6D     		ldr	r2, [r3, #92]
 2877              		.loc 1 1008 38 discriminator 1
 2878 0114 7B68     		ldr	r3, [r7, #4]
 2879 0116 1340     		ands	r3, r3, r2
 2880              		.loc 1 1008 49 discriminator 1
 2881 0118 7A68     		ldr	r2, [r7, #4]
 2882 011a 9A42     		cmp	r2, r3
 2883 011c F8D0     		beq	.L175
 984:../../../firmware/n32h7xx_std_periph_driver/src/n32h7xx_pwr.c ****         {
 2884              		.loc 1 984 11
 2885 011e 95E0     		b	.L191
 2886              	.L170:
1009:../../../firmware/n32h7xx_std_periph_driver/src/n32h7xx_pwr.c ****         }
1010:../../../firmware/n32h7xx_std_periph_driver/src/n32h7xx_pwr.c ****     }
1011:../../../firmware/n32h7xx_std_periph_driver/src/n32h7xx_pwr.c ****     else if((module == HSC1_ETH1_PWRCTRL) ||(module == HSC1_USB1_PWRCTRL)||(module == HSC1_SDMMC1_P
 2887              		.loc 1 1011 12
 2888 0120 7B68     		ldr	r3, [r7, #4]
 2889 0122 B3F5807F 		cmp	r3, #256
 2890 0126 07D0     		beq	.L176
 2891              		.loc 1 1011 43 discriminator 1
 2892 0128 7B68     		ldr	r3, [r7, #4]
 2893 012a B3F5007F 		cmp	r3, #512
 2894 012e 03D0     		beq	.L176
 2895              		.loc 1 1011 74 discriminator 2
 2896 0130 7B68     		ldr	r3, [r7, #4]
 2897 0132 B3F5806F 		cmp	r3, #1024
 2898 0136 37D1     		bne	.L177
 2899              	.L176:
1012:../../../firmware/n32h7xx_std_periph_driver/src/n32h7xx_pwr.c ****     {
1013:../../../firmware/n32h7xx_std_periph_driver/src/n32h7xx_pwr.c ****         if(Cmd == ENABLE)
ARM GAS  /tmp/ccfMwLzE.s 			page 71


 2900              		.loc 1 1013 11
 2901 0138 FB78     		ldrb	r3, [r7, #3]	@ zero_extendqisi2
 2902 013a 012B     		cmp	r3, #1
 2903 013c 1AD1     		bne	.L178
1014:../../../firmware/n32h7xx_std_periph_driver/src/n32h7xx_pwr.c ****         {
1015:../../../firmware/n32h7xx_std_periph_driver/src/n32h7xx_pwr.c ****             PWR->IPMEMCTRL &= (~module);
 2904              		.loc 1 1015 16
 2905 013e 474B     		ldr	r3, .L194
 2906 0140 9A6D     		ldr	r2, [r3, #88]
 2907              		.loc 1 1015 32
 2908 0142 7B68     		ldr	r3, [r7, #4]
 2909 0144 DB43     		mvns	r3, r3
 2910              		.loc 1 1015 16
 2911 0146 4549     		ldr	r1, .L194
 2912              		.loc 1 1015 28
 2913 0148 1340     		ands	r3, r3, r2
 2914 014a 8B65     		str	r3, [r1, #88]
1016:../../../firmware/n32h7xx_std_periph_driver/src/n32h7xx_pwr.c ****             while((PWR->IPMEMCTRLSTS & module ) != module);
 2915              		.loc 1 1016 18
 2916 014c 00BF     		nop
 2917              	.L179:
 2918              		.loc 1 1016 23 discriminator 1
 2919 014e 434B     		ldr	r3, .L194
 2920 0150 DA6D     		ldr	r2, [r3, #92]
 2921              		.loc 1 1016 38 discriminator 1
 2922 0152 7B68     		ldr	r3, [r7, #4]
 2923 0154 1340     		ands	r3, r3, r2
 2924              		.loc 1 1016 49 discriminator 1
 2925 0156 7A68     		ldr	r2, [r7, #4]
 2926 0158 9A42     		cmp	r2, r3
 2927 015a F8D1     		bne	.L179
1017:../../../firmware/n32h7xx_std_periph_driver/src/n32h7xx_pwr.c ****             if( (PWR->SYSCTRL3&PWR_SYSCTRL3_HSC1_PWRRDY) != PWR_SYSCTRL3_HSC1_PWRRDY)
 2928              		.loc 1 1017 21
 2929 015c 3F4B     		ldr	r3, .L194
 2930 015e DB6C     		ldr	r3, [r3, #76]
 2931              		.loc 1 1017 31
 2932 0160 03F40033 		and	r3, r3, #131072
 2933              		.loc 1 1017 15
 2934 0164 B3F5003F 		cmp	r3, #131072
 2935 0168 72D0     		beq	.L192
1018:../../../firmware/n32h7xx_std_periph_driver/src/n32h7xx_pwr.c ****             {
1019:../../../firmware/n32h7xx_std_periph_driver/src/n32h7xx_pwr.c ****                 PWR_HSC1_HSC2_GRAPHIC_DomainEnable(HSC1_Domain, ENABLE);
 2936              		.loc 1 1019 17
 2937 016a 0121     		movs	r1, #1
 2938 016c 0120     		movs	r0, #1
 2939 016e FFF7FEFF 		bl	PWR_HSC1_HSC2_GRAPHIC_DomainEnable
1013:../../../firmware/n32h7xx_std_periph_driver/src/n32h7xx_pwr.c ****         {
 2940              		.loc 1 1013 11
 2941 0172 6DE0     		b	.L192
 2942              	.L178:
1020:../../../firmware/n32h7xx_std_periph_driver/src/n32h7xx_pwr.c ****             }
1021:../../../firmware/n32h7xx_std_periph_driver/src/n32h7xx_pwr.c ****             else
1022:../../../firmware/n32h7xx_std_periph_driver/src/n32h7xx_pwr.c ****             {
1023:../../../firmware/n32h7xx_std_periph_driver/src/n32h7xx_pwr.c ****                 /*no process*/
1024:../../../firmware/n32h7xx_std_periph_driver/src/n32h7xx_pwr.c ****             }
1025:../../../firmware/n32h7xx_std_periph_driver/src/n32h7xx_pwr.c ****         }
1026:../../../firmware/n32h7xx_std_periph_driver/src/n32h7xx_pwr.c ****         else
ARM GAS  /tmp/ccfMwLzE.s 			page 72


1027:../../../firmware/n32h7xx_std_periph_driver/src/n32h7xx_pwr.c ****         {
1028:../../../firmware/n32h7xx_std_periph_driver/src/n32h7xx_pwr.c ****             if((PWR->IPMEMCTRLSTS&HSC1_MODULE_MASK) == module)
 2943              		.loc 1 1028 20
 2944 0174 394B     		ldr	r3, .L194
 2945 0176 DB6D     		ldr	r3, [r3, #92]
 2946              		.loc 1 1028 34
 2947 0178 03F4E063 		and	r3, r3, #1792
 2948              		.loc 1 1028 15
 2949 017c 7A68     		ldr	r2, [r7, #4]
 2950 017e 9A42     		cmp	r2, r3
 2951 0180 03D1     		bne	.L181
1029:../../../firmware/n32h7xx_std_periph_driver/src/n32h7xx_pwr.c ****             {
1030:../../../firmware/n32h7xx_std_periph_driver/src/n32h7xx_pwr.c ****                 PWR_HSC1_HSC2_GRAPHIC_DomainEnable(HSC1_Domain, DISABLE);
 2952              		.loc 1 1030 17
 2953 0182 0021     		movs	r1, #0
 2954 0184 0120     		movs	r0, #1
 2955 0186 FFF7FEFF 		bl	PWR_HSC1_HSC2_GRAPHIC_DomainEnable
 2956              	.L181:
1031:../../../firmware/n32h7xx_std_periph_driver/src/n32h7xx_pwr.c ****             }
1032:../../../firmware/n32h7xx_std_periph_driver/src/n32h7xx_pwr.c ****             else
1033:../../../firmware/n32h7xx_std_periph_driver/src/n32h7xx_pwr.c ****             {
1034:../../../firmware/n32h7xx_std_periph_driver/src/n32h7xx_pwr.c ****                 /*no process*/
1035:../../../firmware/n32h7xx_std_periph_driver/src/n32h7xx_pwr.c ****             }
1036:../../../firmware/n32h7xx_std_periph_driver/src/n32h7xx_pwr.c ****             PWR->IPMEMCTRL |= module;
 2957              		.loc 1 1036 16
 2958 018a 344B     		ldr	r3, .L194
 2959 018c 9A6D     		ldr	r2, [r3, #88]
 2960 018e 3349     		ldr	r1, .L194
 2961              		.loc 1 1036 28
 2962 0190 7B68     		ldr	r3, [r7, #4]
 2963 0192 1343     		orrs	r3, r3, r2
 2964 0194 8B65     		str	r3, [r1, #88]
1037:../../../firmware/n32h7xx_std_periph_driver/src/n32h7xx_pwr.c ****             while((PWR->IPMEMCTRLSTS & module ) == module);
 2965              		.loc 1 1037 18
 2966 0196 00BF     		nop
 2967              	.L182:
 2968              		.loc 1 1037 23 discriminator 1
 2969 0198 304B     		ldr	r3, .L194
 2970 019a DA6D     		ldr	r2, [r3, #92]
 2971              		.loc 1 1037 38 discriminator 1
 2972 019c 7B68     		ldr	r3, [r7, #4]
 2973 019e 1340     		ands	r3, r3, r2
 2974              		.loc 1 1037 49 discriminator 1
 2975 01a0 7A68     		ldr	r2, [r7, #4]
 2976 01a2 9A42     		cmp	r2, r3
 2977 01a4 F8D0     		beq	.L182
1013:../../../firmware/n32h7xx_std_periph_driver/src/n32h7xx_pwr.c ****         {
 2978              		.loc 1 1013 11
 2979 01a6 53E0     		b	.L192
 2980              	.L177:
1038:../../../firmware/n32h7xx_std_periph_driver/src/n32h7xx_pwr.c ****         }
1039:../../../firmware/n32h7xx_std_periph_driver/src/n32h7xx_pwr.c ****     }
1040:../../../firmware/n32h7xx_std_periph_driver/src/n32h7xx_pwr.c ****     else if(module == ESC_PWRCTRL) 
 2981              		.loc 1 1040 12
 2982 01a8 7B68     		ldr	r3, [r7, #4]
 2983 01aa B3F5805F 		cmp	r3, #4096
 2984 01ae 26D1     		bne	.L183
ARM GAS  /tmp/ccfMwLzE.s 			page 73


1041:../../../firmware/n32h7xx_std_periph_driver/src/n32h7xx_pwr.c ****     {
1042:../../../firmware/n32h7xx_std_periph_driver/src/n32h7xx_pwr.c ****         if(Cmd == ENABLE)
 2985              		.loc 1 1042 11
 2986 01b0 FB78     		ldrb	r3, [r7, #3]	@ zero_extendqisi2
 2987 01b2 012B     		cmp	r3, #1
 2988 01b4 11D1     		bne	.L184
1043:../../../firmware/n32h7xx_std_periph_driver/src/n32h7xx_pwr.c ****         {
1044:../../../firmware/n32h7xx_std_periph_driver/src/n32h7xx_pwr.c ****             PWR->IPMEMCTRL &= (~ESC_PWRCTRL);
 2989              		.loc 1 1044 16
 2990 01b6 294B     		ldr	r3, .L194
 2991 01b8 9B6D     		ldr	r3, [r3, #88]
 2992 01ba 284A     		ldr	r2, .L194
 2993              		.loc 1 1044 28
 2994 01bc 23F48053 		bic	r3, r3, #4096
 2995 01c0 9365     		str	r3, [r2, #88]
1045:../../../firmware/n32h7xx_std_periph_driver/src/n32h7xx_pwr.c ****             while((PWR->IPMEMCTRLSTS & ESC_PWRRDY_FLAG ) != ESC_PWRRDY_FLAG);
 2996              		.loc 1 1045 18
 2997 01c2 00BF     		nop
 2998              	.L185:
 2999              		.loc 1 1045 23 discriminator 1
 3000 01c4 254B     		ldr	r3, .L194
 3001 01c6 DB6D     		ldr	r3, [r3, #92]
 3002              		.loc 1 1045 38 discriminator 1
 3003 01c8 03F48053 		and	r3, r3, #4096
 3004              		.loc 1 1045 58 discriminator 1
 3005 01cc B3F5805F 		cmp	r3, #4096
 3006 01d0 F8D1     		bne	.L185
1046:../../../firmware/n32h7xx_std_periph_driver/src/n32h7xx_pwr.c ****             PWR_ESC_DomainEnable(ENABLE);
 3007              		.loc 1 1046 13
 3008 01d2 0120     		movs	r0, #1
 3009 01d4 FFF7FEFF 		bl	PWR_ESC_DomainEnable
1047:../../../firmware/n32h7xx_std_periph_driver/src/n32h7xx_pwr.c ****         }
1048:../../../firmware/n32h7xx_std_periph_driver/src/n32h7xx_pwr.c ****         else
1049:../../../firmware/n32h7xx_std_periph_driver/src/n32h7xx_pwr.c ****         {
1050:../../../firmware/n32h7xx_std_periph_driver/src/n32h7xx_pwr.c ****             PWR_ESC_DomainEnable(DISABLE);
1051:../../../firmware/n32h7xx_std_periph_driver/src/n32h7xx_pwr.c ****             PWR->IPMEMCTRL |= ESC_PWRCTRL;
1052:../../../firmware/n32h7xx_std_periph_driver/src/n32h7xx_pwr.c ****             while((PWR->IPMEMCTRLSTS & ESC_PWRRDY_FLAG) == ESC_PWRRDY_FLAG);
1053:../../../firmware/n32h7xx_std_periph_driver/src/n32h7xx_pwr.c ****         }
1054:../../../firmware/n32h7xx_std_periph_driver/src/n32h7xx_pwr.c ****     }
1055:../../../firmware/n32h7xx_std_periph_driver/src/n32h7xx_pwr.c ****     else if(module == FMAC_PWRCTRL) 
1056:../../../firmware/n32h7xx_std_periph_driver/src/n32h7xx_pwr.c ****     {
1057:../../../firmware/n32h7xx_std_periph_driver/src/n32h7xx_pwr.c ****         if(Cmd == ENABLE)
1058:../../../firmware/n32h7xx_std_periph_driver/src/n32h7xx_pwr.c ****         {
1059:../../../firmware/n32h7xx_std_periph_driver/src/n32h7xx_pwr.c ****             PWR->IPMEMCTRL &= (~FMAC_PWRCTRL);
1060:../../../firmware/n32h7xx_std_periph_driver/src/n32h7xx_pwr.c ****             while((PWR->IPMEMCTRLSTS & FMAC_PWRRDY_FLAG ) != FMAC_PWRRDY_FLAG);
1061:../../../firmware/n32h7xx_std_periph_driver/src/n32h7xx_pwr.c ****         }
1062:../../../firmware/n32h7xx_std_periph_driver/src/n32h7xx_pwr.c ****         else
1063:../../../firmware/n32h7xx_std_periph_driver/src/n32h7xx_pwr.c ****         { 
1064:../../../firmware/n32h7xx_std_periph_driver/src/n32h7xx_pwr.c ****             PWR->IPMEMCTRL |= FMAC_PWRCTRL;
1065:../../../firmware/n32h7xx_std_periph_driver/src/n32h7xx_pwr.c ****             while((PWR->IPMEMCTRLSTS & FMAC_PWRRDY_FLAG) == FMAC_PWRRDY_FLAG);
1066:../../../firmware/n32h7xx_std_periph_driver/src/n32h7xx_pwr.c ****         }
1067:../../../firmware/n32h7xx_std_periph_driver/src/n32h7xx_pwr.c ****     }
1068:../../../firmware/n32h7xx_std_periph_driver/src/n32h7xx_pwr.c ****     else
1069:../../../firmware/n32h7xx_std_periph_driver/src/n32h7xx_pwr.c ****     {
1070:../../../firmware/n32h7xx_std_periph_driver/src/n32h7xx_pwr.c ****         /*no process */
1071:../../../firmware/n32h7xx_std_periph_driver/src/n32h7xx_pwr.c ****     }
1072:../../../firmware/n32h7xx_std_periph_driver/src/n32h7xx_pwr.c **** }
ARM GAS  /tmp/ccfMwLzE.s 			page 74


 3010              		.loc 1 1072 1
 3011 01d8 3BE0     		b	.L193
 3012              	.L184:
1050:../../../firmware/n32h7xx_std_periph_driver/src/n32h7xx_pwr.c ****             PWR->IPMEMCTRL |= ESC_PWRCTRL;
 3013              		.loc 1 1050 13
 3014 01da 0020     		movs	r0, #0
 3015 01dc FFF7FEFF 		bl	PWR_ESC_DomainEnable
1051:../../../firmware/n32h7xx_std_periph_driver/src/n32h7xx_pwr.c ****             while((PWR->IPMEMCTRLSTS & ESC_PWRRDY_FLAG) == ESC_PWRRDY_FLAG);
 3016              		.loc 1 1051 16
 3017 01e0 1E4B     		ldr	r3, .L194
 3018 01e2 9B6D     		ldr	r3, [r3, #88]
 3019 01e4 1D4A     		ldr	r2, .L194
1051:../../../firmware/n32h7xx_std_periph_driver/src/n32h7xx_pwr.c ****             while((PWR->IPMEMCTRLSTS & ESC_PWRRDY_FLAG) == ESC_PWRRDY_FLAG);
 3020              		.loc 1 1051 28
 3021 01e6 43F48053 		orr	r3, r3, #4096
 3022 01ea 9365     		str	r3, [r2, #88]
1052:../../../firmware/n32h7xx_std_periph_driver/src/n32h7xx_pwr.c ****         }
 3023              		.loc 1 1052 18
 3024 01ec 00BF     		nop
 3025              	.L186:
1052:../../../firmware/n32h7xx_std_periph_driver/src/n32h7xx_pwr.c ****         }
 3026              		.loc 1 1052 23 discriminator 1
 3027 01ee 1B4B     		ldr	r3, .L194
 3028 01f0 DB6D     		ldr	r3, [r3, #92]
1052:../../../firmware/n32h7xx_std_periph_driver/src/n32h7xx_pwr.c ****         }
 3029              		.loc 1 1052 38 discriminator 1
 3030 01f2 03F48053 		and	r3, r3, #4096
1052:../../../firmware/n32h7xx_std_periph_driver/src/n32h7xx_pwr.c ****         }
 3031              		.loc 1 1052 57 discriminator 1
 3032 01f6 B3F5805F 		cmp	r3, #4096
 3033 01fa F8D0     		beq	.L186
 3034              		.loc 1 1072 1
 3035 01fc 29E0     		b	.L193
 3036              	.L183:
1055:../../../firmware/n32h7xx_std_periph_driver/src/n32h7xx_pwr.c ****     {
 3037              		.loc 1 1055 12
 3038 01fe 7B68     		ldr	r3, [r7, #4]
 3039 0200 B3F5006F 		cmp	r3, #2048
 3040 0204 25D1     		bne	.L193
1057:../../../firmware/n32h7xx_std_periph_driver/src/n32h7xx_pwr.c ****         {
 3041              		.loc 1 1057 11
 3042 0206 FB78     		ldrb	r3, [r7, #3]	@ zero_extendqisi2
 3043 0208 012B     		cmp	r3, #1
 3044 020a 0ED1     		bne	.L187
1059:../../../firmware/n32h7xx_std_periph_driver/src/n32h7xx_pwr.c ****             while((PWR->IPMEMCTRLSTS & FMAC_PWRRDY_FLAG ) != FMAC_PWRRDY_FLAG);
 3045              		.loc 1 1059 16
 3046 020c 134B     		ldr	r3, .L194
 3047 020e 9B6D     		ldr	r3, [r3, #88]
 3048 0210 124A     		ldr	r2, .L194
1059:../../../firmware/n32h7xx_std_periph_driver/src/n32h7xx_pwr.c ****             while((PWR->IPMEMCTRLSTS & FMAC_PWRRDY_FLAG ) != FMAC_PWRRDY_FLAG);
 3049              		.loc 1 1059 28
 3050 0212 23F40063 		bic	r3, r3, #2048
 3051 0216 9365     		str	r3, [r2, #88]
1060:../../../firmware/n32h7xx_std_periph_driver/src/n32h7xx_pwr.c ****         }
 3052              		.loc 1 1060 18
 3053 0218 00BF     		nop
 3054              	.L188:
ARM GAS  /tmp/ccfMwLzE.s 			page 75


1060:../../../firmware/n32h7xx_std_periph_driver/src/n32h7xx_pwr.c ****         }
 3055              		.loc 1 1060 23 discriminator 1
 3056 021a 104B     		ldr	r3, .L194
 3057 021c DB6D     		ldr	r3, [r3, #92]
1060:../../../firmware/n32h7xx_std_periph_driver/src/n32h7xx_pwr.c ****         }
 3058              		.loc 1 1060 38 discriminator 1
 3059 021e 03F40063 		and	r3, r3, #2048
1060:../../../firmware/n32h7xx_std_periph_driver/src/n32h7xx_pwr.c ****         }
 3060              		.loc 1 1060 59 discriminator 1
 3061 0222 B3F5006F 		cmp	r3, #2048
 3062 0226 F8D1     		bne	.L188
 3063              		.loc 1 1072 1
 3064 0228 13E0     		b	.L193
 3065              	.L187:
1064:../../../firmware/n32h7xx_std_periph_driver/src/n32h7xx_pwr.c ****             while((PWR->IPMEMCTRLSTS & FMAC_PWRRDY_FLAG) == FMAC_PWRRDY_FLAG);
 3066              		.loc 1 1064 16
 3067 022a 0C4B     		ldr	r3, .L194
 3068 022c 9B6D     		ldr	r3, [r3, #88]
 3069 022e 0B4A     		ldr	r2, .L194
1064:../../../firmware/n32h7xx_std_periph_driver/src/n32h7xx_pwr.c ****             while((PWR->IPMEMCTRLSTS & FMAC_PWRRDY_FLAG) == FMAC_PWRRDY_FLAG);
 3070              		.loc 1 1064 28
 3071 0230 43F40063 		orr	r3, r3, #2048
 3072 0234 9365     		str	r3, [r2, #88]
1065:../../../firmware/n32h7xx_std_periph_driver/src/n32h7xx_pwr.c ****         }
 3073              		.loc 1 1065 18
 3074 0236 00BF     		nop
 3075              	.L189:
1065:../../../firmware/n32h7xx_std_periph_driver/src/n32h7xx_pwr.c ****         }
 3076              		.loc 1 1065 23 discriminator 1
 3077 0238 084B     		ldr	r3, .L194
 3078 023a DB6D     		ldr	r3, [r3, #92]
1065:../../../firmware/n32h7xx_std_periph_driver/src/n32h7xx_pwr.c ****         }
 3079              		.loc 1 1065 38 discriminator 1
 3080 023c 03F40063 		and	r3, r3, #2048
1065:../../../firmware/n32h7xx_std_periph_driver/src/n32h7xx_pwr.c ****         }
 3081              		.loc 1 1065 58 discriminator 1
 3082 0240 B3F5006F 		cmp	r3, #2048
 3083 0244 F8D0     		beq	.L189
 3084              		.loc 1 1072 1
 3085 0246 04E0     		b	.L193
 3086              	.L190:
 955:../../../firmware/n32h7xx_std_periph_driver/src/n32h7xx_pwr.c ****         {
 3087              		.loc 1 955 11
 3088 0248 00BF     		nop
 3089 024a 02E0     		b	.L193
 3090              	.L191:
 984:../../../firmware/n32h7xx_std_periph_driver/src/n32h7xx_pwr.c ****         {
 3091              		.loc 1 984 11
 3092 024c 00BF     		nop
 3093 024e 00E0     		b	.L193
 3094              	.L192:
1013:../../../firmware/n32h7xx_std_periph_driver/src/n32h7xx_pwr.c ****         {
 3095              		.loc 1 1013 11
 3096 0250 00BF     		nop
 3097              	.L193:
 3098              		.loc 1 1072 1
 3099 0252 00BF     		nop
ARM GAS  /tmp/ccfMwLzE.s 			page 76


 3100 0254 0837     		adds	r7, r7, #8
 3101              	.LCFI149:
 3102              		.cfi_def_cfa_offset 8
 3103 0256 BD46     		mov	sp, r7
 3104              	.LCFI150:
 3105              		.cfi_def_cfa_register 13
 3106              		@ sp needed
 3107 0258 80BD     		pop	{r7, pc}
 3108              	.L195:
 3109 025a 00BF     		.align	2
 3110              	.L194:
 3111 025c 00100358 		.word	1476595712
 3112              		.cfi_endproc
 3113              	.LFE160:
 3115              		.section	.text.PWR_EnableBKPSRAMRetainInStandbyMode,"ax",%progbits
 3116              		.align	1
 3117              		.global	PWR_EnableBKPSRAMRetainInStandbyMode
 3118              		.syntax unified
 3119              		.thumb
 3120              		.thumb_func
 3122              	PWR_EnableBKPSRAMRetainInStandbyMode:
 3123              	.LFB161:
1073:../../../firmware/n32h7xx_std_periph_driver/src/n32h7xx_pwr.c **** 
1074:../../../firmware/n32h7xx_std_periph_driver/src/n32h7xx_pwr.c **** /**
1075:../../../firmware/n32h7xx_std_periph_driver/src/n32h7xx_pwr.c **** *\*\name    PWR_EnableBKPSRAMRetainInStandbyMode.
1076:../../../firmware/n32h7xx_std_periph_driver/src/n32h7xx_pwr.c **** *\*\fun     Enable or disable BKP SRAM retain in standby mode.
1077:../../../firmware/n32h7xx_std_periph_driver/src/n32h7xx_pwr.c **** *\*\param   Cmd: 
1078:../../../firmware/n32h7xx_std_periph_driver/src/n32h7xx_pwr.c **** *\*\          - ENABLE  
1079:../../../firmware/n32h7xx_std_periph_driver/src/n32h7xx_pwr.c **** *\*\          - DISABLE   
1080:../../../firmware/n32h7xx_std_periph_driver/src/n32h7xx_pwr.c **** *\*\return  none. 
1081:../../../firmware/n32h7xx_std_periph_driver/src/n32h7xx_pwr.c **** **/
1082:../../../firmware/n32h7xx_std_periph_driver/src/n32h7xx_pwr.c **** void PWR_EnableBKPSRAMRetainInStandbyMode(FunctionalState Cmd)
1083:../../../firmware/n32h7xx_std_periph_driver/src/n32h7xx_pwr.c **** { 
 3124              		.loc 1 1083 1
 3125              		.cfi_startproc
 3126              		@ args = 0, pretend = 0, frame = 8
 3127              		@ frame_needed = 1, uses_anonymous_args = 0
 3128              		@ link register save eliminated.
 3129 0000 80B4     		push	{r7}
 3130              	.LCFI151:
 3131              		.cfi_def_cfa_offset 4
 3132              		.cfi_offset 7, -4
 3133 0002 83B0     		sub	sp, sp, #12
 3134              	.LCFI152:
 3135              		.cfi_def_cfa_offset 16
 3136 0004 00AF     		add	r7, sp, #0
 3137              	.LCFI153:
 3138              		.cfi_def_cfa_register 7
 3139 0006 0346     		mov	r3, r0
 3140 0008 FB71     		strb	r3, [r7, #7]
1084:../../../firmware/n32h7xx_std_periph_driver/src/n32h7xx_pwr.c ****     if(Cmd == ENABLE)
 3141              		.loc 1 1084 7
 3142 000a FB79     		ldrb	r3, [r7, #7]	@ zero_extendqisi2
 3143 000c 012B     		cmp	r3, #1
 3144 000e 0CD1     		bne	.L197
1085:../../../firmware/n32h7xx_std_periph_driver/src/n32h7xx_pwr.c ****     {
1086:../../../firmware/n32h7xx_std_periph_driver/src/n32h7xx_pwr.c ****        /* Set BSRSTBRET bit */
ARM GAS  /tmp/ccfMwLzE.s 			page 77


1087:../../../firmware/n32h7xx_std_periph_driver/src/n32h7xx_pwr.c ****        //*ControlRegAddr |= PWR_STBRET_ENABLE;
1088:../../../firmware/n32h7xx_std_periph_driver/src/n32h7xx_pwr.c ****         PWR->M4CTRL2 |= PWR_STBRET_ENABLE; 
 3145              		.loc 1 1088 12
 3146 0010 0E4B     		ldr	r3, .L200
 3147 0012 9B6A     		ldr	r3, [r3, #40]
 3148 0014 0D4A     		ldr	r2, .L200
 3149              		.loc 1 1088 22
 3150 0016 43F00403 		orr	r3, r3, #4
 3151 001a 9362     		str	r3, [r2, #40]
1089:../../../firmware/n32h7xx_std_periph_driver/src/n32h7xx_pwr.c ****         PWR->M7CTRL2 |= PWR_STBRET_ENABLE; 
 3152              		.loc 1 1089 12
 3153 001c 0B4B     		ldr	r3, .L200
 3154 001e 9B68     		ldr	r3, [r3, #8]
 3155 0020 0A4A     		ldr	r2, .L200
 3156              		.loc 1 1089 22
 3157 0022 43F00403 		orr	r3, r3, #4
 3158 0026 9360     		str	r3, [r2, #8]
1090:../../../firmware/n32h7xx_std_periph_driver/src/n32h7xx_pwr.c ****     }
1091:../../../firmware/n32h7xx_std_periph_driver/src/n32h7xx_pwr.c ****     else
1092:../../../firmware/n32h7xx_std_periph_driver/src/n32h7xx_pwr.c ****     {
1093:../../../firmware/n32h7xx_std_periph_driver/src/n32h7xx_pwr.c ****        /* Reset BSRSTBRET bit */
1094:../../../firmware/n32h7xx_std_periph_driver/src/n32h7xx_pwr.c ****        //*ControlRegAddr &= (~PWR_STBRET_ENABLE);
1095:../../../firmware/n32h7xx_std_periph_driver/src/n32h7xx_pwr.c ****         PWR->M4CTRL2 &= (~PWR_STBRET_ENABLE);
1096:../../../firmware/n32h7xx_std_periph_driver/src/n32h7xx_pwr.c ****         PWR->M7CTRL2 &= (~PWR_STBRET_ENABLE); 
1097:../../../firmware/n32h7xx_std_periph_driver/src/n32h7xx_pwr.c ****     }  
1098:../../../firmware/n32h7xx_std_periph_driver/src/n32h7xx_pwr.c **** }
 3159              		.loc 1 1098 1
 3160 0028 0BE0     		b	.L199
 3161              	.L197:
1095:../../../firmware/n32h7xx_std_periph_driver/src/n32h7xx_pwr.c ****         PWR->M7CTRL2 &= (~PWR_STBRET_ENABLE); 
 3162              		.loc 1 1095 12
 3163 002a 084B     		ldr	r3, .L200
 3164 002c 9B6A     		ldr	r3, [r3, #40]
 3165 002e 074A     		ldr	r2, .L200
1095:../../../firmware/n32h7xx_std_periph_driver/src/n32h7xx_pwr.c ****         PWR->M7CTRL2 &= (~PWR_STBRET_ENABLE); 
 3166              		.loc 1 1095 22
 3167 0030 23F00403 		bic	r3, r3, #4
 3168 0034 9362     		str	r3, [r2, #40]
1096:../../../firmware/n32h7xx_std_periph_driver/src/n32h7xx_pwr.c ****     }  
 3169              		.loc 1 1096 12
 3170 0036 054B     		ldr	r3, .L200
 3171 0038 9B68     		ldr	r3, [r3, #8]
 3172 003a 044A     		ldr	r2, .L200
1096:../../../firmware/n32h7xx_std_periph_driver/src/n32h7xx_pwr.c ****     }  
 3173              		.loc 1 1096 22
 3174 003c 23F00403 		bic	r3, r3, #4
 3175 0040 9360     		str	r3, [r2, #8]
 3176              	.L199:
 3177              		.loc 1 1098 1
 3178 0042 00BF     		nop
 3179 0044 0C37     		adds	r7, r7, #12
 3180              	.LCFI154:
 3181              		.cfi_def_cfa_offset 4
 3182 0046 BD46     		mov	sp, r7
 3183              	.LCFI155:
 3184              		.cfi_def_cfa_register 13
 3185              		@ sp needed
ARM GAS  /tmp/ccfMwLzE.s 			page 78


 3186 0048 80BC     		pop	{r7}
 3187              	.LCFI156:
 3188              		.cfi_restore 7
 3189              		.cfi_def_cfa_offset 0
 3190 004a 7047     		bx	lr
 3191              	.L201:
 3192              		.align	2
 3193              	.L200:
 3194 004c 00100358 		.word	1476595712
 3195              		.cfi_endproc
 3196              	.LFE161:
 3198              		.section	.text.PWR_EnableBKPSRAMRetainInVbatMode,"ax",%progbits
 3199              		.align	1
 3200              		.global	PWR_EnableBKPSRAMRetainInVbatMode
 3201              		.syntax unified
 3202              		.thumb
 3203              		.thumb_func
 3205              	PWR_EnableBKPSRAMRetainInVbatMode:
 3206              	.LFB162:
1099:../../../firmware/n32h7xx_std_periph_driver/src/n32h7xx_pwr.c **** 
1100:../../../firmware/n32h7xx_std_periph_driver/src/n32h7xx_pwr.c **** 
1101:../../../firmware/n32h7xx_std_periph_driver/src/n32h7xx_pwr.c **** /**
1102:../../../firmware/n32h7xx_std_periph_driver/src/n32h7xx_pwr.c **** *\*\name    PWR_EnableBKPSRAMRetainInVbatMode.
1103:../../../firmware/n32h7xx_std_periph_driver/src/n32h7xx_pwr.c **** *\*\fun     Enable or disable BKP SRAM retain in Vbat mode.
1104:../../../firmware/n32h7xx_std_periph_driver/src/n32h7xx_pwr.c **** *\*\param   Cmd: 
1105:../../../firmware/n32h7xx_std_periph_driver/src/n32h7xx_pwr.c **** *\*\          - ENABLE  
1106:../../../firmware/n32h7xx_std_periph_driver/src/n32h7xx_pwr.c **** *\*\          - DISABLE   
1107:../../../firmware/n32h7xx_std_periph_driver/src/n32h7xx_pwr.c **** *\*\return  none. 
1108:../../../firmware/n32h7xx_std_periph_driver/src/n32h7xx_pwr.c **** **/
1109:../../../firmware/n32h7xx_std_periph_driver/src/n32h7xx_pwr.c **** void PWR_EnableBKPSRAMRetainInVbatMode(FunctionalState Cmd)
1110:../../../firmware/n32h7xx_std_periph_driver/src/n32h7xx_pwr.c **** { 
 3207              		.loc 1 1110 1
 3208              		.cfi_startproc
 3209              		@ args = 0, pretend = 0, frame = 16
 3210              		@ frame_needed = 1, uses_anonymous_args = 0
 3211 0000 80B5     		push	{r7, lr}
 3212              	.LCFI157:
 3213              		.cfi_def_cfa_offset 8
 3214              		.cfi_offset 7, -8
 3215              		.cfi_offset 14, -4
 3216 0002 84B0     		sub	sp, sp, #16
 3217              	.LCFI158:
 3218              		.cfi_def_cfa_offset 24
 3219 0004 00AF     		add	r7, sp, #0
 3220              	.LCFI159:
 3221              		.cfi_def_cfa_register 7
 3222 0006 0346     		mov	r3, r0
 3223 0008 FB71     		strb	r3, [r7, #7]
1111:../../../firmware/n32h7xx_std_periph_driver/src/n32h7xx_pwr.c ****     __IO uint32_t* ControlRegAddr;
1112:../../../firmware/n32h7xx_std_periph_driver/src/n32h7xx_pwr.c ****     /*Get contrl register address*/
1113:../../../firmware/n32h7xx_std_periph_driver/src/n32h7xx_pwr.c ****     if(Get_CurrentCPU() == CM7_CPU)
 3224              		.loc 1 1113 8
 3225 000a FFF7FEFF 		bl	Get_CurrentCPU
 3226 000e 0346     		mov	r3, r0
 3227              		.loc 1 1113 7 discriminator 1
 3228 0010 022B     		cmp	r3, #2
 3229 0012 02D1     		bne	.L203
ARM GAS  /tmp/ccfMwLzE.s 			page 79


1114:../../../firmware/n32h7xx_std_periph_driver/src/n32h7xx_pwr.c ****     {
1115:../../../firmware/n32h7xx_std_periph_driver/src/n32h7xx_pwr.c ****         ControlRegAddr = &PWR->M7CTRL2;
 3230              		.loc 1 1115 24
 3231 0014 0C4B     		ldr	r3, .L208
 3232 0016 FB60     		str	r3, [r7, #12]
 3233 0018 01E0     		b	.L204
 3234              	.L203:
1116:../../../firmware/n32h7xx_std_periph_driver/src/n32h7xx_pwr.c ****     }
1117:../../../firmware/n32h7xx_std_periph_driver/src/n32h7xx_pwr.c ****     else
1118:../../../firmware/n32h7xx_std_periph_driver/src/n32h7xx_pwr.c ****     {
1119:../../../firmware/n32h7xx_std_periph_driver/src/n32h7xx_pwr.c ****         ControlRegAddr = &PWR->M4CTRL2;
 3235              		.loc 1 1119 24
 3236 001a 0C4B     		ldr	r3, .L208+4
 3237 001c FB60     		str	r3, [r7, #12]
 3238              	.L204:
1120:../../../firmware/n32h7xx_std_periph_driver/src/n32h7xx_pwr.c ****     }
1121:../../../firmware/n32h7xx_std_periph_driver/src/n32h7xx_pwr.c ****     if(Cmd == ENABLE)
 3239              		.loc 1 1121 7
 3240 001e FB79     		ldrb	r3, [r7, #7]	@ zero_extendqisi2
 3241 0020 012B     		cmp	r3, #1
 3242 0022 06D1     		bne	.L205
1122:../../../firmware/n32h7xx_std_periph_driver/src/n32h7xx_pwr.c ****     {
1123:../../../firmware/n32h7xx_std_periph_driver/src/n32h7xx_pwr.c ****        /* Set BSRVBRET bit */
1124:../../../firmware/n32h7xx_std_periph_driver/src/n32h7xx_pwr.c ****        *ControlRegAddr |= PWR_VBATRET_ENABLE;
 3243              		.loc 1 1124 8
 3244 0024 FB68     		ldr	r3, [r7, #12]
 3245 0026 1B68     		ldr	r3, [r3]
 3246              		.loc 1 1124 24
 3247 0028 43F00202 		orr	r2, r3, #2
 3248 002c FB68     		ldr	r3, [r7, #12]
 3249 002e 1A60     		str	r2, [r3]
1125:../../../firmware/n32h7xx_std_periph_driver/src/n32h7xx_pwr.c ****     }
1126:../../../firmware/n32h7xx_std_periph_driver/src/n32h7xx_pwr.c ****     else
1127:../../../firmware/n32h7xx_std_periph_driver/src/n32h7xx_pwr.c ****     {
1128:../../../firmware/n32h7xx_std_periph_driver/src/n32h7xx_pwr.c ****        /* Reset BSRVBRET bit */
1129:../../../firmware/n32h7xx_std_periph_driver/src/n32h7xx_pwr.c ****        *ControlRegAddr &= (~PWR_VBATRET_ENABLE);
1130:../../../firmware/n32h7xx_std_periph_driver/src/n32h7xx_pwr.c ****     } 
1131:../../../firmware/n32h7xx_std_periph_driver/src/n32h7xx_pwr.c **** }
 3250              		.loc 1 1131 1
 3251 0030 05E0     		b	.L207
 3252              	.L205:
1129:../../../firmware/n32h7xx_std_periph_driver/src/n32h7xx_pwr.c ****     } 
 3253              		.loc 1 1129 8
 3254 0032 FB68     		ldr	r3, [r7, #12]
 3255 0034 1B68     		ldr	r3, [r3]
1129:../../../firmware/n32h7xx_std_periph_driver/src/n32h7xx_pwr.c ****     } 
 3256              		.loc 1 1129 24
 3257 0036 23F00202 		bic	r2, r3, #2
 3258 003a FB68     		ldr	r3, [r7, #12]
 3259 003c 1A60     		str	r2, [r3]
 3260              	.L207:
 3261              		.loc 1 1131 1
 3262 003e 00BF     		nop
 3263 0040 1037     		adds	r7, r7, #16
 3264              	.LCFI160:
 3265              		.cfi_def_cfa_offset 8
 3266 0042 BD46     		mov	sp, r7
ARM GAS  /tmp/ccfMwLzE.s 			page 80


 3267              	.LCFI161:
 3268              		.cfi_def_cfa_register 13
 3269              		@ sp needed
 3270 0044 80BD     		pop	{r7, pc}
 3271              	.L209:
 3272 0046 00BF     		.align	2
 3273              	.L208:
 3274 0048 08100358 		.word	1476595720
 3275 004c 28100358 		.word	1476595752
 3276              		.cfi_endproc
 3277              	.LFE162:
 3279              		.section	.text.PWR_WakeUpPinEnable,"ax",%progbits
 3280              		.align	1
 3281              		.global	PWR_WakeUpPinEnable
 3282              		.syntax unified
 3283              		.thumb
 3284              		.thumb_func
 3286              	PWR_WakeUpPinEnable:
 3287              	.LFB163:
1132:../../../firmware/n32h7xx_std_periph_driver/src/n32h7xx_pwr.c **** 
1133:../../../firmware/n32h7xx_std_periph_driver/src/n32h7xx_pwr.c **** /**
1134:../../../firmware/n32h7xx_std_periph_driver/src/n32h7xx_pwr.c **** *\*\name    PWR_WakeUpPinEnable.
1135:../../../firmware/n32h7xx_std_periph_driver/src/n32h7xx_pwr.c **** *\*\fun     Enables the Wakeup Pin functionality.
1136:../../../firmware/n32h7xx_std_periph_driver/src/n32h7xx_pwr.c **** *\*\param   pin (The input parameters must be the following values):
1137:../../../firmware/n32h7xx_std_periph_driver/src/n32h7xx_pwr.c **** *\*\          - WAKEUP_PIN0EN   WKUP0(PA0)
1138:../../../firmware/n32h7xx_std_periph_driver/src/n32h7xx_pwr.c **** *\*\          - WAKEUP_PIN1EN   WKUP1(PA2)
1139:../../../firmware/n32h7xx_std_periph_driver/src/n32h7xx_pwr.c **** *\*\          - WAKEUP_PIN2EN   WKUP2(PC13)
1140:../../../firmware/n32h7xx_std_periph_driver/src/n32h7xx_pwr.c **** *\*\          - WAKEUP_PIN3EN   WKUP3(PI8)
1141:../../../firmware/n32h7xx_std_periph_driver/src/n32h7xx_pwr.c **** *\*\          - WAKEUP_PIN4EN   WKUP4(PI11)
1142:../../../firmware/n32h7xx_std_periph_driver/src/n32h7xx_pwr.c **** *\*\          - WAKEUP_PIN5EN   WKUP5(PC1)
1143:../../../firmware/n32h7xx_std_periph_driver/src/n32h7xx_pwr.c **** *\*\param   Cmd: 
1144:../../../firmware/n32h7xx_std_periph_driver/src/n32h7xx_pwr.c **** *\*\          - ENABLE  
1145:../../../firmware/n32h7xx_std_periph_driver/src/n32h7xx_pwr.c **** *\*\          - DISABLE 
1146:../../../firmware/n32h7xx_std_periph_driver/src/n32h7xx_pwr.c **** *\*\return  none
1147:../../../firmware/n32h7xx_std_periph_driver/src/n32h7xx_pwr.c **** **/
1148:../../../firmware/n32h7xx_std_periph_driver/src/n32h7xx_pwr.c **** void PWR_WakeUpPinEnable(uint32_t pin, FunctionalState Cmd)
1149:../../../firmware/n32h7xx_std_periph_driver/src/n32h7xx_pwr.c **** {
 3288              		.loc 1 1149 1
 3289              		.cfi_startproc
 3290              		@ args = 0, pretend = 0, frame = 16
 3291              		@ frame_needed = 1, uses_anonymous_args = 0
 3292 0000 80B5     		push	{r7, lr}
 3293              	.LCFI162:
 3294              		.cfi_def_cfa_offset 8
 3295              		.cfi_offset 7, -8
 3296              		.cfi_offset 14, -4
 3297 0002 84B0     		sub	sp, sp, #16
 3298              	.LCFI163:
 3299              		.cfi_def_cfa_offset 24
 3300 0004 00AF     		add	r7, sp, #0
 3301              	.LCFI164:
 3302              		.cfi_def_cfa_register 7
 3303 0006 7860     		str	r0, [r7, #4]
 3304 0008 0B46     		mov	r3, r1
 3305 000a FB70     		strb	r3, [r7, #3]
1150:../../../firmware/n32h7xx_std_periph_driver/src/n32h7xx_pwr.c ****     __IO uint32_t* ControlRegAddr;
1151:../../../firmware/n32h7xx_std_periph_driver/src/n32h7xx_pwr.c ****     /*Get contrl register address*/
ARM GAS  /tmp/ccfMwLzE.s 			page 81


1152:../../../firmware/n32h7xx_std_periph_driver/src/n32h7xx_pwr.c ****     if(Get_CurrentCPU() == CM7_CPU)
 3306              		.loc 1 1152 8
 3307 000c FFF7FEFF 		bl	Get_CurrentCPU
 3308 0010 0346     		mov	r3, r0
 3309              		.loc 1 1152 7 discriminator 1
 3310 0012 022B     		cmp	r3, #2
 3311 0014 02D1     		bne	.L211
1153:../../../firmware/n32h7xx_std_periph_driver/src/n32h7xx_pwr.c ****     {
1154:../../../firmware/n32h7xx_std_periph_driver/src/n32h7xx_pwr.c ****         ControlRegAddr = &PWR->M7CTRLSTS;
 3312              		.loc 1 1154 24
 3313 0016 0D4B     		ldr	r3, .L216
 3314 0018 FB60     		str	r3, [r7, #12]
 3315 001a 01E0     		b	.L212
 3316              	.L211:
1155:../../../firmware/n32h7xx_std_periph_driver/src/n32h7xx_pwr.c ****     }
1156:../../../firmware/n32h7xx_std_periph_driver/src/n32h7xx_pwr.c ****     else
1157:../../../firmware/n32h7xx_std_periph_driver/src/n32h7xx_pwr.c ****     {
1158:../../../firmware/n32h7xx_std_periph_driver/src/n32h7xx_pwr.c ****         ControlRegAddr = &PWR->M4CTRLSTS;
 3317              		.loc 1 1158 24
 3318 001c 0C4B     		ldr	r3, .L216+4
 3319 001e FB60     		str	r3, [r7, #12]
 3320              	.L212:
1159:../../../firmware/n32h7xx_std_periph_driver/src/n32h7xx_pwr.c ****     }
1160:../../../firmware/n32h7xx_std_periph_driver/src/n32h7xx_pwr.c **** 
1161:../../../firmware/n32h7xx_std_periph_driver/src/n32h7xx_pwr.c ****     if(Cmd == ENABLE)
 3321              		.loc 1 1161 7
 3322 0020 FB78     		ldrb	r3, [r7, #3]	@ zero_extendqisi2
 3323 0022 012B     		cmp	r3, #1
 3324 0024 06D1     		bne	.L213
1162:../../../firmware/n32h7xx_std_periph_driver/src/n32h7xx_pwr.c ****     {
1163:../../../firmware/n32h7xx_std_periph_driver/src/n32h7xx_pwr.c ****         /* Set WKUPxEN bit */
1164:../../../firmware/n32h7xx_std_periph_driver/src/n32h7xx_pwr.c ****         *ControlRegAddr |= pin;
 3325              		.loc 1 1164 9
 3326 0026 FB68     		ldr	r3, [r7, #12]
 3327 0028 1A68     		ldr	r2, [r3]
 3328              		.loc 1 1164 25
 3329 002a 7B68     		ldr	r3, [r7, #4]
 3330 002c 1A43     		orrs	r2, r2, r3
 3331 002e FB68     		ldr	r3, [r7, #12]
 3332 0030 1A60     		str	r2, [r3]
1165:../../../firmware/n32h7xx_std_periph_driver/src/n32h7xx_pwr.c ****     }
1166:../../../firmware/n32h7xx_std_periph_driver/src/n32h7xx_pwr.c ****     else
1167:../../../firmware/n32h7xx_std_periph_driver/src/n32h7xx_pwr.c ****     {
1168:../../../firmware/n32h7xx_std_periph_driver/src/n32h7xx_pwr.c ****         /* Clear WKUPxEN bit*/
1169:../../../firmware/n32h7xx_std_periph_driver/src/n32h7xx_pwr.c ****         *ControlRegAddr &= (~pin);
1170:../../../firmware/n32h7xx_std_periph_driver/src/n32h7xx_pwr.c ****     }
1171:../../../firmware/n32h7xx_std_periph_driver/src/n32h7xx_pwr.c **** }
 3333              		.loc 1 1171 1
 3334 0032 06E0     		b	.L215
 3335              	.L213:
1169:../../../firmware/n32h7xx_std_periph_driver/src/n32h7xx_pwr.c ****     }
 3336              		.loc 1 1169 9
 3337 0034 FB68     		ldr	r3, [r7, #12]
 3338 0036 1A68     		ldr	r2, [r3]
1169:../../../firmware/n32h7xx_std_periph_driver/src/n32h7xx_pwr.c ****     }
 3339              		.loc 1 1169 29
 3340 0038 7B68     		ldr	r3, [r7, #4]
ARM GAS  /tmp/ccfMwLzE.s 			page 82


 3341 003a DB43     		mvns	r3, r3
1169:../../../firmware/n32h7xx_std_periph_driver/src/n32h7xx_pwr.c ****     }
 3342              		.loc 1 1169 25
 3343 003c 1A40     		ands	r2, r2, r3
 3344 003e FB68     		ldr	r3, [r7, #12]
 3345 0040 1A60     		str	r2, [r3]
 3346              	.L215:
 3347              		.loc 1 1171 1
 3348 0042 00BF     		nop
 3349 0044 1037     		adds	r7, r7, #16
 3350              	.LCFI165:
 3351              		.cfi_def_cfa_offset 8
 3352 0046 BD46     		mov	sp, r7
 3353              	.LCFI166:
 3354              		.cfi_def_cfa_register 13
 3355              		@ sp needed
 3356 0048 80BD     		pop	{r7, pc}
 3357              	.L217:
 3358 004a 00BF     		.align	2
 3359              	.L216:
 3360 004c 04100358 		.word	1476595716
 3361 0050 24100358 		.word	1476595748
 3362              		.cfi_endproc
 3363              	.LFE163:
 3365              		.section	.text.PWR_WakeUpPinPolarity,"ax",%progbits
 3366              		.align	1
 3367              		.global	PWR_WakeUpPinPolarity
 3368              		.syntax unified
 3369              		.thumb
 3370              		.thumb_func
 3372              	PWR_WakeUpPinPolarity:
 3373              	.LFB164:
1172:../../../firmware/n32h7xx_std_periph_driver/src/n32h7xx_pwr.c **** 
1173:../../../firmware/n32h7xx_std_periph_driver/src/n32h7xx_pwr.c **** /**
1174:../../../firmware/n32h7xx_std_periph_driver/src/n32h7xx_pwr.c **** *\*\name    PWR_WakeUpPinPolarity.
1175:../../../firmware/n32h7xx_std_periph_driver/src/n32h7xx_pwr.c **** *\*\fun     Enables the Wakeup Pin polarity.
1176:../../../firmware/n32h7xx_std_periph_driver/src/n32h7xx_pwr.c **** *\*\param   pin (The input parameters must be the following values):
1177:../../../firmware/n32h7xx_std_periph_driver/src/n32h7xx_pwr.c **** *\*\          - WAKEUP_PIN0POL   WKUP0(PA0)
1178:../../../firmware/n32h7xx_std_periph_driver/src/n32h7xx_pwr.c **** *\*\          - WAKEUP_PIN1POL   WKUP1(PA2)
1179:../../../firmware/n32h7xx_std_periph_driver/src/n32h7xx_pwr.c **** *\*\          - WAKEUP_PIN2POL   WKUP2(PC13)
1180:../../../firmware/n32h7xx_std_periph_driver/src/n32h7xx_pwr.c **** *\*\          - WAKEUP_PIN3POL   WKUP3(PI8)
1181:../../../firmware/n32h7xx_std_periph_driver/src/n32h7xx_pwr.c **** *\*\          - WAKEUP_PIN4POL   WKUP4(PI11)
1182:../../../firmware/n32h7xx_std_periph_driver/src/n32h7xx_pwr.c **** *\*\          - WAKEUP_PIN5POL   WKUP5(PC1)
1183:../../../firmware/n32h7xx_std_periph_driver/src/n32h7xx_pwr.c **** *\*\param   polarity (The input parameters must be the following values): 
1184:../../../firmware/n32h7xx_std_periph_driver/src/n32h7xx_pwr.c **** *\*\          - POL_HIGH
1185:../../../firmware/n32h7xx_std_periph_driver/src/n32h7xx_pwr.c **** *\*\          - POL_LOW
1186:../../../firmware/n32h7xx_std_periph_driver/src/n32h7xx_pwr.c **** *\*\return  none
1187:../../../firmware/n32h7xx_std_periph_driver/src/n32h7xx_pwr.c **** **/
1188:../../../firmware/n32h7xx_std_periph_driver/src/n32h7xx_pwr.c **** void PWR_WakeUpPinPolarity(uint32_t pin, WAKEUP_PIN_POL polarity)
1189:../../../firmware/n32h7xx_std_periph_driver/src/n32h7xx_pwr.c **** {
 3374              		.loc 1 1189 1
 3375              		.cfi_startproc
 3376              		@ args = 0, pretend = 0, frame = 16
 3377              		@ frame_needed = 1, uses_anonymous_args = 0
 3378 0000 80B5     		push	{r7, lr}
 3379              	.LCFI167:
 3380              		.cfi_def_cfa_offset 8
ARM GAS  /tmp/ccfMwLzE.s 			page 83


 3381              		.cfi_offset 7, -8
 3382              		.cfi_offset 14, -4
 3383 0002 84B0     		sub	sp, sp, #16
 3384              	.LCFI168:
 3385              		.cfi_def_cfa_offset 24
 3386 0004 00AF     		add	r7, sp, #0
 3387              	.LCFI169:
 3388              		.cfi_def_cfa_register 7
 3389 0006 7860     		str	r0, [r7, #4]
 3390 0008 0B46     		mov	r3, r1
 3391 000a FB70     		strb	r3, [r7, #3]
1190:../../../firmware/n32h7xx_std_periph_driver/src/n32h7xx_pwr.c ****     __IO uint32_t* ControlRegAddr;
1191:../../../firmware/n32h7xx_std_periph_driver/src/n32h7xx_pwr.c **** 
1192:../../../firmware/n32h7xx_std_periph_driver/src/n32h7xx_pwr.c ****     /*Get contrl register address*/
1193:../../../firmware/n32h7xx_std_periph_driver/src/n32h7xx_pwr.c ****     if(Get_CurrentCPU() == CM7_CPU)
 3392              		.loc 1 1193 8
 3393 000c FFF7FEFF 		bl	Get_CurrentCPU
 3394 0010 0346     		mov	r3, r0
 3395              		.loc 1 1193 7 discriminator 1
 3396 0012 022B     		cmp	r3, #2
 3397 0014 02D1     		bne	.L219
1194:../../../firmware/n32h7xx_std_periph_driver/src/n32h7xx_pwr.c ****     {
1195:../../../firmware/n32h7xx_std_periph_driver/src/n32h7xx_pwr.c ****         ControlRegAddr = &PWR->M7CTRLSTS;
 3398              		.loc 1 1195 24
 3399 0016 0D4B     		ldr	r3, .L224
 3400 0018 FB60     		str	r3, [r7, #12]
 3401 001a 01E0     		b	.L220
 3402              	.L219:
1196:../../../firmware/n32h7xx_std_periph_driver/src/n32h7xx_pwr.c ****     }
1197:../../../firmware/n32h7xx_std_periph_driver/src/n32h7xx_pwr.c ****     else
1198:../../../firmware/n32h7xx_std_periph_driver/src/n32h7xx_pwr.c ****     {
1199:../../../firmware/n32h7xx_std_periph_driver/src/n32h7xx_pwr.c ****         ControlRegAddr = &PWR->M4CTRLSTS;
 3403              		.loc 1 1199 24
 3404 001c 0C4B     		ldr	r3, .L224+4
 3405 001e FB60     		str	r3, [r7, #12]
 3406              	.L220:
1200:../../../firmware/n32h7xx_std_periph_driver/src/n32h7xx_pwr.c ****     }
1201:../../../firmware/n32h7xx_std_periph_driver/src/n32h7xx_pwr.c **** 
1202:../../../firmware/n32h7xx_std_periph_driver/src/n32h7xx_pwr.c ****     if(polarity == POL_LOW)
 3407              		.loc 1 1202 7
 3408 0020 FB78     		ldrb	r3, [r7, #3]	@ zero_extendqisi2
 3409 0022 012B     		cmp	r3, #1
 3410 0024 06D1     		bne	.L221
1203:../../../firmware/n32h7xx_std_periph_driver/src/n32h7xx_pwr.c ****     {
1204:../../../firmware/n32h7xx_std_periph_driver/src/n32h7xx_pwr.c ****         /* Set WKUPxPOL bit */
1205:../../../firmware/n32h7xx_std_periph_driver/src/n32h7xx_pwr.c ****         *ControlRegAddr |= pin;
 3411              		.loc 1 1205 9
 3412 0026 FB68     		ldr	r3, [r7, #12]
 3413 0028 1A68     		ldr	r2, [r3]
 3414              		.loc 1 1205 25
 3415 002a 7B68     		ldr	r3, [r7, #4]
 3416 002c 1A43     		orrs	r2, r2, r3
 3417 002e FB68     		ldr	r3, [r7, #12]
 3418 0030 1A60     		str	r2, [r3]
1206:../../../firmware/n32h7xx_std_periph_driver/src/n32h7xx_pwr.c ****     }
1207:../../../firmware/n32h7xx_std_periph_driver/src/n32h7xx_pwr.c ****     else
1208:../../../firmware/n32h7xx_std_periph_driver/src/n32h7xx_pwr.c ****     {
ARM GAS  /tmp/ccfMwLzE.s 			page 84


1209:../../../firmware/n32h7xx_std_periph_driver/src/n32h7xx_pwr.c ****         /* Clear WKUPxPOL bit*/
1210:../../../firmware/n32h7xx_std_periph_driver/src/n32h7xx_pwr.c ****         *ControlRegAddr &= (~pin);
1211:../../../firmware/n32h7xx_std_periph_driver/src/n32h7xx_pwr.c ****     }
1212:../../../firmware/n32h7xx_std_periph_driver/src/n32h7xx_pwr.c **** }
 3419              		.loc 1 1212 1
 3420 0032 06E0     		b	.L223
 3421              	.L221:
1210:../../../firmware/n32h7xx_std_periph_driver/src/n32h7xx_pwr.c ****     }
 3422              		.loc 1 1210 9
 3423 0034 FB68     		ldr	r3, [r7, #12]
 3424 0036 1A68     		ldr	r2, [r3]
1210:../../../firmware/n32h7xx_std_periph_driver/src/n32h7xx_pwr.c ****     }
 3425              		.loc 1 1210 29
 3426 0038 7B68     		ldr	r3, [r7, #4]
 3427 003a DB43     		mvns	r3, r3
1210:../../../firmware/n32h7xx_std_periph_driver/src/n32h7xx_pwr.c ****     }
 3428              		.loc 1 1210 25
 3429 003c 1A40     		ands	r2, r2, r3
 3430 003e FB68     		ldr	r3, [r7, #12]
 3431 0040 1A60     		str	r2, [r3]
 3432              	.L223:
 3433              		.loc 1 1212 1
 3434 0042 00BF     		nop
 3435 0044 1037     		adds	r7, r7, #16
 3436              	.LCFI170:
 3437              		.cfi_def_cfa_offset 8
 3438 0046 BD46     		mov	sp, r7
 3439              	.LCFI171:
 3440              		.cfi_def_cfa_register 13
 3441              		@ sp needed
 3442 0048 80BD     		pop	{r7, pc}
 3443              	.L225:
 3444 004a 00BF     		.align	2
 3445              	.L224:
 3446 004c 04100358 		.word	1476595716
 3447 0050 24100358 		.word	1476595748
 3448              		.cfi_endproc
 3449              	.LFE164:
 3451              		.section	.text.PWR_GetFlagStatus,"ax",%progbits
 3452              		.align	1
 3453              		.global	PWR_GetFlagStatus
 3454              		.syntax unified
 3455              		.thumb
 3456              		.thumb_func
 3458              	PWR_GetFlagStatus:
 3459              	.LFB165:
1213:../../../firmware/n32h7xx_std_periph_driver/src/n32h7xx_pwr.c **** 
1214:../../../firmware/n32h7xx_std_periph_driver/src/n32h7xx_pwr.c **** 
1215:../../../firmware/n32h7xx_std_periph_driver/src/n32h7xx_pwr.c **** /**
1216:../../../firmware/n32h7xx_std_periph_driver/src/n32h7xx_pwr.c **** *\*\name   PWR_GetFlagStatus.
1217:../../../firmware/n32h7xx_std_periph_driver/src/n32h7xx_pwr.c **** *\*\fun    Checks whether the specified PWR flag is set or not.
1218:../../../firmware/n32h7xx_std_periph_driver/src/n32h7xx_pwr.c **** *\*\param PWR_FLAG (specifies the flag to check):
1219:../../../firmware/n32h7xx_std_periph_driver/src/n32h7xx_pwr.c **** *\*\      This parameter can be one of the following values:
1220:../../../firmware/n32h7xx_std_periph_driver/src/n32h7xx_pwr.c **** *\*\          - PWR_FLAG_WKUP0     PA0 Wake Up flag
1221:../../../firmware/n32h7xx_std_periph_driver/src/n32h7xx_pwr.c **** *\*\          - PWR_FLAG_WKUP1     PA2 Wake Up flag
1222:../../../firmware/n32h7xx_std_periph_driver/src/n32h7xx_pwr.c **** *\*\          - PWR_FLAG_WKUP2     PC13 Wake Up flag
1223:../../../firmware/n32h7xx_std_periph_driver/src/n32h7xx_pwr.c **** *\*\          - PWR_FLAG_WKUP3     PI8 Wake Up flag
ARM GAS  /tmp/ccfMwLzE.s 			page 85


1224:../../../firmware/n32h7xx_std_periph_driver/src/n32h7xx_pwr.c **** *\*\          - PWR_FLAG_WKUP4     PI11 Wake Up flag
1225:../../../firmware/n32h7xx_std_periph_driver/src/n32h7xx_pwr.c **** *\*\          - PWR_FLAG_WKUP5     PC1 Wake Up flag
1226:../../../firmware/n32h7xx_std_periph_driver/src/n32h7xx_pwr.c **** *\*\          - PWR_FLAG_WKUPP     RTC Wake Up flag
1227:../../../firmware/n32h7xx_std_periph_driver/src/n32h7xx_pwr.c **** *\*\          - PWR_FLAG_STANDBY   StandBy mode flag
1228:../../../firmware/n32h7xx_std_periph_driver/src/n32h7xx_pwr.c **** *\*\          - PWR_FLAG_VBAT      VBAT mode flag
1229:../../../firmware/n32h7xx_std_periph_driver/src/n32h7xx_pwr.c **** *\*\return The new state of PWR_FLAG 
1230:../../../firmware/n32h7xx_std_periph_driver/src/n32h7xx_pwr.c **** *\*\          - SET
1231:../../../firmware/n32h7xx_std_periph_driver/src/n32h7xx_pwr.c **** *\*\          - RESET
1232:../../../firmware/n32h7xx_std_periph_driver/src/n32h7xx_pwr.c ****  */
1233:../../../firmware/n32h7xx_std_periph_driver/src/n32h7xx_pwr.c **** FlagStatus PWR_GetFlagStatus(uint32_t PWR_FLAG)
1234:../../../firmware/n32h7xx_std_periph_driver/src/n32h7xx_pwr.c **** {
 3460              		.loc 1 1234 1
 3461              		.cfi_startproc
 3462              		@ args = 0, pretend = 0, frame = 16
 3463              		@ frame_needed = 1, uses_anonymous_args = 0
 3464 0000 80B5     		push	{r7, lr}
 3465              	.LCFI172:
 3466              		.cfi_def_cfa_offset 8
 3467              		.cfi_offset 7, -8
 3468              		.cfi_offset 14, -4
 3469 0002 84B0     		sub	sp, sp, #16
 3470              	.LCFI173:
 3471              		.cfi_def_cfa_offset 24
 3472 0004 00AF     		add	r7, sp, #0
 3473              	.LCFI174:
 3474              		.cfi_def_cfa_register 7
 3475 0006 7860     		str	r0, [r7, #4]
1235:../../../firmware/n32h7xx_std_periph_driver/src/n32h7xx_pwr.c ****     FlagStatus bitstatus;
1236:../../../firmware/n32h7xx_std_periph_driver/src/n32h7xx_pwr.c ****     __IO uint32_t* ControlRegAddr;
1237:../../../firmware/n32h7xx_std_periph_driver/src/n32h7xx_pwr.c ****     
1238:../../../firmware/n32h7xx_std_periph_driver/src/n32h7xx_pwr.c ****     /*Get contrl register address*/
1239:../../../firmware/n32h7xx_std_periph_driver/src/n32h7xx_pwr.c ****     if(Get_CurrentCPU() == CM7_CPU)
 3476              		.loc 1 1239 8
 3477 0008 FFF7FEFF 		bl	Get_CurrentCPU
 3478 000c 0346     		mov	r3, r0
 3479              		.loc 1 1239 7 discriminator 1
 3480 000e 022B     		cmp	r3, #2
 3481 0010 02D1     		bne	.L227
1240:../../../firmware/n32h7xx_std_periph_driver/src/n32h7xx_pwr.c ****     {
1241:../../../firmware/n32h7xx_std_periph_driver/src/n32h7xx_pwr.c ****         ControlRegAddr = &PWR->M7CTRLSTS;
 3482              		.loc 1 1241 24
 3483 0012 0A4B     		ldr	r3, .L232
 3484 0014 BB60     		str	r3, [r7, #8]
 3485 0016 01E0     		b	.L228
 3486              	.L227:
1242:../../../firmware/n32h7xx_std_periph_driver/src/n32h7xx_pwr.c ****     }
1243:../../../firmware/n32h7xx_std_periph_driver/src/n32h7xx_pwr.c ****     else
1244:../../../firmware/n32h7xx_std_periph_driver/src/n32h7xx_pwr.c ****     {
1245:../../../firmware/n32h7xx_std_periph_driver/src/n32h7xx_pwr.c ****         ControlRegAddr = &PWR->M4CTRLSTS;
 3487              		.loc 1 1245 24
 3488 0018 094B     		ldr	r3, .L232+4
 3489 001a BB60     		str	r3, [r7, #8]
 3490              	.L228:
1246:../../../firmware/n32h7xx_std_periph_driver/src/n32h7xx_pwr.c ****     }
1247:../../../firmware/n32h7xx_std_periph_driver/src/n32h7xx_pwr.c ****     /* Check the parameters */
1248:../../../firmware/n32h7xx_std_periph_driver/src/n32h7xx_pwr.c ****     if (((*ControlRegAddr) & PWR_FLAG) != (uint32_t)RESET)
 3491              		.loc 1 1248 11
ARM GAS  /tmp/ccfMwLzE.s 			page 86


 3492 001c BB68     		ldr	r3, [r7, #8]
 3493 001e 1A68     		ldr	r2, [r3]
 3494              		.loc 1 1248 28
 3495 0020 7B68     		ldr	r3, [r7, #4]
 3496 0022 1340     		ands	r3, r3, r2
 3497              		.loc 1 1248 8
 3498 0024 002B     		cmp	r3, #0
 3499 0026 02D0     		beq	.L229
1249:../../../firmware/n32h7xx_std_periph_driver/src/n32h7xx_pwr.c ****     {
1250:../../../firmware/n32h7xx_std_periph_driver/src/n32h7xx_pwr.c ****         bitstatus = SET;
 3500              		.loc 1 1250 19
 3501 0028 0123     		movs	r3, #1
 3502 002a FB73     		strb	r3, [r7, #15]
 3503 002c 01E0     		b	.L230
 3504              	.L229:
1251:../../../firmware/n32h7xx_std_periph_driver/src/n32h7xx_pwr.c ****     }
1252:../../../firmware/n32h7xx_std_periph_driver/src/n32h7xx_pwr.c ****     else
1253:../../../firmware/n32h7xx_std_periph_driver/src/n32h7xx_pwr.c ****     {
1254:../../../firmware/n32h7xx_std_periph_driver/src/n32h7xx_pwr.c ****         bitstatus = RESET;
 3505              		.loc 1 1254 19
 3506 002e 0023     		movs	r3, #0
 3507 0030 FB73     		strb	r3, [r7, #15]
 3508              	.L230:
1255:../../../firmware/n32h7xx_std_periph_driver/src/n32h7xx_pwr.c ****     }
1256:../../../firmware/n32h7xx_std_periph_driver/src/n32h7xx_pwr.c ****     /* Return the flag status */
1257:../../../firmware/n32h7xx_std_periph_driver/src/n32h7xx_pwr.c ****     return bitstatus;
 3509              		.loc 1 1257 12
 3510 0032 FB7B     		ldrb	r3, [r7, #15]	@ zero_extendqisi2
1258:../../../firmware/n32h7xx_std_periph_driver/src/n32h7xx_pwr.c **** }
 3511              		.loc 1 1258 1
 3512 0034 1846     		mov	r0, r3
 3513 0036 1037     		adds	r7, r7, #16
 3514              	.LCFI175:
 3515              		.cfi_def_cfa_offset 8
 3516 0038 BD46     		mov	sp, r7
 3517              	.LCFI176:
 3518              		.cfi_def_cfa_register 13
 3519              		@ sp needed
 3520 003a 80BD     		pop	{r7, pc}
 3521              	.L233:
 3522              		.align	2
 3523              	.L232:
 3524 003c 04100358 		.word	1476595716
 3525 0040 24100358 		.word	1476595748
 3526              		.cfi_endproc
 3527              	.LFE165:
 3529              		.section	.text.PWR_GetSystemFlagStatus,"ax",%progbits
 3530              		.align	1
 3531              		.global	PWR_GetSystemFlagStatus
 3532              		.syntax unified
 3533              		.thumb
 3534              		.thumb_func
 3536              	PWR_GetSystemFlagStatus:
 3537              	.LFB166:
1259:../../../firmware/n32h7xx_std_periph_driver/src/n32h7xx_pwr.c **** 
1260:../../../firmware/n32h7xx_std_periph_driver/src/n32h7xx_pwr.c **** /**
1261:../../../firmware/n32h7xx_std_periph_driver/src/n32h7xx_pwr.c **** *\*\name   PWR_GetSystemFlagStatus.
ARM GAS  /tmp/ccfMwLzE.s 			page 87


1262:../../../firmware/n32h7xx_std_periph_driver/src/n32h7xx_pwr.c **** *\*\fun    Checks whether the specified System PWR flag is set or not.
1263:../../../firmware/n32h7xx_std_periph_driver/src/n32h7xx_pwr.c **** *\*\param PWR_FLAG (specifies the flag to check):
1264:../../../firmware/n32h7xx_std_periph_driver/src/n32h7xx_pwr.c **** *\*\      This parameter can be one of the following values:
1265:../../../firmware/n32h7xx_std_periph_driver/src/n32h7xx_pwr.c **** *\*\          - PWR_SYSFLAG_PVDO  
1266:../../../firmware/n32h7xx_std_periph_driver/src/n32h7xx_pwr.c **** *\*\          - PWR_SYSFLAG_AVDO
1267:../../../firmware/n32h7xx_std_periph_driver/src/n32h7xx_pwr.c **** *\*\          - PWR_SYSFLAG_OTPRDY 
1268:../../../firmware/n32h7xx_std_periph_driver/src/n32h7xx_pwr.c **** *\*\          - PWR_FLAG_DCDCBP  
1269:../../../firmware/n32h7xx_std_periph_driver/src/n32h7xx_pwr.c **** *\*\return The new state of PWR_FLAG 
1270:../../../firmware/n32h7xx_std_periph_driver/src/n32h7xx_pwr.c **** *\*\          - SET
1271:../../../firmware/n32h7xx_std_periph_driver/src/n32h7xx_pwr.c **** *\*\          - RESET
1272:../../../firmware/n32h7xx_std_periph_driver/src/n32h7xx_pwr.c ****  */
1273:../../../firmware/n32h7xx_std_periph_driver/src/n32h7xx_pwr.c **** FlagStatus PWR_GetSystemFlagStatus(uint32_t PWR_FLAG)
1274:../../../firmware/n32h7xx_std_periph_driver/src/n32h7xx_pwr.c **** {
 3538              		.loc 1 1274 1
 3539              		.cfi_startproc
 3540              		@ args = 0, pretend = 0, frame = 16
 3541              		@ frame_needed = 1, uses_anonymous_args = 0
 3542              		@ link register save eliminated.
 3543 0000 80B4     		push	{r7}
 3544              	.LCFI177:
 3545              		.cfi_def_cfa_offset 4
 3546              		.cfi_offset 7, -4
 3547 0002 85B0     		sub	sp, sp, #20
 3548              	.LCFI178:
 3549              		.cfi_def_cfa_offset 24
 3550 0004 00AF     		add	r7, sp, #0
 3551              	.LCFI179:
 3552              		.cfi_def_cfa_register 7
 3553 0006 7860     		str	r0, [r7, #4]
1275:../../../firmware/n32h7xx_std_periph_driver/src/n32h7xx_pwr.c ****     FlagStatus bitstatus;
1276:../../../firmware/n32h7xx_std_periph_driver/src/n32h7xx_pwr.c **** 
1277:../../../firmware/n32h7xx_std_periph_driver/src/n32h7xx_pwr.c ****     /* Check the parameters */
1278:../../../firmware/n32h7xx_std_periph_driver/src/n32h7xx_pwr.c ****     if ((PWR->SYSCTRLSTS & PWR_FLAG) != (uint32_t)RESET)
 3554              		.loc 1 1278 13
 3555 0008 084B     		ldr	r3, .L238
 3556 000a 5A6C     		ldr	r2, [r3, #68]
 3557              		.loc 1 1278 26
 3558 000c 7B68     		ldr	r3, [r7, #4]
 3559 000e 1340     		ands	r3, r3, r2
 3560              		.loc 1 1278 8
 3561 0010 002B     		cmp	r3, #0
 3562 0012 02D0     		beq	.L235
1279:../../../firmware/n32h7xx_std_periph_driver/src/n32h7xx_pwr.c ****     {
1280:../../../firmware/n32h7xx_std_periph_driver/src/n32h7xx_pwr.c ****         bitstatus = SET;
 3563              		.loc 1 1280 19
 3564 0014 0123     		movs	r3, #1
 3565 0016 FB73     		strb	r3, [r7, #15]
 3566 0018 01E0     		b	.L236
 3567              	.L235:
1281:../../../firmware/n32h7xx_std_periph_driver/src/n32h7xx_pwr.c ****     }
1282:../../../firmware/n32h7xx_std_periph_driver/src/n32h7xx_pwr.c ****     else
1283:../../../firmware/n32h7xx_std_periph_driver/src/n32h7xx_pwr.c ****     {
1284:../../../firmware/n32h7xx_std_periph_driver/src/n32h7xx_pwr.c ****         bitstatus = RESET;
 3568              		.loc 1 1284 19
 3569 001a 0023     		movs	r3, #0
 3570 001c FB73     		strb	r3, [r7, #15]
 3571              	.L236:
ARM GAS  /tmp/ccfMwLzE.s 			page 88


1285:../../../firmware/n32h7xx_std_periph_driver/src/n32h7xx_pwr.c ****     }
1286:../../../firmware/n32h7xx_std_periph_driver/src/n32h7xx_pwr.c ****     /* Return the flag status */
1287:../../../firmware/n32h7xx_std_periph_driver/src/n32h7xx_pwr.c ****     return bitstatus;
 3572              		.loc 1 1287 12
 3573 001e FB7B     		ldrb	r3, [r7, #15]	@ zero_extendqisi2
1288:../../../firmware/n32h7xx_std_periph_driver/src/n32h7xx_pwr.c **** }
 3574              		.loc 1 1288 1
 3575 0020 1846     		mov	r0, r3
 3576 0022 1437     		adds	r7, r7, #20
 3577              	.LCFI180:
 3578              		.cfi_def_cfa_offset 4
 3579 0024 BD46     		mov	sp, r7
 3580              	.LCFI181:
 3581              		.cfi_def_cfa_register 13
 3582              		@ sp needed
 3583 0026 80BC     		pop	{r7}
 3584              	.LCFI182:
 3585              		.cfi_restore 7
 3586              		.cfi_def_cfa_offset 0
 3587 0028 7047     		bx	lr
 3588              	.L239:
 3589 002a 00BF     		.align	2
 3590              	.L238:
 3591 002c 00100358 		.word	1476595712
 3592              		.cfi_endproc
 3593              	.LFE166:
 3595              		.section	.text.PWR_ClearFlag,"ax",%progbits
 3596              		.align	1
 3597              		.global	PWR_ClearFlag
 3598              		.syntax unified
 3599              		.thumb
 3600              		.thumb_func
 3602              	PWR_ClearFlag:
 3603              	.LFB167:
1289:../../../firmware/n32h7xx_std_periph_driver/src/n32h7xx_pwr.c **** /**
1290:../../../firmware/n32h7xx_std_periph_driver/src/n32h7xx_pwr.c **** *\*\name   PWR_ClearFlag.
1291:../../../firmware/n32h7xx_std_periph_driver/src/n32h7xx_pwr.c **** *\*\fun    Clears the PWR's pending flags.
1292:../../../firmware/n32h7xx_std_periph_driver/src/n32h7xx_pwr.c **** *\*\param  PWR_FLAG (specifies the flag to clear):
1293:../../../firmware/n32h7xx_std_periph_driver/src/n32h7xx_pwr.c **** *\*\       This parameter can be one of the following values:
1294:../../../firmware/n32h7xx_std_periph_driver/src/n32h7xx_pwr.c **** *\*\          - PWR_CLR_WKUPx     PA0/PA2/PC13/PI8/PI11/PC1/RTC Wake Up flag
1295:../../../firmware/n32h7xx_std_periph_driver/src/n32h7xx_pwr.c **** *\*\          - PWR_CLR_STANDBY   StandBy mode flag
1296:../../../firmware/n32h7xx_std_periph_driver/src/n32h7xx_pwr.c **** *\*\          - PWR_CLR_VBAT      VBAT mode flag
1297:../../../firmware/n32h7xx_std_periph_driver/src/n32h7xx_pwr.c **** *\*\return  none
1298:../../../firmware/n32h7xx_std_periph_driver/src/n32h7xx_pwr.c ****  */
1299:../../../firmware/n32h7xx_std_periph_driver/src/n32h7xx_pwr.c **** void PWR_ClearFlag(uint32_t PWR_FLAG)
1300:../../../firmware/n32h7xx_std_periph_driver/src/n32h7xx_pwr.c **** {
 3604              		.loc 1 1300 1
 3605              		.cfi_startproc
 3606              		@ args = 0, pretend = 0, frame = 16
 3607              		@ frame_needed = 1, uses_anonymous_args = 0
 3608 0000 80B5     		push	{r7, lr}
 3609              	.LCFI183:
 3610              		.cfi_def_cfa_offset 8
 3611              		.cfi_offset 7, -8
 3612              		.cfi_offset 14, -4
 3613 0002 84B0     		sub	sp, sp, #16
 3614              	.LCFI184:
ARM GAS  /tmp/ccfMwLzE.s 			page 89


 3615              		.cfi_def_cfa_offset 24
 3616 0004 00AF     		add	r7, sp, #0
 3617              	.LCFI185:
 3618              		.cfi_def_cfa_register 7
 3619 0006 7860     		str	r0, [r7, #4]
1301:../../../firmware/n32h7xx_std_periph_driver/src/n32h7xx_pwr.c ****     __IO uint32_t* ControlRegAddr;
1302:../../../firmware/n32h7xx_std_periph_driver/src/n32h7xx_pwr.c ****     
1303:../../../firmware/n32h7xx_std_periph_driver/src/n32h7xx_pwr.c ****     /*Get contrl register address*/
1304:../../../firmware/n32h7xx_std_periph_driver/src/n32h7xx_pwr.c ****     if(Get_CurrentCPU() == CM7_CPU)
 3620              		.loc 1 1304 8
 3621 0008 FFF7FEFF 		bl	Get_CurrentCPU
 3622 000c 0346     		mov	r3, r0
 3623              		.loc 1 1304 7 discriminator 1
 3624 000e 022B     		cmp	r3, #2
 3625 0010 02D1     		bne	.L241
1305:../../../firmware/n32h7xx_std_periph_driver/src/n32h7xx_pwr.c ****     {
1306:../../../firmware/n32h7xx_std_periph_driver/src/n32h7xx_pwr.c ****         ControlRegAddr = &PWR->M7CTRL1;
 3626              		.loc 1 1306 24
 3627 0012 074B     		ldr	r3, .L243
 3628 0014 FB60     		str	r3, [r7, #12]
 3629 0016 01E0     		b	.L242
 3630              	.L241:
1307:../../../firmware/n32h7xx_std_periph_driver/src/n32h7xx_pwr.c ****     }
1308:../../../firmware/n32h7xx_std_periph_driver/src/n32h7xx_pwr.c ****     else
1309:../../../firmware/n32h7xx_std_periph_driver/src/n32h7xx_pwr.c ****     {
1310:../../../firmware/n32h7xx_std_periph_driver/src/n32h7xx_pwr.c ****         ControlRegAddr = &PWR->M4CTRL1;
 3631              		.loc 1 1310 24
 3632 0018 064B     		ldr	r3, .L243+4
 3633 001a FB60     		str	r3, [r7, #12]
 3634              	.L242:
1311:../../../firmware/n32h7xx_std_periph_driver/src/n32h7xx_pwr.c ****     }
1312:../../../firmware/n32h7xx_std_periph_driver/src/n32h7xx_pwr.c ****     /* Clear PWR_CLR_WKUPx or PWR_CLR_STANDBY PWR_CLR_VBAT bit */
1313:../../../firmware/n32h7xx_std_periph_driver/src/n32h7xx_pwr.c ****     *ControlRegAddr |= PWR_FLAG;     
 3635              		.loc 1 1313 5
 3636 001c FB68     		ldr	r3, [r7, #12]
 3637 001e 1A68     		ldr	r2, [r3]
 3638              		.loc 1 1313 21
 3639 0020 7B68     		ldr	r3, [r7, #4]
 3640 0022 1A43     		orrs	r2, r2, r3
 3641 0024 FB68     		ldr	r3, [r7, #12]
 3642 0026 1A60     		str	r2, [r3]
1314:../../../firmware/n32h7xx_std_periph_driver/src/n32h7xx_pwr.c **** }
 3643              		.loc 1 1314 1
 3644 0028 00BF     		nop
 3645 002a 1037     		adds	r7, r7, #16
 3646              	.LCFI186:
 3647              		.cfi_def_cfa_offset 8
 3648 002c BD46     		mov	sp, r7
 3649              	.LCFI187:
 3650              		.cfi_def_cfa_register 13
 3651              		@ sp needed
 3652 002e 80BD     		pop	{r7, pc}
 3653              	.L244:
 3654              		.align	2
 3655              	.L243:
 3656 0030 00100358 		.word	1476595712
 3657 0034 20100358 		.word	1476595744
ARM GAS  /tmp/ccfMwLzE.s 			page 90


 3658              		.cfi_endproc
 3659              	.LFE167:
 3661              		.section	.text.PWR_WakeUpRTCEnable,"ax",%progbits
 3662              		.align	1
 3663              		.global	PWR_WakeUpRTCEnable
 3664              		.syntax unified
 3665              		.thumb
 3666              		.thumb_func
 3668              	PWR_WakeUpRTCEnable:
 3669              	.LFB168:
1315:../../../firmware/n32h7xx_std_periph_driver/src/n32h7xx_pwr.c **** 
1316:../../../firmware/n32h7xx_std_periph_driver/src/n32h7xx_pwr.c **** 
1317:../../../firmware/n32h7xx_std_periph_driver/src/n32h7xx_pwr.c **** /**
1318:../../../firmware/n32h7xx_std_periph_driver/src/n32h7xx_pwr.c **** *\*\name    PWR_WakeUpRTCEnable.
1319:../../../firmware/n32h7xx_std_periph_driver/src/n32h7xx_pwr.c **** *\*\fun     Enables the Wakeup RTC functionality.
1320:../../../firmware/n32h7xx_std_periph_driver/src/n32h7xx_pwr.c **** *\*\param   Cmd: 
1321:../../../firmware/n32h7xx_std_periph_driver/src/n32h7xx_pwr.c **** *\*\          - ENABLE  
1322:../../../firmware/n32h7xx_std_periph_driver/src/n32h7xx_pwr.c **** *\*\          - DISABLE 
1323:../../../firmware/n32h7xx_std_periph_driver/src/n32h7xx_pwr.c **** *\*\return  none
1324:../../../firmware/n32h7xx_std_periph_driver/src/n32h7xx_pwr.c **** **/
1325:../../../firmware/n32h7xx_std_periph_driver/src/n32h7xx_pwr.c **** void PWR_WakeUpRTCEnable(FunctionalState Cmd)
1326:../../../firmware/n32h7xx_std_periph_driver/src/n32h7xx_pwr.c **** {
 3670              		.loc 1 1326 1
 3671              		.cfi_startproc
 3672              		@ args = 0, pretend = 0, frame = 16
 3673              		@ frame_needed = 1, uses_anonymous_args = 0
 3674 0000 80B5     		push	{r7, lr}
 3675              	.LCFI188:
 3676              		.cfi_def_cfa_offset 8
 3677              		.cfi_offset 7, -8
 3678              		.cfi_offset 14, -4
 3679 0002 84B0     		sub	sp, sp, #16
 3680              	.LCFI189:
 3681              		.cfi_def_cfa_offset 24
 3682 0004 00AF     		add	r7, sp, #0
 3683              	.LCFI190:
 3684              		.cfi_def_cfa_register 7
 3685 0006 0346     		mov	r3, r0
 3686 0008 FB71     		strb	r3, [r7, #7]
1327:../../../firmware/n32h7xx_std_periph_driver/src/n32h7xx_pwr.c ****     __IO uint32_t* ControlRegAddr;
1328:../../../firmware/n32h7xx_std_periph_driver/src/n32h7xx_pwr.c ****     
1329:../../../firmware/n32h7xx_std_periph_driver/src/n32h7xx_pwr.c ****     /*Get contrl register address*/
1330:../../../firmware/n32h7xx_std_periph_driver/src/n32h7xx_pwr.c ****     if(Get_CurrentCPU() == CM7_CPU)
 3687              		.loc 1 1330 8
 3688 000a FFF7FEFF 		bl	Get_CurrentCPU
 3689 000e 0346     		mov	r3, r0
 3690              		.loc 1 1330 7 discriminator 1
 3691 0010 022B     		cmp	r3, #2
 3692 0012 02D1     		bne	.L246
1331:../../../firmware/n32h7xx_std_periph_driver/src/n32h7xx_pwr.c ****     {
1332:../../../firmware/n32h7xx_std_periph_driver/src/n32h7xx_pwr.c ****         ControlRegAddr = &PWR->M7CTRL2;
 3693              		.loc 1 1332 24
 3694 0014 0C4B     		ldr	r3, .L251
 3695 0016 FB60     		str	r3, [r7, #12]
 3696 0018 01E0     		b	.L247
 3697              	.L246:
1333:../../../firmware/n32h7xx_std_periph_driver/src/n32h7xx_pwr.c ****     }
ARM GAS  /tmp/ccfMwLzE.s 			page 91


1334:../../../firmware/n32h7xx_std_periph_driver/src/n32h7xx_pwr.c ****     else
1335:../../../firmware/n32h7xx_std_periph_driver/src/n32h7xx_pwr.c ****     {
1336:../../../firmware/n32h7xx_std_periph_driver/src/n32h7xx_pwr.c ****         ControlRegAddr = &PWR->M4CTRL2;
 3698              		.loc 1 1336 24
 3699 001a 0C4B     		ldr	r3, .L251+4
 3700 001c FB60     		str	r3, [r7, #12]
 3701              	.L247:
1337:../../../firmware/n32h7xx_std_periph_driver/src/n32h7xx_pwr.c ****     }
1338:../../../firmware/n32h7xx_std_periph_driver/src/n32h7xx_pwr.c ****     if(Cmd == ENABLE)
 3702              		.loc 1 1338 7
 3703 001e FB79     		ldrb	r3, [r7, #7]	@ zero_extendqisi2
 3704 0020 012B     		cmp	r3, #1
 3705 0022 06D1     		bne	.L248
1339:../../../firmware/n32h7xx_std_periph_driver/src/n32h7xx_pwr.c ****     {
1340:../../../firmware/n32h7xx_std_periph_driver/src/n32h7xx_pwr.c ****         *ControlRegAddr |=  WAKEUP_RTCEN;
 3706              		.loc 1 1340 9
 3707 0024 FB68     		ldr	r3, [r7, #12]
 3708 0026 1B68     		ldr	r3, [r3]
 3709              		.loc 1 1340 25
 3710 0028 43F48072 		orr	r2, r3, #256
 3711 002c FB68     		ldr	r3, [r7, #12]
 3712 002e 1A60     		str	r2, [r3]
1341:../../../firmware/n32h7xx_std_periph_driver/src/n32h7xx_pwr.c ****     }
1342:../../../firmware/n32h7xx_std_periph_driver/src/n32h7xx_pwr.c ****     else
1343:../../../firmware/n32h7xx_std_periph_driver/src/n32h7xx_pwr.c ****     {
1344:../../../firmware/n32h7xx_std_periph_driver/src/n32h7xx_pwr.c ****         *ControlRegAddr &= ~WAKEUP_RTCEN;
1345:../../../firmware/n32h7xx_std_periph_driver/src/n32h7xx_pwr.c ****     }
1346:../../../firmware/n32h7xx_std_periph_driver/src/n32h7xx_pwr.c **** }
 3713              		.loc 1 1346 1
 3714 0030 05E0     		b	.L250
 3715              	.L248:
1344:../../../firmware/n32h7xx_std_periph_driver/src/n32h7xx_pwr.c ****     }
 3716              		.loc 1 1344 9
 3717 0032 FB68     		ldr	r3, [r7, #12]
 3718 0034 1B68     		ldr	r3, [r3]
1344:../../../firmware/n32h7xx_std_periph_driver/src/n32h7xx_pwr.c ****     }
 3719              		.loc 1 1344 25
 3720 0036 23F48072 		bic	r2, r3, #256
 3721 003a FB68     		ldr	r3, [r7, #12]
 3722 003c 1A60     		str	r2, [r3]
 3723              	.L250:
 3724              		.loc 1 1346 1
 3725 003e 00BF     		nop
 3726 0040 1037     		adds	r7, r7, #16
 3727              	.LCFI191:
 3728              		.cfi_def_cfa_offset 8
 3729 0042 BD46     		mov	sp, r7
 3730              	.LCFI192:
 3731              		.cfi_def_cfa_register 13
 3732              		@ sp needed
 3733 0044 80BD     		pop	{r7, pc}
 3734              	.L252:
 3735 0046 00BF     		.align	2
 3736              	.L251:
 3737 0048 08100358 		.word	1476595720
 3738 004c 28100358 		.word	1476595752
 3739              		.cfi_endproc
ARM GAS  /tmp/ccfMwLzE.s 			page 92


 3740              	.LFE168:
 3742              		.section	.text.PWR_WakeUpNRSTEnable,"ax",%progbits
 3743              		.align	1
 3744              		.global	PWR_WakeUpNRSTEnable
 3745              		.syntax unified
 3746              		.thumb
 3747              		.thumb_func
 3749              	PWR_WakeUpNRSTEnable:
 3750              	.LFB169:
1347:../../../firmware/n32h7xx_std_periph_driver/src/n32h7xx_pwr.c **** 
1348:../../../firmware/n32h7xx_std_periph_driver/src/n32h7xx_pwr.c **** /**
1349:../../../firmware/n32h7xx_std_periph_driver/src/n32h7xx_pwr.c **** *\*\name    PWR_WakeUpNRSTEnable.
1350:../../../firmware/n32h7xx_std_periph_driver/src/n32h7xx_pwr.c **** *\*\fun     Enable or Disable NRST Wakeup functionality in standby mode.
1351:../../../firmware/n32h7xx_std_periph_driver/src/n32h7xx_pwr.c **** *\*\param   Cmd: 
1352:../../../firmware/n32h7xx_std_periph_driver/src/n32h7xx_pwr.c **** *\*\          - ENABLE  
1353:../../../firmware/n32h7xx_std_periph_driver/src/n32h7xx_pwr.c **** *\*\          - DISABLE 
1354:../../../firmware/n32h7xx_std_periph_driver/src/n32h7xx_pwr.c **** *\*\return  none
1355:../../../firmware/n32h7xx_std_periph_driver/src/n32h7xx_pwr.c **** **/
1356:../../../firmware/n32h7xx_std_periph_driver/src/n32h7xx_pwr.c **** void PWR_WakeUpNRSTEnable(FunctionalState Cmd)
1357:../../../firmware/n32h7xx_std_periph_driver/src/n32h7xx_pwr.c **** {
 3751              		.loc 1 1357 1
 3752              		.cfi_startproc
 3753              		@ args = 0, pretend = 0, frame = 16
 3754              		@ frame_needed = 1, uses_anonymous_args = 0
 3755 0000 80B5     		push	{r7, lr}
 3756              	.LCFI193:
 3757              		.cfi_def_cfa_offset 8
 3758              		.cfi_offset 7, -8
 3759              		.cfi_offset 14, -4
 3760 0002 84B0     		sub	sp, sp, #16
 3761              	.LCFI194:
 3762              		.cfi_def_cfa_offset 24
 3763 0004 00AF     		add	r7, sp, #0
 3764              	.LCFI195:
 3765              		.cfi_def_cfa_register 7
 3766 0006 0346     		mov	r3, r0
 3767 0008 FB71     		strb	r3, [r7, #7]
1358:../../../firmware/n32h7xx_std_periph_driver/src/n32h7xx_pwr.c ****     __IO uint32_t* ControlRegAddr;
1359:../../../firmware/n32h7xx_std_periph_driver/src/n32h7xx_pwr.c ****     
1360:../../../firmware/n32h7xx_std_periph_driver/src/n32h7xx_pwr.c ****     /*Get contrl register address*/
1361:../../../firmware/n32h7xx_std_periph_driver/src/n32h7xx_pwr.c ****     if(Get_CurrentCPU() == CM7_CPU)
 3768              		.loc 1 1361 8
 3769 000a FFF7FEFF 		bl	Get_CurrentCPU
 3770 000e 0346     		mov	r3, r0
 3771              		.loc 1 1361 7 discriminator 1
 3772 0010 022B     		cmp	r3, #2
 3773 0012 02D1     		bne	.L254
1362:../../../firmware/n32h7xx_std_periph_driver/src/n32h7xx_pwr.c ****     {
1363:../../../firmware/n32h7xx_std_periph_driver/src/n32h7xx_pwr.c ****         ControlRegAddr = &PWR->M7CTRL2;
 3774              		.loc 1 1363 24
 3775 0014 0C4B     		ldr	r3, .L259
 3776 0016 FB60     		str	r3, [r7, #12]
 3777 0018 01E0     		b	.L255
 3778              	.L254:
1364:../../../firmware/n32h7xx_std_periph_driver/src/n32h7xx_pwr.c ****     }
1365:../../../firmware/n32h7xx_std_periph_driver/src/n32h7xx_pwr.c ****     else
1366:../../../firmware/n32h7xx_std_periph_driver/src/n32h7xx_pwr.c ****     {
ARM GAS  /tmp/ccfMwLzE.s 			page 93


1367:../../../firmware/n32h7xx_std_periph_driver/src/n32h7xx_pwr.c ****         ControlRegAddr = &PWR->M4CTRL2;
 3779              		.loc 1 1367 24
 3780 001a 0C4B     		ldr	r3, .L259+4
 3781 001c FB60     		str	r3, [r7, #12]
 3782              	.L255:
1368:../../../firmware/n32h7xx_std_periph_driver/src/n32h7xx_pwr.c ****     }
1369:../../../firmware/n32h7xx_std_periph_driver/src/n32h7xx_pwr.c ****     if(Cmd == ENABLE)
 3783              		.loc 1 1369 7
 3784 001e FB79     		ldrb	r3, [r7, #7]	@ zero_extendqisi2
 3785 0020 012B     		cmp	r3, #1
 3786 0022 06D1     		bne	.L256
1370:../../../firmware/n32h7xx_std_periph_driver/src/n32h7xx_pwr.c ****     {
1371:../../../firmware/n32h7xx_std_periph_driver/src/n32h7xx_pwr.c ****         *ControlRegAddr |=  WAKEUP_NRSTEN;
 3787              		.loc 1 1371 9
 3788 0024 FB68     		ldr	r3, [r7, #12]
 3789 0026 1B68     		ldr	r3, [r3]
 3790              		.loc 1 1371 25
 3791 0028 43F40062 		orr	r2, r3, #2048
 3792 002c FB68     		ldr	r3, [r7, #12]
 3793 002e 1A60     		str	r2, [r3]
1372:../../../firmware/n32h7xx_std_periph_driver/src/n32h7xx_pwr.c ****     }
1373:../../../firmware/n32h7xx_std_periph_driver/src/n32h7xx_pwr.c ****     else
1374:../../../firmware/n32h7xx_std_periph_driver/src/n32h7xx_pwr.c ****     {
1375:../../../firmware/n32h7xx_std_periph_driver/src/n32h7xx_pwr.c ****         *ControlRegAddr &= ~WAKEUP_NRSTEN;
1376:../../../firmware/n32h7xx_std_periph_driver/src/n32h7xx_pwr.c ****     }
1377:../../../firmware/n32h7xx_std_periph_driver/src/n32h7xx_pwr.c **** }
 3794              		.loc 1 1377 1
 3795 0030 05E0     		b	.L258
 3796              	.L256:
1375:../../../firmware/n32h7xx_std_periph_driver/src/n32h7xx_pwr.c ****     }
 3797              		.loc 1 1375 9
 3798 0032 FB68     		ldr	r3, [r7, #12]
 3799 0034 1B68     		ldr	r3, [r3]
1375:../../../firmware/n32h7xx_std_periph_driver/src/n32h7xx_pwr.c ****     }
 3800              		.loc 1 1375 25
 3801 0036 23F40062 		bic	r2, r3, #2048
 3802 003a FB68     		ldr	r3, [r7, #12]
 3803 003c 1A60     		str	r2, [r3]
 3804              	.L258:
 3805              		.loc 1 1377 1
 3806 003e 00BF     		nop
 3807 0040 1037     		adds	r7, r7, #16
 3808              	.LCFI196:
 3809              		.cfi_def_cfa_offset 8
 3810 0042 BD46     		mov	sp, r7
 3811              	.LCFI197:
 3812              		.cfi_def_cfa_register 13
 3813              		@ sp needed
 3814 0044 80BD     		pop	{r7, pc}
 3815              	.L260:
 3816 0046 00BF     		.align	2
 3817              	.L259:
 3818 0048 08100358 		.word	1476595720
 3819 004c 28100358 		.word	1476595752
 3820              		.cfi_endproc
 3821              	.LFE169:
 3823              		.section	.text.PWR_EnterSLEEPMode,"ax",%progbits
ARM GAS  /tmp/ccfMwLzE.s 			page 94


 3824              		.align	1
 3825              		.global	PWR_EnterSLEEPMode
 3826              		.syntax unified
 3827              		.thumb
 3828              		.thumb_func
 3830              	PWR_EnterSLEEPMode:
 3831              	.LFB170:
1378:../../../firmware/n32h7xx_std_periph_driver/src/n32h7xx_pwr.c **** 
1379:../../../firmware/n32h7xx_std_periph_driver/src/n32h7xx_pwr.c **** 
1380:../../../firmware/n32h7xx_std_periph_driver/src/n32h7xx_pwr.c **** /**
1381:../../../firmware/n32h7xx_std_periph_driver/src/n32h7xx_pwr.c **** *\*\name    PWR_EnterSLEEPMode.
1382:../../../firmware/n32h7xx_std_periph_driver/src/n32h7xx_pwr.c **** *\*\fun     System Enters SLEEP mode.
1383:../../../firmware/n32h7xx_std_periph_driver/src/n32h7xx_pwr.c **** *\*\param   SLEEPONEXIT (The input parameters must be the following values):
1384:../../../firmware/n32h7xx_std_periph_driver/src/n32h7xx_pwr.c **** *\*\          - PWR_SLEEP_ON_EXIT
1385:../../../firmware/n32h7xx_std_periph_driver/src/n32h7xx_pwr.c **** *\*\          - PWR_SLEEP_NOW
1386:../../../firmware/n32h7xx_std_periph_driver/src/n32h7xx_pwr.c **** *\*\param   PWR_STOPEntry (The input parameters must be the following values):
1387:../../../firmware/n32h7xx_std_periph_driver/src/n32h7xx_pwr.c **** *\*\          - PWR_SLEEPENTRY_WFI    enter SLEEP mode with WFI instruction
1388:../../../firmware/n32h7xx_std_periph_driver/src/n32h7xx_pwr.c **** *\*\          - PWR_SLEEPENTRY_WFE    enter SLEEP mode with WFE instruction
1389:../../../firmware/n32h7xx_std_periph_driver/src/n32h7xx_pwr.c **** *\*\return  none
1390:../../../firmware/n32h7xx_std_periph_driver/src/n32h7xx_pwr.c **** **/
1391:../../../firmware/n32h7xx_std_periph_driver/src/n32h7xx_pwr.c **** void PWR_EnterSLEEPMode(uint8_t SLEEPONEXIT, uint8_t PWR_SLEEPEntry)
1392:../../../firmware/n32h7xx_std_periph_driver/src/n32h7xx_pwr.c **** {
 3832              		.loc 1 1392 1
 3833              		.cfi_startproc
 3834              		@ args = 0, pretend = 0, frame = 16
 3835              		@ frame_needed = 1, uses_anonymous_args = 0
 3836 0000 80B5     		push	{r7, lr}
 3837              	.LCFI198:
 3838              		.cfi_def_cfa_offset 8
 3839              		.cfi_offset 7, -8
 3840              		.cfi_offset 14, -4
 3841 0002 84B0     		sub	sp, sp, #16
 3842              	.LCFI199:
 3843              		.cfi_def_cfa_offset 24
 3844 0004 00AF     		add	r7, sp, #0
 3845              	.LCFI200:
 3846              		.cfi_def_cfa_register 7
 3847 0006 0346     		mov	r3, r0
 3848 0008 0A46     		mov	r2, r1
 3849 000a FB71     		strb	r3, [r7, #7]
 3850 000c 1346     		mov	r3, r2
 3851 000e BB71     		strb	r3, [r7, #6]
1393:../../../firmware/n32h7xx_std_periph_driver/src/n32h7xx_pwr.c ****     __IO uint32_t* ControlRegAddr;
1394:../../../firmware/n32h7xx_std_periph_driver/src/n32h7xx_pwr.c ****     
1395:../../../firmware/n32h7xx_std_periph_driver/src/n32h7xx_pwr.c ****     /*Get contrl register address*/
1396:../../../firmware/n32h7xx_std_periph_driver/src/n32h7xx_pwr.c ****     if(Get_CurrentCPU() == CM7_CPU)
 3852              		.loc 1 1396 8
 3853 0010 FFF7FEFF 		bl	Get_CurrentCPU
 3854 0014 0346     		mov	r3, r0
 3855              		.loc 1 1396 7 discriminator 1
 3856 0016 022B     		cmp	r3, #2
 3857 0018 02D1     		bne	.L262
1397:../../../firmware/n32h7xx_std_periph_driver/src/n32h7xx_pwr.c ****     {
1398:../../../firmware/n32h7xx_std_periph_driver/src/n32h7xx_pwr.c ****         ControlRegAddr = &PWR->M7CTRL2;
 3858              		.loc 1 1398 24
 3859 001a 184B     		ldr	r3, .L269
 3860 001c FB60     		str	r3, [r7, #12]
ARM GAS  /tmp/ccfMwLzE.s 			page 95


 3861 001e 01E0     		b	.L263
 3862              	.L262:
1399:../../../firmware/n32h7xx_std_periph_driver/src/n32h7xx_pwr.c ****     }
1400:../../../firmware/n32h7xx_std_periph_driver/src/n32h7xx_pwr.c ****     else
1401:../../../firmware/n32h7xx_std_periph_driver/src/n32h7xx_pwr.c ****     {
1402:../../../firmware/n32h7xx_std_periph_driver/src/n32h7xx_pwr.c ****         ControlRegAddr = &PWR->M4CTRL2;
 3863              		.loc 1 1402 24
 3864 0020 174B     		ldr	r3, .L269+4
 3865 0022 FB60     		str	r3, [r7, #12]
 3866              	.L263:
1403:../../../firmware/n32h7xx_std_periph_driver/src/n32h7xx_pwr.c ****     }
1404:../../../firmware/n32h7xx_std_periph_driver/src/n32h7xx_pwr.c ****     /* Clear STOP2S bits */
1405:../../../firmware/n32h7xx_std_periph_driver/src/n32h7xx_pwr.c ****     *ControlRegAddr &= ~PWR_STOP2EN;
 3867              		.loc 1 1405 5
 3868 0024 FB68     		ldr	r3, [r7, #12]
 3869 0026 1B68     		ldr	r3, [r3]
 3870              		.loc 1 1405 21
 3871 0028 23F00102 		bic	r2, r3, #1
 3872 002c FB68     		ldr	r3, [r7, #12]
 3873 002e 1A60     		str	r2, [r3]
1406:../../../firmware/n32h7xx_std_periph_driver/src/n32h7xx_pwr.c **** 
1407:../../../firmware/n32h7xx_std_periph_driver/src/n32h7xx_pwr.c ****     /* CLEAR SLEEPDEEP bit of Cortex System Control Register */
1408:../../../firmware/n32h7xx_std_periph_driver/src/n32h7xx_pwr.c ****     SCB->SCR &= ~((uint32_t)SCB_SCR_SLEEPDEEP);
 3874              		.loc 1 1408 8
 3875 0030 144B     		ldr	r3, .L269+8
 3876 0032 1B69     		ldr	r3, [r3, #16]
 3877 0034 134A     		ldr	r2, .L269+8
 3878              		.loc 1 1408 14
 3879 0036 23F00403 		bic	r3, r3, #4
 3880 003a 1361     		str	r3, [r2, #16]
1409:../../../firmware/n32h7xx_std_periph_driver/src/n32h7xx_pwr.c **** 
1410:../../../firmware/n32h7xx_std_periph_driver/src/n32h7xx_pwr.c ****     /* Select SLEEPONEXIT mode entry ------------------------------------------*/
1411:../../../firmware/n32h7xx_std_periph_driver/src/n32h7xx_pwr.c ****     if(SLEEPONEXIT == 1)
 3881              		.loc 1 1411 7
 3882 003c FB79     		ldrb	r3, [r7, #7]	@ zero_extendqisi2
 3883 003e 012B     		cmp	r3, #1
 3884 0040 06D1     		bne	.L264
1412:../../../firmware/n32h7xx_std_periph_driver/src/n32h7xx_pwr.c ****     {
1413:../../../firmware/n32h7xx_std_periph_driver/src/n32h7xx_pwr.c ****       /* the MCU enters Sleep mode as soon as it exits the lowest priority ISR */
1414:../../../firmware/n32h7xx_std_periph_driver/src/n32h7xx_pwr.c ****       SCB->SCR |= SCB_SCR_SLEEPONEXIT;
 3885              		.loc 1 1414 10
 3886 0042 104B     		ldr	r3, .L269+8
 3887 0044 1B69     		ldr	r3, [r3, #16]
 3888 0046 0F4A     		ldr	r2, .L269+8
 3889              		.loc 1 1414 16
 3890 0048 43F00203 		orr	r3, r3, #2
 3891 004c 1361     		str	r3, [r2, #16]
 3892 004e 08E0     		b	.L265
 3893              	.L264:
1415:../../../firmware/n32h7xx_std_periph_driver/src/n32h7xx_pwr.c ****     }
1416:../../../firmware/n32h7xx_std_periph_driver/src/n32h7xx_pwr.c ****     else if(SLEEPONEXIT == 0)
 3894              		.loc 1 1416 12
 3895 0050 FB79     		ldrb	r3, [r7, #7]	@ zero_extendqisi2
 3896 0052 002B     		cmp	r3, #0
 3897 0054 05D1     		bne	.L265
1417:../../../firmware/n32h7xx_std_periph_driver/src/n32h7xx_pwr.c ****     {
1418:../../../firmware/n32h7xx_std_periph_driver/src/n32h7xx_pwr.c ****       /* Sleep-now */
ARM GAS  /tmp/ccfMwLzE.s 			page 96


1419:../../../firmware/n32h7xx_std_periph_driver/src/n32h7xx_pwr.c ****       SCB->SCR &= (uint32_t)(~(uint32_t)SCB_SCR_SLEEPONEXIT);
 3898              		.loc 1 1419 10
 3899 0056 0B4B     		ldr	r3, .L269+8
 3900 0058 1B69     		ldr	r3, [r3, #16]
 3901 005a 0A4A     		ldr	r2, .L269+8
 3902              		.loc 1 1419 16
 3903 005c 23F00203 		bic	r3, r3, #2
 3904 0060 1361     		str	r3, [r2, #16]
 3905              	.L265:
1420:../../../firmware/n32h7xx_std_periph_driver/src/n32h7xx_pwr.c ****     }
1421:../../../firmware/n32h7xx_std_periph_driver/src/n32h7xx_pwr.c ****     else
1422:../../../firmware/n32h7xx_std_periph_driver/src/n32h7xx_pwr.c ****     {
1423:../../../firmware/n32h7xx_std_periph_driver/src/n32h7xx_pwr.c ****       /* no process */
1424:../../../firmware/n32h7xx_std_periph_driver/src/n32h7xx_pwr.c ****     }
1425:../../../firmware/n32h7xx_std_periph_driver/src/n32h7xx_pwr.c **** 
1426:../../../firmware/n32h7xx_std_periph_driver/src/n32h7xx_pwr.c ****     /* Select SLEEP mode entry ------------------------------------------------*/
1427:../../../firmware/n32h7xx_std_periph_driver/src/n32h7xx_pwr.c ****     if(PWR_SLEEPEntry == PWR_SLEEPENTRY_WFI)
 3906              		.loc 1 1427 7
 3907 0062 BB79     		ldrb	r3, [r7, #6]	@ zero_extendqisi2
 3908 0064 012B     		cmp	r3, #1
 3909 0066 01D1     		bne	.L266
1428:../../../firmware/n32h7xx_std_periph_driver/src/n32h7xx_pwr.c ****     {
1429:../../../firmware/n32h7xx_std_periph_driver/src/n32h7xx_pwr.c ****         /* Request Wait For Interrupt */
1430:../../../firmware/n32h7xx_std_periph_driver/src/n32h7xx_pwr.c ****         __WFI();
 3910              		.loc 1 1430 9
 3911              		.syntax unified
 3912              	@ 1430 "../../../firmware/n32h7xx_std_periph_driver/src/n32h7xx_pwr.c" 1
 3913 0068 30BF     		wfi
 3914              	@ 0 "" 2
1431:../../../firmware/n32h7xx_std_periph_driver/src/n32h7xx_pwr.c ****     }
1432:../../../firmware/n32h7xx_std_periph_driver/src/n32h7xx_pwr.c ****     else
1433:../../../firmware/n32h7xx_std_periph_driver/src/n32h7xx_pwr.c ****     {
1434:../../../firmware/n32h7xx_std_periph_driver/src/n32h7xx_pwr.c ****         /* Request Wait For Event */
1435:../../../firmware/n32h7xx_std_periph_driver/src/n32h7xx_pwr.c ****         __SEV();
1436:../../../firmware/n32h7xx_std_periph_driver/src/n32h7xx_pwr.c ****         __WFE();
1437:../../../firmware/n32h7xx_std_periph_driver/src/n32h7xx_pwr.c ****         __WFE();
1438:../../../firmware/n32h7xx_std_periph_driver/src/n32h7xx_pwr.c ****     }
1439:../../../firmware/n32h7xx_std_periph_driver/src/n32h7xx_pwr.c **** }
 3915              		.loc 1 1439 1
 3916              		.thumb
 3917              		.syntax unified
 3918 006a 02E0     		b	.L268
 3919              	.L266:
1435:../../../firmware/n32h7xx_std_periph_driver/src/n32h7xx_pwr.c ****         __WFE();
 3920              		.loc 1 1435 9
 3921              		.syntax unified
 3922              	@ 1435 "../../../firmware/n32h7xx_std_periph_driver/src/n32h7xx_pwr.c" 1
 3923 006c 40BF     		sev
 3924              	@ 0 "" 2
1436:../../../firmware/n32h7xx_std_periph_driver/src/n32h7xx_pwr.c ****         __WFE();
 3925              		.loc 1 1436 9
 3926              	@ 1436 "../../../firmware/n32h7xx_std_periph_driver/src/n32h7xx_pwr.c" 1
 3927 006e 20BF     		wfe
 3928              	@ 0 "" 2
1437:../../../firmware/n32h7xx_std_periph_driver/src/n32h7xx_pwr.c ****     }
 3929              		.loc 1 1437 9
 3930              	@ 1437 "../../../firmware/n32h7xx_std_periph_driver/src/n32h7xx_pwr.c" 1
ARM GAS  /tmp/ccfMwLzE.s 			page 97


 3931 0070 20BF     		wfe
 3932              	@ 0 "" 2
 3933              		.thumb
 3934              		.syntax unified
 3935              	.L268:
 3936              		.loc 1 1439 1
 3937 0072 00BF     		nop
 3938 0074 1037     		adds	r7, r7, #16
 3939              	.LCFI201:
 3940              		.cfi_def_cfa_offset 8
 3941 0076 BD46     		mov	sp, r7
 3942              	.LCFI202:
 3943              		.cfi_def_cfa_register 13
 3944              		@ sp needed
 3945 0078 80BD     		pop	{r7, pc}
 3946              	.L270:
 3947 007a 00BF     		.align	2
 3948              	.L269:
 3949 007c 08100358 		.word	1476595720
 3950 0080 28100358 		.word	1476595752
 3951 0084 00ED00E0 		.word	-536810240
 3952              		.cfi_endproc
 3953              	.LFE170:
 3955              		.section	.text.PWR_EnterSTOP0Mode,"ax",%progbits
 3956              		.align	1
 3957              		.global	PWR_EnterSTOP0Mode
 3958              		.syntax unified
 3959              		.thumb
 3960              		.thumb_func
 3962              	PWR_EnterSTOP0Mode:
 3963              	.LFB171:
1440:../../../firmware/n32h7xx_std_periph_driver/src/n32h7xx_pwr.c **** 
1441:../../../firmware/n32h7xx_std_periph_driver/src/n32h7xx_pwr.c **** 
1442:../../../firmware/n32h7xx_std_periph_driver/src/n32h7xx_pwr.c **** /**
1443:../../../firmware/n32h7xx_std_periph_driver/src/n32h7xx_pwr.c **** *\*\name    PWR_EnterSTOP0Mode.
1444:../../../firmware/n32h7xx_std_periph_driver/src/n32h7xx_pwr.c **** *\*\fun     System Enters STOP0 mode.
1445:../../../firmware/n32h7xx_std_periph_driver/src/n32h7xx_pwr.c **** *\*\param   PWR_STOPEntry (The input parameters must be the following values):
1446:../../../firmware/n32h7xx_std_periph_driver/src/n32h7xx_pwr.c **** *\*\          - PWR_STOPENTRY_WFI    enter STOP mode with WFI instruction
1447:../../../firmware/n32h7xx_std_periph_driver/src/n32h7xx_pwr.c **** *\*\          - PWR_STOPENTRY_WFE    enter STOP mode with WFE instruction
1448:../../../firmware/n32h7xx_std_periph_driver/src/n32h7xx_pwr.c **** *\*\return  none
1449:../../../firmware/n32h7xx_std_periph_driver/src/n32h7xx_pwr.c **** **/
1450:../../../firmware/n32h7xx_std_periph_driver/src/n32h7xx_pwr.c **** void PWR_EnterSTOP0Mode(uint8_t PWR_STOPEntry)
1451:../../../firmware/n32h7xx_std_periph_driver/src/n32h7xx_pwr.c **** {
 3964              		.loc 1 1451 1
 3965              		.cfi_startproc
 3966              		@ args = 0, pretend = 0, frame = 16
 3967              		@ frame_needed = 1, uses_anonymous_args = 0
 3968 0000 80B5     		push	{r7, lr}
 3969              	.LCFI203:
 3970              		.cfi_def_cfa_offset 8
 3971              		.cfi_offset 7, -8
 3972              		.cfi_offset 14, -4
 3973 0002 84B0     		sub	sp, sp, #16
 3974              	.LCFI204:
 3975              		.cfi_def_cfa_offset 24
 3976 0004 00AF     		add	r7, sp, #0
 3977              	.LCFI205:
ARM GAS  /tmp/ccfMwLzE.s 			page 98


 3978              		.cfi_def_cfa_register 7
 3979 0006 0346     		mov	r3, r0
 3980 0008 FB71     		strb	r3, [r7, #7]
1452:../../../firmware/n32h7xx_std_periph_driver/src/n32h7xx_pwr.c ****     __IO uint32_t* ControlRegAddr1;
1453:../../../firmware/n32h7xx_std_periph_driver/src/n32h7xx_pwr.c ****     __IO uint32_t* ControlRegAddr2;
1454:../../../firmware/n32h7xx_std_periph_driver/src/n32h7xx_pwr.c ****     /*Get contrl register address*/
1455:../../../firmware/n32h7xx_std_periph_driver/src/n32h7xx_pwr.c ****     if(Get_CurrentCPU() == CM7_CPU)
 3981              		.loc 1 1455 8
 3982 000a FFF7FEFF 		bl	Get_CurrentCPU
 3983 000e 0346     		mov	r3, r0
 3984              		.loc 1 1455 7 discriminator 1
 3985 0010 022B     		cmp	r3, #2
 3986 0012 04D1     		bne	.L272
1456:../../../firmware/n32h7xx_std_periph_driver/src/n32h7xx_pwr.c ****     {
1457:../../../firmware/n32h7xx_std_periph_driver/src/n32h7xx_pwr.c ****         ControlRegAddr1 = &PWR->M7CTRL1;
 3987              		.loc 1 1457 25
 3988 0014 164B     		ldr	r3, .L276
 3989 0016 FB60     		str	r3, [r7, #12]
1458:../../../firmware/n32h7xx_std_periph_driver/src/n32h7xx_pwr.c ****         ControlRegAddr2 = &PWR->M7CTRL2;
 3990              		.loc 1 1458 25
 3991 0018 164B     		ldr	r3, .L276+4
 3992 001a BB60     		str	r3, [r7, #8]
 3993 001c 03E0     		b	.L273
 3994              	.L272:
1459:../../../firmware/n32h7xx_std_periph_driver/src/n32h7xx_pwr.c ****     }
1460:../../../firmware/n32h7xx_std_periph_driver/src/n32h7xx_pwr.c ****     else
1461:../../../firmware/n32h7xx_std_periph_driver/src/n32h7xx_pwr.c ****     {
1462:../../../firmware/n32h7xx_std_periph_driver/src/n32h7xx_pwr.c ****         ControlRegAddr1 = &PWR->M4CTRL1;
 3995              		.loc 1 1462 25
 3996 001e 164B     		ldr	r3, .L276+8
 3997 0020 FB60     		str	r3, [r7, #12]
1463:../../../firmware/n32h7xx_std_periph_driver/src/n32h7xx_pwr.c ****         ControlRegAddr2 = &PWR->M4CTRL2;
 3998              		.loc 1 1463 25
 3999 0022 164B     		ldr	r3, .L276+12
 4000 0024 BB60     		str	r3, [r7, #8]
 4001              	.L273:
1464:../../../firmware/n32h7xx_std_periph_driver/src/n32h7xx_pwr.c ****     }
1465:../../../firmware/n32h7xx_std_periph_driver/src/n32h7xx_pwr.c ****     /* Clear PDDS */
1466:../../../firmware/n32h7xx_std_periph_driver/src/n32h7xx_pwr.c ****     *ControlRegAddr1 &= ~PWR_PDSEN;
 4002              		.loc 1 1466 5
 4003 0026 FB68     		ldr	r3, [r7, #12]
 4004 0028 1B68     		ldr	r3, [r3]
 4005              		.loc 1 1466 22
 4006 002a 23F00202 		bic	r2, r3, #2
 4007 002e FB68     		ldr	r3, [r7, #12]
 4008 0030 1A60     		str	r2, [r3]
1467:../../../firmware/n32h7xx_std_periph_driver/src/n32h7xx_pwr.c ****     /* Clear STOP2S bits */
1468:../../../firmware/n32h7xx_std_periph_driver/src/n32h7xx_pwr.c ****     *ControlRegAddr2 &= ~PWR_STOP2EN;
 4009              		.loc 1 1468 5
 4010 0032 BB68     		ldr	r3, [r7, #8]
 4011 0034 1B68     		ldr	r3, [r3]
 4012              		.loc 1 1468 22
 4013 0036 23F00102 		bic	r2, r3, #1
 4014 003a BB68     		ldr	r3, [r7, #8]
 4015 003c 1A60     		str	r2, [r3]
1469:../../../firmware/n32h7xx_std_periph_driver/src/n32h7xx_pwr.c ****     /* Set SLEEPDEEP bit of Cortex System Control Register */
1470:../../../firmware/n32h7xx_std_periph_driver/src/n32h7xx_pwr.c ****     SCB->SCR |= SCB_SCR_SLEEPDEEP;
ARM GAS  /tmp/ccfMwLzE.s 			page 99


 4016              		.loc 1 1470 8
 4017 003e 104B     		ldr	r3, .L276+16
 4018 0040 1B69     		ldr	r3, [r3, #16]
 4019 0042 0F4A     		ldr	r2, .L276+16
 4020              		.loc 1 1470 14
 4021 0044 43F00403 		orr	r3, r3, #4
 4022 0048 1361     		str	r3, [r2, #16]
1471:../../../firmware/n32h7xx_std_periph_driver/src/n32h7xx_pwr.c **** 
1472:../../../firmware/n32h7xx_std_periph_driver/src/n32h7xx_pwr.c ****     /* Select STOP mode entry -----------------------------*/
1473:../../../firmware/n32h7xx_std_periph_driver/src/n32h7xx_pwr.c ****     if (PWR_STOPEntry == PWR_STOPENTRY_WFI)
 4023              		.loc 1 1473 8
 4024 004a FB79     		ldrb	r3, [r7, #7]	@ zero_extendqisi2
 4025 004c 012B     		cmp	r3, #1
 4026 004e 01D1     		bne	.L274
1474:../../../firmware/n32h7xx_std_periph_driver/src/n32h7xx_pwr.c ****     {
1475:../../../firmware/n32h7xx_std_periph_driver/src/n32h7xx_pwr.c ****         /* Request Wait For Interrupt */
1476:../../../firmware/n32h7xx_std_periph_driver/src/n32h7xx_pwr.c ****         __WFI();
 4027              		.loc 1 1476 9
 4028              		.syntax unified
 4029              	@ 1476 "../../../firmware/n32h7xx_std_periph_driver/src/n32h7xx_pwr.c" 1
 4030 0050 30BF     		wfi
 4031              	@ 0 "" 2
 4032              		.thumb
 4033              		.syntax unified
 4034 0052 02E0     		b	.L275
 4035              	.L274:
1477:../../../firmware/n32h7xx_std_periph_driver/src/n32h7xx_pwr.c ****     }
1478:../../../firmware/n32h7xx_std_periph_driver/src/n32h7xx_pwr.c ****     else
1479:../../../firmware/n32h7xx_std_periph_driver/src/n32h7xx_pwr.c ****     {
1480:../../../firmware/n32h7xx_std_periph_driver/src/n32h7xx_pwr.c ****         /* Request Wait For Event */
1481:../../../firmware/n32h7xx_std_periph_driver/src/n32h7xx_pwr.c ****         __SEV();
 4036              		.loc 1 1481 9
 4037              		.syntax unified
 4038              	@ 1481 "../../../firmware/n32h7xx_std_periph_driver/src/n32h7xx_pwr.c" 1
 4039 0054 40BF     		sev
 4040              	@ 0 "" 2
1482:../../../firmware/n32h7xx_std_periph_driver/src/n32h7xx_pwr.c ****         __WFE();
 4041              		.loc 1 1482 9
 4042              	@ 1482 "../../../firmware/n32h7xx_std_periph_driver/src/n32h7xx_pwr.c" 1
 4043 0056 20BF     		wfe
 4044              	@ 0 "" 2
1483:../../../firmware/n32h7xx_std_periph_driver/src/n32h7xx_pwr.c ****         __WFE();
 4045              		.loc 1 1483 9
 4046              	@ 1483 "../../../firmware/n32h7xx_std_periph_driver/src/n32h7xx_pwr.c" 1
 4047 0058 20BF     		wfe
 4048              	@ 0 "" 2
 4049              		.thumb
 4050              		.syntax unified
 4051              	.L275:
1484:../../../firmware/n32h7xx_std_periph_driver/src/n32h7xx_pwr.c ****     }
1485:../../../firmware/n32h7xx_std_periph_driver/src/n32h7xx_pwr.c **** 
1486:../../../firmware/n32h7xx_std_periph_driver/src/n32h7xx_pwr.c ****     /* Reset SLEEPDEEP bit of Cortex System Control Register */
1487:../../../firmware/n32h7xx_std_periph_driver/src/n32h7xx_pwr.c ****     SCB->SCR &= (uint32_t)(~(uint32_t)SCB_SCR_SLEEPDEEP);
 4052              		.loc 1 1487 8
 4053 005a 094B     		ldr	r3, .L276+16
 4054 005c 1B69     		ldr	r3, [r3, #16]
 4055 005e 084A     		ldr	r2, .L276+16
ARM GAS  /tmp/ccfMwLzE.s 			page 100


 4056              		.loc 1 1487 14
 4057 0060 23F00403 		bic	r3, r3, #4
 4058 0064 1361     		str	r3, [r2, #16]
1488:../../../firmware/n32h7xx_std_periph_driver/src/n32h7xx_pwr.c **** }
 4059              		.loc 1 1488 1
 4060 0066 00BF     		nop
 4061 0068 1037     		adds	r7, r7, #16
 4062              	.LCFI206:
 4063              		.cfi_def_cfa_offset 8
 4064 006a BD46     		mov	sp, r7
 4065              	.LCFI207:
 4066              		.cfi_def_cfa_register 13
 4067              		@ sp needed
 4068 006c 80BD     		pop	{r7, pc}
 4069              	.L277:
 4070 006e 00BF     		.align	2
 4071              	.L276:
 4072 0070 00100358 		.word	1476595712
 4073 0074 08100358 		.word	1476595720
 4074 0078 20100358 		.word	1476595744
 4075 007c 28100358 		.word	1476595752
 4076 0080 00ED00E0 		.word	-536810240
 4077              		.cfi_endproc
 4078              	.LFE171:
 4080              		.section	.text.PWR_EnterSTOP2Mode,"ax",%progbits
 4081              		.align	1
 4082              		.global	PWR_EnterSTOP2Mode
 4083              		.syntax unified
 4084              		.thumb
 4085              		.thumb_func
 4087              	PWR_EnterSTOP2Mode:
 4088              	.LFB172:
1489:../../../firmware/n32h7xx_std_periph_driver/src/n32h7xx_pwr.c **** 
1490:../../../firmware/n32h7xx_std_periph_driver/src/n32h7xx_pwr.c **** 
1491:../../../firmware/n32h7xx_std_periph_driver/src/n32h7xx_pwr.c **** /**
1492:../../../firmware/n32h7xx_std_periph_driver/src/n32h7xx_pwr.c **** *\*\name    PWR_EnterSTOP2Mode.
1493:../../../firmware/n32h7xx_std_periph_driver/src/n32h7xx_pwr.c **** *\*\fun     System Enters STOP2 mode.
1494:../../../firmware/n32h7xx_std_periph_driver/src/n32h7xx_pwr.c **** *\*\param   PWR_STOPEntry (The input parameters must be the following values):
1495:../../../firmware/n32h7xx_std_periph_driver/src/n32h7xx_pwr.c **** *\*\          - PWR_STOPENTRY_WFI    enter STOP mode with WFI instruction
1496:../../../firmware/n32h7xx_std_periph_driver/src/n32h7xx_pwr.c **** *\*\          - PWR_STOPENTRY_WFE    enter STOP mode with WFE instruction
1497:../../../firmware/n32h7xx_std_periph_driver/src/n32h7xx_pwr.c **** *\*\return  none
1498:../../../firmware/n32h7xx_std_periph_driver/src/n32h7xx_pwr.c **** **/
1499:../../../firmware/n32h7xx_std_periph_driver/src/n32h7xx_pwr.c **** void PWR_EnterSTOP2Mode(uint8_t PWR_STOPEntry)
1500:../../../firmware/n32h7xx_std_periph_driver/src/n32h7xx_pwr.c **** {
 4089              		.loc 1 1500 1
 4090              		.cfi_startproc
 4091              		@ args = 0, pretend = 0, frame = 16
 4092              		@ frame_needed = 1, uses_anonymous_args = 0
 4093 0000 80B5     		push	{r7, lr}
 4094              	.LCFI208:
 4095              		.cfi_def_cfa_offset 8
 4096              		.cfi_offset 7, -8
 4097              		.cfi_offset 14, -4
 4098 0002 84B0     		sub	sp, sp, #16
 4099              	.LCFI209:
 4100              		.cfi_def_cfa_offset 24
 4101 0004 00AF     		add	r7, sp, #0
ARM GAS  /tmp/ccfMwLzE.s 			page 101


 4102              	.LCFI210:
 4103              		.cfi_def_cfa_register 7
 4104 0006 0346     		mov	r3, r0
 4105 0008 FB71     		strb	r3, [r7, #7]
1501:../../../firmware/n32h7xx_std_periph_driver/src/n32h7xx_pwr.c ****     __IO uint32_t* ControlRegAddr1;
1502:../../../firmware/n32h7xx_std_periph_driver/src/n32h7xx_pwr.c ****     __IO uint32_t* ControlRegAddr2;
1503:../../../firmware/n32h7xx_std_periph_driver/src/n32h7xx_pwr.c ****     /*Get contrl register address*/
1504:../../../firmware/n32h7xx_std_periph_driver/src/n32h7xx_pwr.c ****     if(Get_CurrentCPU() == CM7_CPU)
 4106              		.loc 1 1504 8
 4107 000a FFF7FEFF 		bl	Get_CurrentCPU
 4108 000e 0346     		mov	r3, r0
 4109              		.loc 1 1504 7 discriminator 1
 4110 0010 022B     		cmp	r3, #2
 4111 0012 04D1     		bne	.L279
1505:../../../firmware/n32h7xx_std_periph_driver/src/n32h7xx_pwr.c ****     {
1506:../../../firmware/n32h7xx_std_periph_driver/src/n32h7xx_pwr.c ****         ControlRegAddr1 = &PWR->M7CTRL1;
 4112              		.loc 1 1506 25
 4113 0014 164B     		ldr	r3, .L283
 4114 0016 FB60     		str	r3, [r7, #12]
1507:../../../firmware/n32h7xx_std_periph_driver/src/n32h7xx_pwr.c ****         ControlRegAddr2 = &PWR->M7CTRL2;
 4115              		.loc 1 1507 25
 4116 0018 164B     		ldr	r3, .L283+4
 4117 001a BB60     		str	r3, [r7, #8]
 4118 001c 03E0     		b	.L280
 4119              	.L279:
1508:../../../firmware/n32h7xx_std_periph_driver/src/n32h7xx_pwr.c ****     }
1509:../../../firmware/n32h7xx_std_periph_driver/src/n32h7xx_pwr.c ****     else
1510:../../../firmware/n32h7xx_std_periph_driver/src/n32h7xx_pwr.c ****     {
1511:../../../firmware/n32h7xx_std_periph_driver/src/n32h7xx_pwr.c ****         ControlRegAddr1 = &PWR->M4CTRL1;
 4120              		.loc 1 1511 25
 4121 001e 164B     		ldr	r3, .L283+8
 4122 0020 FB60     		str	r3, [r7, #12]
1512:../../../firmware/n32h7xx_std_periph_driver/src/n32h7xx_pwr.c ****         ControlRegAddr2 = &PWR->M4CTRL2;
 4123              		.loc 1 1512 25
 4124 0022 164B     		ldr	r3, .L283+12
 4125 0024 BB60     		str	r3, [r7, #8]
 4126              	.L280:
1513:../../../firmware/n32h7xx_std_periph_driver/src/n32h7xx_pwr.c ****     }
1514:../../../firmware/n32h7xx_std_periph_driver/src/n32h7xx_pwr.c ****     /* Clear PDDS */
1515:../../../firmware/n32h7xx_std_periph_driver/src/n32h7xx_pwr.c ****     *ControlRegAddr1 &= ~PWR_PDSEN;
 4127              		.loc 1 1515 5
 4128 0026 FB68     		ldr	r3, [r7, #12]
 4129 0028 1B68     		ldr	r3, [r3]
 4130              		.loc 1 1515 22
 4131 002a 23F00202 		bic	r2, r3, #2
 4132 002e FB68     		ldr	r3, [r7, #12]
 4133 0030 1A60     		str	r2, [r3]
1516:../../../firmware/n32h7xx_std_periph_driver/src/n32h7xx_pwr.c ****     /* Clear STOP2S bits */
1517:../../../firmware/n32h7xx_std_periph_driver/src/n32h7xx_pwr.c ****     *ControlRegAddr2 |= PWR_STOP2EN;
 4134              		.loc 1 1517 5
 4135 0032 BB68     		ldr	r3, [r7, #8]
 4136 0034 1B68     		ldr	r3, [r3]
 4137              		.loc 1 1517 22
 4138 0036 43F00102 		orr	r2, r3, #1
 4139 003a BB68     		ldr	r3, [r7, #8]
 4140 003c 1A60     		str	r2, [r3]
1518:../../../firmware/n32h7xx_std_periph_driver/src/n32h7xx_pwr.c **** 
ARM GAS  /tmp/ccfMwLzE.s 			page 102


1519:../../../firmware/n32h7xx_std_periph_driver/src/n32h7xx_pwr.c ****     /* Set SLEEPDEEP bit of Cortex System Control Register */
1520:../../../firmware/n32h7xx_std_periph_driver/src/n32h7xx_pwr.c ****     SCB->SCR |= SCB_SCR_SLEEPDEEP;
 4141              		.loc 1 1520 8
 4142 003e 104B     		ldr	r3, .L283+16
 4143 0040 1B69     		ldr	r3, [r3, #16]
 4144 0042 0F4A     		ldr	r2, .L283+16
 4145              		.loc 1 1520 14
 4146 0044 43F00403 		orr	r3, r3, #4
 4147 0048 1361     		str	r3, [r2, #16]
1521:../../../firmware/n32h7xx_std_periph_driver/src/n32h7xx_pwr.c **** 
1522:../../../firmware/n32h7xx_std_periph_driver/src/n32h7xx_pwr.c ****     /* Select STOP mode entry -----------------------------*/
1523:../../../firmware/n32h7xx_std_periph_driver/src/n32h7xx_pwr.c ****     if (PWR_STOPEntry == PWR_STOPENTRY_WFI)
 4148              		.loc 1 1523 8
 4149 004a FB79     		ldrb	r3, [r7, #7]	@ zero_extendqisi2
 4150 004c 012B     		cmp	r3, #1
 4151 004e 01D1     		bne	.L281
1524:../../../firmware/n32h7xx_std_periph_driver/src/n32h7xx_pwr.c ****     {
1525:../../../firmware/n32h7xx_std_periph_driver/src/n32h7xx_pwr.c ****         /* Request Wait For Interrupt */
1526:../../../firmware/n32h7xx_std_periph_driver/src/n32h7xx_pwr.c ****         __WFI();
 4152              		.loc 1 1526 9
 4153              		.syntax unified
 4154              	@ 1526 "../../../firmware/n32h7xx_std_periph_driver/src/n32h7xx_pwr.c" 1
 4155 0050 30BF     		wfi
 4156              	@ 0 "" 2
 4157              		.thumb
 4158              		.syntax unified
 4159 0052 02E0     		b	.L282
 4160              	.L281:
1527:../../../firmware/n32h7xx_std_periph_driver/src/n32h7xx_pwr.c ****     }
1528:../../../firmware/n32h7xx_std_periph_driver/src/n32h7xx_pwr.c ****     else
1529:../../../firmware/n32h7xx_std_periph_driver/src/n32h7xx_pwr.c ****     {
1530:../../../firmware/n32h7xx_std_periph_driver/src/n32h7xx_pwr.c ****         /* Request Wait For Event */
1531:../../../firmware/n32h7xx_std_periph_driver/src/n32h7xx_pwr.c ****         __SEV();
 4161              		.loc 1 1531 9
 4162              		.syntax unified
 4163              	@ 1531 "../../../firmware/n32h7xx_std_periph_driver/src/n32h7xx_pwr.c" 1
 4164 0054 40BF     		sev
 4165              	@ 0 "" 2
1532:../../../firmware/n32h7xx_std_periph_driver/src/n32h7xx_pwr.c ****         __WFE();
 4166              		.loc 1 1532 9
 4167              	@ 1532 "../../../firmware/n32h7xx_std_periph_driver/src/n32h7xx_pwr.c" 1
 4168 0056 20BF     		wfe
 4169              	@ 0 "" 2
1533:../../../firmware/n32h7xx_std_periph_driver/src/n32h7xx_pwr.c ****         __WFE();
 4170              		.loc 1 1533 9
 4171              	@ 1533 "../../../firmware/n32h7xx_std_periph_driver/src/n32h7xx_pwr.c" 1
 4172 0058 20BF     		wfe
 4173              	@ 0 "" 2
 4174              		.thumb
 4175              		.syntax unified
 4176              	.L282:
1534:../../../firmware/n32h7xx_std_periph_driver/src/n32h7xx_pwr.c ****     }
1535:../../../firmware/n32h7xx_std_periph_driver/src/n32h7xx_pwr.c **** 
1536:../../../firmware/n32h7xx_std_periph_driver/src/n32h7xx_pwr.c ****     /* Reset SLEEPDEEP bit of Cortex System Control Register */
1537:../../../firmware/n32h7xx_std_periph_driver/src/n32h7xx_pwr.c ****     SCB->SCR &= (uint32_t)(~(uint32_t)SCB_SCR_SLEEPDEEP);
 4177              		.loc 1 1537 8
 4178 005a 094B     		ldr	r3, .L283+16
ARM GAS  /tmp/ccfMwLzE.s 			page 103


 4179 005c 1B69     		ldr	r3, [r3, #16]
 4180 005e 084A     		ldr	r2, .L283+16
 4181              		.loc 1 1537 14
 4182 0060 23F00403 		bic	r3, r3, #4
 4183 0064 1361     		str	r3, [r2, #16]
1538:../../../firmware/n32h7xx_std_periph_driver/src/n32h7xx_pwr.c **** }
 4184              		.loc 1 1538 1
 4185 0066 00BF     		nop
 4186 0068 1037     		adds	r7, r7, #16
 4187              	.LCFI211:
 4188              		.cfi_def_cfa_offset 8
 4189 006a BD46     		mov	sp, r7
 4190              	.LCFI212:
 4191              		.cfi_def_cfa_register 13
 4192              		@ sp needed
 4193 006c 80BD     		pop	{r7, pc}
 4194              	.L284:
 4195 006e 00BF     		.align	2
 4196              	.L283:
 4197 0070 00100358 		.word	1476595712
 4198 0074 08100358 		.word	1476595720
 4199 0078 20100358 		.word	1476595744
 4200 007c 28100358 		.word	1476595752
 4201 0080 00ED00E0 		.word	-536810240
 4202              		.cfi_endproc
 4203              	.LFE172:
 4205              		.section	.text.PWR_EnterSTANDBYMode,"ax",%progbits
 4206              		.align	1
 4207              		.global	PWR_EnterSTANDBYMode
 4208              		.syntax unified
 4209              		.thumb
 4210              		.thumb_func
 4212              	PWR_EnterSTANDBYMode:
 4213              	.LFB173:
1539:../../../firmware/n32h7xx_std_periph_driver/src/n32h7xx_pwr.c **** 
1540:../../../firmware/n32h7xx_std_periph_driver/src/n32h7xx_pwr.c **** /**
1541:../../../firmware/n32h7xx_std_periph_driver/src/n32h7xx_pwr.c **** *\*\name    PWR_EnterSTANDBYMode.
1542:../../../firmware/n32h7xx_std_periph_driver/src/n32h7xx_pwr.c **** *\*\fun     System Enters STANDBY mode.
1543:../../../firmware/n32h7xx_std_periph_driver/src/n32h7xx_pwr.c **** *\*\param   none
1544:../../../firmware/n32h7xx_std_periph_driver/src/n32h7xx_pwr.c **** *\*\return  none
1545:../../../firmware/n32h7xx_std_periph_driver/src/n32h7xx_pwr.c **** **/
1546:../../../firmware/n32h7xx_std_periph_driver/src/n32h7xx_pwr.c **** void PWR_EnterSTANDBYMode(void)
1547:../../../firmware/n32h7xx_std_periph_driver/src/n32h7xx_pwr.c **** {
 4214              		.loc 1 1547 1
 4215              		.cfi_startproc
 4216              		@ args = 0, pretend = 0, frame = 8
 4217              		@ frame_needed = 1, uses_anonymous_args = 0
 4218 0000 80B5     		push	{r7, lr}
 4219              	.LCFI213:
 4220              		.cfi_def_cfa_offset 8
 4221              		.cfi_offset 7, -8
 4222              		.cfi_offset 14, -4
 4223 0002 82B0     		sub	sp, sp, #8
 4224              	.LCFI214:
 4225              		.cfi_def_cfa_offset 16
 4226 0004 00AF     		add	r7, sp, #0
 4227              	.LCFI215:
ARM GAS  /tmp/ccfMwLzE.s 			page 104


 4228              		.cfi_def_cfa_register 7
1548:../../../firmware/n32h7xx_std_periph_driver/src/n32h7xx_pwr.c ****     __IO uint32_t* ControlRegAddr1;
1549:../../../firmware/n32h7xx_std_periph_driver/src/n32h7xx_pwr.c ****     __IO uint32_t* ControlRegAddr2;
1550:../../../firmware/n32h7xx_std_periph_driver/src/n32h7xx_pwr.c ****     /*Get contrl register address*/
1551:../../../firmware/n32h7xx_std_periph_driver/src/n32h7xx_pwr.c ****     if(Get_CurrentCPU() == CM7_CPU)
 4229              		.loc 1 1551 8
 4230 0006 FFF7FEFF 		bl	Get_CurrentCPU
 4231 000a 0346     		mov	r3, r0
 4232              		.loc 1 1551 7 discriminator 1
 4233 000c 022B     		cmp	r3, #2
 4234 000e 04D1     		bne	.L286
1552:../../../firmware/n32h7xx_std_periph_driver/src/n32h7xx_pwr.c ****     {
1553:../../../firmware/n32h7xx_std_periph_driver/src/n32h7xx_pwr.c ****         ControlRegAddr1 = &PWR->M7CTRL1;
 4235              		.loc 1 1553 25
 4236 0010 154B     		ldr	r3, .L288
 4237 0012 7B60     		str	r3, [r7, #4]
1554:../../../firmware/n32h7xx_std_periph_driver/src/n32h7xx_pwr.c ****         ControlRegAddr2 = &PWR->M7CTRL2;
 4238              		.loc 1 1554 25
 4239 0014 154B     		ldr	r3, .L288+4
 4240 0016 3B60     		str	r3, [r7]
 4241 0018 03E0     		b	.L287
 4242              	.L286:
1555:../../../firmware/n32h7xx_std_periph_driver/src/n32h7xx_pwr.c ****     }
1556:../../../firmware/n32h7xx_std_periph_driver/src/n32h7xx_pwr.c ****     else
1557:../../../firmware/n32h7xx_std_periph_driver/src/n32h7xx_pwr.c ****     {
1558:../../../firmware/n32h7xx_std_periph_driver/src/n32h7xx_pwr.c ****         ControlRegAddr1 = &PWR->M4CTRL1;
 4243              		.loc 1 1558 25
 4244 001a 154B     		ldr	r3, .L288+8
 4245 001c 7B60     		str	r3, [r7, #4]
1559:../../../firmware/n32h7xx_std_periph_driver/src/n32h7xx_pwr.c ****         ControlRegAddr2 = &PWR->M4CTRL2;
 4246              		.loc 1 1559 25
 4247 001e 154B     		ldr	r3, .L288+12
 4248 0020 3B60     		str	r3, [r7]
 4249              	.L287:
1560:../../../firmware/n32h7xx_std_periph_driver/src/n32h7xx_pwr.c ****     }
1561:../../../firmware/n32h7xx_std_periph_driver/src/n32h7xx_pwr.c ****     /* Clear Wake-up flag */
1562:../../../firmware/n32h7xx_std_periph_driver/src/n32h7xx_pwr.c ****     *ControlRegAddr1 |= PWR_CLR_WKUPx;
 4250              		.loc 1 1562 5
 4251 0022 7B68     		ldr	r3, [r7, #4]
 4252 0024 1B68     		ldr	r3, [r3]
 4253              		.loc 1 1562 22
 4254 0026 43F00402 		orr	r2, r3, #4
 4255 002a 7B68     		ldr	r3, [r7, #4]
 4256 002c 1A60     		str	r2, [r3]
1563:../../../firmware/n32h7xx_std_periph_driver/src/n32h7xx_pwr.c ****     /* Clear STOP2S bits */
1564:../../../firmware/n32h7xx_std_periph_driver/src/n32h7xx_pwr.c ****     *ControlRegAddr2 &= ~PWR_STOP2EN;
 4257              		.loc 1 1564 5
 4258 002e 3B68     		ldr	r3, [r7]
 4259 0030 1B68     		ldr	r3, [r3]
 4260              		.loc 1 1564 22
 4261 0032 23F00102 		bic	r2, r3, #1
 4262 0036 3B68     		ldr	r3, [r7]
 4263 0038 1A60     		str	r2, [r3]
1565:../../../firmware/n32h7xx_std_periph_driver/src/n32h7xx_pwr.c ****     /* Set PDDS bit to select STANDBY mode */
1566:../../../firmware/n32h7xx_std_periph_driver/src/n32h7xx_pwr.c ****     *ControlRegAddr1 |= PWR_PDSEN;
 4264              		.loc 1 1566 5
 4265 003a 7B68     		ldr	r3, [r7, #4]
ARM GAS  /tmp/ccfMwLzE.s 			page 105


 4266 003c 1B68     		ldr	r3, [r3]
 4267              		.loc 1 1566 22
 4268 003e 43F00202 		orr	r2, r3, #2
 4269 0042 7B68     		ldr	r3, [r7, #4]
 4270 0044 1A60     		str	r2, [r3]
1567:../../../firmware/n32h7xx_std_periph_driver/src/n32h7xx_pwr.c ****     /*Off BG , 1A version ,1B version will remove this*/
1568:../../../firmware/n32h7xx_std_periph_driver/src/n32h7xx_pwr.c ****     PWR->SYSCTRL2 &= ~0x400U;
 4271              		.loc 1 1568 8
 4272 0046 084B     		ldr	r3, .L288
 4273 0048 9B6C     		ldr	r3, [r3, #72]
 4274 004a 074A     		ldr	r2, .L288
 4275              		.loc 1 1568 19
 4276 004c 23F48063 		bic	r3, r3, #1024
 4277 0050 9364     		str	r3, [r2, #72]
1569:../../../firmware/n32h7xx_std_periph_driver/src/n32h7xx_pwr.c **** 
1570:../../../firmware/n32h7xx_std_periph_driver/src/n32h7xx_pwr.c ****     /* Set SLEEPDEEP bit of Cortex System Control Register */
1571:../../../firmware/n32h7xx_std_periph_driver/src/n32h7xx_pwr.c ****     SCB->SCR |= SCB_SCR_SLEEPDEEP;
 4278              		.loc 1 1571 8
 4279 0052 094B     		ldr	r3, .L288+16
 4280 0054 1B69     		ldr	r3, [r3, #16]
 4281 0056 084A     		ldr	r2, .L288+16
 4282              		.loc 1 1571 14
 4283 0058 43F00403 		orr	r3, r3, #4
 4284 005c 1361     		str	r3, [r2, #16]
1572:../../../firmware/n32h7xx_std_periph_driver/src/n32h7xx_pwr.c **** 
1573:../../../firmware/n32h7xx_std_periph_driver/src/n32h7xx_pwr.c **** /* This option is used to ensure that store operations are completed */
1574:../../../firmware/n32h7xx_std_periph_driver/src/n32h7xx_pwr.c **** #if defined(__CC_ARM)
1575:../../../firmware/n32h7xx_std_periph_driver/src/n32h7xx_pwr.c ****     __force_stores();
1576:../../../firmware/n32h7xx_std_periph_driver/src/n32h7xx_pwr.c **** #endif
1577:../../../firmware/n32h7xx_std_periph_driver/src/n32h7xx_pwr.c ****     /* Request Wait For Interrupt */
1578:../../../firmware/n32h7xx_std_periph_driver/src/n32h7xx_pwr.c ****     __WFI();
 4285              		.loc 1 1578 5
 4286              		.syntax unified
 4287              	@ 1578 "../../../firmware/n32h7xx_std_periph_driver/src/n32h7xx_pwr.c" 1
 4288 005e 30BF     		wfi
 4289              	@ 0 "" 2
1579:../../../firmware/n32h7xx_std_periph_driver/src/n32h7xx_pwr.c **** 
1580:../../../firmware/n32h7xx_std_periph_driver/src/n32h7xx_pwr.c **** }
 4290              		.loc 1 1580 1
 4291              		.thumb
 4292              		.syntax unified
 4293 0060 00BF     		nop
 4294 0062 0837     		adds	r7, r7, #8
 4295              	.LCFI216:
 4296              		.cfi_def_cfa_offset 8
 4297 0064 BD46     		mov	sp, r7
 4298              	.LCFI217:
 4299              		.cfi_def_cfa_register 13
 4300              		@ sp needed
 4301 0066 80BD     		pop	{r7, pc}
 4302              	.L289:
 4303              		.align	2
 4304              	.L288:
 4305 0068 00100358 		.word	1476595712
 4306 006c 08100358 		.word	1476595720
 4307 0070 20100358 		.word	1476595744
 4308 0074 28100358 		.word	1476595752
ARM GAS  /tmp/ccfMwLzE.s 			page 106


 4309 0078 00ED00E0 		.word	-536810240
 4310              		.cfi_endproc
 4311              	.LFE173:
 4313              		.text
 4314              	.Letext0:
 4315              		.file 2 "/usr/lib/gcc/arm-none-eabi/13.2.1/include/stdint.h"
 4316              		.file 3 "../../../firmware/CMSIS/core/core_cm4.h"
 4317              		.file 4 "../../../firmware/CMSIS/device/n32h7xx.h"
 4318              		.file 5 "../../../firmware/n32h7xx_std_periph_driver/inc/n32h7xx_pwr.h"
 4319              		.file 6 "../../../firmware/n32h7xx_std_periph_driver/inc/misc.h"
 4320              		.file 7 "../../../firmware/n32h7xx_std_periph_driver/inc/n32h7xx_rcc.h"
ARM GAS  /tmp/ccfMwLzE.s 			page 107


DEFINED SYMBOLS
                            *ABS*:00000000 n32h7xx_pwr.c
     /tmp/ccfMwLzE.s:19     .text.PWR_DeInit:00000000 $t
     /tmp/ccfMwLzE.s:25     .text.PWR_DeInit:00000000 PWR_DeInit
     /tmp/ccfMwLzE.s:49     .text.PWR_BackupAccessEnable:00000000 $t
     /tmp/ccfMwLzE.s:55     .text.PWR_BackupAccessEnable:00000000 PWR_BackupAccessEnable
     /tmp/ccfMwLzE.s:113    .text.PWR_BackupAccessEnable:00000034 $d
     /tmp/ccfMwLzE.s:118    .text.PWR_PvdEnable:00000000 $t
     /tmp/ccfMwLzE.s:124    .text.PWR_PvdEnable:00000000 PWR_PvdEnable
     /tmp/ccfMwLzE.s:182    .text.PWR_PvdEnable:00000034 $d
     /tmp/ccfMwLzE.s:187    .text.PWR_AvdEnable:00000000 $t
     /tmp/ccfMwLzE.s:193    .text.PWR_AvdEnable:00000000 PWR_AvdEnable
     /tmp/ccfMwLzE.s:251    .text.PWR_AvdEnable:00000034 $d
     /tmp/ccfMwLzE.s:256    .text.PWR_EnableMRInStandby:00000000 $t
     /tmp/ccfMwLzE.s:262    .text.PWR_EnableMRInStandby:00000000 PWR_EnableMRInStandby
     /tmp/ccfMwLzE.s:320    .text.PWR_EnableMRInStandby:00000034 $d
     /tmp/ccfMwLzE.s:325    .text.PWR_ConfigDigitalFilterOnNRST:00000000 $t
     /tmp/ccfMwLzE.s:331    .text.PWR_ConfigDigitalFilterOnNRST:00000000 PWR_ConfigDigitalFilterOnNRST
     /tmp/ccfMwLzE.s:401    .text.PWR_ConfigDigitalFilterOnNRST:00000048 $d
     /tmp/ccfMwLzE.s:406    .text.PWR_EnableBKPLDO:00000000 $t
     /tmp/ccfMwLzE.s:412    .text.PWR_EnableBKPLDO:00000000 PWR_EnableBKPLDO
     /tmp/ccfMwLzE.s:470    .text.PWR_EnableBKPLDO:00000034 $d
     /tmp/ccfMwLzE.s:475    .text.PWR_PVDLevelConfig:00000000 $t
     /tmp/ccfMwLzE.s:481    .text.PWR_PVDLevelConfig:00000000 PWR_PVDLevelConfig
     /tmp/ccfMwLzE.s:535    .text.PWR_PVDLevelConfig:00000030 $d
     /tmp/ccfMwLzE.s:540    .text.PWR_AVDLevelConfig:00000000 $t
     /tmp/ccfMwLzE.s:546    .text.PWR_AVDLevelConfig:00000000 PWR_AVDLevelConfig
     /tmp/ccfMwLzE.s:600    .text.PWR_AVDLevelConfig:00000030 $d
     /tmp/ccfMwLzE.s:605    .text.PWR_VDDDPORLevelConfig:00000000 $t
     /tmp/ccfMwLzE.s:611    .text.PWR_VDDDPORLevelConfig:00000000 PWR_VDDDPORLevelConfig
     /tmp/ccfMwLzE.s:689    .text.PWR_VDDDPORLevelConfig:00000050 $d
     /tmp/ccfMwLzE.s:694    .text.PWR_DCDCPORLevelConfig:00000000 $t
     /tmp/ccfMwLzE.s:700    .text.PWR_DCDCPORLevelConfig:00000000 PWR_DCDCPORLevelConfig
     /tmp/ccfMwLzE.s:788    .text.PWR_DCDCPORLevelConfig:0000005c $d
     /tmp/ccfMwLzE.s:795    .text.PWR_MLDOOutputVoltageConfig:00000000 $t
     /tmp/ccfMwLzE.s:801    .text.PWR_MLDOOutputVoltageConfig:00000000 PWR_MLDOOutputVoltageConfig
     /tmp/ccfMwLzE.s:879    .text.PWR_MLDOOutputVoltageConfig:00000050 $d
     /tmp/ccfMwLzE.s:884    .text.PWR_DCDCOutputVoltageConfig:00000000 $t
     /tmp/ccfMwLzE.s:890    .text.PWR_DCDCOutputVoltageConfig:00000000 PWR_DCDCOutputVoltageConfig
     /tmp/ccfMwLzE.s:978    .text.PWR_DCDCOutputVoltageConfig:0000005c $d
     /tmp/ccfMwLzE.s:985    .text.PWR_BKPLDOOutputVoltageConfig:00000000 $t
     /tmp/ccfMwLzE.s:991    .text.PWR_BKPLDOOutputVoltageConfig:00000000 PWR_BKPLDOOutputVoltageConfig
     /tmp/ccfMwLzE.s:1069   .text.PWR_BKPLDOOutputVoltageConfig:00000050 $d
     /tmp/ccfMwLzE.s:1074   .text.PWR_EnableLPMRVoltageOutput:00000000 $t
     /tmp/ccfMwLzE.s:1080   .text.PWR_EnableLPMRVoltageOutput:00000000 PWR_EnableLPMRVoltageOutput
     /tmp/ccfMwLzE.s:1138   .text.PWR_EnableLPMRVoltageOutput:00000034 $d
     /tmp/ccfMwLzE.s:1143   .text.PWR_EnableOPTC_LPMode:00000000 $t
     /tmp/ccfMwLzE.s:1149   .text.PWR_EnableOPTC_LPMode:00000000 PWR_EnableOPTC_LPMode
     /tmp/ccfMwLzE.s:1274   .text.PWR_EnableOPTC_LPMode:0000009c $d
     /tmp/ccfMwLzE.s:1279   .text.PWR_EnableTCMPiece:00000000 $t
     /tmp/ccfMwLzE.s:1285   .text.PWR_EnableTCMPiece:00000000 PWR_EnableTCMPiece
     /tmp/ccfMwLzE.s:1493   .text.PWR_EnableTCMPiece:00000110 $d
     /tmp/ccfMwLzE.s:1501   .text.PWR_TCMModeSelInSTOP2:00000000 $t
     /tmp/ccfMwLzE.s:1507   .text.PWR_TCMModeSelInSTOP2:00000000 PWR_TCMModeSelInSTOP2
     /tmp/ccfMwLzE.s:1657   .text.PWR_TCMModeSelInSTOP2:000000bc $d
     /tmp/ccfMwLzE.s:1665   .text.PWR_SystemMemoryModeSelInSTOP2:00000000 $t
     /tmp/ccfMwLzE.s:1671   .text.PWR_SystemMemoryModeSelInSTOP2:00000000 PWR_SystemMemoryModeSelInSTOP2
ARM GAS  /tmp/ccfMwLzE.s 			page 108


     /tmp/ccfMwLzE.s:1747   .text.PWR_SystemMemoryModeSelInSTOP2:00000050 $d
     /tmp/ccfMwLzE.s:1752   .text.PWR_SystemMemoryModeSelInSTOP0:00000000 $t
     /tmp/ccfMwLzE.s:1758   .text.PWR_SystemMemoryModeSelInSTOP0:00000000 PWR_SystemMemoryModeSelInSTOP0
     /tmp/ccfMwLzE.s:1812   .text.PWR_SystemMemoryModeSelInSTOP0:00000034 $d
     /tmp/ccfMwLzE.s:1817   .text.PWR_EnableSystemMemory:00000000 $t
     /tmp/ccfMwLzE.s:1823   .text.PWR_EnableSystemMemory:00000000 PWR_EnableSystemMemory
     /tmp/ccfMwLzE.s:1899   .text.PWR_EnableSystemMemory:00000054 $d
     /tmp/ccfMwLzE.s:1904   .text.PWR_HSC1_HSC2_GRAPHIC_DomainEnable:00000000 $t
     /tmp/ccfMwLzE.s:1909   .text.PWR_HSC1_HSC2_GRAPHIC_DomainEnable:00000000 PWR_HSC1_HSC2_GRAPHIC_DomainEnable
     /tmp/ccfMwLzE.s:2084   .text.PWR_HSC1_HSC2_GRAPHIC_DomainEnable:000000ec $d
     /tmp/ccfMwLzE.s:2089   .text.PWR_ESC_DomainEnable:00000000 $t
     /tmp/ccfMwLzE.s:2094   .text.PWR_ESC_DomainEnable:00000000 PWR_ESC_DomainEnable
     /tmp/ccfMwLzE.s:2209   .text.PWR_ESC_DomainEnable:000000ac $d
     /tmp/ccfMwLzE.s:2214   .text.PWR_MDMA_DomainEnable:00000000 $t
     /tmp/ccfMwLzE.s:2220   .text.PWR_MDMA_DomainEnable:00000000 PWR_MDMA_DomainEnable
     /tmp/ccfMwLzE.s:2335   .text.PWR_MDMA_DomainEnable:000000ac $d
     /tmp/ccfMwLzE.s:2340   .text.PWR_SHRTIM_DomainEnable:00000000 $t
     /tmp/ccfMwLzE.s:2346   .text.PWR_SHRTIM_DomainEnable:00000000 PWR_SHRTIM_DomainEnable
     /tmp/ccfMwLzE.s:2660   .text.PWR_SHRTIM_DomainEnable:000001e4 $d
     /tmp/ccfMwLzE.s:2665   .text.PWR_MoudlePowerEnable:00000000 $t
     /tmp/ccfMwLzE.s:2671   .text.PWR_MoudlePowerEnable:00000000 PWR_MoudlePowerEnable
     /tmp/ccfMwLzE.s:3111   .text.PWR_MoudlePowerEnable:0000025c $d
     /tmp/ccfMwLzE.s:3116   .text.PWR_EnableBKPSRAMRetainInStandbyMode:00000000 $t
     /tmp/ccfMwLzE.s:3122   .text.PWR_EnableBKPSRAMRetainInStandbyMode:00000000 PWR_EnableBKPSRAMRetainInStandbyMode
     /tmp/ccfMwLzE.s:3194   .text.PWR_EnableBKPSRAMRetainInStandbyMode:0000004c $d
     /tmp/ccfMwLzE.s:3199   .text.PWR_EnableBKPSRAMRetainInVbatMode:00000000 $t
     /tmp/ccfMwLzE.s:3205   .text.PWR_EnableBKPSRAMRetainInVbatMode:00000000 PWR_EnableBKPSRAMRetainInVbatMode
     /tmp/ccfMwLzE.s:3274   .text.PWR_EnableBKPSRAMRetainInVbatMode:00000048 $d
     /tmp/ccfMwLzE.s:3280   .text.PWR_WakeUpPinEnable:00000000 $t
     /tmp/ccfMwLzE.s:3286   .text.PWR_WakeUpPinEnable:00000000 PWR_WakeUpPinEnable
     /tmp/ccfMwLzE.s:3360   .text.PWR_WakeUpPinEnable:0000004c $d
     /tmp/ccfMwLzE.s:3366   .text.PWR_WakeUpPinPolarity:00000000 $t
     /tmp/ccfMwLzE.s:3372   .text.PWR_WakeUpPinPolarity:00000000 PWR_WakeUpPinPolarity
     /tmp/ccfMwLzE.s:3446   .text.PWR_WakeUpPinPolarity:0000004c $d
     /tmp/ccfMwLzE.s:3452   .text.PWR_GetFlagStatus:00000000 $t
     /tmp/ccfMwLzE.s:3458   .text.PWR_GetFlagStatus:00000000 PWR_GetFlagStatus
     /tmp/ccfMwLzE.s:3524   .text.PWR_GetFlagStatus:0000003c $d
     /tmp/ccfMwLzE.s:3530   .text.PWR_GetSystemFlagStatus:00000000 $t
     /tmp/ccfMwLzE.s:3536   .text.PWR_GetSystemFlagStatus:00000000 PWR_GetSystemFlagStatus
     /tmp/ccfMwLzE.s:3591   .text.PWR_GetSystemFlagStatus:0000002c $d
     /tmp/ccfMwLzE.s:3596   .text.PWR_ClearFlag:00000000 $t
     /tmp/ccfMwLzE.s:3602   .text.PWR_ClearFlag:00000000 PWR_ClearFlag
     /tmp/ccfMwLzE.s:3656   .text.PWR_ClearFlag:00000030 $d
     /tmp/ccfMwLzE.s:3662   .text.PWR_WakeUpRTCEnable:00000000 $t
     /tmp/ccfMwLzE.s:3668   .text.PWR_WakeUpRTCEnable:00000000 PWR_WakeUpRTCEnable
     /tmp/ccfMwLzE.s:3737   .text.PWR_WakeUpRTCEnable:00000048 $d
     /tmp/ccfMwLzE.s:3743   .text.PWR_WakeUpNRSTEnable:00000000 $t
     /tmp/ccfMwLzE.s:3749   .text.PWR_WakeUpNRSTEnable:00000000 PWR_WakeUpNRSTEnable
     /tmp/ccfMwLzE.s:3818   .text.PWR_WakeUpNRSTEnable:00000048 $d
     /tmp/ccfMwLzE.s:3824   .text.PWR_EnterSLEEPMode:00000000 $t
     /tmp/ccfMwLzE.s:3830   .text.PWR_EnterSLEEPMode:00000000 PWR_EnterSLEEPMode
     /tmp/ccfMwLzE.s:3949   .text.PWR_EnterSLEEPMode:0000007c $d
     /tmp/ccfMwLzE.s:3956   .text.PWR_EnterSTOP0Mode:00000000 $t
     /tmp/ccfMwLzE.s:3962   .text.PWR_EnterSTOP0Mode:00000000 PWR_EnterSTOP0Mode
     /tmp/ccfMwLzE.s:4072   .text.PWR_EnterSTOP0Mode:00000070 $d
     /tmp/ccfMwLzE.s:4081   .text.PWR_EnterSTOP2Mode:00000000 $t
     /tmp/ccfMwLzE.s:4087   .text.PWR_EnterSTOP2Mode:00000000 PWR_EnterSTOP2Mode
ARM GAS  /tmp/ccfMwLzE.s 			page 109


     /tmp/ccfMwLzE.s:4197   .text.PWR_EnterSTOP2Mode:00000070 $d
     /tmp/ccfMwLzE.s:4206   .text.PWR_EnterSTANDBYMode:00000000 $t
     /tmp/ccfMwLzE.s:4212   .text.PWR_EnterSTANDBYMode:00000000 PWR_EnterSTANDBYMode
     /tmp/ccfMwLzE.s:4305   .text.PWR_EnterSTANDBYMode:00000068 $d

UNDEFINED SYMBOLS
RCC_EnableAHB5PeriphReset2
Get_CurrentCPU
