ARM GAS  /tmp/ccqjtRa8.s 			page 1


   1              		.cpu cortex-m4
   2              		.arch armv7e-m
   3              		.fpu softvfp
   4              		.eabi_attribute 20, 1
   5              		.eabi_attribute 21, 1
   6              		.eabi_attribute 23, 3
   7              		.eabi_attribute 24, 1
   8              		.eabi_attribute 25, 1
   9              		.eabi_attribute 26, 1
  10              		.eabi_attribute 30, 6
  11              		.eabi_attribute 34, 1
  12              		.eabi_attribute 18, 4
  13              		.file	"n32h7xx_xspi_v2.c"
  14              		.text
  15              	.Ltext0:
  16              		.cfi_sections	.debug_frame
  17              		.file 1 "../../../firmware/n32h7xx_std_periph_driver/src/n32h7xx_xspi_v2.c"
  18              		.section	.text.XSPI_DeInit,"ax",%progbits
  19              		.align	1
  20              		.global	XSPI_DeInit
  21              		.syntax unified
  22              		.thumb
  23              		.thumb_func
  25              	XSPI_DeInit:
  26              	.LFB135:
   1:../../../firmware/n32h7xx_std_periph_driver/src/n32h7xx_xspi_v2.c **** /**
   2:../../../firmware/n32h7xx_std_periph_driver/src/n32h7xx_xspi_v2.c **** *     Copyright (c) 2025, Nations Technologies Inc.
   3:../../../firmware/n32h7xx_std_periph_driver/src/n32h7xx_xspi_v2.c **** *
   4:../../../firmware/n32h7xx_std_periph_driver/src/n32h7xx_xspi_v2.c **** *     All rights reserved.
   5:../../../firmware/n32h7xx_std_periph_driver/src/n32h7xx_xspi_v2.c **** *
   6:../../../firmware/n32h7xx_std_periph_driver/src/n32h7xx_xspi_v2.c **** *     This software is the exclusive property of Nations Technologies Inc. (Hereinafter
   7:../../../firmware/n32h7xx_std_periph_driver/src/n32h7xx_xspi_v2.c **** * referred to as NATIONS). This software, and the product of NATIONS described herein
   8:../../../firmware/n32h7xx_std_periph_driver/src/n32h7xx_xspi_v2.c **** * (Hereinafter referred to as the Product) are owned by NATIONS under the laws and treaties
   9:../../../firmware/n32h7xx_std_periph_driver/src/n32h7xx_xspi_v2.c **** * of the People's Republic of China and other applicable jurisdictions worldwide.
  10:../../../firmware/n32h7xx_std_periph_driver/src/n32h7xx_xspi_v2.c **** *
  11:../../../firmware/n32h7xx_std_periph_driver/src/n32h7xx_xspi_v2.c **** *     NATIONS does not grant any license under its patents, copyrights, trademarks, or other
  12:../../../firmware/n32h7xx_std_periph_driver/src/n32h7xx_xspi_v2.c **** * intellectual property rights. Names and brands of third party may be mentioned or referred
  13:../../../firmware/n32h7xx_std_periph_driver/src/n32h7xx_xspi_v2.c **** * thereto (if any) for identification purposes only.
  14:../../../firmware/n32h7xx_std_periph_driver/src/n32h7xx_xspi_v2.c **** *
  15:../../../firmware/n32h7xx_std_periph_driver/src/n32h7xx_xspi_v2.c **** *     NATIONS reserves the right to make changes, corrections, enhancements, modifications, and
  16:../../../firmware/n32h7xx_std_periph_driver/src/n32h7xx_xspi_v2.c **** * improvements to this software at any time without notice. Please contact NATIONS and obtain
  17:../../../firmware/n32h7xx_std_periph_driver/src/n32h7xx_xspi_v2.c **** * the latest version of this software before placing orders.
  18:../../../firmware/n32h7xx_std_periph_driver/src/n32h7xx_xspi_v2.c **** 
  19:../../../firmware/n32h7xx_std_periph_driver/src/n32h7xx_xspi_v2.c **** *     Although NATIONS has attempted to provide accurate and reliable information, NATIONS assumes
  20:../../../firmware/n32h7xx_std_periph_driver/src/n32h7xx_xspi_v2.c **** * no responsibility for the accuracy and reliability of this software.
  21:../../../firmware/n32h7xx_std_periph_driver/src/n32h7xx_xspi_v2.c **** *
  22:../../../firmware/n32h7xx_std_periph_driver/src/n32h7xx_xspi_v2.c **** *     It is the responsibility of the user of this software to properly design, program, and test
  23:../../../firmware/n32h7xx_std_periph_driver/src/n32h7xx_xspi_v2.c **** * the functionality and safety of any application made of this information and any resulting produc
  24:../../../firmware/n32h7xx_std_periph_driver/src/n32h7xx_xspi_v2.c **** * In no event sl NATIONS be liable for any direct, indirect, incidental, special,exemplary, or
  25:../../../firmware/n32h7xx_std_periph_driver/src/n32h7xx_xspi_v2.c **** * consequential damages arising in any way out of the use of this software or the Product.
  26:../../../firmware/n32h7xx_std_periph_driver/src/n32h7xx_xspi_v2.c **** *
  27:../../../firmware/n32h7xx_std_periph_driver/src/n32h7xx_xspi_v2.c **** *     NATIONS Products are neither intended nor warranted for usage in systems or equipment, any
  28:../../../firmware/n32h7xx_std_periph_driver/src/n32h7xx_xspi_v2.c **** * malfunction or failure of which may cause loss of human life, bodily injury or severe property
  29:../../../firmware/n32h7xx_std_periph_driver/src/n32h7xx_xspi_v2.c **** * damage. Such applications are deemed, "Insecure Usage".
  30:../../../firmware/n32h7xx_std_periph_driver/src/n32h7xx_xspi_v2.c **** *
  31:../../../firmware/n32h7xx_std_periph_driver/src/n32h7xx_xspi_v2.c **** *     All Insecure Usage sl be made at user's risk. User sl indemnify NATIONS and hold NATIONS
  32:../../../firmware/n32h7xx_std_periph_driver/src/n32h7xx_xspi_v2.c **** * harmless from and against all claims, costs, damages, and other liabilities, arising from or rela
ARM GAS  /tmp/ccqjtRa8.s 			page 2


  33:../../../firmware/n32h7xx_std_periph_driver/src/n32h7xx_xspi_v2.c **** * to any customer's Insecure Usage.
  34:../../../firmware/n32h7xx_std_periph_driver/src/n32h7xx_xspi_v2.c **** 
  35:../../../firmware/n32h7xx_std_periph_driver/src/n32h7xx_xspi_v2.c **** *     Any express or implied warranty with regard to this software or the Product, including,but no
  36:../../../firmware/n32h7xx_std_periph_driver/src/n32h7xx_xspi_v2.c **** * limited to, the warranties of merchantability, fitness for a particular purpose and non-infringem
  37:../../../firmware/n32h7xx_std_periph_driver/src/n32h7xx_xspi_v2.c **** * are disclaimed to the fullest extent permitted by law.
  38:../../../firmware/n32h7xx_std_periph_driver/src/n32h7xx_xspi_v2.c **** 
  39:../../../firmware/n32h7xx_std_periph_driver/src/n32h7xx_xspi_v2.c **** *     Unless otherwise explicitly permitted by NATIONS, anyone may not duplicate, modify, transcrib
  40:../../../firmware/n32h7xx_std_periph_driver/src/n32h7xx_xspi_v2.c **** * or otherwise distribute this software for any purposes, in whole or in part.
  41:../../../firmware/n32h7xx_std_periph_driver/src/n32h7xx_xspi_v2.c **** *
  42:../../../firmware/n32h7xx_std_periph_driver/src/n32h7xx_xspi_v2.c **** *     NATIONS products and technologies sl not be used for or incorporated into any products or sys
  43:../../../firmware/n32h7xx_std_periph_driver/src/n32h7xx_xspi_v2.c **** * whose manufacture, use, or sale is prohibited under any applicable domestic or foreign laws or re
  44:../../../firmware/n32h7xx_std_periph_driver/src/n32h7xx_xspi_v2.c **** * User sl comply with any applicable export control laws and regulations promulgated and administer
  45:../../../firmware/n32h7xx_std_periph_driver/src/n32h7xx_xspi_v2.c **** * the governments of any countries asserting jurisdiction over the parties or transactions.
  46:../../../firmware/n32h7xx_std_periph_driver/src/n32h7xx_xspi_v2.c **** **/
  47:../../../firmware/n32h7xx_std_periph_driver/src/n32h7xx_xspi_v2.c **** 
  48:../../../firmware/n32h7xx_std_periph_driver/src/n32h7xx_xspi_v2.c **** /**
  49:../../../firmware/n32h7xx_std_periph_driver/src/n32h7xx_xspi_v2.c **** *\*\file n32h7xx_xspi_v2.c
  50:../../../firmware/n32h7xx_std_periph_driver/src/n32h7xx_xspi_v2.c **** *\*\author Nations
  51:../../../firmware/n32h7xx_std_periph_driver/src/n32h7xx_xspi_v2.c **** *\*\version v1.0.0
  52:../../../firmware/n32h7xx_std_periph_driver/src/n32h7xx_xspi_v2.c **** *\*\copyright Copyright (c) 2025, Nations Technologies Inc. All rights reserved.
  53:../../../firmware/n32h7xx_std_periph_driver/src/n32h7xx_xspi_v2.c **** **/
  54:../../../firmware/n32h7xx_std_periph_driver/src/n32h7xx_xspi_v2.c **** #include "n32h7xx_xspi_v2.h"
  55:../../../firmware/n32h7xx_std_periph_driver/src/n32h7xx_xspi_v2.c **** #include "n32h7xx_rcc.h"
  56:../../../firmware/n32h7xx_std_periph_driver/src/n32h7xx_xspi_v2.c **** 
  57:../../../firmware/n32h7xx_std_periph_driver/src/n32h7xx_xspi_v2.c **** /** N32H7xx StdPeriph_Driver **/
  58:../../../firmware/n32h7xx_std_periph_driver/src/n32h7xx_xspi_v2.c **** 
  59:../../../firmware/n32h7xx_std_periph_driver/src/n32h7xx_xspi_v2.c **** #define XSPI_CTRL0_MASK          ((uint32_t)(XSPI_V2_CTRL0_MST | XSPI_V2_CTRL0_SPIFRF | XSPI_V2_CTR
  60:../../../firmware/n32h7xx_std_periph_driver/src/n32h7xx_xspi_v2.c **** #define XSPI_RX_DELAY_MASK       ((uint32_t)(XSPI_V2_RX_DELAY_SES | XSPI_V2_RX_DELAY_SDCN))
  61:../../../firmware/n32h7xx_std_periph_driver/src/n32h7xx_xspi_v2.c **** 
  62:../../../firmware/n32h7xx_std_periph_driver/src/n32h7xx_xspi_v2.c **** #define XSPI_ENH_CTRL0_BASE_MASK ((uint32_t)(XSPI_V2_ENH_CTRL0_CLKSTREN | XSPI_V2_ENH_CTRL0_WAITCYC
  63:../../../firmware/n32h7xx_std_periph_driver/src/n32h7xx_xspi_v2.c **** 
  64:../../../firmware/n32h7xx_std_periph_driver/src/n32h7xx_xspi_v2.c **** #define XSPI_ENH_CTRL0_DDR_MASK  ((uint32_t)(XSPI_V2_ENH_CTRL0_SPIDMEN | XSPI_V2_ENH_CTRL0_SPIRXDSE
  65:../../../firmware/n32h7xx_std_periph_driver/src/n32h7xx_xspi_v2.c **** 
  66:../../../firmware/n32h7xx_std_periph_driver/src/n32h7xx_xspi_v2.c **** #define XSPI_XIP_CTRL_BASE_MASK  ((uint32_t)(XSPI_V2_XIP_CTRL_XIPPREEN | XSPI_V2_XIP_CTRL_XIPMBL | 
  67:../../../firmware/n32h7xx_std_periph_driver/src/n32h7xx_xspi_v2.c ****                                              XSPI_V2_XIP_CTRL_XIPINSTEN | XSPI_V2_XIP_CTRL_DFSHC | 
  68:../../../firmware/n32h7xx_std_periph_driver/src/n32h7xx_xspi_v2.c ****                                              XSPI_V2_XIP_CTRL_ADDRL | XSPI_V2_XIP_CTRL_TRANSTYPE | 
  69:../../../firmware/n32h7xx_std_periph_driver/src/n32h7xx_xspi_v2.c **** 
  70:../../../firmware/n32h7xx_std_periph_driver/src/n32h7xx_xspi_v2.c **** #define XSPI_XIP_CTRL_DDR_MASK   ((uint32_t)(XSPI_V2_XIP_CTRL_RXDSEN | XSPI_V2_XIP_CTRL_WRINDDREN |
  71:../../../firmware/n32h7xx_std_periph_driver/src/n32h7xx_xspi_v2.c **** 
  72:../../../firmware/n32h7xx_std_periph_driver/src/n32h7xx_xspi_v2.c **** #define XSPI_XIP_WRITE_CTRL_MASK ((uint32_t)(XSPI_V2_XIP_WRITE_CTRL_XIPWRWCY | XSPI_V2_XIP_WRITE_CT
  73:../../../firmware/n32h7xx_std_periph_driver/src/n32h7xx_xspi_v2.c ****                                              XSPI_V2_XIP_WRITE_CTRL_WRSPIDDREN | XSPI_V2_XIP_WRITE_
  74:../../../firmware/n32h7xx_std_periph_driver/src/n32h7xx_xspi_v2.c **** 
  75:../../../firmware/n32h7xx_std_periph_driver/src/n32h7xx_xspi_v2.c **** 
  76:../../../firmware/n32h7xx_std_periph_driver/src/n32h7xx_xspi_v2.c **** /**
  77:../../../firmware/n32h7xx_std_periph_driver/src/n32h7xx_xspi_v2.c **** *\*\name    XSPI_DeInit.
  78:../../../firmware/n32h7xx_std_periph_driver/src/n32h7xx_xspi_v2.c **** *\*\fun     Deinitializes the XSPI peripheral registers to its default reset values.
  79:../../../firmware/n32h7xx_std_periph_driver/src/n32h7xx_xspi_v2.c **** *\*\return  none
  80:../../../firmware/n32h7xx_std_periph_driver/src/n32h7xx_xspi_v2.c **** **/
  81:../../../firmware/n32h7xx_std_periph_driver/src/n32h7xx_xspi_v2.c **** void XSPI_DeInit(void)
  82:../../../firmware/n32h7xx_std_periph_driver/src/n32h7xx_xspi_v2.c **** {
  27              		.loc 1 82 1
  28              		.cfi_startproc
  29              		@ args = 0, pretend = 0, frame = 0
  30              		@ frame_needed = 1, uses_anonymous_args = 0
  31 0000 80B5     		push	{r7, lr}
  32              	.LCFI0:
  33              		.cfi_def_cfa_offset 8
ARM GAS  /tmp/ccqjtRa8.s 			page 3


  34              		.cfi_offset 7, -8
  35              		.cfi_offset 14, -4
  36 0002 00AF     		add	r7, sp, #0
  37              	.LCFI1:
  38              		.cfi_def_cfa_register 7
  83:../../../firmware/n32h7xx_std_periph_driver/src/n32h7xx_xspi_v2.c ****     RCC_EnableAXIPeriphReset4(RCC_AXI_PERIPHEN_M7_XSPI2|RCC_AXI_PERIPHEN_M4_XSPI2);
  39              		.loc 1 83 5
  40 0004 4FF04060 		mov	r0, #201326592
  41 0008 FFF7FEFF 		bl	RCC_EnableAXIPeriphReset4
  84:../../../firmware/n32h7xx_std_periph_driver/src/n32h7xx_xspi_v2.c ****     RCC_EnableAXIPeriphReset4(RCC_AXI_PERIPHEN_M7_XSPI2LP | RCC_AXI_PERIPHEN_M4_XSPI2LP);
  42              		.loc 1 84 5
  43 000c 4FF04070 		mov	r0, #50331648
  44 0010 FFF7FEFF 		bl	RCC_EnableAXIPeriphReset4
  85:../../../firmware/n32h7xx_std_periph_driver/src/n32h7xx_xspi_v2.c **** }
  45              		.loc 1 85 1
  46 0014 00BF     		nop
  47 0016 80BD     		pop	{r7, pc}
  48              		.cfi_endproc
  49              	.LFE135:
  51              		.section	.text.XSPI_InitBase,"ax",%progbits
  52              		.align	1
  53              		.global	XSPI_InitBase
  54              		.syntax unified
  55              		.thumb
  56              		.thumb_func
  58              	XSPI_InitBase:
  59              	.LFB136:
  86:../../../firmware/n32h7xx_std_periph_driver/src/n32h7xx_xspi_v2.c **** 
  87:../../../firmware/n32h7xx_std_periph_driver/src/n32h7xx_xspi_v2.c **** /**
  88:../../../firmware/n32h7xx_std_periph_driver/src/n32h7xx_xspi_v2.c **** *\*\name    XSPI_InitBase.
  89:../../../firmware/n32h7xx_std_periph_driver/src/n32h7xx_xspi_v2.c **** *\*\fun     Initilizes the Standard SPI Master mode or Slave mode.
  90:../../../firmware/n32h7xx_std_periph_driver/src/n32h7xx_xspi_v2.c **** *\*\param   SCPH: 
  91:../../../firmware/n32h7xx_std_periph_driver/src/n32h7xx_xspi_v2.c **** *\*\          - XSPI_SCPH_FIRST_EDGE
  92:../../../firmware/n32h7xx_std_periph_driver/src/n32h7xx_xspi_v2.c **** *\*\          - XSPI_SCPH_SECOND_EDGE
  93:../../../firmware/n32h7xx_std_periph_driver/src/n32h7xx_xspi_v2.c **** *\*\param   SCPOL: 
  94:../../../firmware/n32h7xx_std_periph_driver/src/n32h7xx_xspi_v2.c **** *\*\          - XSPI_SCPOL_LOW_LEVEL
  95:../../../firmware/n32h7xx_std_periph_driver/src/n32h7xx_xspi_v2.c **** *\*\          - XSPI_SCPOL_HIGH_LEVEL
  96:../../../firmware/n32h7xx_std_periph_driver/src/n32h7xx_xspi_v2.c **** *\*\param   FrameFormat: 
  97:../../../firmware/n32h7xx_std_periph_driver/src/n32h7xx_xspi_v2.c **** *\*\          - XSPI_STANDARD_MODE   
  98:../../../firmware/n32h7xx_std_periph_driver/src/n32h7xx_xspi_v2.c **** *\*\          - XSPI_DUAL_LINE_MODE  Note: Only Slave mode can used
  99:../../../firmware/n32h7xx_std_periph_driver/src/n32h7xx_xspi_v2.c **** *\*\          - XSPI_QUAD_LINE_MODE  Note: Only Slave mode can used
 100:../../../firmware/n32h7xx_std_periph_driver/src/n32h7xx_xspi_v2.c **** *\*\          - XSPI_OCTAL_LINE_MODE Note: Only Slave mode can used
 101:../../../firmware/n32h7xx_std_periph_driver/src/n32h7xx_xspi_v2.c **** *\*\param   DataFrameSize: 
 102:../../../firmware/n32h7xx_std_periph_driver/src/n32h7xx_xspi_v2.c **** *\*\          - XSPI_FRAME_SIZE_4_BIT
 103:../../../firmware/n32h7xx_std_periph_driver/src/n32h7xx_xspi_v2.c **** *\*\          - XSPI_FRAME_SIZE_5_BIT
 104:../../../firmware/n32h7xx_std_periph_driver/src/n32h7xx_xspi_v2.c **** *\*\          - XSPI_FRAME_SIZE_6_BIT
 105:../../../firmware/n32h7xx_std_periph_driver/src/n32h7xx_xspi_v2.c **** *\*\          - XSPI_FRAME_SIZE_7_BIT
 106:../../../firmware/n32h7xx_std_periph_driver/src/n32h7xx_xspi_v2.c **** *\*\          - XSPI_FRAME_SIZE_8_BIT
 107:../../../firmware/n32h7xx_std_periph_driver/src/n32h7xx_xspi_v2.c **** *\*\          - XSPI_FRAME_SIZE_9_BIT
 108:../../../firmware/n32h7xx_std_periph_driver/src/n32h7xx_xspi_v2.c **** *\*\          - XSPI_FRAME_SIZE_10_BIT
 109:../../../firmware/n32h7xx_std_periph_driver/src/n32h7xx_xspi_v2.c **** *\*\          - XSPI_FRAME_SIZE_11_BIT
 110:../../../firmware/n32h7xx_std_periph_driver/src/n32h7xx_xspi_v2.c **** *\*\          - XSPI_FRAME_SIZE_12_BIT
 111:../../../firmware/n32h7xx_std_periph_driver/src/n32h7xx_xspi_v2.c **** *\*\          - XSPI_FRAME_SIZE_13_BIT
 112:../../../firmware/n32h7xx_std_periph_driver/src/n32h7xx_xspi_v2.c **** *\*\          - XSPI_FRAME_SIZE_14_BIT
 113:../../../firmware/n32h7xx_std_periph_driver/src/n32h7xx_xspi_v2.c **** *\*\          - XSPI_FRAME_SIZE_15_BIT
 114:../../../firmware/n32h7xx_std_periph_driver/src/n32h7xx_xspi_v2.c **** *\*\          - XSPI_FRAME_SIZE_16_BIT
 115:../../../firmware/n32h7xx_std_periph_driver/src/n32h7xx_xspi_v2.c **** *\*\          - XSPI_FRAME_SIZE_17_BIT
ARM GAS  /tmp/ccqjtRa8.s 			page 4


 116:../../../firmware/n32h7xx_std_periph_driver/src/n32h7xx_xspi_v2.c **** *\*\          - XSPI_FRAME_SIZE_18_BIT
 117:../../../firmware/n32h7xx_std_periph_driver/src/n32h7xx_xspi_v2.c **** *\*\          - XSPI_FRAME_SIZE_19_BIT
 118:../../../firmware/n32h7xx_std_periph_driver/src/n32h7xx_xspi_v2.c **** *\*\          - XSPI_FRAME_SIZE_20_BIT
 119:../../../firmware/n32h7xx_std_periph_driver/src/n32h7xx_xspi_v2.c **** *\*\          - XSPI_FRAME_SIZE_21_BIT
 120:../../../firmware/n32h7xx_std_periph_driver/src/n32h7xx_xspi_v2.c **** *\*\          - XSPI_FRAME_SIZE_22_BIT
 121:../../../firmware/n32h7xx_std_periph_driver/src/n32h7xx_xspi_v2.c **** *\*\          - XSPI_FRAME_SIZE_23_BIT
 122:../../../firmware/n32h7xx_std_periph_driver/src/n32h7xx_xspi_v2.c **** *\*\          - XSPI_FRAME_SIZE_24_BIT
 123:../../../firmware/n32h7xx_std_periph_driver/src/n32h7xx_xspi_v2.c **** *\*\          - XSPI_FRAME_SIZE_25_BIT
 124:../../../firmware/n32h7xx_std_periph_driver/src/n32h7xx_xspi_v2.c **** *\*\          - XSPI_FRAME_SIZE_26_BIT
 125:../../../firmware/n32h7xx_std_periph_driver/src/n32h7xx_xspi_v2.c **** *\*\          - XSPI_FRAME_SIZE_27_BIT
 126:../../../firmware/n32h7xx_std_periph_driver/src/n32h7xx_xspi_v2.c **** *\*\          - XSPI_FRAME_SIZE_28_BIT
 127:../../../firmware/n32h7xx_std_periph_driver/src/n32h7xx_xspi_v2.c **** *\*\          - XSPI_FRAME_SIZE_29_BIT
 128:../../../firmware/n32h7xx_std_periph_driver/src/n32h7xx_xspi_v2.c **** *\*\          - XSPI_FRAME_SIZE_30_BIT
 129:../../../firmware/n32h7xx_std_periph_driver/src/n32h7xx_xspi_v2.c **** *\*\          - XSPI_FRAME_SIZE_31_BIT
 130:../../../firmware/n32h7xx_std_periph_driver/src/n32h7xx_xspi_v2.c **** *\*\          - XSPI_FRAME_SIZE_32_BIT
 131:../../../firmware/n32h7xx_std_periph_driver/src/n32h7xx_xspi_v2.c **** *\*\param   TransferMode: 
 132:../../../firmware/n32h7xx_std_periph_driver/src/n32h7xx_xspi_v2.c **** *\*\          - XSPI_TX_AND_RX_MODE
 133:../../../firmware/n32h7xx_std_periph_driver/src/n32h7xx_xspi_v2.c **** *\*\          - XSPI_TX_ONLY_MODE
 134:../../../firmware/n32h7xx_std_periph_driver/src/n32h7xx_xspi_v2.c **** *\*\          - XSPI_RX_ONLY_MODE
 135:../../../firmware/n32h7xx_std_periph_driver/src/n32h7xx_xspi_v2.c **** *\*\          - XSPI_EEPROM_READ_MODE
 136:../../../firmware/n32h7xx_std_periph_driver/src/n32h7xx_xspi_v2.c **** *\*\param   Role: 
 137:../../../firmware/n32h7xx_std_periph_driver/src/n32h7xx_xspi_v2.c **** *\*\          - XSPI_SLAVE_ROLE
 138:../../../firmware/n32h7xx_std_periph_driver/src/n32h7xx_xspi_v2.c **** *\*\          - XSPI_MASTER_ROLE
 139:../../../firmware/n32h7xx_std_periph_driver/src/n32h7xx_xspi_v2.c **** *\*\param   Baudr: 
 140:../../../firmware/n32h7xx_std_periph_driver/src/n32h7xx_xspi_v2.c **** *\*\          - Any even number between 2 and 65534
 141:../../../firmware/n32h7xx_std_periph_driver/src/n32h7xx_xspi_v2.c **** *\*\param   RxdSamplingEdge: 
 142:../../../firmware/n32h7xx_std_periph_driver/src/n32h7xx_xspi_v2.c **** *\*\          - XSPI_RXD_HCLK_RISING_SAMPLING
 143:../../../firmware/n32h7xx_std_periph_driver/src/n32h7xx_xspi_v2.c **** *\*\          - XSPI_RXD_HCLK_FALLING_SAMPLING
 144:../../../firmware/n32h7xx_std_periph_driver/src/n32h7xx_xspi_v2.c **** *\*\param   RxdSampleDelay: 
 145:../../../firmware/n32h7xx_std_periph_driver/src/n32h7xx_xspi_v2.c **** *\*\          - Valid values 0 ~ 255, measured in HCLK
 146:../../../firmware/n32h7xx_std_periph_driver/src/n32h7xx_xspi_v2.c **** *\*\param   NssToggle: 
 147:../../../firmware/n32h7xx_std_periph_driver/src/n32h7xx_xspi_v2.c **** *\*\          - XSPI_NSS_TOGGLE_DISABLE
 148:../../../firmware/n32h7xx_std_periph_driver/src/n32h7xx_xspi_v2.c **** *\*\          - XSPI_NSS_TOGGLE_ENABLE
 149:../../../firmware/n32h7xx_std_periph_driver/src/n32h7xx_xspi_v2.c **** *\*\param   EnhSlave_ClockStrech: 
 150:../../../firmware/n32h7xx_std_periph_driver/src/n32h7xx_xspi_v2.c **** *\*\          - XSPI_CLOCK_STRETCH_DISABLE
 151:../../../firmware/n32h7xx_std_periph_driver/src/n32h7xx_xspi_v2.c **** *\*\          - XSPI_CLOCK_STRETCH_ENABLE
 152:../../../firmware/n32h7xx_std_periph_driver/src/n32h7xx_xspi_v2.c **** *\*\return  none
 153:../../../firmware/n32h7xx_std_periph_driver/src/n32h7xx_xspi_v2.c **** **/
 154:../../../firmware/n32h7xx_std_periph_driver/src/n32h7xx_xspi_v2.c **** void XSPI_InitBase(XSPI_Module *xSPIx, XSPI_InitType* XSPI_StandInitStruct)
 155:../../../firmware/n32h7xx_std_periph_driver/src/n32h7xx_xspi_v2.c **** {
  60              		.loc 1 155 1
  61              		.cfi_startproc
  62              		@ args = 0, pretend = 0, frame = 16
  63              		@ frame_needed = 1, uses_anonymous_args = 0
  64              		@ link register save eliminated.
  65 0000 80B4     		push	{r7}
  66              	.LCFI2:
  67              		.cfi_def_cfa_offset 4
  68              		.cfi_offset 7, -4
  69 0002 85B0     		sub	sp, sp, #20
  70              	.LCFI3:
  71              		.cfi_def_cfa_offset 24
  72 0004 00AF     		add	r7, sp, #0
  73              	.LCFI4:
  74              		.cfi_def_cfa_register 7
  75 0006 7860     		str	r0, [r7, #4]
  76 0008 3960     		str	r1, [r7]
ARM GAS  /tmp/ccqjtRa8.s 			page 5


 156:../../../firmware/n32h7xx_std_periph_driver/src/n32h7xx_xspi_v2.c ****     uint32_t tmpregister = 0;
  77              		.loc 1 156 14
  78 000a 0023     		movs	r3, #0
  79 000c FB60     		str	r3, [r7, #12]
 157:../../../firmware/n32h7xx_std_periph_driver/src/n32h7xx_xspi_v2.c **** 
 158:../../../firmware/n32h7xx_std_periph_driver/src/n32h7xx_xspi_v2.c ****     /*---------------------------- XSPI CTRL0 Configuration ------------------------*/
 159:../../../firmware/n32h7xx_std_periph_driver/src/n32h7xx_xspi_v2.c ****     /* Get the XSPI CTRL0 value */
 160:../../../firmware/n32h7xx_std_periph_driver/src/n32h7xx_xspi_v2.c ****     tmpregister = xSPIx->CTRL0;
  80              		.loc 1 160 17
  81 000e 7B68     		ldr	r3, [r7, #4]
  82 0010 1B68     		ldr	r3, [r3]
  83 0012 FB60     		str	r3, [r7, #12]
 161:../../../firmware/n32h7xx_std_periph_driver/src/n32h7xx_xspi_v2.c **** 
 162:../../../firmware/n32h7xx_std_periph_driver/src/n32h7xx_xspi_v2.c ****     /* Clear Control bit */
 163:../../../firmware/n32h7xx_std_periph_driver/src/n32h7xx_xspi_v2.c ****     tmpregister &= ~XSPI_CTRL0_MASK;
  84              		.loc 1 163 17
  85 0014 FA68     		ldr	r2, [r7, #12]
  86 0016 2C4B     		ldr	r3, .L7
  87 0018 1340     		ands	r3, r3, r2
  88 001a FB60     		str	r3, [r7, #12]
 164:../../../firmware/n32h7xx_std_periph_driver/src/n32h7xx_xspi_v2.c **** 
 165:../../../firmware/n32h7xx_std_periph_driver/src/n32h7xx_xspi_v2.c ****     /* Configure: Data Frame Size 
 166:../../../firmware/n32h7xx_std_periph_driver/src/n32h7xx_xspi_v2.c ****      * Configure: Serial Clock Phase
 167:../../../firmware/n32h7xx_std_periph_driver/src/n32h7xx_xspi_v2.c ****      * Configure: Serial Clock Polarity
 168:../../../firmware/n32h7xx_std_periph_driver/src/n32h7xx_xspi_v2.c ****      * Configure: Transfer Mode
 169:../../../firmware/n32h7xx_std_periph_driver/src/n32h7xx_xspi_v2.c ****      * Configure: Master or Slave mode 
 170:../../../firmware/n32h7xx_std_periph_driver/src/n32h7xx_xspi_v2.c ****      */
 171:../../../firmware/n32h7xx_std_periph_driver/src/n32h7xx_xspi_v2.c ****     tmpregister |= ((uint32_t)(XSPI_StandInitStruct->DataFrameSize | XSPI_StandInitStruct->SCPH 
  89              		.loc 1 171 52
  90 001c 3B68     		ldr	r3, [r7]
  91 001e DA68     		ldr	r2, [r3, #12]
  92              		.loc 1 171 90
  93 0020 3B68     		ldr	r3, [r7]
  94 0022 1B68     		ldr	r3, [r3]
  95              		.loc 1 171 68
  96 0024 1A43     		orrs	r2, r2, r3
 172:../../../firmware/n32h7xx_std_periph_driver/src/n32h7xx_xspi_v2.c ****                      | XSPI_StandInitStruct->SCPOL | XSPI_StandInitStruct->TransferMode
  97              		.loc 1 172 44
  98 0026 3B68     		ldr	r3, [r7]
  99 0028 5B68     		ldr	r3, [r3, #4]
 100              		.loc 1 172 22
 101 002a 1A43     		orrs	r2, r2, r3
 102              		.loc 1 172 74
 103 002c 3B68     		ldr	r3, [r7]
 104 002e 1B69     		ldr	r3, [r3, #16]
 105              		.loc 1 172 52
 106 0030 1A43     		orrs	r2, r2, r3
 173:../../../firmware/n32h7xx_std_periph_driver/src/n32h7xx_xspi_v2.c ****                      | XSPI_StandInitStruct->Role | XSPI_StandInitStruct->FrameFormat));
 107              		.loc 1 173 44
 108 0032 3B68     		ldr	r3, [r7]
 109 0034 5B69     		ldr	r3, [r3, #20]
 110              		.loc 1 173 22
 111 0036 1A43     		orrs	r2, r2, r3
 112              		.loc 1 173 73
 113 0038 3B68     		ldr	r3, [r7]
 114 003a 9B68     		ldr	r3, [r3, #8]
 115              		.loc 1 173 51
ARM GAS  /tmp/ccqjtRa8.s 			page 6


 116 003c 1343     		orrs	r3, r3, r2
 171:../../../firmware/n32h7xx_std_periph_driver/src/n32h7xx_xspi_v2.c ****                      | XSPI_StandInitStruct->SCPOL | XSPI_StandInitStruct->TransferMode
 117              		.loc 1 171 17
 118 003e FA68     		ldr	r2, [r7, #12]
 119 0040 1343     		orrs	r3, r3, r2
 120 0042 FB60     		str	r3, [r7, #12]
 174:../../../firmware/n32h7xx_std_periph_driver/src/n32h7xx_xspi_v2.c ****                      
 175:../../../firmware/n32h7xx_std_periph_driver/src/n32h7xx_xspi_v2.c ****     /* Configure: Slave Select Toggle Enable */
 176:../../../firmware/n32h7xx_std_periph_driver/src/n32h7xx_xspi_v2.c ****     if (XSPI_StandInitStruct->SCPH == XSPI_SCPH_FIRST_EDGE)
 121              		.loc 1 176 29
 122 0044 3B68     		ldr	r3, [r7]
 123 0046 1B68     		ldr	r3, [r3]
 124              		.loc 1 176 8
 125 0048 002B     		cmp	r3, #0
 126 004a 04D1     		bne	.L3
 177:../../../firmware/n32h7xx_std_periph_driver/src/n32h7xx_xspi_v2.c ****     {
 178:../../../firmware/n32h7xx_std_periph_driver/src/n32h7xx_xspi_v2.c ****         tmpregister |= XSPI_StandInitStruct->NssToggle;
 127              		.loc 1 178 44
 128 004c 3B68     		ldr	r3, [r7]
 129 004e 5B6A     		ldr	r3, [r3, #36]
 130              		.loc 1 178 21
 131 0050 FA68     		ldr	r2, [r7, #12]
 132 0052 1343     		orrs	r3, r3, r2
 133 0054 FB60     		str	r3, [r7, #12]
 134              	.L3:
 179:../../../firmware/n32h7xx_std_periph_driver/src/n32h7xx_xspi_v2.c ****     }
 180:../../../firmware/n32h7xx_std_periph_driver/src/n32h7xx_xspi_v2.c ****     else
 181:../../../firmware/n32h7xx_std_periph_driver/src/n32h7xx_xspi_v2.c ****     {
 182:../../../firmware/n32h7xx_std_periph_driver/src/n32h7xx_xspi_v2.c ****         /* No Process */
 183:../../../firmware/n32h7xx_std_periph_driver/src/n32h7xx_xspi_v2.c ****     }
 184:../../../firmware/n32h7xx_std_periph_driver/src/n32h7xx_xspi_v2.c **** 
 185:../../../firmware/n32h7xx_std_periph_driver/src/n32h7xx_xspi_v2.c ****     /* Write to XSPI CTRL0 */
 186:../../../firmware/n32h7xx_std_periph_driver/src/n32h7xx_xspi_v2.c ****     xSPIx->CTRL0 = tmpregister;
 135              		.loc 1 186 18
 136 0056 7B68     		ldr	r3, [r7, #4]
 137 0058 FA68     		ldr	r2, [r7, #12]
 138 005a 1A60     		str	r2, [r3]
 187:../../../firmware/n32h7xx_std_periph_driver/src/n32h7xx_xspi_v2.c **** 
 188:../../../firmware/n32h7xx_std_periph_driver/src/n32h7xx_xspi_v2.c ****     /* Set the XSPI BAUD value */ 
 189:../../../firmware/n32h7xx_std_periph_driver/src/n32h7xx_xspi_v2.c ****     xSPIx->BAUD = ((uint32_t)((XSPI_StandInitStruct->Baudr / 2U) << 1U));
 139              		.loc 1 189 52
 140 005c 3B68     		ldr	r3, [r7]
 141 005e 9B69     		ldr	r3, [r3, #24]
 142              		.loc 1 189 60
 143 0060 5B08     		lsrs	r3, r3, #1
 144              		.loc 1 189 20
 145 0062 5A00     		lsls	r2, r3, #1
 146              		.loc 1 189 17
 147 0064 7B68     		ldr	r3, [r7, #4]
 148 0066 5A61     		str	r2, [r3, #20]
 190:../../../firmware/n32h7xx_std_periph_driver/src/n32h7xx_xspi_v2.c **** 
 191:../../../firmware/n32h7xx_std_periph_driver/src/n32h7xx_xspi_v2.c ****     if ((XSPI_StandInitStruct->Role == XSPI_MASTER_ROLE) && (XSPI_StandInitStruct->TransferMode != 
 149              		.loc 1 191 30
 150 0068 3B68     		ldr	r3, [r7]
 151 006a 5B69     		ldr	r3, [r3, #20]
 152              		.loc 1 191 8
 153 006c B3F1004F 		cmp	r3, #-2147483648
ARM GAS  /tmp/ccqjtRa8.s 			page 7


 154 0070 0DD1     		bne	.L4
 155              		.loc 1 191 82 discriminator 1
 156 0072 3B68     		ldr	r3, [r7]
 157 0074 1B69     		ldr	r3, [r3, #16]
 158              		.loc 1 191 58 discriminator 1
 159 0076 B3F5806F 		cmp	r3, #1024
 160 007a 08D0     		beq	.L4
 192:../../../firmware/n32h7xx_std_periph_driver/src/n32h7xx_xspi_v2.c ****     {
 193:../../../firmware/n32h7xx_std_periph_driver/src/n32h7xx_xspi_v2.c ****         /* Configure: Receive Data (rxd) Sampling Edge
 194:../../../firmware/n32h7xx_std_periph_driver/src/n32h7xx_xspi_v2.c ****          * Configure: Receive Data (rxd) Sample Delay
 195:../../../firmware/n32h7xx_std_periph_driver/src/n32h7xx_xspi_v2.c ****          */
 196:../../../firmware/n32h7xx_std_periph_driver/src/n32h7xx_xspi_v2.c ****         xSPIx->RX_DELAY = ((uint32_t)(XSPI_StandInitStruct->RxdSamplingEdge | (XSPI_StandInitStruct
 161              		.loc 1 196 59
 162 007c 3B68     		ldr	r3, [r7]
 163 007e DA69     		ldr	r2, [r3, #28]
 164              		.loc 1 196 100
 165 0080 3B68     		ldr	r3, [r7]
 166 0082 1B6A     		ldr	r3, [r3, #32]
 167              		.loc 1 196 117
 168 0084 DBB2     		uxtb	r3, r3
 169              		.loc 1 196 28
 170 0086 1A43     		orrs	r2, r2, r3
 171              		.loc 1 196 25
 172 0088 7B68     		ldr	r3, [r7, #4]
 173 008a C3F8F020 		str	r2, [r3, #240]
 174              	.L4:
 197:../../../firmware/n32h7xx_std_periph_driver/src/n32h7xx_xspi_v2.c ****     }
 198:../../../firmware/n32h7xx_std_periph_driver/src/n32h7xx_xspi_v2.c ****     else
 199:../../../firmware/n32h7xx_std_periph_driver/src/n32h7xx_xspi_v2.c ****     {
 200:../../../firmware/n32h7xx_std_periph_driver/src/n32h7xx_xspi_v2.c ****          /* No Process */
 201:../../../firmware/n32h7xx_std_periph_driver/src/n32h7xx_xspi_v2.c ****     }
 202:../../../firmware/n32h7xx_std_periph_driver/src/n32h7xx_xspi_v2.c **** 
 203:../../../firmware/n32h7xx_std_periph_driver/src/n32h7xx_xspi_v2.c **** 
 204:../../../firmware/n32h7xx_std_periph_driver/src/n32h7xx_xspi_v2.c ****     /* Configure: Both Instruction and Address will be sent in the mode specified by multi-channel
 205:../../../firmware/n32h7xx_std_periph_driver/src/n32h7xx_xspi_v2.c ****      * Configure: clock stretching capability
 206:../../../firmware/n32h7xx_std_periph_driver/src/n32h7xx_xspi_v2.c ****      */
 207:../../../firmware/n32h7xx_std_periph_driver/src/n32h7xx_xspi_v2.c ****     if (XSPI_StandInitStruct->FrameFormat != XSPI_STANDARD_MODE)
 175              		.loc 1 207 29
 176 008e 3B68     		ldr	r3, [r7]
 177 0090 9B68     		ldr	r3, [r3, #8]
 178              		.loc 1 207 8
 179 0092 002B     		cmp	r3, #0
 180 0094 12D0     		beq	.L6
 208:../../../firmware/n32h7xx_std_periph_driver/src/n32h7xx_xspi_v2.c ****     {
 209:../../../firmware/n32h7xx_std_periph_driver/src/n32h7xx_xspi_v2.c ****         /* Configure: Enhanced Slave */
 210:../../../firmware/n32h7xx_std_periph_driver/src/n32h7xx_xspi_v2.c ****         /* Get the XSPI ENH_CTRL0 value */
 211:../../../firmware/n32h7xx_std_periph_driver/src/n32h7xx_xspi_v2.c ****         tmpregister = xSPIx->ENH_CTRL0;
 181              		.loc 1 211 21
 182 0096 7B68     		ldr	r3, [r7, #4]
 183 0098 D3F8F430 		ldr	r3, [r3, #244]
 184 009c FB60     		str	r3, [r7, #12]
 212:../../../firmware/n32h7xx_std_periph_driver/src/n32h7xx_xspi_v2.c **** 
 213:../../../firmware/n32h7xx_std_periph_driver/src/n32h7xx_xspi_v2.c ****         /* Clear Control bit */
 214:../../../firmware/n32h7xx_std_periph_driver/src/n32h7xx_xspi_v2.c ****         tmpregister &= ~(XSPI_ENH_CTRL0_BASE_MASK | XSPI_ENH_CTRL0_DDR_MASK);
 185              		.loc 1 214 21
 186 009e FA68     		ldr	r2, [r7, #12]
 187 00a0 0A4B     		ldr	r3, .L7+4
ARM GAS  /tmp/ccqjtRa8.s 			page 8


 188 00a2 1340     		ands	r3, r3, r2
 189 00a4 FB60     		str	r3, [r7, #12]
 215:../../../firmware/n32h7xx_std_periph_driver/src/n32h7xx_xspi_v2.c ****         
 216:../../../firmware/n32h7xx_std_periph_driver/src/n32h7xx_xspi_v2.c ****         tmpregister |= ((uint32_t)(XSPI_StandInitStruct->EnhSlave_ClockStrech | XSPI_V2_ENH_CTRL0_T
 190              		.loc 1 216 56
 191 00a6 3B68     		ldr	r3, [r7]
 192 00a8 9A6A     		ldr	r2, [r3, #40]
 193              		.loc 1 216 21
 194 00aa FB68     		ldr	r3, [r7, #12]
 195 00ac 1343     		orrs	r3, r3, r2
 196 00ae 43F00303 		orr	r3, r3, #3
 197 00b2 FB60     		str	r3, [r7, #12]
 217:../../../firmware/n32h7xx_std_periph_driver/src/n32h7xx_xspi_v2.c ****         
 218:../../../firmware/n32h7xx_std_periph_driver/src/n32h7xx_xspi_v2.c ****         /* Write to XSPI ENH_CTRL0 */
 219:../../../firmware/n32h7xx_std_periph_driver/src/n32h7xx_xspi_v2.c ****         xSPIx->ENH_CTRL0 = tmpregister;
 198              		.loc 1 219 26
 199 00b4 7B68     		ldr	r3, [r7, #4]
 200 00b6 FA68     		ldr	r2, [r7, #12]
 201 00b8 C3F8F420 		str	r2, [r3, #244]
 202              	.L6:
 220:../../../firmware/n32h7xx_std_periph_driver/src/n32h7xx_xspi_v2.c ****     }
 221:../../../firmware/n32h7xx_std_periph_driver/src/n32h7xx_xspi_v2.c ****     else
 222:../../../firmware/n32h7xx_std_periph_driver/src/n32h7xx_xspi_v2.c ****     {
 223:../../../firmware/n32h7xx_std_periph_driver/src/n32h7xx_xspi_v2.c ****          /* No Process */
 224:../../../firmware/n32h7xx_std_periph_driver/src/n32h7xx_xspi_v2.c ****     }
 225:../../../firmware/n32h7xx_std_periph_driver/src/n32h7xx_xspi_v2.c **** }
 203              		.loc 1 225 1
 204 00bc 00BF     		nop
 205 00be 1437     		adds	r7, r7, #20
 206              	.LCFI5:
 207              		.cfi_def_cfa_offset 4
 208 00c0 BD46     		mov	sp, r7
 209              	.LCFI6:
 210              		.cfi_def_cfa_register 13
 211              		@ sp needed
 212 00c2 80BC     		pop	{r7}
 213              	.LCFI7:
 214              		.cfi_restore 7
 215              		.cfi_def_cfa_offset 0
 216 00c4 7047     		bx	lr
 217              	.L8:
 218 00c6 00BF     		.align	2
 219              	.L7:
 220 00c8 E0B03F7F 		.word	2134880480
 221 00cc C004F8BE 		.word	-1091042112
 222              		.cfi_endproc
 223              	.LFE136:
 225              		.section	.text.XSPI_StructBaseInit,"ax",%progbits
 226              		.align	1
 227              		.global	XSPI_StructBaseInit
 228              		.syntax unified
 229              		.thumb
 230              		.thumb_func
 232              	XSPI_StructBaseInit:
 233              	.LFB137:
 226:../../../firmware/n32h7xx_std_periph_driver/src/n32h7xx_xspi_v2.c **** 
 227:../../../firmware/n32h7xx_std_periph_driver/src/n32h7xx_xspi_v2.c **** /**
ARM GAS  /tmp/ccqjtRa8.s 			page 9


 228:../../../firmware/n32h7xx_std_periph_driver/src/n32h7xx_xspi_v2.c **** *\*\name    XSPI_StructBaseInit.
 229:../../../firmware/n32h7xx_std_periph_driver/src/n32h7xx_xspi_v2.c **** *\*\fun     Fills each XSPI_InitType member with its default value.
 230:../../../firmware/n32h7xx_std_periph_driver/src/n32h7xx_xspi_v2.c **** *\*\param   XSPI_InitType (The input parameters must be the following values):
 231:../../../firmware/n32h7xx_std_periph_driver/src/n32h7xx_xspi_v2.c **** *\*\          - SCPH
 232:../../../firmware/n32h7xx_std_periph_driver/src/n32h7xx_xspi_v2.c **** *\*\          - SCPOL
 233:../../../firmware/n32h7xx_std_periph_driver/src/n32h7xx_xspi_v2.c **** *\*\          - FrameFormat
 234:../../../firmware/n32h7xx_std_periph_driver/src/n32h7xx_xspi_v2.c **** *\*\          - DataFrameSize
 235:../../../firmware/n32h7xx_std_periph_driver/src/n32h7xx_xspi_v2.c **** *\*\          - TransferMode
 236:../../../firmware/n32h7xx_std_periph_driver/src/n32h7xx_xspi_v2.c **** *\*\          - Role
 237:../../../firmware/n32h7xx_std_periph_driver/src/n32h7xx_xspi_v2.c **** *\*\          - Baudr
 238:../../../firmware/n32h7xx_std_periph_driver/src/n32h7xx_xspi_v2.c **** *\*\          - RxdSamplingEdge
 239:../../../firmware/n32h7xx_std_periph_driver/src/n32h7xx_xspi_v2.c **** *\*\          - RxdSampleDelay
 240:../../../firmware/n32h7xx_std_periph_driver/src/n32h7xx_xspi_v2.c **** *\*\          - NssToggle
 241:../../../firmware/n32h7xx_std_periph_driver/src/n32h7xx_xspi_v2.c **** *\*\          - EnhSlave_ClockStrech
 242:../../../firmware/n32h7xx_std_periph_driver/src/n32h7xx_xspi_v2.c **** *\*\return  none
 243:../../../firmware/n32h7xx_std_periph_driver/src/n32h7xx_xspi_v2.c **** **/
 244:../../../firmware/n32h7xx_std_periph_driver/src/n32h7xx_xspi_v2.c **** void XSPI_StructBaseInit(XSPI_InitType* XSPI_StandInitStruct)
 245:../../../firmware/n32h7xx_std_periph_driver/src/n32h7xx_xspi_v2.c **** {
 234              		.loc 1 245 1
 235              		.cfi_startproc
 236              		@ args = 0, pretend = 0, frame = 8
 237              		@ frame_needed = 1, uses_anonymous_args = 0
 238              		@ link register save eliminated.
 239 0000 80B4     		push	{r7}
 240              	.LCFI8:
 241              		.cfi_def_cfa_offset 4
 242              		.cfi_offset 7, -4
 243 0002 83B0     		sub	sp, sp, #12
 244              	.LCFI9:
 245              		.cfi_def_cfa_offset 16
 246 0004 00AF     		add	r7, sp, #0
 247              	.LCFI10:
 248              		.cfi_def_cfa_register 7
 249 0006 7860     		str	r0, [r7, #4]
 246:../../../firmware/n32h7xx_std_periph_driver/src/n32h7xx_xspi_v2.c ****     XSPI_StandInitStruct->SCPH                 = XSPI_SCPH_FIRST_EDGE;
 250              		.loc 1 246 48
 251 0008 7B68     		ldr	r3, [r7, #4]
 252 000a 0022     		movs	r2, #0
 253 000c 1A60     		str	r2, [r3]
 247:../../../firmware/n32h7xx_std_periph_driver/src/n32h7xx_xspi_v2.c ****     XSPI_StandInitStruct->SCPOL                = XSPI_SCPOL_LOW_LEVEL;
 254              		.loc 1 247 48
 255 000e 7B68     		ldr	r3, [r7, #4]
 256 0010 0022     		movs	r2, #0
 257 0012 5A60     		str	r2, [r3, #4]
 248:../../../firmware/n32h7xx_std_periph_driver/src/n32h7xx_xspi_v2.c ****     XSPI_StandInitStruct->FrameFormat          = XSPI_STANDARD_MODE;
 258              		.loc 1 248 48
 259 0014 7B68     		ldr	r3, [r7, #4]
 260 0016 0022     		movs	r2, #0
 261 0018 9A60     		str	r2, [r3, #8]
 249:../../../firmware/n32h7xx_std_periph_driver/src/n32h7xx_xspi_v2.c ****     XSPI_StandInitStruct->DataFrameSize        = XSPI_FRAME_SIZE_8_BIT;
 262              		.loc 1 249 48
 263 001a 7B68     		ldr	r3, [r7, #4]
 264 001c 0722     		movs	r2, #7
 265 001e DA60     		str	r2, [r3, #12]
 250:../../../firmware/n32h7xx_std_periph_driver/src/n32h7xx_xspi_v2.c ****     XSPI_StandInitStruct->TransferMode         = XSPI_TX_AND_RX_MODE;
 266              		.loc 1 250 48
 267 0020 7B68     		ldr	r3, [r7, #4]
ARM GAS  /tmp/ccqjtRa8.s 			page 10


 268 0022 0022     		movs	r2, #0
 269 0024 1A61     		str	r2, [r3, #16]
 251:../../../firmware/n32h7xx_std_periph_driver/src/n32h7xx_xspi_v2.c ****     XSPI_StandInitStruct->Role                 = XSPI_MASTER_ROLE;
 270              		.loc 1 251 48
 271 0026 7B68     		ldr	r3, [r7, #4]
 272 0028 4FF00042 		mov	r2, #-2147483648
 273 002c 5A61     		str	r2, [r3, #20]
 252:../../../firmware/n32h7xx_std_periph_driver/src/n32h7xx_xspi_v2.c ****     XSPI_StandInitStruct->Baudr                = 0U;
 274              		.loc 1 252 48
 275 002e 7B68     		ldr	r3, [r7, #4]
 276 0030 0022     		movs	r2, #0
 277 0032 9A61     		str	r2, [r3, #24]
 253:../../../firmware/n32h7xx_std_periph_driver/src/n32h7xx_xspi_v2.c ****     XSPI_StandInitStruct->RxdSamplingEdge      = XSPI_RXD_HCLK_RISING_SAMPLING;
 278              		.loc 1 253 48
 279 0034 7B68     		ldr	r3, [r7, #4]
 280 0036 0022     		movs	r2, #0
 281 0038 DA61     		str	r2, [r3, #28]
 254:../../../firmware/n32h7xx_std_periph_driver/src/n32h7xx_xspi_v2.c ****     XSPI_StandInitStruct->RxdSampleDelay       = 0U;
 282              		.loc 1 254 48
 283 003a 7B68     		ldr	r3, [r7, #4]
 284 003c 0022     		movs	r2, #0
 285 003e 1A62     		str	r2, [r3, #32]
 255:../../../firmware/n32h7xx_std_periph_driver/src/n32h7xx_xspi_v2.c ****     
 256:../../../firmware/n32h7xx_std_periph_driver/src/n32h7xx_xspi_v2.c ****     XSPI_StandInitStruct->NssToggle            = XSPI_NSS_TOGGLE_DISABLE;
 286              		.loc 1 256 48
 287 0040 7B68     		ldr	r3, [r7, #4]
 288 0042 0022     		movs	r2, #0
 289 0044 5A62     		str	r2, [r3, #36]
 257:../../../firmware/n32h7xx_std_periph_driver/src/n32h7xx_xspi_v2.c ****     XSPI_StandInitStruct->EnhSlave_ClockStrech = XSPI_CLOCK_STRETCH_DISABLE;
 290              		.loc 1 257 48
 291 0046 7B68     		ldr	r3, [r7, #4]
 292 0048 0022     		movs	r2, #0
 293 004a 9A62     		str	r2, [r3, #40]
 258:../../../firmware/n32h7xx_std_periph_driver/src/n32h7xx_xspi_v2.c **** }
 294              		.loc 1 258 1
 295 004c 00BF     		nop
 296 004e 0C37     		adds	r7, r7, #12
 297              	.LCFI11:
 298              		.cfi_def_cfa_offset 4
 299 0050 BD46     		mov	sp, r7
 300              	.LCFI12:
 301              		.cfi_def_cfa_register 13
 302              		@ sp needed
 303 0052 80BC     		pop	{r7}
 304              	.LCFI13:
 305              		.cfi_restore 7
 306              		.cfi_def_cfa_offset 0
 307 0054 7047     		bx	lr
 308              		.cfi_endproc
 309              	.LFE137:
 311              		.section	.text.XSPI_InitEnhanced,"ax",%progbits
 312              		.align	1
 313              		.global	XSPI_InitEnhanced
 314              		.syntax unified
 315              		.thumb
 316              		.thumb_func
 318              	XSPI_InitEnhanced:
ARM GAS  /tmp/ccqjtRa8.s 			page 11


 319              	.LFB138:
 259:../../../firmware/n32h7xx_std_periph_driver/src/n32h7xx_xspi_v2.c **** 
 260:../../../firmware/n32h7xx_std_periph_driver/src/n32h7xx_xspi_v2.c **** 
 261:../../../firmware/n32h7xx_std_periph_driver/src/n32h7xx_xspi_v2.c **** /**
 262:../../../firmware/n32h7xx_std_periph_driver/src/n32h7xx_xspi_v2.c **** *\*\name    XSPI_InitEnhanced.
 263:../../../firmware/n32h7xx_std_periph_driver/src/n32h7xx_xspi_v2.c **** *\*\fun     Initilizes the enhanced SPI mode.
 264:../../../firmware/n32h7xx_std_periph_driver/src/n32h7xx_xspi_v2.c **** *\*\param   SCPH: 
 265:../../../firmware/n32h7xx_std_periph_driver/src/n32h7xx_xspi_v2.c **** *\*\          - XSPI_SCPH_FIRST_EDGE
 266:../../../firmware/n32h7xx_std_periph_driver/src/n32h7xx_xspi_v2.c **** *\*\          - XSPI_SCPH_SECOND_EDGE
 267:../../../firmware/n32h7xx_std_periph_driver/src/n32h7xx_xspi_v2.c **** *\*\param   SCPOL: 
 268:../../../firmware/n32h7xx_std_periph_driver/src/n32h7xx_xspi_v2.c **** *\*\          - XSPI_SCPOL_LOW_LEVEL
 269:../../../firmware/n32h7xx_std_periph_driver/src/n32h7xx_xspi_v2.c **** *\*\          - XSPI_SCPOL_HIGH_LEVEL
 270:../../../firmware/n32h7xx_std_periph_driver/src/n32h7xx_xspi_v2.c **** *\*\param   FrameFormat: 
 271:../../../firmware/n32h7xx_std_periph_driver/src/n32h7xx_xspi_v2.c **** *\*\          - XSPI_DUAL_LINE_MODE  
 272:../../../firmware/n32h7xx_std_periph_driver/src/n32h7xx_xspi_v2.c **** *\*\          - XSPI_QUAD_LINE_MODE 
 273:../../../firmware/n32h7xx_std_periph_driver/src/n32h7xx_xspi_v2.c **** *\*\          - XSPI_OCTAL_LINE_MODE 
 274:../../../firmware/n32h7xx_std_periph_driver/src/n32h7xx_xspi_v2.c **** *\*\param   DataFrameSize: 
 275:../../../firmware/n32h7xx_std_periph_driver/src/n32h7xx_xspi_v2.c **** *\*\          - XSPI_FRAME_SIZE_4_BIT
 276:../../../firmware/n32h7xx_std_periph_driver/src/n32h7xx_xspi_v2.c **** *\*\          - XSPI_FRAME_SIZE_5_BIT
 277:../../../firmware/n32h7xx_std_periph_driver/src/n32h7xx_xspi_v2.c **** *\*\          - XSPI_FRAME_SIZE_6_BIT
 278:../../../firmware/n32h7xx_std_periph_driver/src/n32h7xx_xspi_v2.c **** *\*\          - XSPI_FRAME_SIZE_7_BIT
 279:../../../firmware/n32h7xx_std_periph_driver/src/n32h7xx_xspi_v2.c **** *\*\          - XSPI_FRAME_SIZE_8_BIT
 280:../../../firmware/n32h7xx_std_periph_driver/src/n32h7xx_xspi_v2.c **** *\*\          - XSPI_FRAME_SIZE_9_BIT
 281:../../../firmware/n32h7xx_std_periph_driver/src/n32h7xx_xspi_v2.c **** *\*\          - XSPI_FRAME_SIZE_10_BIT
 282:../../../firmware/n32h7xx_std_periph_driver/src/n32h7xx_xspi_v2.c **** *\*\          - XSPI_FRAME_SIZE_11_BIT
 283:../../../firmware/n32h7xx_std_periph_driver/src/n32h7xx_xspi_v2.c **** *\*\          - XSPI_FRAME_SIZE_12_BIT
 284:../../../firmware/n32h7xx_std_periph_driver/src/n32h7xx_xspi_v2.c **** *\*\          - XSPI_FRAME_SIZE_13_BIT
 285:../../../firmware/n32h7xx_std_periph_driver/src/n32h7xx_xspi_v2.c **** *\*\          - XSPI_FRAME_SIZE_14_BIT
 286:../../../firmware/n32h7xx_std_periph_driver/src/n32h7xx_xspi_v2.c **** *\*\          - XSPI_FRAME_SIZE_15_BIT
 287:../../../firmware/n32h7xx_std_periph_driver/src/n32h7xx_xspi_v2.c **** *\*\          - XSPI_FRAME_SIZE_16_BIT
 288:../../../firmware/n32h7xx_std_periph_driver/src/n32h7xx_xspi_v2.c **** *\*\          - XSPI_FRAME_SIZE_17_BIT
 289:../../../firmware/n32h7xx_std_periph_driver/src/n32h7xx_xspi_v2.c **** *\*\          - XSPI_FRAME_SIZE_18_BIT
 290:../../../firmware/n32h7xx_std_periph_driver/src/n32h7xx_xspi_v2.c **** *\*\          - XSPI_FRAME_SIZE_19_BIT
 291:../../../firmware/n32h7xx_std_periph_driver/src/n32h7xx_xspi_v2.c **** *\*\          - XSPI_FRAME_SIZE_20_BIT
 292:../../../firmware/n32h7xx_std_periph_driver/src/n32h7xx_xspi_v2.c **** *\*\          - XSPI_FRAME_SIZE_21_BIT
 293:../../../firmware/n32h7xx_std_periph_driver/src/n32h7xx_xspi_v2.c **** *\*\          - XSPI_FRAME_SIZE_22_BIT
 294:../../../firmware/n32h7xx_std_periph_driver/src/n32h7xx_xspi_v2.c **** *\*\          - XSPI_FRAME_SIZE_23_BIT
 295:../../../firmware/n32h7xx_std_periph_driver/src/n32h7xx_xspi_v2.c **** *\*\          - XSPI_FRAME_SIZE_24_BIT
 296:../../../firmware/n32h7xx_std_periph_driver/src/n32h7xx_xspi_v2.c **** *\*\          - XSPI_FRAME_SIZE_25_BIT
 297:../../../firmware/n32h7xx_std_periph_driver/src/n32h7xx_xspi_v2.c **** *\*\          - XSPI_FRAME_SIZE_26_BIT
 298:../../../firmware/n32h7xx_std_periph_driver/src/n32h7xx_xspi_v2.c **** *\*\          - XSPI_FRAME_SIZE_27_BIT
 299:../../../firmware/n32h7xx_std_periph_driver/src/n32h7xx_xspi_v2.c **** *\*\          - XSPI_FRAME_SIZE_28_BIT
 300:../../../firmware/n32h7xx_std_periph_driver/src/n32h7xx_xspi_v2.c **** *\*\          - XSPI_FRAME_SIZE_29_BIT
 301:../../../firmware/n32h7xx_std_periph_driver/src/n32h7xx_xspi_v2.c **** *\*\          - XSPI_FRAME_SIZE_30_BIT
 302:../../../firmware/n32h7xx_std_periph_driver/src/n32h7xx_xspi_v2.c **** *\*\          - XSPI_FRAME_SIZE_31_BIT
 303:../../../firmware/n32h7xx_std_periph_driver/src/n32h7xx_xspi_v2.c **** *\*\          - XSPI_FRAME_SIZE_32_BIT
 304:../../../firmware/n32h7xx_std_periph_driver/src/n32h7xx_xspi_v2.c **** *\*\param   TransferMode: 
 305:../../../firmware/n32h7xx_std_periph_driver/src/n32h7xx_xspi_v2.c **** *\*\          - XSPI_TX_ONLY_MODE
 306:../../../firmware/n32h7xx_std_periph_driver/src/n32h7xx_xspi_v2.c **** *\*\          - XSPI_RX_ONLY_MODE
 307:../../../firmware/n32h7xx_std_periph_driver/src/n32h7xx_xspi_v2.c **** *\*\param   Baudr: 
 308:../../../firmware/n32h7xx_std_periph_driver/src/n32h7xx_xspi_v2.c **** *\*\          - Any even number between 2 and 65534
 309:../../../firmware/n32h7xx_std_periph_driver/src/n32h7xx_xspi_v2.c **** *\*\param   RxdSamplingEdge:   
 310:../../../firmware/n32h7xx_std_periph_driver/src/n32h7xx_xspi_v2.c **** *\*\          - XSPI_RXD_HCLK_RISING_SAMPLING
 311:../../../firmware/n32h7xx_std_periph_driver/src/n32h7xx_xspi_v2.c **** *\*\          - XSPI_RXD_HCLK_FALLING_SAMPLING
 312:../../../firmware/n32h7xx_std_periph_driver/src/n32h7xx_xspi_v2.c **** *\*\          Note: no need to worry about it in DDR mode
 313:../../../firmware/n32h7xx_std_periph_driver/src/n32h7xx_xspi_v2.c **** *\*\param   RxdSampleDelay: 
 314:../../../firmware/n32h7xx_std_periph_driver/src/n32h7xx_xspi_v2.c **** *\*\          - Valid values 0 ~ 255, measured in HCLK
ARM GAS  /tmp/ccqjtRa8.s 			page 12


 315:../../../firmware/n32h7xx_std_periph_driver/src/n32h7xx_xspi_v2.c **** *\*\          Note: no need to worry about it in DDR mode
 316:../../../firmware/n32h7xx_std_periph_driver/src/n32h7xx_xspi_v2.c **** *\*\param   TransferType: 
 317:../../../firmware/n32h7xx_std_periph_driver/src/n32h7xx_xspi_v2.c **** *\*\          - XSPI_INST_ADDR_SINGLE_LINE
 318:../../../firmware/n32h7xx_std_periph_driver/src/n32h7xx_xspi_v2.c **** *\*\          - XSPI_INST_SINGLE_LINE_ADDR_MULTI_LINE
 319:../../../firmware/n32h7xx_std_periph_driver/src/n32h7xx_xspi_v2.c **** *\*\          - XSPI_INST_ADDR_MULTI_LINE
 320:../../../firmware/n32h7xx_std_periph_driver/src/n32h7xx_xspi_v2.c **** *\*\param   AddrLen: 
 321:../../../firmware/n32h7xx_std_periph_driver/src/n32h7xx_xspi_v2.c **** *\*\          - XSPI_NO_ADDR_PHASE
 322:../../../firmware/n32h7xx_std_periph_driver/src/n32h7xx_xspi_v2.c **** *\*\          - XSPI_ADDR_LEN_4BIT
 323:../../../firmware/n32h7xx_std_periph_driver/src/n32h7xx_xspi_v2.c **** *\*\          - XSPI_ADDR_LEN_8BIT
 324:../../../firmware/n32h7xx_std_periph_driver/src/n32h7xx_xspi_v2.c **** *\*\          - XSPI_ADDR_LEN_12BIT
 325:../../../firmware/n32h7xx_std_periph_driver/src/n32h7xx_xspi_v2.c **** *\*\          - XSPI_ADDR_LEN_16BIT
 326:../../../firmware/n32h7xx_std_periph_driver/src/n32h7xx_xspi_v2.c **** *\*\          - XSPI_ADDR_LEN_20BIT
 327:../../../firmware/n32h7xx_std_periph_driver/src/n32h7xx_xspi_v2.c **** *\*\          - XSPI_ADDR_LEN_24BIT
 328:../../../firmware/n32h7xx_std_periph_driver/src/n32h7xx_xspi_v2.c **** *\*\          - XSPI_ADDR_LEN_28BIT
 329:../../../firmware/n32h7xx_std_periph_driver/src/n32h7xx_xspi_v2.c **** *\*\          - XSPI_ADDR_LEN_32BIT
 330:../../../firmware/n32h7xx_std_periph_driver/src/n32h7xx_xspi_v2.c **** *\*\          - XSPI_ADDR_LEN_36BIT
 331:../../../firmware/n32h7xx_std_periph_driver/src/n32h7xx_xspi_v2.c **** *\*\          - XSPI_ADDR_LEN_40BIT
 332:../../../firmware/n32h7xx_std_periph_driver/src/n32h7xx_xspi_v2.c **** *\*\          - XSPI_ADDR_LEN_44BIT
 333:../../../firmware/n32h7xx_std_periph_driver/src/n32h7xx_xspi_v2.c **** *\*\          - XSPI_ADDR_LEN_48BIT
 334:../../../firmware/n32h7xx_std_periph_driver/src/n32h7xx_xspi_v2.c **** *\*\          - XSPI_ADDR_LEN_52BIT
 335:../../../firmware/n32h7xx_std_periph_driver/src/n32h7xx_xspi_v2.c **** *\*\          - XSPI_ADDR_LEN_56BIT
 336:../../../firmware/n32h7xx_std_periph_driver/src/n32h7xx_xspi_v2.c **** *\*\          - XSPI_ADDR_LEN_60BIT
 337:../../../firmware/n32h7xx_std_periph_driver/src/n32h7xx_xspi_v2.c **** *\*\param   InstructLen: 
 338:../../../firmware/n32h7xx_std_periph_driver/src/n32h7xx_xspi_v2.c **** *\*\          - XSPI_NO_INST_PHASE
 339:../../../firmware/n32h7xx_std_periph_driver/src/n32h7xx_xspi_v2.c **** *\*\          - XSPI_INST_LEN_4BIT
 340:../../../firmware/n32h7xx_std_periph_driver/src/n32h7xx_xspi_v2.c **** *\*\          - XSPI_INST_LEN_8BIT
 341:../../../firmware/n32h7xx_std_periph_driver/src/n32h7xx_xspi_v2.c **** *\*\          - XSPI_INST_LEN_16BIT
 342:../../../firmware/n32h7xx_std_periph_driver/src/n32h7xx_xspi_v2.c **** *\*\param   WaitCycles: 
 343:../../../firmware/n32h7xx_std_periph_driver/src/n32h7xx_xspi_v2.c **** *\*\          - XSPI_WAIT_0_CYCLES
 344:../../../firmware/n32h7xx_std_periph_driver/src/n32h7xx_xspi_v2.c **** *\*\          - XSPI_WAIT_1_CYCLES
 345:../../../firmware/n32h7xx_std_periph_driver/src/n32h7xx_xspi_v2.c **** *\*\          - XSPI_WAIT_2_CYCLES
 346:../../../firmware/n32h7xx_std_periph_driver/src/n32h7xx_xspi_v2.c **** *\*\          - XSPI_WAIT_3_CYCLES
 347:../../../firmware/n32h7xx_std_periph_driver/src/n32h7xx_xspi_v2.c **** *\*\          - XSPI_WAIT_4_CYCLES
 348:../../../firmware/n32h7xx_std_periph_driver/src/n32h7xx_xspi_v2.c **** *\*\          - XSPI_WAIT_5_CYCLES
 349:../../../firmware/n32h7xx_std_periph_driver/src/n32h7xx_xspi_v2.c **** *\*\          - XSPI_WAIT_6_CYCLES
 350:../../../firmware/n32h7xx_std_periph_driver/src/n32h7xx_xspi_v2.c **** *\*\          - XSPI_WAIT_7_CYCLES
 351:../../../firmware/n32h7xx_std_periph_driver/src/n32h7xx_xspi_v2.c **** *\*\          - XSPI_WAIT_8_CYCLES
 352:../../../firmware/n32h7xx_std_periph_driver/src/n32h7xx_xspi_v2.c **** *\*\          - XSPI_WAIT_9_CYCLES
 353:../../../firmware/n32h7xx_std_periph_driver/src/n32h7xx_xspi_v2.c **** *\*\          - XSPI_WAIT_10_CYCLES
 354:../../../firmware/n32h7xx_std_periph_driver/src/n32h7xx_xspi_v2.c **** *\*\          - XSPI_WAIT_11_CYCLES
 355:../../../firmware/n32h7xx_std_periph_driver/src/n32h7xx_xspi_v2.c **** *\*\          - XSPI_WAIT_12_CYCLES
 356:../../../firmware/n32h7xx_std_periph_driver/src/n32h7xx_xspi_v2.c **** *\*\          - XSPI_WAIT_13_CYCLES
 357:../../../firmware/n32h7xx_std_periph_driver/src/n32h7xx_xspi_v2.c **** *\*\          - XSPI_WAIT_14_CYCLES
 358:../../../firmware/n32h7xx_std_periph_driver/src/n32h7xx_xspi_v2.c **** *\*\          - XSPI_WAIT_15_CYCLES
 359:../../../firmware/n32h7xx_std_periph_driver/src/n32h7xx_xspi_v2.c **** *\*\          - XSPI_WAIT_16_CYCLES
 360:../../../firmware/n32h7xx_std_periph_driver/src/n32h7xx_xspi_v2.c **** *\*\          - XSPI_WAIT_17_CYCLES
 361:../../../firmware/n32h7xx_std_periph_driver/src/n32h7xx_xspi_v2.c **** *\*\          - XSPI_WAIT_18_CYCLES
 362:../../../firmware/n32h7xx_std_periph_driver/src/n32h7xx_xspi_v2.c **** *\*\          - XSPI_WAIT_19_CYCLES
 363:../../../firmware/n32h7xx_std_periph_driver/src/n32h7xx_xspi_v2.c **** *\*\          - XSPI_WAIT_20_CYCLES
 364:../../../firmware/n32h7xx_std_periph_driver/src/n32h7xx_xspi_v2.c **** *\*\          - XSPI_WAIT_21_CYCLES
 365:../../../firmware/n32h7xx_std_periph_driver/src/n32h7xx_xspi_v2.c **** *\*\          - XSPI_WAIT_22_CYCLES
 366:../../../firmware/n32h7xx_std_periph_driver/src/n32h7xx_xspi_v2.c **** *\*\          - XSPI_WAIT_23_CYCLES
 367:../../../firmware/n32h7xx_std_periph_driver/src/n32h7xx_xspi_v2.c **** *\*\          - XSPI_WAIT_24_CYCLES
 368:../../../firmware/n32h7xx_std_periph_driver/src/n32h7xx_xspi_v2.c **** *\*\          - XSPI_WAIT_25_CYCLES
 369:../../../firmware/n32h7xx_std_periph_driver/src/n32h7xx_xspi_v2.c **** *\*\          - XSPI_WAIT_26_CYCLES
 370:../../../firmware/n32h7xx_std_periph_driver/src/n32h7xx_xspi_v2.c **** *\*\          - XSPI_WAIT_27_CYCLES
 371:../../../firmware/n32h7xx_std_periph_driver/src/n32h7xx_xspi_v2.c **** *\*\          - XSPI_WAIT_28_CYCLES
ARM GAS  /tmp/ccqjtRa8.s 			page 13


 372:../../../firmware/n32h7xx_std_periph_driver/src/n32h7xx_xspi_v2.c **** *\*\          - XSPI_WAIT_29_CYCLES
 373:../../../firmware/n32h7xx_std_periph_driver/src/n32h7xx_xspi_v2.c **** *\*\          - XSPI_WAIT_30_CYCLES
 374:../../../firmware/n32h7xx_std_periph_driver/src/n32h7xx_xspi_v2.c **** *\*\          - XSPI_WAIT_31_CYCLES
 375:../../../firmware/n32h7xx_std_periph_driver/src/n32h7xx_xspi_v2.c **** *\*\          - XSPI_WAIT_32_CYCLES
 376:../../../firmware/n32h7xx_std_periph_driver/src/n32h7xx_xspi_v2.c **** *\*\param   ClockStrech: 
 377:../../../firmware/n32h7xx_std_periph_driver/src/n32h7xx_xspi_v2.c **** *\*\          - XSPI_CLOCK_STRETCH_DISABLE
 378:../../../firmware/n32h7xx_std_periph_driver/src/n32h7xx_xspi_v2.c **** *\*\          - XSPI_CLOCK_STRETCH_ENABLE
 379:../../../firmware/n32h7xx_std_periph_driver/src/n32h7xx_xspi_v2.c **** *\*\param   DDREable: 
 380:../../../firmware/n32h7xx_std_periph_driver/src/n32h7xx_xspi_v2.c **** *\*\          - XSPI_DDR_DISABLE
 381:../../../firmware/n32h7xx_std_periph_driver/src/n32h7xx_xspi_v2.c **** *\*\          - XSPI_DDR_ENABLE
 382:../../../firmware/n32h7xx_std_periph_driver/src/n32h7xx_xspi_v2.c **** *\*\param   DDR_InitType: 
 383:../../../firmware/n32h7xx_std_periph_driver/src/n32h7xx_xspi_v2.c **** *\*\          Note: The following parameters only need to be configured in DDR mode
 384:../../../firmware/n32h7xx_std_periph_driver/src/n32h7xx_xspi_v2.c **** *\*\param     InstrucDDR: 
 385:../../../firmware/n32h7xx_std_periph_driver/src/n32h7xx_xspi_v2.c **** *\*\            - XSPI_INST_DDR_DISABLE
 386:../../../firmware/n32h7xx_std_periph_driver/src/n32h7xx_xspi_v2.c **** *\*\            - XSPI_INST_DDR_ENABLE
 387:../../../firmware/n32h7xx_std_periph_driver/src/n32h7xx_xspi_v2.c **** *\*\param     RxdsSignal: 
 388:../../../firmware/n32h7xx_std_periph_driver/src/n32h7xx_xspi_v2.c **** *\*\            - XSPI_RXDS_SIGNAL_DISABLE
 389:../../../firmware/n32h7xx_std_periph_driver/src/n32h7xx_xspi_v2.c **** *\*\            - XSPI_RXDS_SIGNAL_ENABLE
 390:../../../firmware/n32h7xx_std_periph_driver/src/n32h7xx_xspi_v2.c **** *\*\param     TxdDataMask: 
 391:../../../firmware/n32h7xx_std_periph_driver/src/n32h7xx_xspi_v2.c **** *\*\            - XSPI_DATA_MASK_DISABLE
 392:../../../firmware/n32h7xx_std_periph_driver/src/n32h7xx_xspi_v2.c **** *\*\            - XSPI_DATA_MASK_ENABLE
 393:../../../firmware/n32h7xx_std_periph_driver/src/n32h7xx_xspi_v2.c **** *\*\param     TxdDriverEdge: 
 394:../../../firmware/n32h7xx_std_periph_driver/src/n32h7xx_xspi_v2.c **** *\*\            - 0 ~ 255, Max value = (BAUD/2) - 1, BAUDR = CLKDIV[14:0] * 2)
 395:../../../firmware/n32h7xx_std_periph_driver/src/n32h7xx_xspi_v2.c **** *\*\return  none
 396:../../../firmware/n32h7xx_std_periph_driver/src/n32h7xx_xspi_v2.c **** **/
 397:../../../firmware/n32h7xx_std_periph_driver/src/n32h7xx_xspi_v2.c **** void XSPI_InitEnhanced(XSPI_Module *xSPIx, XSPI_EnhancedInitType* XSPI_EnhancedInitStruct)
 398:../../../firmware/n32h7xx_std_periph_driver/src/n32h7xx_xspi_v2.c **** {
 320              		.loc 1 398 1
 321              		.cfi_startproc
 322              		@ args = 0, pretend = 0, frame = 16
 323              		@ frame_needed = 1, uses_anonymous_args = 0
 324              		@ link register save eliminated.
 325 0000 80B4     		push	{r7}
 326              	.LCFI14:
 327              		.cfi_def_cfa_offset 4
 328              		.cfi_offset 7, -4
 329 0002 85B0     		sub	sp, sp, #20
 330              	.LCFI15:
 331              		.cfi_def_cfa_offset 24
 332 0004 00AF     		add	r7, sp, #0
 333              	.LCFI16:
 334              		.cfi_def_cfa_register 7
 335 0006 7860     		str	r0, [r7, #4]
 336 0008 3960     		str	r1, [r7]
 399:../../../firmware/n32h7xx_std_periph_driver/src/n32h7xx_xspi_v2.c ****     uint32_t tmpregister = 0;
 337              		.loc 1 399 14
 338 000a 0023     		movs	r3, #0
 339 000c FB60     		str	r3, [r7, #12]
 400:../../../firmware/n32h7xx_std_periph_driver/src/n32h7xx_xspi_v2.c **** 
 401:../../../firmware/n32h7xx_std_periph_driver/src/n32h7xx_xspi_v2.c ****     /*---------------------------- XSPI CTRL0 Configuration ------------------------*/
 402:../../../firmware/n32h7xx_std_periph_driver/src/n32h7xx_xspi_v2.c ****     /* Get the XSPI CTRL0 value */
 403:../../../firmware/n32h7xx_std_periph_driver/src/n32h7xx_xspi_v2.c ****     tmpregister = xSPIx->CTRL0;
 340              		.loc 1 403 17
 341 000e 7B68     		ldr	r3, [r7, #4]
 342 0010 1B68     		ldr	r3, [r3]
 343 0012 FB60     		str	r3, [r7, #12]
 404:../../../firmware/n32h7xx_std_periph_driver/src/n32h7xx_xspi_v2.c **** 
ARM GAS  /tmp/ccqjtRa8.s 			page 14


 405:../../../firmware/n32h7xx_std_periph_driver/src/n32h7xx_xspi_v2.c ****     /* Clear Control bit */
 406:../../../firmware/n32h7xx_std_periph_driver/src/n32h7xx_xspi_v2.c ****     tmpregister &= ~XSPI_CTRL0_MASK;
 344              		.loc 1 406 17
 345 0014 FA68     		ldr	r2, [r7, #12]
 346 0016 3C4B     		ldr	r3, .L15
 347 0018 1340     		ands	r3, r3, r2
 348 001a FB60     		str	r3, [r7, #12]
 407:../../../firmware/n32h7xx_std_periph_driver/src/n32h7xx_xspi_v2.c **** 
 408:../../../firmware/n32h7xx_std_periph_driver/src/n32h7xx_xspi_v2.c ****     /* Configure: Data Frame Size 
 409:../../../firmware/n32h7xx_std_periph_driver/src/n32h7xx_xspi_v2.c ****      * Configure: Serial Clock Phase
 410:../../../firmware/n32h7xx_std_periph_driver/src/n32h7xx_xspi_v2.c ****      * Configure: Serial Clock Polarity
 411:../../../firmware/n32h7xx_std_periph_driver/src/n32h7xx_xspi_v2.c ****      * Configure: Transfer Mode
 412:../../../firmware/n32h7xx_std_periph_driver/src/n32h7xx_xspi_v2.c ****      * Configure: Master mode 
 413:../../../firmware/n32h7xx_std_periph_driver/src/n32h7xx_xspi_v2.c ****      */
 414:../../../firmware/n32h7xx_std_periph_driver/src/n32h7xx_xspi_v2.c ****     tmpregister |= ((uint32_t)(XSPI_EnhancedInitStruct->DataFrameSize| XSPI_EnhancedInitStruct->SCP
 349              		.loc 1 414 55
 350 001c 3B68     		ldr	r3, [r7]
 351 001e DA68     		ldr	r2, [r3, #12]
 352              		.loc 1 414 95
 353 0020 3B68     		ldr	r3, [r7]
 354 0022 1B68     		ldr	r3, [r3]
 355              		.loc 1 414 70
 356 0024 1A43     		orrs	r2, r2, r3
 357              		.loc 1 414 127
 358 0026 3B68     		ldr	r3, [r7]
 359 0028 5B68     		ldr	r3, [r3, #4]
 360              		.loc 1 414 102
 361 002a 1A43     		orrs	r2, r2, r3
 415:../../../firmware/n32h7xx_std_periph_driver/src/n32h7xx_xspi_v2.c ****                                | XSPI_EnhancedInitStruct->TransferMode | XSPI_EnhancedInitStruct->F
 362              		.loc 1 415 57
 363 002c 3B68     		ldr	r3, [r7]
 364 002e 1B69     		ldr	r3, [r3, #16]
 365              		.loc 1 415 32
 366 0030 1A43     		orrs	r2, r2, r3
 367              		.loc 1 415 97
 368 0032 3B68     		ldr	r3, [r7]
 369 0034 9B68     		ldr	r3, [r3, #8]
 370              		.loc 1 415 72
 371 0036 1A43     		orrs	r2, r2, r3
 414:../../../firmware/n32h7xx_std_periph_driver/src/n32h7xx_xspi_v2.c ****                                | XSPI_EnhancedInitStruct->TransferMode | XSPI_EnhancedInitStruct->F
 372              		.loc 1 414 17
 373 0038 FB68     		ldr	r3, [r7, #12]
 374 003a 1343     		orrs	r3, r3, r2
 375 003c 43F00043 		orr	r3, r3, #-2147483648
 376 0040 FB60     		str	r3, [r7, #12]
 416:../../../firmware/n32h7xx_std_periph_driver/src/n32h7xx_xspi_v2.c ****                      
 417:../../../firmware/n32h7xx_std_periph_driver/src/n32h7xx_xspi_v2.c ****     /* Write to XSPI CTRL0 */
 418:../../../firmware/n32h7xx_std_periph_driver/src/n32h7xx_xspi_v2.c ****     xSPIx->CTRL0 = tmpregister;
 377              		.loc 1 418 18
 378 0042 7B68     		ldr	r3, [r7, #4]
 379 0044 FA68     		ldr	r2, [r7, #12]
 380 0046 1A60     		str	r2, [r3]
 419:../../../firmware/n32h7xx_std_periph_driver/src/n32h7xx_xspi_v2.c **** 
 420:../../../firmware/n32h7xx_std_periph_driver/src/n32h7xx_xspi_v2.c ****     /* Set the XSPI BAUD value */
 421:../../../firmware/n32h7xx_std_periph_driver/src/n32h7xx_xspi_v2.c ****     xSPIx->BAUD = ((uint32_t)((XSPI_EnhancedInitStruct->Baudr / 2U) << 1U));
 381              		.loc 1 421 55
 382 0048 3B68     		ldr	r3, [r7]
ARM GAS  /tmp/ccqjtRa8.s 			page 15


 383 004a 5B69     		ldr	r3, [r3, #20]
 384              		.loc 1 421 63
 385 004c 5B08     		lsrs	r3, r3, #1
 386              		.loc 1 421 20
 387 004e 5A00     		lsls	r2, r3, #1
 388              		.loc 1 421 17
 389 0050 7B68     		ldr	r3, [r7, #4]
 390 0052 5A61     		str	r2, [r3, #20]
 422:../../../firmware/n32h7xx_std_periph_driver/src/n32h7xx_xspi_v2.c **** 
 423:../../../firmware/n32h7xx_std_periph_driver/src/n32h7xx_xspi_v2.c ****     if (XSPI_EnhancedInitStruct->TransferMode == XSPI_RX_ONLY_MODE && XSPI_EnhancedInitStruct->DDRE
 391              		.loc 1 423 32
 392 0054 3B68     		ldr	r3, [r7]
 393 0056 1B69     		ldr	r3, [r3, #16]
 394              		.loc 1 423 8
 395 0058 B3F5006F 		cmp	r3, #2048
 396 005c 0ED1     		bne	.L11
 397              		.loc 1 423 94 discriminator 1
 398 005e 3B68     		ldr	r3, [r7]
 399 0060 5B6B     		ldr	r3, [r3, #52]
 400              		.loc 1 423 68 discriminator 1
 401 0062 B3F5803F 		cmp	r3, #65536
 402 0066 09D0     		beq	.L11
 424:../../../firmware/n32h7xx_std_periph_driver/src/n32h7xx_xspi_v2.c ****     {
 425:../../../firmware/n32h7xx_std_periph_driver/src/n32h7xx_xspi_v2.c ****         /* Configure: Receive Data (rxd) Sampling Edge
 426:../../../firmware/n32h7xx_std_periph_driver/src/n32h7xx_xspi_v2.c ****          * Configure: Receive Data (rxd) Sample Delay
 427:../../../firmware/n32h7xx_std_periph_driver/src/n32h7xx_xspi_v2.c ****          */
 428:../../../firmware/n32h7xx_std_periph_driver/src/n32h7xx_xspi_v2.c ****         xSPIx->RX_DELAY = ((uint32_t)(XSPI_EnhancedInitStruct->RxdSamplingEdge | (XSPI_EnhancedInit
 403              		.loc 1 428 62
 404 0068 3B68     		ldr	r3, [r7]
 405 006a 9A69     		ldr	r2, [r3, #24]
 406              		.loc 1 428 106
 407 006c 3B68     		ldr	r3, [r7]
 408 006e DB69     		ldr	r3, [r3, #28]
 409              		.loc 1 428 123
 410 0070 DBB2     		uxtb	r3, r3
 411              		.loc 1 428 28
 412 0072 1A43     		orrs	r2, r2, r3
 413              		.loc 1 428 25
 414 0074 7B68     		ldr	r3, [r7, #4]
 415 0076 C3F8F020 		str	r2, [r3, #240]
 416 007a 03E0     		b	.L12
 417              	.L11:
 429:../../../firmware/n32h7xx_std_periph_driver/src/n32h7xx_xspi_v2.c ****     }
 430:../../../firmware/n32h7xx_std_periph_driver/src/n32h7xx_xspi_v2.c ****     else
 431:../../../firmware/n32h7xx_std_periph_driver/src/n32h7xx_xspi_v2.c ****     {
 432:../../../firmware/n32h7xx_std_periph_driver/src/n32h7xx_xspi_v2.c ****         /* Clear XSPI RX_DELAY */
 433:../../../firmware/n32h7xx_std_periph_driver/src/n32h7xx_xspi_v2.c ****         xSPIx->RX_DELAY = 0x00000000U;
 418              		.loc 1 433 25
 419 007c 7B68     		ldr	r3, [r7, #4]
 420 007e 0022     		movs	r2, #0
 421 0080 C3F8F020 		str	r2, [r3, #240]
 422              	.L12:
 434:../../../firmware/n32h7xx_std_periph_driver/src/n32h7xx_xspi_v2.c ****     }
 435:../../../firmware/n32h7xx_std_periph_driver/src/n32h7xx_xspi_v2.c **** 
 436:../../../firmware/n32h7xx_std_periph_driver/src/n32h7xx_xspi_v2.c ****                      
 437:../../../firmware/n32h7xx_std_periph_driver/src/n32h7xx_xspi_v2.c ****     /*---------------------------- XSPI ENH_CTRL0 Configuration ------------------------*/
 438:../../../firmware/n32h7xx_std_periph_driver/src/n32h7xx_xspi_v2.c ****     /* Get the XSPI ENH_CTRL0 value */
ARM GAS  /tmp/ccqjtRa8.s 			page 16


 439:../../../firmware/n32h7xx_std_periph_driver/src/n32h7xx_xspi_v2.c ****     tmpregister = xSPIx->ENH_CTRL0;
 423              		.loc 1 439 17
 424 0084 7B68     		ldr	r3, [r7, #4]
 425 0086 D3F8F430 		ldr	r3, [r3, #244]
 426 008a FB60     		str	r3, [r7, #12]
 440:../../../firmware/n32h7xx_std_periph_driver/src/n32h7xx_xspi_v2.c **** 
 441:../../../firmware/n32h7xx_std_periph_driver/src/n32h7xx_xspi_v2.c ****     /* Clear Control bit */
 442:../../../firmware/n32h7xx_std_periph_driver/src/n32h7xx_xspi_v2.c ****     tmpregister &= ~(XSPI_ENH_CTRL0_BASE_MASK | XSPI_ENH_CTRL0_DDR_MASK);
 427              		.loc 1 442 17
 428 008c FA68     		ldr	r2, [r7, #12]
 429 008e 1F4B     		ldr	r3, .L15+4
 430 0090 1340     		ands	r3, r3, r2
 431 0092 FB60     		str	r3, [r7, #12]
 443:../../../firmware/n32h7xx_std_periph_driver/src/n32h7xx_xspi_v2.c **** 
 444:../../../firmware/n32h7xx_std_periph_driver/src/n32h7xx_xspi_v2.c ****     /* Configure: Dual/Quad/Octal mode address and instruction transfer format
 445:../../../firmware/n32h7xx_std_periph_driver/src/n32h7xx_xspi_v2.c ****      * Configure: Dual/Quad/Octal mode address length
 446:../../../firmware/n32h7xx_std_periph_driver/src/n32h7xx_xspi_v2.c ****      * Configure: Dual/Quad/Octal mode instruction length
 447:../../../firmware/n32h7xx_std_periph_driver/src/n32h7xx_xspi_v2.c ****      * Configure: Dual/Quad/Octal mode wait cycles between control frames transmit and data recepti
 448:../../../firmware/n32h7xx_std_periph_driver/src/n32h7xx_xspi_v2.c ****      * Configure: Dual/Quad/Octal mode clock stretching capability enable 
 449:../../../firmware/n32h7xx_std_periph_driver/src/n32h7xx_xspi_v2.c ****      */
 450:../../../firmware/n32h7xx_std_periph_driver/src/n32h7xx_xspi_v2.c ****     tmpregister |= ((uint32_t)((XSPI_EnhancedInitStruct->WaitCycles & 0x0000001FU) << 11U));
 432              		.loc 1 450 56
 433 0094 3B68     		ldr	r3, [r7]
 434 0096 DB6A     		ldr	r3, [r3, #44]
 435              		.loc 1 450 21
 436 0098 DB02     		lsls	r3, r3, #11
 437 009a 9BB2     		uxth	r3, r3
 438              		.loc 1 450 17
 439 009c FA68     		ldr	r2, [r7, #12]
 440 009e 1343     		orrs	r3, r3, r2
 441 00a0 FB60     		str	r3, [r7, #12]
 451:../../../firmware/n32h7xx_std_periph_driver/src/n32h7xx_xspi_v2.c ****     tmpregister |= ((uint32_t)(XSPI_EnhancedInitStruct->TransferType | XSPI_EnhancedInitStruct->Ins
 442              		.loc 1 451 55
 443 00a2 3B68     		ldr	r3, [r7]
 444 00a4 1A6A     		ldr	r2, [r3, #32]
 445              		.loc 1 451 95
 446 00a6 3B68     		ldr	r3, [r7]
 447 00a8 9B6A     		ldr	r3, [r3, #40]
 448              		.loc 1 451 70
 449 00aa 1A43     		orrs	r2, r2, r3
 452:../../../firmware/n32h7xx_std_periph_driver/src/n32h7xx_xspi_v2.c ****                                | XSPI_EnhancedInitStruct->AddrLen | XSPI_EnhancedInitStruct->ClockS
 450              		.loc 1 452 57
 451 00ac 3B68     		ldr	r3, [r7]
 452 00ae 5B6A     		ldr	r3, [r3, #36]
 453              		.loc 1 452 32
 454 00b0 1A43     		orrs	r2, r2, r3
 455              		.loc 1 452 92
 456 00b2 3B68     		ldr	r3, [r7]
 457 00b4 1B6B     		ldr	r3, [r3, #48]
 458              		.loc 1 452 67
 459 00b6 1343     		orrs	r3, r3, r2
 451:../../../firmware/n32h7xx_std_periph_driver/src/n32h7xx_xspi_v2.c ****     tmpregister |= ((uint32_t)(XSPI_EnhancedInitStruct->TransferType | XSPI_EnhancedInitStruct->Ins
 460              		.loc 1 451 17
 461 00b8 FA68     		ldr	r2, [r7, #12]
 462 00ba 1343     		orrs	r3, r3, r2
 463 00bc FB60     		str	r3, [r7, #12]
 453:../../../firmware/n32h7xx_std_periph_driver/src/n32h7xx_xspi_v2.c **** 
ARM GAS  /tmp/ccqjtRa8.s 			page 17


 454:../../../firmware/n32h7xx_std_periph_driver/src/n32h7xx_xspi_v2.c ****     /* Configure DDR Mode */
 455:../../../firmware/n32h7xx_std_periph_driver/src/n32h7xx_xspi_v2.c ****     if (XSPI_EnhancedInitStruct->DDREable)
 464              		.loc 1 455 32
 465 00be 3B68     		ldr	r3, [r7]
 466 00c0 5B6B     		ldr	r3, [r3, #52]
 467              		.loc 1 455 8
 468 00c2 002B     		cmp	r3, #0
 469 00c4 13D0     		beq	.L13
 456:../../../firmware/n32h7xx_std_periph_driver/src/n32h7xx_xspi_v2.c ****     {
 457:../../../firmware/n32h7xx_std_periph_driver/src/n32h7xx_xspi_v2.c ****         /* Configure: Dual/Quad/Octal mode DDR Enable (address DDR and data DDR)
 458:../../../firmware/n32h7xx_std_periph_driver/src/n32h7xx_xspi_v2.c ****          * Configure: Dual/Quad/Octal mode instruction DDR Enable
 459:../../../firmware/n32h7xx_std_periph_driver/src/n32h7xx_xspi_v2.c ****          * Configure: Dual/Quad/Octal mode read data strobe enable (DDR mode)
 460:../../../firmware/n32h7xx_std_periph_driver/src/n32h7xx_xspi_v2.c ****          * Configure: Dual/Quad/Octal mode txd_line data mask enable (DDR mode)
 461:../../../firmware/n32h7xx_std_periph_driver/src/n32h7xx_xspi_v2.c ****          */
 462:../../../firmware/n32h7xx_std_periph_driver/src/n32h7xx_xspi_v2.c **** 
 463:../../../firmware/n32h7xx_std_periph_driver/src/n32h7xx_xspi_v2.c ****         tmpregister |= ((uint32_t)(XSPI_EnhancedInitStruct->DDREable | XSPI_EnhancedInitStruct->DDR
 470              		.loc 1 463 59
 471 00c6 3B68     		ldr	r3, [r7]
 472 00c8 5A6B     		ldr	r2, [r3, #52]
 473              		.loc 1 463 109
 474 00ca 3B68     		ldr	r3, [r7]
 475 00cc 9B6B     		ldr	r3, [r3, #56]
 476              		.loc 1 463 70
 477 00ce 1A43     		orrs	r2, r2, r3
 464:../../../firmware/n32h7xx_std_periph_driver/src/n32h7xx_xspi_v2.c ****                                    | XSPI_EnhancedInitStruct->DDR_InitType.RxdsSignal | XSPI_Enhanc
 478              		.loc 1 464 75
 479 00d0 3B68     		ldr	r3, [r7]
 480 00d2 DB6B     		ldr	r3, [r3, #60]
 481              		.loc 1 464 36
 482 00d4 1A43     		orrs	r2, r2, r3
 483              		.loc 1 464 126
 484 00d6 3B68     		ldr	r3, [r7]
 485 00d8 1B6C     		ldr	r3, [r3, #64]
 486              		.loc 1 464 87
 487 00da 1343     		orrs	r3, r3, r2
 463:../../../firmware/n32h7xx_std_periph_driver/src/n32h7xx_xspi_v2.c ****                                    | XSPI_EnhancedInitStruct->DDR_InitType.RxdsSignal | XSPI_Enhanc
 488              		.loc 1 463 21
 489 00dc FA68     		ldr	r2, [r7, #12]
 490 00de 1343     		orrs	r3, r3, r2
 491 00e0 FB60     		str	r3, [r7, #12]
 465:../../../firmware/n32h7xx_std_periph_driver/src/n32h7xx_xspi_v2.c **** 
 466:../../../firmware/n32h7xx_std_periph_driver/src/n32h7xx_xspi_v2.c **** 
 467:../../../firmware/n32h7xx_std_periph_driver/src/n32h7xx_xspi_v2.c ****         /* Configure: DDR mode TXD Drive edge register which decided the driving edge of transmit d
 468:../../../firmware/n32h7xx_std_periph_driver/src/n32h7xx_xspi_v2.c ****          * Note: maximum value is = (BAUDR/2) -1 (BAUDR = CLKDIV [14:0] * 2)
 469:../../../firmware/n32h7xx_std_periph_driver/src/n32h7xx_xspi_v2.c ****          */
 470:../../../firmware/n32h7xx_std_periph_driver/src/n32h7xx_xspi_v2.c ****         xSPIx->DDR_TXDE = XSPI_EnhancedInitStruct->DDR_InitType.TxdDriverEdge;
 492              		.loc 1 470 64
 493 00e2 3B68     		ldr	r3, [r7]
 494 00e4 5A6C     		ldr	r2, [r3, #68]
 495              		.loc 1 470 25
 496 00e6 7B68     		ldr	r3, [r7, #4]
 497 00e8 C3F8F820 		str	r2, [r3, #248]
 498 00ec 03E0     		b	.L14
 499              	.L13:
 471:../../../firmware/n32h7xx_std_periph_driver/src/n32h7xx_xspi_v2.c ****     }
 472:../../../firmware/n32h7xx_std_periph_driver/src/n32h7xx_xspi_v2.c ****     else
 473:../../../firmware/n32h7xx_std_periph_driver/src/n32h7xx_xspi_v2.c ****     {
ARM GAS  /tmp/ccqjtRa8.s 			page 18


 474:../../../firmware/n32h7xx_std_periph_driver/src/n32h7xx_xspi_v2.c ****         /* Clear DDR_TXDE and RXDS_DELAY_CTRL register */
 475:../../../firmware/n32h7xx_std_periph_driver/src/n32h7xx_xspi_v2.c ****         xSPIx->DDR_TXDE = 0x00000000U;
 500              		.loc 1 475 25
 501 00ee 7B68     		ldr	r3, [r7, #4]
 502 00f0 0022     		movs	r2, #0
 503 00f2 C3F8F820 		str	r2, [r3, #248]
 504              	.L14:
 476:../../../firmware/n32h7xx_std_periph_driver/src/n32h7xx_xspi_v2.c ****     }
 477:../../../firmware/n32h7xx_std_periph_driver/src/n32h7xx_xspi_v2.c **** 
 478:../../../firmware/n32h7xx_std_periph_driver/src/n32h7xx_xspi_v2.c ****     /* Write to XSPI ENH_CTRL0 */
 479:../../../firmware/n32h7xx_std_periph_driver/src/n32h7xx_xspi_v2.c ****     xSPIx->ENH_CTRL0 = tmpregister;
 505              		.loc 1 479 22
 506 00f6 7B68     		ldr	r3, [r7, #4]
 507 00f8 FA68     		ldr	r2, [r7, #12]
 508 00fa C3F8F420 		str	r2, [r3, #244]
 480:../../../firmware/n32h7xx_std_periph_driver/src/n32h7xx_xspi_v2.c ****     
 481:../../../firmware/n32h7xx_std_periph_driver/src/n32h7xx_xspi_v2.c **** }
 509              		.loc 1 481 1
 510 00fe 00BF     		nop
 511 0100 1437     		adds	r7, r7, #20
 512              	.LCFI17:
 513              		.cfi_def_cfa_offset 4
 514 0102 BD46     		mov	sp, r7
 515              	.LCFI18:
 516              		.cfi_def_cfa_register 13
 517              		@ sp needed
 518 0104 80BC     		pop	{r7}
 519              	.LCFI19:
 520              		.cfi_restore 7
 521              		.cfi_def_cfa_offset 0
 522 0106 7047     		bx	lr
 523              	.L16:
 524              		.align	2
 525              	.L15:
 526 0108 E0B03F7F 		.word	2134880480
 527 010c C004F8BE 		.word	-1091042112
 528              		.cfi_endproc
 529              	.LFE138:
 531              		.section	.text.XSPI_InitEnhancedStruct,"ax",%progbits
 532              		.align	1
 533              		.global	XSPI_InitEnhancedStruct
 534              		.syntax unified
 535              		.thumb
 536              		.thumb_func
 538              	XSPI_InitEnhancedStruct:
 539              	.LFB139:
 482:../../../firmware/n32h7xx_std_periph_driver/src/n32h7xx_xspi_v2.c **** 
 483:../../../firmware/n32h7xx_std_periph_driver/src/n32h7xx_xspi_v2.c **** /**
 484:../../../firmware/n32h7xx_std_periph_driver/src/n32h7xx_xspi_v2.c **** *\*\name    XSPI_InitEnhancedStruct.
 485:../../../firmware/n32h7xx_std_periph_driver/src/n32h7xx_xspi_v2.c **** *\*\fun     Fills each XSPI_EnhancedInitType member with its default value.
 486:../../../firmware/n32h7xx_std_periph_driver/src/n32h7xx_xspi_v2.c **** *\*\param   XSPI_EnhancedInitType (The input parameters must be the following values):
 487:../../../firmware/n32h7xx_std_periph_driver/src/n32h7xx_xspi_v2.c **** *\*\          - SCPH
 488:../../../firmware/n32h7xx_std_periph_driver/src/n32h7xx_xspi_v2.c **** *\*\          - SCPOL
 489:../../../firmware/n32h7xx_std_periph_driver/src/n32h7xx_xspi_v2.c **** *\*\          - FrameFormat
 490:../../../firmware/n32h7xx_std_periph_driver/src/n32h7xx_xspi_v2.c **** *\*\          - DataFrameSize
 491:../../../firmware/n32h7xx_std_periph_driver/src/n32h7xx_xspi_v2.c **** *\*\          - TransferMode
 492:../../../firmware/n32h7xx_std_periph_driver/src/n32h7xx_xspi_v2.c **** *\*\          - Baudr
ARM GAS  /tmp/ccqjtRa8.s 			page 19


 493:../../../firmware/n32h7xx_std_periph_driver/src/n32h7xx_xspi_v2.c **** *\*\          - RxdSamplingEdge
 494:../../../firmware/n32h7xx_std_periph_driver/src/n32h7xx_xspi_v2.c **** *\*\          - RxdSampleDelay
 495:../../../firmware/n32h7xx_std_periph_driver/src/n32h7xx_xspi_v2.c **** *\*\          - TransferType
 496:../../../firmware/n32h7xx_std_periph_driver/src/n32h7xx_xspi_v2.c **** *\*\          - AddrLen
 497:../../../firmware/n32h7xx_std_periph_driver/src/n32h7xx_xspi_v2.c **** *\*\          - InstructLen
 498:../../../firmware/n32h7xx_std_periph_driver/src/n32h7xx_xspi_v2.c **** *\*\          - WaitCycles
 499:../../../firmware/n32h7xx_std_periph_driver/src/n32h7xx_xspi_v2.c **** *\*\          - ClockStrech
 500:../../../firmware/n32h7xx_std_periph_driver/src/n32h7xx_xspi_v2.c **** *\*\          - DDREable
 501:../../../firmware/n32h7xx_std_periph_driver/src/n32h7xx_xspi_v2.c **** *\*\          - InstrucDDR
 502:../../../firmware/n32h7xx_std_periph_driver/src/n32h7xx_xspi_v2.c **** *\*\          - RxdsSignal
 503:../../../firmware/n32h7xx_std_periph_driver/src/n32h7xx_xspi_v2.c **** *\*\          - TxdDataMask
 504:../../../firmware/n32h7xx_std_periph_driver/src/n32h7xx_xspi_v2.c **** *\*\          - TxdDriverEdge
 505:../../../firmware/n32h7xx_std_periph_driver/src/n32h7xx_xspi_v2.c **** *\*\return  none
 506:../../../firmware/n32h7xx_std_periph_driver/src/n32h7xx_xspi_v2.c **** **/
 507:../../../firmware/n32h7xx_std_periph_driver/src/n32h7xx_xspi_v2.c **** void XSPI_InitEnhancedStruct(XSPI_EnhancedInitType* XSPI_EnhancedInitStruct)
 508:../../../firmware/n32h7xx_std_periph_driver/src/n32h7xx_xspi_v2.c **** {
 540              		.loc 1 508 1
 541              		.cfi_startproc
 542              		@ args = 0, pretend = 0, frame = 8
 543              		@ frame_needed = 1, uses_anonymous_args = 0
 544              		@ link register save eliminated.
 545 0000 80B4     		push	{r7}
 546              	.LCFI20:
 547              		.cfi_def_cfa_offset 4
 548              		.cfi_offset 7, -4
 549 0002 83B0     		sub	sp, sp, #12
 550              	.LCFI21:
 551              		.cfi_def_cfa_offset 16
 552 0004 00AF     		add	r7, sp, #0
 553              	.LCFI22:
 554              		.cfi_def_cfa_register 7
 555 0006 7860     		str	r0, [r7, #4]
 509:../../../firmware/n32h7xx_std_periph_driver/src/n32h7xx_xspi_v2.c ****     XSPI_EnhancedInitStruct->SCPH            = XSPI_SCPH_FIRST_EDGE;
 556              		.loc 1 509 46
 557 0008 7B68     		ldr	r3, [r7, #4]
 558 000a 0022     		movs	r2, #0
 559 000c 1A60     		str	r2, [r3]
 510:../../../firmware/n32h7xx_std_periph_driver/src/n32h7xx_xspi_v2.c ****     XSPI_EnhancedInitStruct->SCPOL           = XSPI_SCPOL_LOW_LEVEL;
 560              		.loc 1 510 46
 561 000e 7B68     		ldr	r3, [r7, #4]
 562 0010 0022     		movs	r2, #0
 563 0012 5A60     		str	r2, [r3, #4]
 511:../../../firmware/n32h7xx_std_periph_driver/src/n32h7xx_xspi_v2.c ****     XSPI_EnhancedInitStruct->FrameFormat     = XSPI_OCTAL_LINE_MODE;
 564              		.loc 1 511 46
 565 0014 7B68     		ldr	r3, [r7, #4]
 566 0016 4FF44002 		mov	r2, #12582912
 567 001a 9A60     		str	r2, [r3, #8]
 512:../../../firmware/n32h7xx_std_periph_driver/src/n32h7xx_xspi_v2.c ****     XSPI_EnhancedInitStruct->DataFrameSize   = XSPI_FRAME_SIZE_8_BIT;
 568              		.loc 1 512 46
 569 001c 7B68     		ldr	r3, [r7, #4]
 570 001e 0722     		movs	r2, #7
 571 0020 DA60     		str	r2, [r3, #12]
 513:../../../firmware/n32h7xx_std_periph_driver/src/n32h7xx_xspi_v2.c ****     XSPI_EnhancedInitStruct->TransferMode    = XSPI_RX_ONLY_MODE;
 572              		.loc 1 513 46
 573 0022 7B68     		ldr	r3, [r7, #4]
 574 0024 4FF40062 		mov	r2, #2048
 575 0028 1A61     		str	r2, [r3, #16]
ARM GAS  /tmp/ccqjtRa8.s 			page 20


 514:../../../firmware/n32h7xx_std_periph_driver/src/n32h7xx_xspi_v2.c ****     XSPI_EnhancedInitStruct->Baudr           = 0U;
 576              		.loc 1 514 46
 577 002a 7B68     		ldr	r3, [r7, #4]
 578 002c 0022     		movs	r2, #0
 579 002e 5A61     		str	r2, [r3, #20]
 515:../../../firmware/n32h7xx_std_periph_driver/src/n32h7xx_xspi_v2.c ****     XSPI_EnhancedInitStruct->RxdSamplingEdge = XSPI_RXD_HCLK_RISING_SAMPLING;
 580              		.loc 1 515 46
 581 0030 7B68     		ldr	r3, [r7, #4]
 582 0032 0022     		movs	r2, #0
 583 0034 9A61     		str	r2, [r3, #24]
 516:../../../firmware/n32h7xx_std_periph_driver/src/n32h7xx_xspi_v2.c ****     XSPI_EnhancedInitStruct->RxdSampleDelay  = 0U;
 584              		.loc 1 516 46
 585 0036 7B68     		ldr	r3, [r7, #4]
 586 0038 0022     		movs	r2, #0
 587 003a DA61     		str	r2, [r3, #28]
 517:../../../firmware/n32h7xx_std_periph_driver/src/n32h7xx_xspi_v2.c **** 
 518:../../../firmware/n32h7xx_std_periph_driver/src/n32h7xx_xspi_v2.c **** 
 519:../../../firmware/n32h7xx_std_periph_driver/src/n32h7xx_xspi_v2.c ****     XSPI_EnhancedInitStruct->TransferType    = XSPI_INST_ADDR_SINGLE_LINE;
 588              		.loc 1 519 46
 589 003c 7B68     		ldr	r3, [r7, #4]
 590 003e 0022     		movs	r2, #0
 591 0040 1A62     		str	r2, [r3, #32]
 520:../../../firmware/n32h7xx_std_periph_driver/src/n32h7xx_xspi_v2.c ****     XSPI_EnhancedInitStruct->AddrLen         = XSPI_NO_ADDR_PHASE;
 592              		.loc 1 520 46
 593 0042 7B68     		ldr	r3, [r7, #4]
 594 0044 0022     		movs	r2, #0
 595 0046 5A62     		str	r2, [r3, #36]
 521:../../../firmware/n32h7xx_std_periph_driver/src/n32h7xx_xspi_v2.c ****     XSPI_EnhancedInitStruct->InstructLen     = XSPI_NO_INST_PHASE;
 596              		.loc 1 521 46
 597 0048 7B68     		ldr	r3, [r7, #4]
 598 004a 0022     		movs	r2, #0
 599 004c 9A62     		str	r2, [r3, #40]
 522:../../../firmware/n32h7xx_std_periph_driver/src/n32h7xx_xspi_v2.c ****     XSPI_EnhancedInitStruct->WaitCycles      = XSPI_WAIT_0_CYCLES;
 600              		.loc 1 522 46
 601 004e 7B68     		ldr	r3, [r7, #4]
 602 0050 0022     		movs	r2, #0
 603 0052 DA62     		str	r2, [r3, #44]
 523:../../../firmware/n32h7xx_std_periph_driver/src/n32h7xx_xspi_v2.c ****     XSPI_EnhancedInitStruct->ClockStrech     = XSPI_CLOCK_STRETCH_DISABLE;
 604              		.loc 1 523 46
 605 0054 7B68     		ldr	r3, [r7, #4]
 606 0056 0022     		movs	r2, #0
 607 0058 1A63     		str	r2, [r3, #48]
 524:../../../firmware/n32h7xx_std_periph_driver/src/n32h7xx_xspi_v2.c ****     XSPI_EnhancedInitStruct->DDREable        = XSPI_DDR_DISABLE;
 608              		.loc 1 524 46
 609 005a 7B68     		ldr	r3, [r7, #4]
 610 005c 0022     		movs	r2, #0
 611 005e 5A63     		str	r2, [r3, #52]
 525:../../../firmware/n32h7xx_std_periph_driver/src/n32h7xx_xspi_v2.c **** 
 526:../../../firmware/n32h7xx_std_periph_driver/src/n32h7xx_xspi_v2.c ****     XSPI_EnhancedInitStruct->DDR_InitType.InstrucDDR    = XSPI_INST_DDR_DISABLE;
 612              		.loc 1 526 57
 613 0060 7B68     		ldr	r3, [r7, #4]
 614 0062 0022     		movs	r2, #0
 615 0064 9A63     		str	r2, [r3, #56]
 527:../../../firmware/n32h7xx_std_periph_driver/src/n32h7xx_xspi_v2.c ****     XSPI_EnhancedInitStruct->DDR_InitType.RxdsSignal    = XSPI_RXDS_SIGNAL_DISABLE;
 616              		.loc 1 527 57
 617 0066 7B68     		ldr	r3, [r7, #4]
 618 0068 0022     		movs	r2, #0
ARM GAS  /tmp/ccqjtRa8.s 			page 21


 619 006a DA63     		str	r2, [r3, #60]
 528:../../../firmware/n32h7xx_std_periph_driver/src/n32h7xx_xspi_v2.c ****     XSPI_EnhancedInitStruct->DDR_InitType.TxdDataMask   = XSPI_DATA_MASK_DISABLE;
 620              		.loc 1 528 57
 621 006c 7B68     		ldr	r3, [r7, #4]
 622 006e 0022     		movs	r2, #0
 623 0070 1A64     		str	r2, [r3, #64]
 529:../../../firmware/n32h7xx_std_periph_driver/src/n32h7xx_xspi_v2.c ****     XSPI_EnhancedInitStruct->DDR_InitType.TxdDriverEdge = 0x00000000U;
 624              		.loc 1 529 57
 625 0072 7B68     		ldr	r3, [r7, #4]
 626 0074 0022     		movs	r2, #0
 627 0076 5A64     		str	r2, [r3, #68]
 530:../../../firmware/n32h7xx_std_periph_driver/src/n32h7xx_xspi_v2.c ****     
 531:../../../firmware/n32h7xx_std_periph_driver/src/n32h7xx_xspi_v2.c **** }
 628              		.loc 1 531 1
 629 0078 00BF     		nop
 630 007a 0C37     		adds	r7, r7, #12
 631              	.LCFI23:
 632              		.cfi_def_cfa_offset 4
 633 007c BD46     		mov	sp, r7
 634              	.LCFI24:
 635              		.cfi_def_cfa_register 13
 636              		@ sp needed
 637 007e 80BC     		pop	{r7}
 638              	.LCFI25:
 639              		.cfi_restore 7
 640              		.cfi_def_cfa_offset 0
 641 0080 7047     		bx	lr
 642              		.cfi_endproc
 643              	.LFE139:
 645              		.section	.text.XSPI_InitXIP,"ax",%progbits
 646              		.align	1
 647              		.global	XSPI_InitXIP
 648              		.syntax unified
 649              		.thumb
 650              		.thumb_func
 652              	XSPI_InitXIP:
 653              	.LFB140:
 532:../../../firmware/n32h7xx_std_periph_driver/src/n32h7xx_xspi_v2.c **** 
 533:../../../firmware/n32h7xx_std_periph_driver/src/n32h7xx_xspi_v2.c **** 
 534:../../../firmware/n32h7xx_std_periph_driver/src/n32h7xx_xspi_v2.c **** /**
 535:../../../firmware/n32h7xx_std_periph_driver/src/n32h7xx_xspi_v2.c **** *\*\name    XSPI_InitEnhanced.
 536:../../../firmware/n32h7xx_std_periph_driver/src/n32h7xx_xspi_v2.c **** *\*\fun     Initilizes the XIP mode.
 537:../../../firmware/n32h7xx_std_periph_driver/src/n32h7xx_xspi_v2.c **** *\*\param   SCPH: 
 538:../../../firmware/n32h7xx_std_periph_driver/src/n32h7xx_xspi_v2.c **** *\*\          - XSPI_SCPH_FIRST_EDGE
 539:../../../firmware/n32h7xx_std_periph_driver/src/n32h7xx_xspi_v2.c **** *\*\          - XSPI_SCPH_SECOND_EDGE
 540:../../../firmware/n32h7xx_std_periph_driver/src/n32h7xx_xspi_v2.c **** *\*\param   SCPOL: 
 541:../../../firmware/n32h7xx_std_periph_driver/src/n32h7xx_xspi_v2.c **** *\*\          - XSPI_SCPOL_LOW_LEVEL
 542:../../../firmware/n32h7xx_std_periph_driver/src/n32h7xx_xspi_v2.c **** *\*\          - XSPI_SCPOL_HIGH_LEVEL
 543:../../../firmware/n32h7xx_std_periph_driver/src/n32h7xx_xspi_v2.c **** *\*\param   DataFrameSize: 
 544:../../../firmware/n32h7xx_std_periph_driver/src/n32h7xx_xspi_v2.c **** *\*\          - XSPI_FRAME_SIZE_4_BIT
 545:../../../firmware/n32h7xx_std_periph_driver/src/n32h7xx_xspi_v2.c **** *\*\          - XSPI_FRAME_SIZE_5_BIT
 546:../../../firmware/n32h7xx_std_periph_driver/src/n32h7xx_xspi_v2.c **** *\*\          - XSPI_FRAME_SIZE_6_BIT
 547:../../../firmware/n32h7xx_std_periph_driver/src/n32h7xx_xspi_v2.c **** *\*\          - XSPI_FRAME_SIZE_7_BIT
 548:../../../firmware/n32h7xx_std_periph_driver/src/n32h7xx_xspi_v2.c **** *\*\          - XSPI_FRAME_SIZE_8_BIT
 549:../../../firmware/n32h7xx_std_periph_driver/src/n32h7xx_xspi_v2.c **** *\*\          - XSPI_FRAME_SIZE_9_BIT
 550:../../../firmware/n32h7xx_std_periph_driver/src/n32h7xx_xspi_v2.c **** *\*\          - XSPI_FRAME_SIZE_10_BIT
 551:../../../firmware/n32h7xx_std_periph_driver/src/n32h7xx_xspi_v2.c **** *\*\          - XSPI_FRAME_SIZE_11_BIT
ARM GAS  /tmp/ccqjtRa8.s 			page 22


 552:../../../firmware/n32h7xx_std_periph_driver/src/n32h7xx_xspi_v2.c **** *\*\          - XSPI_FRAME_SIZE_12_BIT
 553:../../../firmware/n32h7xx_std_periph_driver/src/n32h7xx_xspi_v2.c **** *\*\          - XSPI_FRAME_SIZE_13_BIT
 554:../../../firmware/n32h7xx_std_periph_driver/src/n32h7xx_xspi_v2.c **** *\*\          - XSPI_FRAME_SIZE_14_BIT
 555:../../../firmware/n32h7xx_std_periph_driver/src/n32h7xx_xspi_v2.c **** *\*\          - XSPI_FRAME_SIZE_15_BIT
 556:../../../firmware/n32h7xx_std_periph_driver/src/n32h7xx_xspi_v2.c **** *\*\          - XSPI_FRAME_SIZE_16_BIT
 557:../../../firmware/n32h7xx_std_periph_driver/src/n32h7xx_xspi_v2.c **** *\*\          - XSPI_FRAME_SIZE_17_BIT
 558:../../../firmware/n32h7xx_std_periph_driver/src/n32h7xx_xspi_v2.c **** *\*\          - XSPI_FRAME_SIZE_18_BIT
 559:../../../firmware/n32h7xx_std_periph_driver/src/n32h7xx_xspi_v2.c **** *\*\          - XSPI_FRAME_SIZE_19_BIT
 560:../../../firmware/n32h7xx_std_periph_driver/src/n32h7xx_xspi_v2.c **** *\*\          - XSPI_FRAME_SIZE_20_BIT
 561:../../../firmware/n32h7xx_std_periph_driver/src/n32h7xx_xspi_v2.c **** *\*\          - XSPI_FRAME_SIZE_21_BIT
 562:../../../firmware/n32h7xx_std_periph_driver/src/n32h7xx_xspi_v2.c **** *\*\          - XSPI_FRAME_SIZE_22_BIT
 563:../../../firmware/n32h7xx_std_periph_driver/src/n32h7xx_xspi_v2.c **** *\*\          - XSPI_FRAME_SIZE_23_BIT
 564:../../../firmware/n32h7xx_std_periph_driver/src/n32h7xx_xspi_v2.c **** *\*\          - XSPI_FRAME_SIZE_24_BIT
 565:../../../firmware/n32h7xx_std_periph_driver/src/n32h7xx_xspi_v2.c **** *\*\          - XSPI_FRAME_SIZE_25_BIT
 566:../../../firmware/n32h7xx_std_periph_driver/src/n32h7xx_xspi_v2.c **** *\*\          - XSPI_FRAME_SIZE_26_BIT
 567:../../../firmware/n32h7xx_std_periph_driver/src/n32h7xx_xspi_v2.c **** *\*\          - XSPI_FRAME_SIZE_27_BIT
 568:../../../firmware/n32h7xx_std_periph_driver/src/n32h7xx_xspi_v2.c **** *\*\          - XSPI_FRAME_SIZE_28_BIT
 569:../../../firmware/n32h7xx_std_periph_driver/src/n32h7xx_xspi_v2.c **** *\*\          - XSPI_FRAME_SIZE_29_BIT
 570:../../../firmware/n32h7xx_std_periph_driver/src/n32h7xx_xspi_v2.c **** *\*\          - XSPI_FRAME_SIZE_30_BIT
 571:../../../firmware/n32h7xx_std_periph_driver/src/n32h7xx_xspi_v2.c **** *\*\          - XSPI_FRAME_SIZE_31_BIT
 572:../../../firmware/n32h7xx_std_periph_driver/src/n32h7xx_xspi_v2.c **** *\*\          - XSPI_FRAME_SIZE_32_BIT
 573:../../../firmware/n32h7xx_std_periph_driver/src/n32h7xx_xspi_v2.c **** *\*\param   TransferMode: 
 574:../../../firmware/n32h7xx_std_periph_driver/src/n32h7xx_xspi_v2.c **** *\*\          - XSPI_TX_ONLY_MODE
 575:../../../firmware/n32h7xx_std_periph_driver/src/n32h7xx_xspi_v2.c **** *\*\          - XSPI_RX_ONLY_MODE
 576:../../../firmware/n32h7xx_std_periph_driver/src/n32h7xx_xspi_v2.c **** *\*\param   Baudr: 
 577:../../../firmware/n32h7xx_std_periph_driver/src/n32h7xx_xspi_v2.c **** *\*\          - Any even number between 2 and 65534
 578:../../../firmware/n32h7xx_std_periph_driver/src/n32h7xx_xspi_v2.c **** *\*\param   XipFrameFormat: 
 579:../../../firmware/n32h7xx_std_periph_driver/src/n32h7xx_xspi_v2.c **** *\*\          - XSPI_DUAL_LINE_MODE  
 580:../../../firmware/n32h7xx_std_periph_driver/src/n32h7xx_xspi_v2.c **** *\*\          - XSPI_QUAD_LINE_MODE  
 581:../../../firmware/n32h7xx_std_periph_driver/src/n32h7xx_xspi_v2.c **** *\*\          - XSPI_OCTAL_LINE_MODE 
 582:../../../firmware/n32h7xx_std_periph_driver/src/n32h7xx_xspi_v2.c **** *\*\param   XipTransferType: 
 583:../../../firmware/n32h7xx_std_periph_driver/src/n32h7xx_xspi_v2.c **** *\*\          - XSPI_INST_ADDR_SINGLE_LINE
 584:../../../firmware/n32h7xx_std_periph_driver/src/n32h7xx_xspi_v2.c **** *\*\          - XSPI_INST_SINGLE_LINE_ADDR_MULTI_LINE
 585:../../../firmware/n32h7xx_std_periph_driver/src/n32h7xx_xspi_v2.c **** *\*\          - XSPI_INST_ADDR_MULTI_LINE
 586:../../../firmware/n32h7xx_std_periph_driver/src/n32h7xx_xspi_v2.c **** *\*\param   XipAddrLen: 
 587:../../../firmware/n32h7xx_std_periph_driver/src/n32h7xx_xspi_v2.c **** *\*\         For XIP Read Mode:
 588:../../../firmware/n32h7xx_std_periph_driver/src/n32h7xx_xspi_v2.c **** *\*\          - XSPI_NO_ADDR_PHASE
 589:../../../firmware/n32h7xx_std_periph_driver/src/n32h7xx_xspi_v2.c **** *\*\          - XSPI_ADDR_LEN_4BIT
 590:../../../firmware/n32h7xx_std_periph_driver/src/n32h7xx_xspi_v2.c **** *\*\          - XSPI_ADDR_LEN_8BIT
 591:../../../firmware/n32h7xx_std_periph_driver/src/n32h7xx_xspi_v2.c **** *\*\          - XSPI_ADDR_LEN_12BIT
 592:../../../firmware/n32h7xx_std_periph_driver/src/n32h7xx_xspi_v2.c **** *\*\          - XSPI_ADDR_LEN_16BIT
 593:../../../firmware/n32h7xx_std_periph_driver/src/n32h7xx_xspi_v2.c **** *\*\          - XSPI_ADDR_LEN_20BIT
 594:../../../firmware/n32h7xx_std_periph_driver/src/n32h7xx_xspi_v2.c **** *\*\          - XSPI_ADDR_LEN_24BIT
 595:../../../firmware/n32h7xx_std_periph_driver/src/n32h7xx_xspi_v2.c **** *\*\          - XSPI_ADDR_LEN_28BIT
 596:../../../firmware/n32h7xx_std_periph_driver/src/n32h7xx_xspi_v2.c **** *\*\          - XSPI_ADDR_LEN_32BIT
 597:../../../firmware/n32h7xx_std_periph_driver/src/n32h7xx_xspi_v2.c **** *\*\          - XSPI_ADDR_LEN_36BIT
 598:../../../firmware/n32h7xx_std_periph_driver/src/n32h7xx_xspi_v2.c **** *\*\          - XSPI_ADDR_LEN_40BIT
 599:../../../firmware/n32h7xx_std_periph_driver/src/n32h7xx_xspi_v2.c **** *\*\          - XSPI_ADDR_LEN_44BIT
 600:../../../firmware/n32h7xx_std_periph_driver/src/n32h7xx_xspi_v2.c **** *\*\          - XSPI_ADDR_LEN_48BIT
 601:../../../firmware/n32h7xx_std_periph_driver/src/n32h7xx_xspi_v2.c **** *\*\          - XSPI_ADDR_LEN_52BIT
 602:../../../firmware/n32h7xx_std_periph_driver/src/n32h7xx_xspi_v2.c **** *\*\          - XSPI_ADDR_LEN_56BIT
 603:../../../firmware/n32h7xx_std_periph_driver/src/n32h7xx_xspi_v2.c **** *\*\          - XSPI_ADDR_LEN_60BIT
 604:../../../firmware/n32h7xx_std_periph_driver/src/n32h7xx_xspi_v2.c **** *\*\         
 605:../../../firmware/n32h7xx_std_periph_driver/src/n32h7xx_xspi_v2.c **** *\*\         For XIP Read Mode:
 606:../../../firmware/n32h7xx_std_periph_driver/src/n32h7xx_xspi_v2.c **** *\*\          - XSPI_NO_ADDR_PHASE
 607:../../../firmware/n32h7xx_std_periph_driver/src/n32h7xx_xspi_v2.c **** *\*\          - XSPI_ADDR_LEN_4BIT
 608:../../../firmware/n32h7xx_std_periph_driver/src/n32h7xx_xspi_v2.c **** *\*\          - XSPI_ADDR_LEN_8BIT
ARM GAS  /tmp/ccqjtRa8.s 			page 23


 609:../../../firmware/n32h7xx_std_periph_driver/src/n32h7xx_xspi_v2.c **** *\*\          - XSPI_ADDR_LEN_12BIT
 610:../../../firmware/n32h7xx_std_periph_driver/src/n32h7xx_xspi_v2.c **** *\*\          - XSPI_ADDR_LEN_16BIT
 611:../../../firmware/n32h7xx_std_periph_driver/src/n32h7xx_xspi_v2.c **** *\*\          - XSPI_ADDR_LEN_20BIT
 612:../../../firmware/n32h7xx_std_periph_driver/src/n32h7xx_xspi_v2.c **** *\*\          - XSPI_ADDR_LEN_24BIT
 613:../../../firmware/n32h7xx_std_periph_driver/src/n32h7xx_xspi_v2.c **** *\*\          - XSPI_ADDR_LEN_28BIT
 614:../../../firmware/n32h7xx_std_periph_driver/src/n32h7xx_xspi_v2.c **** *\*\          - XSPI_ADDR_LEN_32BIT
 615:../../../firmware/n32h7xx_std_periph_driver/src/n32h7xx_xspi_v2.c **** *\*\param   XipWaitCycles: 
 616:../../../firmware/n32h7xx_std_periph_driver/src/n32h7xx_xspi_v2.c **** *\*\          - XSPI_WAIT_0_CYCLES
 617:../../../firmware/n32h7xx_std_periph_driver/src/n32h7xx_xspi_v2.c **** *\*\          - XSPI_WAIT_1_CYCLES
 618:../../../firmware/n32h7xx_std_periph_driver/src/n32h7xx_xspi_v2.c **** *\*\          - XSPI_WAIT_2_CYCLES
 619:../../../firmware/n32h7xx_std_periph_driver/src/n32h7xx_xspi_v2.c **** *\*\          - XSPI_WAIT_3_CYCLES
 620:../../../firmware/n32h7xx_std_periph_driver/src/n32h7xx_xspi_v2.c **** *\*\          - XSPI_WAIT_4_CYCLES
 621:../../../firmware/n32h7xx_std_periph_driver/src/n32h7xx_xspi_v2.c **** *\*\          - XSPI_WAIT_5_CYCLES
 622:../../../firmware/n32h7xx_std_periph_driver/src/n32h7xx_xspi_v2.c **** *\*\          - XSPI_WAIT_6_CYCLES
 623:../../../firmware/n32h7xx_std_periph_driver/src/n32h7xx_xspi_v2.c **** *\*\          - XSPI_WAIT_7_CYCLES
 624:../../../firmware/n32h7xx_std_periph_driver/src/n32h7xx_xspi_v2.c **** *\*\          - XSPI_WAIT_8_CYCLES
 625:../../../firmware/n32h7xx_std_periph_driver/src/n32h7xx_xspi_v2.c **** *\*\          - XSPI_WAIT_9_CYCLES
 626:../../../firmware/n32h7xx_std_periph_driver/src/n32h7xx_xspi_v2.c **** *\*\          - XSPI_WAIT_10_CYCLES
 627:../../../firmware/n32h7xx_std_periph_driver/src/n32h7xx_xspi_v2.c **** *\*\          - XSPI_WAIT_11_CYCLES
 628:../../../firmware/n32h7xx_std_periph_driver/src/n32h7xx_xspi_v2.c **** *\*\          - XSPI_WAIT_12_CYCLES
 629:../../../firmware/n32h7xx_std_periph_driver/src/n32h7xx_xspi_v2.c **** *\*\          - XSPI_WAIT_13_CYCLES
 630:../../../firmware/n32h7xx_std_periph_driver/src/n32h7xx_xspi_v2.c **** *\*\          - XSPI_WAIT_14_CYCLES
 631:../../../firmware/n32h7xx_std_periph_driver/src/n32h7xx_xspi_v2.c **** *\*\          - XSPI_WAIT_15_CYCLES
 632:../../../firmware/n32h7xx_std_periph_driver/src/n32h7xx_xspi_v2.c **** *\*\          - XSPI_WAIT_16_CYCLES
 633:../../../firmware/n32h7xx_std_periph_driver/src/n32h7xx_xspi_v2.c **** *\*\          - XSPI_WAIT_17_CYCLES
 634:../../../firmware/n32h7xx_std_periph_driver/src/n32h7xx_xspi_v2.c **** *\*\          - XSPI_WAIT_18_CYCLES
 635:../../../firmware/n32h7xx_std_periph_driver/src/n32h7xx_xspi_v2.c **** *\*\          - XSPI_WAIT_19_CYCLES
 636:../../../firmware/n32h7xx_std_periph_driver/src/n32h7xx_xspi_v2.c **** *\*\          - XSPI_WAIT_20_CYCLES
 637:../../../firmware/n32h7xx_std_periph_driver/src/n32h7xx_xspi_v2.c **** *\*\          - XSPI_WAIT_21_CYCLES
 638:../../../firmware/n32h7xx_std_periph_driver/src/n32h7xx_xspi_v2.c **** *\*\          - XSPI_WAIT_22_CYCLES
 639:../../../firmware/n32h7xx_std_periph_driver/src/n32h7xx_xspi_v2.c **** *\*\          - XSPI_WAIT_23_CYCLES
 640:../../../firmware/n32h7xx_std_periph_driver/src/n32h7xx_xspi_v2.c **** *\*\          - XSPI_WAIT_24_CYCLES
 641:../../../firmware/n32h7xx_std_periph_driver/src/n32h7xx_xspi_v2.c **** *\*\          - XSPI_WAIT_25_CYCLES
 642:../../../firmware/n32h7xx_std_periph_driver/src/n32h7xx_xspi_v2.c **** *\*\          - XSPI_WAIT_26_CYCLES
 643:../../../firmware/n32h7xx_std_periph_driver/src/n32h7xx_xspi_v2.c **** *\*\          - XSPI_WAIT_27_CYCLES
 644:../../../firmware/n32h7xx_std_periph_driver/src/n32h7xx_xspi_v2.c **** *\*\          - XSPI_WAIT_28_CYCLES
 645:../../../firmware/n32h7xx_std_periph_driver/src/n32h7xx_xspi_v2.c **** *\*\          - XSPI_WAIT_29_CYCLES
 646:../../../firmware/n32h7xx_std_periph_driver/src/n32h7xx_xspi_v2.c **** *\*\          - XSPI_WAIT_30_CYCLES
 647:../../../firmware/n32h7xx_std_periph_driver/src/n32h7xx_xspi_v2.c **** *\*\          - XSPI_WAIT_31_CYCLES
 648:../../../firmware/n32h7xx_std_periph_driver/src/n32h7xx_xspi_v2.c **** *\*\          - XSPI_WAIT_32_CYCLES
 649:../../../firmware/n32h7xx_std_periph_driver/src/n32h7xx_xspi_v2.c **** *\*\param   XipDDREable: 
 650:../../../firmware/n32h7xx_std_periph_driver/src/n32h7xx_xspi_v2.c **** *\*\          - XSPI_DDR_DISABLE
 651:../../../firmware/n32h7xx_std_periph_driver/src/n32h7xx_xspi_v2.c **** *\*\          - XSPI_DDR_ENABLE
 652:../../../firmware/n32h7xx_std_periph_driver/src/n32h7xx_xspi_v2.c **** *\*\
 653:../../../firmware/n32h7xx_std_periph_driver/src/n32h7xx_xspi_v2.c **** *\*\
 654:../../../firmware/n32h7xx_std_periph_driver/src/n32h7xx_xspi_v2.c **** *\*\param   Info:   
 655:../../../firmware/n32h7xx_std_periph_driver/src/n32h7xx_xspi_v2.c **** *\*\
 656:../../../firmware/n32h7xx_std_periph_driver/src/n32h7xx_xspi_v2.c **** *\*\param     Read_XIPInitType:  
 657:../../../firmware/n32h7xx_std_periph_driver/src/n32h7xx_xspi_v2.c **** *\*\             Note: XIP Read Parameter, Configuration is only needed when reading from XIP
 658:../../../firmware/n32h7xx_std_periph_driver/src/n32h7xx_xspi_v2.c **** *\*\param        XipInstructLen: 
 659:../../../firmware/n32h7xx_std_periph_driver/src/n32h7xx_xspi_v2.c **** *\*\               - XSPI_NO_INST_PHASE
 660:../../../firmware/n32h7xx_std_periph_driver/src/n32h7xx_xspi_v2.c **** *\*\               - XSPI_INST_LEN_4BIT
 661:../../../firmware/n32h7xx_std_periph_driver/src/n32h7xx_xspi_v2.c **** *\*\               - XSPI_INST_LEN_8BIT
 662:../../../firmware/n32h7xx_std_periph_driver/src/n32h7xx_xspi_v2.c **** *\*\               - XSPI_INST_LEN_16BIT
 663:../../../firmware/n32h7xx_std_periph_driver/src/n32h7xx_xspi_v2.c **** *\*\param        XipInstrctEnable: 
 664:../../../firmware/n32h7xx_std_periph_driver/src/n32h7xx_xspi_v2.c **** *\*\               - XSPI_XIP_INSTRUCT_DISABLE
 665:../../../firmware/n32h7xx_std_periph_driver/src/n32h7xx_xspi_v2.c **** *\*\               - XSPI_XIP_INSTRUCT_ENABLE
ARM GAS  /tmp/ccqjtRa8.s 			page 24


 666:../../../firmware/n32h7xx_std_periph_driver/src/n32h7xx_xspi_v2.c **** *\*\param        XipDFSHC: 
 667:../../../firmware/n32h7xx_std_periph_driver/src/n32h7xx_xspi_v2.c **** *\*\               - XSPI_XIP_DFSHC_DISABLE
 668:../../../firmware/n32h7xx_std_periph_driver/src/n32h7xx_xspi_v2.c **** *\*\               - XSPI_XIP_DFSHC_ENABLE
 669:../../../firmware/n32h7xx_std_periph_driver/src/n32h7xx_xspi_v2.c **** *\*\param        XipPrefetch: 
 670:../../../firmware/n32h7xx_std_periph_driver/src/n32h7xx_xspi_v2.c **** *\*\               - XSPI_XIP_PREFETCH_DISABLE
 671:../../../firmware/n32h7xx_std_periph_driver/src/n32h7xx_xspi_v2.c **** *\*\               - XSPI_XIP_PREFETCH_ENABLE
 672:../../../firmware/n32h7xx_std_periph_driver/src/n32h7xx_xspi_v2.c **** *\*\param        XipModeBit: 
 673:../../../firmware/n32h7xx_std_periph_driver/src/n32h7xx_xspi_v2.c **** *\*\               - XSPI_XIP_MODE_BIT_DISABLE
 674:../../../firmware/n32h7xx_std_periph_driver/src/n32h7xx_xspi_v2.c **** *\*\               - XSPI_XIP_MODE_BIT_ENABLE
 675:../../../firmware/n32h7xx_std_periph_driver/src/n32h7xx_xspi_v2.c **** *\*\param        XipModeBitLen: 
 676:../../../firmware/n32h7xx_std_periph_driver/src/n32h7xx_xspi_v2.c **** *\*\               - XSPI_XIP_MODE_BIT_LEN_2_BIT
 677:../../../firmware/n32h7xx_std_periph_driver/src/n32h7xx_xspi_v2.c **** *\*\               - XSPI_XIP_MODE_BIT_LEN_4_BIT
 678:../../../firmware/n32h7xx_std_periph_driver/src/n32h7xx_xspi_v2.c **** *\*\               - XSPI_XIP_MODE_BIT_LEN_8_BIT
 679:../../../firmware/n32h7xx_std_periph_driver/src/n32h7xx_xspi_v2.c **** *\*\               - XSPI_XIP_MODE_BIT_LEN_16_BIT
 680:../../../firmware/n32h7xx_std_periph_driver/src/n32h7xx_xspi_v2.c **** *\*\
 681:../../../firmware/n32h7xx_std_periph_driver/src/n32h7xx_xspi_v2.c **** *\*\param        ContinueTransfer: 
 682:../../../firmware/n32h7xx_std_periph_driver/src/n32h7xx_xspi_v2.c **** *\*\             Note: XIP Read Parameter 
 683:../../../firmware/n32h7xx_std_periph_driver/src/n32h7xx_xspi_v2.c **** *\*\param          XipContinueTransfer: 
 684:../../../firmware/n32h7xx_std_periph_driver/src/n32h7xx_xspi_v2.c **** *\*\                 - XSPI_XIP_CONTINUE_TRANSFER_DISABLE
 685:../../../firmware/n32h7xx_std_periph_driver/src/n32h7xx_xspi_v2.c **** *\*\                 - XSPI_XIP_CONTINUE_TRANSFER_ENABLE
 686:../../../firmware/n32h7xx_std_periph_driver/src/n32h7xx_xspi_v2.c **** *\*\param          XipWatchDogTimeout: 
 687:../../../firmware/n32h7xx_std_periph_driver/src/n32h7xx_xspi_v2.c **** *\*\                 - 0 ~ 255, in terms of HCLK
 688:../../../firmware/n32h7xx_std_periph_driver/src/n32h7xx_xspi_v2.c **** *\*\
 689:../../../firmware/n32h7xx_std_periph_driver/src/n32h7xx_xspi_v2.c **** *\*\param        DDR_Info: 
 690:../../../firmware/n32h7xx_std_periph_driver/src/n32h7xx_xspi_v2.c **** *\*\param          DDR_InitType: 
 691:../../../firmware/n32h7xx_std_periph_driver/src/n32h7xx_xspi_v2.c **** *\*\               Note: Configuration is only required for XIP DDR reads
 692:../../../firmware/n32h7xx_std_periph_driver/src/n32h7xx_xspi_v2.c **** *\*\param            TxdDriverEdge: 
 693:../../../firmware/n32h7xx_std_periph_driver/src/n32h7xx_xspi_v2.c **** *\*\                   - 0 ~ 255, Max value = (BAUD/2) - 1, BAUDR = CLKDIV[14:0] * 2)
 694:../../../firmware/n32h7xx_std_periph_driver/src/n32h7xx_xspi_v2.c **** *\*\param            XipInstrucDDR: 
 695:../../../firmware/n32h7xx_std_periph_driver/src/n32h7xx_xspi_v2.c **** *\*\                   - XSPI_INST_DDR_DISABLE
 696:../../../firmware/n32h7xx_std_periph_driver/src/n32h7xx_xspi_v2.c **** *\*\                   - XSPI_INST_DDR_ENABLE
 697:../../../firmware/n32h7xx_std_periph_driver/src/n32h7xx_xspi_v2.c **** *\*\param            XipRxdsSignal: 
 698:../../../firmware/n32h7xx_std_periph_driver/src/n32h7xx_xspi_v2.c **** *\*\                   - XSPI_RXDS_SIGNAL_DISABLE
 699:../../../firmware/n32h7xx_std_periph_driver/src/n32h7xx_xspi_v2.c **** *\*\                   - XSPI_RXDS_SIGNAL_ENABLE
 700:../../../firmware/n32h7xx_std_periph_driver/src/n32h7xx_xspi_v2.c **** *\*\
 701:../../../firmware/n32h7xx_std_periph_driver/src/n32h7xx_xspi_v2.c **** *\*\param          Rxds_InitType: 
 702:../../../firmware/n32h7xx_std_periph_driver/src/n32h7xx_xspi_v2.c **** *\*\               Note: Configuration is only required for XIP Non-DDR reads
 703:../../../firmware/n32h7xx_std_periph_driver/src/n32h7xx_xspi_v2.c **** *\*\param            RxdSamplingEdge: 
 704:../../../firmware/n32h7xx_std_periph_driver/src/n32h7xx_xspi_v2.c **** *\*\                   - XSPI_RXD_HCLK_RISING_SAMPLING
 705:../../../firmware/n32h7xx_std_periph_driver/src/n32h7xx_xspi_v2.c **** *\*\                   - XSPI_RXD_HCLK_FALLING_SAMPLING
 706:../../../firmware/n32h7xx_std_periph_driver/src/n32h7xx_xspi_v2.c **** *\*\param            RxdSampleDelay: 
 707:../../../firmware/n32h7xx_std_periph_driver/src/n32h7xx_xspi_v2.c **** *\*\                   - Valid values 0 ~ 255, measured in HCLK
 708:../../../firmware/n32h7xx_std_periph_driver/src/n32h7xx_xspi_v2.c **** *\*\
 709:../../../firmware/n32h7xx_std_periph_driver/src/n32h7xx_xspi_v2.c **** *\*\
 710:../../../firmware/n32h7xx_std_periph_driver/src/n32h7xx_xspi_v2.c **** *\*\param     Write_XIPInitType:  
 711:../../../firmware/n32h7xx_std_periph_driver/src/n32h7xx_xspi_v2.c **** *\*\             Note: XIP Write Parameter, Configuration is only needed when writing from XIP
 712:../../../firmware/n32h7xx_std_periph_driver/src/n32h7xx_xspi_v2.c **** *\*\param        XipInstructLen: 
 713:../../../firmware/n32h7xx_std_periph_driver/src/n32h7xx_xspi_v2.c **** *\*\               - XSPI_NO_INST_PHASE
 714:../../../firmware/n32h7xx_std_periph_driver/src/n32h7xx_xspi_v2.c **** *\*\               - XSPI_INST_LEN_4BIT
 715:../../../firmware/n32h7xx_std_periph_driver/src/n32h7xx_xspi_v2.c **** *\*\               - XSPI_INST_LEN_8BIT
 716:../../../firmware/n32h7xx_std_periph_driver/src/n32h7xx_xspi_v2.c **** *\*\               - XSPI_INST_LEN_16BIT
 717:../../../firmware/n32h7xx_std_periph_driver/src/n32h7xx_xspi_v2.c **** *\*\
 718:../../../firmware/n32h7xx_std_periph_driver/src/n32h7xx_xspi_v2.c **** *\*\param        DDR_InitType: 
 719:../../../firmware/n32h7xx_std_periph_driver/src/n32h7xx_xspi_v2.c **** *\*\             Note: Configuration is only required for XIP DDR writes
 720:../../../firmware/n32h7xx_std_periph_driver/src/n32h7xx_xspi_v2.c **** *\*\param          TxdDriverEdge: 
 721:../../../firmware/n32h7xx_std_periph_driver/src/n32h7xx_xspi_v2.c **** *\*\                 - 0 ~ 255, Max value = (BAUD/2) - 1, BAUDR = CLKDIV[14:0] * 2)
 722:../../../firmware/n32h7xx_std_periph_driver/src/n32h7xx_xspi_v2.c **** *\*\param          XipInstrucDDR: 
ARM GAS  /tmp/ccqjtRa8.s 			page 25


 723:../../../firmware/n32h7xx_std_periph_driver/src/n32h7xx_xspi_v2.c **** *\*\                 - XSPI_INST_DDR_DISABLE
 724:../../../firmware/n32h7xx_std_periph_driver/src/n32h7xx_xspi_v2.c **** *\*\                 - XSPI_RXDS_SIGNAL_ENABLE
 725:../../../firmware/n32h7xx_std_periph_driver/src/n32h7xx_xspi_v2.c **** *\*\
 726:../../../firmware/n32h7xx_std_periph_driver/src/n32h7xx_xspi_v2.c **** *\*\return  none
 727:../../../firmware/n32h7xx_std_periph_driver/src/n32h7xx_xspi_v2.c **** **/
 728:../../../firmware/n32h7xx_std_periph_driver/src/n32h7xx_xspi_v2.c **** void XSPI_InitXIP(XSPI_Module *xSPIx, XSPI_XIPInitType* XSPI_XIPInitStruct)
 729:../../../firmware/n32h7xx_std_periph_driver/src/n32h7xx_xspi_v2.c **** {
 654              		.loc 1 729 1
 655              		.cfi_startproc
 656              		@ args = 0, pretend = 0, frame = 16
 657              		@ frame_needed = 1, uses_anonymous_args = 0
 658              		@ link register save eliminated.
 659 0000 80B4     		push	{r7}
 660              	.LCFI26:
 661              		.cfi_def_cfa_offset 4
 662              		.cfi_offset 7, -4
 663 0002 85B0     		sub	sp, sp, #20
 664              	.LCFI27:
 665              		.cfi_def_cfa_offset 24
 666 0004 00AF     		add	r7, sp, #0
 667              	.LCFI28:
 668              		.cfi_def_cfa_register 7
 669 0006 7860     		str	r0, [r7, #4]
 670 0008 3960     		str	r1, [r7]
 730:../../../firmware/n32h7xx_std_periph_driver/src/n32h7xx_xspi_v2.c ****     uint32_t tmpregister = 0;
 671              		.loc 1 730 14
 672 000a 0023     		movs	r3, #0
 673 000c FB60     		str	r3, [r7, #12]
 731:../../../firmware/n32h7xx_std_periph_driver/src/n32h7xx_xspi_v2.c **** 
 732:../../../firmware/n32h7xx_std_periph_driver/src/n32h7xx_xspi_v2.c ****     /*---------------------------- XSPI CTRL0 Configuration ------------------------*/
 733:../../../firmware/n32h7xx_std_periph_driver/src/n32h7xx_xspi_v2.c ****     /* Get the XSPI CTRL0 value */
 734:../../../firmware/n32h7xx_std_periph_driver/src/n32h7xx_xspi_v2.c ****     tmpregister = xSPIx->CTRL0;
 674              		.loc 1 734 17
 675 000e 7B68     		ldr	r3, [r7, #4]
 676 0010 1B68     		ldr	r3, [r3]
 677 0012 FB60     		str	r3, [r7, #12]
 735:../../../firmware/n32h7xx_std_periph_driver/src/n32h7xx_xspi_v2.c **** 
 736:../../../firmware/n32h7xx_std_periph_driver/src/n32h7xx_xspi_v2.c ****     /* Clear Control bit */
 737:../../../firmware/n32h7xx_std_periph_driver/src/n32h7xx_xspi_v2.c ****     tmpregister &= ~XSPI_CTRL0_MASK;
 678              		.loc 1 737 17
 679 0014 FA68     		ldr	r2, [r7, #12]
 680 0016 7E4B     		ldr	r3, .L30
 681 0018 1340     		ands	r3, r3, r2
 682 001a FB60     		str	r3, [r7, #12]
 738:../../../firmware/n32h7xx_std_periph_driver/src/n32h7xx_xspi_v2.c **** 
 739:../../../firmware/n32h7xx_std_periph_driver/src/n32h7xx_xspi_v2.c ****     /* Configure: Data Frame Size 
 740:../../../firmware/n32h7xx_std_periph_driver/src/n32h7xx_xspi_v2.c ****      * Configure: Serial Clock Phase
 741:../../../firmware/n32h7xx_std_periph_driver/src/n32h7xx_xspi_v2.c ****      * Configure: Serial Clock Polarity
 742:../../../firmware/n32h7xx_std_periph_driver/src/n32h7xx_xspi_v2.c ****      * Configure: Transfer Mode
 743:../../../firmware/n32h7xx_std_periph_driver/src/n32h7xx_xspi_v2.c ****      * Configure: Master mode 
 744:../../../firmware/n32h7xx_std_periph_driver/src/n32h7xx_xspi_v2.c ****      */
 745:../../../firmware/n32h7xx_std_periph_driver/src/n32h7xx_xspi_v2.c ****     tmpregister |= ((uint32_t)(XSPI_XIPInitStruct->DataFrameSize| XSPI_XIPInitStruct->SCPH | 
 683              		.loc 1 745 50
 684 001c 3B68     		ldr	r3, [r7]
 685 001e 9A68     		ldr	r2, [r3, #8]
 686              		.loc 1 745 85
 687 0020 3B68     		ldr	r3, [r7]
ARM GAS  /tmp/ccqjtRa8.s 			page 26


 688 0022 1B68     		ldr	r3, [r3]
 689              		.loc 1 745 65
 690 0024 1A43     		orrs	r2, r2, r3
 746:../../../firmware/n32h7xx_std_periph_driver/src/n32h7xx_xspi_v2.c ****                                XSPI_XIPInitStruct->SCPOL | XSPI_XIPInitStruct->TransferMode | XSPI_
 691              		.loc 1 746 50
 692 0026 3B68     		ldr	r3, [r7]
 693 0028 5B68     		ldr	r3, [r3, #4]
 745:../../../firmware/n32h7xx_std_periph_driver/src/n32h7xx_xspi_v2.c ****                                XSPI_XIPInitStruct->SCPOL | XSPI_XIPInitStruct->TransferMode | XSPI_
 694              		.loc 1 745 92
 695 002a 1A43     		orrs	r2, r2, r3
 696              		.loc 1 746 78
 697 002c 3B68     		ldr	r3, [r7]
 698 002e DB68     		ldr	r3, [r3, #12]
 699              		.loc 1 746 58
 700 0030 1A43     		orrs	r2, r2, r3
 745:../../../firmware/n32h7xx_std_periph_driver/src/n32h7xx_xspi_v2.c ****                                XSPI_XIPInitStruct->SCPOL | XSPI_XIPInitStruct->TransferMode | XSPI_
 701              		.loc 1 745 17
 702 0032 FB68     		ldr	r3, [r7, #12]
 703 0034 1343     		orrs	r3, r3, r2
 704 0036 43F00043 		orr	r3, r3, #-2147483648
 705 003a FB60     		str	r3, [r7, #12]
 747:../../../firmware/n32h7xx_std_periph_driver/src/n32h7xx_xspi_v2.c ****                      
 748:../../../firmware/n32h7xx_std_periph_driver/src/n32h7xx_xspi_v2.c ****     /* Write to XSPI CTRL0 */
 749:../../../firmware/n32h7xx_std_periph_driver/src/n32h7xx_xspi_v2.c ****     xSPIx->CTRL0 = tmpregister;
 706              		.loc 1 749 18
 707 003c 7B68     		ldr	r3, [r7, #4]
 708 003e FA68     		ldr	r2, [r7, #12]
 709 0040 1A60     		str	r2, [r3]
 750:../../../firmware/n32h7xx_std_periph_driver/src/n32h7xx_xspi_v2.c **** 
 751:../../../firmware/n32h7xx_std_periph_driver/src/n32h7xx_xspi_v2.c ****     /* Set the XSPI BAUD value */
 752:../../../firmware/n32h7xx_std_periph_driver/src/n32h7xx_xspi_v2.c ****     xSPIx->BAUD = ((uint32_t)((XSPI_XIPInitStruct->Baudr / 2U) << 1U));
 710              		.loc 1 752 50
 711 0042 3B68     		ldr	r3, [r7]
 712 0044 1B69     		ldr	r3, [r3, #16]
 713              		.loc 1 752 58
 714 0046 5B08     		lsrs	r3, r3, #1
 715              		.loc 1 752 20
 716 0048 5A00     		lsls	r2, r3, #1
 717              		.loc 1 752 17
 718 004a 7B68     		ldr	r3, [r7, #4]
 719 004c 5A61     		str	r2, [r3, #20]
 753:../../../firmware/n32h7xx_std_periph_driver/src/n32h7xx_xspi_v2.c **** 
 754:../../../firmware/n32h7xx_std_periph_driver/src/n32h7xx_xspi_v2.c ****     /* Get the XSPI ENH_CTRL0 value */
 755:../../../firmware/n32h7xx_std_periph_driver/src/n32h7xx_xspi_v2.c ****     tmpregister = xSPIx->ENH_CTRL0;
 720              		.loc 1 755 17
 721 004e 7B68     		ldr	r3, [r7, #4]
 722 0050 D3F8F430 		ldr	r3, [r3, #244]
 723 0054 FB60     		str	r3, [r7, #12]
 756:../../../firmware/n32h7xx_std_periph_driver/src/n32h7xx_xspi_v2.c **** 
 757:../../../firmware/n32h7xx_std_periph_driver/src/n32h7xx_xspi_v2.c ****     /* Clear clock stretching capability bit */
 758:../../../firmware/n32h7xx_std_periph_driver/src/n32h7xx_xspi_v2.c ****     tmpregister &= ~XSPI_V2_ENH_CTRL0_CLKSTREN;
 724              		.loc 1 758 17
 725 0056 FB68     		ldr	r3, [r7, #12]
 726 0058 23F08043 		bic	r3, r3, #1073741824
 727 005c FB60     		str	r3, [r7, #12]
 759:../../../firmware/n32h7xx_std_periph_driver/src/n32h7xx_xspi_v2.c ****                         
 760:../../../firmware/n32h7xx_std_periph_driver/src/n32h7xx_xspi_v2.c ****     /* Write to XSPI CTRL0 */
ARM GAS  /tmp/ccqjtRa8.s 			page 27


 761:../../../firmware/n32h7xx_std_periph_driver/src/n32h7xx_xspi_v2.c ****     xSPIx->ENH_CTRL0 = tmpregister;
 728              		.loc 1 761 22
 729 005e 7B68     		ldr	r3, [r7, #4]
 730 0060 FA68     		ldr	r2, [r7, #12]
 731 0062 C3F8F420 		str	r2, [r3, #244]
 762:../../../firmware/n32h7xx_std_periph_driver/src/n32h7xx_xspi_v2.c **** 
 763:../../../firmware/n32h7xx_std_periph_driver/src/n32h7xx_xspi_v2.c ****     /***************** XIP Read Mode *****************/
 764:../../../firmware/n32h7xx_std_periph_driver/src/n32h7xx_xspi_v2.c ****     if (XSPI_XIPInitStruct->TransferMode == XSPI_RX_ONLY_MODE)
 732              		.loc 1 764 27
 733 0066 3B68     		ldr	r3, [r7]
 734 0068 DB68     		ldr	r3, [r3, #12]
 735              		.loc 1 764 8
 736 006a B3F5006F 		cmp	r3, #2048
 737 006e 79D1     		bne	.L19
 765:../../../firmware/n32h7xx_std_periph_driver/src/n32h7xx_xspi_v2.c ****     {
 766:../../../firmware/n32h7xx_std_periph_driver/src/n32h7xx_xspi_v2.c ****         /*---------------------------- XSPI XIP_CTRL Configuration ------------------------*/
 767:../../../firmware/n32h7xx_std_periph_driver/src/n32h7xx_xspi_v2.c ****         /* Get the XSPI XIP_CTRL value */
 768:../../../firmware/n32h7xx_std_periph_driver/src/n32h7xx_xspi_v2.c ****         tmpregister = xSPIx->XIP_CTRL;
 738              		.loc 1 768 21
 739 0070 7B68     		ldr	r3, [r7, #4]
 740 0072 D3F80831 		ldr	r3, [r3, #264]
 741 0076 FB60     		str	r3, [r7, #12]
 769:../../../firmware/n32h7xx_std_periph_driver/src/n32h7xx_xspi_v2.c **** 
 770:../../../firmware/n32h7xx_std_periph_driver/src/n32h7xx_xspi_v2.c ****         /* Clear XIP_CTRL Register */
 771:../../../firmware/n32h7xx_std_periph_driver/src/n32h7xx_xspi_v2.c ****         tmpregister &= ~(XSPI_XIP_CTRL_BASE_MASK | XSPI_XIP_CTRL_DDR_MASK);
 742              		.loc 1 771 21
 743 0078 FA68     		ldr	r2, [r7, #12]
 744 007a 664B     		ldr	r3, .L30+4
 745 007c 1340     		ands	r3, r3, r2
 746 007e FB60     		str	r3, [r7, #12]
 772:../../../firmware/n32h7xx_std_periph_driver/src/n32h7xx_xspi_v2.c **** 
 773:../../../firmware/n32h7xx_std_periph_driver/src/n32h7xx_xspi_v2.c ****         /* Configure: SPI Frame Format */
 774:../../../firmware/n32h7xx_std_periph_driver/src/n32h7xx_xspi_v2.c ****         tmpregister |= ((uint32_t)(XSPI_XIPInitStruct->XipFrameFormat >> 22U));
 747              		.loc 1 774 54
 748 0080 3B68     		ldr	r3, [r7]
 749 0082 5B69     		ldr	r3, [r3, #20]
 750              		.loc 1 774 71
 751 0084 9B0D     		lsrs	r3, r3, #22
 752              		.loc 1 774 21
 753 0086 FA68     		ldr	r2, [r7, #12]
 754 0088 1343     		orrs	r3, r3, r2
 755 008a FB60     		str	r3, [r7, #12]
 775:../../../firmware/n32h7xx_std_periph_driver/src/n32h7xx_xspi_v2.c **** 
 776:../../../firmware/n32h7xx_std_periph_driver/src/n32h7xx_xspi_v2.c ****         /* Configure: Address and instruction transfer format 
 777:../../../firmware/n32h7xx_std_periph_driver/src/n32h7xx_xspi_v2.c ****         * Configure: Address Length
 778:../../../firmware/n32h7xx_std_periph_driver/src/n32h7xx_xspi_v2.c ****         */
 779:../../../firmware/n32h7xx_std_periph_driver/src/n32h7xx_xspi_v2.c ****         tmpregister |= ((uint32_t)((XSPI_XIPInitStruct->XipTransferType | XSPI_XIPInitStruct->XipAd
 756              		.loc 1 779 55
 757 008c 3B68     		ldr	r3, [r7]
 758 008e 9A69     		ldr	r2, [r3, #24]
 759              		.loc 1 779 93
 760 0090 3B68     		ldr	r3, [r7]
 761 0092 DB69     		ldr	r3, [r3, #28]
 762              		.loc 1 779 73
 763 0094 1343     		orrs	r3, r3, r2
 764              		.loc 1 779 25
 765 0096 9B00     		lsls	r3, r3, #2
ARM GAS  /tmp/ccqjtRa8.s 			page 28


 766              		.loc 1 779 21
 767 0098 FA68     		ldr	r2, [r7, #12]
 768 009a 1343     		orrs	r3, r3, r2
 769 009c FB60     		str	r3, [r7, #12]
 780:../../../firmware/n32h7xx_std_periph_driver/src/n32h7xx_xspi_v2.c **** 
 781:../../../firmware/n32h7xx_std_periph_driver/src/n32h7xx_xspi_v2.c ****         /* Configure: Wait cycles between control frames transmit and data reception */
 782:../../../firmware/n32h7xx_std_periph_driver/src/n32h7xx_xspi_v2.c ****         tmpregister |= ((uint32_t)((XSPI_XIPInitStruct->XipWaitCycles & 0x0000001FU) << 13U));
 770              		.loc 1 782 55
 771 009e 3B68     		ldr	r3, [r7]
 772 00a0 1B6A     		ldr	r3, [r3, #32]
 773              		.loc 1 782 25
 774 00a2 5B03     		lsls	r3, r3, #13
 775 00a4 03F47833 		and	r3, r3, #253952
 776              		.loc 1 782 21
 777 00a8 FA68     		ldr	r2, [r7, #12]
 778 00aa 1343     		orrs	r3, r3, r2
 779 00ac FB60     		str	r3, [r7, #12]
 783:../../../firmware/n32h7xx_std_periph_driver/src/n32h7xx_xspi_v2.c **** 
 784:../../../firmware/n32h7xx_std_periph_driver/src/n32h7xx_xspi_v2.c ****         /* Configure: XIP transfer instruction phase */
 785:../../../firmware/n32h7xx_std_periph_driver/src/n32h7xx_xspi_v2.c ****         if (XSPI_XIPInitStruct->XIP_Info.Read_XIPInitType.XipInstrctEnable)
 780              		.loc 1 785 58
 781 00ae 3B68     		ldr	r3, [r7]
 782 00b0 DB6A     		ldr	r3, [r3, #44]
 783              		.loc 1 785 12
 784 00b2 002B     		cmp	r3, #0
 785 00b4 0AD0     		beq	.L20
 786:../../../firmware/n32h7xx_std_periph_driver/src/n32h7xx_xspi_v2.c ****         {
 787:../../../firmware/n32h7xx_std_periph_driver/src/n32h7xx_xspi_v2.c ****             /* Configure: instruction length */
 788:../../../firmware/n32h7xx_std_periph_driver/src/n32h7xx_xspi_v2.c ****             tmpregister |= ((uint32_t)(XSPI_XIPInitStruct->XIP_Info.Read_XIPInitType.XipInstructLen
 786              		.loc 1 788 85
 787 00b6 3B68     		ldr	r3, [r7]
 788 00b8 9B6A     		ldr	r3, [r3, #40]
 789              		.loc 1 788 29
 790 00ba 5B00     		lsls	r3, r3, #1
 791              		.loc 1 788 25
 792 00bc FA68     		ldr	r2, [r7, #12]
 793 00be 1343     		orrs	r3, r3, r2
 794 00c0 FB60     		str	r3, [r7, #12]
 789:../../../firmware/n32h7xx_std_periph_driver/src/n32h7xx_xspi_v2.c **** 
 790:../../../firmware/n32h7xx_std_periph_driver/src/n32h7xx_xspi_v2.c ****             /* Configure: XIP instruction enable */
 791:../../../firmware/n32h7xx_std_periph_driver/src/n32h7xx_xspi_v2.c ****             tmpregister |= ((uint32_t)(XSPI_XIPInitStruct->XIP_Info.Read_XIPInitType.XipInstrctEnab
 795              		.loc 1 791 85
 796 00c2 3B68     		ldr	r3, [r7]
 797 00c4 DB6A     		ldr	r3, [r3, #44]
 798              		.loc 1 791 25
 799 00c6 FA68     		ldr	r2, [r7, #12]
 800 00c8 1343     		orrs	r3, r3, r2
 801 00ca FB60     		str	r3, [r7, #12]
 802              	.L20:
 792:../../../firmware/n32h7xx_std_periph_driver/src/n32h7xx_xspi_v2.c ****         }
 793:../../../firmware/n32h7xx_std_periph_driver/src/n32h7xx_xspi_v2.c ****         else
 794:../../../firmware/n32h7xx_std_periph_driver/src/n32h7xx_xspi_v2.c ****         {
 795:../../../firmware/n32h7xx_std_periph_driver/src/n32h7xx_xspi_v2.c ****             /* No Process */
 796:../../../firmware/n32h7xx_std_periph_driver/src/n32h7xx_xspi_v2.c ****         }
 797:../../../firmware/n32h7xx_std_periph_driver/src/n32h7xx_xspi_v2.c ****         
 798:../../../firmware/n32h7xx_std_periph_driver/src/n32h7xx_xspi_v2.c ****         /* Configure: Enables XIP pre-fetch functionality 
 799:../../../firmware/n32h7xx_std_periph_driver/src/n32h7xx_xspi_v2.c ****          * Configure: Fix DFS for XIP transfers
ARM GAS  /tmp/ccqjtRa8.s 			page 29


 800:../../../firmware/n32h7xx_std_periph_driver/src/n32h7xx_xspi_v2.c ****          */
 801:../../../firmware/n32h7xx_std_periph_driver/src/n32h7xx_xspi_v2.c ****         tmpregister |= ((uint32_t)(XSPI_XIPInitStruct->XIP_Info.Read_XIPInitType.XipPrefetch | XSPI
 803              		.loc 1 801 81
 804 00cc 3B68     		ldr	r3, [r7]
 805 00ce 1A6C     		ldr	r2, [r3, #64]
 806              		.loc 1 801 141
 807 00d0 3B68     		ldr	r3, [r7]
 808 00d2 DB6B     		ldr	r3, [r3, #60]
 809              		.loc 1 801 94
 810 00d4 1343     		orrs	r3, r3, r2
 811              		.loc 1 801 21
 812 00d6 FA68     		ldr	r2, [r7, #12]
 813 00d8 1343     		orrs	r3, r3, r2
 814 00da FB60     		str	r3, [r7, #12]
 802:../../../firmware/n32h7xx_std_periph_driver/src/n32h7xx_xspi_v2.c ****         
 803:../../../firmware/n32h7xx_std_periph_driver/src/n32h7xx_xspi_v2.c ****         /* Configure: Mode bits enable in XIP mode
 804:../../../firmware/n32h7xx_std_periph_driver/src/n32h7xx_xspi_v2.c ****          * Configure: XIP Mode bits length
 805:../../../firmware/n32h7xx_std_periph_driver/src/n32h7xx_xspi_v2.c ****          */
 806:../../../firmware/n32h7xx_std_periph_driver/src/n32h7xx_xspi_v2.c ****         if (XSPI_XIPInitStruct->XIP_Info.Read_XIPInitType.XipModeBit == XSPI_XIP_MODE_BIT_ENABLE)
 815              		.loc 1 806 58
 816 00dc 3B68     		ldr	r3, [r7]
 817 00de 5B6C     		ldr	r3, [r3, #68]
 818              		.loc 1 806 12
 819 00e0 B3F5805F 		cmp	r3, #4096
 820 00e4 07D1     		bne	.L21
 807:../../../firmware/n32h7xx_std_periph_driver/src/n32h7xx_xspi_v2.c ****         {
 808:../../../firmware/n32h7xx_std_periph_driver/src/n32h7xx_xspi_v2.c ****             tmpregister |= ((uint32_t)(XSPI_XIPInitStruct->XIP_Info.Read_XIPInitType.XipModeBit | X
 821              		.loc 1 808 85
 822 00e6 3B68     		ldr	r3, [r7]
 823 00e8 5A6C     		ldr	r2, [r3, #68]
 824              		.loc 1 808 144
 825 00ea 3B68     		ldr	r3, [r7]
 826 00ec 9B6C     		ldr	r3, [r3, #72]
 827              		.loc 1 808 97
 828 00ee 1343     		orrs	r3, r3, r2
 829              		.loc 1 808 25
 830 00f0 FA68     		ldr	r2, [r7, #12]
 831 00f2 1343     		orrs	r3, r3, r2
 832 00f4 FB60     		str	r3, [r7, #12]
 833              	.L21:
 809:../../../firmware/n32h7xx_std_periph_driver/src/n32h7xx_xspi_v2.c ****         }
 810:../../../firmware/n32h7xx_std_periph_driver/src/n32h7xx_xspi_v2.c ****         else
 811:../../../firmware/n32h7xx_std_periph_driver/src/n32h7xx_xspi_v2.c ****         {
 812:../../../firmware/n32h7xx_std_periph_driver/src/n32h7xx_xspi_v2.c ****             /* No Process */
 813:../../../firmware/n32h7xx_std_periph_driver/src/n32h7xx_xspi_v2.c ****         }
 814:../../../firmware/n32h7xx_std_periph_driver/src/n32h7xx_xspi_v2.c **** 
 815:../../../firmware/n32h7xx_std_periph_driver/src/n32h7xx_xspi_v2.c ****         /* Configure: Enable continuous transfer in XIP mode */
 816:../../../firmware/n32h7xx_std_periph_driver/src/n32h7xx_xspi_v2.c ****         if (XSPI_XIPInitStruct->XIP_Info.Read_XIPInitType.ContinueTransfer.XipContinueTransfer)
 834              		.loc 1 816 75
 835 00f6 3B68     		ldr	r3, [r7]
 836 00f8 DB6C     		ldr	r3, [r3, #76]
 837              		.loc 1 816 12
 838 00fa 002B     		cmp	r3, #0
 839 00fc 0AD0     		beq	.L22
 817:../../../firmware/n32h7xx_std_periph_driver/src/n32h7xx_xspi_v2.c ****         {
 818:../../../firmware/n32h7xx_std_periph_driver/src/n32h7xx_xspi_v2.c ****             tmpregister |= ((uint32_t)(XSPI_XIPInitStruct->XIP_Info.Read_XIPInitType.ContinueTransf
 840              		.loc 1 818 102
ARM GAS  /tmp/ccqjtRa8.s 			page 30


 841 00fe 3B68     		ldr	r3, [r7]
 842 0100 DB6C     		ldr	r3, [r3, #76]
 843              		.loc 1 818 25
 844 0102 FA68     		ldr	r2, [r7, #12]
 845 0104 1343     		orrs	r3, r3, r2
 846 0106 FB60     		str	r3, [r7, #12]
 819:../../../firmware/n32h7xx_std_periph_driver/src/n32h7xx_xspi_v2.c **** 
 820:../../../firmware/n32h7xx_std_periph_driver/src/n32h7xx_xspi_v2.c ****             /* Configure: XIP time out value in terms of hclk */
 821:../../../firmware/n32h7xx_std_periph_driver/src/n32h7xx_xspi_v2.c ****             xSPIx->XIP_TOUT = XSPI_XIPInitStruct->XIP_Info.Read_XIPInitType.ContinueTransfer.XipWat
 847              		.loc 1 821 93
 848 0108 3B68     		ldr	r3, [r7]
 849 010a 1A6D     		ldr	r2, [r3, #80]
 850              		.loc 1 821 29
 851 010c 7B68     		ldr	r3, [r7, #4]
 852 010e C3F81421 		str	r2, [r3, #276]
 853 0112 03E0     		b	.L23
 854              	.L22:
 822:../../../firmware/n32h7xx_std_periph_driver/src/n32h7xx_xspi_v2.c ****         }
 823:../../../firmware/n32h7xx_std_periph_driver/src/n32h7xx_xspi_v2.c ****         else
 824:../../../firmware/n32h7xx_std_periph_driver/src/n32h7xx_xspi_v2.c ****         {
 825:../../../firmware/n32h7xx_std_periph_driver/src/n32h7xx_xspi_v2.c ****             /* Clear XIP_TOUT register */
 826:../../../firmware/n32h7xx_std_periph_driver/src/n32h7xx_xspi_v2.c ****             xSPIx->XIP_TOUT = 0x00000000U;
 855              		.loc 1 826 29
 856 0114 7B68     		ldr	r3, [r7, #4]
 857 0116 0022     		movs	r2, #0
 858 0118 C3F81421 		str	r2, [r3, #276]
 859              	.L23:
 827:../../../firmware/n32h7xx_std_periph_driver/src/n32h7xx_xspi_v2.c ****         }
 828:../../../firmware/n32h7xx_std_periph_driver/src/n32h7xx_xspi_v2.c **** 
 829:../../../firmware/n32h7xx_std_periph_driver/src/n32h7xx_xspi_v2.c ****         /* Configure DDR Mode */
 830:../../../firmware/n32h7xx_std_periph_driver/src/n32h7xx_xspi_v2.c ****         if (XSPI_XIPInitStruct->XipDDREable)
 860              		.loc 1 830 31
 861 011c 3B68     		ldr	r3, [r7]
 862 011e 5B6A     		ldr	r3, [r3, #36]
 863              		.loc 1 830 12
 864 0120 002B     		cmp	r3, #0
 865 0122 11D0     		beq	.L24
 831:../../../firmware/n32h7xx_std_periph_driver/src/n32h7xx_xspi_v2.c ****         {
 832:../../../firmware/n32h7xx_std_periph_driver/src/n32h7xx_xspi_v2.c ****             /* Configure: XIP mode DDR Enable (address DDR and data DDR)
 833:../../../firmware/n32h7xx_std_periph_driver/src/n32h7xx_xspi_v2.c ****              * Configure: XIP mode instruction DDR Enable
 834:../../../firmware/n32h7xx_std_periph_driver/src/n32h7xx_xspi_v2.c ****              * Configure: XIP mode read data strobe enable (DDR mode)
 835:../../../firmware/n32h7xx_std_periph_driver/src/n32h7xx_xspi_v2.c ****              */
 836:../../../firmware/n32h7xx_std_periph_driver/src/n32h7xx_xspi_v2.c **** 
 837:../../../firmware/n32h7xx_std_periph_driver/src/n32h7xx_xspi_v2.c ****             tmpregister |= ((uint32_t)((XSPI_XIPInitStruct->XipDDREable | 
 866              		.loc 1 837 59
 867 0124 3B68     		ldr	r3, [r7]
 868 0126 5A6A     		ldr	r2, [r3, #36]
 838:../../../firmware/n32h7xx_std_periph_driver/src/n32h7xx_xspi_v2.c ****                                         XSPI_XIPInitStruct->XIP_Info.Read_XIPInitType.Info.DDR_Init
 869              		.loc 1 838 104
 870 0128 3B68     		ldr	r3, [r7]
 871 012a 5B6B     		ldr	r3, [r3, #52]
 837:../../../firmware/n32h7xx_std_periph_driver/src/n32h7xx_xspi_v2.c ****                                         XSPI_XIPInitStruct->XIP_Info.Read_XIPInitType.Info.DDR_Init
 872              		.loc 1 837 73
 873 012c 1A43     		orrs	r2, r2, r3
 839:../../../firmware/n32h7xx_std_periph_driver/src/n32h7xx_xspi_v2.c ****                                         XSPI_XIPInitStruct->XIP_Info.Read_XIPInitType.Info.DDR_Init
 874              		.loc 1 839 104
 875 012e 3B68     		ldr	r3, [r7]
ARM GAS  /tmp/ccqjtRa8.s 			page 31


 876 0130 9B6B     		ldr	r3, [r3, #56]
 838:../../../firmware/n32h7xx_std_periph_driver/src/n32h7xx_xspi_v2.c ****                                         XSPI_XIPInitStruct->XIP_Info.Read_XIPInitType.Info.DDR_Init
 877              		.loc 1 838 119
 878 0132 1343     		orrs	r3, r3, r2
 837:../../../firmware/n32h7xx_std_periph_driver/src/n32h7xx_xspi_v2.c ****                                         XSPI_XIPInitStruct->XIP_Info.Read_XIPInitType.Info.DDR_Init
 879              		.loc 1 837 29
 880 0134 DB00     		lsls	r3, r3, #3
 837:../../../firmware/n32h7xx_std_periph_driver/src/n32h7xx_xspi_v2.c ****                                         XSPI_XIPInitStruct->XIP_Info.Read_XIPInitType.Info.DDR_Init
 881              		.loc 1 837 25
 882 0136 FA68     		ldr	r2, [r7, #12]
 883 0138 1343     		orrs	r3, r3, r2
 884 013a FB60     		str	r3, [r7, #12]
 840:../../../firmware/n32h7xx_std_periph_driver/src/n32h7xx_xspi_v2.c ****             
 841:../../../firmware/n32h7xx_std_periph_driver/src/n32h7xx_xspi_v2.c ****             /* Configure: DDR mode TXD Drive edge register which decided the driving edge of transm
 842:../../../firmware/n32h7xx_std_periph_driver/src/n32h7xx_xspi_v2.c ****              * Note: maximum value is = (BAUDR/2) -1 (BAUDR = CLKDIV [14:0] * 2)
 843:../../../firmware/n32h7xx_std_periph_driver/src/n32h7xx_xspi_v2.c ****              */
 844:../../../firmware/n32h7xx_std_periph_driver/src/n32h7xx_xspi_v2.c ****             xSPIx->DDR_TXDE = XSPI_XIPInitStruct->XIP_Info.Read_XIPInitType.Info.DDR_InitType.TxdDr
 885              		.loc 1 844 94
 886 013c 3B68     		ldr	r3, [r7]
 887 013e 1A6B     		ldr	r2, [r3, #48]
 888              		.loc 1 844 29
 889 0140 7B68     		ldr	r3, [r7, #4]
 890 0142 C3F8F820 		str	r2, [r3, #248]
 891 0146 08E0     		b	.L25
 892              	.L24:
 845:../../../firmware/n32h7xx_std_periph_driver/src/n32h7xx_xspi_v2.c ****         }
 846:../../../firmware/n32h7xx_std_periph_driver/src/n32h7xx_xspi_v2.c ****         else
 847:../../../firmware/n32h7xx_std_periph_driver/src/n32h7xx_xspi_v2.c ****         {
 848:../../../firmware/n32h7xx_std_periph_driver/src/n32h7xx_xspi_v2.c ****             /* Write XSPI RX_DELAY */
 849:../../../firmware/n32h7xx_std_periph_driver/src/n32h7xx_xspi_v2.c ****             xSPIx->RX_DELAY = ((uint32_t)(XSPI_XIPInitStruct->XIP_Info.Read_XIPInitType.Info.Rxds_I
 893              		.loc 1 849 107
 894 0148 3B68     		ldr	r3, [r7]
 895 014a 1A6B     		ldr	r2, [r3, #48]
 850:../../../firmware/n32h7xx_std_periph_driver/src/n32h7xx_xspi_v2.c ****                                           (XSPI_XIPInitStruct->XIP_Info.Read_XIPInitType.Info.Rxds_
 896              		.loc 1 850 108
 897 014c 3B68     		ldr	r3, [r7]
 898 014e 5B6B     		ldr	r3, [r3, #52]
 899              		.loc 1 850 124
 900 0150 DBB2     		uxtb	r3, r3
 849:../../../firmware/n32h7xx_std_periph_driver/src/n32h7xx_xspi_v2.c ****                                           (XSPI_XIPInitStruct->XIP_Info.Read_XIPInitType.Info.Rxds_
 901              		.loc 1 849 32
 902 0152 1A43     		orrs	r2, r2, r3
 849:../../../firmware/n32h7xx_std_periph_driver/src/n32h7xx_xspi_v2.c ****                                           (XSPI_XIPInitStruct->XIP_Info.Read_XIPInitType.Info.Rxds_
 903              		.loc 1 849 29
 904 0154 7B68     		ldr	r3, [r7, #4]
 905 0156 C3F8F020 		str	r2, [r3, #240]
 906              	.L25:
 851:../../../firmware/n32h7xx_std_periph_driver/src/n32h7xx_xspi_v2.c ****         }
 852:../../../firmware/n32h7xx_std_periph_driver/src/n32h7xx_xspi_v2.c **** 
 853:../../../firmware/n32h7xx_std_periph_driver/src/n32h7xx_xspi_v2.c ****         /* Write back XIP_CTRL */
 854:../../../firmware/n32h7xx_std_periph_driver/src/n32h7xx_xspi_v2.c ****         xSPIx->XIP_CTRL = tmpregister;
 907              		.loc 1 854 25
 908 015a 7B68     		ldr	r3, [r7, #4]
 909 015c FA68     		ldr	r2, [r7, #12]
 910 015e C3F80821 		str	r2, [r3, #264]
 855:../../../firmware/n32h7xx_std_periph_driver/src/n32h7xx_xspi_v2.c ****     }
 856:../../../firmware/n32h7xx_std_periph_driver/src/n32h7xx_xspi_v2.c ****     /***************** XIP Write Mode *****************/
ARM GAS  /tmp/ccqjtRa8.s 			page 32


 857:../../../firmware/n32h7xx_std_periph_driver/src/n32h7xx_xspi_v2.c ****     else if (XSPI_XIPInitStruct->TransferMode == XSPI_TX_ONLY_MODE)
 858:../../../firmware/n32h7xx_std_periph_driver/src/n32h7xx_xspi_v2.c ****     {
 859:../../../firmware/n32h7xx_std_periph_driver/src/n32h7xx_xspi_v2.c ****         /*---------------------------- XSPI XIP_WRITE_CTRL Configuration ------------------------*/
 860:../../../firmware/n32h7xx_std_periph_driver/src/n32h7xx_xspi_v2.c ****         /* Get the XSPI XIP_WRITE_CTRL value */
 861:../../../firmware/n32h7xx_std_periph_driver/src/n32h7xx_xspi_v2.c ****         tmpregister = xSPIx->XIP_WRITE_CTRL;
 862:../../../firmware/n32h7xx_std_periph_driver/src/n32h7xx_xspi_v2.c **** 
 863:../../../firmware/n32h7xx_std_periph_driver/src/n32h7xx_xspi_v2.c ****         /* Clear XIP_WRITE_CTRL Register */
 864:../../../firmware/n32h7xx_std_periph_driver/src/n32h7xx_xspi_v2.c ****         tmpregister &= ~XSPI_XIP_WRITE_CTRL_MASK;
 865:../../../firmware/n32h7xx_std_periph_driver/src/n32h7xx_xspi_v2.c **** 
 866:../../../firmware/n32h7xx_std_periph_driver/src/n32h7xx_xspi_v2.c ****         /* Configure: SPI Frame Format */
 867:../../../firmware/n32h7xx_std_periph_driver/src/n32h7xx_xspi_v2.c ****         tmpregister |= ((uint32_t)(XSPI_XIPInitStruct->XipFrameFormat >> 22U));
 868:../../../firmware/n32h7xx_std_periph_driver/src/n32h7xx_xspi_v2.c **** 
 869:../../../firmware/n32h7xx_std_periph_driver/src/n32h7xx_xspi_v2.c ****         /* Configure: Address and instruction transfer format 
 870:../../../firmware/n32h7xx_std_periph_driver/src/n32h7xx_xspi_v2.c ****         * Configure: Address Length
 871:../../../firmware/n32h7xx_std_periph_driver/src/n32h7xx_xspi_v2.c ****         */
 872:../../../firmware/n32h7xx_std_periph_driver/src/n32h7xx_xspi_v2.c ****         tmpregister |= ((uint32_t)((XSPI_XIPInitStruct->XipTransferType | XSPI_XIPInitStruct->XipAd
 873:../../../firmware/n32h7xx_std_periph_driver/src/n32h7xx_xspi_v2.c **** 
 874:../../../firmware/n32h7xx_std_periph_driver/src/n32h7xx_xspi_v2.c ****         /* Configure: Wait cycles between control frames transmit and data reception */
 875:../../../firmware/n32h7xx_std_periph_driver/src/n32h7xx_xspi_v2.c ****         tmpregister |= ((uint32_t)((XSPI_XIPInitStruct->XipWaitCycles & 0x0000001FU) << 16U));
 876:../../../firmware/n32h7xx_std_periph_driver/src/n32h7xx_xspi_v2.c **** 
 877:../../../firmware/n32h7xx_std_periph_driver/src/n32h7xx_xspi_v2.c ****         /* Configure: instruction length */
 878:../../../firmware/n32h7xx_std_periph_driver/src/n32h7xx_xspi_v2.c ****         tmpregister |= ((uint32_t)(XSPI_XIPInitStruct->XIP_Info.Write_XIPInitType.XipInstructLen));
 879:../../../firmware/n32h7xx_std_periph_driver/src/n32h7xx_xspi_v2.c **** 
 880:../../../firmware/n32h7xx_std_periph_driver/src/n32h7xx_xspi_v2.c ****         /* Configure DDR Mode */
 881:../../../firmware/n32h7xx_std_periph_driver/src/n32h7xx_xspi_v2.c ****         if (XSPI_XIPInitStruct->XipDDREable)
 882:../../../firmware/n32h7xx_std_periph_driver/src/n32h7xx_xspi_v2.c ****         {
 883:../../../firmware/n32h7xx_std_periph_driver/src/n32h7xx_xspi_v2.c ****             /* Configure: XIP mode DDR Enable (address DDR and data DDR)
 884:../../../firmware/n32h7xx_std_periph_driver/src/n32h7xx_xspi_v2.c ****              * Configure: XIP mode instruction DDR Enable
 885:../../../firmware/n32h7xx_std_periph_driver/src/n32h7xx_xspi_v2.c ****              */
 886:../../../firmware/n32h7xx_std_periph_driver/src/n32h7xx_xspi_v2.c ****             tmpregister |= ((uint32_t)((XSPI_XIPInitStruct->XipDDREable >> 16U) << 10U));
 887:../../../firmware/n32h7xx_std_periph_driver/src/n32h7xx_xspi_v2.c **** 
 888:../../../firmware/n32h7xx_std_periph_driver/src/n32h7xx_xspi_v2.c ****             tmpregister |= ((uint32_t)(((XSPI_XIPInitStruct->XipDDREable | XSPI_XIPInitStruct->XIP_
 889:../../../firmware/n32h7xx_std_periph_driver/src/n32h7xx_xspi_v2.c **** 
 890:../../../firmware/n32h7xx_std_periph_driver/src/n32h7xx_xspi_v2.c ****             /* Configure: DDR mode TXD Drive edge register which decided the driving edge of transm
 891:../../../firmware/n32h7xx_std_periph_driver/src/n32h7xx_xspi_v2.c ****              * Note: maximum value is = (BAUDR/2) -1 (BAUDR = CLKDIV [14:0] * 2)
 892:../../../firmware/n32h7xx_std_periph_driver/src/n32h7xx_xspi_v2.c ****              */
 893:../../../firmware/n32h7xx_std_periph_driver/src/n32h7xx_xspi_v2.c ****             xSPIx->DDR_TXDE = XSPI_XIPInitStruct->XIP_Info.Write_XIPInitType.DDR_InitType.TxdDriver
 894:../../../firmware/n32h7xx_std_periph_driver/src/n32h7xx_xspi_v2.c ****             
 895:../../../firmware/n32h7xx_std_periph_driver/src/n32h7xx_xspi_v2.c ****         }
 896:../../../firmware/n32h7xx_std_periph_driver/src/n32h7xx_xspi_v2.c ****         else
 897:../../../firmware/n32h7xx_std_periph_driver/src/n32h7xx_xspi_v2.c ****         {
 898:../../../firmware/n32h7xx_std_periph_driver/src/n32h7xx_xspi_v2.c ****             /* Clear DDR_TXDE register */
 899:../../../firmware/n32h7xx_std_periph_driver/src/n32h7xx_xspi_v2.c ****             xSPIx->DDR_TXDE = 0x00000000U;
 900:../../../firmware/n32h7xx_std_periph_driver/src/n32h7xx_xspi_v2.c ****         }
 901:../../../firmware/n32h7xx_std_periph_driver/src/n32h7xx_xspi_v2.c **** 
 902:../../../firmware/n32h7xx_std_periph_driver/src/n32h7xx_xspi_v2.c ****         /* Write back XIP_WRITE_CTRL */
 903:../../../firmware/n32h7xx_std_periph_driver/src/n32h7xx_xspi_v2.c ****         xSPIx->XIP_WRITE_CTRL = tmpregister;
 904:../../../firmware/n32h7xx_std_periph_driver/src/n32h7xx_xspi_v2.c ****         
 905:../../../firmware/n32h7xx_std_periph_driver/src/n32h7xx_xspi_v2.c ****         xSPIx->XIP_WRITE_CTRL = 0x030B;
 906:../../../firmware/n32h7xx_std_periph_driver/src/n32h7xx_xspi_v2.c ****  
 907:../../../firmware/n32h7xx_std_periph_driver/src/n32h7xx_xspi_v2.c ****     }
 908:../../../firmware/n32h7xx_std_periph_driver/src/n32h7xx_xspi_v2.c **** }
 911              		.loc 1 908 1
 912 0162 50E0     		b	.L29
 913              	.L19:
 857:../../../firmware/n32h7xx_std_periph_driver/src/n32h7xx_xspi_v2.c ****     {
 914              		.loc 1 857 32
ARM GAS  /tmp/ccqjtRa8.s 			page 33


 915 0164 3B68     		ldr	r3, [r7]
 916 0166 DB68     		ldr	r3, [r3, #12]
 857:../../../firmware/n32h7xx_std_periph_driver/src/n32h7xx_xspi_v2.c ****     {
 917              		.loc 1 857 13
 918 0168 B3F5806F 		cmp	r3, #1024
 919 016c 4BD1     		bne	.L29
 861:../../../firmware/n32h7xx_std_periph_driver/src/n32h7xx_xspi_v2.c **** 
 920              		.loc 1 861 21
 921 016e 7B68     		ldr	r3, [r7, #4]
 922 0170 D3F84831 		ldr	r3, [r3, #328]
 923 0174 FB60     		str	r3, [r7, #12]
 864:../../../firmware/n32h7xx_std_periph_driver/src/n32h7xx_xspi_v2.c **** 
 924              		.loc 1 864 21
 925 0176 FA68     		ldr	r2, [r7, #12]
 926 0178 274B     		ldr	r3, .L30+8
 927 017a 1340     		ands	r3, r3, r2
 928 017c FB60     		str	r3, [r7, #12]
 867:../../../firmware/n32h7xx_std_periph_driver/src/n32h7xx_xspi_v2.c **** 
 929              		.loc 1 867 54
 930 017e 3B68     		ldr	r3, [r7]
 931 0180 5B69     		ldr	r3, [r3, #20]
 867:../../../firmware/n32h7xx_std_periph_driver/src/n32h7xx_xspi_v2.c **** 
 932              		.loc 1 867 71
 933 0182 9B0D     		lsrs	r3, r3, #22
 867:../../../firmware/n32h7xx_std_periph_driver/src/n32h7xx_xspi_v2.c **** 
 934              		.loc 1 867 21
 935 0184 FA68     		ldr	r2, [r7, #12]
 936 0186 1343     		orrs	r3, r3, r2
 937 0188 FB60     		str	r3, [r7, #12]
 872:../../../firmware/n32h7xx_std_periph_driver/src/n32h7xx_xspi_v2.c **** 
 938              		.loc 1 872 55
 939 018a 3B68     		ldr	r3, [r7]
 940 018c 9A69     		ldr	r2, [r3, #24]
 872:../../../firmware/n32h7xx_std_periph_driver/src/n32h7xx_xspi_v2.c **** 
 941              		.loc 1 872 93
 942 018e 3B68     		ldr	r3, [r7]
 943 0190 DB69     		ldr	r3, [r3, #28]
 872:../../../firmware/n32h7xx_std_periph_driver/src/n32h7xx_xspi_v2.c **** 
 944              		.loc 1 872 73
 945 0192 1343     		orrs	r3, r3, r2
 872:../../../firmware/n32h7xx_std_periph_driver/src/n32h7xx_xspi_v2.c **** 
 946              		.loc 1 872 25
 947 0194 9B00     		lsls	r3, r3, #2
 872:../../../firmware/n32h7xx_std_periph_driver/src/n32h7xx_xspi_v2.c **** 
 948              		.loc 1 872 21
 949 0196 FA68     		ldr	r2, [r7, #12]
 950 0198 1343     		orrs	r3, r3, r2
 951 019a FB60     		str	r3, [r7, #12]
 875:../../../firmware/n32h7xx_std_periph_driver/src/n32h7xx_xspi_v2.c **** 
 952              		.loc 1 875 55
 953 019c 3B68     		ldr	r3, [r7]
 954 019e 1B6A     		ldr	r3, [r3, #32]
 875:../../../firmware/n32h7xx_std_periph_driver/src/n32h7xx_xspi_v2.c **** 
 955              		.loc 1 875 25
 956 01a0 1B04     		lsls	r3, r3, #16
 957 01a2 03F4F813 		and	r3, r3, #2031616
 875:../../../firmware/n32h7xx_std_periph_driver/src/n32h7xx_xspi_v2.c **** 
ARM GAS  /tmp/ccqjtRa8.s 			page 34


 958              		.loc 1 875 21
 959 01a6 FA68     		ldr	r2, [r7, #12]
 960 01a8 1343     		orrs	r3, r3, r2
 961 01aa FB60     		str	r3, [r7, #12]
 878:../../../firmware/n32h7xx_std_periph_driver/src/n32h7xx_xspi_v2.c **** 
 962              		.loc 1 878 82
 963 01ac 3B68     		ldr	r3, [r7]
 964 01ae 9B6A     		ldr	r3, [r3, #40]
 878:../../../firmware/n32h7xx_std_periph_driver/src/n32h7xx_xspi_v2.c **** 
 965              		.loc 1 878 21
 966 01b0 FA68     		ldr	r2, [r7, #12]
 967 01b2 1343     		orrs	r3, r3, r2
 968 01b4 FB60     		str	r3, [r7, #12]
 881:../../../firmware/n32h7xx_std_periph_driver/src/n32h7xx_xspi_v2.c ****         {
 969              		.loc 1 881 31
 970 01b6 3B68     		ldr	r3, [r7]
 971 01b8 5B6A     		ldr	r3, [r3, #36]
 881:../../../firmware/n32h7xx_std_periph_driver/src/n32h7xx_xspi_v2.c ****         {
 972              		.loc 1 881 12
 973 01ba 002B     		cmp	r3, #0
 974 01bc 16D0     		beq	.L27
 886:../../../firmware/n32h7xx_std_periph_driver/src/n32h7xx_xspi_v2.c **** 
 975              		.loc 1 886 59
 976 01be 3B68     		ldr	r3, [r7]
 977 01c0 5B6A     		ldr	r3, [r3, #36]
 886:../../../firmware/n32h7xx_std_periph_driver/src/n32h7xx_xspi_v2.c **** 
 978              		.loc 1 886 73
 979 01c2 1B0C     		lsrs	r3, r3, #16
 886:../../../firmware/n32h7xx_std_periph_driver/src/n32h7xx_xspi_v2.c **** 
 980              		.loc 1 886 29
 981 01c4 9B02     		lsls	r3, r3, #10
 886:../../../firmware/n32h7xx_std_periph_driver/src/n32h7xx_xspi_v2.c **** 
 982              		.loc 1 886 25
 983 01c6 FA68     		ldr	r2, [r7, #12]
 984 01c8 1343     		orrs	r3, r3, r2
 985 01ca FB60     		str	r3, [r7, #12]
 888:../../../firmware/n32h7xx_std_periph_driver/src/n32h7xx_xspi_v2.c **** 
 986              		.loc 1 888 60
 987 01cc 3B68     		ldr	r3, [r7]
 988 01ce 5A6A     		ldr	r2, [r3, #36]
 888:../../../firmware/n32h7xx_std_periph_driver/src/n32h7xx_xspi_v2.c **** 
 989              		.loc 1 888 135
 990 01d0 3B68     		ldr	r3, [r7]
 991 01d2 5B6B     		ldr	r3, [r3, #52]
 888:../../../firmware/n32h7xx_std_periph_driver/src/n32h7xx_xspi_v2.c **** 
 992              		.loc 1 888 74
 993 01d4 1343     		orrs	r3, r3, r2
 888:../../../firmware/n32h7xx_std_periph_driver/src/n32h7xx_xspi_v2.c **** 
 994              		.loc 1 888 151
 995 01d6 1B0C     		lsrs	r3, r3, #16
 888:../../../firmware/n32h7xx_std_periph_driver/src/n32h7xx_xspi_v2.c **** 
 996              		.loc 1 888 29
 997 01d8 9B02     		lsls	r3, r3, #10
 888:../../../firmware/n32h7xx_std_periph_driver/src/n32h7xx_xspi_v2.c **** 
 998              		.loc 1 888 25
 999 01da FA68     		ldr	r2, [r7, #12]
 1000 01dc 1343     		orrs	r3, r3, r2
ARM GAS  /tmp/ccqjtRa8.s 			page 35


 1001 01de FB60     		str	r3, [r7, #12]
 893:../../../firmware/n32h7xx_std_periph_driver/src/n32h7xx_xspi_v2.c ****             
 1002              		.loc 1 893 90
 1003 01e0 3B68     		ldr	r3, [r7]
 1004 01e2 1A6B     		ldr	r2, [r3, #48]
 893:../../../firmware/n32h7xx_std_periph_driver/src/n32h7xx_xspi_v2.c ****             
 1005              		.loc 1 893 29
 1006 01e4 7B68     		ldr	r3, [r7, #4]
 1007 01e6 C3F8F820 		str	r2, [r3, #248]
 1008 01ea 03E0     		b	.L28
 1009              	.L27:
 899:../../../firmware/n32h7xx_std_periph_driver/src/n32h7xx_xspi_v2.c ****         }
 1010              		.loc 1 899 29
 1011 01ec 7B68     		ldr	r3, [r7, #4]
 1012 01ee 0022     		movs	r2, #0
 1013 01f0 C3F8F820 		str	r2, [r3, #248]
 1014              	.L28:
 903:../../../firmware/n32h7xx_std_periph_driver/src/n32h7xx_xspi_v2.c ****         
 1015              		.loc 1 903 31
 1016 01f4 7B68     		ldr	r3, [r7, #4]
 1017 01f6 FA68     		ldr	r2, [r7, #12]
 1018 01f8 C3F84821 		str	r2, [r3, #328]
 905:../../../firmware/n32h7xx_std_periph_driver/src/n32h7xx_xspi_v2.c ****  
 1019              		.loc 1 905 31
 1020 01fc 7B68     		ldr	r3, [r7, #4]
 1021 01fe 40F20B32 		movw	r2, #779
 1022 0202 C3F84821 		str	r2, [r3, #328]
 1023              	.L29:
 1024              		.loc 1 908 1
 1025 0206 00BF     		nop
 1026 0208 1437     		adds	r7, r7, #20
 1027              	.LCFI29:
 1028              		.cfi_def_cfa_offset 4
 1029 020a BD46     		mov	sp, r7
 1030              	.LCFI30:
 1031              		.cfi_def_cfa_register 13
 1032              		@ sp needed
 1033 020c 80BC     		pop	{r7}
 1034              	.LCFI31:
 1035              		.cfi_restore 7
 1036              		.cfi_def_cfa_offset 0
 1037 020e 7047     		bx	lr
 1038              	.L31:
 1039              		.align	2
 1040              	.L30:
 1041 0210 E0B03F7F 		.word	2134880480
 1042 0214 000900D0 		.word	-805304064
 1043 0218 00C0E0FF 		.word	-2048000
 1044              		.cfi_endproc
 1045              	.LFE140:
 1047              		.section	.text.XSPI_InitXIPStruct,"ax",%progbits
 1048              		.align	1
 1049              		.global	XSPI_InitXIPStruct
 1050              		.syntax unified
 1051              		.thumb
 1052              		.thumb_func
 1054              	XSPI_InitXIPStruct:
ARM GAS  /tmp/ccqjtRa8.s 			page 36


 1055              	.LFB141:
 909:../../../firmware/n32h7xx_std_periph_driver/src/n32h7xx_xspi_v2.c **** 
 910:../../../firmware/n32h7xx_std_periph_driver/src/n32h7xx_xspi_v2.c **** /**
 911:../../../firmware/n32h7xx_std_periph_driver/src/n32h7xx_xspi_v2.c **** *\*\name    XSPI_InitXIPStruct.
 912:../../../firmware/n32h7xx_std_periph_driver/src/n32h7xx_xspi_v2.c **** *\*\fun     Fills each XSPI_XIPInitType member with its default value.
 913:../../../firmware/n32h7xx_std_periph_driver/src/n32h7xx_xspi_v2.c **** *\*\param   XSPI_XIPInitType (The input parameters must be the following values):
 914:../../../firmware/n32h7xx_std_periph_driver/src/n32h7xx_xspi_v2.c **** *\*\          - SCPH
 915:../../../firmware/n32h7xx_std_periph_driver/src/n32h7xx_xspi_v2.c **** *\*\          - SCPOL
 916:../../../firmware/n32h7xx_std_periph_driver/src/n32h7xx_xspi_v2.c **** *\*\          - DataFrameSize
 917:../../../firmware/n32h7xx_std_periph_driver/src/n32h7xx_xspi_v2.c **** *\*\          - TransferMode
 918:../../../firmware/n32h7xx_std_periph_driver/src/n32h7xx_xspi_v2.c **** *\*\          - Baudr
 919:../../../firmware/n32h7xx_std_periph_driver/src/n32h7xx_xspi_v2.c **** *\*\          - XipFrameFormat
 920:../../../firmware/n32h7xx_std_periph_driver/src/n32h7xx_xspi_v2.c **** *\*\          - XipTransferType
 921:../../../firmware/n32h7xx_std_periph_driver/src/n32h7xx_xspi_v2.c **** *\*\          - XipAddrLen
 922:../../../firmware/n32h7xx_std_periph_driver/src/n32h7xx_xspi_v2.c **** *\*\          - XipWaitCycles
 923:../../../firmware/n32h7xx_std_periph_driver/src/n32h7xx_xspi_v2.c **** *\*\          - XipDDREable
 924:../../../firmware/n32h7xx_std_periph_driver/src/n32h7xx_xspi_v2.c **** *\*\          - XIP_Info
 925:../../../firmware/n32h7xx_std_periph_driver/src/n32h7xx_xspi_v2.c **** *\*\            XIP Read Parameter:
 926:../../../firmware/n32h7xx_std_periph_driver/src/n32h7xx_xspi_v2.c **** *\*\            - XipInstructLen
 927:../../../firmware/n32h7xx_std_periph_driver/src/n32h7xx_xspi_v2.c **** *\*\            - XipInstrctEnable
 928:../../../firmware/n32h7xx_std_periph_driver/src/n32h7xx_xspi_v2.c **** *\*\            - Info
 929:../../../firmware/n32h7xx_std_periph_driver/src/n32h7xx_xspi_v2.c **** *\*\              DDR Parameter:
 930:../../../firmware/n32h7xx_std_periph_driver/src/n32h7xx_xspi_v2.c **** *\*\              - TxdDriverEdge
 931:../../../firmware/n32h7xx_std_periph_driver/src/n32h7xx_xspi_v2.c **** *\*\              - XipInstrucDDR
 932:../../../firmware/n32h7xx_std_periph_driver/src/n32h7xx_xspi_v2.c **** *\*\              - XipRxdsSignal
 933:../../../firmware/n32h7xx_std_periph_driver/src/n32h7xx_xspi_v2.c **** *\*\            - XipDFSHC
 934:../../../firmware/n32h7xx_std_periph_driver/src/n32h7xx_xspi_v2.c **** *\*\            - XipPrefetch
 935:../../../firmware/n32h7xx_std_periph_driver/src/n32h7xx_xspi_v2.c **** *\*\            - XipModeBit
 936:../../../firmware/n32h7xx_std_periph_driver/src/n32h7xx_xspi_v2.c **** *\*\            - XipModeBitLen
 937:../../../firmware/n32h7xx_std_periph_driver/src/n32h7xx_xspi_v2.c **** *\*\            - ContinueTransfer
 938:../../../firmware/n32h7xx_std_periph_driver/src/n32h7xx_xspi_v2.c **** *\*\              Continue Transfer Parameter:
 939:../../../firmware/n32h7xx_std_periph_driver/src/n32h7xx_xspi_v2.c **** *\*\              - XipContinueTransfer
 940:../../../firmware/n32h7xx_std_periph_driver/src/n32h7xx_xspi_v2.c **** *\*\              - XipWatchDogTimeout
 941:../../../firmware/n32h7xx_std_periph_driver/src/n32h7xx_xspi_v2.c **** *\*\return  none
 942:../../../firmware/n32h7xx_std_periph_driver/src/n32h7xx_xspi_v2.c **** **/
 943:../../../firmware/n32h7xx_std_periph_driver/src/n32h7xx_xspi_v2.c **** void XSPI_InitXIPStruct(XSPI_XIPInitType* XSPI_XIPInitStruct)
 944:../../../firmware/n32h7xx_std_periph_driver/src/n32h7xx_xspi_v2.c **** {
 1056              		.loc 1 944 1
 1057              		.cfi_startproc
 1058              		@ args = 0, pretend = 0, frame = 8
 1059              		@ frame_needed = 1, uses_anonymous_args = 0
 1060              		@ link register save eliminated.
 1061 0000 80B4     		push	{r7}
 1062              	.LCFI32:
 1063              		.cfi_def_cfa_offset 4
 1064              		.cfi_offset 7, -4
 1065 0002 83B0     		sub	sp, sp, #12
 1066              	.LCFI33:
 1067              		.cfi_def_cfa_offset 16
 1068 0004 00AF     		add	r7, sp, #0
 1069              	.LCFI34:
 1070              		.cfi_def_cfa_register 7
 1071 0006 7860     		str	r0, [r7, #4]
 945:../../../firmware/n32h7xx_std_periph_driver/src/n32h7xx_xspi_v2.c ****     XSPI_XIPInitStruct->SCPH              = XSPI_SCPH_FIRST_EDGE;
 1072              		.loc 1 945 43
 1073 0008 7B68     		ldr	r3, [r7, #4]
 1074 000a 0022     		movs	r2, #0
ARM GAS  /tmp/ccqjtRa8.s 			page 37


 1075 000c 1A60     		str	r2, [r3]
 946:../../../firmware/n32h7xx_std_periph_driver/src/n32h7xx_xspi_v2.c ****     XSPI_XIPInitStruct->SCPOL             = XSPI_SCPOL_LOW_LEVEL;
 1076              		.loc 1 946 43
 1077 000e 7B68     		ldr	r3, [r7, #4]
 1078 0010 0022     		movs	r2, #0
 1079 0012 5A60     		str	r2, [r3, #4]
 947:../../../firmware/n32h7xx_std_periph_driver/src/n32h7xx_xspi_v2.c ****     XSPI_XIPInitStruct->DataFrameSize     = XSPI_FRAME_SIZE_8_BIT;
 1080              		.loc 1 947 43
 1081 0014 7B68     		ldr	r3, [r7, #4]
 1082 0016 0722     		movs	r2, #7
 1083 0018 9A60     		str	r2, [r3, #8]
 948:../../../firmware/n32h7xx_std_periph_driver/src/n32h7xx_xspi_v2.c ****     XSPI_XIPInitStruct->TransferMode      = XSPI_RX_ONLY_MODE;
 1084              		.loc 1 948 43
 1085 001a 7B68     		ldr	r3, [r7, #4]
 1086 001c 4FF40062 		mov	r2, #2048
 1087 0020 DA60     		str	r2, [r3, #12]
 949:../../../firmware/n32h7xx_std_periph_driver/src/n32h7xx_xspi_v2.c ****     XSPI_XIPInitStruct->Baudr             = 0U;
 1088              		.loc 1 949 43
 1089 0022 7B68     		ldr	r3, [r7, #4]
 1090 0024 0022     		movs	r2, #0
 1091 0026 1A61     		str	r2, [r3, #16]
 950:../../../firmware/n32h7xx_std_periph_driver/src/n32h7xx_xspi_v2.c ****     XSPI_XIPInitStruct->XipFrameFormat    = XSPI_OCTAL_LINE_MODE;
 1092              		.loc 1 950 43
 1093 0028 7B68     		ldr	r3, [r7, #4]
 1094 002a 4FF44002 		mov	r2, #12582912
 1095 002e 5A61     		str	r2, [r3, #20]
 951:../../../firmware/n32h7xx_std_periph_driver/src/n32h7xx_xspi_v2.c ****     XSPI_XIPInitStruct->XipTransferType   = XSPI_INST_ADDR_SINGLE_LINE;
 1096              		.loc 1 951 43
 1097 0030 7B68     		ldr	r3, [r7, #4]
 1098 0032 0022     		movs	r2, #0
 1099 0034 9A61     		str	r2, [r3, #24]
 952:../../../firmware/n32h7xx_std_periph_driver/src/n32h7xx_xspi_v2.c ****     XSPI_XIPInitStruct->XipAddrLen        = XSPI_NO_ADDR_PHASE;
 1100              		.loc 1 952 43
 1101 0036 7B68     		ldr	r3, [r7, #4]
 1102 0038 0022     		movs	r2, #0
 1103 003a DA61     		str	r2, [r3, #28]
 953:../../../firmware/n32h7xx_std_periph_driver/src/n32h7xx_xspi_v2.c ****     XSPI_XIPInitStruct->XipWaitCycles     = XSPI_WAIT_0_CYCLES;
 1104              		.loc 1 953 43
 1105 003c 7B68     		ldr	r3, [r7, #4]
 1106 003e 0022     		movs	r2, #0
 1107 0040 1A62     		str	r2, [r3, #32]
 954:../../../firmware/n32h7xx_std_periph_driver/src/n32h7xx_xspi_v2.c ****     XSPI_XIPInitStruct->XipDDREable       = XSPI_DDR_DISABLE;
 1108              		.loc 1 954 43
 1109 0042 7B68     		ldr	r3, [r7, #4]
 1110 0044 0022     		movs	r2, #0
 1111 0046 5A62     		str	r2, [r3, #36]
 955:../../../firmware/n32h7xx_std_periph_driver/src/n32h7xx_xspi_v2.c **** 
 956:../../../firmware/n32h7xx_std_periph_driver/src/n32h7xx_xspi_v2.c ****     /* XIP Read Parameter */
 957:../../../firmware/n32h7xx_std_periph_driver/src/n32h7xx_xspi_v2.c ****     XSPI_XIPInitStruct->XIP_Info.Read_XIPInitType.XipInstructLen   = XSPI_NO_INST_PHASE;
 1112              		.loc 1 957 68
 1113 0048 7B68     		ldr	r3, [r7, #4]
 1114 004a 0022     		movs	r2, #0
 1115 004c 9A62     		str	r2, [r3, #40]
 958:../../../firmware/n32h7xx_std_periph_driver/src/n32h7xx_xspi_v2.c ****     XSPI_XIPInitStruct->XIP_Info.Read_XIPInitType.XipInstrctEnable = XSPI_XIP_INSTRUCT_DISABLE;
 1116              		.loc 1 958 68
 1117 004e 7B68     		ldr	r3, [r7, #4]
 1118 0050 0022     		movs	r2, #0
ARM GAS  /tmp/ccqjtRa8.s 			page 38


 1119 0052 DA62     		str	r2, [r3, #44]
 959:../../../firmware/n32h7xx_std_periph_driver/src/n32h7xx_xspi_v2.c **** 
 960:../../../firmware/n32h7xx_std_periph_driver/src/n32h7xx_xspi_v2.c ****     XSPI_XIPInitStruct->XIP_Info.Read_XIPInitType.Info.DDR_InitType.TxdDriverEdge = 0U;
 1120              		.loc 1 960 83
 1121 0054 7B68     		ldr	r3, [r7, #4]
 1122 0056 0022     		movs	r2, #0
 1123 0058 1A63     		str	r2, [r3, #48]
 961:../../../firmware/n32h7xx_std_periph_driver/src/n32h7xx_xspi_v2.c ****     XSPI_XIPInitStruct->XIP_Info.Read_XIPInitType.Info.DDR_InitType.XipInstrucDDR = XSPI_INST_DDR_D
 1124              		.loc 1 961 83
 1125 005a 7B68     		ldr	r3, [r7, #4]
 1126 005c 0022     		movs	r2, #0
 1127 005e 5A63     		str	r2, [r3, #52]
 962:../../../firmware/n32h7xx_std_periph_driver/src/n32h7xx_xspi_v2.c ****     XSPI_XIPInitStruct->XIP_Info.Read_XIPInitType.Info.DDR_InitType.XipRxdsSignal = XSPI_RXDS_SIGNA
 1128              		.loc 1 962 83
 1129 0060 7B68     		ldr	r3, [r7, #4]
 1130 0062 0022     		movs	r2, #0
 1131 0064 9A63     		str	r2, [r3, #56]
 963:../../../firmware/n32h7xx_std_periph_driver/src/n32h7xx_xspi_v2.c **** 
 964:../../../firmware/n32h7xx_std_periph_driver/src/n32h7xx_xspi_v2.c ****     XSPI_XIPInitStruct->XIP_Info.Read_XIPInitType.XipDFSHC      = XSPI_XIP_DFSHC_DISABLE;
 1132              		.loc 1 964 65
 1133 0066 7B68     		ldr	r3, [r7, #4]
 1134 0068 0022     		movs	r2, #0
 1135 006a DA63     		str	r2, [r3, #60]
 965:../../../firmware/n32h7xx_std_periph_driver/src/n32h7xx_xspi_v2.c ****     XSPI_XIPInitStruct->XIP_Info.Read_XIPInitType.XipPrefetch   = XSPI_XIP_PREFETCH_DISABLE;
 1136              		.loc 1 965 65
 1137 006c 7B68     		ldr	r3, [r7, #4]
 1138 006e 0022     		movs	r2, #0
 1139 0070 1A64     		str	r2, [r3, #64]
 966:../../../firmware/n32h7xx_std_periph_driver/src/n32h7xx_xspi_v2.c ****     XSPI_XIPInitStruct->XIP_Info.Read_XIPInitType.XipModeBit    = XSPI_XIP_MODE_BIT_DISABLE;
 1140              		.loc 1 966 65
 1141 0072 7B68     		ldr	r3, [r7, #4]
 1142 0074 0022     		movs	r2, #0
 1143 0076 5A64     		str	r2, [r3, #68]
 967:../../../firmware/n32h7xx_std_periph_driver/src/n32h7xx_xspi_v2.c ****     XSPI_XIPInitStruct->XIP_Info.Read_XIPInitType.XipModeBitLen = XSPI_XIP_MODE_BIT_LEN_2_BIT;
 1144              		.loc 1 967 65
 1145 0078 7B68     		ldr	r3, [r7, #4]
 1146 007a 0022     		movs	r2, #0
 1147 007c 9A64     		str	r2, [r3, #72]
 968:../../../firmware/n32h7xx_std_periph_driver/src/n32h7xx_xspi_v2.c **** 
 969:../../../firmware/n32h7xx_std_periph_driver/src/n32h7xx_xspi_v2.c ****     XSPI_XIPInitStruct->XIP_Info.Read_XIPInitType.ContinueTransfer.XipContinueTransfer = XSPI_XIP_C
 1148              		.loc 1 969 88
 1149 007e 7B68     		ldr	r3, [r7, #4]
 1150 0080 0022     		movs	r2, #0
 1151 0082 DA64     		str	r2, [r3, #76]
 970:../../../firmware/n32h7xx_std_periph_driver/src/n32h7xx_xspi_v2.c ****     XSPI_XIPInitStruct->XIP_Info.Read_XIPInitType.ContinueTransfer.XipWatchDogTimeout  = 0U;
 1152              		.loc 1 970 88
 1153 0084 7B68     		ldr	r3, [r7, #4]
 1154 0086 0022     		movs	r2, #0
 1155 0088 1A65     		str	r2, [r3, #80]
 971:../../../firmware/n32h7xx_std_periph_driver/src/n32h7xx_xspi_v2.c **** }
 1156              		.loc 1 971 1
 1157 008a 00BF     		nop
 1158 008c 0C37     		adds	r7, r7, #12
 1159              	.LCFI35:
 1160              		.cfi_def_cfa_offset 4
 1161 008e BD46     		mov	sp, r7
 1162              	.LCFI36:
ARM GAS  /tmp/ccqjtRa8.s 			page 39


 1163              		.cfi_def_cfa_register 13
 1164              		@ sp needed
 1165 0090 80BC     		pop	{r7}
 1166              	.LCFI37:
 1167              		.cfi_restore 7
 1168              		.cfi_def_cfa_offset 0
 1169 0092 7047     		bx	lr
 1170              		.cfi_endproc
 1171              	.LFE141:
 1173              		.section	.text.XSPI_InitHyperbus,"ax",%progbits
 1174              		.align	1
 1175              		.global	XSPI_InitHyperbus
 1176              		.syntax unified
 1177              		.thumb
 1178              		.thumb_func
 1180              	XSPI_InitHyperbus:
 1181              	.LFB142:
 972:../../../firmware/n32h7xx_std_periph_driver/src/n32h7xx_xspi_v2.c **** 
 973:../../../firmware/n32h7xx_std_periph_driver/src/n32h7xx_xspi_v2.c **** 
 974:../../../firmware/n32h7xx_std_periph_driver/src/n32h7xx_xspi_v2.c **** /**
 975:../../../firmware/n32h7xx_std_periph_driver/src/n32h7xx_xspi_v2.c **** *\*\name    XSPI_InitHyperbus.
 976:../../../firmware/n32h7xx_std_periph_driver/src/n32h7xx_xspi_v2.c **** *\*\fun     Initilizes the Hyperbus mode.
 977:../../../firmware/n32h7xx_std_periph_driver/src/n32h7xx_xspi_v2.c **** *\*\param   Baudr: 
 978:../../../firmware/n32h7xx_std_periph_driver/src/n32h7xx_xspi_v2.c **** *\*\          - Any even number between 2 and 65534
 979:../../../firmware/n32h7xx_std_periph_driver/src/n32h7xx_xspi_v2.c **** *\*\param   TransferMode: 
 980:../../../firmware/n32h7xx_std_periph_driver/src/n32h7xx_xspi_v2.c **** *\*\          - XSPI_TX_ONLY_MODE
 981:../../../firmware/n32h7xx_std_periph_driver/src/n32h7xx_xspi_v2.c **** *\*\          - XSPI_RX_ONLY_MODE
 982:../../../firmware/n32h7xx_std_periph_driver/src/n32h7xx_xspi_v2.c **** *\*\param   DataFrameSize: 
 983:../../../firmware/n32h7xx_std_periph_driver/src/n32h7xx_xspi_v2.c **** *\*\          - XSPI_FRAME_SIZE_4_BIT
 984:../../../firmware/n32h7xx_std_periph_driver/src/n32h7xx_xspi_v2.c **** *\*\          - XSPI_FRAME_SIZE_5_BIT
 985:../../../firmware/n32h7xx_std_periph_driver/src/n32h7xx_xspi_v2.c **** *\*\          - XSPI_FRAME_SIZE_6_BIT
 986:../../../firmware/n32h7xx_std_periph_driver/src/n32h7xx_xspi_v2.c **** *\*\          - XSPI_FRAME_SIZE_7_BIT
 987:../../../firmware/n32h7xx_std_periph_driver/src/n32h7xx_xspi_v2.c **** *\*\          - XSPI_FRAME_SIZE_8_BIT
 988:../../../firmware/n32h7xx_std_periph_driver/src/n32h7xx_xspi_v2.c **** *\*\          - XSPI_FRAME_SIZE_9_BIT
 989:../../../firmware/n32h7xx_std_periph_driver/src/n32h7xx_xspi_v2.c **** *\*\          - XSPI_FRAME_SIZE_10_BIT
 990:../../../firmware/n32h7xx_std_periph_driver/src/n32h7xx_xspi_v2.c **** *\*\          - XSPI_FRAME_SIZE_11_BIT
 991:../../../firmware/n32h7xx_std_periph_driver/src/n32h7xx_xspi_v2.c **** *\*\          - XSPI_FRAME_SIZE_12_BIT
 992:../../../firmware/n32h7xx_std_periph_driver/src/n32h7xx_xspi_v2.c **** *\*\          - XSPI_FRAME_SIZE_13_BIT
 993:../../../firmware/n32h7xx_std_periph_driver/src/n32h7xx_xspi_v2.c **** *\*\          - XSPI_FRAME_SIZE_14_BIT
 994:../../../firmware/n32h7xx_std_periph_driver/src/n32h7xx_xspi_v2.c **** *\*\          - XSPI_FRAME_SIZE_15_BIT
 995:../../../firmware/n32h7xx_std_periph_driver/src/n32h7xx_xspi_v2.c **** *\*\          - XSPI_FRAME_SIZE_16_BIT
 996:../../../firmware/n32h7xx_std_periph_driver/src/n32h7xx_xspi_v2.c **** *\*\          - XSPI_FRAME_SIZE_17_BIT
 997:../../../firmware/n32h7xx_std_periph_driver/src/n32h7xx_xspi_v2.c **** *\*\          - XSPI_FRAME_SIZE_18_BIT
 998:../../../firmware/n32h7xx_std_periph_driver/src/n32h7xx_xspi_v2.c **** *\*\          - XSPI_FRAME_SIZE_19_BIT
 999:../../../firmware/n32h7xx_std_periph_driver/src/n32h7xx_xspi_v2.c **** *\*\          - XSPI_FRAME_SIZE_20_BIT
1000:../../../firmware/n32h7xx_std_periph_driver/src/n32h7xx_xspi_v2.c **** *\*\          - XSPI_FRAME_SIZE_21_BIT
1001:../../../firmware/n32h7xx_std_periph_driver/src/n32h7xx_xspi_v2.c **** *\*\          - XSPI_FRAME_SIZE_22_BIT
1002:../../../firmware/n32h7xx_std_periph_driver/src/n32h7xx_xspi_v2.c **** *\*\          - XSPI_FRAME_SIZE_23_BIT
1003:../../../firmware/n32h7xx_std_periph_driver/src/n32h7xx_xspi_v2.c **** *\*\          - XSPI_FRAME_SIZE_24_BIT
1004:../../../firmware/n32h7xx_std_periph_driver/src/n32h7xx_xspi_v2.c **** *\*\          - XSPI_FRAME_SIZE_25_BIT
1005:../../../firmware/n32h7xx_std_periph_driver/src/n32h7xx_xspi_v2.c **** *\*\          - XSPI_FRAME_SIZE_26_BIT
1006:../../../firmware/n32h7xx_std_periph_driver/src/n32h7xx_xspi_v2.c **** *\*\          - XSPI_FRAME_SIZE_27_BIT
1007:../../../firmware/n32h7xx_std_periph_driver/src/n32h7xx_xspi_v2.c **** *\*\          - XSPI_FRAME_SIZE_28_BIT
1008:../../../firmware/n32h7xx_std_periph_driver/src/n32h7xx_xspi_v2.c **** *\*\          - XSPI_FRAME_SIZE_29_BIT
1009:../../../firmware/n32h7xx_std_periph_driver/src/n32h7xx_xspi_v2.c **** *\*\          - XSPI_FRAME_SIZE_30_BIT
1010:../../../firmware/n32h7xx_std_periph_driver/src/n32h7xx_xspi_v2.c **** *\*\          - XSPI_FRAME_SIZE_31_BIT
1011:../../../firmware/n32h7xx_std_periph_driver/src/n32h7xx_xspi_v2.c **** *\*\          - XSPI_FRAME_SIZE_32_BIT
ARM GAS  /tmp/ccqjtRa8.s 			page 40


1012:../../../firmware/n32h7xx_std_periph_driver/src/n32h7xx_xspi_v2.c **** *\*\param   WaitCycles: 
1013:../../../firmware/n32h7xx_std_periph_driver/src/n32h7xx_xspi_v2.c **** *\*\          - XSPI_WAIT_0_CYCLES
1014:../../../firmware/n32h7xx_std_periph_driver/src/n32h7xx_xspi_v2.c **** *\*\          - XSPI_WAIT_1_CYCLES
1015:../../../firmware/n32h7xx_std_periph_driver/src/n32h7xx_xspi_v2.c **** *\*\          - XSPI_WAIT_2_CYCLES
1016:../../../firmware/n32h7xx_std_periph_driver/src/n32h7xx_xspi_v2.c **** *\*\          - XSPI_WAIT_3_CYCLES
1017:../../../firmware/n32h7xx_std_periph_driver/src/n32h7xx_xspi_v2.c **** *\*\          - XSPI_WAIT_4_CYCLES
1018:../../../firmware/n32h7xx_std_periph_driver/src/n32h7xx_xspi_v2.c **** *\*\          - XSPI_WAIT_5_CYCLES
1019:../../../firmware/n32h7xx_std_periph_driver/src/n32h7xx_xspi_v2.c **** *\*\          - XSPI_WAIT_6_CYCLES
1020:../../../firmware/n32h7xx_std_periph_driver/src/n32h7xx_xspi_v2.c **** *\*\          - XSPI_WAIT_7_CYCLES
1021:../../../firmware/n32h7xx_std_periph_driver/src/n32h7xx_xspi_v2.c **** *\*\          - XSPI_WAIT_8_CYCLES
1022:../../../firmware/n32h7xx_std_periph_driver/src/n32h7xx_xspi_v2.c **** *\*\          - XSPI_WAIT_9_CYCLES
1023:../../../firmware/n32h7xx_std_periph_driver/src/n32h7xx_xspi_v2.c **** *\*\          - XSPI_WAIT_10_CYCLES
1024:../../../firmware/n32h7xx_std_periph_driver/src/n32h7xx_xspi_v2.c **** *\*\          - XSPI_WAIT_11_CYCLES
1025:../../../firmware/n32h7xx_std_periph_driver/src/n32h7xx_xspi_v2.c **** *\*\          - XSPI_WAIT_12_CYCLES
1026:../../../firmware/n32h7xx_std_periph_driver/src/n32h7xx_xspi_v2.c **** *\*\          - XSPI_WAIT_13_CYCLES
1027:../../../firmware/n32h7xx_std_periph_driver/src/n32h7xx_xspi_v2.c **** *\*\          - XSPI_WAIT_14_CYCLES
1028:../../../firmware/n32h7xx_std_periph_driver/src/n32h7xx_xspi_v2.c **** *\*\          - XSPI_WAIT_15_CYCLES
1029:../../../firmware/n32h7xx_std_periph_driver/src/n32h7xx_xspi_v2.c **** *\*\          - XSPI_WAIT_16_CYCLES
1030:../../../firmware/n32h7xx_std_periph_driver/src/n32h7xx_xspi_v2.c **** *\*\          - XSPI_WAIT_17_CYCLES
1031:../../../firmware/n32h7xx_std_periph_driver/src/n32h7xx_xspi_v2.c **** *\*\          - XSPI_WAIT_18_CYCLES
1032:../../../firmware/n32h7xx_std_periph_driver/src/n32h7xx_xspi_v2.c **** *\*\          - XSPI_WAIT_19_CYCLES
1033:../../../firmware/n32h7xx_std_periph_driver/src/n32h7xx_xspi_v2.c **** *\*\          - XSPI_WAIT_20_CYCLES
1034:../../../firmware/n32h7xx_std_periph_driver/src/n32h7xx_xspi_v2.c **** *\*\          - XSPI_WAIT_21_CYCLES
1035:../../../firmware/n32h7xx_std_periph_driver/src/n32h7xx_xspi_v2.c **** *\*\          - XSPI_WAIT_22_CYCLES
1036:../../../firmware/n32h7xx_std_periph_driver/src/n32h7xx_xspi_v2.c **** *\*\          - XSPI_WAIT_23_CYCLES
1037:../../../firmware/n32h7xx_std_periph_driver/src/n32h7xx_xspi_v2.c **** *\*\          - XSPI_WAIT_24_CYCLES
1038:../../../firmware/n32h7xx_std_periph_driver/src/n32h7xx_xspi_v2.c **** *\*\          - XSPI_WAIT_25_CYCLES
1039:../../../firmware/n32h7xx_std_periph_driver/src/n32h7xx_xspi_v2.c **** *\*\          - XSPI_WAIT_26_CYCLES
1040:../../../firmware/n32h7xx_std_periph_driver/src/n32h7xx_xspi_v2.c **** *\*\          - XSPI_WAIT_27_CYCLES
1041:../../../firmware/n32h7xx_std_periph_driver/src/n32h7xx_xspi_v2.c **** *\*\          - XSPI_WAIT_28_CYCLES
1042:../../../firmware/n32h7xx_std_periph_driver/src/n32h7xx_xspi_v2.c **** *\*\          - XSPI_WAIT_29_CYCLES
1043:../../../firmware/n32h7xx_std_periph_driver/src/n32h7xx_xspi_v2.c **** *\*\          - XSPI_WAIT_30_CYCLES
1044:../../../firmware/n32h7xx_std_periph_driver/src/n32h7xx_xspi_v2.c **** *\*\          - XSPI_WAIT_31_CYCLES
1045:../../../firmware/n32h7xx_std_periph_driver/src/n32h7xx_xspi_v2.c **** *\*\          - XSPI_WAIT_32_CYCLES
1046:../../../firmware/n32h7xx_std_periph_driver/src/n32h7xx_xspi_v2.c **** *\*\param   CAPhaseRxds: 
1047:../../../firmware/n32h7xx_std_periph_driver/src/n32h7xx_xspi_v2.c **** *\*\          - XSPI_HYPERBUS_CA_RXDS_DISABLE  
1048:../../../firmware/n32h7xx_std_periph_driver/src/n32h7xx_xspi_v2.c **** *\*\          - XSPI_HYPERBUS_CA_RXDS_ENABLE  
1049:../../../firmware/n32h7xx_std_periph_driver/src/n32h7xx_xspi_v2.c **** *\*\param   ClockStrech: 
1050:../../../firmware/n32h7xx_std_periph_driver/src/n32h7xx_xspi_v2.c **** *\*\          - XSPI_CLOCK_STRETCH_DISABLE  
1051:../../../firmware/n32h7xx_std_periph_driver/src/n32h7xx_xspi_v2.c **** *\*\          - XSPI_CLOCK_STRETCH_ENABLE  
1052:../../../firmware/n32h7xx_std_periph_driver/src/n32h7xx_xspi_v2.c **** *\*\param   TxdDriverEdge: 
1053:../../../firmware/n32h7xx_std_periph_driver/src/n32h7xx_xspi_v2.c **** *\*\          - 0 ~ 255, Max value = (BAUD/2) - 1, BAUDR = CLKDIV[14:0] * 2)
1054:../../../firmware/n32h7xx_std_periph_driver/src/n32h7xx_xspi_v2.c **** *\*\param   XIPHyperbus: 
1055:../../../firmware/n32h7xx_std_periph_driver/src/n32h7xx_xspi_v2.c **** *\*\          - XSPI_XIP_HYPERBUS_MODE
1056:../../../firmware/n32h7xx_std_periph_driver/src/n32h7xx_xspi_v2.c **** *\*\          - XSPI_NON_XIP_HYPERBUS_MODE
1057:../../../firmware/n32h7xx_std_periph_driver/src/n32h7xx_xspi_v2.c **** *\*\
1058:../../../firmware/n32h7xx_std_periph_driver/src/n32h7xx_xspi_v2.c **** *\*\param   XIP_ReadHyperbusInitType:   
1059:../../../firmware/n32h7xx_std_periph_driver/src/n32h7xx_xspi_v2.c **** *\*\          Note: XIP Hyperbus Read Parameters
1060:../../../firmware/n32h7xx_std_periph_driver/src/n32h7xx_xspi_v2.c **** *\*\param       XipFixDFS: 
1061:../../../firmware/n32h7xx_std_periph_driver/src/n32h7xx_xspi_v2.c **** *\*\              - XSPI_XIP_DFSHC_DISABLE
1062:../../../firmware/n32h7xx_std_periph_driver/src/n32h7xx_xspi_v2.c **** *\*\              - XSPI_XIP_DFSHC_ENABLE
1063:../../../firmware/n32h7xx_std_periph_driver/src/n32h7xx_xspi_v2.c **** *\*\param       XipPrefetch: 
1064:../../../firmware/n32h7xx_std_periph_driver/src/n32h7xx_xspi_v2.c **** *\*\              - XSPI_XIP_PREFETCH_DISABLE
1065:../../../firmware/n32h7xx_std_periph_driver/src/n32h7xx_xspi_v2.c **** *\*\              - XSPI_XIP_PREFETCH_ENABLE
1066:../../../firmware/n32h7xx_std_periph_driver/src/n32h7xx_xspi_v2.c **** *\*\
1067:../../../firmware/n32h7xx_std_periph_driver/src/n32h7xx_xspi_v2.c **** *\*\return  none
1068:../../../firmware/n32h7xx_std_periph_driver/src/n32h7xx_xspi_v2.c **** **/
ARM GAS  /tmp/ccqjtRa8.s 			page 41


1069:../../../firmware/n32h7xx_std_periph_driver/src/n32h7xx_xspi_v2.c **** void XSPI_InitHyperbus(XSPI_Module *xSPIx, XSPI_HyperbusInitType* XSPI_HyperbusInitStruct)
1070:../../../firmware/n32h7xx_std_periph_driver/src/n32h7xx_xspi_v2.c **** {
 1182              		.loc 1 1070 1
 1183              		.cfi_startproc
 1184              		@ args = 0, pretend = 0, frame = 16
 1185              		@ frame_needed = 1, uses_anonymous_args = 0
 1186              		@ link register save eliminated.
 1187 0000 80B4     		push	{r7}
 1188              	.LCFI38:
 1189              		.cfi_def_cfa_offset 4
 1190              		.cfi_offset 7, -4
 1191 0002 85B0     		sub	sp, sp, #20
 1192              	.LCFI39:
 1193              		.cfi_def_cfa_offset 24
 1194 0004 00AF     		add	r7, sp, #0
 1195              	.LCFI40:
 1196              		.cfi_def_cfa_register 7
 1197 0006 7860     		str	r0, [r7, #4]
 1198 0008 3960     		str	r1, [r7]
1071:../../../firmware/n32h7xx_std_periph_driver/src/n32h7xx_xspi_v2.c ****     uint32_t tmpregister = 0;
 1199              		.loc 1 1071 14
 1200 000a 0023     		movs	r3, #0
 1201 000c FB60     		str	r3, [r7, #12]
1072:../../../firmware/n32h7xx_std_periph_driver/src/n32h7xx_xspi_v2.c **** 
1073:../../../firmware/n32h7xx_std_periph_driver/src/n32h7xx_xspi_v2.c ****     /*---------------------------- XSPI BAUD Configuration ------------------------*/
1074:../../../firmware/n32h7xx_std_periph_driver/src/n32h7xx_xspi_v2.c ****     /* Set the XSPI BAUD value */
1075:../../../firmware/n32h7xx_std_periph_driver/src/n32h7xx_xspi_v2.c ****     xSPIx->BAUD = ((uint32_t)((XSPI_HyperbusInitStruct->Baudr / 2U) << 1U));
 1202              		.loc 1 1075 55
 1203 000e 3B68     		ldr	r3, [r7]
 1204 0010 1B68     		ldr	r3, [r3]
 1205              		.loc 1 1075 63
 1206 0012 5B08     		lsrs	r3, r3, #1
 1207              		.loc 1 1075 20
 1208 0014 5A00     		lsls	r2, r3, #1
 1209              		.loc 1 1075 17
 1210 0016 7B68     		ldr	r3, [r7, #4]
 1211 0018 5A61     		str	r2, [r3, #20]
1076:../../../firmware/n32h7xx_std_periph_driver/src/n32h7xx_xspi_v2.c **** 
1077:../../../firmware/n32h7xx_std_periph_driver/src/n32h7xx_xspi_v2.c ****     /* Configure: DDR mode TXD Drive edge register which decided the driving edge of transmit data
1078:../../../firmware/n32h7xx_std_periph_driver/src/n32h7xx_xspi_v2.c ****      * Note: maximum value is = (BAUDR/2) -1 (BAUDR = CLKDIV [14:0] * 2)
1079:../../../firmware/n32h7xx_std_periph_driver/src/n32h7xx_xspi_v2.c ****      */
1080:../../../firmware/n32h7xx_std_periph_driver/src/n32h7xx_xspi_v2.c ****     xSPIx->DDR_TXDE = XSPI_HyperbusInitStruct->TxdDriverEdge;
 1212              		.loc 1 1080 46
 1213 001a 3B68     		ldr	r3, [r7]
 1214 001c 9A69     		ldr	r2, [r3, #24]
 1215              		.loc 1 1080 21
 1216 001e 7B68     		ldr	r3, [r7, #4]
 1217 0020 C3F8F820 		str	r2, [r3, #248]
1081:../../../firmware/n32h7xx_std_periph_driver/src/n32h7xx_xspi_v2.c **** 
1082:../../../firmware/n32h7xx_std_periph_driver/src/n32h7xx_xspi_v2.c ****     /*---------------------------- XSPI CTRL0 Configuration ------------------------*/
1083:../../../firmware/n32h7xx_std_periph_driver/src/n32h7xx_xspi_v2.c ****     /* Get the XSPI CTRL0 value */
1084:../../../firmware/n32h7xx_std_periph_driver/src/n32h7xx_xspi_v2.c ****     tmpregister = xSPIx->CTRL0;
 1218              		.loc 1 1084 17
 1219 0024 7B68     		ldr	r3, [r7, #4]
 1220 0026 1B68     		ldr	r3, [r3]
 1221 0028 FB60     		str	r3, [r7, #12]
1085:../../../firmware/n32h7xx_std_periph_driver/src/n32h7xx_xspi_v2.c **** 
ARM GAS  /tmp/ccqjtRa8.s 			page 42


1086:../../../firmware/n32h7xx_std_periph_driver/src/n32h7xx_xspi_v2.c ****     /* Clear CTRL0 Register */
1087:../../../firmware/n32h7xx_std_periph_driver/src/n32h7xx_xspi_v2.c ****     tmpregister &= ~XSPI_CTRL0_MASK;
 1222              		.loc 1 1087 17
 1223 002a FA68     		ldr	r2, [r7, #12]
 1224 002c 534B     		ldr	r3, .L39
 1225 002e 1340     		ands	r3, r3, r2
 1226 0030 FB60     		str	r3, [r7, #12]
1088:../../../firmware/n32h7xx_std_periph_driver/src/n32h7xx_xspi_v2.c **** 
1089:../../../firmware/n32h7xx_std_periph_driver/src/n32h7xx_xspi_v2.c ****     /* Configure: The SPI frame format is fixed as Octal SPI Format
1090:../../../firmware/n32h7xx_std_periph_driver/src/n32h7xx_xspi_v2.c ****      * Configure: Transfer Mode(TX_ONLY or RX_ONLY)
1091:../../../firmware/n32h7xx_std_periph_driver/src/n32h7xx_xspi_v2.c ****      * Configure: Data Frame Size
1092:../../../firmware/n32h7xx_std_periph_driver/src/n32h7xx_xspi_v2.c ****      * Configure: fixed as master
1093:../../../firmware/n32h7xx_std_periph_driver/src/n32h7xx_xspi_v2.c ****      */
1094:../../../firmware/n32h7xx_std_periph_driver/src/n32h7xx_xspi_v2.c ****     tmpregister |= ((uint32_t)(XSPI_V2_CTRL0_MST | XSPI_V2_CTRL0_SPIFRF | XSPI_HyperbusInitStruct->
 1227              		.loc 1 1094 98
 1228 0032 3B68     		ldr	r3, [r7]
 1229 0034 5A68     		ldr	r2, [r3, #4]
 1230              		.loc 1 1094 138
 1231 0036 3B68     		ldr	r3, [r7]
 1232 0038 9B68     		ldr	r3, [r3, #8]
 1233              		.loc 1 1094 21
 1234 003a 1A43     		orrs	r2, r2, r3
 1235              		.loc 1 1094 17
 1236 003c FB68     		ldr	r3, [r7, #12]
 1237 003e 1343     		orrs	r3, r3, r2
 1238 0040 43F00043 		orr	r3, r3, #-2147483648
 1239 0044 43F44003 		orr	r3, r3, #12582912
 1240 0048 FB60     		str	r3, [r7, #12]
1095:../../../firmware/n32h7xx_std_periph_driver/src/n32h7xx_xspi_v2.c **** 
1096:../../../firmware/n32h7xx_std_periph_driver/src/n32h7xx_xspi_v2.c ****     /* Write to XSPI CTRL0 */
1097:../../../firmware/n32h7xx_std_periph_driver/src/n32h7xx_xspi_v2.c ****     xSPIx->CTRL0 = tmpregister;
 1241              		.loc 1 1097 18
 1242 004a 7B68     		ldr	r3, [r7, #4]
 1243 004c FA68     		ldr	r2, [r7, #12]
 1244 004e 1A60     		str	r2, [r3]
1098:../../../firmware/n32h7xx_std_periph_driver/src/n32h7xx_xspi_v2.c **** 
1099:../../../firmware/n32h7xx_std_periph_driver/src/n32h7xx_xspi_v2.c ****     if (XSPI_HyperbusInitStruct->TransferMode == XSPI_RX_ONLY_MODE && XSPI_HyperbusInitStruct->XIPH
 1245              		.loc 1 1099 32
 1246 0050 3B68     		ldr	r3, [r7]
 1247 0052 5B68     		ldr	r3, [r3, #4]
 1248              		.loc 1 1099 8
 1249 0054 B3F5006F 		cmp	r3, #2048
 1250 0058 2DD1     		bne	.L34
 1251              		.loc 1 1099 94 discriminator 1
 1252 005a 3B68     		ldr	r3, [r7]
 1253 005c DB69     		ldr	r3, [r3, #28]
 1254              		.loc 1 1099 68 discriminator 1
 1255 005e 002B     		cmp	r3, #0
 1256 0060 29D0     		beq	.L34
1100:../../../firmware/n32h7xx_std_periph_driver/src/n32h7xx_xspi_v2.c ****     {
1101:../../../firmware/n32h7xx_std_periph_driver/src/n32h7xx_xspi_v2.c ****         /* Hyperbus Read */
1102:../../../firmware/n32h7xx_std_periph_driver/src/n32h7xx_xspi_v2.c ****         /* Get the XSPI XIP_CTRL value */
1103:../../../firmware/n32h7xx_std_periph_driver/src/n32h7xx_xspi_v2.c ****         tmpregister = xSPIx->XIP_CTRL;
 1257              		.loc 1 1103 21
 1258 0062 7B68     		ldr	r3, [r7, #4]
 1259 0064 D3F80831 		ldr	r3, [r3, #264]
 1260 0068 FB60     		str	r3, [r7, #12]
ARM GAS  /tmp/ccqjtRa8.s 			page 43


1104:../../../firmware/n32h7xx_std_periph_driver/src/n32h7xx_xspi_v2.c **** 
1105:../../../firmware/n32h7xx_std_periph_driver/src/n32h7xx_xspi_v2.c ****         /* Clear XIP_CTRL Register */
1106:../../../firmware/n32h7xx_std_periph_driver/src/n32h7xx_xspi_v2.c ****         tmpregister &= ~(XSPI_XIP_CTRL_BASE_MASK | XSPI_XIP_CTRL_DDR_MASK);
 1261              		.loc 1 1106 21
 1262 006a FA68     		ldr	r2, [r7, #12]
 1263 006c 444B     		ldr	r3, .L39+4
 1264 006e 1340     		ands	r3, r3, r2
 1265 0070 FB60     		str	r3, [r7, #12]
1107:../../../firmware/n32h7xx_std_periph_driver/src/n32h7xx_xspi_v2.c **** 
1108:../../../firmware/n32h7xx_std_periph_driver/src/n32h7xx_xspi_v2.c ****         /* Configure: The SPI frame format is fixed as Octal SPI Format
1109:../../../firmware/n32h7xx_std_periph_driver/src/n32h7xx_xspi_v2.c ****          * Configure: The Address and instruction transfer format is fixed as Octal SPI Format sent
1110:../../../firmware/n32h7xx_std_periph_driver/src/n32h7xx_xspi_v2.c ****          * Configure: The address length is fixed as 48-bit
1111:../../../firmware/n32h7xx_std_periph_driver/src/n32h7xx_xspi_v2.c ****          * Configure: The instruction length is fixed as no have instruction phase
1112:../../../firmware/n32h7xx_std_periph_driver/src/n32h7xx_xspi_v2.c ****          * Configure: Wait cycles between control frames transmit and data reception
1113:../../../firmware/n32h7xx_std_periph_driver/src/n32h7xx_xspi_v2.c ****          * Configure: Fix DFS for XIP transfers
1114:../../../firmware/n32h7xx_std_periph_driver/src/n32h7xx_xspi_v2.c ****          * Configure：DDR mode is fixed Enable
1115:../../../firmware/n32h7xx_std_periph_driver/src/n32h7xx_xspi_v2.c ****          * Configure：Read data strobe signal is fixed Enable
1116:../../../firmware/n32h7xx_std_periph_driver/src/n32h7xx_xspi_v2.c ****          * Configure：Enable rxds signaling during address and command phase of Hypebus transfer
1117:../../../firmware/n32h7xx_std_periph_driver/src/n32h7xx_xspi_v2.c ****          * Configure: Enables XIP pre-fetch
1118:../../../firmware/n32h7xx_std_periph_driver/src/n32h7xx_xspi_v2.c ****          */
1119:../../../firmware/n32h7xx_std_periph_driver/src/n32h7xx_xspi_v2.c ****         tmpregister |= ((XSPI_ADDR_LEN_48BIT >> 2U) << 4U);
 1266              		.loc 1 1119 21
 1267 0072 FB68     		ldr	r3, [r7, #12]
 1268 0074 43F0C003 		orr	r3, r3, #192
 1269 0078 FB60     		str	r3, [r7, #12]
1120:../../../firmware/n32h7xx_std_periph_driver/src/n32h7xx_xspi_v2.c ****         tmpregister |= ((uint32_t)((XSPI_HyperbusInitStruct->WaitCycles & 0x0000001FU) << 13U));
 1270              		.loc 1 1120 60
 1271 007a 3B68     		ldr	r3, [r7]
 1272 007c DB68     		ldr	r3, [r3, #12]
 1273              		.loc 1 1120 25
 1274 007e 5B03     		lsls	r3, r3, #13
 1275 0080 03F47833 		and	r3, r3, #253952
 1276              		.loc 1 1120 21
 1277 0084 FA68     		ldr	r2, [r7, #12]
 1278 0086 1343     		orrs	r3, r3, r2
 1279 0088 FB60     		str	r3, [r7, #12]
1121:../../../firmware/n32h7xx_std_periph_driver/src/n32h7xx_xspi_v2.c ****         
1122:../../../firmware/n32h7xx_std_periph_driver/src/n32h7xx_xspi_v2.c ****         tmpregister |= ((uint32_t)(XSPI_HyperbusInitStruct->XIP_ReadHyperbusInitType.XipPrefetch | 
 1280              		.loc 1 1122 85
 1281 008a 3B68     		ldr	r3, [r7]
 1282 008c 5A6A     		ldr	r2, [r3, #36]
1123:../../../firmware/n32h7xx_std_periph_driver/src/n32h7xx_xspi_v2.c ****                                    XSPI_HyperbusInitStruct->XIP_ReadHyperbusInitType.XipFixDFS));
 1283              		.loc 1 1123 85
 1284 008e 3B68     		ldr	r3, [r7]
 1285 0090 1B6A     		ldr	r3, [r3, #32]
1122:../../../firmware/n32h7xx_std_periph_driver/src/n32h7xx_xspi_v2.c ****                                    XSPI_HyperbusInitStruct->XIP_ReadHyperbusInitType.XipFixDFS));
 1286              		.loc 1 1122 98
 1287 0092 1343     		orrs	r3, r3, r2
1122:../../../firmware/n32h7xx_std_periph_driver/src/n32h7xx_xspi_v2.c ****                                    XSPI_HyperbusInitStruct->XIP_ReadHyperbusInitType.XipFixDFS));
 1288              		.loc 1 1122 21
 1289 0094 FA68     		ldr	r2, [r7, #12]
 1290 0096 1343     		orrs	r3, r3, r2
 1291 0098 FB60     		str	r3, [r7, #12]
1124:../../../firmware/n32h7xx_std_periph_driver/src/n32h7xx_xspi_v2.c ****         
1125:../../../firmware/n32h7xx_std_periph_driver/src/n32h7xx_xspi_v2.c ****         tmpregister |= ((uint32_t)(XSPI_HyperbusInitStruct->CAPhaseRxds | XSPI_V2_XIP_CTRL_RXDSEN |
 1292              		.loc 1 1125 59
 1293 009a 3B68     		ldr	r3, [r7]
ARM GAS  /tmp/ccqjtRa8.s 			page 44


 1294 009c 1A69     		ldr	r2, [r3, #16]
 1295              		.loc 1 1125 21
 1296 009e FB68     		ldr	r3, [r7, #12]
 1297 00a0 1343     		orrs	r3, r3, r2
 1298 00a2 43F42013 		orr	r3, r3, #2621440
 1299 00a6 43F00B03 		orr	r3, r3, #11
 1300 00aa FB60     		str	r3, [r7, #12]
1126:../../../firmware/n32h7xx_std_periph_driver/src/n32h7xx_xspi_v2.c ****                                    XSPI_V2_XIP_CTRL_DDREN | XSPI_V2_XIP_CTRL_TRANSTYPE_1 | XSPI_V2_
1127:../../../firmware/n32h7xx_std_periph_driver/src/n32h7xx_xspi_v2.c **** 
1128:../../../firmware/n32h7xx_std_periph_driver/src/n32h7xx_xspi_v2.c ****         /* Write to XSPI XIP_CTRL */
1129:../../../firmware/n32h7xx_std_periph_driver/src/n32h7xx_xspi_v2.c ****         xSPIx->XIP_CTRL = tmpregister;
 1301              		.loc 1 1129 25
 1302 00ac 7B68     		ldr	r3, [r7, #4]
 1303 00ae FA68     		ldr	r2, [r7, #12]
 1304 00b0 C3F80821 		str	r2, [r3, #264]
 1305 00b4 27E0     		b	.L35
 1306              	.L34:
1130:../../../firmware/n32h7xx_std_periph_driver/src/n32h7xx_xspi_v2.c ****     }
1131:../../../firmware/n32h7xx_std_periph_driver/src/n32h7xx_xspi_v2.c ****     else if (XSPI_HyperbusInitStruct->TransferMode == XSPI_TX_ONLY_MODE && XSPI_HyperbusInitStruct-
 1307              		.loc 1 1131 37
 1308 00b6 3B68     		ldr	r3, [r7]
 1309 00b8 5B68     		ldr	r3, [r3, #4]
 1310              		.loc 1 1131 13
 1311 00ba B3F5806F 		cmp	r3, #1024
 1312 00be 22D1     		bne	.L35
 1313              		.loc 1 1131 99 discriminator 1
 1314 00c0 3B68     		ldr	r3, [r7]
 1315 00c2 DB69     		ldr	r3, [r3, #28]
 1316              		.loc 1 1131 73 discriminator 1
 1317 00c4 002B     		cmp	r3, #0
 1318 00c6 1ED0     		beq	.L35
1132:../../../firmware/n32h7xx_std_periph_driver/src/n32h7xx_xspi_v2.c ****     {
1133:../../../firmware/n32h7xx_std_periph_driver/src/n32h7xx_xspi_v2.c ****         /* XIP Hyperbus Write */
1134:../../../firmware/n32h7xx_std_periph_driver/src/n32h7xx_xspi_v2.c ****         /* Get the XSPI XIP_WRITE_CTRL value */
1135:../../../firmware/n32h7xx_std_periph_driver/src/n32h7xx_xspi_v2.c ****         tmpregister = xSPIx->XIP_WRITE_CTRL;
 1319              		.loc 1 1135 21
 1320 00c8 7B68     		ldr	r3, [r7, #4]
 1321 00ca D3F84831 		ldr	r3, [r3, #328]
 1322 00ce FB60     		str	r3, [r7, #12]
1136:../../../firmware/n32h7xx_std_periph_driver/src/n32h7xx_xspi_v2.c **** 
1137:../../../firmware/n32h7xx_std_periph_driver/src/n32h7xx_xspi_v2.c ****         /* Clear XIP_WRITE_CTRL Register */
1138:../../../firmware/n32h7xx_std_periph_driver/src/n32h7xx_xspi_v2.c ****         tmpregister &= ~XSPI_XIP_WRITE_CTRL_MASK;
 1323              		.loc 1 1138 21
 1324 00d0 FA68     		ldr	r2, [r7, #12]
 1325 00d2 2C4B     		ldr	r3, .L39+8
 1326 00d4 1340     		ands	r3, r3, r2
 1327 00d6 FB60     		str	r3, [r7, #12]
1139:../../../firmware/n32h7xx_std_periph_driver/src/n32h7xx_xspi_v2.c **** 
1140:../../../firmware/n32h7xx_std_periph_driver/src/n32h7xx_xspi_v2.c ****         /* Configure: The SPI frame format is fixed as Octal SPI Format
1141:../../../firmware/n32h7xx_std_periph_driver/src/n32h7xx_xspi_v2.c ****          * Configure: The Address and instruction transfer format is fixed as Octal SPI Format sent
1142:../../../firmware/n32h7xx_std_periph_driver/src/n32h7xx_xspi_v2.c ****          * Configure: The address length is fixed as 32-bit
1143:../../../firmware/n32h7xx_std_periph_driver/src/n32h7xx_xspi_v2.c ****          * Configure: The instruction length is fixed as no have instruction phase
1144:../../../firmware/n32h7xx_std_periph_driver/src/n32h7xx_xspi_v2.c ****          * Configure：DDR mode is fixed Enable
1145:../../../firmware/n32h7xx_std_periph_driver/src/n32h7xx_xspi_v2.c ****          * 
1146:../../../firmware/n32h7xx_std_periph_driver/src/n32h7xx_xspi_v2.c ****          * Configure：Read data strobe signal is fixed Enable
1147:../../../firmware/n32h7xx_std_periph_driver/src/n32h7xx_xspi_v2.c ****          * 
1148:../../../firmware/n32h7xx_std_periph_driver/src/n32h7xx_xspi_v2.c ****          * Configure：Enable rxds signaling during address and command phase of Hypebus transfer
ARM GAS  /tmp/ccqjtRa8.s 			page 45


1149:../../../firmware/n32h7xx_std_periph_driver/src/n32h7xx_xspi_v2.c ****          * Configure: Wait cycles between control frames transmit and data reception
1150:../../../firmware/n32h7xx_std_periph_driver/src/n32h7xx_xspi_v2.c ****          */
1151:../../../firmware/n32h7xx_std_periph_driver/src/n32h7xx_xspi_v2.c ****         tmpregister |= ((uint32_t)((XSPI_HyperbusInitStruct->WaitCycles & 0x0000001FU) << 16U));
 1328              		.loc 1 1151 60
 1329 00d8 3B68     		ldr	r3, [r7]
 1330 00da DB68     		ldr	r3, [r3, #12]
 1331              		.loc 1 1151 25
 1332 00dc 1B04     		lsls	r3, r3, #16
 1333 00de 03F4F813 		and	r3, r3, #2031616
 1334              		.loc 1 1151 21
 1335 00e2 FA68     		ldr	r2, [r7, #12]
 1336 00e4 1343     		orrs	r3, r3, r2
 1337 00e6 FB60     		str	r3, [r7, #12]
1152:../../../firmware/n32h7xx_std_periph_driver/src/n32h7xx_xspi_v2.c ****         tmpregister |= ((uint32_t)((((XSPI_HyperbusInitStruct->CAPhaseRxds >> 25U) << 13U) | XSPI_V
 1338              		.loc 1 1152 62
 1339 00e8 3B68     		ldr	r3, [r7]
 1340 00ea 1B69     		ldr	r3, [r3, #16]
 1341              		.loc 1 1152 76
 1342 00ec 5B0E     		lsrs	r3, r3, #25
 1343              		.loc 1 1152 84
 1344 00ee 5A03     		lsls	r2, r3, #13
 1345              		.loc 1 1152 21
 1346 00f0 FB68     		ldr	r3, [r7, #12]
 1347 00f2 1343     		orrs	r3, r3, r2
 1348 00f4 43F49163 		orr	r3, r3, #1160
 1349 00f8 43F00303 		orr	r3, r3, #3
 1350 00fc FB60     		str	r3, [r7, #12]
1153:../../../firmware/n32h7xx_std_periph_driver/src/n32h7xx_xspi_v2.c ****                                     XSPI_V2_XIP_WRITE_CTRL_WRADDRL_3 | XSPI_V2_XIP_WRITE_CTRL_WRTRT
1154:../../../firmware/n32h7xx_std_periph_driver/src/n32h7xx_xspi_v2.c **** 
1155:../../../firmware/n32h7xx_std_periph_driver/src/n32h7xx_xspi_v2.c ****         /* Write to XSPI XIP_WRITE_CTRL */
1156:../../../firmware/n32h7xx_std_periph_driver/src/n32h7xx_xspi_v2.c ****         xSPIx->XIP_WRITE_CTRL = tmpregister;
 1351              		.loc 1 1156 31
 1352 00fe 7B68     		ldr	r3, [r7, #4]
 1353 0100 FA68     		ldr	r2, [r7, #12]
 1354 0102 C3F84821 		str	r2, [r3, #328]
 1355              	.L35:
1157:../../../firmware/n32h7xx_std_periph_driver/src/n32h7xx_xspi_v2.c ****     }
1158:../../../firmware/n32h7xx_std_periph_driver/src/n32h7xx_xspi_v2.c ****     else
1159:../../../firmware/n32h7xx_std_periph_driver/src/n32h7xx_xspi_v2.c ****     {
1160:../../../firmware/n32h7xx_std_periph_driver/src/n32h7xx_xspi_v2.c ****         /* No Process */
1161:../../../firmware/n32h7xx_std_periph_driver/src/n32h7xx_xspi_v2.c ****     }
1162:../../../firmware/n32h7xx_std_periph_driver/src/n32h7xx_xspi_v2.c **** 
1163:../../../firmware/n32h7xx_std_periph_driver/src/n32h7xx_xspi_v2.c **** 
1164:../../../firmware/n32h7xx_std_periph_driver/src/n32h7xx_xspi_v2.c ****     if (XSPI_HyperbusInitStruct->XIPHyperbus != XSPI_XIP_HYPERBUS_MODE)
 1356              		.loc 1 1164 32
 1357 0106 3B68     		ldr	r3, [r7]
 1358 0108 DB69     		ldr	r3, [r3, #28]
 1359              		.loc 1 1164 8
 1360 010a 012B     		cmp	r3, #1
 1361 010c 1DD0     		beq	.L36
1165:../../../firmware/n32h7xx_std_periph_driver/src/n32h7xx_xspi_v2.c ****     {
1166:../../../firmware/n32h7xx_std_periph_driver/src/n32h7xx_xspi_v2.c ****         /* NOE-XIP Hyperbus Write/Read */
1167:../../../firmware/n32h7xx_std_periph_driver/src/n32h7xx_xspi_v2.c ****         /* Get the XSPI ENH_CTRL0 value */
1168:../../../firmware/n32h7xx_std_periph_driver/src/n32h7xx_xspi_v2.c ****         tmpregister = xSPIx->ENH_CTRL0;
 1362              		.loc 1 1168 21
 1363 010e 7B68     		ldr	r3, [r7, #4]
 1364 0110 D3F8F430 		ldr	r3, [r3, #244]
ARM GAS  /tmp/ccqjtRa8.s 			page 46


 1365 0114 FB60     		str	r3, [r7, #12]
1169:../../../firmware/n32h7xx_std_periph_driver/src/n32h7xx_xspi_v2.c **** 
1170:../../../firmware/n32h7xx_std_periph_driver/src/n32h7xx_xspi_v2.c ****         /* Clear ENH_CTRL0 Register */
1171:../../../firmware/n32h7xx_std_periph_driver/src/n32h7xx_xspi_v2.c ****         tmpregister &= ~(XSPI_ENH_CTRL0_BASE_MASK | XSPI_ENH_CTRL0_DDR_MASK);
 1366              		.loc 1 1171 21
 1367 0116 FA68     		ldr	r2, [r7, #12]
 1368 0118 1B4B     		ldr	r3, .L39+12
 1369 011a 1340     		ands	r3, r3, r2
 1370 011c FB60     		str	r3, [r7, #12]
1172:../../../firmware/n32h7xx_std_periph_driver/src/n32h7xx_xspi_v2.c **** 
1173:../../../firmware/n32h7xx_std_periph_driver/src/n32h7xx_xspi_v2.c ****         /* Configure: The Address and instruction transfer format is fixed as Octal SPI Format sent
1174:../../../firmware/n32h7xx_std_periph_driver/src/n32h7xx_xspi_v2.c ****          * Configure: The address length is fixed as 48-bit
1175:../../../firmware/n32h7xx_std_periph_driver/src/n32h7xx_xspi_v2.c ****          * Configure: The instruction length is fixed as no have instruction phase
1176:../../../firmware/n32h7xx_std_periph_driver/src/n32h7xx_xspi_v2.c ****          * Configure: Wait cycles between control frames transmit and data reception
1177:../../../firmware/n32h7xx_std_periph_driver/src/n32h7xx_xspi_v2.c ****          * Configure：DDR mode is fixed Enable
1178:../../../firmware/n32h7xx_std_periph_driver/src/n32h7xx_xspi_v2.c ****          * Configure：Read data strobe signal is fixed Enable
1179:../../../firmware/n32h7xx_std_periph_driver/src/n32h7xx_xspi_v2.c ****          * 
1180:../../../firmware/n32h7xx_std_periph_driver/src/n32h7xx_xspi_v2.c ****          * Configure：Data mask is fixed Enable
1181:../../../firmware/n32h7xx_std_periph_driver/src/n32h7xx_xspi_v2.c ****          * 
1182:../../../firmware/n32h7xx_std_periph_driver/src/n32h7xx_xspi_v2.c ****          * Configure：Enable rxds signaling during address and command phase of Hypebus transfer
1183:../../../firmware/n32h7xx_std_periph_driver/src/n32h7xx_xspi_v2.c ****          */
1184:../../../firmware/n32h7xx_std_periph_driver/src/n32h7xx_xspi_v2.c ****         tmpregister |= ((uint32_t)((XSPI_HyperbusInitStruct->WaitCycles & 0x0000001FU) << 11U));
 1371              		.loc 1 1184 60
 1372 011e 3B68     		ldr	r3, [r7]
 1373 0120 DB68     		ldr	r3, [r3, #12]
 1374              		.loc 1 1184 25
 1375 0122 DB02     		lsls	r3, r3, #11
 1376 0124 9BB2     		uxth	r3, r3
 1377              		.loc 1 1184 21
 1378 0126 FA68     		ldr	r2, [r7, #12]
 1379 0128 1343     		orrs	r3, r3, r2
 1380 012a FB60     		str	r3, [r7, #12]
1185:../../../firmware/n32h7xx_std_periph_driver/src/n32h7xx_xspi_v2.c ****         tmpregister |= ((uint32_t)(XSPI_HyperbusInitStruct->ClockStrech | XSPI_HyperbusInitStruct->
 1381              		.loc 1 1185 59
 1382 012c 3B68     		ldr	r3, [r7]
 1383 012e 5A69     		ldr	r2, [r3, #20]
 1384              		.loc 1 1185 98
 1385 0130 3B68     		ldr	r3, [r7]
 1386 0132 1B69     		ldr	r3, [r3, #16]
 1387              		.loc 1 1185 73
 1388 0134 1A43     		orrs	r2, r2, r3
 1389              		.loc 1 1185 21
 1390 0136 FB68     		ldr	r3, [r7, #12]
 1391 0138 1A43     		orrs	r2, r2, r3
 1392 013a 144B     		ldr	r3, .L39+16
 1393 013c 1343     		orrs	r3, r3, r2
 1394 013e FB60     		str	r3, [r7, #12]
1186:../../../firmware/n32h7xx_std_periph_driver/src/n32h7xx_xspi_v2.c ****                                    XSPI_V2_ENH_CTRL0_SPIRXDSEN | XSPI_V2_ENH_CTRL0_WRSPIDDREN | XSP
1187:../../../firmware/n32h7xx_std_periph_driver/src/n32h7xx_xspi_v2.c ****         
1188:../../../firmware/n32h7xx_std_periph_driver/src/n32h7xx_xspi_v2.c ****         /* Write to XSPI ENH_CTRL0 */
1189:../../../firmware/n32h7xx_std_periph_driver/src/n32h7xx_xspi_v2.c ****         xSPIx->ENH_CTRL0 = tmpregister;
 1395              		.loc 1 1189 26
 1396 0140 7B68     		ldr	r3, [r7, #4]
 1397 0142 FA68     		ldr	r2, [r7, #12]
 1398 0144 C3F8F420 		str	r2, [r3, #244]
1190:../../../firmware/n32h7xx_std_periph_driver/src/n32h7xx_xspi_v2.c ****     }
1191:../../../firmware/n32h7xx_std_periph_driver/src/n32h7xx_xspi_v2.c ****     else
ARM GAS  /tmp/ccqjtRa8.s 			page 47


1192:../../../firmware/n32h7xx_std_periph_driver/src/n32h7xx_xspi_v2.c ****     {
1193:../../../firmware/n32h7xx_std_periph_driver/src/n32h7xx_xspi_v2.c ****         /* Configure：Data mask is fixed Enable
1194:../../../firmware/n32h7xx_std_periph_driver/src/n32h7xx_xspi_v2.c ****          * Configure: Config clock stretching capability  
1195:../../../firmware/n32h7xx_std_periph_driver/src/n32h7xx_xspi_v2.c ****          */
1196:../../../firmware/n32h7xx_std_periph_driver/src/n32h7xx_xspi_v2.c ****         tmpregister = xSPIx->ENH_CTRL0;
1197:../../../firmware/n32h7xx_std_periph_driver/src/n32h7xx_xspi_v2.c ****         tmpregister &= ~XSPI_V2_ENH_CTRL0_CLKSTREN;
1198:../../../firmware/n32h7xx_std_periph_driver/src/n32h7xx_xspi_v2.c ****         tmpregister |= ((uint32_t)(XSPI_HyperbusInitStruct->ClockStrech | XSPI_V2_ENH_CTRL0_SPIDMEN
1199:../../../firmware/n32h7xx_std_periph_driver/src/n32h7xx_xspi_v2.c ****         xSPIx->ENH_CTRL0 = tmpregister;
1200:../../../firmware/n32h7xx_std_periph_driver/src/n32h7xx_xspi_v2.c ****     }
1201:../../../firmware/n32h7xx_std_periph_driver/src/n32h7xx_xspi_v2.c **** }
 1399              		.loc 1 1201 1
 1400 0148 12E0     		b	.L38
 1401              	.L36:
1196:../../../firmware/n32h7xx_std_periph_driver/src/n32h7xx_xspi_v2.c ****         tmpregister &= ~XSPI_V2_ENH_CTRL0_CLKSTREN;
 1402              		.loc 1 1196 21
 1403 014a 7B68     		ldr	r3, [r7, #4]
 1404 014c D3F8F430 		ldr	r3, [r3, #244]
 1405 0150 FB60     		str	r3, [r7, #12]
1197:../../../firmware/n32h7xx_std_periph_driver/src/n32h7xx_xspi_v2.c ****         tmpregister |= ((uint32_t)(XSPI_HyperbusInitStruct->ClockStrech | XSPI_V2_ENH_CTRL0_SPIDMEN
 1406              		.loc 1 1197 21
 1407 0152 FB68     		ldr	r3, [r7, #12]
 1408 0154 23F08043 		bic	r3, r3, #1073741824
 1409 0158 FB60     		str	r3, [r7, #12]
1198:../../../firmware/n32h7xx_std_periph_driver/src/n32h7xx_xspi_v2.c ****         xSPIx->ENH_CTRL0 = tmpregister;
 1410              		.loc 1 1198 59
 1411 015a 3B68     		ldr	r3, [r7]
 1412 015c 5A69     		ldr	r2, [r3, #20]
1198:../../../firmware/n32h7xx_std_periph_driver/src/n32h7xx_xspi_v2.c ****         xSPIx->ENH_CTRL0 = tmpregister;
 1413              		.loc 1 1198 21
 1414 015e FB68     		ldr	r3, [r7, #12]
 1415 0160 1343     		orrs	r3, r3, r2
 1416 0162 43F08073 		orr	r3, r3, #16777216
 1417 0166 FB60     		str	r3, [r7, #12]
1199:../../../firmware/n32h7xx_std_periph_driver/src/n32h7xx_xspi_v2.c ****     }
 1418              		.loc 1 1199 26
 1419 0168 7B68     		ldr	r3, [r7, #4]
 1420 016a FA68     		ldr	r2, [r7, #12]
 1421 016c C3F8F420 		str	r2, [r3, #244]
 1422              	.L38:
 1423              		.loc 1 1201 1
 1424 0170 00BF     		nop
 1425 0172 1437     		adds	r7, r7, #20
 1426              	.LCFI41:
 1427              		.cfi_def_cfa_offset 4
 1428 0174 BD46     		mov	sp, r7
 1429              	.LCFI42:
 1430              		.cfi_def_cfa_register 13
 1431              		@ sp needed
 1432 0176 80BC     		pop	{r7}
 1433              	.LCFI43:
 1434              		.cfi_restore 7
 1435              		.cfi_def_cfa_offset 0
 1436 0178 7047     		bx	lr
 1437              	.L40:
 1438 017a 00BF     		.align	2
 1439              	.L39:
 1440 017c E0B03F7F 		.word	2134880480
ARM GAS  /tmp/ccqjtRa8.s 			page 48


 1441 0180 000900D0 		.word	-805304064
 1442 0184 00C0E0FF 		.word	-2048000
 1443 0188 C004F8BE 		.word	-1091042112
 1444 018c 32000501 		.word	17104946
 1445              		.cfi_endproc
 1446              	.LFE142:
 1448              		.section	.text.XSPI_InitHyperbusStruct,"ax",%progbits
 1449              		.align	1
 1450              		.global	XSPI_InitHyperbusStruct
 1451              		.syntax unified
 1452              		.thumb
 1453              		.thumb_func
 1455              	XSPI_InitHyperbusStruct:
 1456              	.LFB143:
1202:../../../firmware/n32h7xx_std_periph_driver/src/n32h7xx_xspi_v2.c **** 
1203:../../../firmware/n32h7xx_std_periph_driver/src/n32h7xx_xspi_v2.c **** /**
1204:../../../firmware/n32h7xx_std_periph_driver/src/n32h7xx_xspi_v2.c **** *\*\name    XSPI_InitHyperbusStruct.
1205:../../../firmware/n32h7xx_std_periph_driver/src/n32h7xx_xspi_v2.c **** *\*\fun     Fills each XSPI_HyperbusInitType member with its default value.
1206:../../../firmware/n32h7xx_std_periph_driver/src/n32h7xx_xspi_v2.c **** *\*\param   XSPI_HyperbusInitType (The input parameters must be the following values):
1207:../../../firmware/n32h7xx_std_periph_driver/src/n32h7xx_xspi_v2.c **** *\*\          - Baudr
1208:../../../firmware/n32h7xx_std_periph_driver/src/n32h7xx_xspi_v2.c **** *\*\          - TransferMode
1209:../../../firmware/n32h7xx_std_periph_driver/src/n32h7xx_xspi_v2.c **** *\*\          - DataFrameSize
1210:../../../firmware/n32h7xx_std_periph_driver/src/n32h7xx_xspi_v2.c **** *\*\          - WaitCycles
1211:../../../firmware/n32h7xx_std_periph_driver/src/n32h7xx_xspi_v2.c **** *\*\          - CAPhaseRxds
1212:../../../firmware/n32h7xx_std_periph_driver/src/n32h7xx_xspi_v2.c **** *\*\          - ClockStrech
1213:../../../firmware/n32h7xx_std_periph_driver/src/n32h7xx_xspi_v2.c **** *\*\          - TxdDriverEdge
1214:../../../firmware/n32h7xx_std_periph_driver/src/n32h7xx_xspi_v2.c **** *\*\          - XIPHyperbus
1215:../../../firmware/n32h7xx_std_periph_driver/src/n32h7xx_xspi_v2.c **** *\*\
1216:../../../firmware/n32h7xx_std_periph_driver/src/n32h7xx_xspi_v2.c **** *\*\          - XIP_ReadHyperbusInitType
1217:../../../firmware/n32h7xx_std_periph_driver/src/n32h7xx_xspi_v2.c **** *\*\            XIP Hyperbus Read Parameter:
1218:../../../firmware/n32h7xx_std_periph_driver/src/n32h7xx_xspi_v2.c **** *\*\            - XipFixDFS
1219:../../../firmware/n32h7xx_std_periph_driver/src/n32h7xx_xspi_v2.c **** *\*\            - XipPrefetch
1220:../../../firmware/n32h7xx_std_periph_driver/src/n32h7xx_xspi_v2.c **** *\*\return  none
1221:../../../firmware/n32h7xx_std_periph_driver/src/n32h7xx_xspi_v2.c **** **/
1222:../../../firmware/n32h7xx_std_periph_driver/src/n32h7xx_xspi_v2.c **** void XSPI_InitHyperbusStruct(XSPI_HyperbusInitType* XSPI_HyperbusInitStruct)
1223:../../../firmware/n32h7xx_std_periph_driver/src/n32h7xx_xspi_v2.c **** {
 1457              		.loc 1 1223 1
 1458              		.cfi_startproc
 1459              		@ args = 0, pretend = 0, frame = 8
 1460              		@ frame_needed = 1, uses_anonymous_args = 0
 1461              		@ link register save eliminated.
 1462 0000 80B4     		push	{r7}
 1463              	.LCFI44:
 1464              		.cfi_def_cfa_offset 4
 1465              		.cfi_offset 7, -4
 1466 0002 83B0     		sub	sp, sp, #12
 1467              	.LCFI45:
 1468              		.cfi_def_cfa_offset 16
 1469 0004 00AF     		add	r7, sp, #0
 1470              	.LCFI46:
 1471              		.cfi_def_cfa_register 7
 1472 0006 7860     		str	r0, [r7, #4]
1224:../../../firmware/n32h7xx_std_periph_driver/src/n32h7xx_xspi_v2.c ****     XSPI_HyperbusInitStruct->Baudr             = 0U;
 1473              		.loc 1 1224 48
 1474 0008 7B68     		ldr	r3, [r7, #4]
 1475 000a 0022     		movs	r2, #0
 1476 000c 1A60     		str	r2, [r3]
ARM GAS  /tmp/ccqjtRa8.s 			page 49


1225:../../../firmware/n32h7xx_std_periph_driver/src/n32h7xx_xspi_v2.c ****     XSPI_HyperbusInitStruct->DataFrameSize     = XSPI_FRAME_SIZE_8_BIT;
 1477              		.loc 1 1225 48
 1478 000e 7B68     		ldr	r3, [r7, #4]
 1479 0010 0722     		movs	r2, #7
 1480 0012 9A60     		str	r2, [r3, #8]
1226:../../../firmware/n32h7xx_std_periph_driver/src/n32h7xx_xspi_v2.c ****     XSPI_HyperbusInitStruct->TransferMode      = XSPI_RX_ONLY_MODE;
 1481              		.loc 1 1226 48
 1482 0014 7B68     		ldr	r3, [r7, #4]
 1483 0016 4FF40062 		mov	r2, #2048
 1484 001a 5A60     		str	r2, [r3, #4]
1227:../../../firmware/n32h7xx_std_periph_driver/src/n32h7xx_xspi_v2.c ****     XSPI_HyperbusInitStruct->WaitCycles        = XSPI_WAIT_0_CYCLES;
 1485              		.loc 1 1227 48
 1486 001c 7B68     		ldr	r3, [r7, #4]
 1487 001e 0022     		movs	r2, #0
 1488 0020 DA60     		str	r2, [r3, #12]
1228:../../../firmware/n32h7xx_std_periph_driver/src/n32h7xx_xspi_v2.c ****     XSPI_HyperbusInitStruct->CAPhaseRxds       = XSPI_HYPERBUS_CA_RXDS_ENABLE;
 1489              		.loc 1 1228 48
 1490 0022 7B68     		ldr	r3, [r7, #4]
 1491 0024 4FF00072 		mov	r2, #33554432
 1492 0028 1A61     		str	r2, [r3, #16]
1229:../../../firmware/n32h7xx_std_periph_driver/src/n32h7xx_xspi_v2.c ****     XSPI_HyperbusInitStruct->ClockStrech       = XSPI_CLOCK_STRETCH_DISABLE;
 1493              		.loc 1 1229 48
 1494 002a 7B68     		ldr	r3, [r7, #4]
 1495 002c 0022     		movs	r2, #0
 1496 002e 5A61     		str	r2, [r3, #20]
1230:../../../firmware/n32h7xx_std_periph_driver/src/n32h7xx_xspi_v2.c ****     XSPI_HyperbusInitStruct->TxdDriverEdge     = 0U;
 1497              		.loc 1 1230 48
 1498 0030 7B68     		ldr	r3, [r7, #4]
 1499 0032 0022     		movs	r2, #0
 1500 0034 9A61     		str	r2, [r3, #24]
1231:../../../firmware/n32h7xx_std_periph_driver/src/n32h7xx_xspi_v2.c ****     XSPI_HyperbusInitStruct->XIPHyperbus       = XSPI_NON_XIP_HYPERBUS_MODE;
 1501              		.loc 1 1231 48
 1502 0036 7B68     		ldr	r3, [r7, #4]
 1503 0038 0022     		movs	r2, #0
 1504 003a DA61     		str	r2, [r3, #28]
1232:../../../firmware/n32h7xx_std_periph_driver/src/n32h7xx_xspi_v2.c **** 
1233:../../../firmware/n32h7xx_std_periph_driver/src/n32h7xx_xspi_v2.c ****     /* XIP Hyperbus Read Parameter */
1234:../../../firmware/n32h7xx_std_periph_driver/src/n32h7xx_xspi_v2.c ****     XSPI_HyperbusInitStruct->XIP_ReadHyperbusInitType.XipFixDFS   = XSPI_XIP_DFSHC_DISABLE;
 1505              		.loc 1 1234 67
 1506 003c 7B68     		ldr	r3, [r7, #4]
 1507 003e 0022     		movs	r2, #0
 1508 0040 1A62     		str	r2, [r3, #32]
1235:../../../firmware/n32h7xx_std_periph_driver/src/n32h7xx_xspi_v2.c ****     XSPI_HyperbusInitStruct->XIP_ReadHyperbusInitType.XipPrefetch = XSPI_XIP_PREFETCH_DISABLE;
 1509              		.loc 1 1235 67
 1510 0042 7B68     		ldr	r3, [r7, #4]
 1511 0044 0022     		movs	r2, #0
 1512 0046 5A62     		str	r2, [r3, #36]
1236:../../../firmware/n32h7xx_std_periph_driver/src/n32h7xx_xspi_v2.c **** }
 1513              		.loc 1 1236 1
 1514 0048 00BF     		nop
 1515 004a 0C37     		adds	r7, r7, #12
 1516              	.LCFI47:
 1517              		.cfi_def_cfa_offset 4
 1518 004c BD46     		mov	sp, r7
 1519              	.LCFI48:
 1520              		.cfi_def_cfa_register 13
 1521              		@ sp needed
ARM GAS  /tmp/ccqjtRa8.s 			page 50


 1522 004e 80BC     		pop	{r7}
 1523              	.LCFI49:
 1524              		.cfi_restore 7
 1525              		.cfi_def_cfa_offset 0
 1526 0050 7047     		bx	lr
 1527              		.cfi_endproc
 1528              	.LFE143:
 1530              		.section	.text.XSPI_EnableClockStrech,"ax",%progbits
 1531              		.align	1
 1532              		.global	XSPI_EnableClockStrech
 1533              		.syntax unified
 1534              		.thumb
 1535              		.thumb_func
 1537              	XSPI_EnableClockStrech:
 1538              	.LFB144:
1237:../../../firmware/n32h7xx_std_periph_driver/src/n32h7xx_xspi_v2.c **** 
1238:../../../firmware/n32h7xx_std_periph_driver/src/n32h7xx_xspi_v2.c **** /**
1239:../../../firmware/n32h7xx_std_periph_driver/src/n32h7xx_xspi_v2.c **** *\*\name    XSPI_EnableClockStrech.
1240:../../../firmware/n32h7xx_std_periph_driver/src/n32h7xx_xspi_v2.c **** *\*\fun     Control XSPI Clock Strech function switch.
1241:../../../firmware/n32h7xx_std_periph_driver/src/n32h7xx_xspi_v2.c **** *\*\param   cmd
1242:../../../firmware/n32h7xx_std_periph_driver/src/n32h7xx_xspi_v2.c **** *\*\          - ENABLE
1243:../../../firmware/n32h7xx_std_periph_driver/src/n32h7xx_xspi_v2.c **** *\*\          - DISABLE
1244:../../../firmware/n32h7xx_std_periph_driver/src/n32h7xx_xspi_v2.c **** *\*\return  none
1245:../../../firmware/n32h7xx_std_periph_driver/src/n32h7xx_xspi_v2.c **** **/
1246:../../../firmware/n32h7xx_std_periph_driver/src/n32h7xx_xspi_v2.c **** void XSPI_EnableClockStrech(XSPI_Module* xSPIx, FunctionalState cmd)
1247:../../../firmware/n32h7xx_std_periph_driver/src/n32h7xx_xspi_v2.c **** {
 1539              		.loc 1 1247 1
 1540              		.cfi_startproc
 1541              		@ args = 0, pretend = 0, frame = 8
 1542              		@ frame_needed = 1, uses_anonymous_args = 0
 1543              		@ link register save eliminated.
 1544 0000 80B4     		push	{r7}
 1545              	.LCFI50:
 1546              		.cfi_def_cfa_offset 4
 1547              		.cfi_offset 7, -4
 1548 0002 83B0     		sub	sp, sp, #12
 1549              	.LCFI51:
 1550              		.cfi_def_cfa_offset 16
 1551 0004 00AF     		add	r7, sp, #0
 1552              	.LCFI52:
 1553              		.cfi_def_cfa_register 7
 1554 0006 7860     		str	r0, [r7, #4]
 1555 0008 0B46     		mov	r3, r1
 1556 000a FB70     		strb	r3, [r7, #3]
1248:../../../firmware/n32h7xx_std_periph_driver/src/n32h7xx_xspi_v2.c ****     xSPIx->SSIENR &= ~XSPI_V2_EN_XSPIEN;
 1557              		.loc 1 1248 10
 1558 000c 7B68     		ldr	r3, [r7, #4]
 1559 000e 9B68     		ldr	r3, [r3, #8]
 1560              		.loc 1 1248 19
 1561 0010 23F00102 		bic	r2, r3, #1
 1562 0014 7B68     		ldr	r3, [r7, #4]
 1563 0016 9A60     		str	r2, [r3, #8]
1249:../../../firmware/n32h7xx_std_periph_driver/src/n32h7xx_xspi_v2.c **** 
1250:../../../firmware/n32h7xx_std_periph_driver/src/n32h7xx_xspi_v2.c ****     if (cmd != DISABLE)
 1564              		.loc 1 1250 8
 1565 0018 FB78     		ldrb	r3, [r7, #3]	@ zero_extendqisi2
 1566 001a 002B     		cmp	r3, #0
ARM GAS  /tmp/ccqjtRa8.s 			page 51


 1567 001c 08D0     		beq	.L43
1251:../../../firmware/n32h7xx_std_periph_driver/src/n32h7xx_xspi_v2.c ****     {
1252:../../../firmware/n32h7xx_std_periph_driver/src/n32h7xx_xspi_v2.c ****         xSPIx->ENH_CTRL0 |= XSPI_V2_ENH_CTRL0_CLKSTREN;
 1568              		.loc 1 1252 14
 1569 001e 7B68     		ldr	r3, [r7, #4]
 1570 0020 D3F8F430 		ldr	r3, [r3, #244]
 1571              		.loc 1 1252 26
 1572 0024 43F08042 		orr	r2, r3, #1073741824
 1573 0028 7B68     		ldr	r3, [r7, #4]
 1574 002a C3F8F420 		str	r2, [r3, #244]
 1575 002e 07E0     		b	.L44
 1576              	.L43:
1253:../../../firmware/n32h7xx_std_periph_driver/src/n32h7xx_xspi_v2.c ****     }
1254:../../../firmware/n32h7xx_std_periph_driver/src/n32h7xx_xspi_v2.c ****     else
1255:../../../firmware/n32h7xx_std_periph_driver/src/n32h7xx_xspi_v2.c ****     {
1256:../../../firmware/n32h7xx_std_periph_driver/src/n32h7xx_xspi_v2.c ****         xSPIx->ENH_CTRL0 &= ~XSPI_V2_ENH_CTRL0_CLKSTREN;
 1577              		.loc 1 1256 14
 1578 0030 7B68     		ldr	r3, [r7, #4]
 1579 0032 D3F8F430 		ldr	r3, [r3, #244]
 1580              		.loc 1 1256 26
 1581 0036 23F08042 		bic	r2, r3, #1073741824
 1582 003a 7B68     		ldr	r3, [r7, #4]
 1583 003c C3F8F420 		str	r2, [r3, #244]
 1584              	.L44:
1257:../../../firmware/n32h7xx_std_periph_driver/src/n32h7xx_xspi_v2.c ****     }
1258:../../../firmware/n32h7xx_std_periph_driver/src/n32h7xx_xspi_v2.c **** 
1259:../../../firmware/n32h7xx_std_periph_driver/src/n32h7xx_xspi_v2.c ****     xSPIx->SSIENR |= XSPI_V2_EN_XSPIEN;
 1585              		.loc 1 1259 10
 1586 0040 7B68     		ldr	r3, [r7, #4]
 1587 0042 9B68     		ldr	r3, [r3, #8]
 1588              		.loc 1 1259 19
 1589 0044 43F00102 		orr	r2, r3, #1
 1590 0048 7B68     		ldr	r3, [r7, #4]
 1591 004a 9A60     		str	r2, [r3, #8]
1260:../../../firmware/n32h7xx_std_periph_driver/src/n32h7xx_xspi_v2.c **** }
 1592              		.loc 1 1260 1
 1593 004c 00BF     		nop
 1594 004e 0C37     		adds	r7, r7, #12
 1595              	.LCFI53:
 1596              		.cfi_def_cfa_offset 4
 1597 0050 BD46     		mov	sp, r7
 1598              	.LCFI54:
 1599              		.cfi_def_cfa_register 13
 1600              		@ sp needed
 1601 0052 80BC     		pop	{r7}
 1602              	.LCFI55:
 1603              		.cfi_restore 7
 1604              		.cfi_def_cfa_offset 0
 1605 0054 7047     		bx	lr
 1606              		.cfi_endproc
 1607              	.LFE144:
 1609              		.section	.text.XSPI_EnableDataMask,"ax",%progbits
 1610              		.align	1
 1611              		.global	XSPI_EnableDataMask
 1612              		.syntax unified
 1613              		.thumb
 1614              		.thumb_func
ARM GAS  /tmp/ccqjtRa8.s 			page 52


 1616              	XSPI_EnableDataMask:
 1617              	.LFB145:
1261:../../../firmware/n32h7xx_std_periph_driver/src/n32h7xx_xspi_v2.c **** 
1262:../../../firmware/n32h7xx_std_periph_driver/src/n32h7xx_xspi_v2.c **** /**
1263:../../../firmware/n32h7xx_std_periph_driver/src/n32h7xx_xspi_v2.c **** *\*\name    XSPI_EnableDataMask.
1264:../../../firmware/n32h7xx_std_periph_driver/src/n32h7xx_xspi_v2.c **** *\*\fun     Control XSPI Data Mask function switch.
1265:../../../firmware/n32h7xx_std_periph_driver/src/n32h7xx_xspi_v2.c **** *\*\param   cmd
1266:../../../firmware/n32h7xx_std_periph_driver/src/n32h7xx_xspi_v2.c **** *\*\          - ENABLE
1267:../../../firmware/n32h7xx_std_periph_driver/src/n32h7xx_xspi_v2.c **** *\*\          - DISABLE
1268:../../../firmware/n32h7xx_std_periph_driver/src/n32h7xx_xspi_v2.c **** *\*\return  none
1269:../../../firmware/n32h7xx_std_periph_driver/src/n32h7xx_xspi_v2.c **** **/
1270:../../../firmware/n32h7xx_std_periph_driver/src/n32h7xx_xspi_v2.c **** void XSPI_EnableDataMask(XSPI_Module* xSPIx, FunctionalState cmd)
1271:../../../firmware/n32h7xx_std_periph_driver/src/n32h7xx_xspi_v2.c **** {
 1618              		.loc 1 1271 1
 1619              		.cfi_startproc
 1620              		@ args = 0, pretend = 0, frame = 8
 1621              		@ frame_needed = 1, uses_anonymous_args = 0
 1622              		@ link register save eliminated.
 1623 0000 80B4     		push	{r7}
 1624              	.LCFI56:
 1625              		.cfi_def_cfa_offset 4
 1626              		.cfi_offset 7, -4
 1627 0002 83B0     		sub	sp, sp, #12
 1628              	.LCFI57:
 1629              		.cfi_def_cfa_offset 16
 1630 0004 00AF     		add	r7, sp, #0
 1631              	.LCFI58:
 1632              		.cfi_def_cfa_register 7
 1633 0006 7860     		str	r0, [r7, #4]
 1634 0008 0B46     		mov	r3, r1
 1635 000a FB70     		strb	r3, [r7, #3]
1272:../../../firmware/n32h7xx_std_periph_driver/src/n32h7xx_xspi_v2.c ****     xSPIx->SSIENR &= ~XSPI_V2_EN_XSPIEN;
 1636              		.loc 1 1272 10
 1637 000c 7B68     		ldr	r3, [r7, #4]
 1638 000e 9B68     		ldr	r3, [r3, #8]
 1639              		.loc 1 1272 19
 1640 0010 23F00102 		bic	r2, r3, #1
 1641 0014 7B68     		ldr	r3, [r7, #4]
 1642 0016 9A60     		str	r2, [r3, #8]
1273:../../../firmware/n32h7xx_std_periph_driver/src/n32h7xx_xspi_v2.c **** 
1274:../../../firmware/n32h7xx_std_periph_driver/src/n32h7xx_xspi_v2.c ****     if (cmd != DISABLE)
 1643              		.loc 1 1274 8
 1644 0018 FB78     		ldrb	r3, [r7, #3]	@ zero_extendqisi2
 1645 001a 002B     		cmp	r3, #0
 1646 001c 08D0     		beq	.L46
1275:../../../firmware/n32h7xx_std_periph_driver/src/n32h7xx_xspi_v2.c ****     {
1276:../../../firmware/n32h7xx_std_periph_driver/src/n32h7xx_xspi_v2.c ****         xSPIx->ENH_CTRL0 |= XSPI_V2_ENH_CTRL0_SPIDMEN;
 1647              		.loc 1 1276 14
 1648 001e 7B68     		ldr	r3, [r7, #4]
 1649 0020 D3F8F430 		ldr	r3, [r3, #244]
 1650              		.loc 1 1276 26
 1651 0024 43F08072 		orr	r2, r3, #16777216
 1652 0028 7B68     		ldr	r3, [r7, #4]
 1653 002a C3F8F420 		str	r2, [r3, #244]
 1654 002e 07E0     		b	.L47
 1655              	.L46:
1277:../../../firmware/n32h7xx_std_periph_driver/src/n32h7xx_xspi_v2.c ****     }
ARM GAS  /tmp/ccqjtRa8.s 			page 53


1278:../../../firmware/n32h7xx_std_periph_driver/src/n32h7xx_xspi_v2.c ****     else
1279:../../../firmware/n32h7xx_std_periph_driver/src/n32h7xx_xspi_v2.c ****     {
1280:../../../firmware/n32h7xx_std_periph_driver/src/n32h7xx_xspi_v2.c ****         xSPIx->ENH_CTRL0 &= ~XSPI_V2_ENH_CTRL0_SPIDMEN;
 1656              		.loc 1 1280 14
 1657 0030 7B68     		ldr	r3, [r7, #4]
 1658 0032 D3F8F430 		ldr	r3, [r3, #244]
 1659              		.loc 1 1280 26
 1660 0036 23F08072 		bic	r2, r3, #16777216
 1661 003a 7B68     		ldr	r3, [r7, #4]
 1662 003c C3F8F420 		str	r2, [r3, #244]
 1663              	.L47:
1281:../../../firmware/n32h7xx_std_periph_driver/src/n32h7xx_xspi_v2.c ****     }
1282:../../../firmware/n32h7xx_std_periph_driver/src/n32h7xx_xspi_v2.c **** 
1283:../../../firmware/n32h7xx_std_periph_driver/src/n32h7xx_xspi_v2.c ****     xSPIx->SSIENR |= XSPI_V2_EN_XSPIEN;
 1664              		.loc 1 1283 10
 1665 0040 7B68     		ldr	r3, [r7, #4]
 1666 0042 9B68     		ldr	r3, [r3, #8]
 1667              		.loc 1 1283 19
 1668 0044 43F00102 		orr	r2, r3, #1
 1669 0048 7B68     		ldr	r3, [r7, #4]
 1670 004a 9A60     		str	r2, [r3, #8]
1284:../../../firmware/n32h7xx_std_periph_driver/src/n32h7xx_xspi_v2.c **** }
 1671              		.loc 1 1284 1
 1672 004c 00BF     		nop
 1673 004e 0C37     		adds	r7, r7, #12
 1674              	.LCFI59:
 1675              		.cfi_def_cfa_offset 4
 1676 0050 BD46     		mov	sp, r7
 1677              	.LCFI60:
 1678              		.cfi_def_cfa_register 13
 1679              		@ sp needed
 1680 0052 80BC     		pop	{r7}
 1681              	.LCFI61:
 1682              		.cfi_restore 7
 1683              		.cfi_def_cfa_offset 0
 1684 0054 7047     		bx	lr
 1685              		.cfi_endproc
 1686              	.LFE145:
 1688              		.section	.text.XSPI_EnableHyperbus,"ax",%progbits
 1689              		.align	1
 1690              		.global	XSPI_EnableHyperbus
 1691              		.syntax unified
 1692              		.thumb
 1693              		.thumb_func
 1695              	XSPI_EnableHyperbus:
 1696              	.LFB146:
1285:../../../firmware/n32h7xx_std_periph_driver/src/n32h7xx_xspi_v2.c **** 
1286:../../../firmware/n32h7xx_std_periph_driver/src/n32h7xx_xspi_v2.c **** /**
1287:../../../firmware/n32h7xx_std_periph_driver/src/n32h7xx_xspi_v2.c **** *\*\name    XSPI_EnableHyperbus.
1288:../../../firmware/n32h7xx_std_periph_driver/src/n32h7xx_xspi_v2.c **** *\*\fun     Control XSPI Hyperbus function switch.
1289:../../../firmware/n32h7xx_std_periph_driver/src/n32h7xx_xspi_v2.c **** *\*\param   cmd
1290:../../../firmware/n32h7xx_std_periph_driver/src/n32h7xx_xspi_v2.c **** *\*\          - ENABLE
1291:../../../firmware/n32h7xx_std_periph_driver/src/n32h7xx_xspi_v2.c **** *\*\          - DISABLE
1292:../../../firmware/n32h7xx_std_periph_driver/src/n32h7xx_xspi_v2.c **** *\*\return  none
1293:../../../firmware/n32h7xx_std_periph_driver/src/n32h7xx_xspi_v2.c **** **/
1294:../../../firmware/n32h7xx_std_periph_driver/src/n32h7xx_xspi_v2.c **** void XSPI_EnableHyperbus(XSPI_Module* xSPIx, FunctionalState cmd)
1295:../../../firmware/n32h7xx_std_periph_driver/src/n32h7xx_xspi_v2.c **** {
ARM GAS  /tmp/ccqjtRa8.s 			page 54


 1697              		.loc 1 1295 1
 1698              		.cfi_startproc
 1699              		@ args = 0, pretend = 0, frame = 8
 1700              		@ frame_needed = 1, uses_anonymous_args = 0
 1701              		@ link register save eliminated.
 1702 0000 80B4     		push	{r7}
 1703              	.LCFI62:
 1704              		.cfi_def_cfa_offset 4
 1705              		.cfi_offset 7, -4
 1706 0002 83B0     		sub	sp, sp, #12
 1707              	.LCFI63:
 1708              		.cfi_def_cfa_offset 16
 1709 0004 00AF     		add	r7, sp, #0
 1710              	.LCFI64:
 1711              		.cfi_def_cfa_register 7
 1712 0006 7860     		str	r0, [r7, #4]
 1713 0008 0B46     		mov	r3, r1
 1714 000a FB70     		strb	r3, [r7, #3]
1296:../../../firmware/n32h7xx_std_periph_driver/src/n32h7xx_xspi_v2.c ****     if (cmd != DISABLE)
 1715              		.loc 1 1296 8
 1716 000c FB78     		ldrb	r3, [r7, #3]	@ zero_extendqisi2
 1717 000e 002B     		cmp	r3, #0
 1718 0010 06D0     		beq	.L49
1297:../../../firmware/n32h7xx_std_periph_driver/src/n32h7xx_xspi_v2.c ****     {
1298:../../../firmware/n32h7xx_std_periph_driver/src/n32h7xx_xspi_v2.c ****         xSPIx->CTRL0 |= XSPI_V2_CTRL0_SPIHYPEEN;
 1719              		.loc 1 1298 14
 1720 0012 7B68     		ldr	r3, [r7, #4]
 1721 0014 1B68     		ldr	r3, [r3]
 1722              		.loc 1 1298 22
 1723 0016 43F08072 		orr	r2, r3, #16777216
 1724 001a 7B68     		ldr	r3, [r7, #4]
 1725 001c 1A60     		str	r2, [r3]
1299:../../../firmware/n32h7xx_std_periph_driver/src/n32h7xx_xspi_v2.c ****     }
1300:../../../firmware/n32h7xx_std_periph_driver/src/n32h7xx_xspi_v2.c ****     else
1301:../../../firmware/n32h7xx_std_periph_driver/src/n32h7xx_xspi_v2.c ****     {
1302:../../../firmware/n32h7xx_std_periph_driver/src/n32h7xx_xspi_v2.c ****         xSPIx->CTRL0 &= ~XSPI_V2_CTRL0_SPIHYPEEN;
1303:../../../firmware/n32h7xx_std_periph_driver/src/n32h7xx_xspi_v2.c ****     }
1304:../../../firmware/n32h7xx_std_periph_driver/src/n32h7xx_xspi_v2.c **** }
 1726              		.loc 1 1304 1
 1727 001e 05E0     		b	.L51
 1728              	.L49:
1302:../../../firmware/n32h7xx_std_periph_driver/src/n32h7xx_xspi_v2.c ****     }
 1729              		.loc 1 1302 14
 1730 0020 7B68     		ldr	r3, [r7, #4]
 1731 0022 1B68     		ldr	r3, [r3]
1302:../../../firmware/n32h7xx_std_periph_driver/src/n32h7xx_xspi_v2.c ****     }
 1732              		.loc 1 1302 22
 1733 0024 23F08072 		bic	r2, r3, #16777216
 1734 0028 7B68     		ldr	r3, [r7, #4]
 1735 002a 1A60     		str	r2, [r3]
 1736              	.L51:
 1737              		.loc 1 1304 1
 1738 002c 00BF     		nop
 1739 002e 0C37     		adds	r7, r7, #12
 1740              	.LCFI65:
 1741              		.cfi_def_cfa_offset 4
 1742 0030 BD46     		mov	sp, r7
ARM GAS  /tmp/ccqjtRa8.s 			page 55


 1743              	.LCFI66:
 1744              		.cfi_def_cfa_register 13
 1745              		@ sp needed
 1746 0032 80BC     		pop	{r7}
 1747              	.LCFI67:
 1748              		.cfi_restore 7
 1749              		.cfi_def_cfa_offset 0
 1750 0034 7047     		bx	lr
 1751              		.cfi_endproc
 1752              	.LFE146:
 1754              		.section	.text.XSPI_EnableXIPHyperbusRead,"ax",%progbits
 1755              		.align	1
 1756              		.global	XSPI_EnableXIPHyperbusRead
 1757              		.syntax unified
 1758              		.thumb
 1759              		.thumb_func
 1761              	XSPI_EnableXIPHyperbusRead:
 1762              	.LFB147:
1305:../../../firmware/n32h7xx_std_periph_driver/src/n32h7xx_xspi_v2.c **** 
1306:../../../firmware/n32h7xx_std_periph_driver/src/n32h7xx_xspi_v2.c **** /**
1307:../../../firmware/n32h7xx_std_periph_driver/src/n32h7xx_xspi_v2.c **** *\*\name    XSPI_EnableXIPHyperbusRead.
1308:../../../firmware/n32h7xx_std_periph_driver/src/n32h7xx_xspi_v2.c **** *\*\fun     Control XSPI XIP Hyperbus Read function switch.
1309:../../../firmware/n32h7xx_std_periph_driver/src/n32h7xx_xspi_v2.c **** *\*\param   cmd
1310:../../../firmware/n32h7xx_std_periph_driver/src/n32h7xx_xspi_v2.c **** *\*\          - ENABLE
1311:../../../firmware/n32h7xx_std_periph_driver/src/n32h7xx_xspi_v2.c **** *\*\          - DISABLE
1312:../../../firmware/n32h7xx_std_periph_driver/src/n32h7xx_xspi_v2.c **** *\*\return  none
1313:../../../firmware/n32h7xx_std_periph_driver/src/n32h7xx_xspi_v2.c **** **/
1314:../../../firmware/n32h7xx_std_periph_driver/src/n32h7xx_xspi_v2.c **** void XSPI_EnableXIPHyperbusRead(XSPI_Module* xSPIx, FunctionalState cmd)
1315:../../../firmware/n32h7xx_std_periph_driver/src/n32h7xx_xspi_v2.c **** {
 1763              		.loc 1 1315 1
 1764              		.cfi_startproc
 1765              		@ args = 0, pretend = 0, frame = 8
 1766              		@ frame_needed = 1, uses_anonymous_args = 0
 1767              		@ link register save eliminated.
 1768 0000 80B4     		push	{r7}
 1769              	.LCFI68:
 1770              		.cfi_def_cfa_offset 4
 1771              		.cfi_offset 7, -4
 1772 0002 83B0     		sub	sp, sp, #12
 1773              	.LCFI69:
 1774              		.cfi_def_cfa_offset 16
 1775 0004 00AF     		add	r7, sp, #0
 1776              	.LCFI70:
 1777              		.cfi_def_cfa_register 7
 1778 0006 7860     		str	r0, [r7, #4]
 1779 0008 0B46     		mov	r3, r1
 1780 000a FB70     		strb	r3, [r7, #3]
1316:../../../firmware/n32h7xx_std_periph_driver/src/n32h7xx_xspi_v2.c ****     if (cmd != DISABLE)
 1781              		.loc 1 1316 8
 1782 000c FB78     		ldrb	r3, [r7, #3]	@ zero_extendqisi2
 1783 000e 002B     		cmp	r3, #0
 1784 0010 08D0     		beq	.L53
1317:../../../firmware/n32h7xx_std_periph_driver/src/n32h7xx_xspi_v2.c ****     {
1318:../../../firmware/n32h7xx_std_periph_driver/src/n32h7xx_xspi_v2.c ****         xSPIx->XIP_CTRL |= XSPI_V2_XIP_CTRL_XIPHYPEEN;
 1785              		.loc 1 1318 14
 1786 0012 7B68     		ldr	r3, [r7, #4]
 1787 0014 D3F80831 		ldr	r3, [r3, #264]
ARM GAS  /tmp/ccqjtRa8.s 			page 56


 1788              		.loc 1 1318 25
 1789 0018 43F08072 		orr	r2, r3, #16777216
 1790 001c 7B68     		ldr	r3, [r7, #4]
 1791 001e C3F80821 		str	r2, [r3, #264]
1319:../../../firmware/n32h7xx_std_periph_driver/src/n32h7xx_xspi_v2.c ****     }
1320:../../../firmware/n32h7xx_std_periph_driver/src/n32h7xx_xspi_v2.c ****     else
1321:../../../firmware/n32h7xx_std_periph_driver/src/n32h7xx_xspi_v2.c ****     {
1322:../../../firmware/n32h7xx_std_periph_driver/src/n32h7xx_xspi_v2.c ****         xSPIx->XIP_CTRL &= ~XSPI_V2_XIP_CTRL_XIPHYPEEN;
1323:../../../firmware/n32h7xx_std_periph_driver/src/n32h7xx_xspi_v2.c ****     }
1324:../../../firmware/n32h7xx_std_periph_driver/src/n32h7xx_xspi_v2.c **** }
 1792              		.loc 1 1324 1
 1793 0022 07E0     		b	.L55
 1794              	.L53:
1322:../../../firmware/n32h7xx_std_periph_driver/src/n32h7xx_xspi_v2.c ****     }
 1795              		.loc 1 1322 14
 1796 0024 7B68     		ldr	r3, [r7, #4]
 1797 0026 D3F80831 		ldr	r3, [r3, #264]
1322:../../../firmware/n32h7xx_std_periph_driver/src/n32h7xx_xspi_v2.c ****     }
 1798              		.loc 1 1322 25
 1799 002a 23F08072 		bic	r2, r3, #16777216
 1800 002e 7B68     		ldr	r3, [r7, #4]
 1801 0030 C3F80821 		str	r2, [r3, #264]
 1802              	.L55:
 1803              		.loc 1 1324 1
 1804 0034 00BF     		nop
 1805 0036 0C37     		adds	r7, r7, #12
 1806              	.LCFI71:
 1807              		.cfi_def_cfa_offset 4
 1808 0038 BD46     		mov	sp, r7
 1809              	.LCFI72:
 1810              		.cfi_def_cfa_register 13
 1811              		@ sp needed
 1812 003a 80BC     		pop	{r7}
 1813              	.LCFI73:
 1814              		.cfi_restore 7
 1815              		.cfi_def_cfa_offset 0
 1816 003c 7047     		bx	lr
 1817              		.cfi_endproc
 1818              	.LFE147:
 1820              		.section	.text.XSPI_EnableXIPHyperbusWrite,"ax",%progbits
 1821              		.align	1
 1822              		.global	XSPI_EnableXIPHyperbusWrite
 1823              		.syntax unified
 1824              		.thumb
 1825              		.thumb_func
 1827              	XSPI_EnableXIPHyperbusWrite:
 1828              	.LFB148:
1325:../../../firmware/n32h7xx_std_periph_driver/src/n32h7xx_xspi_v2.c **** 
1326:../../../firmware/n32h7xx_std_periph_driver/src/n32h7xx_xspi_v2.c **** 
1327:../../../firmware/n32h7xx_std_periph_driver/src/n32h7xx_xspi_v2.c **** /**
1328:../../../firmware/n32h7xx_std_periph_driver/src/n32h7xx_xspi_v2.c **** *\*\name    XSPI_EnableXIPHyperbusWrite.
1329:../../../firmware/n32h7xx_std_periph_driver/src/n32h7xx_xspi_v2.c **** *\*\fun     Control XSPI XIP Hyperbus Write function switch.
1330:../../../firmware/n32h7xx_std_periph_driver/src/n32h7xx_xspi_v2.c **** *\*\param   cmd
1331:../../../firmware/n32h7xx_std_periph_driver/src/n32h7xx_xspi_v2.c **** *\*\          - ENABLE
1332:../../../firmware/n32h7xx_std_periph_driver/src/n32h7xx_xspi_v2.c **** *\*\          - DISABLE
1333:../../../firmware/n32h7xx_std_periph_driver/src/n32h7xx_xspi_v2.c **** *\*\return  none
1334:../../../firmware/n32h7xx_std_periph_driver/src/n32h7xx_xspi_v2.c **** **/
ARM GAS  /tmp/ccqjtRa8.s 			page 57


1335:../../../firmware/n32h7xx_std_periph_driver/src/n32h7xx_xspi_v2.c **** void XSPI_EnableXIPHyperbusWrite(XSPI_Module* xSPIx, FunctionalState cmd)
1336:../../../firmware/n32h7xx_std_periph_driver/src/n32h7xx_xspi_v2.c **** {
 1829              		.loc 1 1336 1
 1830              		.cfi_startproc
 1831              		@ args = 0, pretend = 0, frame = 8
 1832              		@ frame_needed = 1, uses_anonymous_args = 0
 1833              		@ link register save eliminated.
 1834 0000 80B4     		push	{r7}
 1835              	.LCFI74:
 1836              		.cfi_def_cfa_offset 4
 1837              		.cfi_offset 7, -4
 1838 0002 83B0     		sub	sp, sp, #12
 1839              	.LCFI75:
 1840              		.cfi_def_cfa_offset 16
 1841 0004 00AF     		add	r7, sp, #0
 1842              	.LCFI76:
 1843              		.cfi_def_cfa_register 7
 1844 0006 7860     		str	r0, [r7, #4]
 1845 0008 0B46     		mov	r3, r1
 1846 000a FB70     		strb	r3, [r7, #3]
1337:../../../firmware/n32h7xx_std_periph_driver/src/n32h7xx_xspi_v2.c ****     if (cmd != DISABLE)
 1847              		.loc 1 1337 8
 1848 000c FB78     		ldrb	r3, [r7, #3]	@ zero_extendqisi2
 1849 000e 002B     		cmp	r3, #0
 1850 0010 08D0     		beq	.L57
1338:../../../firmware/n32h7xx_std_periph_driver/src/n32h7xx_xspi_v2.c ****     {
1339:../../../firmware/n32h7xx_std_periph_driver/src/n32h7xx_xspi_v2.c ****         xSPIx->XIP_WRITE_CTRL |= XSPI_V2_XIP_WRITE_CTRL_XIPWRHYPEEN;
 1851              		.loc 1 1339 14
 1852 0012 7B68     		ldr	r3, [r7, #4]
 1853 0014 D3F84831 		ldr	r3, [r3, #328]
 1854              		.loc 1 1339 31
 1855 0018 43F48052 		orr	r2, r3, #4096
 1856 001c 7B68     		ldr	r3, [r7, #4]
 1857 001e C3F84821 		str	r2, [r3, #328]
1340:../../../firmware/n32h7xx_std_periph_driver/src/n32h7xx_xspi_v2.c ****     }
1341:../../../firmware/n32h7xx_std_periph_driver/src/n32h7xx_xspi_v2.c ****     else
1342:../../../firmware/n32h7xx_std_periph_driver/src/n32h7xx_xspi_v2.c ****     {
1343:../../../firmware/n32h7xx_std_periph_driver/src/n32h7xx_xspi_v2.c ****         xSPIx->XIP_WRITE_CTRL &= ~XSPI_V2_XIP_WRITE_CTRL_XIPWRHYPEEN;
1344:../../../firmware/n32h7xx_std_periph_driver/src/n32h7xx_xspi_v2.c ****     }
1345:../../../firmware/n32h7xx_std_periph_driver/src/n32h7xx_xspi_v2.c **** }
 1858              		.loc 1 1345 1
 1859 0022 07E0     		b	.L59
 1860              	.L57:
1343:../../../firmware/n32h7xx_std_periph_driver/src/n32h7xx_xspi_v2.c ****     }
 1861              		.loc 1 1343 14
 1862 0024 7B68     		ldr	r3, [r7, #4]
 1863 0026 D3F84831 		ldr	r3, [r3, #328]
1343:../../../firmware/n32h7xx_std_periph_driver/src/n32h7xx_xspi_v2.c ****     }
 1864              		.loc 1 1343 31
 1865 002a 23F48052 		bic	r2, r3, #4096
 1866 002e 7B68     		ldr	r3, [r7, #4]
 1867 0030 C3F84821 		str	r2, [r3, #328]
 1868              	.L59:
 1869              		.loc 1 1345 1
 1870 0034 00BF     		nop
 1871 0036 0C37     		adds	r7, r7, #12
 1872              	.LCFI77:
ARM GAS  /tmp/ccqjtRa8.s 			page 58


 1873              		.cfi_def_cfa_offset 4
 1874 0038 BD46     		mov	sp, r7
 1875              	.LCFI78:
 1876              		.cfi_def_cfa_register 13
 1877              		@ sp needed
 1878 003a 80BC     		pop	{r7}
 1879              	.LCFI79:
 1880              		.cfi_restore 7
 1881              		.cfi_def_cfa_offset 0
 1882 003c 7047     		bx	lr
 1883              		.cfi_endproc
 1884              	.LFE148:
 1886              		.section	.text.XSPI_SetNumberOfDataFrame,"ax",%progbits
 1887              		.align	1
 1888              		.global	XSPI_SetNumberOfDataFrame
 1889              		.syntax unified
 1890              		.thumb
 1891              		.thumb_func
 1893              	XSPI_SetNumberOfDataFrame:
 1894              	.LFB149:
1346:../../../firmware/n32h7xx_std_periph_driver/src/n32h7xx_xspi_v2.c **** 
1347:../../../firmware/n32h7xx_std_periph_driver/src/n32h7xx_xspi_v2.c **** /**
1348:../../../firmware/n32h7xx_std_periph_driver/src/n32h7xx_xspi_v2.c **** *\*\name    XSPI_SetNumberOfDataFrame.
1349:../../../firmware/n32h7xx_std_periph_driver/src/n32h7xx_xspi_v2.c **** *\*\fun     Set Number of Data Frames.
1350:../../../firmware/n32h7xx_std_periph_driver/src/n32h7xx_xspi_v2.c **** *\*\param   NumDataFrame
1351:../../../firmware/n32h7xx_std_periph_driver/src/n32h7xx_xspi_v2.c **** *\*\          - 1 ~ 65536
1352:../../../firmware/n32h7xx_std_periph_driver/src/n32h7xx_xspi_v2.c **** *\*\return  none
1353:../../../firmware/n32h7xx_std_periph_driver/src/n32h7xx_xspi_v2.c **** **/
1354:../../../firmware/n32h7xx_std_periph_driver/src/n32h7xx_xspi_v2.c **** void XSPI_SetNumberOfDataFrame(XSPI_Module* xSPIx, uint32_t NumDataFrame)
1355:../../../firmware/n32h7xx_std_periph_driver/src/n32h7xx_xspi_v2.c **** {
 1895              		.loc 1 1355 1
 1896              		.cfi_startproc
 1897              		@ args = 0, pretend = 0, frame = 8
 1898              		@ frame_needed = 1, uses_anonymous_args = 0
 1899              		@ link register save eliminated.
 1900 0000 80B4     		push	{r7}
 1901              	.LCFI80:
 1902              		.cfi_def_cfa_offset 4
 1903              		.cfi_offset 7, -4
 1904 0002 83B0     		sub	sp, sp, #12
 1905              	.LCFI81:
 1906              		.cfi_def_cfa_offset 16
 1907 0004 00AF     		add	r7, sp, #0
 1908              	.LCFI82:
 1909              		.cfi_def_cfa_register 7
 1910 0006 7860     		str	r0, [r7, #4]
 1911 0008 3960     		str	r1, [r7]
1356:../../../firmware/n32h7xx_std_periph_driver/src/n32h7xx_xspi_v2.c ****     if (NumDataFrame == 0)
 1912              		.loc 1 1356 8
 1913 000a 3B68     		ldr	r3, [r7]
 1914 000c 002B     		cmp	r3, #0
 1915 000e 03D1     		bne	.L61
1357:../../../firmware/n32h7xx_std_periph_driver/src/n32h7xx_xspi_v2.c ****     {
1358:../../../firmware/n32h7xx_std_periph_driver/src/n32h7xx_xspi_v2.c ****         xSPIx->CTRL1 = 0x00000000U;
 1916              		.loc 1 1358 22
 1917 0010 7B68     		ldr	r3, [r7, #4]
 1918 0012 0022     		movs	r2, #0
ARM GAS  /tmp/ccqjtRa8.s 			page 59


 1919 0014 5A60     		str	r2, [r3, #4]
1359:../../../firmware/n32h7xx_std_periph_driver/src/n32h7xx_xspi_v2.c ****     }
1360:../../../firmware/n32h7xx_std_periph_driver/src/n32h7xx_xspi_v2.c ****     else
1361:../../../firmware/n32h7xx_std_periph_driver/src/n32h7xx_xspi_v2.c ****     {
1362:../../../firmware/n32h7xx_std_periph_driver/src/n32h7xx_xspi_v2.c ****         xSPIx->CTRL1 = ((uint32_t)(NumDataFrame - 1U));
1363:../../../firmware/n32h7xx_std_periph_driver/src/n32h7xx_xspi_v2.c ****     }
1364:../../../firmware/n32h7xx_std_periph_driver/src/n32h7xx_xspi_v2.c **** }
 1920              		.loc 1 1364 1
 1921 0016 03E0     		b	.L63
 1922              	.L61:
1362:../../../firmware/n32h7xx_std_periph_driver/src/n32h7xx_xspi_v2.c ****     }
 1923              		.loc 1 1362 25
 1924 0018 3B68     		ldr	r3, [r7]
 1925 001a 5A1E     		subs	r2, r3, #1
1362:../../../firmware/n32h7xx_std_periph_driver/src/n32h7xx_xspi_v2.c ****     }
 1926              		.loc 1 1362 22
 1927 001c 7B68     		ldr	r3, [r7, #4]
 1928 001e 5A60     		str	r2, [r3, #4]
 1929              	.L63:
 1930              		.loc 1 1364 1
 1931 0020 00BF     		nop
 1932 0022 0C37     		adds	r7, r7, #12
 1933              	.LCFI83:
 1934              		.cfi_def_cfa_offset 4
 1935 0024 BD46     		mov	sp, r7
 1936              	.LCFI84:
 1937              		.cfi_def_cfa_register 13
 1938              		@ sp needed
 1939 0026 80BC     		pop	{r7}
 1940              	.LCFI85:
 1941              		.cfi_restore 7
 1942              		.cfi_def_cfa_offset 0
 1943 0028 7047     		bx	lr
 1944              		.cfi_endproc
 1945              	.LFE149:
 1947              		.section	.text.XSPI_Enable,"ax",%progbits
 1948              		.align	1
 1949              		.global	XSPI_Enable
 1950              		.syntax unified
 1951              		.thumb
 1952              		.thumb_func
 1954              	XSPI_Enable:
 1955              	.LFB150:
1365:../../../firmware/n32h7xx_std_periph_driver/src/n32h7xx_xspi_v2.c **** 
1366:../../../firmware/n32h7xx_std_periph_driver/src/n32h7xx_xspi_v2.c **** 
1367:../../../firmware/n32h7xx_std_periph_driver/src/n32h7xx_xspi_v2.c **** /**
1368:../../../firmware/n32h7xx_std_periph_driver/src/n32h7xx_xspi_v2.c **** *\*\name    XSPI_Enable.
1369:../../../firmware/n32h7xx_std_periph_driver/src/n32h7xx_xspi_v2.c **** *\*\fun     Control XSPI function switch.
1370:../../../firmware/n32h7xx_std_periph_driver/src/n32h7xx_xspi_v2.c **** *\*\param   cmd
1371:../../../firmware/n32h7xx_std_periph_driver/src/n32h7xx_xspi_v2.c **** *\*\          - ENABLE
1372:../../../firmware/n32h7xx_std_periph_driver/src/n32h7xx_xspi_v2.c **** *\*\          - DISABLE
1373:../../../firmware/n32h7xx_std_periph_driver/src/n32h7xx_xspi_v2.c **** *\*\return  none
1374:../../../firmware/n32h7xx_std_periph_driver/src/n32h7xx_xspi_v2.c **** **/
1375:../../../firmware/n32h7xx_std_periph_driver/src/n32h7xx_xspi_v2.c **** void XSPI_Enable(XSPI_Module* xSPIx, FunctionalState cmd)
1376:../../../firmware/n32h7xx_std_periph_driver/src/n32h7xx_xspi_v2.c **** {
 1956              		.loc 1 1376 1
 1957              		.cfi_startproc
ARM GAS  /tmp/ccqjtRa8.s 			page 60


 1958              		@ args = 0, pretend = 0, frame = 8
 1959              		@ frame_needed = 1, uses_anonymous_args = 0
 1960              		@ link register save eliminated.
 1961 0000 80B4     		push	{r7}
 1962              	.LCFI86:
 1963              		.cfi_def_cfa_offset 4
 1964              		.cfi_offset 7, -4
 1965 0002 83B0     		sub	sp, sp, #12
 1966              	.LCFI87:
 1967              		.cfi_def_cfa_offset 16
 1968 0004 00AF     		add	r7, sp, #0
 1969              	.LCFI88:
 1970              		.cfi_def_cfa_register 7
 1971 0006 7860     		str	r0, [r7, #4]
 1972 0008 0B46     		mov	r3, r1
 1973 000a FB70     		strb	r3, [r7, #3]
1377:../../../firmware/n32h7xx_std_periph_driver/src/n32h7xx_xspi_v2.c ****     if (cmd != DISABLE)
 1974              		.loc 1 1377 8
 1975 000c FB78     		ldrb	r3, [r7, #3]	@ zero_extendqisi2
 1976 000e 002B     		cmp	r3, #0
 1977 0010 06D0     		beq	.L65
1378:../../../firmware/n32h7xx_std_periph_driver/src/n32h7xx_xspi_v2.c ****     {
1379:../../../firmware/n32h7xx_std_periph_driver/src/n32h7xx_xspi_v2.c ****         xSPIx->SSIENR |= XSPI_V2_EN_XSPIEN;
 1978              		.loc 1 1379 14
 1979 0012 7B68     		ldr	r3, [r7, #4]
 1980 0014 9B68     		ldr	r3, [r3, #8]
 1981              		.loc 1 1379 23
 1982 0016 43F00102 		orr	r2, r3, #1
 1983 001a 7B68     		ldr	r3, [r7, #4]
 1984 001c 9A60     		str	r2, [r3, #8]
1380:../../../firmware/n32h7xx_std_periph_driver/src/n32h7xx_xspi_v2.c ****     }
1381:../../../firmware/n32h7xx_std_periph_driver/src/n32h7xx_xspi_v2.c ****     else
1382:../../../firmware/n32h7xx_std_periph_driver/src/n32h7xx_xspi_v2.c ****     {
1383:../../../firmware/n32h7xx_std_periph_driver/src/n32h7xx_xspi_v2.c ****         xSPIx->SSIENR &= ~XSPI_V2_EN_XSPIEN;
1384:../../../firmware/n32h7xx_std_periph_driver/src/n32h7xx_xspi_v2.c ****     }
1385:../../../firmware/n32h7xx_std_periph_driver/src/n32h7xx_xspi_v2.c **** }
 1985              		.loc 1 1385 1
 1986 001e 05E0     		b	.L67
 1987              	.L65:
1383:../../../firmware/n32h7xx_std_periph_driver/src/n32h7xx_xspi_v2.c ****     }
 1988              		.loc 1 1383 14
 1989 0020 7B68     		ldr	r3, [r7, #4]
 1990 0022 9B68     		ldr	r3, [r3, #8]
1383:../../../firmware/n32h7xx_std_periph_driver/src/n32h7xx_xspi_v2.c ****     }
 1991              		.loc 1 1383 23
 1992 0024 23F00102 		bic	r2, r3, #1
 1993 0028 7B68     		ldr	r3, [r7, #4]
 1994 002a 9A60     		str	r2, [r3, #8]
 1995              	.L67:
 1996              		.loc 1 1385 1
 1997 002c 00BF     		nop
 1998 002e 0C37     		adds	r7, r7, #12
 1999              	.LCFI89:
 2000              		.cfi_def_cfa_offset 4
 2001 0030 BD46     		mov	sp, r7
 2002              	.LCFI90:
 2003              		.cfi_def_cfa_register 13
ARM GAS  /tmp/ccqjtRa8.s 			page 61


 2004              		@ sp needed
 2005 0032 80BC     		pop	{r7}
 2006              	.LCFI91:
 2007              		.cfi_restore 7
 2008              		.cfi_def_cfa_offset 0
 2009 0034 7047     		bx	lr
 2010              		.cfi_endproc
 2011              	.LFE150:
 2013              		.section	.text.XSPI_Slave_Select,"ax",%progbits
 2014              		.align	1
 2015              		.global	XSPI_Slave_Select
 2016              		.syntax unified
 2017              		.thumb
 2018              		.thumb_func
 2020              	XSPI_Slave_Select:
 2021              	.LFB151:
1386:../../../firmware/n32h7xx_std_periph_driver/src/n32h7xx_xspi_v2.c **** 
1387:../../../firmware/n32h7xx_std_periph_driver/src/n32h7xx_xspi_v2.c **** 
1388:../../../firmware/n32h7xx_std_periph_driver/src/n32h7xx_xspi_v2.c **** /**
1389:../../../firmware/n32h7xx_std_periph_driver/src/n32h7xx_xspi_v2.c **** *\*\name    XSPI_Slave_Select.
1390:../../../firmware/n32h7xx_std_periph_driver/src/n32h7xx_xspi_v2.c **** *\*\fun     Slave Select Enable.
1391:../../../firmware/n32h7xx_std_periph_driver/src/n32h7xx_xspi_v2.c **** *\*\param   Slave: 
1392:../../../firmware/n32h7xx_std_periph_driver/src/n32h7xx_xspi_v2.c **** *\*\          - XSPI_NO_SELECT_SLAVE
1393:../../../firmware/n32h7xx_std_periph_driver/src/n32h7xx_xspi_v2.c **** *\*\          - XSPI_SELECT_SLAVE_1
1394:../../../firmware/n32h7xx_std_periph_driver/src/n32h7xx_xspi_v2.c **** *\*\          - XSPI_SELECT_SLAVE_2
1395:../../../firmware/n32h7xx_std_periph_driver/src/n32h7xx_xspi_v2.c **** *\*\
1396:../../../firmware/n32h7xx_std_periph_driver/src/n32h7xx_xspi_v2.c **** *\*\return  none
1397:../../../firmware/n32h7xx_std_periph_driver/src/n32h7xx_xspi_v2.c **** **/
1398:../../../firmware/n32h7xx_std_periph_driver/src/n32h7xx_xspi_v2.c **** void XSPI_Slave_Select(XSPI_Module* xSPIx, uint32_t Slave)
1399:../../../firmware/n32h7xx_std_periph_driver/src/n32h7xx_xspi_v2.c **** {
 2022              		.loc 1 1399 1
 2023              		.cfi_startproc
 2024              		@ args = 0, pretend = 0, frame = 8
 2025              		@ frame_needed = 1, uses_anonymous_args = 0
 2026              		@ link register save eliminated.
 2027 0000 80B4     		push	{r7}
 2028              	.LCFI92:
 2029              		.cfi_def_cfa_offset 4
 2030              		.cfi_offset 7, -4
 2031 0002 83B0     		sub	sp, sp, #12
 2032              	.LCFI93:
 2033              		.cfi_def_cfa_offset 16
 2034 0004 00AF     		add	r7, sp, #0
 2035              	.LCFI94:
 2036              		.cfi_def_cfa_register 7
 2037 0006 7860     		str	r0, [r7, #4]
 2038 0008 3960     		str	r1, [r7]
1400:../../../firmware/n32h7xx_std_periph_driver/src/n32h7xx_xspi_v2.c ****     xSPIx->SLAVE_EN = Slave;
 2039              		.loc 1 1400 21
 2040 000a 7B68     		ldr	r3, [r7, #4]
 2041 000c 3A68     		ldr	r2, [r7]
 2042 000e 1A61     		str	r2, [r3, #16]
1401:../../../firmware/n32h7xx_std_periph_driver/src/n32h7xx_xspi_v2.c **** }
 2043              		.loc 1 1401 1
 2044 0010 00BF     		nop
 2045 0012 0C37     		adds	r7, r7, #12
 2046              	.LCFI95:
ARM GAS  /tmp/ccqjtRa8.s 			page 62


 2047              		.cfi_def_cfa_offset 4
 2048 0014 BD46     		mov	sp, r7
 2049              	.LCFI96:
 2050              		.cfi_def_cfa_register 13
 2051              		@ sp needed
 2052 0016 80BC     		pop	{r7}
 2053              	.LCFI97:
 2054              		.cfi_restore 7
 2055              		.cfi_def_cfa_offset 0
 2056 0018 7047     		bx	lr
 2057              		.cfi_endproc
 2058              	.LFE151:
 2060              		.section	.text.XSPI_SetTXStartFIFOThreshold,"ax",%progbits
 2061              		.align	1
 2062              		.global	XSPI_SetTXStartFIFOThreshold
 2063              		.syntax unified
 2064              		.thumb
 2065              		.thumb_func
 2067              	XSPI_SetTXStartFIFOThreshold:
 2068              	.LFB152:
1402:../../../firmware/n32h7xx_std_periph_driver/src/n32h7xx_xspi_v2.c **** 
1403:../../../firmware/n32h7xx_std_periph_driver/src/n32h7xx_xspi_v2.c **** 
1404:../../../firmware/n32h7xx_std_periph_driver/src/n32h7xx_xspi_v2.c **** /**
1405:../../../firmware/n32h7xx_std_periph_driver/src/n32h7xx_xspi_v2.c **** *\*\name    XSPI_SetTXStartFIFOThreshold.
1406:../../../firmware/n32h7xx_std_periph_driver/src/n32h7xx_xspi_v2.c **** *\*\fun     Set Transfer start FIFO Threshold
1407:../../../firmware/n32h7xx_std_periph_driver/src/n32h7xx_xspi_v2.c **** *\*\param   fifo_level:
1408:../../../firmware/n32h7xx_std_periph_driver/src/n32h7xx_xspi_v2.c **** *\*\          - XSPI_FIFO_THRESHOLD_LEVEL0
1409:../../../firmware/n32h7xx_std_periph_driver/src/n32h7xx_xspi_v2.c **** *\*\          - XSPI_FIFO_THRESHOLD_LEVEL1
1410:../../../firmware/n32h7xx_std_periph_driver/src/n32h7xx_xspi_v2.c **** *\*\          - XSPI_FIFO_THRESHOLD_LEVEL2
1411:../../../firmware/n32h7xx_std_periph_driver/src/n32h7xx_xspi_v2.c **** *\*\          - XSPI_FIFO_THRESHOLD_LEVEL3
1412:../../../firmware/n32h7xx_std_periph_driver/src/n32h7xx_xspi_v2.c **** *\*\          - XSPI_FIFO_THRESHOLD_LEVEL4
1413:../../../firmware/n32h7xx_std_periph_driver/src/n32h7xx_xspi_v2.c **** *\*\          - XSPI_FIFO_THRESHOLD_LEVEL5
1414:../../../firmware/n32h7xx_std_periph_driver/src/n32h7xx_xspi_v2.c **** *\*\          - XSPI_FIFO_THRESHOLD_LEVEL6
1415:../../../firmware/n32h7xx_std_periph_driver/src/n32h7xx_xspi_v2.c **** *\*\          - XSPI_FIFO_THRESHOLD_LEVEL7
1416:../../../firmware/n32h7xx_std_periph_driver/src/n32h7xx_xspi_v2.c **** *\*\          - XSPI_FIFO_THRESHOLD_LEVEL8
1417:../../../firmware/n32h7xx_std_periph_driver/src/n32h7xx_xspi_v2.c **** *\*\          - XSPI_FIFO_THRESHOLD_LEVEL9
1418:../../../firmware/n32h7xx_std_periph_driver/src/n32h7xx_xspi_v2.c **** *\*\          - XSPI_FIFO_THRESHOLD_LEVEL10
1419:../../../firmware/n32h7xx_std_periph_driver/src/n32h7xx_xspi_v2.c **** *\*\          - XSPI_FIFO_THRESHOLD_LEVEL11
1420:../../../firmware/n32h7xx_std_periph_driver/src/n32h7xx_xspi_v2.c **** *\*\          - XSPI_FIFO_THRESHOLD_LEVEL12
1421:../../../firmware/n32h7xx_std_periph_driver/src/n32h7xx_xspi_v2.c **** *\*\          - XSPI_FIFO_THRESHOLD_LEVEL13
1422:../../../firmware/n32h7xx_std_periph_driver/src/n32h7xx_xspi_v2.c **** *\*\          - XSPI_FIFO_THRESHOLD_LEVEL14
1423:../../../firmware/n32h7xx_std_periph_driver/src/n32h7xx_xspi_v2.c **** *\*\          - XSPI_FIFO_THRESHOLD_LEVEL15
1424:../../../firmware/n32h7xx_std_periph_driver/src/n32h7xx_xspi_v2.c **** *\*\return  none
1425:../../../firmware/n32h7xx_std_periph_driver/src/n32h7xx_xspi_v2.c **** **/
1426:../../../firmware/n32h7xx_std_periph_driver/src/n32h7xx_xspi_v2.c **** void XSPI_SetTXStartFIFOThreshold(XSPI_Module* xSPIx, uint32_t fifo_level)
1427:../../../firmware/n32h7xx_std_periph_driver/src/n32h7xx_xspi_v2.c **** {
 2069              		.loc 1 1427 1
 2070              		.cfi_startproc
 2071              		@ args = 0, pretend = 0, frame = 16
 2072              		@ frame_needed = 1, uses_anonymous_args = 0
 2073              		@ link register save eliminated.
 2074 0000 80B4     		push	{r7}
 2075              	.LCFI98:
 2076              		.cfi_def_cfa_offset 4
 2077              		.cfi_offset 7, -4
 2078 0002 85B0     		sub	sp, sp, #20
 2079              	.LCFI99:
ARM GAS  /tmp/ccqjtRa8.s 			page 63


 2080              		.cfi_def_cfa_offset 24
 2081 0004 00AF     		add	r7, sp, #0
 2082              	.LCFI100:
 2083              		.cfi_def_cfa_register 7
 2084 0006 7860     		str	r0, [r7, #4]
 2085 0008 3960     		str	r1, [r7]
1428:../../../firmware/n32h7xx_std_periph_driver/src/n32h7xx_xspi_v2.c ****     uint32_t tempReg;
1429:../../../firmware/n32h7xx_std_periph_driver/src/n32h7xx_xspi_v2.c **** 
1430:../../../firmware/n32h7xx_std_periph_driver/src/n32h7xx_xspi_v2.c ****     tempReg = xSPIx->TXFT;
 2086              		.loc 1 1430 13
 2087 000a 7B68     		ldr	r3, [r7, #4]
 2088 000c 9B69     		ldr	r3, [r3, #24]
 2089 000e FB60     		str	r3, [r7, #12]
1431:../../../firmware/n32h7xx_std_periph_driver/src/n32h7xx_xspi_v2.c ****     tempReg &= ~XSPI_V2_TXFT_TXFTST;
 2090              		.loc 1 1431 13
 2091 0010 FB68     		ldr	r3, [r7, #12]
 2092 0012 23F4F813 		bic	r3, r3, #2031616
 2093 0016 FB60     		str	r3, [r7, #12]
1432:../../../firmware/n32h7xx_std_periph_driver/src/n32h7xx_xspi_v2.c ****     tempReg |= (fifo_level << 16U);
 2094              		.loc 1 1432 28
 2095 0018 3B68     		ldr	r3, [r7]
 2096 001a 1B04     		lsls	r3, r3, #16
 2097              		.loc 1 1432 13
 2098 001c FA68     		ldr	r2, [r7, #12]
 2099 001e 1343     		orrs	r3, r3, r2
 2100 0020 FB60     		str	r3, [r7, #12]
1433:../../../firmware/n32h7xx_std_periph_driver/src/n32h7xx_xspi_v2.c **** 
1434:../../../firmware/n32h7xx_std_periph_driver/src/n32h7xx_xspi_v2.c ****     xSPIx->TXFT = tempReg;
 2101              		.loc 1 1434 17
 2102 0022 7B68     		ldr	r3, [r7, #4]
 2103 0024 FA68     		ldr	r2, [r7, #12]
 2104 0026 9A61     		str	r2, [r3, #24]
1435:../../../firmware/n32h7xx_std_periph_driver/src/n32h7xx_xspi_v2.c **** }
 2105              		.loc 1 1435 1
 2106 0028 00BF     		nop
 2107 002a 1437     		adds	r7, r7, #20
 2108              	.LCFI101:
 2109              		.cfi_def_cfa_offset 4
 2110 002c BD46     		mov	sp, r7
 2111              	.LCFI102:
 2112              		.cfi_def_cfa_register 13
 2113              		@ sp needed
 2114 002e 80BC     		pop	{r7}
 2115              	.LCFI103:
 2116              		.cfi_restore 7
 2117              		.cfi_def_cfa_offset 0
 2118 0030 7047     		bx	lr
 2119              		.cfi_endproc
 2120              	.LFE152:
 2122              		.section	.text.XSPI_GetTXStartFIFOThreshold,"ax",%progbits
 2123              		.align	1
 2124              		.global	XSPI_GetTXStartFIFOThreshold
 2125              		.syntax unified
 2126              		.thumb
 2127              		.thumb_func
 2129              	XSPI_GetTXStartFIFOThreshold:
 2130              	.LFB153:
ARM GAS  /tmp/ccqjtRa8.s 			page 64


1436:../../../firmware/n32h7xx_std_periph_driver/src/n32h7xx_xspi_v2.c **** 
1437:../../../firmware/n32h7xx_std_periph_driver/src/n32h7xx_xspi_v2.c **** /**
1438:../../../firmware/n32h7xx_std_periph_driver/src/n32h7xx_xspi_v2.c **** *\*\name    XSPI_GetTXStartFIFOThreshold.
1439:../../../firmware/n32h7xx_std_periph_driver/src/n32h7xx_xspi_v2.c **** *\*\fun     Get Transfer start FIFO Threshold
1440:../../../firmware/n32h7xx_std_periph_driver/src/n32h7xx_xspi_v2.c **** *\*\param   fifo_level:
1441:../../../firmware/n32h7xx_std_periph_driver/src/n32h7xx_xspi_v2.c **** *\*\return  Transfer start FIFO Threshold
1442:../../../firmware/n32h7xx_std_periph_driver/src/n32h7xx_xspi_v2.c **** **/
1443:../../../firmware/n32h7xx_std_periph_driver/src/n32h7xx_xspi_v2.c **** uint16_t XSPI_GetTXStartFIFOThreshold(XSPI_Module* xSPIx)
1444:../../../firmware/n32h7xx_std_periph_driver/src/n32h7xx_xspi_v2.c **** {
 2131              		.loc 1 1444 1
 2132              		.cfi_startproc
 2133              		@ args = 0, pretend = 0, frame = 8
 2134              		@ frame_needed = 1, uses_anonymous_args = 0
 2135              		@ link register save eliminated.
 2136 0000 80B4     		push	{r7}
 2137              	.LCFI104:
 2138              		.cfi_def_cfa_offset 4
 2139              		.cfi_offset 7, -4
 2140 0002 83B0     		sub	sp, sp, #12
 2141              	.LCFI105:
 2142              		.cfi_def_cfa_offset 16
 2143 0004 00AF     		add	r7, sp, #0
 2144              	.LCFI106:
 2145              		.cfi_def_cfa_register 7
 2146 0006 7860     		str	r0, [r7, #4]
1445:../../../firmware/n32h7xx_std_periph_driver/src/n32h7xx_xspi_v2.c ****     return (uint16_t)((xSPIx->TXFT & XSPI_V2_TXFT_TXFTST) >> 16U);
 2147              		.loc 1 1445 29
 2148 0008 7B68     		ldr	r3, [r7, #4]
 2149 000a 9B69     		ldr	r3, [r3, #24]
 2150              		.loc 1 1445 59
 2151 000c 1B0C     		lsrs	r3, r3, #16
 2152              		.loc 1 1445 12
 2153 000e 9BB2     		uxth	r3, r3
 2154 0010 03F01F03 		and	r3, r3, #31
 2155 0014 9BB2     		uxth	r3, r3
1446:../../../firmware/n32h7xx_std_periph_driver/src/n32h7xx_xspi_v2.c **** }
 2156              		.loc 1 1446 1
 2157 0016 1846     		mov	r0, r3
 2158 0018 0C37     		adds	r7, r7, #12
 2159              	.LCFI107:
 2160              		.cfi_def_cfa_offset 4
 2161 001a BD46     		mov	sp, r7
 2162              	.LCFI108:
 2163              		.cfi_def_cfa_register 13
 2164              		@ sp needed
 2165 001c 80BC     		pop	{r7}
 2166              	.LCFI109:
 2167              		.cfi_restore 7
 2168              		.cfi_def_cfa_offset 0
 2169 001e 7047     		bx	lr
 2170              		.cfi_endproc
 2171              	.LFE153:
 2173              		.section	.text.XSPI_SetTXFIFOEmptyThreshold,"ax",%progbits
 2174              		.align	1
 2175              		.global	XSPI_SetTXFIFOEmptyThreshold
 2176              		.syntax unified
 2177              		.thumb
ARM GAS  /tmp/ccqjtRa8.s 			page 65


 2178              		.thumb_func
 2180              	XSPI_SetTXFIFOEmptyThreshold:
 2181              	.LFB154:
1447:../../../firmware/n32h7xx_std_periph_driver/src/n32h7xx_xspi_v2.c **** 
1448:../../../firmware/n32h7xx_std_periph_driver/src/n32h7xx_xspi_v2.c **** 
1449:../../../firmware/n32h7xx_std_periph_driver/src/n32h7xx_xspi_v2.c **** /**
1450:../../../firmware/n32h7xx_std_periph_driver/src/n32h7xx_xspi_v2.c **** *\*\name    XSPI_SetTXFIFOEmptyThreshold.
1451:../../../firmware/n32h7xx_std_periph_driver/src/n32h7xx_xspi_v2.c **** *\*\fun     Set Transmit FIFO Empty Threshold
1452:../../../firmware/n32h7xx_std_periph_driver/src/n32h7xx_xspi_v2.c **** *\*\not     When the value is less than or equal to this threshold, a transmit FIFO empty interrupt
1453:../../../firmware/n32h7xx_std_periph_driver/src/n32h7xx_xspi_v2.c **** *\*\param   fifo_level:
1454:../../../firmware/n32h7xx_std_periph_driver/src/n32h7xx_xspi_v2.c **** *\*\          - XSPI_FIFO_THRESHOLD_LEVEL0
1455:../../../firmware/n32h7xx_std_periph_driver/src/n32h7xx_xspi_v2.c **** *\*\          - XSPI_FIFO_THRESHOLD_LEVEL1
1456:../../../firmware/n32h7xx_std_periph_driver/src/n32h7xx_xspi_v2.c **** *\*\          - XSPI_FIFO_THRESHOLD_LEVEL2
1457:../../../firmware/n32h7xx_std_periph_driver/src/n32h7xx_xspi_v2.c **** *\*\          - XSPI_FIFO_THRESHOLD_LEVEL3
1458:../../../firmware/n32h7xx_std_periph_driver/src/n32h7xx_xspi_v2.c **** *\*\          - XSPI_FIFO_THRESHOLD_LEVEL4
1459:../../../firmware/n32h7xx_std_periph_driver/src/n32h7xx_xspi_v2.c **** *\*\          - XSPI_FIFO_THRESHOLD_LEVEL5
1460:../../../firmware/n32h7xx_std_periph_driver/src/n32h7xx_xspi_v2.c **** *\*\          - XSPI_FIFO_THRESHOLD_LEVEL6
1461:../../../firmware/n32h7xx_std_periph_driver/src/n32h7xx_xspi_v2.c **** *\*\          - XSPI_FIFO_THRESHOLD_LEVEL7
1462:../../../firmware/n32h7xx_std_periph_driver/src/n32h7xx_xspi_v2.c **** *\*\          - XSPI_FIFO_THRESHOLD_LEVEL8
1463:../../../firmware/n32h7xx_std_periph_driver/src/n32h7xx_xspi_v2.c **** *\*\          - XSPI_FIFO_THRESHOLD_LEVEL9
1464:../../../firmware/n32h7xx_std_periph_driver/src/n32h7xx_xspi_v2.c **** *\*\          - XSPI_FIFO_THRESHOLD_LEVEL10
1465:../../../firmware/n32h7xx_std_periph_driver/src/n32h7xx_xspi_v2.c **** *\*\          - XSPI_FIFO_THRESHOLD_LEVEL11
1466:../../../firmware/n32h7xx_std_periph_driver/src/n32h7xx_xspi_v2.c **** *\*\          - XSPI_FIFO_THRESHOLD_LEVEL12
1467:../../../firmware/n32h7xx_std_periph_driver/src/n32h7xx_xspi_v2.c **** *\*\          - XSPI_FIFO_THRESHOLD_LEVEL13
1468:../../../firmware/n32h7xx_std_periph_driver/src/n32h7xx_xspi_v2.c **** *\*\          - XSPI_FIFO_THRESHOLD_LEVEL14
1469:../../../firmware/n32h7xx_std_periph_driver/src/n32h7xx_xspi_v2.c **** *\*\          - XSPI_FIFO_THRESHOLD_LEVEL15
1470:../../../firmware/n32h7xx_std_periph_driver/src/n32h7xx_xspi_v2.c **** *\*\return  none
1471:../../../firmware/n32h7xx_std_periph_driver/src/n32h7xx_xspi_v2.c **** **/
1472:../../../firmware/n32h7xx_std_periph_driver/src/n32h7xx_xspi_v2.c **** void XSPI_SetTXFIFOEmptyThreshold(XSPI_Module* xSPIx, uint32_t fifo_level)
1473:../../../firmware/n32h7xx_std_periph_driver/src/n32h7xx_xspi_v2.c **** {
 2182              		.loc 1 1473 1
 2183              		.cfi_startproc
 2184              		@ args = 0, pretend = 0, frame = 16
 2185              		@ frame_needed = 1, uses_anonymous_args = 0
 2186              		@ link register save eliminated.
 2187 0000 80B4     		push	{r7}
 2188              	.LCFI110:
 2189              		.cfi_def_cfa_offset 4
 2190              		.cfi_offset 7, -4
 2191 0002 85B0     		sub	sp, sp, #20
 2192              	.LCFI111:
 2193              		.cfi_def_cfa_offset 24
 2194 0004 00AF     		add	r7, sp, #0
 2195              	.LCFI112:
 2196              		.cfi_def_cfa_register 7
 2197 0006 7860     		str	r0, [r7, #4]
 2198 0008 3960     		str	r1, [r7]
1474:../../../firmware/n32h7xx_std_periph_driver/src/n32h7xx_xspi_v2.c ****     uint32_t tempReg;
1475:../../../firmware/n32h7xx_std_periph_driver/src/n32h7xx_xspi_v2.c **** 
1476:../../../firmware/n32h7xx_std_periph_driver/src/n32h7xx_xspi_v2.c ****     tempReg = xSPIx->TXFT;
 2199              		.loc 1 1476 13
 2200 000a 7B68     		ldr	r3, [r7, #4]
 2201 000c 9B69     		ldr	r3, [r3, #24]
 2202 000e FB60     		str	r3, [r7, #12]
1477:../../../firmware/n32h7xx_std_periph_driver/src/n32h7xx_xspi_v2.c ****     tempReg &= ~XSPI_V2_TXFT_TXFTTEI;
 2203              		.loc 1 1477 13
 2204 0010 FB68     		ldr	r3, [r7, #12]
ARM GAS  /tmp/ccqjtRa8.s 			page 66


 2205 0012 23F01F03 		bic	r3, r3, #31
 2206 0016 FB60     		str	r3, [r7, #12]
1478:../../../firmware/n32h7xx_std_periph_driver/src/n32h7xx_xspi_v2.c ****     tempReg |= fifo_level;
 2207              		.loc 1 1478 13
 2208 0018 FA68     		ldr	r2, [r7, #12]
 2209 001a 3B68     		ldr	r3, [r7]
 2210 001c 1343     		orrs	r3, r3, r2
 2211 001e FB60     		str	r3, [r7, #12]
1479:../../../firmware/n32h7xx_std_periph_driver/src/n32h7xx_xspi_v2.c ****     xSPIx->TXFT = tempReg;
 2212              		.loc 1 1479 17
 2213 0020 7B68     		ldr	r3, [r7, #4]
 2214 0022 FA68     		ldr	r2, [r7, #12]
 2215 0024 9A61     		str	r2, [r3, #24]
1480:../../../firmware/n32h7xx_std_periph_driver/src/n32h7xx_xspi_v2.c **** }
 2216              		.loc 1 1480 1
 2217 0026 00BF     		nop
 2218 0028 1437     		adds	r7, r7, #20
 2219              	.LCFI113:
 2220              		.cfi_def_cfa_offset 4
 2221 002a BD46     		mov	sp, r7
 2222              	.LCFI114:
 2223              		.cfi_def_cfa_register 13
 2224              		@ sp needed
 2225 002c 80BC     		pop	{r7}
 2226              	.LCFI115:
 2227              		.cfi_restore 7
 2228              		.cfi_def_cfa_offset 0
 2229 002e 7047     		bx	lr
 2230              		.cfi_endproc
 2231              	.LFE154:
 2233              		.section	.text.XSPI_GetTXFIFOEmptyThreshold,"ax",%progbits
 2234              		.align	1
 2235              		.global	XSPI_GetTXFIFOEmptyThreshold
 2236              		.syntax unified
 2237              		.thumb
 2238              		.thumb_func
 2240              	XSPI_GetTXFIFOEmptyThreshold:
 2241              	.LFB155:
1481:../../../firmware/n32h7xx_std_periph_driver/src/n32h7xx_xspi_v2.c **** 
1482:../../../firmware/n32h7xx_std_periph_driver/src/n32h7xx_xspi_v2.c **** /**
1483:../../../firmware/n32h7xx_std_periph_driver/src/n32h7xx_xspi_v2.c **** *\*\name    XSPI_GetTXFIFOEmptyThreshold.
1484:../../../firmware/n32h7xx_std_periph_driver/src/n32h7xx_xspi_v2.c **** *\*\fun     Get Transmit FIFO Empty Threshold
1485:../../../firmware/n32h7xx_std_periph_driver/src/n32h7xx_xspi_v2.c **** *\*\param   fifo_level:
1486:../../../firmware/n32h7xx_std_periph_driver/src/n32h7xx_xspi_v2.c **** *\*\return  Transmit FIFO Empty Threshold
1487:../../../firmware/n32h7xx_std_periph_driver/src/n32h7xx_xspi_v2.c **** **/
1488:../../../firmware/n32h7xx_std_periph_driver/src/n32h7xx_xspi_v2.c **** uint16_t XSPI_GetTXFIFOEmptyThreshold(XSPI_Module* xSPIx)
1489:../../../firmware/n32h7xx_std_periph_driver/src/n32h7xx_xspi_v2.c **** {
 2242              		.loc 1 1489 1
 2243              		.cfi_startproc
 2244              		@ args = 0, pretend = 0, frame = 8
 2245              		@ frame_needed = 1, uses_anonymous_args = 0
 2246              		@ link register save eliminated.
 2247 0000 80B4     		push	{r7}
 2248              	.LCFI116:
 2249              		.cfi_def_cfa_offset 4
 2250              		.cfi_offset 7, -4
 2251 0002 83B0     		sub	sp, sp, #12
ARM GAS  /tmp/ccqjtRa8.s 			page 67


 2252              	.LCFI117:
 2253              		.cfi_def_cfa_offset 16
 2254 0004 00AF     		add	r7, sp, #0
 2255              	.LCFI118:
 2256              		.cfi_def_cfa_register 7
 2257 0006 7860     		str	r0, [r7, #4]
1490:../../../firmware/n32h7xx_std_periph_driver/src/n32h7xx_xspi_v2.c ****     return (uint16_t)(xSPIx->TXFT & XSPI_V2_TXFT_TXFTTEI);
 2258              		.loc 1 1490 28
 2259 0008 7B68     		ldr	r3, [r7, #4]
 2260 000a 9B69     		ldr	r3, [r3, #24]
 2261              		.loc 1 1490 12
 2262 000c 9BB2     		uxth	r3, r3
 2263 000e 03F01F03 		and	r3, r3, #31
 2264 0012 9BB2     		uxth	r3, r3
1491:../../../firmware/n32h7xx_std_periph_driver/src/n32h7xx_xspi_v2.c **** }
 2265              		.loc 1 1491 1
 2266 0014 1846     		mov	r0, r3
 2267 0016 0C37     		adds	r7, r7, #12
 2268              	.LCFI119:
 2269              		.cfi_def_cfa_offset 4
 2270 0018 BD46     		mov	sp, r7
 2271              	.LCFI120:
 2272              		.cfi_def_cfa_register 13
 2273              		@ sp needed
 2274 001a 80BC     		pop	{r7}
 2275              	.LCFI121:
 2276              		.cfi_restore 7
 2277              		.cfi_def_cfa_offset 0
 2278 001c 7047     		bx	lr
 2279              		.cfi_endproc
 2280              	.LFE155:
 2282              		.section	.text.XSPI_SetRXFIFOFullThreshold,"ax",%progbits
 2283              		.align	1
 2284              		.global	XSPI_SetRXFIFOFullThreshold
 2285              		.syntax unified
 2286              		.thumb
 2287              		.thumb_func
 2289              	XSPI_SetRXFIFOFullThreshold:
 2290              	.LFB156:
1492:../../../firmware/n32h7xx_std_periph_driver/src/n32h7xx_xspi_v2.c **** 
1493:../../../firmware/n32h7xx_std_periph_driver/src/n32h7xx_xspi_v2.c **** 
1494:../../../firmware/n32h7xx_std_periph_driver/src/n32h7xx_xspi_v2.c **** /**
1495:../../../firmware/n32h7xx_std_periph_driver/src/n32h7xx_xspi_v2.c **** *\*\name    XSPI_SetRXFIFOFullThreshold.
1496:../../../firmware/n32h7xx_std_periph_driver/src/n32h7xx_xspi_v2.c **** *\*\fun     Set Receive FIFO Full Threshold
1497:../../../firmware/n32h7xx_std_periph_driver/src/n32h7xx_xspi_v2.c **** *\*\not     When the data number is greater than or equal to (this threshold + 1), triggered receiv
1498:../../../firmware/n32h7xx_std_periph_driver/src/n32h7xx_xspi_v2.c **** *\*\param   fifo_level:
1499:../../../firmware/n32h7xx_std_periph_driver/src/n32h7xx_xspi_v2.c **** *\*\          - XSPI_FIFO_THRESHOLD_LEVEL0
1500:../../../firmware/n32h7xx_std_periph_driver/src/n32h7xx_xspi_v2.c **** *\*\          - XSPI_FIFO_THRESHOLD_LEVEL1
1501:../../../firmware/n32h7xx_std_periph_driver/src/n32h7xx_xspi_v2.c **** *\*\          - XSPI_FIFO_THRESHOLD_LEVEL2
1502:../../../firmware/n32h7xx_std_periph_driver/src/n32h7xx_xspi_v2.c **** *\*\          - XSPI_FIFO_THRESHOLD_LEVEL3
1503:../../../firmware/n32h7xx_std_periph_driver/src/n32h7xx_xspi_v2.c **** *\*\          - XSPI_FIFO_THRESHOLD_LEVEL4
1504:../../../firmware/n32h7xx_std_periph_driver/src/n32h7xx_xspi_v2.c **** *\*\          - XSPI_FIFO_THRESHOLD_LEVEL5
1505:../../../firmware/n32h7xx_std_periph_driver/src/n32h7xx_xspi_v2.c **** *\*\          - XSPI_FIFO_THRESHOLD_LEVEL6
1506:../../../firmware/n32h7xx_std_periph_driver/src/n32h7xx_xspi_v2.c **** *\*\          - XSPI_FIFO_THRESHOLD_LEVEL7
1507:../../../firmware/n32h7xx_std_periph_driver/src/n32h7xx_xspi_v2.c **** *\*\          - XSPI_FIFO_THRESHOLD_LEVEL8
1508:../../../firmware/n32h7xx_std_periph_driver/src/n32h7xx_xspi_v2.c **** *\*\          - XSPI_FIFO_THRESHOLD_LEVEL9
1509:../../../firmware/n32h7xx_std_periph_driver/src/n32h7xx_xspi_v2.c **** *\*\          - XSPI_FIFO_THRESHOLD_LEVEL10
ARM GAS  /tmp/ccqjtRa8.s 			page 68


1510:../../../firmware/n32h7xx_std_periph_driver/src/n32h7xx_xspi_v2.c **** *\*\          - XSPI_FIFO_THRESHOLD_LEVEL11
1511:../../../firmware/n32h7xx_std_periph_driver/src/n32h7xx_xspi_v2.c **** *\*\          - XSPI_FIFO_THRESHOLD_LEVEL12
1512:../../../firmware/n32h7xx_std_periph_driver/src/n32h7xx_xspi_v2.c **** *\*\          - XSPI_FIFO_THRESHOLD_LEVEL13
1513:../../../firmware/n32h7xx_std_periph_driver/src/n32h7xx_xspi_v2.c **** *\*\          - XSPI_FIFO_THRESHOLD_LEVEL14
1514:../../../firmware/n32h7xx_std_periph_driver/src/n32h7xx_xspi_v2.c **** *\*\          - XSPI_FIFO_THRESHOLD_LEVEL15
1515:../../../firmware/n32h7xx_std_periph_driver/src/n32h7xx_xspi_v2.c **** *\*\return  none
1516:../../../firmware/n32h7xx_std_periph_driver/src/n32h7xx_xspi_v2.c **** **/
1517:../../../firmware/n32h7xx_std_periph_driver/src/n32h7xx_xspi_v2.c **** void XSPI_SetRXFIFOFullThreshold(XSPI_Module* xSPIx, uint32_t fifo_level)
1518:../../../firmware/n32h7xx_std_periph_driver/src/n32h7xx_xspi_v2.c **** {
 2291              		.loc 1 1518 1
 2292              		.cfi_startproc
 2293              		@ args = 0, pretend = 0, frame = 8
 2294              		@ frame_needed = 1, uses_anonymous_args = 0
 2295              		@ link register save eliminated.
 2296 0000 80B4     		push	{r7}
 2297              	.LCFI122:
 2298              		.cfi_def_cfa_offset 4
 2299              		.cfi_offset 7, -4
 2300 0002 83B0     		sub	sp, sp, #12
 2301              	.LCFI123:
 2302              		.cfi_def_cfa_offset 16
 2303 0004 00AF     		add	r7, sp, #0
 2304              	.LCFI124:
 2305              		.cfi_def_cfa_register 7
 2306 0006 7860     		str	r0, [r7, #4]
 2307 0008 3960     		str	r1, [r7]
1519:../../../firmware/n32h7xx_std_periph_driver/src/n32h7xx_xspi_v2.c ****     xSPIx->RXFT = fifo_level;
 2308              		.loc 1 1519 17
 2309 000a 7B68     		ldr	r3, [r7, #4]
 2310 000c 3A68     		ldr	r2, [r7]
 2311 000e DA61     		str	r2, [r3, #28]
1520:../../../firmware/n32h7xx_std_periph_driver/src/n32h7xx_xspi_v2.c **** }
 2312              		.loc 1 1520 1
 2313 0010 00BF     		nop
 2314 0012 0C37     		adds	r7, r7, #12
 2315              	.LCFI125:
 2316              		.cfi_def_cfa_offset 4
 2317 0014 BD46     		mov	sp, r7
 2318              	.LCFI126:
 2319              		.cfi_def_cfa_register 13
 2320              		@ sp needed
 2321 0016 80BC     		pop	{r7}
 2322              	.LCFI127:
 2323              		.cfi_restore 7
 2324              		.cfi_def_cfa_offset 0
 2325 0018 7047     		bx	lr
 2326              		.cfi_endproc
 2327              	.LFE156:
 2329              		.section	.text.XSPI_GetRXFIFOFullThreshold,"ax",%progbits
 2330              		.align	1
 2331              		.global	XSPI_GetRXFIFOFullThreshold
 2332              		.syntax unified
 2333              		.thumb
 2334              		.thumb_func
 2336              	XSPI_GetRXFIFOFullThreshold:
 2337              	.LFB157:
1521:../../../firmware/n32h7xx_std_periph_driver/src/n32h7xx_xspi_v2.c **** 
ARM GAS  /tmp/ccqjtRa8.s 			page 69


1522:../../../firmware/n32h7xx_std_periph_driver/src/n32h7xx_xspi_v2.c **** 
1523:../../../firmware/n32h7xx_std_periph_driver/src/n32h7xx_xspi_v2.c **** /**
1524:../../../firmware/n32h7xx_std_periph_driver/src/n32h7xx_xspi_v2.c **** *\*\name    XSPI_GetRXFIFOFullThreshold.
1525:../../../firmware/n32h7xx_std_periph_driver/src/n32h7xx_xspi_v2.c **** *\*\fun     Get Receive FIFO Full Threshold
1526:../../../firmware/n32h7xx_std_periph_driver/src/n32h7xx_xspi_v2.c **** *\*\param   fifo_level:
1527:../../../firmware/n32h7xx_std_periph_driver/src/n32h7xx_xspi_v2.c **** *\*\return  Receive FIFO Full Threshold
1528:../../../firmware/n32h7xx_std_periph_driver/src/n32h7xx_xspi_v2.c **** **/
1529:../../../firmware/n32h7xx_std_periph_driver/src/n32h7xx_xspi_v2.c **** uint16_t XSPI_GetRXFIFOFullThreshold(XSPI_Module* xSPIx)
1530:../../../firmware/n32h7xx_std_periph_driver/src/n32h7xx_xspi_v2.c **** {
 2338              		.loc 1 1530 1
 2339              		.cfi_startproc
 2340              		@ args = 0, pretend = 0, frame = 8
 2341              		@ frame_needed = 1, uses_anonymous_args = 0
 2342              		@ link register save eliminated.
 2343 0000 80B4     		push	{r7}
 2344              	.LCFI128:
 2345              		.cfi_def_cfa_offset 4
 2346              		.cfi_offset 7, -4
 2347 0002 83B0     		sub	sp, sp, #12
 2348              	.LCFI129:
 2349              		.cfi_def_cfa_offset 16
 2350 0004 00AF     		add	r7, sp, #0
 2351              	.LCFI130:
 2352              		.cfi_def_cfa_register 7
 2353 0006 7860     		str	r0, [r7, #4]
1531:../../../firmware/n32h7xx_std_periph_driver/src/n32h7xx_xspi_v2.c ****     return (uint16_t)(xSPIx->RXFT);
 2354              		.loc 1 1531 28
 2355 0008 7B68     		ldr	r3, [r7, #4]
 2356 000a DB69     		ldr	r3, [r3, #28]
 2357              		.loc 1 1531 12
 2358 000c 9BB2     		uxth	r3, r3
1532:../../../firmware/n32h7xx_std_periph_driver/src/n32h7xx_xspi_v2.c **** }
 2359              		.loc 1 1532 1
 2360 000e 1846     		mov	r0, r3
 2361 0010 0C37     		adds	r7, r7, #12
 2362              	.LCFI131:
 2363              		.cfi_def_cfa_offset 4
 2364 0012 BD46     		mov	sp, r7
 2365              	.LCFI132:
 2366              		.cfi_def_cfa_register 13
 2367              		@ sp needed
 2368 0014 80BC     		pop	{r7}
 2369              	.LCFI133:
 2370              		.cfi_restore 7
 2371              		.cfi_def_cfa_offset 0
 2372 0016 7047     		bx	lr
 2373              		.cfi_endproc
 2374              	.LFE157:
 2376              		.section	.text.XSPI_GetTXFIFODataNum,"ax",%progbits
 2377              		.align	1
 2378              		.global	XSPI_GetTXFIFODataNum
 2379              		.syntax unified
 2380              		.thumb
 2381              		.thumb_func
 2383              	XSPI_GetTXFIFODataNum:
 2384              	.LFB158:
1533:../../../firmware/n32h7xx_std_periph_driver/src/n32h7xx_xspi_v2.c **** 
ARM GAS  /tmp/ccqjtRa8.s 			page 70


1534:../../../firmware/n32h7xx_std_periph_driver/src/n32h7xx_xspi_v2.c **** 
1535:../../../firmware/n32h7xx_std_periph_driver/src/n32h7xx_xspi_v2.c **** 
1536:../../../firmware/n32h7xx_std_periph_driver/src/n32h7xx_xspi_v2.c **** /**
1537:../../../firmware/n32h7xx_std_periph_driver/src/n32h7xx_xspi_v2.c **** *\*\name    XSPI_GetTXFIFODataNum.
1538:../../../firmware/n32h7xx_std_periph_driver/src/n32h7xx_xspi_v2.c **** *\*\fun     Get Transmit FIFO Data Number
1539:../../../firmware/n32h7xx_std_periph_driver/src/n32h7xx_xspi_v2.c **** *\*\note    Contains the number of valid data entries in the transmit FIFO
1540:../../../firmware/n32h7xx_std_periph_driver/src/n32h7xx_xspi_v2.c **** *\*\param   fifo_level:
1541:../../../firmware/n32h7xx_std_periph_driver/src/n32h7xx_xspi_v2.c **** *\*\return  Transmit FIFO Data Number
1542:../../../firmware/n32h7xx_std_periph_driver/src/n32h7xx_xspi_v2.c **** **/
1543:../../../firmware/n32h7xx_std_periph_driver/src/n32h7xx_xspi_v2.c **** uint16_t XSPI_GetTXFIFODataNum(XSPI_Module* xSPIx)
1544:../../../firmware/n32h7xx_std_periph_driver/src/n32h7xx_xspi_v2.c **** {
 2385              		.loc 1 1544 1
 2386              		.cfi_startproc
 2387              		@ args = 0, pretend = 0, frame = 8
 2388              		@ frame_needed = 1, uses_anonymous_args = 0
 2389              		@ link register save eliminated.
 2390 0000 80B4     		push	{r7}
 2391              	.LCFI134:
 2392              		.cfi_def_cfa_offset 4
 2393              		.cfi_offset 7, -4
 2394 0002 83B0     		sub	sp, sp, #12
 2395              	.LCFI135:
 2396              		.cfi_def_cfa_offset 16
 2397 0004 00AF     		add	r7, sp, #0
 2398              	.LCFI136:
 2399              		.cfi_def_cfa_register 7
 2400 0006 7860     		str	r0, [r7, #4]
1545:../../../firmware/n32h7xx_std_periph_driver/src/n32h7xx_xspi_v2.c ****     return (uint16_t)(xSPIx->TXFN);
 2401              		.loc 1 1545 28
 2402 0008 7B68     		ldr	r3, [r7, #4]
 2403 000a 1B6A     		ldr	r3, [r3, #32]
 2404              		.loc 1 1545 12
 2405 000c 9BB2     		uxth	r3, r3
1546:../../../firmware/n32h7xx_std_periph_driver/src/n32h7xx_xspi_v2.c **** }
 2406              		.loc 1 1546 1
 2407 000e 1846     		mov	r0, r3
 2408 0010 0C37     		adds	r7, r7, #12
 2409              	.LCFI137:
 2410              		.cfi_def_cfa_offset 4
 2411 0012 BD46     		mov	sp, r7
 2412              	.LCFI138:
 2413              		.cfi_def_cfa_register 13
 2414              		@ sp needed
 2415 0014 80BC     		pop	{r7}
 2416              	.LCFI139:
 2417              		.cfi_restore 7
 2418              		.cfi_def_cfa_offset 0
 2419 0016 7047     		bx	lr
 2420              		.cfi_endproc
 2421              	.LFE158:
 2423              		.section	.text.XSPI_GetRXFIFODataNum,"ax",%progbits
 2424              		.align	1
 2425              		.global	XSPI_GetRXFIFODataNum
 2426              		.syntax unified
 2427              		.thumb
 2428              		.thumb_func
 2430              	XSPI_GetRXFIFODataNum:
ARM GAS  /tmp/ccqjtRa8.s 			page 71


 2431              	.LFB159:
1547:../../../firmware/n32h7xx_std_periph_driver/src/n32h7xx_xspi_v2.c **** 
1548:../../../firmware/n32h7xx_std_periph_driver/src/n32h7xx_xspi_v2.c **** 
1549:../../../firmware/n32h7xx_std_periph_driver/src/n32h7xx_xspi_v2.c **** /**
1550:../../../firmware/n32h7xx_std_periph_driver/src/n32h7xx_xspi_v2.c **** *\*\name    XSPI_GetRXFIFODataNum.
1551:../../../firmware/n32h7xx_std_periph_driver/src/n32h7xx_xspi_v2.c **** *\*\fun     Get Receive FIFO Data Number
1552:../../../firmware/n32h7xx_std_periph_driver/src/n32h7xx_xspi_v2.c **** *\*\note    Contains the number of valid data entries in the receive FIFO
1553:../../../firmware/n32h7xx_std_periph_driver/src/n32h7xx_xspi_v2.c **** *\*\param   fifo_level:
1554:../../../firmware/n32h7xx_std_periph_driver/src/n32h7xx_xspi_v2.c **** *\*\return  Receive FIFO Data Number
1555:../../../firmware/n32h7xx_std_periph_driver/src/n32h7xx_xspi_v2.c **** **/
1556:../../../firmware/n32h7xx_std_periph_driver/src/n32h7xx_xspi_v2.c **** uint16_t XSPI_GetRXFIFODataNum(XSPI_Module* xSPIx)
1557:../../../firmware/n32h7xx_std_periph_driver/src/n32h7xx_xspi_v2.c **** {
 2432              		.loc 1 1557 1
 2433              		.cfi_startproc
 2434              		@ args = 0, pretend = 0, frame = 8
 2435              		@ frame_needed = 1, uses_anonymous_args = 0
 2436              		@ link register save eliminated.
 2437 0000 80B4     		push	{r7}
 2438              	.LCFI140:
 2439              		.cfi_def_cfa_offset 4
 2440              		.cfi_offset 7, -4
 2441 0002 83B0     		sub	sp, sp, #12
 2442              	.LCFI141:
 2443              		.cfi_def_cfa_offset 16
 2444 0004 00AF     		add	r7, sp, #0
 2445              	.LCFI142:
 2446              		.cfi_def_cfa_register 7
 2447 0006 7860     		str	r0, [r7, #4]
1558:../../../firmware/n32h7xx_std_periph_driver/src/n32h7xx_xspi_v2.c ****     return (uint16_t)(xSPIx->RXFN);
 2448              		.loc 1 1558 28
 2449 0008 7B68     		ldr	r3, [r7, #4]
 2450 000a 5B6A     		ldr	r3, [r3, #36]
 2451              		.loc 1 1558 12
 2452 000c 9BB2     		uxth	r3, r3
1559:../../../firmware/n32h7xx_std_periph_driver/src/n32h7xx_xspi_v2.c **** }
 2453              		.loc 1 1559 1
 2454 000e 1846     		mov	r0, r3
 2455 0010 0C37     		adds	r7, r7, #12
 2456              	.LCFI143:
 2457              		.cfi_def_cfa_offset 4
 2458 0012 BD46     		mov	sp, r7
 2459              	.LCFI144:
 2460              		.cfi_def_cfa_register 13
 2461              		@ sp needed
 2462 0014 80BC     		pop	{r7}
 2463              	.LCFI145:
 2464              		.cfi_restore 7
 2465              		.cfi_def_cfa_offset 0
 2466 0016 7047     		bx	lr
 2467              		.cfi_endproc
 2468              	.LFE159:
 2470              		.section	.text.XSPI_GetFlagStatus,"ax",%progbits
 2471              		.align	1
 2472              		.global	XSPI_GetFlagStatus
 2473              		.syntax unified
 2474              		.thumb
 2475              		.thumb_func
ARM GAS  /tmp/ccqjtRa8.s 			page 72


 2477              	XSPI_GetFlagStatus:
 2478              	.LFB160:
1560:../../../firmware/n32h7xx_std_periph_driver/src/n32h7xx_xspi_v2.c **** 
1561:../../../firmware/n32h7xx_std_periph_driver/src/n32h7xx_xspi_v2.c **** 
1562:../../../firmware/n32h7xx_std_periph_driver/src/n32h7xx_xspi_v2.c **** /**
1563:../../../firmware/n32h7xx_std_periph_driver/src/n32h7xx_xspi_v2.c **** *\*\name    XSPI_GetFlagStatus.
1564:../../../firmware/n32h7xx_std_periph_driver/src/n32h7xx_xspi_v2.c **** *\*\fun     Checks whether the specified XSPI flag is set or not.
1565:../../../firmware/n32h7xx_std_periph_driver/src/n32h7xx_xspi_v2.c **** *\*\param   Flag:
1566:../../../firmware/n32h7xx_std_periph_driver/src/n32h7xx_xspi_v2.c **** *\*\          - XSPI_BUSY_FLAG
1567:../../../firmware/n32h7xx_std_periph_driver/src/n32h7xx_xspi_v2.c **** *\*\          - XSPI_TXFNF_FLAG
1568:../../../firmware/n32h7xx_std_periph_driver/src/n32h7xx_xspi_v2.c **** *\*\          - XSPI_TXFE_FLAG
1569:../../../firmware/n32h7xx_std_periph_driver/src/n32h7xx_xspi_v2.c **** *\*\          - XSPI_RXFNF_FLAG
1570:../../../firmware/n32h7xx_std_periph_driver/src/n32h7xx_xspi_v2.c **** *\*\          - XSPI_RXFF_FLAG
1571:../../../firmware/n32h7xx_std_periph_driver/src/n32h7xx_xspi_v2.c **** *\*\          - XSPI_TXE_FLAG
1572:../../../firmware/n32h7xx_std_periph_driver/src/n32h7xx_xspi_v2.c **** *\*\          - XSPI_DCERR_FLAG
1573:../../../firmware/n32h7xx_std_periph_driver/src/n32h7xx_xspi_v2.c **** *\*\return  The new state of XSPI_FLAG (SET or RESET).
1574:../../../firmware/n32h7xx_std_periph_driver/src/n32h7xx_xspi_v2.c **** **/
1575:../../../firmware/n32h7xx_std_periph_driver/src/n32h7xx_xspi_v2.c **** FlagStatus XSPI_GetFlagStatus(XSPI_Module* xSPIx, uint32_t Flag)
1576:../../../firmware/n32h7xx_std_periph_driver/src/n32h7xx_xspi_v2.c **** {
 2479              		.loc 1 1576 1
 2480              		.cfi_startproc
 2481              		@ args = 0, pretend = 0, frame = 16
 2482              		@ frame_needed = 1, uses_anonymous_args = 0
 2483              		@ link register save eliminated.
 2484 0000 80B4     		push	{r7}
 2485              	.LCFI146:
 2486              		.cfi_def_cfa_offset 4
 2487              		.cfi_offset 7, -4
 2488 0002 85B0     		sub	sp, sp, #20
 2489              	.LCFI147:
 2490              		.cfi_def_cfa_offset 24
 2491 0004 00AF     		add	r7, sp, #0
 2492              	.LCFI148:
 2493              		.cfi_def_cfa_register 7
 2494 0006 7860     		str	r0, [r7, #4]
 2495 0008 3960     		str	r1, [r7]
1577:../../../firmware/n32h7xx_std_periph_driver/src/n32h7xx_xspi_v2.c ****     FlagStatus bitstatus;
1578:../../../firmware/n32h7xx_std_periph_driver/src/n32h7xx_xspi_v2.c **** 
1579:../../../firmware/n32h7xx_std_periph_driver/src/n32h7xx_xspi_v2.c ****     /* Check the status of the specified XSPI flag */
1580:../../../firmware/n32h7xx_std_periph_driver/src/n32h7xx_xspi_v2.c ****     if ((xSPIx->STS & Flag) != (uint32_t)RESET)
 2496              		.loc 1 1580 15
 2497 000a 7B68     		ldr	r3, [r7, #4]
 2498 000c 9A6A     		ldr	r2, [r3, #40]
 2499              		.loc 1 1580 21
 2500 000e 3B68     		ldr	r3, [r7]
 2501 0010 1340     		ands	r3, r3, r2
 2502              		.loc 1 1580 8
 2503 0012 002B     		cmp	r3, #0
 2504 0014 02D0     		beq	.L83
1581:../../../firmware/n32h7xx_std_periph_driver/src/n32h7xx_xspi_v2.c ****     {
1582:../../../firmware/n32h7xx_std_periph_driver/src/n32h7xx_xspi_v2.c ****         /* XSPI_FLAG is set */
1583:../../../firmware/n32h7xx_std_periph_driver/src/n32h7xx_xspi_v2.c ****         bitstatus = SET;
 2505              		.loc 1 1583 19
 2506 0016 0123     		movs	r3, #1
 2507 0018 FB73     		strb	r3, [r7, #15]
 2508 001a 01E0     		b	.L84
 2509              	.L83:
ARM GAS  /tmp/ccqjtRa8.s 			page 73


1584:../../../firmware/n32h7xx_std_periph_driver/src/n32h7xx_xspi_v2.c ****     }
1585:../../../firmware/n32h7xx_std_periph_driver/src/n32h7xx_xspi_v2.c ****     else
1586:../../../firmware/n32h7xx_std_periph_driver/src/n32h7xx_xspi_v2.c ****     {
1587:../../../firmware/n32h7xx_std_periph_driver/src/n32h7xx_xspi_v2.c ****         /* XSPI_FLAG is reset */
1588:../../../firmware/n32h7xx_std_periph_driver/src/n32h7xx_xspi_v2.c ****         bitstatus = RESET;
 2510              		.loc 1 1588 19
 2511 001c 0023     		movs	r3, #0
 2512 001e FB73     		strb	r3, [r7, #15]
 2513              	.L84:
1589:../../../firmware/n32h7xx_std_periph_driver/src/n32h7xx_xspi_v2.c ****     }
1590:../../../firmware/n32h7xx_std_periph_driver/src/n32h7xx_xspi_v2.c **** 
1591:../../../firmware/n32h7xx_std_periph_driver/src/n32h7xx_xspi_v2.c ****     /* Return the XSPI_FLAG status */
1592:../../../firmware/n32h7xx_std_periph_driver/src/n32h7xx_xspi_v2.c ****     return  bitstatus;
 2514              		.loc 1 1592 13
 2515 0020 FB7B     		ldrb	r3, [r7, #15]	@ zero_extendqisi2
1593:../../../firmware/n32h7xx_std_periph_driver/src/n32h7xx_xspi_v2.c **** }
 2516              		.loc 1 1593 1
 2517 0022 1846     		mov	r0, r3
 2518 0024 1437     		adds	r7, r7, #20
 2519              	.LCFI149:
 2520              		.cfi_def_cfa_offset 4
 2521 0026 BD46     		mov	sp, r7
 2522              	.LCFI150:
 2523              		.cfi_def_cfa_register 13
 2524              		@ sp needed
 2525 0028 80BC     		pop	{r7}
 2526              	.LCFI151:
 2527              		.cfi_restore 7
 2528              		.cfi_def_cfa_offset 0
 2529 002a 7047     		bx	lr
 2530              		.cfi_endproc
 2531              	.LFE160:
 2533              		.section	.text.XSPI_GetDMACompletedDataFrameNum,"ax",%progbits
 2534              		.align	1
 2535              		.global	XSPI_GetDMACompletedDataFrameNum
 2536              		.syntax unified
 2537              		.thumb
 2538              		.thumb_func
 2540              	XSPI_GetDMACompletedDataFrameNum:
 2541              	.LFB161:
1594:../../../firmware/n32h7xx_std_periph_driver/src/n32h7xx_xspi_v2.c **** 
1595:../../../firmware/n32h7xx_std_periph_driver/src/n32h7xx_xspi_v2.c **** /**
1596:../../../firmware/n32h7xx_std_periph_driver/src/n32h7xx_xspi_v2.c **** *\*\name    XSPI_GetDMACompletedDataFrameNum.
1597:../../../firmware/n32h7xx_std_periph_driver/src/n32h7xx_xspi_v2.c **** *\*\fun     Get Completed Data frames.
1598:../../../firmware/n32h7xx_std_periph_driver/src/n32h7xx_xspi_v2.c **** *\*\note    indicates total data frames transferred in the previous internal DMA transfer
1599:../../../firmware/n32h7xx_std_periph_driver/src/n32h7xx_xspi_v2.c **** *\*\param   Flag:
1600:../../../firmware/n32h7xx_std_periph_driver/src/n32h7xx_xspi_v2.c **** *\*\return  The new state of XSPI_FLAG (SET or RESET).
1601:../../../firmware/n32h7xx_std_periph_driver/src/n32h7xx_xspi_v2.c **** **/
1602:../../../firmware/n32h7xx_std_periph_driver/src/n32h7xx_xspi_v2.c **** uint32_t XSPI_GetDMACompletedDataFrameNum(XSPI_Module* xSPIx)
1603:../../../firmware/n32h7xx_std_periph_driver/src/n32h7xx_xspi_v2.c **** {
 2542              		.loc 1 1603 1
 2543              		.cfi_startproc
 2544              		@ args = 0, pretend = 0, frame = 8
 2545              		@ frame_needed = 1, uses_anonymous_args = 0
 2546              		@ link register save eliminated.
 2547 0000 80B4     		push	{r7}
 2548              	.LCFI152:
ARM GAS  /tmp/ccqjtRa8.s 			page 74


 2549              		.cfi_def_cfa_offset 4
 2550              		.cfi_offset 7, -4
 2551 0002 83B0     		sub	sp, sp, #12
 2552              	.LCFI153:
 2553              		.cfi_def_cfa_offset 16
 2554 0004 00AF     		add	r7, sp, #0
 2555              	.LCFI154:
 2556              		.cfi_def_cfa_register 7
 2557 0006 7860     		str	r0, [r7, #4]
1604:../../../firmware/n32h7xx_std_periph_driver/src/n32h7xx_xspi_v2.c ****     return ((xSPIx->STS & XSPI_V2_STS_CMPLTDDF) >> 15U);
 2558              		.loc 1 1604 19
 2559 0008 7B68     		ldr	r3, [r7, #4]
 2560 000a 9B6A     		ldr	r3, [r3, #40]
 2561              		.loc 1 1604 49
 2562 000c DB0B     		lsrs	r3, r3, #15
 2563 000e C3F31003 		ubfx	r3, r3, #0, #17
1605:../../../firmware/n32h7xx_std_periph_driver/src/n32h7xx_xspi_v2.c **** }
 2564              		.loc 1 1605 1
 2565 0012 1846     		mov	r0, r3
 2566 0014 0C37     		adds	r7, r7, #12
 2567              	.LCFI155:
 2568              		.cfi_def_cfa_offset 4
 2569 0016 BD46     		mov	sp, r7
 2570              	.LCFI156:
 2571              		.cfi_def_cfa_register 13
 2572              		@ sp needed
 2573 0018 80BC     		pop	{r7}
 2574              	.LCFI157:
 2575              		.cfi_restore 7
 2576              		.cfi_def_cfa_offset 0
 2577 001a 7047     		bx	lr
 2578              		.cfi_endproc
 2579              	.LFE161:
 2581              		.section	.text.XSPI_DisbaleAllInt,"ax",%progbits
 2582              		.align	1
 2583              		.global	XSPI_DisbaleAllInt
 2584              		.syntax unified
 2585              		.thumb
 2586              		.thumb_func
 2588              	XSPI_DisbaleAllInt:
 2589              	.LFB162:
1606:../../../firmware/n32h7xx_std_periph_driver/src/n32h7xx_xspi_v2.c **** 
1607:../../../firmware/n32h7xx_std_periph_driver/src/n32h7xx_xspi_v2.c **** /**
1608:../../../firmware/n32h7xx_std_periph_driver/src/n32h7xx_xspi_v2.c **** *\*\name    XSPI_DisbaleAllInt.
1609:../../../firmware/n32h7xx_std_periph_driver/src/n32h7xx_xspi_v2.c **** *\*\fun     Disables the all XSPI interrupts.
1610:../../../firmware/n32h7xx_std_periph_driver/src/n32h7xx_xspi_v2.c **** *\*\param   XSPI_IT:
1611:../../../firmware/n32h7xx_std_periph_driver/src/n32h7xx_xspi_v2.c **** *\*\return  none.
1612:../../../firmware/n32h7xx_std_periph_driver/src/n32h7xx_xspi_v2.c **** **/
1613:../../../firmware/n32h7xx_std_periph_driver/src/n32h7xx_xspi_v2.c **** void XSPI_DisbaleAllInt(XSPI_Module* xSPIx)
1614:../../../firmware/n32h7xx_std_periph_driver/src/n32h7xx_xspi_v2.c **** {
 2590              		.loc 1 1614 1
 2591              		.cfi_startproc
 2592              		@ args = 0, pretend = 0, frame = 8
 2593              		@ frame_needed = 1, uses_anonymous_args = 0
 2594              		@ link register save eliminated.
 2595 0000 80B4     		push	{r7}
 2596              	.LCFI158:
ARM GAS  /tmp/ccqjtRa8.s 			page 75


 2597              		.cfi_def_cfa_offset 4
 2598              		.cfi_offset 7, -4
 2599 0002 83B0     		sub	sp, sp, #12
 2600              	.LCFI159:
 2601              		.cfi_def_cfa_offset 16
 2602 0004 00AF     		add	r7, sp, #0
 2603              	.LCFI160:
 2604              		.cfi_def_cfa_register 7
 2605 0006 7860     		str	r0, [r7, #4]
1615:../../../firmware/n32h7xx_std_periph_driver/src/n32h7xx_xspi_v2.c ****     xSPIx->IMASK = 0x00000000U;
 2606              		.loc 1 1615 18
 2607 0008 7B68     		ldr	r3, [r7, #4]
 2608 000a 0022     		movs	r2, #0
 2609 000c DA62     		str	r2, [r3, #44]
1616:../../../firmware/n32h7xx_std_periph_driver/src/n32h7xx_xspi_v2.c **** }
 2610              		.loc 1 1616 1
 2611 000e 00BF     		nop
 2612 0010 0C37     		adds	r7, r7, #12
 2613              	.LCFI161:
 2614              		.cfi_def_cfa_offset 4
 2615 0012 BD46     		mov	sp, r7
 2616              	.LCFI162:
 2617              		.cfi_def_cfa_register 13
 2618              		@ sp needed
 2619 0014 80BC     		pop	{r7}
 2620              	.LCFI163:
 2621              		.cfi_restore 7
 2622              		.cfi_def_cfa_offset 0
 2623 0016 7047     		bx	lr
 2624              		.cfi_endproc
 2625              	.LFE162:
 2627              		.section	.text.XSPI_EnableInt,"ax",%progbits
 2628              		.align	1
 2629              		.global	XSPI_EnableInt
 2630              		.syntax unified
 2631              		.thumb
 2632              		.thumb_func
 2634              	XSPI_EnableInt:
 2635              	.LFB163:
1617:../../../firmware/n32h7xx_std_periph_driver/src/n32h7xx_xspi_v2.c **** 
1618:../../../firmware/n32h7xx_std_periph_driver/src/n32h7xx_xspi_v2.c **** 
1619:../../../firmware/n32h7xx_std_periph_driver/src/n32h7xx_xspi_v2.c **** /**
1620:../../../firmware/n32h7xx_std_periph_driver/src/n32h7xx_xspi_v2.c **** *\*\name    XSPI_ConfigInt.
1621:../../../firmware/n32h7xx_std_periph_driver/src/n32h7xx_xspi_v2.c **** *\*\fun     Enables or disables the specified XSPI interrupts.
1622:../../../firmware/n32h7xx_std_periph_driver/src/n32h7xx_xspi_v2.c **** *\*\param   XSPI_IT:
1623:../../../firmware/n32h7xx_std_periph_driver/src/n32h7xx_xspi_v2.c **** *\*\          - XSPI_INT_TXFEMPTY
1624:../../../firmware/n32h7xx_std_periph_driver/src/n32h7xx_xspi_v2.c **** *\*\          - XSPI_INT_TXFOVER
1625:../../../firmware/n32h7xx_std_periph_driver/src/n32h7xx_xspi_v2.c **** *\*\          - XSPI_INT_RXFUNDER
1626:../../../firmware/n32h7xx_std_periph_driver/src/n32h7xx_xspi_v2.c **** *\*\          - XSPI_INT_RXFOVER
1627:../../../firmware/n32h7xx_std_periph_driver/src/n32h7xx_xspi_v2.c **** *\*\          - XSPI_INT_RXFFULL
1628:../../../firmware/n32h7xx_std_periph_driver/src/n32h7xx_xspi_v2.c **** *\*\          - XSPI_INT_MMCONTENTION
1629:../../../firmware/n32h7xx_std_periph_driver/src/n32h7xx_xspi_v2.c **** *\*\          - XSPI_INT_XIP_RXFOVER
1630:../../../firmware/n32h7xx_std_periph_driver/src/n32h7xx_xspi_v2.c **** *\*\          - XSPI_INT_TXFUNDER
1631:../../../firmware/n32h7xx_std_periph_driver/src/n32h7xx_xspi_v2.c **** *\*\param   Cmd:
1632:../../../firmware/n32h7xx_std_periph_driver/src/n32h7xx_xspi_v2.c **** *\*\          - ENABLE
1633:../../../firmware/n32h7xx_std_periph_driver/src/n32h7xx_xspi_v2.c **** *\*\          - DISABLE
1634:../../../firmware/n32h7xx_std_periph_driver/src/n32h7xx_xspi_v2.c **** *\*\return  none.
ARM GAS  /tmp/ccqjtRa8.s 			page 76


1635:../../../firmware/n32h7xx_std_periph_driver/src/n32h7xx_xspi_v2.c **** **/
1636:../../../firmware/n32h7xx_std_periph_driver/src/n32h7xx_xspi_v2.c **** void XSPI_EnableInt(XSPI_Module* xSPIx, uint32_t XSPI_IT, FunctionalState Cmd)
1637:../../../firmware/n32h7xx_std_periph_driver/src/n32h7xx_xspi_v2.c **** {
 2636              		.loc 1 1637 1
 2637              		.cfi_startproc
 2638              		@ args = 0, pretend = 0, frame = 24
 2639              		@ frame_needed = 1, uses_anonymous_args = 0
 2640              		@ link register save eliminated.
 2641 0000 80B4     		push	{r7}
 2642              	.LCFI164:
 2643              		.cfi_def_cfa_offset 4
 2644              		.cfi_offset 7, -4
 2645 0002 87B0     		sub	sp, sp, #28
 2646              	.LCFI165:
 2647              		.cfi_def_cfa_offset 32
 2648 0004 00AF     		add	r7, sp, #0
 2649              	.LCFI166:
 2650              		.cfi_def_cfa_register 7
 2651 0006 F860     		str	r0, [r7, #12]
 2652 0008 B960     		str	r1, [r7, #8]
 2653 000a 1346     		mov	r3, r2
 2654 000c FB71     		strb	r3, [r7, #7]
1638:../../../firmware/n32h7xx_std_periph_driver/src/n32h7xx_xspi_v2.c ****     uint16_t itmask;
1639:../../../firmware/n32h7xx_std_periph_driver/src/n32h7xx_xspi_v2.c **** 
1640:../../../firmware/n32h7xx_std_periph_driver/src/n32h7xx_xspi_v2.c ****     /* Get the Interupt mask */
1641:../../../firmware/n32h7xx_std_periph_driver/src/n32h7xx_xspi_v2.c ****     itmask = (uint16_t)(XSPI_IT & 0x000000FFU);
 2655              		.loc 1 1641 14
 2656 000e BB68     		ldr	r3, [r7, #8]
 2657 0010 9BB2     		uxth	r3, r3
 2658              		.loc 1 1641 12
 2659 0012 DBB2     		uxtb	r3, r3
 2660 0014 FB82     		strh	r3, [r7, #22]	@ movhi
1642:../../../firmware/n32h7xx_std_periph_driver/src/n32h7xx_xspi_v2.c **** 
1643:../../../firmware/n32h7xx_std_periph_driver/src/n32h7xx_xspi_v2.c ****     if (Cmd != DISABLE)
 2661              		.loc 1 1643 8
 2662 0016 FB79     		ldrb	r3, [r7, #7]	@ zero_extendqisi2
 2663 0018 002B     		cmp	r3, #0
 2664 001a 06D0     		beq	.L90
1644:../../../firmware/n32h7xx_std_periph_driver/src/n32h7xx_xspi_v2.c ****     {
1645:../../../firmware/n32h7xx_std_periph_driver/src/n32h7xx_xspi_v2.c ****         /* Enable the selected XSPI interrupt */
1646:../../../firmware/n32h7xx_std_periph_driver/src/n32h7xx_xspi_v2.c ****         xSPIx->IMASK |= itmask;
 2665              		.loc 1 1646 14
 2666 001c FB68     		ldr	r3, [r7, #12]
 2667 001e DA6A     		ldr	r2, [r3, #44]
 2668              		.loc 1 1646 22
 2669 0020 FB8A     		ldrh	r3, [r7, #22]
 2670 0022 1A43     		orrs	r2, r2, r3
 2671 0024 FB68     		ldr	r3, [r7, #12]
 2672 0026 DA62     		str	r2, [r3, #44]
1647:../../../firmware/n32h7xx_std_periph_driver/src/n32h7xx_xspi_v2.c ****     }
1648:../../../firmware/n32h7xx_std_periph_driver/src/n32h7xx_xspi_v2.c ****     else
1649:../../../firmware/n32h7xx_std_periph_driver/src/n32h7xx_xspi_v2.c ****     {
1650:../../../firmware/n32h7xx_std_periph_driver/src/n32h7xx_xspi_v2.c ****         /* Disable the selected XSPI interrupt */
1651:../../../firmware/n32h7xx_std_periph_driver/src/n32h7xx_xspi_v2.c ****         xSPIx->IMASK &= (uint16_t)~itmask;
1652:../../../firmware/n32h7xx_std_periph_driver/src/n32h7xx_xspi_v2.c ****     }
1653:../../../firmware/n32h7xx_std_periph_driver/src/n32h7xx_xspi_v2.c **** }
 2673              		.loc 1 1653 1
ARM GAS  /tmp/ccqjtRa8.s 			page 77


 2674 0028 07E0     		b	.L92
 2675              	.L90:
1651:../../../firmware/n32h7xx_std_periph_driver/src/n32h7xx_xspi_v2.c ****     }
 2676              		.loc 1 1651 14
 2677 002a FB68     		ldr	r3, [r7, #12]
 2678 002c DB6A     		ldr	r3, [r3, #44]
1651:../../../firmware/n32h7xx_std_periph_driver/src/n32h7xx_xspi_v2.c ****     }
 2679              		.loc 1 1651 25
 2680 002e FA8A     		ldrh	r2, [r7, #22]	@ movhi
 2681 0030 D243     		mvns	r2, r2
 2682 0032 92B2     		uxth	r2, r2
1651:../../../firmware/n32h7xx_std_periph_driver/src/n32h7xx_xspi_v2.c ****     }
 2683              		.loc 1 1651 22
 2684 0034 1A40     		ands	r2, r2, r3
 2685 0036 FB68     		ldr	r3, [r7, #12]
 2686 0038 DA62     		str	r2, [r3, #44]
 2687              	.L92:
 2688              		.loc 1 1653 1
 2689 003a 00BF     		nop
 2690 003c 1C37     		adds	r7, r7, #28
 2691              	.LCFI167:
 2692              		.cfi_def_cfa_offset 4
 2693 003e BD46     		mov	sp, r7
 2694              	.LCFI168:
 2695              		.cfi_def_cfa_register 13
 2696              		@ sp needed
 2697 0040 80BC     		pop	{r7}
 2698              	.LCFI169:
 2699              		.cfi_restore 7
 2700              		.cfi_def_cfa_offset 0
 2701 0042 7047     		bx	lr
 2702              		.cfi_endproc
 2703              	.LFE163:
 2705              		.section	.text.XSPI_GetINTStatus,"ax",%progbits
 2706              		.align	1
 2707              		.global	XSPI_GetINTStatus
 2708              		.syntax unified
 2709              		.thumb
 2710              		.thumb_func
 2712              	XSPI_GetINTStatus:
 2713              	.LFB164:
1654:../../../firmware/n32h7xx_std_periph_driver/src/n32h7xx_xspi_v2.c **** 
1655:../../../firmware/n32h7xx_std_periph_driver/src/n32h7xx_xspi_v2.c **** 
1656:../../../firmware/n32h7xx_std_periph_driver/src/n32h7xx_xspi_v2.c **** /**
1657:../../../firmware/n32h7xx_std_periph_driver/src/n32h7xx_xspi_v2.c **** *\*\name    XSPI_GetINTStatus.
1658:../../../firmware/n32h7xx_std_periph_driver/src/n32h7xx_xspi_v2.c **** *\*\fun     Checks whether the specified XSPI interrupt has occurred or not.
1659:../../../firmware/n32h7xx_std_periph_driver/src/n32h7xx_xspi_v2.c **** *\*\param   XSPI_IT:
1660:../../../firmware/n32h7xx_std_periph_driver/src/n32h7xx_xspi_v2.c **** *\*\          - XSPI_INT_TXFEMPTY
1661:../../../firmware/n32h7xx_std_periph_driver/src/n32h7xx_xspi_v2.c **** *\*\          - XSPI_INT_TXFOVER
1662:../../../firmware/n32h7xx_std_periph_driver/src/n32h7xx_xspi_v2.c **** *\*\          - XSPI_INT_RXFUNDER
1663:../../../firmware/n32h7xx_std_periph_driver/src/n32h7xx_xspi_v2.c **** *\*\          - XSPI_INT_RXFOVER
1664:../../../firmware/n32h7xx_std_periph_driver/src/n32h7xx_xspi_v2.c **** *\*\          - XSPI_INT_RXFFULL
1665:../../../firmware/n32h7xx_std_periph_driver/src/n32h7xx_xspi_v2.c **** *\*\          - XSPI_INT_MMCONTENTION
1666:../../../firmware/n32h7xx_std_periph_driver/src/n32h7xx_xspi_v2.c **** *\*\          - XSPI_INT_XIP_RXFOVER
1667:../../../firmware/n32h7xx_std_periph_driver/src/n32h7xx_xspi_v2.c **** *\*\          - XSPI_INT_TXFUNDER
1668:../../../firmware/n32h7xx_std_periph_driver/src/n32h7xx_xspi_v2.c **** *\*\return  The new state of XSPI_IT (SET or RESET).
1669:../../../firmware/n32h7xx_std_periph_driver/src/n32h7xx_xspi_v2.c **** **/
ARM GAS  /tmp/ccqjtRa8.s 			page 78


1670:../../../firmware/n32h7xx_std_periph_driver/src/n32h7xx_xspi_v2.c **** INTStatus XSPI_GetINTStatus(XSPI_Module* xSPIx, uint32_t XSPI_IT)
1671:../../../firmware/n32h7xx_std_periph_driver/src/n32h7xx_xspi_v2.c **** {
 2714              		.loc 1 1671 1
 2715              		.cfi_startproc
 2716              		@ args = 0, pretend = 0, frame = 16
 2717              		@ frame_needed = 1, uses_anonymous_args = 0
 2718              		@ link register save eliminated.
 2719 0000 80B4     		push	{r7}
 2720              	.LCFI170:
 2721              		.cfi_def_cfa_offset 4
 2722              		.cfi_offset 7, -4
 2723 0002 85B0     		sub	sp, sp, #20
 2724              	.LCFI171:
 2725              		.cfi_def_cfa_offset 24
 2726 0004 00AF     		add	r7, sp, #0
 2727              	.LCFI172:
 2728              		.cfi_def_cfa_register 7
 2729 0006 7860     		str	r0, [r7, #4]
 2730 0008 3960     		str	r1, [r7]
1672:../../../firmware/n32h7xx_std_periph_driver/src/n32h7xx_xspi_v2.c ****     uint16_t itpos = 0;
 2731              		.loc 1 1672 14
 2732 000a 0023     		movs	r3, #0
 2733 000c BB81     		strh	r3, [r7, #12]	@ movhi
1673:../../../firmware/n32h7xx_std_periph_driver/src/n32h7xx_xspi_v2.c ****     INTStatus bitstatus = RESET;
 2734              		.loc 1 1673 15
 2735 000e 0023     		movs	r3, #0
 2736 0010 FB73     		strb	r3, [r7, #15]
1674:../../../firmware/n32h7xx_std_periph_driver/src/n32h7xx_xspi_v2.c **** 
1675:../../../firmware/n32h7xx_std_periph_driver/src/n32h7xx_xspi_v2.c ****     /* Get the Interupt position */
1676:../../../firmware/n32h7xx_std_periph_driver/src/n32h7xx_xspi_v2.c ****     itpos = (uint16_t)(XSPI_IT & 0x000000FFU);
 2737              		.loc 1 1676 13
 2738 0012 3B68     		ldr	r3, [r7]
 2739 0014 9BB2     		uxth	r3, r3
 2740              		.loc 1 1676 11
 2741 0016 DBB2     		uxtb	r3, r3
 2742 0018 BB81     		strh	r3, [r7, #12]	@ movhi
1677:../../../firmware/n32h7xx_std_periph_driver/src/n32h7xx_xspi_v2.c **** 
1678:../../../firmware/n32h7xx_std_periph_driver/src/n32h7xx_xspi_v2.c ****     /* Check the status of the specified XSPI interrupt */
1679:../../../firmware/n32h7xx_std_periph_driver/src/n32h7xx_xspi_v2.c ****     if (((xSPIx->ISTS & itpos) != (uint16_t)RESET))
 2743              		.loc 1 1679 16
 2744 001a 7B68     		ldr	r3, [r7, #4]
 2745 001c 1A6B     		ldr	r2, [r3, #48]
 2746              		.loc 1 1679 23
 2747 001e BB89     		ldrh	r3, [r7, #12]
 2748 0020 1340     		ands	r3, r3, r2
 2749              		.loc 1 1679 8
 2750 0022 002B     		cmp	r3, #0
 2751 0024 02D0     		beq	.L94
1680:../../../firmware/n32h7xx_std_periph_driver/src/n32h7xx_xspi_v2.c ****     {
1681:../../../firmware/n32h7xx_std_periph_driver/src/n32h7xx_xspi_v2.c ****         /* XSPI_IT is set */
1682:../../../firmware/n32h7xx_std_periph_driver/src/n32h7xx_xspi_v2.c ****         bitstatus = SET;
 2752              		.loc 1 1682 19
 2753 0026 0123     		movs	r3, #1
 2754 0028 FB73     		strb	r3, [r7, #15]
 2755 002a 01E0     		b	.L95
 2756              	.L94:
1683:../../../firmware/n32h7xx_std_periph_driver/src/n32h7xx_xspi_v2.c ****     }
ARM GAS  /tmp/ccqjtRa8.s 			page 79


1684:../../../firmware/n32h7xx_std_periph_driver/src/n32h7xx_xspi_v2.c ****     else
1685:../../../firmware/n32h7xx_std_periph_driver/src/n32h7xx_xspi_v2.c ****     {
1686:../../../firmware/n32h7xx_std_periph_driver/src/n32h7xx_xspi_v2.c ****         /* XSPI_IT is reset */
1687:../../../firmware/n32h7xx_std_periph_driver/src/n32h7xx_xspi_v2.c ****         bitstatus = RESET;
 2757              		.loc 1 1687 19
 2758 002c 0023     		movs	r3, #0
 2759 002e FB73     		strb	r3, [r7, #15]
 2760              	.L95:
1688:../../../firmware/n32h7xx_std_periph_driver/src/n32h7xx_xspi_v2.c ****     }
1689:../../../firmware/n32h7xx_std_periph_driver/src/n32h7xx_xspi_v2.c **** 
1690:../../../firmware/n32h7xx_std_periph_driver/src/n32h7xx_xspi_v2.c ****     /* Return the XSPI_IT status */
1691:../../../firmware/n32h7xx_std_periph_driver/src/n32h7xx_xspi_v2.c ****     return bitstatus;
 2761              		.loc 1 1691 12
 2762 0030 FB7B     		ldrb	r3, [r7, #15]	@ zero_extendqisi2
1692:../../../firmware/n32h7xx_std_periph_driver/src/n32h7xx_xspi_v2.c **** }
 2763              		.loc 1 1692 1
 2764 0032 1846     		mov	r0, r3
 2765 0034 1437     		adds	r7, r7, #20
 2766              	.LCFI173:
 2767              		.cfi_def_cfa_offset 4
 2768 0036 BD46     		mov	sp, r7
 2769              	.LCFI174:
 2770              		.cfi_def_cfa_register 13
 2771              		@ sp needed
 2772 0038 80BC     		pop	{r7}
 2773              	.LCFI175:
 2774              		.cfi_restore 7
 2775              		.cfi_def_cfa_offset 0
 2776 003a 7047     		bx	lr
 2777              		.cfi_endproc
 2778              	.LFE164:
 2780              		.section	.text.XSPI_GetINTRawStatus,"ax",%progbits
 2781              		.align	1
 2782              		.global	XSPI_GetINTRawStatus
 2783              		.syntax unified
 2784              		.thumb
 2785              		.thumb_func
 2787              	XSPI_GetINTRawStatus:
 2788              	.LFB165:
1693:../../../firmware/n32h7xx_std_periph_driver/src/n32h7xx_xspi_v2.c **** 
1694:../../../firmware/n32h7xx_std_periph_driver/src/n32h7xx_xspi_v2.c **** 
1695:../../../firmware/n32h7xx_std_periph_driver/src/n32h7xx_xspi_v2.c **** /**
1696:../../../firmware/n32h7xx_std_periph_driver/src/n32h7xx_xspi_v2.c **** *\*\name    XSPI_GetINTRawStatus.
1697:../../../firmware/n32h7xx_std_periph_driver/src/n32h7xx_xspi_v2.c **** *\*\fun     Get XSPI Raw Interrupt Status.
1698:../../../firmware/n32h7xx_std_periph_driver/src/n32h7xx_xspi_v2.c **** *\*\param   XSPI_IT:
1699:../../../firmware/n32h7xx_std_periph_driver/src/n32h7xx_xspi_v2.c **** *\*\          - XSPI_INT_TXFEMPTY
1700:../../../firmware/n32h7xx_std_periph_driver/src/n32h7xx_xspi_v2.c **** *\*\          - XSPI_INT_TXFOVER
1701:../../../firmware/n32h7xx_std_periph_driver/src/n32h7xx_xspi_v2.c **** *\*\          - XSPI_INT_RXFUNDER
1702:../../../firmware/n32h7xx_std_periph_driver/src/n32h7xx_xspi_v2.c **** *\*\          - XSPI_INT_RXFOVER
1703:../../../firmware/n32h7xx_std_periph_driver/src/n32h7xx_xspi_v2.c **** *\*\          - XSPI_INT_RXFFULL
1704:../../../firmware/n32h7xx_std_periph_driver/src/n32h7xx_xspi_v2.c **** *\*\          - XSPI_INT_MMCONTENTION
1705:../../../firmware/n32h7xx_std_periph_driver/src/n32h7xx_xspi_v2.c **** *\*\          - XSPI_INT_XIP_RXFOVER
1706:../../../firmware/n32h7xx_std_periph_driver/src/n32h7xx_xspi_v2.c **** *\*\          - XSPI_INT_TXFUNDER
1707:../../../firmware/n32h7xx_std_periph_driver/src/n32h7xx_xspi_v2.c **** *\*\return  The new state of XSPI_IT (SET or RESET).
1708:../../../firmware/n32h7xx_std_periph_driver/src/n32h7xx_xspi_v2.c **** **/
1709:../../../firmware/n32h7xx_std_periph_driver/src/n32h7xx_xspi_v2.c **** INTStatus XSPI_GetINTRawStatus(XSPI_Module* xSPIx, uint32_t XSPI_IT)
1710:../../../firmware/n32h7xx_std_periph_driver/src/n32h7xx_xspi_v2.c **** {
ARM GAS  /tmp/ccqjtRa8.s 			page 80


 2789              		.loc 1 1710 1
 2790              		.cfi_startproc
 2791              		@ args = 0, pretend = 0, frame = 16
 2792              		@ frame_needed = 1, uses_anonymous_args = 0
 2793              		@ link register save eliminated.
 2794 0000 80B4     		push	{r7}
 2795              	.LCFI176:
 2796              		.cfi_def_cfa_offset 4
 2797              		.cfi_offset 7, -4
 2798 0002 85B0     		sub	sp, sp, #20
 2799              	.LCFI177:
 2800              		.cfi_def_cfa_offset 24
 2801 0004 00AF     		add	r7, sp, #0
 2802              	.LCFI178:
 2803              		.cfi_def_cfa_register 7
 2804 0006 7860     		str	r0, [r7, #4]
 2805 0008 3960     		str	r1, [r7]
1711:../../../firmware/n32h7xx_std_periph_driver/src/n32h7xx_xspi_v2.c ****     uint16_t itpos = 0;
 2806              		.loc 1 1711 14
 2807 000a 0023     		movs	r3, #0
 2808 000c BB81     		strh	r3, [r7, #12]	@ movhi
1712:../../../firmware/n32h7xx_std_periph_driver/src/n32h7xx_xspi_v2.c ****     INTStatus bitstatus = RESET;
 2809              		.loc 1 1712 15
 2810 000e 0023     		movs	r3, #0
 2811 0010 FB73     		strb	r3, [r7, #15]
1713:../../../firmware/n32h7xx_std_periph_driver/src/n32h7xx_xspi_v2.c **** 
1714:../../../firmware/n32h7xx_std_periph_driver/src/n32h7xx_xspi_v2.c ****     /* Get the Interupt position */
1715:../../../firmware/n32h7xx_std_periph_driver/src/n32h7xx_xspi_v2.c ****     itpos = (uint16_t)(XSPI_IT & 0x000000FFU);
 2812              		.loc 1 1715 13
 2813 0012 3B68     		ldr	r3, [r7]
 2814 0014 9BB2     		uxth	r3, r3
 2815              		.loc 1 1715 11
 2816 0016 DBB2     		uxtb	r3, r3
 2817 0018 BB81     		strh	r3, [r7, #12]	@ movhi
1716:../../../firmware/n32h7xx_std_periph_driver/src/n32h7xx_xspi_v2.c **** 
1717:../../../firmware/n32h7xx_std_periph_driver/src/n32h7xx_xspi_v2.c ****     /* Check the status of the specified XSPI Raw interrupt */
1718:../../../firmware/n32h7xx_std_periph_driver/src/n32h7xx_xspi_v2.c ****     if (((xSPIx->RISTS & itpos) != (uint16_t)RESET))
 2818              		.loc 1 1718 16
 2819 001a 7B68     		ldr	r3, [r7, #4]
 2820 001c 5A6B     		ldr	r2, [r3, #52]
 2821              		.loc 1 1718 24
 2822 001e BB89     		ldrh	r3, [r7, #12]
 2823 0020 1340     		ands	r3, r3, r2
 2824              		.loc 1 1718 8
 2825 0022 002B     		cmp	r3, #0
 2826 0024 02D0     		beq	.L98
1719:../../../firmware/n32h7xx_std_periph_driver/src/n32h7xx_xspi_v2.c ****     {
1720:../../../firmware/n32h7xx_std_periph_driver/src/n32h7xx_xspi_v2.c ****         /* XSPI_RAW_IT is set */
1721:../../../firmware/n32h7xx_std_periph_driver/src/n32h7xx_xspi_v2.c ****         bitstatus = SET;
 2827              		.loc 1 1721 19
 2828 0026 0123     		movs	r3, #1
 2829 0028 FB73     		strb	r3, [r7, #15]
 2830 002a 01E0     		b	.L99
 2831              	.L98:
1722:../../../firmware/n32h7xx_std_periph_driver/src/n32h7xx_xspi_v2.c ****     }
1723:../../../firmware/n32h7xx_std_periph_driver/src/n32h7xx_xspi_v2.c ****     else
1724:../../../firmware/n32h7xx_std_periph_driver/src/n32h7xx_xspi_v2.c ****     {
ARM GAS  /tmp/ccqjtRa8.s 			page 81


1725:../../../firmware/n32h7xx_std_periph_driver/src/n32h7xx_xspi_v2.c ****         /* XSPI_RAW_IT is reset */
1726:../../../firmware/n32h7xx_std_periph_driver/src/n32h7xx_xspi_v2.c ****         bitstatus = RESET;
 2832              		.loc 1 1726 19
 2833 002c 0023     		movs	r3, #0
 2834 002e FB73     		strb	r3, [r7, #15]
 2835              	.L99:
1727:../../../firmware/n32h7xx_std_periph_driver/src/n32h7xx_xspi_v2.c ****     }
1728:../../../firmware/n32h7xx_std_periph_driver/src/n32h7xx_xspi_v2.c **** 
1729:../../../firmware/n32h7xx_std_periph_driver/src/n32h7xx_xspi_v2.c ****     /* Return the XSPI_RAW_IT status */
1730:../../../firmware/n32h7xx_std_periph_driver/src/n32h7xx_xspi_v2.c ****     return bitstatus;
 2836              		.loc 1 1730 12
 2837 0030 FB7B     		ldrb	r3, [r7, #15]	@ zero_extendqisi2
1731:../../../firmware/n32h7xx_std_periph_driver/src/n32h7xx_xspi_v2.c **** }
 2838              		.loc 1 1731 1
 2839 0032 1846     		mov	r0, r3
 2840 0034 1437     		adds	r7, r7, #20
 2841              	.LCFI179:
 2842              		.cfi_def_cfa_offset 4
 2843 0036 BD46     		mov	sp, r7
 2844              	.LCFI180:
 2845              		.cfi_def_cfa_register 13
 2846              		@ sp needed
 2847 0038 80BC     		pop	{r7}
 2848              	.LCFI181:
 2849              		.cfi_restore 7
 2850              		.cfi_def_cfa_offset 0
 2851 003a 7047     		bx	lr
 2852              		.cfi_endproc
 2853              	.LFE165:
 2855              		.section	.text.XSPI_ClrITPendingBit,"ax",%progbits
 2856              		.align	1
 2857              		.global	XSPI_ClrITPendingBit
 2858              		.syntax unified
 2859              		.thumb
 2860              		.thumb_func
 2862              	XSPI_ClrITPendingBit:
 2863              	.LFB166:
1732:../../../firmware/n32h7xx_std_periph_driver/src/n32h7xx_xspi_v2.c **** 
1733:../../../firmware/n32h7xx_std_periph_driver/src/n32h7xx_xspi_v2.c **** 
1734:../../../firmware/n32h7xx_std_periph_driver/src/n32h7xx_xspi_v2.c **** 
1735:../../../firmware/n32h7xx_std_periph_driver/src/n32h7xx_xspi_v2.c **** /**
1736:../../../firmware/n32h7xx_std_periph_driver/src/n32h7xx_xspi_v2.c **** *\*\name    XSPI_ClrITPendingBit.
1737:../../../firmware/n32h7xx_std_periph_driver/src/n32h7xx_xspi_v2.c **** *\*\fun     Clears the XSPI interrupt pending bit.
1738:../../../firmware/n32h7xx_std_periph_driver/src/n32h7xx_xspi_v2.c **** *\*\param   XSPI_IT:
1739:../../../firmware/n32h7xx_std_periph_driver/src/n32h7xx_xspi_v2.c **** *\*\          - XSPI_INT_TXFOVER
1740:../../../firmware/n32h7xx_std_periph_driver/src/n32h7xx_xspi_v2.c **** *\*\          - XSPI_INT_RXFUNDER
1741:../../../firmware/n32h7xx_std_periph_driver/src/n32h7xx_xspi_v2.c **** *\*\          - XSPI_INT_RXFOVER
1742:../../../firmware/n32h7xx_std_periph_driver/src/n32h7xx_xspi_v2.c **** *\*\          - XSPI_INT_MMCONTENTION
1743:../../../firmware/n32h7xx_std_periph_driver/src/n32h7xx_xspi_v2.c **** *\*\          - XSPI_INT_XIP_RXFOVER
1744:../../../firmware/n32h7xx_std_periph_driver/src/n32h7xx_xspi_v2.c **** *\*\          - XSPI_INT_TXFUNDER
1745:../../../firmware/n32h7xx_std_periph_driver/src/n32h7xx_xspi_v2.c **** *\*\return  none.
1746:../../../firmware/n32h7xx_std_periph_driver/src/n32h7xx_xspi_v2.c **** **/
1747:../../../firmware/n32h7xx_std_periph_driver/src/n32h7xx_xspi_v2.c **** void XSPI_ClrITPendingBit(XSPI_Module* xSPIx, uint32_t XSPI_IT)
1748:../../../firmware/n32h7xx_std_periph_driver/src/n32h7xx_xspi_v2.c **** {
 2864              		.loc 1 1748 1
 2865              		.cfi_startproc
 2866              		@ args = 0, pretend = 0, frame = 24
ARM GAS  /tmp/ccqjtRa8.s 			page 82


 2867              		@ frame_needed = 1, uses_anonymous_args = 0
 2868              		@ link register save eliminated.
 2869 0000 80B4     		push	{r7}
 2870              	.LCFI182:
 2871              		.cfi_def_cfa_offset 4
 2872              		.cfi_offset 7, -4
 2873 0002 87B0     		sub	sp, sp, #28
 2874              	.LCFI183:
 2875              		.cfi_def_cfa_offset 32
 2876 0004 00AF     		add	r7, sp, #0
 2877              	.LCFI184:
 2878              		.cfi_def_cfa_register 7
 2879 0006 7860     		str	r0, [r7, #4]
 2880 0008 3960     		str	r1, [r7]
1749:../../../firmware/n32h7xx_std_periph_driver/src/n32h7xx_xspi_v2.c ****     uint16_t offset = 0;
 2881              		.loc 1 1749 14
 2882 000a 0023     		movs	r3, #0
 2883 000c FB82     		strh	r3, [r7, #22]	@ movhi
1750:../../../firmware/n32h7xx_std_periph_driver/src/n32h7xx_xspi_v2.c ****     __IO uint32_t regAddr = 0;
 2884              		.loc 1 1750 19
 2885 000e 0023     		movs	r3, #0
 2886 0010 3B61     		str	r3, [r7, #16]
1751:../../../firmware/n32h7xx_std_periph_driver/src/n32h7xx_xspi_v2.c ****     __IO uint32_t dummy = 0;
 2887              		.loc 1 1751 19
 2888 0012 0023     		movs	r3, #0
 2889 0014 FB60     		str	r3, [r7, #12]
1752:../../../firmware/n32h7xx_std_periph_driver/src/n32h7xx_xspi_v2.c **** 
1753:../../../firmware/n32h7xx_std_periph_driver/src/n32h7xx_xspi_v2.c ****     /* Get register offset */
1754:../../../firmware/n32h7xx_std_periph_driver/src/n32h7xx_xspi_v2.c ****     offset = (uint16_t)(XSPI_IT >> 16U);
 2890              		.loc 1 1754 33
 2891 0016 3B68     		ldr	r3, [r7]
 2892 0018 1B0C     		lsrs	r3, r3, #16
 2893              		.loc 1 1754 12
 2894 001a FB82     		strh	r3, [r7, #22]	@ movhi
1755:../../../firmware/n32h7xx_std_periph_driver/src/n32h7xx_xspi_v2.c ****     /* Get Interrupt status clear register address */
1756:../../../firmware/n32h7xx_std_periph_driver/src/n32h7xx_xspi_v2.c ****     regAddr = ((uint32_t)(&xSPIx->CTRL0)) + offset;
 2895              		.loc 1 1756 27
 2896 001c 7B68     		ldr	r3, [r7, #4]
 2897              		.loc 1 1756 16
 2898 001e 1A46     		mov	r2, r3
 2899              		.loc 1 1756 43
 2900 0020 FB8A     		ldrh	r3, [r7, #22]
 2901 0022 1344     		add	r3, r3, r2
 2902              		.loc 1 1756 13
 2903 0024 3B61     		str	r3, [r7, #16]
1757:../../../firmware/n32h7xx_std_periph_driver/src/n32h7xx_xspi_v2.c ****     /* Clear Interrupt status */
1758:../../../firmware/n32h7xx_std_periph_driver/src/n32h7xx_xspi_v2.c ****     dummy = *((uint32_t *)regAddr);
 2904              		.loc 1 1758 15
 2905 0026 3B69     		ldr	r3, [r7, #16]
 2906              		.loc 1 1758 13
 2907 0028 1B68     		ldr	r3, [r3]
 2908              		.loc 1 1758 11
 2909 002a FB60     		str	r3, [r7, #12]
1759:../../../firmware/n32h7xx_std_periph_driver/src/n32h7xx_xspi_v2.c **** }
 2910              		.loc 1 1759 1
 2911 002c 00BF     		nop
 2912 002e 1C37     		adds	r7, r7, #28
ARM GAS  /tmp/ccqjtRa8.s 			page 83


 2913              	.LCFI185:
 2914              		.cfi_def_cfa_offset 4
 2915 0030 BD46     		mov	sp, r7
 2916              	.LCFI186:
 2917              		.cfi_def_cfa_register 13
 2918              		@ sp needed
 2919 0032 80BC     		pop	{r7}
 2920              	.LCFI187:
 2921              		.cfi_restore 7
 2922              		.cfi_def_cfa_offset 0
 2923 0034 7047     		bx	lr
 2924              		.cfi_endproc
 2925              	.LFE166:
 2927              		.section	.text.XSPI_ClrITAllPendingBit,"ax",%progbits
 2928              		.align	1
 2929              		.global	XSPI_ClrITAllPendingBit
 2930              		.syntax unified
 2931              		.thumb
 2932              		.thumb_func
 2934              	XSPI_ClrITAllPendingBit:
 2935              	.LFB167:
1760:../../../firmware/n32h7xx_std_periph_driver/src/n32h7xx_xspi_v2.c **** 
1761:../../../firmware/n32h7xx_std_periph_driver/src/n32h7xx_xspi_v2.c **** /**
1762:../../../firmware/n32h7xx_std_periph_driver/src/n32h7xx_xspi_v2.c **** *\*\name    XSPI_ClrITAllPendingBit.
1763:../../../firmware/n32h7xx_std_periph_driver/src/n32h7xx_xspi_v2.c **** *\*\fun     Clears the XSPI interrupt all pending bit.
1764:../../../firmware/n32h7xx_std_periph_driver/src/n32h7xx_xspi_v2.c **** *\*\param   XSPI_IT:
1765:../../../firmware/n32h7xx_std_periph_driver/src/n32h7xx_xspi_v2.c **** *\*\return  none.
1766:../../../firmware/n32h7xx_std_periph_driver/src/n32h7xx_xspi_v2.c **** **/
1767:../../../firmware/n32h7xx_std_periph_driver/src/n32h7xx_xspi_v2.c **** void XSPI_ClrITAllPendingBit(XSPI_Module* xSPIx)
1768:../../../firmware/n32h7xx_std_periph_driver/src/n32h7xx_xspi_v2.c **** {
 2936              		.loc 1 1768 1
 2937              		.cfi_startproc
 2938              		@ args = 0, pretend = 0, frame = 16
 2939              		@ frame_needed = 1, uses_anonymous_args = 0
 2940              		@ link register save eliminated.
 2941 0000 80B4     		push	{r7}
 2942              	.LCFI188:
 2943              		.cfi_def_cfa_offset 4
 2944              		.cfi_offset 7, -4
 2945 0002 85B0     		sub	sp, sp, #20
 2946              	.LCFI189:
 2947              		.cfi_def_cfa_offset 24
 2948 0004 00AF     		add	r7, sp, #0
 2949              	.LCFI190:
 2950              		.cfi_def_cfa_register 7
 2951 0006 7860     		str	r0, [r7, #4]
1769:../../../firmware/n32h7xx_std_periph_driver/src/n32h7xx_xspi_v2.c ****     __IO uint32_t dummy = 0;
 2952              		.loc 1 1769 19
 2953 0008 0023     		movs	r3, #0
 2954 000a FB60     		str	r3, [r7, #12]
1770:../../../firmware/n32h7xx_std_periph_driver/src/n32h7xx_xspi_v2.c **** 
1771:../../../firmware/n32h7xx_std_periph_driver/src/n32h7xx_xspi_v2.c ****     dummy = xSPIx->ICLR;
 2955              		.loc 1 1771 18
 2956 000c 7B68     		ldr	r3, [r7, #4]
 2957 000e 9B6C     		ldr	r3, [r3, #72]
 2958              		.loc 1 1771 11
 2959 0010 FB60     		str	r3, [r7, #12]
ARM GAS  /tmp/ccqjtRa8.s 			page 84


1772:../../../firmware/n32h7xx_std_periph_driver/src/n32h7xx_xspi_v2.c **** }
 2960              		.loc 1 1772 1
 2961 0012 00BF     		nop
 2962 0014 1437     		adds	r7, r7, #20
 2963              	.LCFI191:
 2964              		.cfi_def_cfa_offset 4
 2965 0016 BD46     		mov	sp, r7
 2966              	.LCFI192:
 2967              		.cfi_def_cfa_register 13
 2968              		@ sp needed
 2969 0018 80BC     		pop	{r7}
 2970              	.LCFI193:
 2971              		.cfi_restore 7
 2972              		.cfi_def_cfa_offset 0
 2973 001a 7047     		bx	lr
 2974              		.cfi_endproc
 2975              	.LFE167:
 2977              		.section	.text.XSPI_EnableDma,"ax",%progbits
 2978              		.align	1
 2979              		.global	XSPI_EnableDma
 2980              		.syntax unified
 2981              		.thumb
 2982              		.thumb_func
 2984              	XSPI_EnableDma:
 2985              	.LFB168:
1773:../../../firmware/n32h7xx_std_periph_driver/src/n32h7xx_xspi_v2.c **** 
1774:../../../firmware/n32h7xx_std_periph_driver/src/n32h7xx_xspi_v2.c **** 
1775:../../../firmware/n32h7xx_std_periph_driver/src/n32h7xx_xspi_v2.c **** 
1776:../../../firmware/n32h7xx_std_periph_driver/src/n32h7xx_xspi_v2.c **** /**
1777:../../../firmware/n32h7xx_std_periph_driver/src/n32h7xx_xspi_v2.c **** *\*\name    XSPI_EnableDma.
1778:../../../firmware/n32h7xx_std_periph_driver/src/n32h7xx_xspi_v2.c **** *\*\fun     Enables or disables the XSPI DMA interface.
1779:../../../firmware/n32h7xx_std_periph_driver/src/n32h7xx_xspi_v2.c **** *\*\param   xSPIx :
1780:../../../firmware/n32h7xx_std_periph_driver/src/n32h7xx_xspi_v2.c **** *\*\param   XSPI_DMAReq :
1781:../../../firmware/n32h7xx_std_periph_driver/src/n32h7xx_xspi_v2.c **** *\*\         - XSPI_DMA_TX
1782:../../../firmware/n32h7xx_std_periph_driver/src/n32h7xx_xspi_v2.c **** *\*\         - XSPI_DMA_RX
1783:../../../firmware/n32h7xx_std_periph_driver/src/n32h7xx_xspi_v2.c **** *\*\param   Cmd :
1784:../../../firmware/n32h7xx_std_periph_driver/src/n32h7xx_xspi_v2.c **** *\*\         - ENABLE
1785:../../../firmware/n32h7xx_std_periph_driver/src/n32h7xx_xspi_v2.c **** *\*\         - DISABLE
1786:../../../firmware/n32h7xx_std_periph_driver/src/n32h7xx_xspi_v2.c **** *\*\return  none
1787:../../../firmware/n32h7xx_std_periph_driver/src/n32h7xx_xspi_v2.c **** **/
1788:../../../firmware/n32h7xx_std_periph_driver/src/n32h7xx_xspi_v2.c **** void XSPI_EnableDma(XSPI_Module* xSPIx, uint16_t XSPI_DMAReq, FunctionalState Cmd)
1789:../../../firmware/n32h7xx_std_periph_driver/src/n32h7xx_xspi_v2.c **** {
 2986              		.loc 1 1789 1
 2987              		.cfi_startproc
 2988              		@ args = 0, pretend = 0, frame = 8
 2989              		@ frame_needed = 1, uses_anonymous_args = 0
 2990              		@ link register save eliminated.
 2991 0000 80B4     		push	{r7}
 2992              	.LCFI194:
 2993              		.cfi_def_cfa_offset 4
 2994              		.cfi_offset 7, -4
 2995 0002 83B0     		sub	sp, sp, #12
 2996              	.LCFI195:
 2997              		.cfi_def_cfa_offset 16
 2998 0004 00AF     		add	r7, sp, #0
 2999              	.LCFI196:
 3000              		.cfi_def_cfa_register 7
ARM GAS  /tmp/ccqjtRa8.s 			page 85


 3001 0006 7860     		str	r0, [r7, #4]
 3002 0008 0B46     		mov	r3, r1
 3003 000a 7B80     		strh	r3, [r7, #2]	@ movhi
 3004 000c 1346     		mov	r3, r2
 3005 000e 7B70     		strb	r3, [r7, #1]
1790:../../../firmware/n32h7xx_std_periph_driver/src/n32h7xx_xspi_v2.c ****     if (Cmd != DISABLE)
 3006              		.loc 1 1790 8
 3007 0010 7B78     		ldrb	r3, [r7, #1]	@ zero_extendqisi2
 3008 0012 002B     		cmp	r3, #0
 3009 0014 06D0     		beq	.L104
1791:../../../firmware/n32h7xx_std_periph_driver/src/n32h7xx_xspi_v2.c ****     {
1792:../../../firmware/n32h7xx_std_periph_driver/src/n32h7xx_xspi_v2.c ****         /* Enable the selected XSPI DMA requests */
1793:../../../firmware/n32h7xx_std_periph_driver/src/n32h7xx_xspi_v2.c ****         xSPIx->DMA_CTRL |= XSPI_DMAReq;
 3010              		.loc 1 1793 14
 3011 0016 7B68     		ldr	r3, [r7, #4]
 3012 0018 DA6C     		ldr	r2, [r3, #76]
 3013              		.loc 1 1793 25
 3014 001a 7B88     		ldrh	r3, [r7, #2]
 3015 001c 1A43     		orrs	r2, r2, r3
 3016 001e 7B68     		ldr	r3, [r7, #4]
 3017 0020 DA64     		str	r2, [r3, #76]
1794:../../../firmware/n32h7xx_std_periph_driver/src/n32h7xx_xspi_v2.c ****     }
1795:../../../firmware/n32h7xx_std_periph_driver/src/n32h7xx_xspi_v2.c ****     else
1796:../../../firmware/n32h7xx_std_periph_driver/src/n32h7xx_xspi_v2.c ****     {
1797:../../../firmware/n32h7xx_std_periph_driver/src/n32h7xx_xspi_v2.c ****         /* Disable the selected XSPI DMA requests */
1798:../../../firmware/n32h7xx_std_periph_driver/src/n32h7xx_xspi_v2.c ****         xSPIx->DMA_CTRL &= (uint16_t)~XSPI_DMAReq;
1799:../../../firmware/n32h7xx_std_periph_driver/src/n32h7xx_xspi_v2.c ****     }
1800:../../../firmware/n32h7xx_std_periph_driver/src/n32h7xx_xspi_v2.c **** }
 3018              		.loc 1 1800 1
 3019 0022 07E0     		b	.L106
 3020              	.L104:
1798:../../../firmware/n32h7xx_std_periph_driver/src/n32h7xx_xspi_v2.c ****     }
 3021              		.loc 1 1798 14
 3022 0024 7B68     		ldr	r3, [r7, #4]
 3023 0026 DB6C     		ldr	r3, [r3, #76]
1798:../../../firmware/n32h7xx_std_periph_driver/src/n32h7xx_xspi_v2.c ****     }
 3024              		.loc 1 1798 28
 3025 0028 7A88     		ldrh	r2, [r7, #2]	@ movhi
 3026 002a D243     		mvns	r2, r2
 3027 002c 92B2     		uxth	r2, r2
1798:../../../firmware/n32h7xx_std_periph_driver/src/n32h7xx_xspi_v2.c ****     }
 3028              		.loc 1 1798 25
 3029 002e 1A40     		ands	r2, r2, r3
 3030 0030 7B68     		ldr	r3, [r7, #4]
 3031 0032 DA64     		str	r2, [r3, #76]
 3032              	.L106:
 3033              		.loc 1 1800 1
 3034 0034 00BF     		nop
 3035 0036 0C37     		adds	r7, r7, #12
 3036              	.LCFI197:
 3037              		.cfi_def_cfa_offset 4
 3038 0038 BD46     		mov	sp, r7
 3039              	.LCFI198:
 3040              		.cfi_def_cfa_register 13
 3041              		@ sp needed
 3042 003a 80BC     		pop	{r7}
 3043              	.LCFI199:
ARM GAS  /tmp/ccqjtRa8.s 			page 86


 3044              		.cfi_restore 7
 3045              		.cfi_def_cfa_offset 0
 3046 003c 7047     		bx	lr
 3047              		.cfi_endproc
 3048              	.LFE168:
 3050              		.section	.text.XSPI_SetDMATxFIFOThreshold,"ax",%progbits
 3051              		.align	1
 3052              		.global	XSPI_SetDMATxFIFOThreshold
 3053              		.syntax unified
 3054              		.thumb
 3055              		.thumb_func
 3057              	XSPI_SetDMATxFIFOThreshold:
 3058              	.LFB169:
1801:../../../firmware/n32h7xx_std_periph_driver/src/n32h7xx_xspi_v2.c **** 
1802:../../../firmware/n32h7xx_std_periph_driver/src/n32h7xx_xspi_v2.c **** 
1803:../../../firmware/n32h7xx_std_periph_driver/src/n32h7xx_xspi_v2.c **** /**
1804:../../../firmware/n32h7xx_std_periph_driver/src/n32h7xx_xspi_v2.c **** *\*\name    XSPI_SetDMATxFIFOThreshold.
1805:../../../firmware/n32h7xx_std_periph_driver/src/n32h7xx_xspi_v2.c **** *\*\fun     Set DMA Tx FIFO Threshold
1806:../../../firmware/n32h7xx_std_periph_driver/src/n32h7xx_xspi_v2.c **** *\*\param   fifo_level:
1807:../../../firmware/n32h7xx_std_periph_driver/src/n32h7xx_xspi_v2.c **** *\*\          - XSPI_FIFO_THRESHOLD_LEVEL0
1808:../../../firmware/n32h7xx_std_periph_driver/src/n32h7xx_xspi_v2.c **** *\*\          - XSPI_FIFO_THRESHOLD_LEVEL1
1809:../../../firmware/n32h7xx_std_periph_driver/src/n32h7xx_xspi_v2.c **** *\*\          - XSPI_FIFO_THRESHOLD_LEVEL2
1810:../../../firmware/n32h7xx_std_periph_driver/src/n32h7xx_xspi_v2.c **** *\*\          - XSPI_FIFO_THRESHOLD_LEVEL3
1811:../../../firmware/n32h7xx_std_periph_driver/src/n32h7xx_xspi_v2.c **** *\*\          - XSPI_FIFO_THRESHOLD_LEVEL4
1812:../../../firmware/n32h7xx_std_periph_driver/src/n32h7xx_xspi_v2.c **** *\*\          - XSPI_FIFO_THRESHOLD_LEVEL5
1813:../../../firmware/n32h7xx_std_periph_driver/src/n32h7xx_xspi_v2.c **** *\*\          - XSPI_FIFO_THRESHOLD_LEVEL6
1814:../../../firmware/n32h7xx_std_periph_driver/src/n32h7xx_xspi_v2.c **** *\*\          - XSPI_FIFO_THRESHOLD_LEVEL7
1815:../../../firmware/n32h7xx_std_periph_driver/src/n32h7xx_xspi_v2.c **** *\*\          - XSPI_FIFO_THRESHOLD_LEVEL8
1816:../../../firmware/n32h7xx_std_periph_driver/src/n32h7xx_xspi_v2.c **** *\*\          - XSPI_FIFO_THRESHOLD_LEVEL9
1817:../../../firmware/n32h7xx_std_periph_driver/src/n32h7xx_xspi_v2.c **** *\*\          - XSPI_FIFO_THRESHOLD_LEVEL10
1818:../../../firmware/n32h7xx_std_periph_driver/src/n32h7xx_xspi_v2.c **** *\*\          - XSPI_FIFO_THRESHOLD_LEVEL11
1819:../../../firmware/n32h7xx_std_periph_driver/src/n32h7xx_xspi_v2.c **** *\*\          - XSPI_FIFO_THRESHOLD_LEVEL12
1820:../../../firmware/n32h7xx_std_periph_driver/src/n32h7xx_xspi_v2.c **** *\*\          - XSPI_FIFO_THRESHOLD_LEVEL13
1821:../../../firmware/n32h7xx_std_periph_driver/src/n32h7xx_xspi_v2.c **** *\*\          - XSPI_FIFO_THRESHOLD_LEVEL14
1822:../../../firmware/n32h7xx_std_periph_driver/src/n32h7xx_xspi_v2.c **** *\*\          - XSPI_FIFO_THRESHOLD_LEVEL15
1823:../../../firmware/n32h7xx_std_periph_driver/src/n32h7xx_xspi_v2.c **** *\*\return  none
1824:../../../firmware/n32h7xx_std_periph_driver/src/n32h7xx_xspi_v2.c **** **/
1825:../../../firmware/n32h7xx_std_periph_driver/src/n32h7xx_xspi_v2.c **** void XSPI_SetDMATxFIFOThreshold(XSPI_Module* xSPIx, uint32_t fifo_level)
1826:../../../firmware/n32h7xx_std_periph_driver/src/n32h7xx_xspi_v2.c **** {
 3059              		.loc 1 1826 1
 3060              		.cfi_startproc
 3061              		@ args = 0, pretend = 0, frame = 8
 3062              		@ frame_needed = 1, uses_anonymous_args = 0
 3063              		@ link register save eliminated.
 3064 0000 80B4     		push	{r7}
 3065              	.LCFI200:
 3066              		.cfi_def_cfa_offset 4
 3067              		.cfi_offset 7, -4
 3068 0002 83B0     		sub	sp, sp, #12
 3069              	.LCFI201:
 3070              		.cfi_def_cfa_offset 16
 3071 0004 00AF     		add	r7, sp, #0
 3072              	.LCFI202:
 3073              		.cfi_def_cfa_register 7
 3074 0006 7860     		str	r0, [r7, #4]
 3075 0008 3960     		str	r1, [r7]
1827:../../../firmware/n32h7xx_std_periph_driver/src/n32h7xx_xspi_v2.c ****     xSPIx->DMATDL_CTRL = fifo_level;
ARM GAS  /tmp/ccqjtRa8.s 			page 87


 3076              		.loc 1 1827 24
 3077 000a 7B68     		ldr	r3, [r7, #4]
 3078 000c 3A68     		ldr	r2, [r7]
 3079 000e 1A65     		str	r2, [r3, #80]
1828:../../../firmware/n32h7xx_std_periph_driver/src/n32h7xx_xspi_v2.c **** }
 3080              		.loc 1 1828 1
 3081 0010 00BF     		nop
 3082 0012 0C37     		adds	r7, r7, #12
 3083              	.LCFI203:
 3084              		.cfi_def_cfa_offset 4
 3085 0014 BD46     		mov	sp, r7
 3086              	.LCFI204:
 3087              		.cfi_def_cfa_register 13
 3088              		@ sp needed
 3089 0016 80BC     		pop	{r7}
 3090              	.LCFI205:
 3091              		.cfi_restore 7
 3092              		.cfi_def_cfa_offset 0
 3093 0018 7047     		bx	lr
 3094              		.cfi_endproc
 3095              	.LFE169:
 3097              		.section	.text.XSPI_GetDMATxFIFOThreshold,"ax",%progbits
 3098              		.align	1
 3099              		.global	XSPI_GetDMATxFIFOThreshold
 3100              		.syntax unified
 3101              		.thumb
 3102              		.thumb_func
 3104              	XSPI_GetDMATxFIFOThreshold:
 3105              	.LFB170:
1829:../../../firmware/n32h7xx_std_periph_driver/src/n32h7xx_xspi_v2.c **** 
1830:../../../firmware/n32h7xx_std_periph_driver/src/n32h7xx_xspi_v2.c **** 
1831:../../../firmware/n32h7xx_std_periph_driver/src/n32h7xx_xspi_v2.c **** /**
1832:../../../firmware/n32h7xx_std_periph_driver/src/n32h7xx_xspi_v2.c **** *\*\name    XSPI_GetDMATxFIFOThreshold.
1833:../../../firmware/n32h7xx_std_periph_driver/src/n32h7xx_xspi_v2.c **** *\*\fun     Get DMA Tx FIFO Threshold
1834:../../../firmware/n32h7xx_std_periph_driver/src/n32h7xx_xspi_v2.c **** *\*\param   fifo_level:
1835:../../../firmware/n32h7xx_std_periph_driver/src/n32h7xx_xspi_v2.c **** *\*\return  DMA Tx FIFO Threshold
1836:../../../firmware/n32h7xx_std_periph_driver/src/n32h7xx_xspi_v2.c **** **/
1837:../../../firmware/n32h7xx_std_periph_driver/src/n32h7xx_xspi_v2.c **** uint16_t XSPI_GetDMATxFIFOThreshold(XSPI_Module* xSPIx)
1838:../../../firmware/n32h7xx_std_periph_driver/src/n32h7xx_xspi_v2.c **** {
 3106              		.loc 1 1838 1
 3107              		.cfi_startproc
 3108              		@ args = 0, pretend = 0, frame = 8
 3109              		@ frame_needed = 1, uses_anonymous_args = 0
 3110              		@ link register save eliminated.
 3111 0000 80B4     		push	{r7}
 3112              	.LCFI206:
 3113              		.cfi_def_cfa_offset 4
 3114              		.cfi_offset 7, -4
 3115 0002 83B0     		sub	sp, sp, #12
 3116              	.LCFI207:
 3117              		.cfi_def_cfa_offset 16
 3118 0004 00AF     		add	r7, sp, #0
 3119              	.LCFI208:
 3120              		.cfi_def_cfa_register 7
 3121 0006 7860     		str	r0, [r7, #4]
1839:../../../firmware/n32h7xx_std_periph_driver/src/n32h7xx_xspi_v2.c ****     return ((uint16_t)(xSPIx->DMATDL_CTRL & XSPI_V2_DMATDL_CTRL_DMATDL));
 3122              		.loc 1 1839 29
ARM GAS  /tmp/ccqjtRa8.s 			page 88


 3123 0008 7B68     		ldr	r3, [r7, #4]
 3124 000a 1B6D     		ldr	r3, [r3, #80]
 3125              		.loc 1 1839 13
 3126 000c 9BB2     		uxth	r3, r3
 3127 000e 03F01F03 		and	r3, r3, #31
 3128 0012 9BB2     		uxth	r3, r3
1840:../../../firmware/n32h7xx_std_periph_driver/src/n32h7xx_xspi_v2.c **** }
 3129              		.loc 1 1840 1
 3130 0014 1846     		mov	r0, r3
 3131 0016 0C37     		adds	r7, r7, #12
 3132              	.LCFI209:
 3133              		.cfi_def_cfa_offset 4
 3134 0018 BD46     		mov	sp, r7
 3135              	.LCFI210:
 3136              		.cfi_def_cfa_register 13
 3137              		@ sp needed
 3138 001a 80BC     		pop	{r7}
 3139              	.LCFI211:
 3140              		.cfi_restore 7
 3141              		.cfi_def_cfa_offset 0
 3142 001c 7047     		bx	lr
 3143              		.cfi_endproc
 3144              	.LFE170:
 3146              		.section	.text.XSPI_SetDMARxFIFOThreshold,"ax",%progbits
 3147              		.align	1
 3148              		.global	XSPI_SetDMARxFIFOThreshold
 3149              		.syntax unified
 3150              		.thumb
 3151              		.thumb_func
 3153              	XSPI_SetDMARxFIFOThreshold:
 3154              	.LFB171:
1841:../../../firmware/n32h7xx_std_periph_driver/src/n32h7xx_xspi_v2.c **** 
1842:../../../firmware/n32h7xx_std_periph_driver/src/n32h7xx_xspi_v2.c **** 
1843:../../../firmware/n32h7xx_std_periph_driver/src/n32h7xx_xspi_v2.c **** /**
1844:../../../firmware/n32h7xx_std_periph_driver/src/n32h7xx_xspi_v2.c **** *\*\name    XSPI_SetDMARxFIFOThreshold.
1845:../../../firmware/n32h7xx_std_periph_driver/src/n32h7xx_xspi_v2.c **** *\*\fun     Set DMA Rx FIFO Threshold
1846:../../../firmware/n32h7xx_std_periph_driver/src/n32h7xx_xspi_v2.c **** *\*\not     dma_rx_req is generated when the number of valid data entries in the receive FIFO is eq
1847:../../../firmware/n32h7xx_std_periph_driver/src/n32h7xx_xspi_v2.c **** *\*\param   fifo_level:
1848:../../../firmware/n32h7xx_std_periph_driver/src/n32h7xx_xspi_v2.c **** *\*\          - XSPI_FIFO_THRESHOLD_LEVEL0
1849:../../../firmware/n32h7xx_std_periph_driver/src/n32h7xx_xspi_v2.c **** *\*\          - XSPI_FIFO_THRESHOLD_LEVEL1
1850:../../../firmware/n32h7xx_std_periph_driver/src/n32h7xx_xspi_v2.c **** *\*\          - XSPI_FIFO_THRESHOLD_LEVEL2
1851:../../../firmware/n32h7xx_std_periph_driver/src/n32h7xx_xspi_v2.c **** *\*\          - XSPI_FIFO_THRESHOLD_LEVEL3
1852:../../../firmware/n32h7xx_std_periph_driver/src/n32h7xx_xspi_v2.c **** *\*\          - XSPI_FIFO_THRESHOLD_LEVEL4
1853:../../../firmware/n32h7xx_std_periph_driver/src/n32h7xx_xspi_v2.c **** *\*\          - XSPI_FIFO_THRESHOLD_LEVEL5
1854:../../../firmware/n32h7xx_std_periph_driver/src/n32h7xx_xspi_v2.c **** *\*\          - XSPI_FIFO_THRESHOLD_LEVEL6
1855:../../../firmware/n32h7xx_std_periph_driver/src/n32h7xx_xspi_v2.c **** *\*\          - XSPI_FIFO_THRESHOLD_LEVEL7
1856:../../../firmware/n32h7xx_std_periph_driver/src/n32h7xx_xspi_v2.c **** *\*\          - XSPI_FIFO_THRESHOLD_LEVEL8
1857:../../../firmware/n32h7xx_std_periph_driver/src/n32h7xx_xspi_v2.c **** *\*\          - XSPI_FIFO_THRESHOLD_LEVEL9
1858:../../../firmware/n32h7xx_std_periph_driver/src/n32h7xx_xspi_v2.c **** *\*\          - XSPI_FIFO_THRESHOLD_LEVEL10
1859:../../../firmware/n32h7xx_std_periph_driver/src/n32h7xx_xspi_v2.c **** *\*\          - XSPI_FIFO_THRESHOLD_LEVEL11
1860:../../../firmware/n32h7xx_std_periph_driver/src/n32h7xx_xspi_v2.c **** *\*\          - XSPI_FIFO_THRESHOLD_LEVEL12
1861:../../../firmware/n32h7xx_std_periph_driver/src/n32h7xx_xspi_v2.c **** *\*\          - XSPI_FIFO_THRESHOLD_LEVEL13
1862:../../../firmware/n32h7xx_std_periph_driver/src/n32h7xx_xspi_v2.c **** *\*\          - XSPI_FIFO_THRESHOLD_LEVEL14
1863:../../../firmware/n32h7xx_std_periph_driver/src/n32h7xx_xspi_v2.c **** *\*\          - XSPI_FIFO_THRESHOLD_LEVEL15
1864:../../../firmware/n32h7xx_std_periph_driver/src/n32h7xx_xspi_v2.c **** *\*\return  none
1865:../../../firmware/n32h7xx_std_periph_driver/src/n32h7xx_xspi_v2.c **** **/
1866:../../../firmware/n32h7xx_std_periph_driver/src/n32h7xx_xspi_v2.c **** void XSPI_SetDMARxFIFOThreshold(XSPI_Module* xSPIx, uint32_t fifo_level)
ARM GAS  /tmp/ccqjtRa8.s 			page 89


1867:../../../firmware/n32h7xx_std_periph_driver/src/n32h7xx_xspi_v2.c **** {
 3155              		.loc 1 1867 1
 3156              		.cfi_startproc
 3157              		@ args = 0, pretend = 0, frame = 8
 3158              		@ frame_needed = 1, uses_anonymous_args = 0
 3159              		@ link register save eliminated.
 3160 0000 80B4     		push	{r7}
 3161              	.LCFI212:
 3162              		.cfi_def_cfa_offset 4
 3163              		.cfi_offset 7, -4
 3164 0002 83B0     		sub	sp, sp, #12
 3165              	.LCFI213:
 3166              		.cfi_def_cfa_offset 16
 3167 0004 00AF     		add	r7, sp, #0
 3168              	.LCFI214:
 3169              		.cfi_def_cfa_register 7
 3170 0006 7860     		str	r0, [r7, #4]
 3171 0008 3960     		str	r1, [r7]
1868:../../../firmware/n32h7xx_std_periph_driver/src/n32h7xx_xspi_v2.c ****     xSPIx->DMARDL_CTRL = fifo_level;
 3172              		.loc 1 1868 24
 3173 000a 7B68     		ldr	r3, [r7, #4]
 3174 000c 3A68     		ldr	r2, [r7]
 3175 000e 5A65     		str	r2, [r3, #84]
1869:../../../firmware/n32h7xx_std_periph_driver/src/n32h7xx_xspi_v2.c **** }
 3176              		.loc 1 1869 1
 3177 0010 00BF     		nop
 3178 0012 0C37     		adds	r7, r7, #12
 3179              	.LCFI215:
 3180              		.cfi_def_cfa_offset 4
 3181 0014 BD46     		mov	sp, r7
 3182              	.LCFI216:
 3183              		.cfi_def_cfa_register 13
 3184              		@ sp needed
 3185 0016 80BC     		pop	{r7}
 3186              	.LCFI217:
 3187              		.cfi_restore 7
 3188              		.cfi_def_cfa_offset 0
 3189 0018 7047     		bx	lr
 3190              		.cfi_endproc
 3191              	.LFE171:
 3193              		.section	.text.XSPI_GetDMARxFIFOThreshold,"ax",%progbits
 3194              		.align	1
 3195              		.global	XSPI_GetDMARxFIFOThreshold
 3196              		.syntax unified
 3197              		.thumb
 3198              		.thumb_func
 3200              	XSPI_GetDMARxFIFOThreshold:
 3201              	.LFB172:
1870:../../../firmware/n32h7xx_std_periph_driver/src/n32h7xx_xspi_v2.c **** 
1871:../../../firmware/n32h7xx_std_periph_driver/src/n32h7xx_xspi_v2.c **** 
1872:../../../firmware/n32h7xx_std_periph_driver/src/n32h7xx_xspi_v2.c **** /**
1873:../../../firmware/n32h7xx_std_periph_driver/src/n32h7xx_xspi_v2.c **** *\*\name    XSPI_GetDMARxFIFOThreshold.
1874:../../../firmware/n32h7xx_std_periph_driver/src/n32h7xx_xspi_v2.c **** *\*\fun     Get DMA Rx FIFO Threshold
1875:../../../firmware/n32h7xx_std_periph_driver/src/n32h7xx_xspi_v2.c **** *\*\param   fifo_level:
1876:../../../firmware/n32h7xx_std_periph_driver/src/n32h7xx_xspi_v2.c **** *\*\return  DMA Rx FIFO Threshold
1877:../../../firmware/n32h7xx_std_periph_driver/src/n32h7xx_xspi_v2.c **** **/
1878:../../../firmware/n32h7xx_std_periph_driver/src/n32h7xx_xspi_v2.c **** uint16_t XSPI_GetDMARxFIFOThreshold(XSPI_Module* xSPIx)
ARM GAS  /tmp/ccqjtRa8.s 			page 90


1879:../../../firmware/n32h7xx_std_periph_driver/src/n32h7xx_xspi_v2.c **** {
 3202              		.loc 1 1879 1
 3203              		.cfi_startproc
 3204              		@ args = 0, pretend = 0, frame = 8
 3205              		@ frame_needed = 1, uses_anonymous_args = 0
 3206              		@ link register save eliminated.
 3207 0000 80B4     		push	{r7}
 3208              	.LCFI218:
 3209              		.cfi_def_cfa_offset 4
 3210              		.cfi_offset 7, -4
 3211 0002 83B0     		sub	sp, sp, #12
 3212              	.LCFI219:
 3213              		.cfi_def_cfa_offset 16
 3214 0004 00AF     		add	r7, sp, #0
 3215              	.LCFI220:
 3216              		.cfi_def_cfa_register 7
 3217 0006 7860     		str	r0, [r7, #4]
1880:../../../firmware/n32h7xx_std_periph_driver/src/n32h7xx_xspi_v2.c ****     return ((uint16_t)(xSPIx->DMARDL_CTRL & XSPI_V2_DMARDL_CTRL_DMARDL));
 3218              		.loc 1 1880 29
 3219 0008 7B68     		ldr	r3, [r7, #4]
 3220 000a 5B6D     		ldr	r3, [r3, #84]
 3221              		.loc 1 1880 13
 3222 000c 9BB2     		uxth	r3, r3
 3223 000e 03F01F03 		and	r3, r3, #31
 3224 0012 9BB2     		uxth	r3, r3
1881:../../../firmware/n32h7xx_std_periph_driver/src/n32h7xx_xspi_v2.c **** }
 3225              		.loc 1 1881 1
 3226 0014 1846     		mov	r0, r3
 3227 0016 0C37     		adds	r7, r7, #12
 3228              	.LCFI221:
 3229              		.cfi_def_cfa_offset 4
 3230 0018 BD46     		mov	sp, r7
 3231              	.LCFI222:
 3232              		.cfi_def_cfa_register 13
 3233              		@ sp needed
 3234 001a 80BC     		pop	{r7}
 3235              	.LCFI223:
 3236              		.cfi_restore 7
 3237              		.cfi_def_cfa_offset 0
 3238 001c 7047     		bx	lr
 3239              		.cfi_endproc
 3240              	.LFE172:
 3242              		.section	.text.XSPI_GetIdentification,"ax",%progbits
 3243              		.align	1
 3244              		.global	XSPI_GetIdentification
 3245              		.syntax unified
 3246              		.thumb
 3247              		.thumb_func
 3249              	XSPI_GetIdentification:
 3250              	.LFB173:
1882:../../../firmware/n32h7xx_std_periph_driver/src/n32h7xx_xspi_v2.c **** 
1883:../../../firmware/n32h7xx_std_periph_driver/src/n32h7xx_xspi_v2.c **** 
1884:../../../firmware/n32h7xx_std_periph_driver/src/n32h7xx_xspi_v2.c **** /**
1885:../../../firmware/n32h7xx_std_periph_driver/src/n32h7xx_xspi_v2.c **** *\*\name    XSPI_GetIdentification.
1886:../../../firmware/n32h7xx_std_periph_driver/src/n32h7xx_xspi_v2.c **** *\*\fun     Get Identification code
1887:../../../firmware/n32h7xx_std_periph_driver/src/n32h7xx_xspi_v2.c **** *\*\param   fifo_level:
1888:../../../firmware/n32h7xx_std_periph_driver/src/n32h7xx_xspi_v2.c **** *\*\return  Identification code
ARM GAS  /tmp/ccqjtRa8.s 			page 91


1889:../../../firmware/n32h7xx_std_periph_driver/src/n32h7xx_xspi_v2.c **** **/
1890:../../../firmware/n32h7xx_std_periph_driver/src/n32h7xx_xspi_v2.c **** uint32_t XSPI_GetIdentification(XSPI_Module* xSPIx)
1891:../../../firmware/n32h7xx_std_periph_driver/src/n32h7xx_xspi_v2.c **** {
 3251              		.loc 1 1891 1
 3252              		.cfi_startproc
 3253              		@ args = 0, pretend = 0, frame = 8
 3254              		@ frame_needed = 1, uses_anonymous_args = 0
 3255              		@ link register save eliminated.
 3256 0000 80B4     		push	{r7}
 3257              	.LCFI224:
 3258              		.cfi_def_cfa_offset 4
 3259              		.cfi_offset 7, -4
 3260 0002 83B0     		sub	sp, sp, #12
 3261              	.LCFI225:
 3262              		.cfi_def_cfa_offset 16
 3263 0004 00AF     		add	r7, sp, #0
 3264              	.LCFI226:
 3265              		.cfi_def_cfa_register 7
 3266 0006 7860     		str	r0, [r7, #4]
1892:../../../firmware/n32h7xx_std_periph_driver/src/n32h7xx_xspi_v2.c ****     return xSPIx->IDR;
 3267              		.loc 1 1892 17
 3268 0008 7B68     		ldr	r3, [r7, #4]
 3269 000a 9B6D     		ldr	r3, [r3, #88]
1893:../../../firmware/n32h7xx_std_periph_driver/src/n32h7xx_xspi_v2.c **** }
 3270              		.loc 1 1893 1
 3271 000c 1846     		mov	r0, r3
 3272 000e 0C37     		adds	r7, r7, #12
 3273              	.LCFI227:
 3274              		.cfi_def_cfa_offset 4
 3275 0010 BD46     		mov	sp, r7
 3276              	.LCFI228:
 3277              		.cfi_def_cfa_register 13
 3278              		@ sp needed
 3279 0012 80BC     		pop	{r7}
 3280              	.LCFI229:
 3281              		.cfi_restore 7
 3282              		.cfi_def_cfa_offset 0
 3283 0014 7047     		bx	lr
 3284              		.cfi_endproc
 3285              	.LFE173:
 3287              		.section	.text.XSPI_GetComponentVersion,"ax",%progbits
 3288              		.align	1
 3289              		.global	XSPI_GetComponentVersion
 3290              		.syntax unified
 3291              		.thumb
 3292              		.thumb_func
 3294              	XSPI_GetComponentVersion:
 3295              	.LFB174:
1894:../../../firmware/n32h7xx_std_periph_driver/src/n32h7xx_xspi_v2.c **** 
1895:../../../firmware/n32h7xx_std_periph_driver/src/n32h7xx_xspi_v2.c **** /**
1896:../../../firmware/n32h7xx_std_periph_driver/src/n32h7xx_xspi_v2.c **** *\*\name    XSPI_GetComponentVersion.
1897:../../../firmware/n32h7xx_std_periph_driver/src/n32h7xx_xspi_v2.c **** *\*\fun     Get component version
1898:../../../firmware/n32h7xx_std_periph_driver/src/n32h7xx_xspi_v2.c **** *\*\param   fifo_level:
1899:../../../firmware/n32h7xx_std_periph_driver/src/n32h7xx_xspi_v2.c **** *\*\return  component version
1900:../../../firmware/n32h7xx_std_periph_driver/src/n32h7xx_xspi_v2.c **** **/
1901:../../../firmware/n32h7xx_std_periph_driver/src/n32h7xx_xspi_v2.c **** uint32_t XSPI_GetComponentVersion(XSPI_Module* xSPIx)
1902:../../../firmware/n32h7xx_std_periph_driver/src/n32h7xx_xspi_v2.c **** {
ARM GAS  /tmp/ccqjtRa8.s 			page 92


 3296              		.loc 1 1902 1
 3297              		.cfi_startproc
 3298              		@ args = 0, pretend = 0, frame = 8
 3299              		@ frame_needed = 1, uses_anonymous_args = 0
 3300              		@ link register save eliminated.
 3301 0000 80B4     		push	{r7}
 3302              	.LCFI230:
 3303              		.cfi_def_cfa_offset 4
 3304              		.cfi_offset 7, -4
 3305 0002 83B0     		sub	sp, sp, #12
 3306              	.LCFI231:
 3307              		.cfi_def_cfa_offset 16
 3308 0004 00AF     		add	r7, sp, #0
 3309              	.LCFI232:
 3310              		.cfi_def_cfa_register 7
 3311 0006 7860     		str	r0, [r7, #4]
1903:../../../firmware/n32h7xx_std_periph_driver/src/n32h7xx_xspi_v2.c ****     return xSPIx->VERSION_ID;
 3312              		.loc 1 1903 17
 3313 0008 7B68     		ldr	r3, [r7, #4]
 3314 000a DB6D     		ldr	r3, [r3, #92]
1904:../../../firmware/n32h7xx_std_periph_driver/src/n32h7xx_xspi_v2.c **** }
 3315              		.loc 1 1904 1
 3316 000c 1846     		mov	r0, r3
 3317 000e 0C37     		adds	r7, r7, #12
 3318              	.LCFI233:
 3319              		.cfi_def_cfa_offset 4
 3320 0010 BD46     		mov	sp, r7
 3321              	.LCFI234:
 3322              		.cfi_def_cfa_register 13
 3323              		@ sp needed
 3324 0012 80BC     		pop	{r7}
 3325              	.LCFI235:
 3326              		.cfi_restore 7
 3327              		.cfi_def_cfa_offset 0
 3328 0014 7047     		bx	lr
 3329              		.cfi_endproc
 3330              	.LFE174:
 3332              		.section	.text.XSPI_SetXIPModeBit,"ax",%progbits
 3333              		.align	1
 3334              		.global	XSPI_SetXIPModeBit
 3335              		.syntax unified
 3336              		.thumb
 3337              		.thumb_func
 3339              	XSPI_SetXIPModeBit:
 3340              	.LFB175:
1905:../../../firmware/n32h7xx_std_periph_driver/src/n32h7xx_xspi_v2.c **** 
1906:../../../firmware/n32h7xx_std_periph_driver/src/n32h7xx_xspi_v2.c **** 
1907:../../../firmware/n32h7xx_std_periph_driver/src/n32h7xx_xspi_v2.c **** 
1908:../../../firmware/n32h7xx_std_periph_driver/src/n32h7xx_xspi_v2.c **** /**
1909:../../../firmware/n32h7xx_std_periph_driver/src/n32h7xx_xspi_v2.c **** *\*\name    XSPI_SetXIPModeBit.
1910:../../../firmware/n32h7xx_std_periph_driver/src/n32h7xx_xspi_v2.c **** *\*\fun     Set XIP mode bits to be sent after address phase of XIP transfer
1911:../../../firmware/n32h7xx_std_periph_driver/src/n32h7xx_xspi_v2.c **** *\*\param   mode_bit:  0x0000 ~ 0xFFFF
1912:../../../firmware/n32h7xx_std_periph_driver/src/n32h7xx_xspi_v2.c **** *\*\return  none
1913:../../../firmware/n32h7xx_std_periph_driver/src/n32h7xx_xspi_v2.c **** **/
1914:../../../firmware/n32h7xx_std_periph_driver/src/n32h7xx_xspi_v2.c **** void XSPI_SetXIPModeBit(XSPI_Module* xSPIx, uint16_t mode_bit)
1915:../../../firmware/n32h7xx_std_periph_driver/src/n32h7xx_xspi_v2.c **** {
 3341              		.loc 1 1915 1
ARM GAS  /tmp/ccqjtRa8.s 			page 93


 3342              		.cfi_startproc
 3343              		@ args = 0, pretend = 0, frame = 8
 3344              		@ frame_needed = 1, uses_anonymous_args = 0
 3345              		@ link register save eliminated.
 3346 0000 80B4     		push	{r7}
 3347              	.LCFI236:
 3348              		.cfi_def_cfa_offset 4
 3349              		.cfi_offset 7, -4
 3350 0002 83B0     		sub	sp, sp, #12
 3351              	.LCFI237:
 3352              		.cfi_def_cfa_offset 16
 3353 0004 00AF     		add	r7, sp, #0
 3354              	.LCFI238:
 3355              		.cfi_def_cfa_register 7
 3356 0006 7860     		str	r0, [r7, #4]
 3357 0008 0B46     		mov	r3, r1
 3358 000a 7B80     		strh	r3, [r7, #2]	@ movhi
1916:../../../firmware/n32h7xx_std_periph_driver/src/n32h7xx_xspi_v2.c ****     xSPIx->XIP_MODE = ((uint32_t)mode_bit);
 3359              		.loc 1 1916 24
 3360 000c 7A88     		ldrh	r2, [r7, #2]
 3361              		.loc 1 1916 21
 3362 000e 7B68     		ldr	r3, [r7, #4]
 3363 0010 C3F8FC20 		str	r2, [r3, #252]
1917:../../../firmware/n32h7xx_std_periph_driver/src/n32h7xx_xspi_v2.c **** }
 3364              		.loc 1 1917 1
 3365 0014 00BF     		nop
 3366 0016 0C37     		adds	r7, r7, #12
 3367              	.LCFI239:
 3368              		.cfi_def_cfa_offset 4
 3369 0018 BD46     		mov	sp, r7
 3370              	.LCFI240:
 3371              		.cfi_def_cfa_register 13
 3372              		@ sp needed
 3373 001a 80BC     		pop	{r7}
 3374              	.LCFI241:
 3375              		.cfi_restore 7
 3376              		.cfi_def_cfa_offset 0
 3377 001c 7047     		bx	lr
 3378              		.cfi_endproc
 3379              	.LFE175:
 3381              		.section	.text.XSPI_SetXIPReadIncrOpcode,"ax",%progbits
 3382              		.align	1
 3383              		.global	XSPI_SetXIPReadIncrOpcode
 3384              		.syntax unified
 3385              		.thumb
 3386              		.thumb_func
 3388              	XSPI_SetXIPReadIncrOpcode:
 3389              	.LFB176:
1918:../../../firmware/n32h7xx_std_periph_driver/src/n32h7xx_xspi_v2.c **** 
1919:../../../firmware/n32h7xx_std_periph_driver/src/n32h7xx_xspi_v2.c **** 
1920:../../../firmware/n32h7xx_std_periph_driver/src/n32h7xx_xspi_v2.c **** 
1921:../../../firmware/n32h7xx_std_periph_driver/src/n32h7xx_xspi_v2.c **** /**
1922:../../../firmware/n32h7xx_std_periph_driver/src/n32h7xx_xspi_v2.c **** *\*\name    XSPI_SetXIPReadIncrOpcode.
1923:../../../firmware/n32h7xx_std_periph_driver/src/n32h7xx_xspi_v2.c **** *\*\fun     Set instruction op-code to be sent when an INCR type transfer is requested on AHB bus.
1924:../../../firmware/n32h7xx_std_periph_driver/src/n32h7xx_xspi_v2.c **** *\*\param   opcode:  0x0000 ~ 0xFFFF
1925:../../../firmware/n32h7xx_std_periph_driver/src/n32h7xx_xspi_v2.c **** *\*\note    The effective length of the op-code is configured by XIP_CTRL.INSTL[1:0]
1926:../../../firmware/n32h7xx_std_periph_driver/src/n32h7xx_xspi_v2.c **** *\*\return  none
ARM GAS  /tmp/ccqjtRa8.s 			page 94


1927:../../../firmware/n32h7xx_std_periph_driver/src/n32h7xx_xspi_v2.c **** **/
1928:../../../firmware/n32h7xx_std_periph_driver/src/n32h7xx_xspi_v2.c **** void XSPI_SetXIPReadIncrOpcode(XSPI_Module* xSPIx, uint16_t opcode)
1929:../../../firmware/n32h7xx_std_periph_driver/src/n32h7xx_xspi_v2.c **** {
 3390              		.loc 1 1929 1
 3391              		.cfi_startproc
 3392              		@ args = 0, pretend = 0, frame = 8
 3393              		@ frame_needed = 1, uses_anonymous_args = 0
 3394              		@ link register save eliminated.
 3395 0000 80B4     		push	{r7}
 3396              	.LCFI242:
 3397              		.cfi_def_cfa_offset 4
 3398              		.cfi_offset 7, -4
 3399 0002 83B0     		sub	sp, sp, #12
 3400              	.LCFI243:
 3401              		.cfi_def_cfa_offset 16
 3402 0004 00AF     		add	r7, sp, #0
 3403              	.LCFI244:
 3404              		.cfi_def_cfa_register 7
 3405 0006 7860     		str	r0, [r7, #4]
 3406 0008 0B46     		mov	r3, r1
 3407 000a 7B80     		strh	r3, [r7, #2]	@ movhi
1930:../../../firmware/n32h7xx_std_periph_driver/src/n32h7xx_xspi_v2.c ****     xSPIx->XIP_INCR_TOC = ((uint32_t)opcode);
 3408              		.loc 1 1930 28
 3409 000c 7A88     		ldrh	r2, [r7, #2]
 3410              		.loc 1 1930 25
 3411 000e 7B68     		ldr	r3, [r7, #4]
 3412 0010 C3F80021 		str	r2, [r3, #256]
1931:../../../firmware/n32h7xx_std_periph_driver/src/n32h7xx_xspi_v2.c **** }
 3413              		.loc 1 1931 1
 3414 0014 00BF     		nop
 3415 0016 0C37     		adds	r7, r7, #12
 3416              	.LCFI245:
 3417              		.cfi_def_cfa_offset 4
 3418 0018 BD46     		mov	sp, r7
 3419              	.LCFI246:
 3420              		.cfi_def_cfa_register 13
 3421              		@ sp needed
 3422 001a 80BC     		pop	{r7}
 3423              	.LCFI247:
 3424              		.cfi_restore 7
 3425              		.cfi_def_cfa_offset 0
 3426 001c 7047     		bx	lr
 3427              		.cfi_endproc
 3428              	.LFE176:
 3430              		.section	.text.XSPI_SetXIPReadWrapOpcode,"ax",%progbits
 3431              		.align	1
 3432              		.global	XSPI_SetXIPReadWrapOpcode
 3433              		.syntax unified
 3434              		.thumb
 3435              		.thumb_func
 3437              	XSPI_SetXIPReadWrapOpcode:
 3438              	.LFB177:
1932:../../../firmware/n32h7xx_std_periph_driver/src/n32h7xx_xspi_v2.c **** 
1933:../../../firmware/n32h7xx_std_periph_driver/src/n32h7xx_xspi_v2.c **** 
1934:../../../firmware/n32h7xx_std_periph_driver/src/n32h7xx_xspi_v2.c **** /**
1935:../../../firmware/n32h7xx_std_periph_driver/src/n32h7xx_xspi_v2.c **** *\*\name    XSPI_SetXIPReadWrapOpcode.
1936:../../../firmware/n32h7xx_std_periph_driver/src/n32h7xx_xspi_v2.c **** *\*\fun     Set instruction op-code to be sent when an WRAP type transfer is requested on AHB bus.
ARM GAS  /tmp/ccqjtRa8.s 			page 95


1937:../../../firmware/n32h7xx_std_periph_driver/src/n32h7xx_xspi_v2.c **** *\*\param   opcode:  0x0000 ~ 0xFFFF
1938:../../../firmware/n32h7xx_std_periph_driver/src/n32h7xx_xspi_v2.c **** *\*\note    The effective length of the op-code is configured by XIP_CTRL.INSTL[1:0]
1939:../../../firmware/n32h7xx_std_periph_driver/src/n32h7xx_xspi_v2.c **** *\*\return  none
1940:../../../firmware/n32h7xx_std_periph_driver/src/n32h7xx_xspi_v2.c **** **/
1941:../../../firmware/n32h7xx_std_periph_driver/src/n32h7xx_xspi_v2.c **** void XSPI_SetXIPReadWrapOpcode(XSPI_Module* xSPIx, uint16_t opcode)
1942:../../../firmware/n32h7xx_std_periph_driver/src/n32h7xx_xspi_v2.c **** {
 3439              		.loc 1 1942 1
 3440              		.cfi_startproc
 3441              		@ args = 0, pretend = 0, frame = 8
 3442              		@ frame_needed = 1, uses_anonymous_args = 0
 3443              		@ link register save eliminated.
 3444 0000 80B4     		push	{r7}
 3445              	.LCFI248:
 3446              		.cfi_def_cfa_offset 4
 3447              		.cfi_offset 7, -4
 3448 0002 83B0     		sub	sp, sp, #12
 3449              	.LCFI249:
 3450              		.cfi_def_cfa_offset 16
 3451 0004 00AF     		add	r7, sp, #0
 3452              	.LCFI250:
 3453              		.cfi_def_cfa_register 7
 3454 0006 7860     		str	r0, [r7, #4]
 3455 0008 0B46     		mov	r3, r1
 3456 000a 7B80     		strh	r3, [r7, #2]	@ movhi
1943:../../../firmware/n32h7xx_std_periph_driver/src/n32h7xx_xspi_v2.c ****     xSPIx->XIP_WRAP_TOC = ((uint32_t)opcode);
 3457              		.loc 1 1943 28
 3458 000c 7A88     		ldrh	r2, [r7, #2]
 3459              		.loc 1 1943 25
 3460 000e 7B68     		ldr	r3, [r7, #4]
 3461 0010 C3F80421 		str	r2, [r3, #260]
1944:../../../firmware/n32h7xx_std_periph_driver/src/n32h7xx_xspi_v2.c **** }
 3462              		.loc 1 1944 1
 3463 0014 00BF     		nop
 3464 0016 0C37     		adds	r7, r7, #12
 3465              	.LCFI251:
 3466              		.cfi_def_cfa_offset 4
 3467 0018 BD46     		mov	sp, r7
 3468              	.LCFI252:
 3469              		.cfi_def_cfa_register 13
 3470              		@ sp needed
 3471 001a 80BC     		pop	{r7}
 3472              	.LCFI253:
 3473              		.cfi_restore 7
 3474              		.cfi_def_cfa_offset 0
 3475 001c 7047     		bx	lr
 3476              		.cfi_endproc
 3477              	.LFE177:
 3479              		.section	.text.XSPI_XIP_Slave_Select,"ax",%progbits
 3480              		.align	1
 3481              		.global	XSPI_XIP_Slave_Select
 3482              		.syntax unified
 3483              		.thumb
 3484              		.thumb_func
 3486              	XSPI_XIP_Slave_Select:
 3487              	.LFB178:
1945:../../../firmware/n32h7xx_std_periph_driver/src/n32h7xx_xspi_v2.c **** 
1946:../../../firmware/n32h7xx_std_periph_driver/src/n32h7xx_xspi_v2.c **** 
ARM GAS  /tmp/ccqjtRa8.s 			page 96


1947:../../../firmware/n32h7xx_std_periph_driver/src/n32h7xx_xspi_v2.c **** 
1948:../../../firmware/n32h7xx_std_periph_driver/src/n32h7xx_xspi_v2.c **** /**
1949:../../../firmware/n32h7xx_std_periph_driver/src/n32h7xx_xspi_v2.c **** *\*\name    XSPI_XIP_Slave_Select.
1950:../../../firmware/n32h7xx_std_periph_driver/src/n32h7xx_xspi_v2.c **** *\*\fun     XIP Mode Slave Select Enable.
1951:../../../firmware/n32h7xx_std_periph_driver/src/n32h7xx_xspi_v2.c **** *\*\param   Slave: 
1952:../../../firmware/n32h7xx_std_periph_driver/src/n32h7xx_xspi_v2.c **** *\*\          - XSPI_NO_SELECT_SLAVE
1953:../../../firmware/n32h7xx_std_periph_driver/src/n32h7xx_xspi_v2.c **** *\*\          - XSPI_SELECT_SLAVE_1
1954:../../../firmware/n32h7xx_std_periph_driver/src/n32h7xx_xspi_v2.c **** *\*\          - XSPI_SELECT_SLAVE_2
1955:../../../firmware/n32h7xx_std_periph_driver/src/n32h7xx_xspi_v2.c **** *\*\
1956:../../../firmware/n32h7xx_std_periph_driver/src/n32h7xx_xspi_v2.c **** *\*\return  none
1957:../../../firmware/n32h7xx_std_periph_driver/src/n32h7xx_xspi_v2.c **** **/
1958:../../../firmware/n32h7xx_std_periph_driver/src/n32h7xx_xspi_v2.c **** void XSPI_XIP_Slave_Select(XSPI_Module* xSPIx, uint32_t Slave)
1959:../../../firmware/n32h7xx_std_periph_driver/src/n32h7xx_xspi_v2.c **** {
 3488              		.loc 1 1959 1
 3489              		.cfi_startproc
 3490              		@ args = 0, pretend = 0, frame = 8
 3491              		@ frame_needed = 1, uses_anonymous_args = 0
 3492              		@ link register save eliminated.
 3493 0000 80B4     		push	{r7}
 3494              	.LCFI254:
 3495              		.cfi_def_cfa_offset 4
 3496              		.cfi_offset 7, -4
 3497 0002 83B0     		sub	sp, sp, #12
 3498              	.LCFI255:
 3499              		.cfi_def_cfa_offset 16
 3500 0004 00AF     		add	r7, sp, #0
 3501              	.LCFI256:
 3502              		.cfi_def_cfa_register 7
 3503 0006 7860     		str	r0, [r7, #4]
 3504 0008 3960     		str	r1, [r7]
1960:../../../firmware/n32h7xx_std_periph_driver/src/n32h7xx_xspi_v2.c ****     xSPIx->XIP_SLAVE_EN = Slave;
 3505              		.loc 1 1960 25
 3506 000a 7B68     		ldr	r3, [r7, #4]
 3507 000c 3A68     		ldr	r2, [r7]
 3508 000e C3F80C21 		str	r2, [r3, #268]
1961:../../../firmware/n32h7xx_std_periph_driver/src/n32h7xx_xspi_v2.c **** }
 3509              		.loc 1 1961 1
 3510 0012 00BF     		nop
 3511 0014 0C37     		adds	r7, r7, #12
 3512              	.LCFI257:
 3513              		.cfi_def_cfa_offset 4
 3514 0016 BD46     		mov	sp, r7
 3515              	.LCFI258:
 3516              		.cfi_def_cfa_register 13
 3517              		@ sp needed
 3518 0018 80BC     		pop	{r7}
 3519              	.LCFI259:
 3520              		.cfi_restore 7
 3521              		.cfi_def_cfa_offset 0
 3522 001a 7047     		bx	lr
 3523              		.cfi_endproc
 3524              	.LFE178:
 3526              		.section	.text.XSPI_SetXIPWriteIncrOpcode,"ax",%progbits
 3527              		.align	1
 3528              		.global	XSPI_SetXIPWriteIncrOpcode
 3529              		.syntax unified
 3530              		.thumb
ARM GAS  /tmp/ccqjtRa8.s 			page 97


 3531              		.thumb_func
 3533              	XSPI_SetXIPWriteIncrOpcode:
 3534              	.LFB179:
1962:../../../firmware/n32h7xx_std_periph_driver/src/n32h7xx_xspi_v2.c **** 
1963:../../../firmware/n32h7xx_std_periph_driver/src/n32h7xx_xspi_v2.c **** 
1964:../../../firmware/n32h7xx_std_periph_driver/src/n32h7xx_xspi_v2.c **** 
1965:../../../firmware/n32h7xx_std_periph_driver/src/n32h7xx_xspi_v2.c **** /**
1966:../../../firmware/n32h7xx_std_periph_driver/src/n32h7xx_xspi_v2.c **** *\*\name    XSPI_SetXIPReadIncrOpcode.
1967:../../../firmware/n32h7xx_std_periph_driver/src/n32h7xx_xspi_v2.c **** *\*\fun     Set the instruction op-code to be sent when an INCR type XIP Write transfer is requeste
1968:../../../firmware/n32h7xx_std_periph_driver/src/n32h7xx_xspi_v2.c **** *\*\param   opcode:  0x0000 ~ 0xFFFF
1969:../../../firmware/n32h7xx_std_periph_driver/src/n32h7xx_xspi_v2.c **** *\*\note    The effective length of the op-code is configured by XIP_CTRL.INSTL[1:0]
1970:../../../firmware/n32h7xx_std_periph_driver/src/n32h7xx_xspi_v2.c **** *\*\return  none
1971:../../../firmware/n32h7xx_std_periph_driver/src/n32h7xx_xspi_v2.c **** **/
1972:../../../firmware/n32h7xx_std_periph_driver/src/n32h7xx_xspi_v2.c **** void XSPI_SetXIPWriteIncrOpcode(XSPI_Module* xSPIx, uint16_t opcode)
1973:../../../firmware/n32h7xx_std_periph_driver/src/n32h7xx_xspi_v2.c **** {
 3535              		.loc 1 1973 1
 3536              		.cfi_startproc
 3537              		@ args = 0, pretend = 0, frame = 8
 3538              		@ frame_needed = 1, uses_anonymous_args = 0
 3539              		@ link register save eliminated.
 3540 0000 80B4     		push	{r7}
 3541              	.LCFI260:
 3542              		.cfi_def_cfa_offset 4
 3543              		.cfi_offset 7, -4
 3544 0002 83B0     		sub	sp, sp, #12
 3545              	.LCFI261:
 3546              		.cfi_def_cfa_offset 16
 3547 0004 00AF     		add	r7, sp, #0
 3548              	.LCFI262:
 3549              		.cfi_def_cfa_register 7
 3550 0006 7860     		str	r0, [r7, #4]
 3551 0008 0B46     		mov	r3, r1
 3552 000a 7B80     		strh	r3, [r7, #2]	@ movhi
1974:../../../firmware/n32h7xx_std_periph_driver/src/n32h7xx_xspi_v2.c ****     xSPIx->XIP_WRITE_INCR_INST = ((uint32_t)opcode);
 3553              		.loc 1 1974 35
 3554 000c 7A88     		ldrh	r2, [r7, #2]
 3555              		.loc 1 1974 32
 3556 000e 7B68     		ldr	r3, [r7, #4]
 3557 0010 C3F84021 		str	r2, [r3, #320]
1975:../../../firmware/n32h7xx_std_periph_driver/src/n32h7xx_xspi_v2.c **** }
 3558              		.loc 1 1975 1
 3559 0014 00BF     		nop
 3560 0016 0C37     		adds	r7, r7, #12
 3561              	.LCFI263:
 3562              		.cfi_def_cfa_offset 4
 3563 0018 BD46     		mov	sp, r7
 3564              	.LCFI264:
 3565              		.cfi_def_cfa_register 13
 3566              		@ sp needed
 3567 001a 80BC     		pop	{r7}
 3568              	.LCFI265:
 3569              		.cfi_restore 7
 3570              		.cfi_def_cfa_offset 0
 3571 001c 7047     		bx	lr
 3572              		.cfi_endproc
 3573              	.LFE179:
 3575              		.section	.text.XSPI_SetXIPWriteWrapOpcode,"ax",%progbits
ARM GAS  /tmp/ccqjtRa8.s 			page 98


 3576              		.align	1
 3577              		.global	XSPI_SetXIPWriteWrapOpcode
 3578              		.syntax unified
 3579              		.thumb
 3580              		.thumb_func
 3582              	XSPI_SetXIPWriteWrapOpcode:
 3583              	.LFB180:
1976:../../../firmware/n32h7xx_std_periph_driver/src/n32h7xx_xspi_v2.c **** 
1977:../../../firmware/n32h7xx_std_periph_driver/src/n32h7xx_xspi_v2.c **** 
1978:../../../firmware/n32h7xx_std_periph_driver/src/n32h7xx_xspi_v2.c **** /**
1979:../../../firmware/n32h7xx_std_periph_driver/src/n32h7xx_xspi_v2.c **** *\*\name    XSPI_SetXIPWriteWrapOpcode.
1980:../../../firmware/n32h7xx_std_periph_driver/src/n32h7xx_xspi_v2.c **** *\*\fun     Set the instruction op-code to be sent when an WRAP type XIP Write transfer is requeste
1981:../../../firmware/n32h7xx_std_periph_driver/src/n32h7xx_xspi_v2.c **** *\*\param   opcode:  0x0000 ~ 0xFFFF
1982:../../../firmware/n32h7xx_std_periph_driver/src/n32h7xx_xspi_v2.c **** *\*\note    The effective length of the op-code is configured by XIP_CTRL.INSTL[1:0]
1983:../../../firmware/n32h7xx_std_periph_driver/src/n32h7xx_xspi_v2.c **** *\*\return  none
1984:../../../firmware/n32h7xx_std_periph_driver/src/n32h7xx_xspi_v2.c **** **/
1985:../../../firmware/n32h7xx_std_periph_driver/src/n32h7xx_xspi_v2.c **** void XSPI_SetXIPWriteWrapOpcode(XSPI_Module* xSPIx, uint16_t opcode)
1986:../../../firmware/n32h7xx_std_periph_driver/src/n32h7xx_xspi_v2.c **** {
 3584              		.loc 1 1986 1
 3585              		.cfi_startproc
 3586              		@ args = 0, pretend = 0, frame = 8
 3587              		@ frame_needed = 1, uses_anonymous_args = 0
 3588              		@ link register save eliminated.
 3589 0000 80B4     		push	{r7}
 3590              	.LCFI266:
 3591              		.cfi_def_cfa_offset 4
 3592              		.cfi_offset 7, -4
 3593 0002 83B0     		sub	sp, sp, #12
 3594              	.LCFI267:
 3595              		.cfi_def_cfa_offset 16
 3596 0004 00AF     		add	r7, sp, #0
 3597              	.LCFI268:
 3598              		.cfi_def_cfa_register 7
 3599 0006 7860     		str	r0, [r7, #4]
 3600 0008 0B46     		mov	r3, r1
 3601 000a 7B80     		strh	r3, [r7, #2]	@ movhi
1987:../../../firmware/n32h7xx_std_periph_driver/src/n32h7xx_xspi_v2.c ****     xSPIx->XIP_WRITE_WRAP_INST = ((uint32_t)opcode);
 3602              		.loc 1 1987 35
 3603 000c 7A88     		ldrh	r2, [r7, #2]
 3604              		.loc 1 1987 32
 3605 000e 7B68     		ldr	r3, [r7, #4]
 3606 0010 C3F84421 		str	r2, [r3, #324]
1988:../../../firmware/n32h7xx_std_periph_driver/src/n32h7xx_xspi_v2.c **** }
 3607              		.loc 1 1988 1
 3608 0014 00BF     		nop
 3609 0016 0C37     		adds	r7, r7, #12
 3610              	.LCFI269:
 3611              		.cfi_def_cfa_offset 4
 3612 0018 BD46     		mov	sp, r7
 3613              	.LCFI270:
 3614              		.cfi_def_cfa_register 13
 3615              		@ sp needed
 3616 001a 80BC     		pop	{r7}
 3617              	.LCFI271:
 3618              		.cfi_restore 7
 3619              		.cfi_def_cfa_offset 0
 3620 001c 7047     		bx	lr
ARM GAS  /tmp/ccqjtRa8.s 			page 99


 3621              		.cfi_endproc
 3622              	.LFE180:
 3624              		.section	.text.XSPI_GetDataPointer,"ax",%progbits
 3625              		.align	1
 3626              		.global	XSPI_GetDataPointer
 3627              		.syntax unified
 3628              		.thumb
 3629              		.thumb_func
 3631              	XSPI_GetDataPointer:
 3632              	.LFB181:
1989:../../../firmware/n32h7xx_std_periph_driver/src/n32h7xx_xspi_v2.c **** 
1990:../../../firmware/n32h7xx_std_periph_driver/src/n32h7xx_xspi_v2.c **** 
1991:../../../firmware/n32h7xx_std_periph_driver/src/n32h7xx_xspi_v2.c **** /**
1992:../../../firmware/n32h7xx_std_periph_driver/src/n32h7xx_xspi_v2.c **** *\*\name    XSPIGetDataPointer.
1993:../../../firmware/n32h7xx_std_periph_driver/src/n32h7xx_xspi_v2.c **** *\*\fun     Get Pointer of XSPI DAT0 register.
1994:../../../firmware/n32h7xx_std_periph_driver/src/n32h7xx_xspi_v2.c **** *\*\return  The pointer of XSPI DAT0 register.
1995:../../../firmware/n32h7xx_std_periph_driver/src/n32h7xx_xspi_v2.c **** **/
1996:../../../firmware/n32h7xx_std_periph_driver/src/n32h7xx_xspi_v2.c **** uint32_t XSPI_GetDataPointer(XSPI_Module* xSPIx)
1997:../../../firmware/n32h7xx_std_periph_driver/src/n32h7xx_xspi_v2.c **** {
 3633              		.loc 1 1997 1
 3634              		.cfi_startproc
 3635              		@ args = 0, pretend = 0, frame = 8
 3636              		@ frame_needed = 1, uses_anonymous_args = 0
 3637              		@ link register save eliminated.
 3638 0000 80B4     		push	{r7}
 3639              	.LCFI272:
 3640              		.cfi_def_cfa_offset 4
 3641              		.cfi_offset 7, -4
 3642 0002 83B0     		sub	sp, sp, #12
 3643              	.LCFI273:
 3644              		.cfi_def_cfa_offset 16
 3645 0004 00AF     		add	r7, sp, #0
 3646              	.LCFI274:
 3647              		.cfi_def_cfa_register 7
 3648 0006 7860     		str	r0, [r7, #4]
1998:../../../firmware/n32h7xx_std_periph_driver/src/n32h7xx_xspi_v2.c ****     return (uint32_t)&xSPIx->DAT0;
 3649              		.loc 1 1998 22
 3650 0008 7B68     		ldr	r3, [r7, #4]
 3651 000a 6033     		adds	r3, r3, #96
1999:../../../firmware/n32h7xx_std_periph_driver/src/n32h7xx_xspi_v2.c **** }
 3652              		.loc 1 1999 1
 3653 000c 1846     		mov	r0, r3
 3654 000e 0C37     		adds	r7, r7, #12
 3655              	.LCFI275:
 3656              		.cfi_def_cfa_offset 4
 3657 0010 BD46     		mov	sp, r7
 3658              	.LCFI276:
 3659              		.cfi_def_cfa_register 13
 3660              		@ sp needed
 3661 0012 80BC     		pop	{r7}
 3662              	.LCFI277:
 3663              		.cfi_restore 7
 3664              		.cfi_def_cfa_offset 0
 3665 0014 7047     		bx	lr
 3666              		.cfi_endproc
 3667              	.LFE181:
 3669              		.section	.text.XSPI_SendData,"ax",%progbits
ARM GAS  /tmp/ccqjtRa8.s 			page 100


 3670              		.align	1
 3671              		.global	XSPI_SendData
 3672              		.syntax unified
 3673              		.thumb
 3674              		.thumb_func
 3676              	XSPI_SendData:
 3677              	.LFB182:
2000:../../../firmware/n32h7xx_std_periph_driver/src/n32h7xx_xspi_v2.c **** 
2001:../../../firmware/n32h7xx_std_periph_driver/src/n32h7xx_xspi_v2.c **** /**
2002:../../../firmware/n32h7xx_std_periph_driver/src/n32h7xx_xspi_v2.c **** *\*\name    XSPI_SendData.
2003:../../../firmware/n32h7xx_std_periph_driver/src/n32h7xx_xspi_v2.c **** *\*\fun     Write one data direct to XSPI DAT register to send.
2004:../../../firmware/n32h7xx_std_periph_driver/src/n32h7xx_xspi_v2.c **** *\*\param   SendData:
2005:../../../firmware/n32h7xx_std_periph_driver/src/n32h7xx_xspi_v2.c **** *\*\          - data to be send
2006:../../../firmware/n32h7xx_std_periph_driver/src/n32h7xx_xspi_v2.c **** *\*\return  none
2007:../../../firmware/n32h7xx_std_periph_driver/src/n32h7xx_xspi_v2.c **** **/
2008:../../../firmware/n32h7xx_std_periph_driver/src/n32h7xx_xspi_v2.c **** void XSPI_SendData(XSPI_Module* xSPIx, uint32_t SendData)
2009:../../../firmware/n32h7xx_std_periph_driver/src/n32h7xx_xspi_v2.c **** {
 3678              		.loc 1 2009 1
 3679              		.cfi_startproc
 3680              		@ args = 0, pretend = 0, frame = 8
 3681              		@ frame_needed = 1, uses_anonymous_args = 0
 3682              		@ link register save eliminated.
 3683 0000 80B4     		push	{r7}
 3684              	.LCFI278:
 3685              		.cfi_def_cfa_offset 4
 3686              		.cfi_offset 7, -4
 3687 0002 83B0     		sub	sp, sp, #12
 3688              	.LCFI279:
 3689              		.cfi_def_cfa_offset 16
 3690 0004 00AF     		add	r7, sp, #0
 3691              	.LCFI280:
 3692              		.cfi_def_cfa_register 7
 3693 0006 7860     		str	r0, [r7, #4]
 3694 0008 3960     		str	r1, [r7]
2010:../../../firmware/n32h7xx_std_periph_driver/src/n32h7xx_xspi_v2.c ****     /* Write in the DAT0 register the data to be sent */
2011:../../../firmware/n32h7xx_std_periph_driver/src/n32h7xx_xspi_v2.c ****     xSPIx->DAT0 = SendData;
 3695              		.loc 1 2011 17
 3696 000a 7B68     		ldr	r3, [r7, #4]
 3697 000c 3A68     		ldr	r2, [r7]
 3698 000e 1A66     		str	r2, [r3, #96]
2012:../../../firmware/n32h7xx_std_periph_driver/src/n32h7xx_xspi_v2.c **** }
 3699              		.loc 1 2012 1
 3700 0010 00BF     		nop
 3701 0012 0C37     		adds	r7, r7, #12
 3702              	.LCFI281:
 3703              		.cfi_def_cfa_offset 4
 3704 0014 BD46     		mov	sp, r7
 3705              	.LCFI282:
 3706              		.cfi_def_cfa_register 13
 3707              		@ sp needed
 3708 0016 80BC     		pop	{r7}
 3709              	.LCFI283:
 3710              		.cfi_restore 7
 3711              		.cfi_def_cfa_offset 0
 3712 0018 7047     		bx	lr
 3713              		.cfi_endproc
 3714              	.LFE182:
ARM GAS  /tmp/ccqjtRa8.s 			page 101


 3716              		.section	.text.XSPI_ReceiveData,"ax",%progbits
 3717              		.align	1
 3718              		.global	XSPI_ReceiveData
 3719              		.syntax unified
 3720              		.thumb
 3721              		.thumb_func
 3723              	XSPI_ReceiveData:
 3724              	.LFB183:
2013:../../../firmware/n32h7xx_std_periph_driver/src/n32h7xx_xspi_v2.c **** 
2014:../../../firmware/n32h7xx_std_periph_driver/src/n32h7xx_xspi_v2.c **** 
2015:../../../firmware/n32h7xx_std_periph_driver/src/n32h7xx_xspi_v2.c **** /**
2016:../../../firmware/n32h7xx_std_periph_driver/src/n32h7xx_xspi_v2.c **** *\*\name    XSPI_ReceiveData.
2017:../../../firmware/n32h7xx_std_periph_driver/src/n32h7xx_xspi_v2.c **** *\*\fun     Read one data from XSPI DAT0 register.
2018:../../../firmware/n32h7xx_std_periph_driver/src/n32h7xx_xspi_v2.c **** *\*\return  The value of XSPI DAT0 register.
2019:../../../firmware/n32h7xx_std_periph_driver/src/n32h7xx_xspi_v2.c **** **/
2020:../../../firmware/n32h7xx_std_periph_driver/src/n32h7xx_xspi_v2.c **** uint32_t XSPI_ReceiveData(XSPI_Module* xSPIx)
2021:../../../firmware/n32h7xx_std_periph_driver/src/n32h7xx_xspi_v2.c **** {
 3725              		.loc 1 2021 1
 3726              		.cfi_startproc
 3727              		@ args = 0, pretend = 0, frame = 8
 3728              		@ frame_needed = 1, uses_anonymous_args = 0
 3729              		@ link register save eliminated.
 3730 0000 80B4     		push	{r7}
 3731              	.LCFI284:
 3732              		.cfi_def_cfa_offset 4
 3733              		.cfi_offset 7, -4
 3734 0002 83B0     		sub	sp, sp, #12
 3735              	.LCFI285:
 3736              		.cfi_def_cfa_offset 16
 3737 0004 00AF     		add	r7, sp, #0
 3738              	.LCFI286:
 3739              		.cfi_def_cfa_register 7
 3740 0006 7860     		str	r0, [r7, #4]
2022:../../../firmware/n32h7xx_std_periph_driver/src/n32h7xx_xspi_v2.c ****     /* Return the data in the DAT0 register */
2023:../../../firmware/n32h7xx_std_periph_driver/src/n32h7xx_xspi_v2.c ****     return xSPIx->DAT0;
 3741              		.loc 1 2023 17
 3742 0008 7B68     		ldr	r3, [r7, #4]
 3743 000a 1B6E     		ldr	r3, [r3, #96]
2024:../../../firmware/n32h7xx_std_periph_driver/src/n32h7xx_xspi_v2.c **** }
 3744              		.loc 1 2024 1
 3745 000c 1846     		mov	r0, r3
 3746 000e 0C37     		adds	r7, r7, #12
 3747              	.LCFI287:
 3748              		.cfi_def_cfa_offset 4
 3749 0010 BD46     		mov	sp, r7
 3750              	.LCFI288:
 3751              		.cfi_def_cfa_register 13
 3752              		@ sp needed
 3753 0012 80BC     		pop	{r7}
 3754              	.LCFI289:
 3755              		.cfi_restore 7
 3756              		.cfi_def_cfa_offset 0
 3757 0014 7047     		bx	lr
 3758              		.cfi_endproc
 3759              	.LFE183:
 3761              		.section	.text.XSPI_ClearRxFIFO,"ax",%progbits
 3762              		.align	1
ARM GAS  /tmp/ccqjtRa8.s 			page 102


 3763              		.global	XSPI_ClearRxFIFO
 3764              		.syntax unified
 3765              		.thumb
 3766              		.thumb_func
 3768              	XSPI_ClearRxFIFO:
 3769              	.LFB184:
2025:../../../firmware/n32h7xx_std_periph_driver/src/n32h7xx_xspi_v2.c **** 
2026:../../../firmware/n32h7xx_std_periph_driver/src/n32h7xx_xspi_v2.c **** 
2027:../../../firmware/n32h7xx_std_periph_driver/src/n32h7xx_xspi_v2.c **** /**
2028:../../../firmware/n32h7xx_std_periph_driver/src/n32h7xx_xspi_v2.c **** *\*\name    XSPI_ClearRxFIFO.
2029:../../../firmware/n32h7xx_std_periph_driver/src/n32h7xx_xspi_v2.c **** *\*\fun     Clear RX FIFO
2030:../../../firmware/n32h7xx_std_periph_driver/src/n32h7xx_xspi_v2.c **** *\*\return  none
2031:../../../firmware/n32h7xx_std_periph_driver/src/n32h7xx_xspi_v2.c **** **/
2032:../../../firmware/n32h7xx_std_periph_driver/src/n32h7xx_xspi_v2.c **** void XSPI_ClearRxFIFO(XSPI_Module* xSPIx)
2033:../../../firmware/n32h7xx_std_periph_driver/src/n32h7xx_xspi_v2.c **** {
 3770              		.loc 1 2033 1
 3771              		.cfi_startproc
 3772              		@ args = 0, pretend = 0, frame = 16
 3773              		@ frame_needed = 1, uses_anonymous_args = 0
 3774              		@ link register save eliminated.
 3775 0000 80B4     		push	{r7}
 3776              	.LCFI290:
 3777              		.cfi_def_cfa_offset 4
 3778              		.cfi_offset 7, -4
 3779 0002 85B0     		sub	sp, sp, #20
 3780              	.LCFI291:
 3781              		.cfi_def_cfa_offset 24
 3782 0004 00AF     		add	r7, sp, #0
 3783              	.LCFI292:
 3784              		.cfi_def_cfa_register 7
 3785 0006 7860     		str	r0, [r7, #4]
2034:../../../firmware/n32h7xx_std_periph_driver/src/n32h7xx_xspi_v2.c ****     volatile uint32_t dummy = 0U;
 3786              		.loc 1 2034 23
 3787 0008 0023     		movs	r3, #0
 3788 000a FB60     		str	r3, [r7, #12]
2035:../../../firmware/n32h7xx_std_periph_driver/src/n32h7xx_xspi_v2.c **** 
2036:../../../firmware/n32h7xx_std_periph_driver/src/n32h7xx_xspi_v2.c ****     /* Poll the RXFNE flag to completely clear the receive FIFO */
2037:../../../firmware/n32h7xx_std_periph_driver/src/n32h7xx_xspi_v2.c ****     while (xSPIx->STS & XSPI_V2_STS_RXFNE)
 3789              		.loc 1 2037 11
 3790 000c 02E0     		b	.L129
 3791              	.L130:
2038:../../../firmware/n32h7xx_std_periph_driver/src/n32h7xx_xspi_v2.c ****     {
2039:../../../firmware/n32h7xx_std_periph_driver/src/n32h7xx_xspi_v2.c ****         dummy = xSPIx->DAT0;
 3792              		.loc 1 2039 22
 3793 000e 7B68     		ldr	r3, [r7, #4]
 3794 0010 1B6E     		ldr	r3, [r3, #96]
 3795              		.loc 1 2039 15
 3796 0012 FB60     		str	r3, [r7, #12]
 3797              	.L129:
2037:../../../firmware/n32h7xx_std_periph_driver/src/n32h7xx_xspi_v2.c ****     {
 3798              		.loc 1 2037 17
 3799 0014 7B68     		ldr	r3, [r7, #4]
 3800 0016 9B6A     		ldr	r3, [r3, #40]
2037:../../../firmware/n32h7xx_std_periph_driver/src/n32h7xx_xspi_v2.c ****     {
 3801              		.loc 1 2037 23
 3802 0018 03F00803 		and	r3, r3, #8
2037:../../../firmware/n32h7xx_std_periph_driver/src/n32h7xx_xspi_v2.c ****     {
ARM GAS  /tmp/ccqjtRa8.s 			page 103


 3803              		.loc 1 2037 12
 3804 001c 002B     		cmp	r3, #0
 3805 001e F6D1     		bne	.L130
2040:../../../firmware/n32h7xx_std_periph_driver/src/n32h7xx_xspi_v2.c ****     }
2041:../../../firmware/n32h7xx_std_periph_driver/src/n32h7xx_xspi_v2.c **** }
 3806              		.loc 1 2041 1
 3807 0020 00BF     		nop
 3808 0022 00BF     		nop
 3809 0024 1437     		adds	r7, r7, #20
 3810              	.LCFI293:
 3811              		.cfi_def_cfa_offset 4
 3812 0026 BD46     		mov	sp, r7
 3813              	.LCFI294:
 3814              		.cfi_def_cfa_register 13
 3815              		@ sp needed
 3816 0028 80BC     		pop	{r7}
 3817              	.LCFI295:
 3818              		.cfi_restore 7
 3819              		.cfi_def_cfa_offset 0
 3820 002a 7047     		bx	lr
 3821              		.cfi_endproc
 3822              	.LFE184:
 3824              		.text
 3825              	.Letext0:
 3826              		.file 2 "/usr/lib/gcc/arm-none-eabi/13.2.1/include/stdint.h"
 3827              		.file 3 "../../../firmware/CMSIS/device/n32h7xx.h"
 3828              		.file 4 "../../../firmware/n32h7xx_std_periph_driver/inc/n32h7xx_xspi_v2.h"
 3829              		.file 5 "../../../firmware/n32h7xx_std_periph_driver/inc/n32h7xx_rcc.h"
ARM GAS  /tmp/ccqjtRa8.s 			page 104


DEFINED SYMBOLS
                            *ABS*:00000000 n32h7xx_xspi_v2.c
     /tmp/ccqjtRa8.s:19     .text.XSPI_DeInit:00000000 $t
     /tmp/ccqjtRa8.s:25     .text.XSPI_DeInit:00000000 XSPI_DeInit
     /tmp/ccqjtRa8.s:52     .text.XSPI_InitBase:00000000 $t
     /tmp/ccqjtRa8.s:58     .text.XSPI_InitBase:00000000 XSPI_InitBase
     /tmp/ccqjtRa8.s:220    .text.XSPI_InitBase:000000c8 $d
     /tmp/ccqjtRa8.s:226    .text.XSPI_StructBaseInit:00000000 $t
     /tmp/ccqjtRa8.s:232    .text.XSPI_StructBaseInit:00000000 XSPI_StructBaseInit
     /tmp/ccqjtRa8.s:312    .text.XSPI_InitEnhanced:00000000 $t
     /tmp/ccqjtRa8.s:318    .text.XSPI_InitEnhanced:00000000 XSPI_InitEnhanced
     /tmp/ccqjtRa8.s:526    .text.XSPI_InitEnhanced:00000108 $d
     /tmp/ccqjtRa8.s:532    .text.XSPI_InitEnhancedStruct:00000000 $t
     /tmp/ccqjtRa8.s:538    .text.XSPI_InitEnhancedStruct:00000000 XSPI_InitEnhancedStruct
     /tmp/ccqjtRa8.s:646    .text.XSPI_InitXIP:00000000 $t
     /tmp/ccqjtRa8.s:652    .text.XSPI_InitXIP:00000000 XSPI_InitXIP
     /tmp/ccqjtRa8.s:1041   .text.XSPI_InitXIP:00000210 $d
     /tmp/ccqjtRa8.s:1048   .text.XSPI_InitXIPStruct:00000000 $t
     /tmp/ccqjtRa8.s:1054   .text.XSPI_InitXIPStruct:00000000 XSPI_InitXIPStruct
     /tmp/ccqjtRa8.s:1174   .text.XSPI_InitHyperbus:00000000 $t
     /tmp/ccqjtRa8.s:1180   .text.XSPI_InitHyperbus:00000000 XSPI_InitHyperbus
     /tmp/ccqjtRa8.s:1440   .text.XSPI_InitHyperbus:0000017c $d
     /tmp/ccqjtRa8.s:1449   .text.XSPI_InitHyperbusStruct:00000000 $t
     /tmp/ccqjtRa8.s:1455   .text.XSPI_InitHyperbusStruct:00000000 XSPI_InitHyperbusStruct
     /tmp/ccqjtRa8.s:1531   .text.XSPI_EnableClockStrech:00000000 $t
     /tmp/ccqjtRa8.s:1537   .text.XSPI_EnableClockStrech:00000000 XSPI_EnableClockStrech
     /tmp/ccqjtRa8.s:1610   .text.XSPI_EnableDataMask:00000000 $t
     /tmp/ccqjtRa8.s:1616   .text.XSPI_EnableDataMask:00000000 XSPI_EnableDataMask
     /tmp/ccqjtRa8.s:1689   .text.XSPI_EnableHyperbus:00000000 $t
     /tmp/ccqjtRa8.s:1695   .text.XSPI_EnableHyperbus:00000000 XSPI_EnableHyperbus
     /tmp/ccqjtRa8.s:1755   .text.XSPI_EnableXIPHyperbusRead:00000000 $t
     /tmp/ccqjtRa8.s:1761   .text.XSPI_EnableXIPHyperbusRead:00000000 XSPI_EnableXIPHyperbusRead
     /tmp/ccqjtRa8.s:1821   .text.XSPI_EnableXIPHyperbusWrite:00000000 $t
     /tmp/ccqjtRa8.s:1827   .text.XSPI_EnableXIPHyperbusWrite:00000000 XSPI_EnableXIPHyperbusWrite
     /tmp/ccqjtRa8.s:1887   .text.XSPI_SetNumberOfDataFrame:00000000 $t
     /tmp/ccqjtRa8.s:1893   .text.XSPI_SetNumberOfDataFrame:00000000 XSPI_SetNumberOfDataFrame
     /tmp/ccqjtRa8.s:1948   .text.XSPI_Enable:00000000 $t
     /tmp/ccqjtRa8.s:1954   .text.XSPI_Enable:00000000 XSPI_Enable
     /tmp/ccqjtRa8.s:2014   .text.XSPI_Slave_Select:00000000 $t
     /tmp/ccqjtRa8.s:2020   .text.XSPI_Slave_Select:00000000 XSPI_Slave_Select
     /tmp/ccqjtRa8.s:2061   .text.XSPI_SetTXStartFIFOThreshold:00000000 $t
     /tmp/ccqjtRa8.s:2067   .text.XSPI_SetTXStartFIFOThreshold:00000000 XSPI_SetTXStartFIFOThreshold
     /tmp/ccqjtRa8.s:2123   .text.XSPI_GetTXStartFIFOThreshold:00000000 $t
     /tmp/ccqjtRa8.s:2129   .text.XSPI_GetTXStartFIFOThreshold:00000000 XSPI_GetTXStartFIFOThreshold
     /tmp/ccqjtRa8.s:2174   .text.XSPI_SetTXFIFOEmptyThreshold:00000000 $t
     /tmp/ccqjtRa8.s:2180   .text.XSPI_SetTXFIFOEmptyThreshold:00000000 XSPI_SetTXFIFOEmptyThreshold
     /tmp/ccqjtRa8.s:2234   .text.XSPI_GetTXFIFOEmptyThreshold:00000000 $t
     /tmp/ccqjtRa8.s:2240   .text.XSPI_GetTXFIFOEmptyThreshold:00000000 XSPI_GetTXFIFOEmptyThreshold
     /tmp/ccqjtRa8.s:2283   .text.XSPI_SetRXFIFOFullThreshold:00000000 $t
     /tmp/ccqjtRa8.s:2289   .text.XSPI_SetRXFIFOFullThreshold:00000000 XSPI_SetRXFIFOFullThreshold
     /tmp/ccqjtRa8.s:2330   .text.XSPI_GetRXFIFOFullThreshold:00000000 $t
     /tmp/ccqjtRa8.s:2336   .text.XSPI_GetRXFIFOFullThreshold:00000000 XSPI_GetRXFIFOFullThreshold
     /tmp/ccqjtRa8.s:2377   .text.XSPI_GetTXFIFODataNum:00000000 $t
     /tmp/ccqjtRa8.s:2383   .text.XSPI_GetTXFIFODataNum:00000000 XSPI_GetTXFIFODataNum
     /tmp/ccqjtRa8.s:2424   .text.XSPI_GetRXFIFODataNum:00000000 $t
     /tmp/ccqjtRa8.s:2430   .text.XSPI_GetRXFIFODataNum:00000000 XSPI_GetRXFIFODataNum
     /tmp/ccqjtRa8.s:2471   .text.XSPI_GetFlagStatus:00000000 $t
ARM GAS  /tmp/ccqjtRa8.s 			page 105


     /tmp/ccqjtRa8.s:2477   .text.XSPI_GetFlagStatus:00000000 XSPI_GetFlagStatus
     /tmp/ccqjtRa8.s:2534   .text.XSPI_GetDMACompletedDataFrameNum:00000000 $t
     /tmp/ccqjtRa8.s:2540   .text.XSPI_GetDMACompletedDataFrameNum:00000000 XSPI_GetDMACompletedDataFrameNum
     /tmp/ccqjtRa8.s:2582   .text.XSPI_DisbaleAllInt:00000000 $t
     /tmp/ccqjtRa8.s:2588   .text.XSPI_DisbaleAllInt:00000000 XSPI_DisbaleAllInt
     /tmp/ccqjtRa8.s:2628   .text.XSPI_EnableInt:00000000 $t
     /tmp/ccqjtRa8.s:2634   .text.XSPI_EnableInt:00000000 XSPI_EnableInt
     /tmp/ccqjtRa8.s:2706   .text.XSPI_GetINTStatus:00000000 $t
     /tmp/ccqjtRa8.s:2712   .text.XSPI_GetINTStatus:00000000 XSPI_GetINTStatus
     /tmp/ccqjtRa8.s:2781   .text.XSPI_GetINTRawStatus:00000000 $t
     /tmp/ccqjtRa8.s:2787   .text.XSPI_GetINTRawStatus:00000000 XSPI_GetINTRawStatus
     /tmp/ccqjtRa8.s:2856   .text.XSPI_ClrITPendingBit:00000000 $t
     /tmp/ccqjtRa8.s:2862   .text.XSPI_ClrITPendingBit:00000000 XSPI_ClrITPendingBit
     /tmp/ccqjtRa8.s:2928   .text.XSPI_ClrITAllPendingBit:00000000 $t
     /tmp/ccqjtRa8.s:2934   .text.XSPI_ClrITAllPendingBit:00000000 XSPI_ClrITAllPendingBit
     /tmp/ccqjtRa8.s:2978   .text.XSPI_EnableDma:00000000 $t
     /tmp/ccqjtRa8.s:2984   .text.XSPI_EnableDma:00000000 XSPI_EnableDma
     /tmp/ccqjtRa8.s:3051   .text.XSPI_SetDMATxFIFOThreshold:00000000 $t
     /tmp/ccqjtRa8.s:3057   .text.XSPI_SetDMATxFIFOThreshold:00000000 XSPI_SetDMATxFIFOThreshold
     /tmp/ccqjtRa8.s:3098   .text.XSPI_GetDMATxFIFOThreshold:00000000 $t
     /tmp/ccqjtRa8.s:3104   .text.XSPI_GetDMATxFIFOThreshold:00000000 XSPI_GetDMATxFIFOThreshold
     /tmp/ccqjtRa8.s:3147   .text.XSPI_SetDMARxFIFOThreshold:00000000 $t
     /tmp/ccqjtRa8.s:3153   .text.XSPI_SetDMARxFIFOThreshold:00000000 XSPI_SetDMARxFIFOThreshold
     /tmp/ccqjtRa8.s:3194   .text.XSPI_GetDMARxFIFOThreshold:00000000 $t
     /tmp/ccqjtRa8.s:3200   .text.XSPI_GetDMARxFIFOThreshold:00000000 XSPI_GetDMARxFIFOThreshold
     /tmp/ccqjtRa8.s:3243   .text.XSPI_GetIdentification:00000000 $t
     /tmp/ccqjtRa8.s:3249   .text.XSPI_GetIdentification:00000000 XSPI_GetIdentification
     /tmp/ccqjtRa8.s:3288   .text.XSPI_GetComponentVersion:00000000 $t
     /tmp/ccqjtRa8.s:3294   .text.XSPI_GetComponentVersion:00000000 XSPI_GetComponentVersion
     /tmp/ccqjtRa8.s:3333   .text.XSPI_SetXIPModeBit:00000000 $t
     /tmp/ccqjtRa8.s:3339   .text.XSPI_SetXIPModeBit:00000000 XSPI_SetXIPModeBit
     /tmp/ccqjtRa8.s:3382   .text.XSPI_SetXIPReadIncrOpcode:00000000 $t
     /tmp/ccqjtRa8.s:3388   .text.XSPI_SetXIPReadIncrOpcode:00000000 XSPI_SetXIPReadIncrOpcode
     /tmp/ccqjtRa8.s:3431   .text.XSPI_SetXIPReadWrapOpcode:00000000 $t
     /tmp/ccqjtRa8.s:3437   .text.XSPI_SetXIPReadWrapOpcode:00000000 XSPI_SetXIPReadWrapOpcode
     /tmp/ccqjtRa8.s:3480   .text.XSPI_XIP_Slave_Select:00000000 $t
     /tmp/ccqjtRa8.s:3486   .text.XSPI_XIP_Slave_Select:00000000 XSPI_XIP_Slave_Select
     /tmp/ccqjtRa8.s:3527   .text.XSPI_SetXIPWriteIncrOpcode:00000000 $t
     /tmp/ccqjtRa8.s:3533   .text.XSPI_SetXIPWriteIncrOpcode:00000000 XSPI_SetXIPWriteIncrOpcode
     /tmp/ccqjtRa8.s:3576   .text.XSPI_SetXIPWriteWrapOpcode:00000000 $t
     /tmp/ccqjtRa8.s:3582   .text.XSPI_SetXIPWriteWrapOpcode:00000000 XSPI_SetXIPWriteWrapOpcode
     /tmp/ccqjtRa8.s:3625   .text.XSPI_GetDataPointer:00000000 $t
     /tmp/ccqjtRa8.s:3631   .text.XSPI_GetDataPointer:00000000 XSPI_GetDataPointer
     /tmp/ccqjtRa8.s:3670   .text.XSPI_SendData:00000000 $t
     /tmp/ccqjtRa8.s:3676   .text.XSPI_SendData:00000000 XSPI_SendData
     /tmp/ccqjtRa8.s:3717   .text.XSPI_ReceiveData:00000000 $t
     /tmp/ccqjtRa8.s:3723   .text.XSPI_ReceiveData:00000000 XSPI_ReceiveData
     /tmp/ccqjtRa8.s:3762   .text.XSPI_ClearRxFIFO:00000000 $t
     /tmp/ccqjtRa8.s:3768   .text.XSPI_ClearRxFIFO:00000000 XSPI_ClearRxFIFO

UNDEFINED SYMBOLS
RCC_EnableAXIPeriphReset4
